Ticker,CIK,Company,Exchange,Country,Currency,Sector,Industry,MarketCap,Price,UpdatedAt,BidPrice,AskPrice,BidSize,AskSize,AfterHoursVolume,QuoteTimestamp,Spread,SpreadPct
JKS,0001481513,"JinkoSolar Holding Co., Ltd.",NYSE,CN,USD,Energy,Solar,320830388.0,24.725,2025-12-08T16:59:49.484105,24.57,24.9,100.0,1100.0,111952.0,2025-12-08T16:57:03Z,0.3299999999999983,1.3341419041843474
NOAH,0001499543,Noah Holdings Limited,NYSE,CN,USD,Financial Services,Asset Management,147728303.0,10.54,2025-12-08T16:59:49.730165,10.52,10.56,143.0,1.0,96306.0,2025-12-08T16:59:45Z,0.040000000000000924,0.37950664136623274
WDH,0001823986,Waterdrop Inc.,NYSE,CN,USD,Financial Services,Insurance - Diversified,61854640.0,1.71,2025-12-08T16:59:49.945047,1.7,1.72,700.0,400.0,426742.0,2025-12-08T16:59:53Z,0.020000000000000018,1.1695906432748548
MSC,0001713334,Studio City International Holdings Limited,NYSE,HK,USD,Consumer Cyclical,"Gambling, Resorts & Casinos",163699943.0,3.4,2025-12-08T16:59:49.945122,3.32,3.4,100.0,209.0,893.0,2025-12-08T16:49:49Z,0.08000000000000007,2.380952380952383
IVVD,0001832038,"Invivyd, Inc.",NASDAQ,US,USD,Healthcare,Biotechnology,319214308.0,2.405,2025-12-08T16:59:49.948046,2.4,2.41,1623.0,1150.0,1422593.0,2025-12-08T16:59:46Z,0.010000000000000231,0.41580041580042537
XNET,0001510593,Xunlei Limited,NASDAQ,CN,USD,Communication Services,Advertising Agencies,88958521.0,7.11,2025-12-08T16:59:49.949768,7.11,7.14,10.0,14.0,128393.0,2025-12-08T16:59:44Z,0.02999999999999936,0.4210526315789384
OPAL,0001842279,OPAL Fuels Inc.,NASDAQ,US,USD,Utilities,Regulated Gas,74230213.0,2.56,2025-12-08T16:59:49.949976,2.56,2.57,21.0,3.0,240454.0,2025-12-08T16:59:54Z,0.009999999999999787,0.3898635477582763
CGC,0001737927,Canopy Growth Corporation,NASDAQ,CA,USD,Healthcare,Drug Manufacturers - Specialty & Generic,267358416.0,1.115,2025-12-08T16:59:49.950128,1.11,1.12,64912.0,13242.0,6261401.0,2025-12-08T16:59:43Z,0.010000000000000009,0.8968609865470859
NEXN,0001849396,Nexxen International Ltd.,NASDAQ,IL,USD,Communication Services,Advertising Agencies,200334739.0,6.525,2025-12-08T16:59:49.951216,6.52,6.53,2.0,1.0,63932.0,2025-12-08T16:58:51Z,0.010000000000000675,0.15325670498085323
MBVI,0002073928,M3-Brigade Acquisition VI Corp. Class A Ordinary Shares,NASDAQ,US,USD,Financial Services,Asset Management,346725000.0,10.05,2025-12-08T16:59:49.951777,10.05,10.15,1.0,1.0,1001.0,2025-12-08T14:30:05Z,0.09999999999999964,0.9900990099009864
MOV,0000072573,"Movado Group, Inc.",NYSE,US,USD,Consumer Cyclical,Luxury Goods,328310039.0,20.935,2025-12-08T16:59:49.951995,20.87,21.04,100.0,300.0,52501.0,2025-12-08T16:56:53Z,0.16999999999999815,0.8112622285850545
RMAX,0001581091,"RE/MAX Holdings, Inc.",NYSE,US,USD,Real Estate,Real Estate - Services,161344358.0,8.045,2025-12-08T16:59:49.952565,8.01,8.05,35.0,7.0,35695.0,2025-12-08T16:50:57Z,0.040000000000000924,0.4981320049813315
ZEPP,0001720446,Zepp Health Corporation,NYSE,CN,USD,Technology,Consumer Electronics,109872822.0,27.565,2025-12-08T16:59:49.952740,27.65,27.91,400.0,100.0,58194.0,2025-12-08T16:56:45Z,0.26000000000000156,0.9359251259899264
AXG,0001414040,Solowin Holdings Ordinary Share,NASDAQ,HK,USD,Financial Services,Financial - Capital Markets,163078150.0,3.325,2025-12-08T16:59:49.953207,3.28,3.37,1.0,2.0,348280.0,2025-12-08T16:59:56Z,0.0900000000000003,2.7067669172932423
GIW,0002080019,GigCapital8 Corp.,NASDAQ,US,USD,Financial Services,Asset Management,254010488.0,9.9,2025-12-08T16:59:49.953658,9.89,9.9,5600.0,7238.0,558.0,2025-12-08T16:40:57Z,0.009999999999999787,0.10106114199090234
GLOO,0002069785,"Gloo Holdings, Inc.",NASDAQ,US,USD,Technology,Software - Application,195557606.0,7.93,2025-12-08T16:59:49.954299,7.85,7.96,40.0,10.0,41029.0,2025-12-08T16:59:52Z,0.11000000000000032,1.3915243516761586
TLNC,0002073340,Talon Capital Corp. Class A Ordinary Shares,NASDAQ,US,USD,Financial Services,Asset Management,345393903.0,10.15,2025-12-08T16:59:49.956583,10.03,10.21,2.0,2.0,206.0,2025-12-08T15:47:30Z,0.1800000000000015,1.778656126482228
NPB,0001336706,"Northpointe Bancshares, Inc.",NYSE,US,USD,Financial Services,Banks - Regional,262366699.0,17.56,2025-12-08T16:59:49.957392,17.54,17.6,800.0,700.0,41319.0,2025-12-08T16:59:21Z,0.060000000000002274,0.3414911781445775
YRD,0001631761,Yiren Digital Ltd.,NYSE,CN,USD,Financial Services,Financial - Credit Services,193429369.0,4.45,2025-12-08T16:59:50.152661,4.41,4.45,100.0,100.0,22376.0,2025-12-08T16:49:46Z,0.040000000000000036,0.9029345372460504
CARL,0001794546,"CARLSMED, INC.",NASDAQ,US,USD,Healthcare,Medical - Healthcare Information Services,335336570.0,12.61,2025-12-08T16:59:50.153009,12.55,12.67,100.0,113.0,33094.0,2025-12-08T16:59:34Z,0.11999999999999922,0.951625693893729
BKKT,0001820302,"Bakkt Holdings, Inc.",NYSE,US,USD,Technology,Software - Infrastructure,207063630.0,12.995,2025-12-08T16:59:50.153238,12.84,13.05,500.0,400.0,923570.0,2025-12-08T16:59:52Z,0.21000000000000085,1.6222479721900411
CHOW,0002041829,ChowChow Cloud International Ho,AMEX,HK,USD,Technology,Information Technology Services,336960013.0,9.6,2025-12-08T16:59:50.153538,9.59,9.6,17700.0,7600.0,4519986.0,2025-12-08T16:59:48Z,0.009999999999999787,0.10422094841062834
XRX,0001770450,Xerox Holdings Corporation,NASDAQ,US,USD,Technology,Information Technology Services,332353341.0,2.6461,2025-12-08T16:59:50.153565,2.64,2.65,3856.0,700.0,618361.0,2025-12-08T16:59:55Z,0.009999999999999787,0.37807183364838515
TBRG,0001169445,"TruBridge, Inc.",NASDAQ,US,USD,Healthcare,Medical - Healthcare Information Services,345463332.0,23.0171,2025-12-08T16:59:50.153658,22.96,23.16,11.0,100.0,10282.0,2025-12-08T16:50:08Z,0.1999999999999993,0.8673026886383316
LXFR,0001096056,Luxfer Holdings PLC,NYSE,US,USD,Industrials,Industrial - Machinery,344635147.0,12.885,2025-12-08T16:59:50.153793,12.84,12.9,175.0,243.0,32878.0,2025-12-08T16:59:57Z,0.0600000000000005,0.46620046620047
MEC,0001766368,"Mayville Engineering Company, Inc.",NYSE,US,USD,Industrials,Manufacturing - Metal Fabrication,345818657.0,17.02,2025-12-08T16:59:50.153921,16.97,17.06,100.0,20.0,28963.0,2025-12-08T16:59:55Z,0.08999999999999986,0.5289450484866286
AMRN,0000897448,Amarin Corporation plc,NASDAQ,IE,USD,Healthcare,Biotechnology,318618133.0,15.405,2025-12-08T16:59:50.153973,15.31,15.44,100.0,26.0,71944.0,2025-12-08T16:51:00Z,0.129999999999999,0.8455284552845465
HDSN,0000925528,"Hudson Technologies, Inc.",NASDAQ,US,USD,Basic Materials,Chemicals - Specialty,314997009.0,7.225,2025-12-08T16:59:50.154104,7.21,7.24,28.0,85.0,162354.0,2025-12-08T16:59:23Z,0.03000000000000025,0.41522491349481316
AVTX,0001534120,"Avalo Therapeutics, Inc.",NASDAQ,US,USD,Healthcare,Biotechnology,220235282.0,19.5,2025-12-08T16:59:50.154256,19.4,19.65,2.0,2.0,82708.0,2025-12-08T16:59:56Z,0.25,1.2804097311139566
SMC,0002024218,Summit Midstream Corp.,NYSE,US,USD,Energy,Oil & Gas Midstream,322827549.0,26.33,2025-12-08T16:59:50.154416,26.25,26.41,11.0,100.0,13850.0,2025-12-08T16:48:33Z,0.16000000000000014,0.6076718571971141
ARTNA,0000863110,Artesian Resources Corporation,NASDAQ,US,USD,Utilities,Regulated Water,322024500.0,31.25,2025-12-08T16:59:50.154448,31.17,31.35,21.0,9.0,9496.0,2025-12-08T16:59:58Z,0.17999999999999972,0.5758157389635308
ACCO,0000712034,ACCO Brands Corporation,NYSE,US,USD,Industrials,Business Equipment & Supplies,320433953.0,3.555,2025-12-08T16:59:50.154473,3.55,3.56,885.0,919.0,119833.0,2025-12-08T16:59:54Z,0.010000000000000231,0.2812939521800346
CTNM,0001855175,"Contineum Therapeutics, Inc. Class A Common Stock",NASDAQ,US,USD,Healthcare,Biotechnology,342286702.0,11.73,2025-12-08T16:59:50.154513,11.61,11.74,124.0,222.0,39825.0,2025-12-08T16:59:55Z,0.13000000000000078,1.1134903640257026
DHIL,0000909108,"Diamond Hill Investment Group, Inc.",NASDAQ,US,USD,Financial Services,Asset Management,315177191.0,115.735,2025-12-08T16:59:50.154573,115.55,116.02,9.0,7.0,2592.0,2025-12-08T16:50:11Z,0.46999999999999886,0.4059247743662814
HNST,0001530979,"The Honest Company, Inc.",NASDAQ,US,USD,Consumer Cyclical,Specialty Retail,301007569.0,2.6926,2025-12-08T16:59:50.154716,2.68,2.74,1.0,2.0,843688.0,2025-12-08T16:59:15Z,0.06000000000000005,2.214022140221404
CNDT,0001677703,Conduent Incorporated,NASDAQ,US,USD,Technology,Information Technology Services,322024363.0,2.005,2025-12-08T16:59:50.154795,2.0,2.01,830.0,855.0,365369.0,2025-12-08T16:59:57Z,0.009999999999999787,0.49875311720697196
SI,0001699350,"SHOULDER INNOVATIONS, INC.",NYSE,US,USD,Healthcare,Medical - Specialties,312630555.0,15.175,2025-12-08T16:59:50.154842,15.02,15.23,100.0,14.0,3744.0,2025-12-08T17:00:02Z,0.21000000000000085,1.3884297520661215
OOMA,0001327688,"Ooma, Inc.",NYSE,US,USD,Communication Services,Telecommunications Services,331851532.0,12.03,2025-12-08T16:59:50.154869,11.99,12.07,200.0,100.0,254190.0,2025-12-08T16:58:23Z,0.08000000000000007,0.6650041562759773
WALD,0001840199,Waldencast plc,NASDAQ,US,USD,Technology,Software - Application,246979661.0,2.185,2025-12-08T16:59:50.154941,2.17,2.21,26.0,47.0,17072.0,2025-12-08T17:00:03Z,0.040000000000000036,1.8264840182648419
SMLR,0001554859,"Semler Scientific, Inc.",NASDAQ,US,USD,Healthcare,Medical - Devices,289858708.0,19.1201,2025-12-08T16:59:50.154988,19.12,19.16,8.0,5.0,146027.0,2025-12-08T17:00:03Z,0.03999999999999915,0.20898641588296316
VNDA,0001347178,Vanda Pharmaceuticals Inc.,NASDAQ,US,USD,Healthcare,Biotechnology,337126364.0,5.705,2025-12-08T16:59:50.155036,5.7,5.71,297.0,942.0,597811.0,2025-12-08T17:00:03Z,0.009999999999999787,0.17528483786152124
FSBW,0001530249,"FS Bancorp, Inc.",NASDAQ,US,USD,Financial Services,Banks - Regional,311097139.0,40.82,2025-12-08T16:59:50.155264,40.45,41.18,100.0,50.0,4387.0,2025-12-08T16:59:43Z,0.7299999999999969,1.7885581281391572
HRZN,0001487428,Horizon Technology Finance Corporation,NASDAQ,US,USD,Financial Services,Asset Management,272468583.0,6.6699,2025-12-08T16:59:50.155371,6.66,6.67,1486.0,1200.0,465210.0,2025-12-08T17:00:02Z,0.009999999999999787,0.15003750937734114
GLDG,0001538847,GoldMining Inc.,AMEX,CA,USD,Basic Materials,Gold,284629801.0,1.365,2025-12-08T16:59:50.155521,1.36,1.37,7200.0,2600.0,2448558.0,2025-12-08T16:59:13Z,0.010000000000000009,0.7326007326007331
GSRF,0002073928,GSR IV Acquisition Corp. Class A ordinary share,NASDAQ,US,USD,Financial Services,Asset Management,236318445.0,9.99,2025-12-08T16:59:50.155586,9.99,10.01,2900.0,2000.0,10291.0,2025-12-08T17:00:02Z,0.019999999999999574,0.19999999999999576
ACIU,0001651625,AC Immune S.A.,NASDAQ,CH,USD,Healthcare,Biotechnology,282686000.0,2.81,2025-12-08T16:59:50.155858,2.8,2.82,217.0,500.0,115983.0,2025-12-08T17:00:05Z,0.020000000000000018,0.7117437722419936
DDD,0000910638,3D Systems Corporation,NYSE,US,USD,Technology,Computer Hardware,277430420.0,2.155,2025-12-08T16:59:50.155901,2.15,2.17,3700.0,2400.0,390756.0,2025-12-08T16:59:26Z,0.020000000000000018,0.9259259259259267
CLW,0001441236,Clearwater Paper Corporation,NYSE,US,USD,Basic Materials,"Paper, Lumber & Forest Products",286685274.0,17.875,2025-12-08T16:59:50.156134,17.81,17.92,400.0,100.0,35117.0,2025-12-08T16:59:54Z,0.11000000000000298,0.6157290792051664
ACRE,0001529377,Ares Commercial Real Estate Corporation,NYSE,US,USD,Real Estate,REIT - Mortgage,284211630.0,5.165,2025-12-08T16:59:50.156204,5.16,5.17,1200.0,1000.0,179865.0,2025-12-08T16:56:11Z,0.009999999999999787,0.19361084220715946
EGHT,0001023731,"8x8, Inc.",NASDAQ,US,USD,Technology,Software - Application,280538775.0,2.0235,2025-12-08T16:59:50.156267,2.02,2.03,1510.0,1408.0,177611.0,2025-12-08T17:00:02Z,0.009999999999999787,0.49382716049381664
SPMC,0001930147,Sound Point Meridian Capital Inc,NYSE,US,USD,Financial Services,Asset Management,285489041.0,14.11,2025-12-08T16:59:50.156305,13.98,14.11,200.0,500.0,7334.0,2025-12-08T16:38:31Z,0.129999999999999,0.9255962976148024
BLZE,0001462056,"Backblaze, Inc.",NASDAQ,US,USD,Technology,Software - Infrastructure,283720030.0,4.919,2025-12-08T16:59:50.156397,4.91,4.93,111.0,190.0,205325.0,2025-12-08T17:00:09Z,0.019999999999999574,0.4065040650406418
III,0001371489,"Information Services Group, Inc.",NASDAQ,US,USD,Technology,Information Technology Services,285784363.0,5.9019,2025-12-08T16:59:50.156444,5.9,5.91,313.0,518.0,184062.0,2025-12-08T17:00:08Z,0.009999999999999787,0.16934801016087697
BRT,0000014846,BRT Apartments Corp.,NYSE,US,USD,Real Estate,REIT - Residential,277127141.0,14.57,2025-12-08T16:59:50.156501,14.49,14.62,137.0,14.0,2332.0,2025-12-08T16:44:41Z,0.129999999999999,0.89316386121607
CURI,0001776909,CuriosityStream Inc.,NASDAQ,US,USD,Communication Services,Broadcasting,276926412.0,4.755,2025-12-08T16:59:50.156536,4.73,4.76,2.0,2.0,271501.0,2025-12-08T17:00:04Z,0.02999999999999936,0.6322444678608927
INVZ,0001835654,Innoviz Technologies Ltd.,NASDAQ,IL,USD,Consumer Cyclical,Auto - Parts,265635713.0,1.275,2025-12-08T16:59:50.156568,1.27,1.28,9216.0,4839.0,1949363.0,2025-12-08T17:00:10Z,0.010000000000000009,0.7843137254901967
CIO,0001593222,"City Office REIT, Inc.",NYSE,US,USD,Real Estate,REIT - Office,280325480.0,6.945,2025-12-08T16:59:50.156632,6.94,6.95,7205.0,3821.0,73479.0,2025-12-08T17:00:12Z,0.009999999999999787,0.1439884809215232
MEI,0000065270,"Methode Electronics, Inc.",NYSE,US,USD,Technology,"Hardware, Equipment & Parts",248942529.0,7.05,2025-12-08T16:59:50.156741,7.01,7.09,200.0,300.0,150181.0,2025-12-08T17:00:01Z,0.08000000000000007,1.1347517730496466
SEG,0002009684,Seaport Entertainment Group Inc.,NYSE,US,USD,Real Estate,Real Estate - Services,275332235.0,21.62,2025-12-08T16:59:50.156781,21.52,21.71,100.0,200.0,11720.0,2025-12-08T17:00:06Z,0.19000000000000128,0.8790191996298925
TG,0000850429,Tredegar Corporation,NYSE,US,USD,Industrials,Manufacturing - Metal Fabrication,266159955.0,7.65,2025-12-08T16:59:50.156810,7.63,7.72,100.0,500.0,22052.0,2025-12-08T16:43:48Z,0.08999999999999986,1.172638436482083
GUTS,0001572616,"Fractyl Health, Inc. Common Stock",NASDAQ,US,USD,Healthcare,Biotechnology,152689824.0,2.115,2025-12-08T16:59:50.156847,2.11,2.12,2.0,1.0,3341092.0,2025-12-08T17:00:09Z,0.010000000000000231,0.4728132387706964
COSO,0001297107,"CoastalSouth Bancshares, Inc.",NYSE,US,USD,Financial Services,Banks - Regional,273957466.0,22.87,2025-12-08T16:59:50.156880,22.82,22.93,174.0,75.0,1987.0,2025-12-08T16:59:37Z,0.10999999999999943,0.4808743169398882
REFI,0001867949,"Chicago Atlantic Real Estate Finance, Inc.",NASDAQ,US,USD,Real Estate,REIT - Mortgage,266391767.0,12.64,2025-12-08T16:59:50.157095,12.63,12.67,179.0,56.0,21000.0,2025-12-08T16:59:01Z,0.03999999999999915,0.3162055335968312
WTI,0001288403,"W&T Offshore, Inc.",NYSE,US,USD,Energy,Oil & Gas Exploration & Production,271455161.0,1.825,2025-12-08T16:59:50.157117,1.82,1.83,6940.0,1605.0,382379.0,2025-12-08T17:00:07Z,0.010000000000000009,0.5479452054794525
DH,0001861795,Definitive Healthcare Corp.,NASDAQ,US,USD,Healthcare,Medical - Healthcare Information Services,256708917.0,2.485,2025-12-08T16:59:50.157140,2.48,2.49,326.0,460.0,94217.0,2025-12-08T17:00:04Z,0.010000000000000231,0.4024144869215384
TARA,0001359931,"Protara Therapeutics, Inc.",NASDAQ,US,USD,Healthcare,Biotechnology,218789764.0,5.67,2025-12-08T16:59:50.157218,5.65,5.67,100.0,1000.0,817378.0,2025-12-08T17:00:03Z,0.019999999999999574,0.3533568904593564
KRMD,0000704440,"KORU Medical Systems, Inc.",NASDAQ,US,USD,Healthcare,Medical - Instruments & Supplies,268721035.0,5.81,2025-12-08T16:59:50.157284,5.77,5.86,12.0,220.0,36570.0,2025-12-08T17:00:07Z,0.09000000000000075,1.5477214101461867
WNEB,0001157647,"Western New England Bancorp, Inc.",NASDAQ,US,USD,Financial Services,Banks - Regional,261067647.0,12.74,2025-12-08T16:59:50.157349,12.7,12.74,18.0,25.0,10251.0,2025-12-08T16:59:45Z,0.040000000000000924,0.31446540880503876
XYF,0001725033,X Financial,NYSE,CN,USD,Financial Services,Financial - Credit Services,48519323.0,6.8301,2025-12-08T16:59:50.157531,6.83,6.88,1.0,301.0,58658.0,2025-12-08T16:59:16Z,0.04999999999999982,0.729394602479939
PBFS,0001769663,"Pioneer Bancorp, Inc.",NASDAQ,US,USD,Financial Services,Banks - Regional,337834968.0,13.47,2025-12-08T16:59:50.157627,13.47,13.64,81.0,100.0,6950.0,2025-12-08T16:59:57Z,0.16999999999999993,1.2541497602360747
ENTA,0001177648,"Enanta Pharmaceuticals, Inc.",NASDAQ,US,USD,Healthcare,Biotechnology,301126135.0,14.115,2025-12-08T16:59:50.157694,14.07,14.17,150.0,16.0,118930.0,2025-12-08T17:00:12Z,0.09999999999999964,0.7082152974504223
EFTY,0002058349,"ETOILES CAPITAL GROUP CO., LTD",NASDAQ,US,USD,Financial Services,Asset Management,302052215.0,15.02,2025-12-08T16:59:50.157720,15.02,15.05,15.0,1.0,0.0,2025-11-25T21:00:00Z,0.030000000000001137,0.19953441968740362
FVR,0001988494,"FrontView REIT, Inc.",NYSE,US,USD,Real Estate,REIT - Diversified,324326828.0,15.25,2025-12-08T16:59:50.157786,15.19,15.29,282.0,100.0,54179.0,2025-12-08T17:00:13Z,0.09999999999999964,0.6561679790026224
XPER,0001788999,Xperi Inc.,NASDAQ,US,USD,Technology,Semiconductors,280529973.0,6.055,2025-12-08T16:59:50.157805,6.05,6.06,500.0,200.0,79682.0,2025-12-08T16:58:48Z,0.009999999999999787,0.16515276630883216
BDCI,0002042292,BTC Development Corp. Class A Ordinary Shares,NASDAQ,US,USD,Financial Services,Asset Management,349551490.0,10.06,2025-12-08T16:59:50.157863,10.05,10.07,1376.0,602.0,35173.0,2025-12-08T16:59:07Z,0.019999999999999574,0.19880715705764984
CVEO,0001590584,Civeo Corporation,NYSE,US,USD,Industrials,Specialty Business Services,295522397.0,22.37,2025-12-08T16:59:50.157895,22.31,22.45,58.0,5.0,1815.0,2025-12-08T16:50:54Z,0.14000000000000057,0.625558534405722
RLGT,0001171155,"Radiant Logistics, Inc.",AMEX,US,USD,Industrials,Integrated Freight & Logistics,301244985.0,6.425,2025-12-08T16:59:50.158082,6.42,6.43,107.0,159.0,28673.0,2025-12-08T17:00:09Z,0.009999999999999787,0.1556420233463002
ASPN,0001145986,"Aspen Aerogels, Inc.",NYSE,US,USD,Industrials,Construction,278058951.0,3.365,2025-12-08T16:59:50.158246,3.33,3.41,500.0,2300.0,575977.0,2025-12-08T16:55:14Z,0.08000000000000007,2.373887240356085
IPCX,0002012318,Inflection Point Acquisition Corp. III,NASDAQ,US,USD,Financial Services,Asset Management,346684108.0,10.0967,2025-12-08T16:59:50.158317,10.09,10.1,50.0,4000.0,165273.0,2025-12-08T16:50:06Z,0.009999999999999787,0.09905894006933914
SPIR,0001816017,"Spire Global, Inc.",NYSE,US,USD,Industrials,Specialty Business Services,297139241.0,9.08,2025-12-08T16:59:50.158395,9.01,9.16,300.0,100.0,206464.0,2025-12-08T16:55:19Z,0.15000000000000036,1.6510731975784299
OEC,0001609804,Orion Engineered Carbons S.A.,NYSE,LU,USD,Basic Materials,Chemicals - Specialty,268957092.0,4.79,2025-12-08T16:59:50.158431,4.78,4.81,187.0,164.0,93584.0,2025-12-08T17:00:08Z,0.02999999999999936,0.6256517205422182
ATNI,0000879585,"ATN International, Inc.",NASDAQ,US,USD,Communication Services,Telecommunications Services,332000828.0,21.76,2025-12-08T16:59:50.158498,21.63,21.89,16.0,10.0,16654.0,2025-12-08T16:59:57Z,0.26000000000000156,1.194852941176478
SPCE,0001706946,"Virgin Galactic Holdings, Inc.",NYSE,US,USD,Industrials,Aerospace & Defense,278719202.0,4.4101,2025-12-08T16:59:50.158542,4.41,4.42,474.0,500.0,896918.0,2025-12-08T17:00:11Z,0.009999999999999787,0.2265005662514108
FMAO,0000792966,"Farmers & Merchants Bancorp, Inc.",NASDAQ,US,USD,Financial Services,Banks - Regional,340311114.0,24.75,2025-12-08T16:59:50.158711,24.73,25.22,4.0,8.0,745.0,2025-12-08T16:49:35Z,0.48999999999999844,1.9619619619619555
FHTX,0001822462,Foghorn Therapeutics Inc.,NASDAQ,US,USD,Healthcare,Biotechnology,248532561.0,4.395,2025-12-08T16:59:50.158906,4.37,4.42,11.0,112.0,43408.0,2025-12-08T17:00:08Z,0.04999999999999982,1.1376564277588128
BNED,0001634117,"Barnes & Noble Education, Inc.",NYSE,US,USD,Consumer Cyclical,Specialty Retail,307165700.0,9.02,2025-12-08T16:59:50.158942,8.96,9.1,300.0,200.0,47075.0,2025-12-08T16:58:55Z,0.1399999999999988,1.5503875968992114
NREF,0001786248,"NexPoint Real Estate Finance, Inc.",NYSE,US,USD,Real Estate,REIT - Mortgage,262548882.0,14.815,2025-12-08T16:59:50.159182,14.76,14.87,100.0,200.0,30305.0,2025-12-08T16:58:47Z,0.10999999999999943,0.7424907188660104
SLN,0001479615,Silence Therapeutics plc,NASDAQ,GB,USD,Healthcare,Biotechnology,311980227.0,6.605,2025-12-08T16:59:50.159385,6.54,6.67,100.0,200.0,128104.0,2025-12-08T16:59:53Z,0.1299999999999999,1.968205904617712
NL,0000072162,"NL Industries, Inc.",NYSE,US,USD,Industrials,Security & Protection Services,269233664.0,5.51,2025-12-08T16:59:50.159494,5.5,5.58,30.0,59.0,4591.0,2025-12-08T16:59:14Z,0.08000000000000007,1.4440433212996402
TPVG,0001580345,TriplePoint Venture Growth BDC Corp.,NYSE,US,USD,Financial Services,Asset Management,269799268.0,6.68,2025-12-08T16:59:50.159898,6.67,6.69,1.0,101.0,207721.0,2025-12-08T17:00:08Z,0.020000000000000462,0.29940119760479733
SVAC,0002074850,Spring Valley Acquisition Corp. III Class A Ordinary Shares,NASDAQ,US,USD,Financial Services,Asset Management,315866691.0,10.3,2025-12-08T16:59:50.159944,10.26,10.46,5.0,2.0,23.0,2025-12-05T21:00:00Z,0.20000000000000107,1.9305019305019409
RNGR,0001699039,"Ranger Energy Services, Inc.",NYSE,US,USD,Energy,Oil & Gas Equipment & Services,301981820.0,13.97,2025-12-08T16:59:50.159976,13.91,13.98,175.0,1.0,44874.0,2025-12-08T16:58:46Z,0.07000000000000028,0.5019720329867357
HVMC,0002070602,Highview Merger Corp. Class A Ordinary Share,NASDAQ,US,USD,Financial Services,Banks,294982300.0,10.03,2025-12-08T16:59:50.160076,10.01,10.03,1400.0,100.0,3909.0,2025-12-08T16:48:36Z,0.019999999999999574,0.19960079840318934
DRDB,0002032528,Roman DBDR Acquisition Corp. II,NASDAQ,US,USD,Financial Services,Financial - Conglomerates,240580000.0,10.46,2025-12-08T16:59:50.160112,10.41,10.49,1600.0,900.0,635.0,2025-12-08T16:50:49Z,0.08000000000000007,0.7655502392344504
BACC,0002059654,Blue Acquisition Corp.,NASDAQ,US,USD,Financial Services,Asset Management,287051177.0,10.2657,2025-12-08T16:59:50.160141,10.2657,10.38,1.0,4.0,15634.0,2025-12-08T16:39:52Z,0.11430000000000007,1.1072523576337936
ZH,0001835724,Zhihu Inc.,NYSE,CN,USD,Communication Services,Internet Content & Information,282723180.0,3.545,2025-12-08T16:59:50.160248,3.54,3.55,500.0,1100.0,160668.0,2025-12-08T16:59:57Z,0.009999999999999787,0.2820874471085977
PNRG,0000056868,PrimeEnergy Resources Corporation,NASDAQ,US,USD,Energy,Oil & Gas Exploration & Production,311232260.0,188.74,2025-12-08T16:59:50.160459,186.8,189.65,6.0,100.0,12503.0,2025-12-08T16:58:50Z,2.8499999999999943,1.5141453048213542
NIU,0001744781,Niu Technologies,NASDAQ,CN,USD,Consumer Cyclical,Auto - Manufacturers,258492701.0,3.235,2025-12-08T16:59:50.160512,3.23,3.24,1584.0,210.0,300635.0,2025-12-08T17:00:06Z,0.010000000000000231,0.3091190108191725
PLBC,0001168455,Plumas Bancorp,NASDAQ,US,USD,Financial Services,Banks - Regional,304164627.0,43.73,2025-12-08T16:59:50.160542,43.73,44.19,16.0,200.0,9189.0,2025-12-08T16:10:35Z,0.46000000000000085,1.0464058234758893
QUAD,0001481792,"Quad/Graphics, Inc.",NYSE,US,USD,Industrials,Specialty Business Services,306696721.0,6.035,2025-12-08T16:59:50.160570,6.03,6.04,65.0,10.0,41026.0,2025-12-08T17:00:06Z,0.009999999999999787,0.16570008285003787
XPOF,0001802156,"Xponential Fitness, Inc.",NYSE,US,USD,Consumer Cyclical,Leisure,244664699.0,6.96,2025-12-08T16:59:50.160925,6.92,6.95,200.0,300.0,54211.0,2025-12-08T16:56:15Z,0.03000000000000025,0.4325883201153604
FNLC,0000765207,"The First Bancorp, Inc.",NASDAQ,US,USD,Financial Services,Banks - Regional,293373895.0,26.15,2025-12-08T16:59:50.160956,26.06,26.23,13.0,1.0,4447.0,2025-12-08T17:00:08Z,0.1700000000000017,0.6502199273283676
MBCN,0000836147,Middlefield Banc Corp.,NASDAQ,US,USD,Financial Services,Banks - Regional,288172901.0,35.67,2025-12-08T16:59:50.160984,35.56,36.0,1.0,106.0,1025.0,2025-12-08T16:59:41Z,0.4399999999999977,1.2297372833985403
PACH,0002040381,Pioneer Acquisition I Corp.,NASDAQ,KY,USD,Financial Services,Asset Management,318546778.0,10.0901,2025-12-08T16:59:50.161265,10.02,10.17,4.0,4.0,40448.0,2025-12-08T16:42:39Z,0.15000000000000036,1.4858841010401227
JMSB,0001710482,"John Marshall Bancorp, Inc.",NASDAQ,US,USD,Financial Services,Banks - Regional,283270760.0,19.895,2025-12-08T16:59:50.161319,19.73,19.97,2.0,100.0,9515.0,2025-12-08T16:59:19Z,0.23999999999999844,1.2090680100755586
BLZR,0002075310,Trailblazer Acquisition Corp. Class A Ordinary Shares,NASDAQ,US,USD,Financial Services,Asset Management,346156220.0,10.07,2025-12-08T16:59:50.161361,10.02,10.07,1.0,3.0,32300.0,2025-12-08T16:38:55Z,0.05000000000000071,0.49776007964161983
ENLV,0001596812,Enlivex Therapeutics Ltd.,NASDAQ,IL,USD,Healthcare,Biotechnology,27097923.0,1.115,2025-12-08T16:59:50.161445,1.1,1.13,2.0,1.0,889410.0,2025-12-08T17:00:07Z,0.029999999999999805,2.690582959641238
CZFS,0000739421,"Citizens Financial Services, Inc.",NASDAQ,US,USD,Financial Services,Banks - Regional,272040938.0,56.6,2025-12-08T16:59:50.161566,56.6,56.75,1.0,1.0,6568.0,2025-12-05T21:00:01Z,0.14999999999999858,0.264666960741065
OTGA,0002077010,OTG Acquisition Corp. I Class A Ordinary Share,NASDAQ,US,USD,Financial Services,Asset Management,345767865.0,10.015,2025-12-08T16:59:50.161668,9.98,10.05,4.0,4.0,10200.0,2025-12-08T16:41:11Z,0.07000000000000028,0.6989515726410412
CBAN,0000711669,"Colony Bankcorp, Inc.",NASDAQ,US,USD,Financial Services,Banks - Regional,303926789.0,17.38,2025-12-08T16:59:50.161933,17.3,17.43,100.0,100.0,17856.0,2025-12-08T16:56:17Z,0.129999999999999,0.7486323063633689
CTGO,0001502377,"Contango Ore, Inc.",AMEX,US,USD,Basic Materials,Gold,317405812.0,25.99,2025-12-08T16:59:50.161961,25.68,26.15,100.0,20.0,65040.0,2025-12-08T16:59:28Z,0.46999999999999886,1.8136214547559284
OFLX,0001317945,"Omega Flex, Inc.",NASDAQ,US,USD,Industrials,Industrial - Machinery,278684042.0,27.608,2025-12-08T16:59:50.162024,27.2,27.71,13.0,104.0,2376.0,2025-12-08T17:00:09Z,0.5100000000000016,1.8575851393188914
GCO,0000018498,Genesco Inc.,NYSE,US,USD,Consumer Cyclical,Apparel - Retail,255743026.0,23.69,2025-12-08T16:59:50.162170,23.65,23.92,6.0,5.0,110221.0,2025-12-08T17:00:07Z,0.2700000000000031,1.1351692243010432
WSBF,0001569994,"Waterstone Financial, Inc.",NASDAQ,US,USD,Financial Services,Banks - Regional,298540649.0,16.175,2025-12-08T16:59:50.162228,16.11,16.25,212.0,235.0,3163.0,2025-12-08T16:49:57Z,0.14000000000000057,0.8652657601977787
MPX,0001129155,Marine Products Corporation,NYSE,US,USD,Consumer Cyclical,Auto - Recreational Vehicles,295041857.0,8.43,2025-12-08T16:59:50.162259,8.43,8.56,100.0,200.0,9791.0,2025-12-08T16:57:37Z,0.13000000000000078,1.5303119482048353
RWAY,0001653384,Runway Growth Finance Corp.,NASDAQ,US,USD,Financial Services,Financial - Credit Services,331349119.0,9.17,2025-12-08T16:59:50.162290,9.16,9.18,401.0,216.0,69811.0,2025-12-08T17:00:14Z,0.019999999999999574,0.21810250817883942
IPI,0001421461,"Intrepid Potash, Inc.",NYSE,US,USD,Basic Materials,Agricultural Inputs,341715419.0,25.45,2025-12-08T16:59:50.162349,25.31,25.59,100.0,100.0,16685.0,2025-12-08T17:00:25Z,0.28000000000000114,1.1001964636542285
HVII,0001846416,Hennessy Capital Investment Corp. VII,NASDAQ,US,USD,Financial Services,Financial - Conglomerates,268560766.0,10.32,2025-12-08T16:59:50.162413,10.32,10.43,18.0,1.0,4312.0,2025-12-08T16:51:16Z,0.10999999999999943,1.0602409638554162
PLG,0001095052,Platinum Group Metals Ltd.,AMEX,CA,USD,Basic Materials,Other Precious Metals,280767139.0,2.405,2025-12-08T16:59:50.162443,2.39,2.4,5100.0,1800.0,690312.0,2025-12-08T17:00:26Z,0.009999999999999787,0.4175365344467552
EM,0001834253,Smart Share Global Limited,NASDAQ,CN,USD,Consumer Cyclical,Personal Products & Services,177518999.0,1.4,2025-12-08T16:59:50.162515,1.38,1.41,2000.0,18.0,333144.0,2025-12-08T17:00:08Z,0.030000000000000027,2.1505376344086042
GPRO,0001500435,"GoPro, Inc.",NASDAQ,US,USD,Technology,Consumer Electronics,287693817.0,1.8316,2025-12-08T16:59:50.162593,1.83,1.84,4200.0,3787.0,2502846.0,2025-12-08T17:00:26Z,0.010000000000000009,0.5449591280653956
MCFT,0001638290,"MasterCraft Boat Holdings, Inc.",NASDAQ,US,USD,Consumer Cyclical,Auto - Recreational Vehicles,303528881.0,18.58,2025-12-08T16:59:50.162715,18.54,18.58,76.0,11.0,42003.0,2025-12-08T17:00:04Z,0.03999999999999915,0.21551724137930575
AVBC,0002058758,"Avidia Bancorp, Inc.",NYSE,US,USD,Financial Services,Banks - Regional,337481763.0,16.81,2025-12-08T16:59:50.162743,16.63,16.83,900.0,400.0,25085.0,2025-12-08T16:52:06Z,0.1999999999999993,1.195457262402865
XFOR,0001501697,"X4 Pharmaceuticals, Inc.",NASDAQ,US,USD,Healthcare,Biotechnology,45062785.0,3.95,2025-12-08T16:59:50.162828,3.9,3.95,100.0,1133.0,326362.0,2025-12-08T17:00:30Z,0.050000000000000266,1.2738853503184782
KOYN,0002068454,CSLM Digital Asset Acquisition Corp III Class A Ordinary Shares,NASDAQ,KY,USD,Financial Services,Asset Management,237476636.0,9.9399,2025-12-08T16:59:50.162879,9.88,9.96,3600.0,13600.0,4779.0,2025-12-08T16:50:18Z,0.08000000000000007,0.8064516129032263
TSBK,0001046050,"Timberland Bancorp, Inc.",NASDAQ,US,USD,Financial Services,Banks - Regional,273296056.0,34.64,2025-12-08T16:59:50.162934,34.5,34.81,87.0,100.0,3322.0,2025-12-08T16:11:03Z,0.3100000000000023,0.8945318135911189
OBIO,0001814114,"Orchestra BioMed Holdings, Inc.",NASDAQ,US,USD,Healthcare,Biotechnology,253355529.0,4.487,2025-12-08T16:59:50.163092,4.47,4.5,125.0,16.0,12299.0,2025-12-08T17:00:22Z,0.03000000000000025,0.6688963210702398
ALMU,0001828805,"Aeluma, Inc.",NASDAQ,US,USD,Technology,Semiconductors,228272311.0,16.109,2025-12-08T16:59:50.163169,16.05,16.21,150.0,24.0,139151.0,2025-12-08T17:00:28Z,0.16000000000000014,0.9919404835709864
QSI,0001816431,Quantum-Si incorporated,NASDAQ,US,USD,Healthcare,Biotechnology,285506161.0,1.46,2025-12-08T16:59:50.163297,1.45,1.46,6570.0,2401.0,1556283.0,2025-12-08T17:00:27Z,0.010000000000000009,0.6872852233676982
TBCH,0001493761,Turtle Beach Corporation,NASDAQ,US,USD,Technology,Consumer Electronics,293351418.0,14.455,2025-12-08T16:59:50.163355,14.43,14.46,112.0,27.0,24527.0,2025-12-08T17:00:08Z,0.030000000000001137,0.20768431983386043
SOPH,0001840706,SOPHiA GENETICS S.A.,NASDAQ,CH,USD,Healthcare,Medical - Healthcare Information Services,330910444.0,4.93,2025-12-08T16:59:50.163627,4.86,4.98,125.0,587.0,41314.0,2025-12-08T17:00:15Z,0.1200000000000001,2.4390243902439046
LWAC,0002061379,LightWave Acquisition Corp.,NASDAQ,KY,USD,Financial Services,Asset Management,303757480.0,10.1,2025-12-08T16:59:50.163657,10.07,10.09,4.0,4.0,0.0,2025-12-05T21:00:00Z,0.019999999999999574,0.19841269841269418
NHIC,0002043699,NewHold Investment Corp III,NASDAQ,US,USD,Financial Services,Asset Management,286896618.0,10.39,2025-12-08T16:59:50.163711,10.35,10.4,2000.0,100.0,100.0,2025-12-08T16:59:55Z,0.05000000000000071,0.4819277108433803
TKNO,0001850902,"Alpha Teknova, Inc.",NASDAQ,US,USD,Healthcare,Drug Manufacturers - Specialty & Generic,252122410.0,4.71,2025-12-08T16:59:50.163973,4.69,4.72,5.0,323.0,16614.0,2025-12-08T17:00:23Z,0.02999999999999936,0.6376195536662989
VOXR,0001907909,Vox Royalty Corp.,NASDAQ,CA,USD,Basic Materials,Other Precious Metals,279030529.0,5.485,2025-12-08T16:59:50.164002,5.47,5.49,932.0,200.0,1105042.0,2025-12-08T17:00:32Z,0.020000000000000462,0.3649635036496434
DXYZ,0001843974,Destiny Tech100 Inc.,NYSE,US,USD,Financial Services,Asset Management,300394177.0,27.61,2025-12-08T16:59:50.164077,27.6,27.69,100.0,200.0,1222661.0,2025-12-08T17:00:21Z,0.08999999999999986,0.3255561584373299
NODK,0001681206,"NI Holdings, Inc.",NASDAQ,US,USD,Financial Services,Insurance - Property & Casualty,275181895.0,13.35,2025-12-08T16:59:50.164243,13.29,13.5,2.0,1.0,4019.0,2025-12-08T16:56:03Z,0.21000000000000085,1.5677491601343847
DENN,0000852772,Denny's Corporation,NASDAQ,US,USD,Consumer Cyclical,Restaurants,317748793.0,6.17,2025-12-08T16:59:50.164414,6.17,6.18,41100.0,53372.0,516053.0,2025-12-08T17:00:27Z,0.009999999999999787,0.1619433198380532
RLMD,0001553643,"Relmada Therapeutics, Inc.",NASDAQ,US,USD,Healthcare,Biotechnology,301181186.0,4.107,2025-12-08T16:59:50.164474,4.09,4.11,170.0,233.0,340763.0,2025-12-08T17:00:34Z,0.020000000000000462,0.48780487804879175
FENC,0001211583,Fennec Pharmaceuticals Inc.,NASDAQ,US,USD,Healthcare,Biotechnology,209928828.0,7.62,2025-12-08T16:59:50.164504,7.6,7.63,12.0,72.0,20041.0,2025-12-08T17:00:19Z,0.03000000000000025,0.3939592908732797
GFR,0001966287,Greenfire Resources Ltd.,NYSE,US,USD,Energy,Oil & Gas Exploration & Production,346707936.0,4.935,2025-12-08T16:59:50.164637,4.89,4.99,200.0,300.0,32855.0,2025-12-08T16:54:47Z,0.10000000000000053,2.0242914979757196
HYLN,0001759631,Hyliion Holdings Corp.,NYSE,US,USD,Consumer Cyclical,Auto - Parts,335047059.0,1.905,2025-12-08T16:59:50.164718,1.9,1.91,900.0,1100.0,361252.0,2025-12-08T17:00:19Z,0.010000000000000009,0.5249343832021003
EIC,0001754836,Eagle Point Income Company Inc.,NYSE,US,USD,Financial Services,Asset Management - Income,297321865.0,11.2136,2025-12-08T16:59:50.164973,11.2,11.24,500.0,300.0,108668.0,2025-12-08T17:00:34Z,0.040000000000000924,0.3565062388591883
CHMG,0000763563,Chemung Financial Corporation,NASDAQ,US,USD,Financial Services,Banks - Regional,253988243.0,53.0,2025-12-08T16:59:50.351923,52.66,53.4,35.0,50.0,2.0,2025-12-08T16:32:05Z,0.740000000000002,1.3954365453516915
FBLA,0002013639,"FB Bancorp, Inc. Common Stock",NASDAQ,US,USD,Financial Services,Banks - Regional,239465973.0,13.04,2025-12-08T16:59:50.352049,13.01,13.04,230.0,5001.0,299867.0,2025-12-08T17:00:17Z,0.02999999999999936,0.23032629558540776
NRDY,0001819404,"Nerdy, Inc.",NYSE,US,USD,Technology,Software - Application,163508378.0,1.33,2025-12-08T16:59:50.352086,1.3,1.35,4700.0,4500.0,640080.0,2025-12-08T16:55:42Z,0.050000000000000044,3.77358490566038
EVC,0001109116,Entravision Communications Corporation,NYSE,US,USD,Communication Services,Broadcasting,273487929.0,3.005,2025-12-08T16:59:50.352178,2.99,3.01,901.0,405.0,496256.0,2025-12-08T17:00:07Z,0.019999999999999574,0.6666666666666525
FDBC,0001098151,"Fidelity D & D Bancorp, Inc.",NASDAQ,US,USD,Financial Services,Banks - Regional,249262101.0,43.22,2025-12-08T16:59:50.352305,42.9,43.45,100.0,50.0,1557.0,2025-12-08T17:00:00Z,0.5500000000000043,1.2738853503184813
CCCC,0001662579,"C4 Therapeutics, Inc.",NASDAQ,US,USD,Healthcare,Biotechnology,182569785.0,2.565,2025-12-08T16:59:50.352348,2.56,2.57,984.0,100.0,967005.0,2025-12-08T17:00:35Z,0.009999999999999787,0.3898635477582763
RXT,0001810019,"Rackspace Technology, Inc.",NASDAQ,US,USD,Technology,Software - Infrastructure,247246002.0,1.015,2025-12-08T16:59:50.352393,1.01,1.02,1171.0,901.0,546992.0,2025-12-08T17:00:28Z,0.010000000000000009,0.985221674876848
FUNC,0000763907,First United Corporation,NASDAQ,US,USD,Financial Services,Banks - Regional,252250145.0,38.91,2025-12-08T16:59:50.352432,38.9,39.04,7.0,3.0,4176.0,2025-12-08T16:59:19Z,0.14000000000000057,0.35925070567103046
NNOX,0001795251,Nano-X Imaging Ltd.,NASDAQ,IL,USD,Healthcare,Medical - Devices,235600590.0,3.695,2025-12-08T16:59:50.352471,3.69,3.7,505.0,100.0,918685.0,2025-12-08T17:00:29Z,0.010000000000000231,0.2706359945872863
TRAK,0000050471,"ReposiTrak, Inc.",NYSE,US,USD,Technology,Software - Application,250552869.0,13.71,2025-12-08T16:59:50.352632,13.69,13.86,54.0,100.0,7092.0,2025-12-08T17:00:13Z,0.16999999999999993,1.2341197822141556
KLTR,0001432133,"Kaltura, Inc.",NASDAQ,US,USD,Technology,Software - Infrastructure,241279052.0,1.575,2025-12-08T16:59:50.352706,1.57,1.58,62.0,91.0,78272.0,2025-12-08T17:00:20Z,0.010000000000000009,0.6349206349206354
CCRN,0001141103,"Cross Country Healthcare, Inc.",NASDAQ,US,USD,Healthcare,Medical - Care Facilities,263088623.0,8.0308,2025-12-08T16:59:50.352752,8.03,8.04,180.0,369.0,1193956.0,2025-12-08T17:00:12Z,0.009999999999999787,0.12445550715618901
ONTF,0001110611,"ON24, Inc.",NYSE,US,USD,Technology,Software - Application,256359253.0,6.0613,2025-12-08T16:59:50.352788,6.05,6.08,300.0,500.0,62937.0,2025-12-08T17:00:06Z,0.03000000000000025,0.4946413849958821
TCX,0000909494,Tucows Inc.,NASDAQ,CA,USD,Technology,Software - Infrastructure,233293338.0,21.01,2025-12-08T16:59:50.352861,20.9,21.23,100.0,21.0,6107.0,2025-12-08T17:00:23Z,0.33000000000000185,1.566579634464761
CVRX,0001235912,"CVRx, Inc.",NASDAQ,US,USD,Healthcare,Medical - Devices,235938672.0,9.0025,2025-12-08T16:59:50.352894,8.99,9.02,22.0,39.0,25234.0,2025-12-08T17:00:09Z,0.02999999999999936,0.33314825097167533
NPWR,0001845437,NET Power Inc.,NYSE,US,USD,Industrials,Industrial - Machinery,238751709.0,2.845,2025-12-08T16:59:50.352930,2.83,2.87,3400.0,1900.0,301353.0,2025-12-08T17:00:02Z,0.040000000000000036,1.4035087719298258
VGZ,0000783324,Vista Gold Corp.,AMEX,US,USD,Basic Materials,Gold,233440687.0,1.855,2025-12-08T16:59:50.352974,1.85,1.86,800.0,2012.0,771899.0,2025-12-08T17:00:36Z,0.010000000000000009,0.539083557951483
HWBK,0000893847,"Hawthorn Bancshares, Inc.",NASDAQ,US,USD,Financial Services,Banks - Regional,239003434.0,34.65,2025-12-08T16:59:50.353046,34.47,35.1,100.0,269.0,454.0,2025-12-08T16:59:14Z,0.6300000000000026,1.8111254851229053
VYGR,0001640266,"Voyager Therapeutics, Inc.",NASDAQ,US,USD,Healthcare,Biotechnology,238507102.0,4.29,2025-12-08T16:59:50.353084,4.29,4.3,31.0,211.0,142353.0,2025-12-08T17:00:45Z,0.009999999999999787,0.23282887077997177
NVX,0001859795,Novonix Limited,NASDAQ,AU,USD,Industrials,Electrical Equipment & Parts,162372978.0,1.095,2025-12-08T16:59:50.353115,0.8208,1.14,2.0,2.0,674217.0,2025-12-08T17:00:29Z,0.31919999999999993,32.558139534883715
HRTX,0000818033,"Heron Therapeutics, Inc.",NASDAQ,US,USD,Healthcare,Biotechnology,207690982.0,1.315,2025-12-08T16:59:50.353188,1.31,1.32,2700.0,7315.0,752502.0,2025-12-08T17:00:46Z,0.010000000000000009,0.7604562737642593
SNFCA,0000318673,Security National Financial Corporation,NASDAQ,US,USD,Financial Services,Financial - Mortgages,211721453.0,8.58,2025-12-08T16:59:50.353232,8.51,8.59,5.0,8.0,1267.0,2025-12-08T17:00:28Z,0.08000000000000007,0.9356725146198838
SATL,0001874315,Satellogic Inc.,NASDAQ,US,USD,Technology,"Hardware, Equipment & Parts",169315509.0,1.695,2025-12-08T16:59:50.353336,1.69,1.7,1569.0,1600.0,1247402.0,2025-12-08T17:00:40Z,0.010000000000000009,0.5899705014749268
NUAI,0002028336,"New Era Energy & Digital, Inc.",NASDAQ,US,USD,Energy,Oil & Gas Energy,104446609.0,4.4602,2025-12-08T16:59:50.353421,4.45,4.46,300.0,22.0,4251509.0,2025-12-08T17:00:43Z,0.009999999999999787,0.224466891133553
DBI,0001319947,Designer Brands Inc.,NYSE,US,USD,Consumer Cyclical,Apparel - Retail,236828971.0,4.8,2025-12-08T16:59:50.353497,4.8,4.81,65.0,323.0,204006.0,2025-12-08T17:00:49Z,0.009999999999999787,0.20811654526534418
DOUG,0001878897,Douglas Elliman Inc.,NYSE,US,USD,Real Estate,Real Estate - Services,234878917.0,2.645,2025-12-08T16:59:50.353569,2.64,2.65,500.0,400.0,76082.0,2025-12-08T16:51:34Z,0.009999999999999787,0.37807183364838515
TNYA,0001858848,"Tenaya Therapeutics, Inc.",NASDAQ,US,USD,Healthcare,Biotechnology,227280533.0,1.365,2025-12-08T16:59:50.353648,1.36,1.37,1200.0,100.0,951904.0,2025-12-08T17:00:37Z,0.010000000000000009,0.7326007326007331
RGCO,0001069533,"RGC Resources, Inc.",NASDAQ,US,USD,Utilities,Regulated Gas,231291200.0,22.4,2025-12-08T16:59:50.353761,22.1,22.45,5.0,2.0,3202.0,2025-12-08T16:50:36Z,0.34999999999999787,1.571268237934895
LCNB,0001074902,LCNB Corp.,NASDAQ,US,USD,Financial Services,Banks - Regional,228972450.0,16.14,2025-12-08T16:59:50.353793,16.06,16.2,12.0,446.0,4073.0,2025-12-08T17:00:51Z,0.14000000000000057,0.8679479231246161
HITI,0001847409,High Tide Inc.,NASDAQ,CA,USD,Healthcare,Medical - Pharmaceuticals,216471344.0,2.485,2025-12-08T16:59:50.353864,2.48,2.49,901.0,503.0,115643.0,2025-12-08T17:00:27Z,0.010000000000000231,0.4024144869215384
STXS,0001289340,"Stereotaxis, Inc.",AMEX,US,USD,Healthcare,Medical - Instruments & Supplies,222206548.0,2.39,2025-12-08T16:59:50.353981,2.38,2.39,400.0,500.0,76953.0,2025-12-08T16:59:54Z,0.010000000000000231,0.4192872117400517
EWCZ,0001856236,"European Wax Center, Inc.",NASDAQ,US,USD,Consumer Defensive,Household & Personal Products,223047098.0,4.015,2025-12-08T16:59:50.354057,4.02,4.03,51.0,240.0,66506.0,2025-12-08T17:00:45Z,0.010000000000000675,0.24844720496896086
INR,0002029118,"Infinity Natural Resources, Inc.",NYSE,US,USD,Energy,Oil & Gas Exploration & Production,223918763.0,14.35,2025-12-08T16:59:50.354137,14.33,14.39,400.0,100.0,107344.0,2025-12-08T16:59:57Z,0.0600000000000005,0.4178272980501428
FSFG,0001435508,"First Savings Financial Group, Inc.",NASDAQ,US,USD,Financial Services,Banks - Regional,222085194.0,31.79,2025-12-08T16:59:50.354218,31.57,32.0,100.0,659.0,9395.0,2025-12-08T16:50:33Z,0.4299999999999997,1.3528393896492048
CBIO,0001253689,"Crescent Biopharma, Inc.",NASDAQ,US,USD,Healthcare,Biotechnology,181991960.0,13.1,2025-12-08T16:59:50.354387,12.98,13.21,112.0,100.0,54262.0,2025-12-08T17:00:14Z,0.23000000000000043,1.7563955708285637
FLXS,0000037472,"Flexsteel Industries, Inc.",NASDAQ,US,USD,Consumer Cyclical,"Furnishings, Fixtures & Appliances",211712286.0,40.135,2025-12-08T16:59:50.354463,39.87,40.24,100.0,70.0,5774.0,2025-12-08T17:00:14Z,0.37000000000000455,0.9237298714267995
KINS,0000033992,"Kingstone Companies, Inc.",NASDAQ,US,USD,Financial Services,Insurance - Property & Casualty,213201740.0,15.07,2025-12-08T16:59:50.354540,15.06,15.11,138.0,100.0,32617.0,2025-12-08T17:00:52Z,0.049999999999998934,0.3314550878355912
TONX,0001566610,TON Strategy Co.,NASDAQ,US,USD,Financial Services,Asset Management,176884688.0,2.97,2025-12-08T16:59:50.354603,2.95,3.0,100.0,20.0,265146.0,2025-12-08T17:00:25Z,0.04999999999999982,1.680672268907557
SDA,0001936804,SunCar Technology Group Inc.,NASDAQ,CN,USD,Consumer Cyclical,Auto - Dealerships,208612822.0,2.045,2025-12-08T16:59:50.354678,2.03,2.06,100.0,100.0,48028.0,2025-12-08T16:48:33Z,0.03000000000000025,1.466992665036687
MPV,0000831655,Barings Participation Investors,NYSE,US,USD,Financial Services,Asset Management,210249274.0,19.6131,2025-12-08T16:59:50.354717,19.5,19.72,31.0,100.0,6564.0,2025-12-08T16:59:24Z,0.21999999999999886,1.121876593574701
SWKH,0001089907,SWK Holdings Corporation,NASDAQ,US,USD,Financial Services,Asset Management,207330793.0,17.0,2025-12-08T16:59:50.354867,16.86,17.07,4.0,100.0,710.0,2025-12-08T16:59:31Z,0.21000000000000085,1.237842617152967
NYXH,0001857190,Nyxoah S.A.,NASDAQ,BE,USD,Healthcare,Medical - Instruments & Supplies,181157539.0,4.851,2025-12-08T16:59:50.355066,4.77,4.851,1.0,1.0,20620.0,2025-12-08T16:24:35Z,0.0810000000000004,1.6838166510757806
CXDO,0001075736,"Crexendo, Inc.",NASDAQ,US,USD,Communication Services,Telecommunications Services,210149800.0,6.84,2025-12-08T16:59:50.355169,6.78,6.88,100.0,100.0,116878.0,2025-12-08T16:59:48Z,0.09999999999999964,1.4641288433382087
EFSI,0000880641,"Eagle Financial Services, Inc.",NASDAQ,US,USD,Financial Services,Banks - Regional,207957063.0,38.68,2025-12-08T16:59:50.355338,38.41,38.84,6.0,100.0,7425.0,2025-12-08T17:00:07Z,0.4300000000000068,1.1132686084142571
LOVE,0001701758,The Lovesac Company,NASDAQ,US,USD,Consumer Cyclical,"Furnishings, Fixtures & Appliances",201476161.0,13.79,2025-12-08T16:59:50.355405,13.78,13.8,1.0,3.0,57673.0,2025-12-08T17:00:55Z,0.02000000000000135,0.1450326323422868
OPBK,0001722010,OP Bancorp,NASDAQ,US,USD,Financial Services,Banks - Regional,205644757.0,13.815,2025-12-08T16:59:50.355572,13.84,13.94,37.0,100.0,3401.0,2025-12-08T16:49:57Z,0.09999999999999964,0.7199424046076288
SKIN,0001818093,The Beauty Health Company,NASDAQ,US,USD,Consumer Defensive,Household & Personal Products,177229252.0,1.39,2025-12-08T16:59:50.355741,1.39,1.4,140.0,542.0,309937.0,2025-12-08T17:00:53Z,0.010000000000000009,0.7168458781362014
UIS,0000746838,Unisys Corporation,NYSE,US,USD,Technology,Information Technology Services,198587505.0,2.785,2025-12-08T16:59:50.355817,2.78,2.79,600.0,800.0,117314.0,2025-12-08T16:54:50Z,0.010000000000000231,0.35906642728905674
LOGC,0002064307,ContextLogic Inc.,NASDAQ,US,USD,Consumer Cyclical,Specialty Retail,198782636.0,7.45,2025-12-08T16:59:50.355890,7.4,7.45,18396.0,1500.0,211262.0,2025-12-08T16:40:08Z,0.04999999999999982,0.6734006734006709
OMI,0000075252,"Owens & Minor, Inc.",NYSE,US,USD,Healthcare,Medical - Distribution,199726222.0,2.585,2025-12-08T16:59:50.356136,2.58,2.59,1655.0,213.0,476863.0,2025-12-08T17:00:55Z,0.009999999999999787,0.3868471953578254
ATLO,0001132651,Ames National Corporation,NASDAQ,US,USD,Financial Services,Banks - Regional,198828854.0,22.36,2025-12-08T16:59:50.356219,22.2,22.36,100.0,2.0,2989.0,2025-12-08T16:49:49Z,0.16000000000000014,0.7181328545780976
ALPS,0002025774,Alps Group Inc,NASDAQ,MY,USD,Healthcare,Biotechnology,198017746.0,1.19,2025-12-08T16:59:50.356457,1.19,1.23,6.0,40.0,40423.0,2025-12-08T16:48:36Z,0.040000000000000036,3.305785123966945
CPSS,0000889609,"Consumer Portfolio Services, Inc.",NASDAQ,US,USD,Financial Services,Financial - Credit Services,190852511.0,8.64,2025-12-08T16:59:50.356637,8.59,8.67,15.0,100.0,1257.0,2025-12-08T17:00:14Z,0.08000000000000007,0.9269988412514493
CRBP,0001595097,"Corbus Pharmaceuticals Holdings, Inc.",NASDAQ,US,USD,Healthcare,Biotechnology,129993166.0,10.37,2025-12-08T16:59:50.356903,10.34,10.4,154.0,4.0,84766.0,2025-12-08T17:00:26Z,0.0600000000000005,0.5785920925747395
INFU,0001337013,"InfuSystem Holdings, Inc.",AMEX,US,USD,Healthcare,Medical - Instruments & Supplies,179161772.0,8.81,2025-12-08T16:59:50.357149,8.83,8.86,500.0,100.0,92704.0,2025-12-08T16:59:41Z,0.02999999999999936,0.33917467495759596
TTEC,0001013880,"TTEC Holdings, Inc.",NASDAQ,US,USD,Technology,Information Technology Services,172836811.0,3.56,2025-12-08T16:59:50.357274,3.54,3.58,1.0,2.0,78534.0,2025-12-08T17:00:34Z,0.040000000000000036,1.1235955056179785
BRR,0002056263,Columbus Circle Capital Corp I Class A Ordinary Shares,NASDAQ,US,USD,Financial Services,Asset Management,128664914.0,3.78,2025-12-08T16:59:50.357615,3.78,3.79,2.0,1.0,1842973.0,2025-12-08T17:00:53Z,0.010000000000000231,0.2642007926023839
CBFV,0001605301,"CB Financial Services, Inc.",NASDAQ,US,USD,Financial Services,Banks - Regional,175328592.0,34.99,2025-12-08T16:59:50.357934,34.36,35.0,71.0,200.0,842.0,2025-12-08T17:00:24Z,0.6400000000000006,1.8454440599769337
ZVIA,0001854139,Zevia PBC,NYSE,US,USD,Consumer Defensive,Beverages - Non-Alcoholic,172964727.0,2.565,2025-12-08T16:59:50.357994,2.56,2.57,3500.0,2000.0,130226.0,2025-12-08T17:00:28Z,0.009999999999999787,0.3898635477582763
CATX,0000728387,"Perspective Therapeutics, Inc.",AMEX,US,USD,Healthcare,Medical - Devices,176515303.0,2.375,2025-12-08T16:59:50.358049,2.36,2.37,895.0,629.0,424455.0,2025-12-08T17:00:56Z,0.010000000000000231,0.4228329809725256
GNLX,0001231457,Genelux Corporation,NASDAQ,US,USD,Healthcare,Biotechnology,173135558.0,4.55,2025-12-08T16:59:50.358104,4.54,4.57,68.0,325.0,69697.0,2025-12-08T17:00:35Z,0.03000000000000025,0.6586169045005543
ESCA,0000033488,"Escalade, Incorporated",NASDAQ,US,USD,Consumer Cyclical,Leisure,175721674.0,12.73,2025-12-08T16:59:50.358441,12.66,12.74,7.0,99.0,5025.0,2025-12-08T16:59:25Z,0.08000000000000007,0.6299212598425202
HSDT,0001610853,Solana Company,NASDAQ,US,USD,Healthcare,Medical - Devices,165637009.0,4.1101,2025-12-08T16:59:50.358485,4.05,4.13,700.0,100.0,240591.0,2025-12-08T17:00:26Z,0.08000000000000007,1.9559902200489014
CZWI,0001367859,"Citizens Community Bancorp, Inc.",NASDAQ,US,USD,Financial Services,Banks - Regional,177998654.0,17.84,2025-12-08T16:59:50.358596,17.83,17.9,4.0,6.0,2102.0,2025-12-08T16:50:58Z,0.07000000000000028,0.3918275958578242
VLN,0001863006,Valens Semiconductor Ltd.,NYSE,IL,USD,Technology,Semiconductors,174670851.0,1.675,2025-12-08T16:59:50.358698,1.67,1.68,3400.0,2900.0,116948.0,2025-12-08T16:58:42Z,0.010000000000000009,0.5970149253731349
ACR,0001332551,ACRES Commercial Realty Corp.,NYSE,US,USD,Real Estate,REIT - Mortgage,175608346.0,24.02,2025-12-08T16:59:50.358809,23.8,24.15,200.0,100.0,13947.0,2025-12-08T16:59:34Z,0.34999999999999787,1.4598540145985313
DOGZ,0001707303,Dogness (International) Corporation,NASDAQ,CN,USD,Consumer Cyclical,Leisure,157051323.0,11.71,2025-12-08T16:59:50.358993,11.56,11.72,100.0,100.0,2874.0,2025-12-08T17:00:46Z,0.16000000000000014,1.3745704467353963
MBOT,0000883975,Microbot Medical Inc.,NASDAQ,US,USD,Healthcare,Medical - Instruments & Supplies,106179107.0,2.33,2025-12-08T16:59:50.359350,2.32,2.33,1457.0,2209.0,817558.0,2025-12-08T17:01:03Z,0.010000000000000231,0.4301075268817303
ARQ,0001515156,"Arq, Inc.",NASDAQ,US,USD,Industrials,Industrial - Pollution & Treatment Controls,157113493.0,3.68,2025-12-08T16:59:50.359432,3.67,3.69,200.0,459.0,71325.0,2025-12-08T17:01:04Z,0.020000000000000018,0.5434782608695657
PMTS,0001641614,CPI Card Group Inc.,NASDAQ,US,USD,Financial Services,Financial - Credit Services,185844620.0,16.32,2025-12-08T16:59:50.359599,16.2,16.32,48.0,30.0,27172.0,2025-12-08T17:00:46Z,0.120000000000001,0.738007380073807
RAIL,0001320854,"FreightCar America, Inc.",NASDAQ,US,USD,Industrials,Railroads,167190014.0,8.76,2025-12-08T16:59:50.359655,8.73,8.76,169.0,106.0,32061.0,2025-12-08T17:00:41Z,0.02999999999999936,0.34305317324184514
IMMX,0001873835,"Immix Biopharma, Inc.",NASDAQ,US,USD,Healthcare,Biotechnology,173234767.0,5.1599,2025-12-08T16:59:50.359706,5.16,5.2,101.0,201.0,5032462.0,2025-12-08T17:01:07Z,0.040000000000000036,0.7722007722007729
SAVA,0001069530,"Cassava Sciences, Inc.",NASDAQ,US,USD,Healthcare,Biotechnology,155792965.0,3.225,2025-12-08T16:59:50.359990,3.22,3.23,100.0,100.0,240147.0,2025-12-08T17:01:08Z,0.009999999999999787,0.3100775193798383
IMDX,0001642380,Insight Molecular Diagnostics Inc.,NASDAQ,US,USD,Healthcare,Biotechnology,149055072.0,5.2,2025-12-08T16:59:50.360144,5.15,5.25,227.0,93.0,2875.0,2025-12-08T17:00:23Z,0.09999999999999964,1.9230769230769162
CAMP,0001736730,CAMP4 Therapeutics Corporation,NASDAQ,US,USD,Healthcare,Biotechnology,76889607.0,3.62,2025-12-08T16:59:50.360243,3.6,3.69,149.0,123.0,62088.0,2025-12-08T17:00:58Z,0.08999999999999986,2.4691358024691317
STEM,0001758766,"Stem, Inc.",NYSE,US,USD,Technology,Software - Infrastructure,153708611.0,18.32,2025-12-08T16:59:50.360387,18.18,18.47,100.0,200.0,62514.0,2025-12-08T16:46:05Z,0.28999999999999915,1.5825375170532014
ANIX,0000715446,"Anixa Biosciences, Inc.",NASDAQ,US,USD,Healthcare,Biotechnology,163087666.0,4.955,2025-12-08T16:59:50.360483,4.94,4.97,100.0,11.0,231277.0,2025-12-08T17:00:07Z,0.02999999999999936,0.6054490413723382
CFBK,0001070680,CF Bankshares Inc.,NASDAQ,US,USD,Financial Services,Banks - Regional,153297431.0,23.79,2025-12-08T16:59:50.360871,23.7,23.8,100.0,14.0,15170.0,2025-12-08T16:59:19Z,0.10000000000000142,0.42105263157895334
MDV,0001645873,Modiv Inc.,NYSE,US,USD,Real Estate,REIT - Diversified,148216832.0,14.425,2025-12-08T16:59:50.361131,14.43,14.5,200.0,100.0,18517.0,2025-12-08T16:40:11Z,0.07000000000000028,0.4839267196681665
TBI,0000768899,"TrueBlue, Inc.",NYSE,US,USD,Industrials,Staffing & Employment Services,147751275.0,4.935,2025-12-08T16:59:50.361176,4.93,4.94,195.0,148.0,41911.0,2025-12-08T17:00:03Z,0.010000000000000675,0.20263424518745035
VWAV,0001845942,"VisionWave Holdings, Inc.",NASDAQ,US,USD,Industrials,Aerospace & Defense,146516811.0,9.77,2025-12-08T16:59:50.361228,9.8,9.9,4.0,405.0,66871.0,2025-12-08T17:00:14Z,0.09999999999999964,1.0152284263959355
GCL,0002002045,GCL Global Holdings Ltd Ordinary Shares,NASDAQ,SG,USD,Technology,Electronic Gaming & Multimedia,150764763.0,1.23,2025-12-08T16:59:50.361291,1.21,1.24,300.0,100.0,88425.0,2025-12-08T16:50:06Z,0.030000000000000027,2.4489795918367365
CLPR,0001649096,Clipper Realty Inc.,NYSE,US,USD,Real Estate,REIT - Residential,55221187.0,3.42,2025-12-08T16:59:50.361408,3.4,3.5,2619.0,100.0,31527.0,2025-12-08T17:01:07Z,0.10000000000000009,2.898550724637684
ECBK,0001914605,"ECB Bancorp, Inc.",NASDAQ,US,USD,Financial Services,Banks - Regional,148491503.0,16.88,2025-12-08T16:59:50.361456,16.8,16.89,15.0,100.0,5134.0,2025-12-08T17:00:55Z,0.08999999999999986,0.5342831700801417
OZ,0001807046,"Belpointe PREP, LLC",AMEX,US,USD,Real Estate,Real Estate - Development,221779305.0,58.4988,2025-12-08T16:59:50.361554,58.09,58.73,100.0,100.0,53702.0,2025-12-08T16:50:04Z,0.6399999999999935,1.0957027906180337
SRI,0001043337,"Stoneridge, Inc.",NYSE,US,USD,Consumer Cyclical,Auto - Parts,162916564.0,5.815,2025-12-08T16:59:50.361969,5.81,5.83,200.0,200.0,20499.0,2025-12-08T17:00:22Z,0.020000000000000462,0.34364261168385674
AOMR,0001766478,"Angel Oak Mortgage, Inc.",NYSE,US,USD,Real Estate,REIT - Mortgage,203748920.0,8.73,2025-12-08T16:59:50.362011,8.72,8.74,71.0,74.0,28829.0,2025-12-08T16:50:09Z,0.019999999999999574,0.2290950744558943
ETHM,0002028699,Dynamix Corporation Class A Ordinary Shares,NASDAQ,US,USD,Financial Services,Financial - Conglomerates,170731000.0,10.285,2025-12-08T16:59:50.362100,10.28,10.29,371.0,170.0,55973.0,2025-12-08T17:00:07Z,0.009999999999999787,0.09722897423431975
LKSP,0002043508,Lake Superior Acquisition Corp.,NASDAQ,US,USD,Financial Services,Asset Management,155676294.0,9.9199,2025-12-08T16:59:50.362141,9.88,9.92,2800.0,1400.0,2019.0,2025-12-08T17:00:25Z,0.03999999999999915,0.40404040404039543
RANG,0002035644,Range Capital Acquisition Corp.,NASDAQ,US,USD,Financial Services,Financial - Conglomerates,168073000.0,10.48,2025-12-08T16:59:50.362182,10.44,10.5443,2000.0,2000.0,601.0,2025-12-08T16:50:49Z,0.10430000000000028,0.9940765238773778
SLND,0001883814,"Southland Holdings, Inc.",AMEX,US,USD,Industrials,Engineering & Construction,179655280.0,3.32,2025-12-08T16:59:50.362317,3.3,3.34,100.0,100.0,4753.0,2025-12-08T16:45:31Z,0.040000000000000036,1.204819277108435
XTKG,0001754323,X3 Holdings Co Ltd.,NASDAQ,SG,USD,Technology,Software - Application,163279329.0,1.7,2025-12-08T16:59:50.362466,1.67,1.71,1.0,10.0,312832.0,2025-12-08T16:45:43Z,0.040000000000000036,2.3668639053254457
FLX,0001858724,BingEx Limited,NASDAQ,CN,USD,Industrials,Integrated Freight & Logistics,79622827.0,3.485,2025-12-08T16:59:50.362575,3.46,3.5,200.0,100.0,66721.0,2025-12-08T17:00:35Z,0.040000000000000036,1.1494252873563229
SRG,0001628063,Seritage Growth Properties,NYSE,US,USD,Real Estate,REIT - Retail,185026334.0,3.285,2025-12-08T16:59:50.362611,3.25,3.31,200.0,500.0,106075.0,2025-12-08T16:59:31Z,0.06000000000000005,1.8292682926829285
DSX,0001318885,Diana Shipping Inc.,NYSE,GR,USD,Industrials,Marine Shipping,221707210.0,1.915,2025-12-08T16:59:50.362645,1.91,1.92,134.0,345.0,127751.0,2025-12-08T17:01:09Z,0.010000000000000009,0.522193211488251
SLQT,0001794783,"SelectQuote, Inc.",NYSE,US,USD,Financial Services,Insurance - Brokers,243720865.0,1.385,2025-12-08T16:59:50.362680,1.38,1.39,800.0,454.0,215908.0,2025-12-08T17:00:53Z,0.010000000000000009,0.7220216606498202
PNBK,0001098146,"Patriot National Bancorp, Inc.",NASDAQ,US,USD,Financial Services,Banks - Regional,147808727.0,1.3721,2025-12-08T16:59:50.362761,1.37,1.38,636.0,1903.0,129259.0,2025-12-08T17:01:15Z,0.009999999999999787,0.7272727272727117
NKSH,0000796534,"National Bankshares, Inc.",NASDAQ,US,USD,Financial Services,Banks - Regional,193778634.0,30.465,2025-12-08T16:59:50.362845,30.41,30.74,4.0,4.0,2024.0,2025-12-08T17:00:49Z,0.3299999999999983,1.0793131643499536
OSUR,0001116463,"OraSure Technologies, Inc.",NASDAQ,US,USD,Healthcare,Medical - Instruments & Supplies,186110275.0,2.5051,2025-12-08T16:59:50.362882,2.5,2.51,2940.0,872.0,159310.0,2025-12-08T17:01:17Z,0.009999999999999787,0.3992015968063787
KULR,0001662684,"KULR Technology Group, Inc.",AMEX,US,USD,Technology,"Hardware, Equipment & Parts",178723618.0,3.915,2025-12-08T16:59:50.363026,3.9,3.91,300.0,400.0,588025.0,2025-12-08T17:00:45Z,0.010000000000000231,0.2560819462227972
FCAP,0001070296,"First Capital, Inc.",NASDAQ,US,USD,Financial Services,Banks - Regional,171949849.0,51.25,2025-12-08T16:59:50.363077,51.1,51.7,500.0,100.0,6753.0,2025-12-08T16:51:03Z,0.6000000000000014,1.1673151750972788
RNAC,0001453687,"Cartesian Therapeutics, Inc.",NASDAQ,US,USD,Healthcare,Biotechnology,179554899.0,6.905,2025-12-08T16:59:50.363173,6.8,6.87,100.0,98.0,64314.0,2025-12-08T17:00:25Z,0.07000000000000028,1.0241404535479193
ASUR,0000884144,"Asure Software, Inc.",NASDAQ,US,USD,Technology,Software - Application,223107149.0,8.235,2025-12-08T16:59:50.363320,8.18,8.27,12.0,97.0,13573.0,2025-12-08T17:00:46Z,0.08999999999999986,1.0942249240121564
LODE,0001120970,Comstock Inc.,AMEX,US,USD,Real Estate,Real Estate - Services,117746334.0,3.275,2025-12-08T16:59:50.363433,3.24,3.3,400.0,200.0,510567.0,2025-12-08T17:00:11Z,0.05999999999999961,1.8348623853210888
LIEN,0001843162,"Chicago Atlantic BDC, Inc.",NASDAQ,US,USD,Financial Services,Asset Management,244408519.0,10.71,2025-12-08T16:59:50.363552,10.6,10.78,1.0,1.0,9259.0,2025-12-08T17:00:50Z,0.17999999999999972,1.683816651075769
DERM,0001867066,Journey Medical Corporation,NASDAQ,US,USD,Healthcare,Drug Manufacturers - Specialty & Generic,188361903.0,8.172,2025-12-08T16:59:50.363606,8.17,8.23,160.0,200.0,21350.0,2025-12-08T17:01:17Z,0.0600000000000005,0.7317073170731768
INGN,0001294133,"Inogen, Inc.",NASDAQ,US,USD,Healthcare,Medical - Devices,184647177.0,6.8016,2025-12-08T16:59:50.364003,6.81,6.85,4.0,120.0,42090.0,2025-12-08T17:01:08Z,0.040000000000000036,0.5856515373352861
BZUN,0001625414,Baozun Inc.,NASDAQ,CN,USD,Consumer Cyclical,Specialty Retail,171249518.0,2.96,2025-12-08T16:59:50.364049,2.96,2.97,716.0,474.0,53604.0,2025-12-08T17:00:07Z,0.010000000000000231,0.3372681281618965
VIOT,0001742770,"Viomi Technology Co., Ltd",NASDAQ,CN,USD,Consumer Cyclical,"Furnishings, Fixtures & Appliances",161532745.0,2.365,2025-12-08T16:59:50.364103,2.34,2.36,100.0,800.0,180070.0,2025-12-08T17:01:19Z,0.020000000000000018,0.8510638297872349
PLCE,0001041859,"The Children's Place, Inc.",NASDAQ,US,USD,Consumer Cyclical,Apparel - Retail,169362672.0,7.64,2025-12-08T16:59:50.364267,7.6,7.67,1.0,68.0,86910.0,2025-12-08T17:00:58Z,0.07000000000000028,0.9168303863785237
SMHI,0001690334,SEACOR Marine Holdings Inc.,NYSE,US,USD,Industrials,Marine Shipping,191936083.0,7.115,2025-12-08T16:59:50.364322,7.08,7.15,3.0,53.0,14835.0,2025-12-08T17:01:15Z,0.07000000000000028,0.9838369641602288
FOA,0001828937,Finance Of America Companies Inc.,NYSE,US,USD,Financial Services,Financial - Credit Services,225645601.0,22.45,2025-12-08T16:59:50.364635,22.45,22.56,6.0,252.0,23158.0,2025-12-08T17:01:18Z,0.10999999999999943,0.48878027105087507
OVBC,0000894671,Ohio Valley Banc Corp.,NASDAQ,US,USD,Financial Services,Banks - Regional,196024752.0,41.61,2025-12-08T16:59:50.364739,41.59,41.99,1.0,18.0,15395.0,2025-12-08T17:00:25Z,0.3999999999999986,0.9571667863125114
MNTK,0001826600,"Montauk Renewables, Inc.",NASDAQ,US,USD,Utilities,Diversified Utilities,244681381.0,1.72,2025-12-08T16:59:50.364993,1.72,1.73,29.0,148.0,21807.0,2025-12-08T17:01:17Z,0.010000000000000009,0.5797101449275368
EMPD,0001829794,Empery Digital Inc.,NASDAQ,US,USD,Consumer Cyclical,Auto - Recreational Vehicles,172759591.0,4.74,2025-12-08T16:59:50.365092,4.73,4.74,3.0,266.0,374003.0,2025-12-08T17:01:03Z,0.009999999999999787,0.21119324181625734
FC,0000886206,Franklin Covey Co.,NYSE,US,USD,Industrials,Consulting Services,192913054.0,15.87,2025-12-08T16:59:50.365248,15.76,15.9,2.0,26.0,28643.0,2025-12-08T17:01:15Z,0.14000000000000057,0.8843967150979188
ESGL,0001957538,ESGL Holdings Limited,NASDAQ,SG,USD,Industrials,Waste Management,164054099.0,3.87,2025-12-08T16:59:50.365297,3.87,3.88,24.0,1900.0,3884.0,2025-12-08T17:00:20Z,0.009999999999999787,0.25806451612902676
PLMK,0002030482,Plum Acquisition Corp. IV,NASDAQ,US,USD,Financial Services,Financial - Conglomerates,252125900.0,10.4,2025-12-08T16:59:50.365452,10.38,10.48,100.0,400.0,6609.0,2025-12-08T17:00:50Z,0.09999999999999964,0.9587727708533044
RDNW,0001596961,"RideNow Group, Inc.",NASDAQ,US,USD,Consumer Cyclical,Auto - Dealerships,141044932.0,3.71,2025-12-08T16:59:50.365510,3.63,3.74,100.0,18.0,15873.0,2025-10-20T17:37:29Z,0.11000000000000032,2.9850746268656803
BTCS,0001436229,BTCS Inc.,NASDAQ,US,USD,Financial Services,Financial - Capital Markets,160976796.0,3.35,2025-12-08T16:59:50.365561,3.34,3.35,311.0,300.0,286578.0,2025-12-08T17:01:18Z,0.010000000000000231,0.29895366218236863
AREN,0000894871,"The Arena Group Holdings, Inc.",AMEX,US,USD,Communication Services,Internet Content & Information,197694845.0,4.165,2025-12-08T16:59:50.365725,4.15,4.18,100.0,100.0,37710.0,2025-12-08T16:56:49Z,0.02999999999999936,0.720288115246083
HBB,0001709164,Hamilton Beach Brands Holding Company,NYSE,US,USD,Consumer Cyclical,"Furnishings, Fixtures & Appliances",224258864.0,16.68,2025-12-08T16:59:50.365785,16.46,16.74,100.0,47.0,7798.0,2025-12-08T17:00:46Z,0.2799999999999976,1.6867469879517927
OVLY,0001431567,Oak Valley Bancorp,NASDAQ,US,USD,Financial Services,Banks - Regional,232857015.0,27.76,2025-12-08T16:59:50.365956,27.61,27.8,100.0,14.0,9726.0,2025-12-08T17:01:17Z,0.19000000000000128,0.6857967875834733
ELMD,0001488917,"Electromed, Inc.",AMEX,US,USD,Healthcare,Medical - Devices,239720800.0,28.74,2025-12-08T16:59:50.366004,28.44,28.85,139.0,1.0,25583.0,2025-12-08T17:00:21Z,0.41000000000000014,1.4313143655088152
PERF,0001899830,Perfect Corp.,NYSE,TW,USD,Technology,Software - Application,186778972.0,1.8203,2025-12-08T16:59:50.366204,1.82,1.83,200.0,600.0,47592.0,2025-12-08T16:59:09Z,0.010000000000000009,0.5479452054794525
CHRS,0001512762,"Coherus Oncology, Inc.",NASDAQ,US,USD,Healthcare,Biotechnology,149528013.0,1.29,2025-12-08T16:59:50.366255,1.29,1.3,218.0,772.0,1029839.0,2025-12-08T17:01:11Z,0.010000000000000009,0.7722007722007729
AVIR,0001593899,"Atea Pharmaceuticals, Inc.",NASDAQ,US,USD,Healthcare,Biotechnology,244930885.0,3.135,2025-12-08T16:59:50.366307,3.13,3.14,330.0,311.0,75386.0,2025-12-08T17:01:19Z,0.010000000000000231,0.3189792663476948
CRNT,0001119769,Ceragon Networks Ltd.,NASDAQ,IL,USD,Technology,Communication Equipment,180108498.0,2.025,2025-12-08T16:59:50.366357,2.02,2.03,918.0,800.0,177699.0,2025-12-08T17:00:30Z,0.009999999999999787,0.49382716049381664
MPTI,0001902314,"M-tron Industries, Inc.",AMEX,US,USD,Technology,"Hardware, Equipment & Parts",151910026.0,51.85,2025-12-08T16:59:50.366418,51.69,52.2,61.0,100.0,12526.0,2025-12-08T17:01:07Z,0.5100000000000051,0.9818076812012805
ALTS,0000862861,ALT5 Sigma Corporation,NASDAQ,US,USD,Technology,Software - Application,169751281.0,1.385,2025-12-08T16:59:50.366641,1.38,1.39,8.0,1421.0,1466404.0,2025-12-08T17:01:22Z,0.010000000000000009,0.7220216606498202
MASS,0001555279,908 Devices Inc.,NASDAQ,US,USD,Healthcare,Medical - Devices,241765940.0,6.68,2025-12-08T16:59:50.366750,6.66,6.69,15.0,1.0,95477.0,2025-12-08T17:01:20Z,0.03000000000000025,0.4494382022471947
ARCT,0001768224,Arcturus Therapeutics Holdings Inc.,NASDAQ,US,USD,Healthcare,Biotechnology,196691242.0,7.2509,2025-12-08T16:59:50.366869,7.22,7.27,32.0,14.0,451167.0,2025-12-08T17:01:22Z,0.04999999999999982,0.6901311249137313
GHG,0001724755,GreenTree Hospitality Group Ltd.,NYSE,CN,USD,Consumer Cyclical,Travel Lodging,182727617.0,1.802,2025-12-08T16:59:50.366934,1.77,1.84,280.0,100.0,16835.0,2025-12-08T16:59:41Z,0.07000000000000006,3.878116343490308
MDWD,0001593984,MediWound Ltd.,NASDAQ,IL,USD,Healthcare,Biotechnology,203345626.0,18.72,2025-12-08T16:59:50.366998,18.61,18.77,3.0,27.0,130165.0,2025-12-08T17:01:20Z,0.16000000000000014,0.8560727661851265
EMIS,0002075816,Emmis Acquisition Corp.,NASDAQ,US,USD,Financial Services,Financial - Credit Services,158073847.0,10.02,2025-12-08T16:59:50.367087,9.94,10.02,2.0,2.0,206.0,2025-12-05T21:00:00Z,0.08000000000000007,0.8016032064128262
BDTX,0001701541,"Black Diamond Therapeutics, Inc.",NASDAQ,US,USD,Healthcare,Biotechnology,155826387.0,2.735,2025-12-08T16:59:50.367145,2.72,2.74,425.0,858.0,580530.0,2025-12-08T17:01:22Z,0.020000000000000018,0.7326007326007331
SXTC,0001723980,"China SXT Pharmaceuticals, Inc.",NASDAQ,CN,USD,Healthcare,Drug Manufacturers - Specialty & Generic,157797027.0,1.36,2025-12-08T16:59:50.367202,1.35,1.39,3120.0,200.0,33045.0,2025-12-08T17:01:18Z,0.039999999999999813,2.9197080291970665
MCGA,0002064658,Yorkville Acquisition Corp.,NASDAQ,US,USD,Financial Services,Asset Management,180541406.0,10.125,2025-12-08T16:59:50.367255,10.08,10.15,2.0,2.0,26382.0,2025-12-08T16:42:20Z,0.07000000000000028,0.6920415224913523
IMMR,0001058811,Immersion Corporation,NASDAQ,US,USD,Technology,Software - Application,227578366.0,7.025,2025-12-08T16:59:50.367310,7.02,7.03,400.0,398.0,268911.0,2025-12-08T17:01:19Z,0.010000000000000675,0.14234875444840817
HNVR,0001828588,"Hanover Bancorp, Inc.",NASDAQ,US,USD,Financial Services,Banks - Regional,166360651.0,23.13,2025-12-08T16:59:50.367404,23.1,23.21,100.0,1.0,1652.0,2025-12-08T17:00:07Z,0.10999999999999943,0.4750593824228004
MYFW,0001327607,"First Western Financial, Inc.",NASDAQ,US,USD,Financial Services,Banks - Regional,237427537.0,24.44,2025-12-08T16:59:50.367599,24.33,24.7,2.0,9.0,5140.0,2025-12-08T17:01:18Z,0.370000000000001,1.5092800326330857
JAKK,0001009829,"JAKKS Pacific, Inc.",NASDAQ,US,USD,Consumer Cyclical,Leisure,185841859.0,16.709,2025-12-08T16:59:50.367778,16.68,16.73,106.0,44.0,50345.0,2025-12-08T17:01:17Z,0.05000000000000071,0.29931158335828023
QNCX,0001662774,"Quince Therapeutics, Inc.",NASDAQ,US,USD,Healthcare,Biotechnology,206856735.0,3.715,2025-12-08T16:59:50.367938,3.69,3.75,47.0,112.0,647304.0,2025-12-08T17:00:26Z,0.06000000000000005,1.6129032258064533
JILL,0001687932,"J.Jill, Inc.",NYSE,US,USD,Consumer Cyclical,Apparel - Retail,186942012.0,16.19,2025-12-08T16:59:50.368065,16.13,16.22,35.0,34.0,14476.0,2025-12-08T17:01:21Z,0.08999999999999986,0.5564142194744969
AEYE,0001362190,"AudioEye, Inc.",NASDAQ,US,USD,Technology,Software - Application,165043420.0,13.29,2025-12-08T16:59:50.368097,13.17,13.29,87.0,58.0,8946.0,2025-12-08T17:01:01Z,0.11999999999999922,0.907029478458044
FVCB,0001675644,"FVCBankcorp, Inc.",NASDAQ,US,USD,Financial Services,Banks - Regional,235695575.0,13.04,2025-12-08T16:59:50.368156,12.93,13.13,100.0,3.0,888.0,2025-12-08T17:01:21Z,0.20000000000000107,1.5349194167306297
TRVG,0001683825,trivago N.V.,NASDAQ,DE,USD,Communication Services,Internet Content & Information,214232769.0,3.045,2025-12-08T16:59:50.368226,3.02,3.08,42.0,100.0,25053.0,2025-12-08T16:50:54Z,0.06000000000000005,1.9672131147541003
IRD,0001228627,"Opus Genetics, Inc.",NASDAQ,US,USD,Healthcare,Biotechnology,156425764.0,2.2691,2025-12-08T16:59:50.368266,2.25,2.27,800.0,200.0,74109.0,2025-12-08T17:00:25Z,0.020000000000000018,0.8849557522123902
DIBS,0001600641,"1stdibs.Com, Inc.",NASDAQ,US,USD,Consumer Cyclical,Specialty Retail,215181816.0,5.975,2025-12-08T16:59:50.368302,5.95,5.99,24.0,7.0,51014.0,2025-12-08T17:01:28Z,0.040000000000000036,0.670016750418761
OGI,0001620737,Organigram Global Inc.,NASDAQ,CA,USD,Healthcare,Drug Manufacturers - Specialty & Generic,223146908.0,1.665,2025-12-08T16:59:50.368337,1.66,1.67,800.0,4507.0,260463.0,2025-12-08T17:01:25Z,0.010000000000000009,0.6006006006006012
IPHA,0001598599,Innate Pharma S.A.,NASDAQ,FR,USD,Healthcare,Biotechnology,160392960.0,1.904,2025-12-08T16:59:50.368444,1.86,1.91,100.0,109.0,5911.0,2025-12-08T16:50:54Z,0.04999999999999982,2.6525198938991945
ISTR,0001602658,Investar Holding Corporation,NASDAQ,US,USD,Financial Services,Banks - Regional,259330887.0,26.37,2025-12-08T16:59:50.368515,26.2,26.38,100.0,69.0,4099.0,2025-12-08T17:01:00Z,0.17999999999999972,0.6846709775580058
FXNC,0000719402,First National Corporation,NASDAQ,US,USD,Financial Services,Banks - Regional,221687417.0,24.665,2025-12-08T16:59:50.368551,24.6,24.9,2.0,100.0,3672.0,2025-12-08T17:01:05Z,0.29999999999999716,1.2121212121212006
FOSL,0000883569,"Fossil Group, Inc.",NASDAQ,US,USD,Consumer Cyclical,Luxury Goods,194183988.0,3.655,2025-12-08T16:59:50.368698,3.65,3.66,359.0,352.0,264320.0,2025-12-08T17:01:29Z,0.010000000000000231,0.27359781121751653
INSG,0001022652,Inseego Corp.,NASDAQ,US,USD,Technology,Communication Equipment,177468078.0,11.5801,2025-12-08T16:59:50.368760,11.65,11.68,32.0,33.0,40436.0,2025-12-08T17:01:25Z,0.02999999999999936,0.2571795970852925
GWRS,0001434728,"Global Water Resources, Inc.",NASDAQ,US,USD,Utilities,Regulated Water,241609317.0,8.41,2025-12-08T16:59:50.368800,8.41,8.42,305.0,114.0,21128.0,2025-12-08T17:00:52Z,0.009999999999999787,0.11883541295305748
GPJA,0000041091,Georgia Power Company 5% JR SUB NT 77,NYSE,US,USD,Utilities,Regulated Electric,208661595.0,22.53,2025-12-08T16:59:50.368880,22.43,22.63,100.0,100.0,4061.0,2025-12-08T17:00:45Z,0.1999999999999993,0.8877052818464237
FNWD,0000919864,Finward Bancorp,NASDAQ,US,USD,Financial Services,Banks - Regional,169402050.0,39.15,2025-12-08T16:59:50.368967,38.54,39.16,35.0,1.0,4562.0,2025-12-08T17:00:01Z,0.6199999999999974,1.5958815958815895
MCRB,0001609809,"Seres Therapeutics, Inc.",NASDAQ,US,USD,Healthcare,Biotechnology,150798375.0,17.185,2025-12-08T16:59:50.369019,16.97,17.26,20.0,2.0,73357.0,2025-12-08T17:01:31Z,0.2900000000000027,1.6944200993280905
MPAA,0000918251,"Motorcar Parts of America, Inc.",NASDAQ,US,USD,Consumer Cyclical,Auto - Parts,260170304.0,13.335,2025-12-08T16:59:50.369217,13.3,13.37,106.0,5.0,104907.0,2025-12-08T17:01:20Z,0.06999999999999851,0.5249343832020885
RCKY,0000895456,"Rocky Brands, Inc.",NASDAQ,US,USD,Consumer Cyclical,Apparel - Footwear & Accessories,215296054.0,28.8533,2025-12-08T16:59:50.369586,28.81,29.15,2.0,3.0,6803.0,2025-12-08T17:00:37Z,0.33999999999999986,1.1732229123533469
TGEN,0001537435,Tecogen Inc.,AMEX,US,USD,Industrials,Electrical Equipment & Parts,204448381.0,6.85,2025-12-08T16:59:50.369865,6.78,6.86,100.0,13.0,128118.0,2025-12-08T17:01:00Z,0.08000000000000007,1.1730205278592385
SABS,0001833214,"SAB Biotherapeutics, Inc.",NASDAQ,US,USD,Healthcare,Biotechnology,35986495.0,3.765,2025-12-08T16:59:50.369979,3.72,3.8,12.0,1.0,128121.0,2025-12-08T16:59:07Z,0.07999999999999963,2.1276595744680753
BRLT,0001866757,"Brilliant Earth Group, Inc.",NASDAQ,US,USD,Consumer Cyclical,Luxury Goods,124984630.0,1.955,2025-12-08T16:59:50.370037,1.95,1.97,5.0,100.0,16149.0,2025-12-08T17:01:19Z,0.020000000000000018,1.020408163265307
BANX,0001578987,ArrowMark Financial Corp.,NASDAQ,US,USD,Financial Services,Asset Management,152946407.0,21.46,2025-12-08T16:59:50.370301,21.28,21.67,1.0,1.0,7365.0,2025-12-08T16:40:09Z,0.39000000000000057,1.8160651920838207
HUMA,0001818382,"Humacyte, Inc.",NASDAQ,US,USD,Healthcare,Biotechnology,183521363.0,1.285,2025-12-08T16:59:50.370977,1.28,1.29,4880.0,4456.0,2694559.0,2025-12-08T17:01:33Z,0.010000000000000009,0.7782101167315181
FINW,0001856365,FinWise Bancorp,NASDAQ,US,USD,Financial Services,Banks - Regional,246195009.0,18.12,2025-12-08T16:59:50.371024,17.82,18.14,4.0,5.0,946.0,2025-12-08T17:01:30Z,0.3200000000000003,1.7797552836484998
TNXP,0001430306,Tonix Pharmaceuticals Holding Corp.,NASDAQ,US,USD,Healthcare,Biotechnology,171280430.0,19.54,2025-12-08T16:59:50.371323,19.49,19.56,1.0,13.0,251025.0,2025-12-08T17:00:58Z,0.07000000000000028,0.35851472471190926
DGXX,0001854368,Digi Power X Inc.,NASDAQ,CA,USD,Technology,Software - Infrastructure,159883675.0,3.576,2025-12-08T16:59:50.371382,3.56,3.58,1.0,1942.0,1616241.0,2025-12-08T17:01:33Z,0.020000000000000018,0.5602240896358548
GAMB,0001839799,Gambling.com Group Limited,NASDAQ,JE,USD,Consumer Cyclical,"Gambling, Resorts & Casinos",189365380.0,5.376,2025-12-08T16:59:50.371631,5.37,5.39,518.0,300.0,149581.0,2025-12-08T16:59:40Z,0.019999999999999574,0.3717472118959029
AMPY,0001533924,Amplify Energy Corp.,NYSE,US,USD,Energy,Oil & Gas Exploration & Production,211082324.0,5.215,2025-12-08T16:59:50.371831,5.22,5.23,429.0,340.0,411023.0,2025-12-08T17:01:36Z,0.010000000000000675,0.19138755980862537
SDHC,0001982518,Smith Douglas Homes Corp.,NYSE,US,USD,Real Estate,Real Estate - Development,182246464.0,20.21,2025-12-08T16:59:50.371895,20.13,20.39,20.0,32.0,6667.0,2025-12-08T17:01:21Z,0.26000000000000156,1.2833168805528212
EMP,0000066901,"Entergy Mississippi, Inc. 1M BD 66",NYSE,US,USD,Utilities,Regulated Electric,182036892.0,21.005,2025-12-08T16:59:50.372034,20.95,21.11,300.0,200.0,6229.0,2025-12-08T17:00:01Z,0.16000000000000014,0.7608178792201623
SRFM,0001936224,Surf Air Mobility Inc.,NYSE,US,USD,Industrials,"Airlines, Airports & Air Services",74672102.0,2.215,2025-12-08T16:59:50.372284,2.19,2.24,1900.0,3700.0,1386129.0,2025-12-08T16:59:40Z,0.050000000000000266,2.2573363431151363
EARN,0001560672,Ellington Credit Company,NYSE,US,USD,Financial Services,Asset Management,198936348.0,5.295,2025-12-08T16:59:50.372455,5.29,5.3,1087.0,400.0,92151.0,2025-12-08T17:01:30Z,0.009999999999999787,0.18885741265344264
CRBU,0001619856,"Caribou Biosciences, Inc.",NASDAQ,US,USD,Healthcare,Biotechnology,176140250.0,1.895,2025-12-08T16:59:50.372696,1.89,1.9,636.0,1400.0,386167.0,2025-12-08T17:01:27Z,0.010000000000000009,0.5277044854881272
GTE,0001273441,Gran Tierra Energy Inc.,AMEX,CA,USD,Energy,Oil & Gas Exploration & Production,166394415.0,4.715,2025-12-08T16:59:50.372777,4.7,4.72,317.0,411.0,113997.0,2025-12-08T17:01:26Z,0.019999999999999574,0.4246284501061481
HCAT,0001636422,"Health Catalyst, Inc.",NASDAQ,US,USD,Healthcare,Medical - Healthcare Information Services,186375879.0,2.635,2025-12-08T16:59:50.373030,2.63,2.64,210.0,108.0,170975.0,2025-12-08T17:01:40Z,0.010000000000000231,0.37950664136623274
BHR,0001574085,Braemar Hotels & Resorts Inc.,NYSE,US,USD,Real Estate,REIT - Hotel & Motel,175665037.0,2.575,2025-12-08T16:59:50.373141,2.57,2.58,7.0,241.0,221213.0,2025-12-08T17:01:39Z,0.010000000000000231,0.3883495145631158
GHI,0001059142,Greystone Housing Impact Investors LP,NYSE,US,USD,Financial Services,Financial - Mortgages,154936716.0,6.57,2025-12-08T16:59:50.373351,6.52,6.65,200.0,103.0,47655.0,2025-12-08T17:00:58Z,0.13000000000000078,1.974183750949139
NVCT,0001875558,"Nuvectis Pharma, Inc.",NASDAQ,US,USD,Healthcare,Biotechnology,168503147.0,6.58,2025-12-08T16:59:50.373442,6.58,6.66,2.0,2.0,37382.0,2025-12-08T17:01:47Z,0.08000000000000007,1.2084592145015116
FRAF,0000723646,Franklin Financial Services Corporation,NASDAQ,US,USD,Financial Services,Banks - Regional,241330514.0,53.88,2025-12-08T16:59:50.374491,53.54,53.98,100.0,20.0,11888.0,2025-12-08T17:00:06Z,0.4399999999999977,0.8184523809523768
KGEI,0001477081,Kolibri Global Energy Inc.,NASDAQ,US,USD,Energy,Oil & Gas Exploration & Production,139661169.0,3.95,2025-12-08T16:59:50.556794,3.95,3.99,1107.0,100.0,6082.0,2025-12-08T17:00:20Z,0.040000000000000036,1.0075566750629732
MRCC,0001512931,Monroe Capital Corporation,NASDAQ,US,USD,Financial Services,Asset Management,144297824.0,6.66,2025-12-08T16:59:50.557086,6.66,6.71,89.0,201.0,34563.0,2025-12-08T17:01:06Z,0.04999999999999982,0.747943156320117
FF,0001337298,FutureFuel Corp.,NYSE,US,USD,Basic Materials,Chemicals,139951361.0,3.195,2025-12-08T16:59:50.557345,3.19,3.22,232.0,536.0,52572.0,2025-12-08T17:01:43Z,0.03000000000000025,0.9360374414976675
OCCI,0001716951,"OFS Credit Company, Inc.",NASDAQ,US,USD,Financial Services,Asset Management,137418372.0,4.9667,2025-12-08T16:59:50.557621,4.96,4.99,100.0,400.0,192188.0,2025-12-08T17:01:18Z,0.03000000000000025,0.6030150753768895
CHCI,0001299969,"Comstock Holding Companies, Inc.",NASDAQ,US,USD,Real Estate,Real Estate - Diversified,137354208.0,13.92,2025-12-08T16:59:50.557752,13.81,14.0,3.0,7.0,8499.0,2025-12-08T16:50:17Z,0.1899999999999995,1.3664149586479646
EBMT,0001478454,"Eagle Bancorp Montana, Inc.",NASDAQ,US,USD,Financial Services,Banks - Regional,142662055.0,17.94,2025-12-08T16:59:50.557922,17.86,17.96,50.0,100.0,7188.0,2025-12-08T17:01:23Z,0.10000000000000142,0.5583472920156416
CLAR,0000913277,Clarus Corporation,NASDAQ,US,USD,Consumer Cyclical,Leisure,131526247.0,3.425,2025-12-08T16:59:50.557954,3.42,3.44,7.0,290.0,14646.0,2025-12-08T17:01:46Z,0.020000000000000018,0.5830903790087469
LNSR,0001320350,"LENSAR, Inc.",NASDAQ,US,USD,Healthcare,Medical - Devices,133002520.0,11.135,2025-12-08T16:59:50.558080,11.05,11.23,1.0,46.0,13081.0,2025-12-08T17:01:23Z,0.17999999999999972,1.6157989228007157
DLNG,0001578453,Dynagas LNG Partners LP,NYSE,GR,USD,Energy,Oil & Gas Midstream,138452111.0,3.79,2025-12-08T16:59:50.558165,3.78,3.8,100.0,2000.0,10914.0,2025-12-08T16:43:18Z,0.020000000000000018,0.5277044854881272
GANX,0001819411,"Gain Therapeutics, Inc.",NASDAQ,US,USD,Healthcare,Biotechnology,138607523.0,3.84,2025-12-08T16:59:50.558205,3.83,3.85,250.0,350.0,1435851.0,2025-12-08T17:01:48Z,0.020000000000000018,0.5208333333333338
BGL,0002019435,Blue Gold Limited,NASDAQ,KY,USD,Basic Materials,Gold,118895972.0,3.82,2025-12-08T16:59:50.558475,3.79,3.85,125.0,200.0,166983.0,2025-12-08T17:00:23Z,0.06000000000000005,1.5706806282722525
NKTX,0001787400,"Nkarta, Inc.",NASDAQ,US,USD,Healthcare,Biotechnology,128918564.0,1.815,2025-12-08T16:59:50.558554,1.81,1.82,2944.0,2209.0,206110.0,2025-12-08T17:01:19Z,0.010000000000000009,0.5509641873278243
SLNH,0000064463,"Soluna Holdings, Inc.",NASDAQ,US,USD,Technology,"Hardware, Equipment & Parts",49239420.0,1.635,2025-12-08T16:59:50.558590,1.66,1.68,1120.0,700.0,1288793.0,2025-12-08T17:01:42Z,0.020000000000000018,1.1976047904191627
BOOM,0000034067,DMC Global Inc.,NASDAQ,US,USD,Energy,Oil & Gas Equipment & Services,130516039.0,6.34,2025-12-08T16:59:50.558622,6.32,6.34,27.0,71.0,87260.0,2025-12-08T17:00:14Z,0.019999999999999574,0.3159557661927263
MERC,0001333274,Mercer International Inc.,NASDAQ,CA,USD,Basic Materials,"Paper, Lumber & Forest Products",122243073.0,1.825,2025-12-08T16:59:50.558748,1.82,1.83,6000.0,2488.0,70260.0,2025-12-08T17:01:18Z,0.010000000000000009,0.5479452054794525
ATLN,0001605888,Atlantic International Corp.,NASDAQ,US,USD,Healthcare,Medical - Diagnostics & Research,99161915.0,1.825,2025-12-08T16:59:50.558826,1.79,1.84,43.0,217.0,8727.0,2025-12-08T16:54:48Z,0.050000000000000044,2.754820936639121
ASYS,0000720500,"Amtech Systems, Inc.",NASDAQ,US,USD,Technology,Semiconductors,122813803.0,8.58,2025-12-08T16:59:50.558894,8.53,8.59,300.0,101.0,21721.0,2025-12-08T17:00:04Z,0.0600000000000005,0.7009345794392582
ANVS,0001477845,"Annovis Bio, Inc.",NYSE,US,USD,Healthcare,Biotechnology,85481857.0,4.345,2025-12-08T16:59:50.558929,4.3,4.37,4.0,100.0,517941.0,2025-12-08T17:01:55Z,0.07000000000000028,1.6147635524798218
BTMD,0001819253,biote Corp.,NASDAQ,US,USD,Healthcare,Medical - Care Facilities,124891901.0,2.61,2025-12-08T16:59:50.558959,2.6,2.63,1910.0,942.0,47331.0,2025-12-08T17:00:49Z,0.029999999999999805,1.1472275334607955
AVD,0000005981,American Vanguard Corporation,NYSE,US,USD,Basic Materials,Agricultural Inputs,119557624.0,4.2,2025-12-08T16:59:50.558997,4.18,4.2,165.0,98.0,24282.0,2025-12-08T16:59:16Z,0.020000000000000462,0.47732696897375804
LIDR,0001818644,"AEye, Inc.",NASDAQ,US,USD,Consumer Cyclical,Auto - Parts,117368267.0,2.605,2025-12-08T16:59:50.559026,2.58,2.59,510.0,500.0,298398.0,2025-12-08T17:01:42Z,0.009999999999999787,0.3868471953578254
WWR,0000839470,"Westwater Resources, Inc.",AMEX,US,USD,Basic Materials,Industrial Materials,87237948.0,1.015,2025-12-08T16:59:50.559103,1.0,1.01,8167.0,500.0,865731.0,2025-12-08T17:01:42Z,0.010000000000000009,0.9950248756218916
SIEB,0000065596,Siebert Financial Corp.,NASDAQ,US,USD,Financial Services,Financial - Capital Markets,116381063.0,2.8788,2025-12-08T16:59:50.559139,2.87,2.89,112.0,7.0,6152.0,2025-12-08T17:01:42Z,0.020000000000000018,0.6944444444444451
ABOS,0001576885,"Acumen Pharmaceuticals, Inc.",NASDAQ,US,USD,Healthcare,Biotechnology,114483773.0,1.89,2025-12-08T16:59:50.559221,1.85,1.93,100.0,400.0,44464.0,2025-12-08T17:01:52Z,0.07999999999999985,4.232804232804225
MED,0000910329,"Medifast, Inc.",NYSE,US,USD,Consumer Cyclical,Personal Products & Services,122607650.0,11.155,2025-12-08T16:59:50.559334,11.14,11.21,101.0,7.0,65135.0,2025-12-08T17:01:54Z,0.07000000000000028,0.6263982102908302
ONL,0001873923,Orion Properties Inc.,NYSE,US,USD,Real Estate,REIT - Office,112629268.0,2.0,2025-12-08T16:59:50.559442,2.0,2.01,200.0,100.0,263468.0,2025-12-08T17:01:25Z,0.009999999999999787,0.49875311720697196
OMEX,0000798528,"Odyssey Marine Exploration, Inc.",NASDAQ,US,USD,Industrials,Specialty Business Services,65552786.0,2.105,2025-12-08T16:59:50.559484,2.1,2.11,242.0,652.0,342441.0,2025-12-08T17:01:18Z,0.009999999999999787,0.4750593824227927
MATH,0001408970,Metalpha Technology Holding Limited,NASDAQ,HK,USD,Industrials,"Airlines, Airports & Air Services",121654983.0,3.08,2025-12-08T16:59:50.559683,3.03,3.11,600.0,300.0,131308.0,2025-12-08T17:01:19Z,0.08000000000000007,2.605863192182413
KVHI,0001007587,"KVH Industries, Inc.",NASDAQ,US,USD,Technology,Communication Equipment,118110786.0,6.035,2025-12-08T16:59:50.559784,6.0,6.06,40.0,16.0,8979.0,2025-12-08T16:50:57Z,0.05999999999999961,0.9950248756218841
ICG,0001895597,Intchains Group Limited,NASDAQ,CN,USD,Technology,Semiconductors,54554958.0,1.81,2025-12-08T16:59:50.559895,1.81,1.85,600.0,200.0,42129.0,2025-12-08T17:01:48Z,0.040000000000000036,2.1857923497267775
EP,0000887396,Empire Petroleum Corporation,AMEX,US,USD,Energy,Oil & Gas Exploration & Production,107001386.0,3.175,2025-12-08T16:59:50.560024,3.19,3.28,3900.0,300.0,2582.0,2025-12-08T16:42:13Z,0.08999999999999986,2.782071097372484
QUIK,0000882508,QuickLogic Corporation,NASDAQ,US,USD,Technology,Semiconductors,107475337.0,6.29,2025-12-08T16:59:50.560058,6.29,6.32,30.0,53.0,23651.0,2025-12-08T17:01:18Z,0.03000000000000025,0.47581284694687154
EUDA,0001847846,EUDA Health Holdings Limited,NASDAQ,SG,USD,Healthcare,Medical - Healthcare Information Services,108918765.0,2.955,2025-12-08T16:59:50.560101,2.92,2.99,100.0,45.0,18515.0,2025-12-08T17:01:25Z,0.07000000000000028,2.3688663282572007
PROP,0001162896,Prairie Operating Co.,NASDAQ,US,USD,Financial Services,Financial - Capital Markets,88740141.0,1.765,2025-12-08T16:59:50.560136,1.76,1.77,867.0,1451.0,520679.0,2025-12-08T17:01:18Z,0.010000000000000009,0.5665722379603404
PEW,0002051380,GrabAGun Digital Holdings Inc.,NYSE,US,USD,Industrials,Aerospace & Defense,105806125.0,3.525,2025-12-08T16:59:50.560176,3.52,3.54,8.0,300.0,99503.0,2025-12-08T17:01:57Z,0.020000000000000018,0.5665722379603404
MX,0001325702,Magnachip Semiconductor Corporation,NYSE,LU,USD,Technology,Semiconductors,107393378.0,2.985,2025-12-08T16:59:50.560294,2.98,2.99,1600.0,2900.0,103556.0,2025-12-08T16:55:24Z,0.010000000000000231,0.3350083752093879
BEEP,0001918056,Mobile Infrastructure Corporation,NASDAQ,US,USD,Real Estate,Real Estate - General,107300798.0,2.65,2025-12-08T16:59:50.560334,2.64,2.69,43.0,100.0,9520.0,2025-12-08T17:01:19Z,0.04999999999999982,1.8761726078799181
SFBC,0001541119,"Sound Financial Bancorp, Inc.",NASDAQ,US,USD,Financial Services,Banks - Regional,113026806.0,44.26,2025-12-08T16:59:50.560378,44.09,44.49,100.0,100.0,12183.0,2025-12-08T17:00:50Z,0.3999999999999986,0.9031384059607103
BTM,0001901799,Bitcoin Depot Inc.,NASDAQ,US,USD,Financial Services,Financial - Capital Markets,35089627.0,1.305,2025-12-08T16:59:50.560411,1.3,1.31,1314.0,100.0,538318.0,2025-12-08T17:01:29Z,0.010000000000000009,0.7662835249042151
VANI,0001266806,"Vivani Medical, Inc.",NASDAQ,US,USD,Healthcare,Medical - Devices,85072694.0,1.44,2025-12-08T16:59:50.560446,1.43,1.45,100.0,462.0,47741.0,2025-12-08T17:00:27Z,0.020000000000000018,1.3888888888888902
DCGO,0001822359,DocGo Inc.,NASDAQ,US,USD,Healthcare,Medical - Care Facilities,98785595.0,1.01,2025-12-08T16:59:50.560476,1.01,1.02,2858.0,2119.0,124730.0,2025-12-08T17:00:55Z,0.010000000000000009,0.985221674876848
CHPG,0002024460,ChampionsGate Acquisition Corporation Class A Ordinary Share,NASDAQ,US,USD,Financial Services,Financial - Conglomerates,101670571.0,10.18,2025-12-08T16:59:50.560570,10.08,10.18,1.0,1600.0,5060.0,2025-12-08T17:00:27Z,0.09999999999999964,0.9871668311944684
SNCR,0001131554,"Synchronoss Technologies, Inc.",NASDAQ,US,USD,Technology,Software - Infrastructure,98215949.0,8.535,2025-12-08T16:59:50.560644,8.53,8.54,223.0,732.0,167837.0,2025-12-08T17:01:54Z,0.009999999999999787,0.11716461628587917
BAER,0001941536,"Bridger Aerospace Group Holdings, Inc. Common Stock",NASDAQ,US,USD,Industrials,Security & Protection Services,101088449.0,1.82,2025-12-08T16:59:50.560698,1.79,1.88,401.0,500.0,320990.0,2025-12-08T17:01:59Z,0.08999999999999986,4.904632152588548
STIM,0001227636,"Neuronetics, Inc.",NASDAQ,US,USD,Healthcare,Medical - Diagnostics & Research,88004410.0,1.285,2025-12-08T16:59:50.560731,1.28,1.29,395.0,1308.0,266394.0,2025-12-08T17:02:04Z,0.010000000000000009,0.7782101167315181
CODA,0001334325,"Coda Octopus Group, Inc.",NASDAQ,US,USD,Industrials,Aerospace & Defense,95952836.0,8.53,2025-12-08T16:59:50.560775,8.5,8.59,200.0,28.0,67294.0,2025-12-08T16:59:14Z,0.08999999999999986,1.053247513165592
NOEM,0001956648,CO2 Energy Transition Corp. Common Stock,NASDAQ,US,USD,Financial Services,Financial - Conglomerates,97966365.0,10.22,2025-12-08T16:59:50.560880,10.21,10.26,767.0,2200.0,105.0,2025-12-08T17:00:07Z,0.049999999999998934,0.48851978505128413
IRBT,0001159167,iRobot Corporation,NASDAQ,US,USD,Consumer Cyclical,"Furnishings, Fixtures & Appliances",110436924.0,3.47,2025-12-08T16:59:50.561144,3.41,3.42,79.0,749.0,24190328.0,2025-12-08T17:02:12Z,0.009999999999999787,0.29282576866763654
DTSQ,0002017950,DT Cloud Star Acquisition Corporation,NASDAQ,US,USD,Financial Services,Financial - Conglomerates,95417648.0,10.72,2025-12-08T16:59:50.561187,10.65,10.85,10.0,1.0,51.0,2025-12-05T21:00:00Z,0.1999999999999993,1.860465116279063
CNTX,0001842952,Context Therapeutics Inc.,NASDAQ,US,USD,Healthcare,Biotechnology,99229511.0,1.08,2025-12-08T16:59:50.561356,1.06,1.1,100.0,4522.0,92978.0,2025-12-08T17:01:54Z,0.040000000000000036,3.703703703703707
CFSB,0001879103,"CFSB Bancorp, Inc.",NASDAQ,US,USD,Financial Services,Banks - Regional,93317194.0,14.25,2025-12-08T16:59:50.561391,14.24,14.25,3936.0,243.0,12367.0,2025-10-31T23:45:36Z,0.009999999999999787,0.0702000702000687
ULBI,0000875657,Ultralife Corporation,NASDAQ,US,USD,Industrials,Electrical Equipment & Parts,94369291.0,5.67,2025-12-08T16:59:50.561534,5.52,5.57,10.0,200.0,4004.0,2025-12-08T17:02:05Z,0.05000000000000071,0.901713255184864
ADVM,0001501756,"Adverum Biotechnologies, Inc.",NASDAQ,US,USD,Healthcare,Biotechnology,95264270.0,4.315,2025-12-08T16:59:50.561573,4.31,4.32,115.0,2358.0,162389.0,2025-12-08T17:01:34Z,0.010000000000000675,0.23174971031287775
CHMI,0001571776,Cherry Hill Mortgage Investment Corporation,NYSE,US,USD,Real Estate,REIT - Mortgage,90011868.0,2.45,2025-12-08T16:59:50.561781,2.45,2.46,7700.0,300.0,95810.0,2025-12-08T17:01:57Z,0.009999999999999787,0.4073319755600728
OTLK,0001649989,"Outlook Therapeutics, Inc.",NASDAQ,US,USD,Healthcare,Biotechnology,89278811.0,2.0099,2025-12-08T16:59:50.561886,2.0,2.01,1975.0,426.0,822156.0,2025-12-08T17:02:05Z,0.009999999999999787,0.49875311720697196
SOL,0001417892,"Emeren Group, Ltd.",NYSE,US,USD,Energy,Solar,91352487.0,1.78,2025-12-08T16:59:50.562211,1.78,1.8,1000.0,400.0,82516.0,2025-12-08T16:46:11Z,0.020000000000000018,1.1173184357541908
CBUS,0001705843,"Cibus, Inc.",NASDAQ,US,USD,Healthcare,Biotechnology,80642668.0,1.53,2025-12-08T16:59:50.562388,1.53,1.56,10.0,75.0,38901.0,2025-12-08T17:01:18Z,0.030000000000000027,1.9417475728155358
LGO,0001400438,Largo Inc.,NASDAQ,CA,USD,Basic Materials,Industrial Materials,65719828.0,1.025,2025-12-08T16:59:50.562527,1.02,1.03,300.0,1053.0,112886.0,2025-12-08T17:01:10Z,0.010000000000000009,0.9756097560975618
THAR,0001861657,"Tharimmune, Inc.",NASDAQ,US,USD,Healthcare,Biotechnology,86704364.0,2.4741,2025-12-08T16:59:50.562604,2.47,2.49,423.0,3129.0,143310.0,2025-12-08T17:01:17Z,0.020000000000000018,0.8064516129032263
OM,0001484612,"Outset Medical, Inc.",NASDAQ,US,USD,Healthcare,Medical - Devices,79004791.0,4.3523,2025-12-08T16:59:50.562680,4.32,4.34,100.0,267.0,48523.0,2025-12-08T17:02:15Z,0.019999999999999574,0.46189376443417024
NXC,0000885732,Nuveen California Select Tax-Free Income Portfolio,NYSE,US,USD,Financial Services,Asset Management - Income,85172598.0,13.21,2025-12-08T16:59:50.562808,13.2,13.29,1900.0,700.0,2734.0,2025-12-08T16:37:55Z,0.08999999999999986,0.6795016987542458
FBIO,0001429260,"Fortress Biotech, Inc.",NASDAQ,US,USD,Healthcare,Biotechnology,88762951.0,2.86,2025-12-08T16:59:50.562869,2.86,2.88,500.0,401.0,124339.0,2025-12-08T17:02:23Z,0.020000000000000018,0.6968641114982584
MLGO,0001800392,MicroAlgo Inc.,NASDAQ,CN,USD,Technology,Software - Infrastructure,75015370.0,6.856,2025-12-08T16:59:50.563097,6.85,6.92,2.0,10.0,49810.0,2025-12-08T17:02:24Z,0.07000000000000028,1.0167029774872953
DHX,0001393883,"DHI Group, Inc.",NYSE,US,USD,Industrials,Staffing & Employment Services,82337750.0,1.715,2025-12-08T16:59:50.563267,1.71,1.72,140.0,358.0,107664.0,2025-12-08T17:01:20Z,0.010000000000000009,0.5830903790087469
GCTS,0001851961,"GCT Semiconductor Holding, Inc.",NYSE,US,USD,Technology,Semiconductors,80498957.0,1.4098,2025-12-08T16:59:50.563325,1.4,1.41,900.0,100.0,40202.0,2025-12-08T16:19:19Z,0.010000000000000009,0.7117437722419936
MPU,0001036848,Mega Matrix Corp.,AMEX,US,USD,Industrials,Rental & Leasing Services,65868157.0,1.275,2025-12-08T16:59:50.563508,1.27,1.29,2852.0,65.0,159436.0,2025-12-08T17:00:53Z,0.020000000000000018,1.5625000000000013
BOTJ,0001275101,"Bank of the James Financial Group, Inc.",NASDAQ,US,USD,Financial Services,Banks - Regional,81552917.0,17.95,2025-12-08T16:59:50.563576,17.85,18.0,2.0,1300.0,2594.0,2025-12-08T17:02:07Z,0.14999999999999858,0.8368200836820004
PLRX,0001746473,"Pliant Therapeutics, Inc.",NASDAQ,US,USD,Healthcare,Biotechnology,73430090.0,1.195,2025-12-08T16:59:50.563628,1.19,1.2,4542.0,603.0,1131477.0,2025-12-08T17:00:58Z,0.010000000000000009,0.8368200836820092
TSQ,0001499832,"Townsquare Media, Inc.",NYSE,US,USD,Communication Services,Advertising Agencies,77602740.0,4.86,2025-12-08T16:59:50.563682,4.86,5.0,100.0,200.0,42738.0,2025-12-08T17:01:07Z,0.13999999999999968,2.839756592292083
FNGR,0001602409,"FingerMotion, Inc.",NASDAQ,US,USD,Communication Services,Telecommunications Services,85319927.0,1.46,2025-12-08T16:59:50.563832,1.44,1.51,5.0,100.0,258630.0,2025-12-08T17:00:32Z,0.07000000000000006,4.74576271186441
ATOM,0001420520,Atomera Incorporated,NASDAQ,US,USD,Technology,Semiconductors,76034479.0,2.4,2025-12-08T16:59:50.563879,2.4,2.42,105.0,155.0,147295.0,2025-12-08T17:00:51Z,0.020000000000000018,0.8298755186721999
SWZ,0000813623,"Total Return Securities, Inc.",NYSE,US,USD,Financial Services,Asset Management,79763592.0,6.14,2025-12-08T16:59:50.563984,6.08,6.18,300.0,210.0,15549.0,2025-12-08T17:01:18Z,0.09999999999999964,1.6313213703099454
THCH,0001877333,TH International Limited,NASDAQ,CN,USD,Consumer Cyclical,Restaurants,86557062.0,2.66,2025-12-08T16:59:50.564034,2.63,2.7,300.0,5274.0,1224.0,2025-12-08T17:02:29Z,0.07000000000000028,2.6266416510319055
LFVN,0000849146,LifeVantage Corporation,NASDAQ,US,USD,Consumer Defensive,Packaged Foods,83470043.0,6.5738,2025-12-08T16:59:50.564271,6.57,6.61,153.0,106.0,27890.0,2025-12-08T17:02:29Z,0.040000000000000036,0.6069802731411235
SPRU,0001772720,Spruce Power Holding Corporation,NYSE,US,USD,Energy,Solar,93021225.0,5.12,2025-12-08T16:59:50.564526,5.12,5.2,54.0,2400.0,254270.0,2025-12-08T17:01:09Z,0.08000000000000007,1.5503875968992262
ARAI,0001818274,Arrive AI Inc.,NASDAQ,US,USD,Technology,Software - Infrastructure,123405975.0,3.771,2025-12-08T16:59:50.564770,3.69,3.76,13.0,4.0,42990.0,2025-12-08T17:02:14Z,0.06999999999999984,1.8791946308724792
RPTX,0001808158,Repare Therapeutics Inc.,NASDAQ,CA,USD,Healthcare,Biotechnology,93263616.0,2.17,2025-12-08T16:59:50.564990,2.17,2.18,300.0,1670.0,272070.0,2025-12-08T17:02:25Z,0.010000000000000231,0.4597701149425394
GOCO,0001808220,"GoHealth, Inc.",NASDAQ,US,USD,Financial Services,Insurance - Brokers,85711284.0,2.985,2025-12-08T16:59:50.565177,2.97,3.01,15.0,210.0,6317.0,2025-12-08T16:59:57Z,0.03999999999999959,1.3377926421404545
YOUL,0002028177,Youlife Group Inc. American Depositary Shares,NASDAQ,US,USD,Consumer Defensive,Education & Training Services,141450197.0,1.86,2025-12-08T16:59:50.565487,1.85,1.89,15570.0,100.0,72528.0,2025-12-08T17:01:13Z,0.039999999999999813,2.13903743315507
SPRO,0001701108,"Spero Therapeutics, Inc.",NASDAQ,US,USD,Healthcare,Biotechnology,128778882.0,2.286,2025-12-08T16:59:50.565663,2.28,2.29,784.0,700.0,73096.0,2025-12-08T17:02:31Z,0.010000000000000231,0.43763676148797503
VIRC,0000751365,Virco Mfg. Corporation,NASDAQ,US,USD,Consumer Cyclical,"Furnishings, Fixtures & Appliances",110531924.0,7.03,2025-12-08T16:59:50.565714,6.98,7.04,100.0,103.0,36345.0,2025-12-08T17:01:26Z,0.05999999999999961,0.8559201141226763
DTIL,0001357874,"Precision BioSciences, Inc.",NASDAQ,US,USD,Healthcare,Biotechnology,63560310.0,4.795,2025-12-08T16:59:50.565770,4.77,4.82,387.0,258.0,154284.0,2025-12-08T17:01:18Z,0.05000000000000071,1.0427528675704008
GECC,0001675033,Great Elm Capital Corp.,NASDAQ,US,USD,Financial Services,Asset Management,89831024.0,7.79,2025-12-08T16:59:50.565917,7.77,7.8,6.0,352.0,46100.0,2025-12-08T17:02:08Z,0.03000000000000025,0.3853564547206198
SOHO,0001301236,Sotherly Hotels Inc.,NASDAQ,US,USD,Real Estate,REIT - Hotel & Motel,44749205.0,2.1839,2025-12-08T16:59:50.566086,2.18,2.19,3000.0,8300.0,14021.0,2025-12-08T17:02:39Z,0.009999999999999787,0.4576659038901504
FLL,0000891482,"Full House Resorts, Inc.",NASDAQ,US,USD,Consumer Cyclical,"Gambling, Resorts & Casinos",99153512.0,2.745,2025-12-08T16:59:50.566488,2.75,2.77,730.0,181.0,27242.0,2025-12-08T16:49:56Z,0.020000000000000018,0.724637681159421
EPM,0001006655,Evolution Petroleum Corporation,AMEX,US,USD,Energy,Oil & Gas Exploration & Production,144487449.0,4.165,2025-12-08T16:59:50.566608,4.14,4.18,700.0,500.0,66602.0,2025-12-08T16:53:46Z,0.040000000000000036,0.9615384615384623
QMCO,0000709283,Quantum Corporation,NASDAQ,US,USD,Technology,Computer Hardware,55895274.0,8.945,2025-12-08T16:59:50.566666,8.93,8.97,102.0,28.0,161436.0,2025-12-08T17:01:08Z,0.040000000000000924,0.44692737430168633
LUNG,0001127537,Pulmonx Corporation,NASDAQ,US,USD,Healthcare,Medical - Devices,83972933.0,2.036,2025-12-08T16:59:50.566978,2.03,2.04,584.0,600.0,247723.0,2025-12-08T17:02:40Z,0.010000000000000231,0.49140049140050274
LAKE,0000798081,"Lakeland Industries, Inc.",NASDAQ,US,USD,Consumer Cyclical,Apparel - Manufacturers,144252183.0,15.0724,2025-12-08T16:59:50.567039,15.02,15.14,1.0,100.0,95101.0,2025-12-08T17:02:41Z,0.120000000000001,0.7957559681697679
RCEL,0001762303,"AVITA Medical, Inc.",NASDAQ,US,USD,Healthcare,Medical - Devices,92845839.0,3.465,2025-12-08T16:59:50.567208,3.45,3.47,24.0,400.0,45525.0,2025-12-08T17:02:33Z,0.020000000000000018,0.5780346820809253
FORR,0001023313,"Forrester Research, Inc.",NASDAQ,US,USD,Industrials,Consulting Services,126369950.0,6.65,2025-12-08T16:59:50.567588,6.59,6.63,60.0,1.0,31039.0,2025-12-08T17:02:17Z,0.040000000000000036,0.6051437216338886
MGYR,0001337068,"Magyar Bancorp, Inc.",NASDAQ,US,USD,Financial Services,Banks - Regional,109343569.0,16.95,2025-12-08T16:59:50.567638,16.69,16.95,100.0,1.0,1116.0,2025-12-08T17:00:53Z,0.259999999999998,1.545778834720559
QIPT,0001540013,Quipt Home Medical Corp.,NASDAQ,US,USD,Healthcare,Medical - Devices,107089391.0,2.465,2025-12-08T16:59:50.567696,2.46,2.47,152.0,620.0,42913.0,2025-12-08T17:02:38Z,0.010000000000000231,0.40567951318459355
CURV,0001792781,Torrid Holdings Inc.,NYSE,US,USD,Consumer Cyclical,Apparel - Retail,115692695.0,1.125,2025-12-08T16:59:50.567800,1.11,1.14,1500.0,1500.0,342944.0,2025-12-08T17:02:26Z,0.029999999999999805,2.666666666666649
TYGO,0001855447,"Tigo Energy, Inc.",NASDAQ,US,USD,Energy,Solar,96349235.0,1.54,2025-12-08T16:59:50.567959,1.51,1.55,1500.0,600.0,147297.0,2025-12-08T17:02:41Z,0.040000000000000036,2.6143790849673225
MRSN,0001442836,"Mersana Therapeutics, Inc.",NASDAQ,US,USD,Healthcare,Biotechnology,139540106.0,27.915,2025-12-08T16:59:50.568012,27.83,27.99,105.0,140.0,5981.0,2025-12-08T17:02:08Z,0.16000000000000014,0.5732712289501977
BCBP,0001228454,"BCB Bancorp, Inc.",NASDAQ,US,USD,Financial Services,Banks - Regional,139720751.0,8.11,2025-12-08T16:59:50.568395,8.11,8.12,18.0,130.0,24705.0,2025-12-08T17:02:43Z,0.009999999999999787,0.12322858903265298
IROQ,0001514743,"IF Bancorp, Inc.",NASDAQ,US,USD,Financial Services,Banks - Regional,85234802.0,26.3,2025-12-08T16:59:50.568442,26.1,26.58,100.0,100.0,367.0,2025-12-08T17:00:14Z,0.4799999999999969,1.8223234624145668
ESP,0000033533,Espey Mfg. & Electronics Corp.,AMEX,US,USD,Industrials,Electrical Equipment & Parts,126884070.0,43.23,2025-12-08T16:59:50.568535,42.42,43.24,11.0,2.0,4965.0,2025-12-08T17:00:24Z,0.8200000000000003,1.9145458790567367
NSPR,0001433607,"InspireMD, Inc.",NASDAQ,IL,USD,Healthcare,Medical - Devices,77750776.0,1.835,2025-12-08T16:59:50.568733,1.8,1.86,5000.0,205.0,15244.0,2025-12-08T17:01:41Z,0.06000000000000005,3.2786885245901667
HYFT,0001715925,MindWalk Holdings Corp.,NASDAQ,US,USD,Healthcare,Biotechnology,91154521.0,1.975,2025-12-08T16:59:50.568873,1.95,1.97,325.0,5047.0,49868.0,2025-12-08T17:02:32Z,0.020000000000000018,1.020408163265307
WKEY,0001738699,WISeKey International Holding AG,NASDAQ,CH,USD,Technology,Semiconductors,56180448.0,9.02,2025-12-08T16:59:50.569036,8.93,9.06,31.0,100.0,214004.0,2025-12-08T17:02:39Z,0.13000000000000078,1.4452473596442554
PLX,0001006281,"Protalix BioTherapeutics, Inc.",AMEX,US,USD,Healthcare,Biotechnology,137922325.0,1.715,2025-12-08T16:59:50.569204,1.72,1.73,817.0,500.0,211779.0,2025-12-08T17:02:38Z,0.010000000000000009,0.5797101449275368
TTRX,0002023016,Turn Therapeutics Inc.,NASDAQ,US,USD,Healthcare,Biotechnology,114217865.0,3.879,2025-12-08T16:59:50.569254,3.86,3.94,102.0,100.0,47069.0,2025-12-08T17:01:18Z,0.08000000000000007,2.051282051282053
SPWH,0001132105,"Sportsman's Warehouse Holdings, Inc.",NASDAQ,US,USD,Consumer Cyclical,Specialty Retail,63795591.0,1.66,2025-12-08T16:59:50.569424,1.65,1.66,1187.0,510.0,621663.0,2025-12-08T17:02:36Z,0.010000000000000009,0.6042296072507559
FTCI,0001828161,"FTC Solar, Inc.",NASDAQ,US,USD,Energy,Solar,141037442.0,9.44,2025-12-08T16:59:50.569777,9.35,9.53,2.0,21.0,29751.0,2025-12-08T17:01:04Z,0.17999999999999972,1.906779661016946
AGEN,0001098972,Agenus Inc.,NASDAQ,US,USD,Healthcare,Biotechnology,136455389.0,4.025,2025-12-08T16:59:50.569979,4.05,4.06,117.0,351.0,209157.0,2025-12-08T17:02:53Z,0.009999999999999787,0.24660912453760264
PELI,0002037431,Pelican Acquisition Corporation Ordinary Shares,NASDAQ,US,USD,Financial Services,Asset Management,121667325.0,10.14,2025-12-08T16:59:50.570045,10.13,10.15,1600.0,1600.0,2485.0,2025-12-08T17:01:17Z,0.019999999999999574,0.1972386587771161
JYNT,0001612630,The Joint Corp.,NASDAQ,US,USD,Healthcare,Medical - Care Facilities,130043674.0,8.555,2025-12-08T16:59:50.570137,8.55,8.67,209.0,100.0,36269.0,2025-12-08T17:02:48Z,0.11999999999999922,1.3937282229965067
FRD,0000039092,"Friedman Industries, Incorporated",NASDAQ,US,USD,Basic Materials,Steel,139612133.0,19.63,2025-12-08T16:59:50.570334,19.4,19.72,7.0,7.0,2881.0,2025-12-08T17:01:53Z,0.3200000000000003,1.6359918200409014
GRWG,0001604868,GrowGeneration Corp.,NASDAQ,US,USD,Consumer Cyclical,Specialty Retail,85276906.0,1.425,2025-12-08T16:59:50.570395,1.42,1.43,260.0,200.0,167529.0,2025-12-08T17:02:48Z,0.010000000000000009,0.701754385964913
EHTH,0001333493,"eHealth, Inc.",NASDAQ,US,USD,Financial Services,Insurance - Brokers,116888806.0,3.8,2025-12-08T16:59:50.570479,3.78,3.8,74.0,355.0,62678.0,2025-12-08T17:00:25Z,0.020000000000000018,0.5277044854881272
UNB,0000706863,"Union Bankshares, Inc.",NASDAQ,US,USD,Financial Services,Banks - Regional,104002798.0,22.89,2025-12-08T16:59:50.570584,22.84,23.2,6.0,223.0,1823.0,2025-12-08T17:00:46Z,0.35999999999999943,1.563857515204168
SKLZ,0001801661,Skillz Inc.,NYSE,US,USD,Technology,Electronic Gaming & Multimedia,93290762.0,5.77,2025-12-08T16:59:50.570817,5.75,5.78,100.0,41.0,16553.0,2025-12-08T17:02:39Z,0.03000000000000025,0.5203816131830051
IZEA,0001495231,"IZEA Worldwide, Inc.",NASDAQ,US,USD,Communication Services,Internet Content & Information,83910471.0,4.9,2025-12-08T16:59:50.570867,4.85,4.91,78.0,7.0,13417.0,2025-12-08T17:01:24Z,0.0600000000000005,1.2295081967213217
ANIK,0000898437,"Anika Therapeutics, Inc.",NASDAQ,US,USD,Healthcare,Medical - Devices,138155278.0,9.58,2025-12-08T16:59:50.571016,9.57,9.59,254.0,111.0,83493.0,2025-12-08T17:02:23Z,0.019999999999999574,0.2087682672233776
CRDL,0001702123,Cardiol Therapeutics Inc.,NASDAQ,CA,USD,Healthcare,Drug Manufacturers - Specialty & Generic,90881987.0,1.04,2025-12-08T16:59:50.571072,1.04,1.05,100.0,2600.0,350216.0,2025-12-08T17:02:48Z,0.010000000000000009,0.956937799043063
IDN,0001040896,"Intellicheck, Inc.",NASDAQ,US,USD,Technology,Software - Application,131331850.0,6.5,2025-12-08T16:59:50.571347,6.48,6.51,65.0,148.0,87508.0,2025-12-08T17:02:31Z,0.02999999999999936,0.46189376443417024
PRLD,0001678660,Prelude Therapeutics Incorporated,NASDAQ,US,USD,Healthcare,Biotechnology,81396912.0,1.475,2025-12-08T16:59:50.572702,1.46,1.48,4.0,700.0,101171.0,2025-12-08T17:03:04Z,0.020000000000000018,1.360544217687076
AFBI,0001823406,"Affinity Bancshares, Inc.",NASDAQ,US,USD,Financial Services,Banks - Regional,128456095.0,20.24,2025-12-08T16:59:50.572868,19.92,20.3,100.0,2.0,202.0,2025-12-08T16:50:17Z,0.379999999999999,1.8896071606166038
NEXM,0000795800,NexMetals Mining Corp.,NASDAQ,CA,USD,Basic Materials,Other Precious Metals,78899001.0,3.6773,2025-12-08T16:59:50.572897,3.67,3.7,100.0,200.0,26693.0,2025-12-08T17:03:10Z,0.03000000000000025,0.8141112618724626
HURA,0001498382,"TuHURA Biosciences, Inc.",NASDAQ,US,USD,Healthcare,Biotechnology,97717711.0,1.92,2025-12-08T16:59:50.573256,1.92,1.95,400.0,94.0,59078.0,2025-12-08T17:02:08Z,0.030000000000000027,1.5503875968992262
YHNA,0002020987,YHN Acquisition I Limited,NASDAQ,HK,USD,Financial Services,Financial - Conglomerates,81801250.0,10.555,2025-12-08T16:59:50.574207,10.49,10.62,100.0,100.0,2500.0,2025-12-08T17:02:08Z,0.129999999999999,1.2316437707247656
SAMG,0001549966,Silvercrest Asset Management Group Inc.,NASDAQ,US,USD,Financial Services,Asset Management,118974716.0,14.65,2025-12-08T16:59:50.574259,14.61,14.83,109.0,100.0,9481.0,2025-12-08T17:02:53Z,0.22000000000000064,1.4945652173913087
FSI,0001069394,"Flexible Solutions International, Inc.",AMEX,CA,USD,Basic Materials,Chemicals - Specialty,87872702.0,6.9232,2025-12-08T16:59:50.574403,6.85,6.95,1.0,4000.0,3615.0,2025-12-08T17:03:03Z,0.10000000000000053,1.4492753623188481
ORMP,0001176309,Oramed Pharmaceuticals Inc.,NASDAQ,US,USD,Healthcare,Biotechnology,114166665.0,2.74,2025-12-08T16:59:50.574481,2.7,2.75,39.0,100.0,28377.0,2025-12-08T17:00:38Z,0.04999999999999982,1.8348623853210944
WRAP,0001702924,"Wrap Technologies, Inc.",NASDAQ,US,USD,Technology,"Hardware, Equipment & Parts",143468532.0,2.79,2025-12-08T16:59:50.574641,2.74,2.78,200.0,15.0,189611.0,2025-12-08T17:03:04Z,0.03999999999999959,1.449275362318826
WSBK,0002047235,"Winchester Bancorp, Inc. Common Stock",NASDAQ,US,USD,Financial Services,Banks - Regional,89325805.0,9.61,2025-12-08T16:59:50.574724,9.6,9.62,1.0,1.0,3666.0,2025-12-08T17:02:44Z,0.019999999999999574,0.20811654526534418
GRO,0001472326,Brazil Potash Corp.,NYSE,CA,USD,Basic Materials,Industrial Materials,87700502.0,2.18,2025-12-08T16:59:50.575004,2.15,2.19,1000.0,16.0,202725.0,2025-12-08T17:03:21Z,0.040000000000000036,1.8433179723502322
ISPR,0001948455,Ispire Technology Inc.,NASDAQ,US,USD,Consumer Defensive,Tobacco,129317186.0,2.26,2025-12-08T16:59:50.575060,2.24,2.29,1000.0,445.0,2672.0,2025-12-08T16:50:49Z,0.04999999999999982,2.207505518763789
STHO,0001953366,Star Holdings,NASDAQ,US,USD,Real Estate,Real Estate - Services,102382208.0,7.71,2025-12-08T16:59:50.575213,7.72,7.73,400.0,14.0,19211.0,2025-12-08T17:03:19Z,0.010000000000000675,0.129449838187711
NEOV,0001748137,NeoVolta Inc.,NASDAQ,US,USD,Industrials,Electrical Equipment & Parts,123319627.0,3.55,2025-12-08T16:59:50.575242,3.52,3.55,276.0,77.0,172356.0,2025-12-08T17:03:21Z,0.029999999999999805,0.8486562942008431
CTM,0001877939,"Castellum, Inc.",AMEX,US,USD,Technology,Information Technology Services,103487426.0,1.0938,2025-12-08T16:59:50.575300,1.08,1.11,24700.0,11800.0,2015540.0,2025-12-08T17:01:46Z,0.030000000000000027,2.7397260273972623
PZG,0001629210,Paramount Gold Nevada Corp.,AMEX,US,USD,Basic Materials,Gold,91287559.0,1.165,2025-12-08T16:59:50.575543,1.16,1.17,6200.0,1795.0,150618.0,2025-12-08T17:03:15Z,0.010000000000000009,0.858369098712447
MOB,0001898643,Mobilicom Ltd,NASDAQ,AU,USD,Technology,Communication Equipment,49373646.0,7.04,2025-12-08T16:59:50.575564,6.85,6.91,101.0,398.0,194449.0,2025-12-08T17:03:23Z,0.0600000000000005,0.8720930232558213
HAIN,0000910406,"The Hain Celestial Group, Inc.",NASDAQ,US,USD,Consumer Defensive,Packaged Foods,92945966.0,1.03,2025-12-08T16:59:50.575771,1.03,1.04,900.0,6403.0,590800.0,2025-12-08T17:03:22Z,0.010000000000000009,0.9661835748792277
ELBM,0001907184,Electra Battery Materials Corporation,NASDAQ,CA,USD,Basic Materials,Industrial Materials,93764424.0,1.0165,2025-12-08T16:59:50.575891,1.0,1.05,2.0,4.0,391347.0,2025-12-08T17:00:02Z,0.050000000000000044,4.87804878048781
TIL,0001789769,"Instil Bio, Inc.",NASDAQ,US,USD,Healthcare,Biotechnology,73380980.0,10.82,2025-12-08T16:59:51.053785,10.82,10.94,152.0,71.0,20499.0,2025-12-08T17:01:00Z,0.11999999999999922,1.1029411764705812
TZOO,0001133311,Travelzoo,NASDAQ,US,USD,Communication Services,Advertising Agencies,74853711.0,6.847,2025-12-08T16:59:51.053896,6.8,6.85,30.0,18.0,17732.0,2025-12-08T17:02:41Z,0.04999999999999982,0.7326007326007301
ACRV,0001781174,"Acrivon Therapeutics, Inc. Common Stock",NASDAQ,US,USD,Healthcare,Biotechnology,79834469.0,2.53,2025-12-08T16:59:51.053975,2.52,2.54,355.0,200.0,390344.0,2025-12-08T17:03:20Z,0.020000000000000018,0.7905138339920955
STSS,0001737995,"Sharps Technology, Inc.",NASDAQ,US,USD,Healthcare,Medical - Instruments & Supplies,64920152.0,2.3,2025-12-08T16:59:51.054302,2.28,2.31,2.0,2.0,192326.0,2025-12-08T17:03:04Z,0.03000000000000025,1.307189542483671
BWEN,0001120370,"Broadwind, Inc.",NASDAQ,US,USD,Industrials,Industrial - Machinery,71383784.0,3.1,2025-12-08T16:59:51.054432,3.09,3.11,100.0,6.0,45110.0,2025-12-08T17:03:10Z,0.020000000000000018,0.6451612903225813
SGA,0000886136,"Saga Communications, Inc.",NASDAQ,US,USD,Communication Services,Broadcasting,75251765.0,11.6852,2025-12-08T16:59:51.054494,11.56,11.73,9.0,4.0,1787.0,2025-12-08T17:03:19Z,0.16999999999999993,1.4598540145985395
GENK,0001891856,"GEN Restaurant Group, Inc.",NASDAQ,US,USD,Consumer Cyclical,Restaurants,77414367.0,2.35,2025-12-08T16:59:51.054681,2.34,2.39,19.0,5.0,8487.0,2025-12-08T17:00:44Z,0.050000000000000266,2.1141649048625903
RCT,0002027360,RedCloud Holdings plc,NASDAQ,GB,USD,Technology,Software - Application,70254014.0,1.5885,2025-12-08T16:59:51.054744,1.57,1.62,1515.0,100.0,42793.0,2025-12-08T17:02:40Z,0.050000000000000044,3.1347962382445167
CYPH,0001509745,Cypherpunk Technologies Inc.,NASDAQ,US,USD,Healthcare,Biotechnology,72525686.0,1.2802,2025-12-08T16:59:51.054996,1.24,1.3,1.0,1.0,5124265.0,2025-12-08T17:03:23Z,0.06000000000000005,4.724409448818902
AMPG,0001518461,"AmpliTech Group, Inc.",NASDAQ,US,USD,Technology,Communication Equipment,67280190.0,3.26,2025-12-08T16:59:51.055097,3.23,3.27,52.0,100.0,253153.0,2025-12-08T17:03:21Z,0.040000000000000036,1.2307692307692317
PSQH,0001847064,"PSQ Holdings, Inc.",NYSE,US,USD,Technology,Software - Application,64599629.0,1.395,2025-12-08T16:59:51.055349,1.36,1.4,1600.0,3400.0,399867.0,2025-12-08T17:03:32Z,0.039999999999999813,2.898550724637668
CATO,0000018255,The Cato Corporation,NYSE,US,USD,Consumer Cyclical,Apparel - Retail,65355666.0,3.47,2025-12-08T16:59:51.055844,3.43,3.47,100.0,500.0,5476.0,2025-12-08T16:29:27Z,0.040000000000000036,1.1594202898550736
DOMH,0000012239,Dominari Holdings Inc.,NASDAQ,US,USD,Financial Services,Financial - Capital Markets,61725534.0,3.86,2025-12-08T16:59:51.055962,3.81,3.89,200.0,100.0,170957.0,2025-12-08T17:03:28Z,0.08000000000000007,2.0779220779220795
MTC,0001742518,"MMTec, Inc.",NASDAQ,CN,USD,Technology,Software - Application,62634693.0,2.4868,2025-12-08T16:59:51.055999,2.46,2.53,100.0,200.0,23400.0,2025-12-08T17:02:48Z,0.06999999999999984,2.8056112224448833
SKIL,0001774675,Skillsoft Corp.,NYSE,US,USD,Consumer Defensive,Education & Training Services,66409999.0,7.625,2025-12-08T16:59:51.056078,7.56,7.71,6.0,27.0,29028.0,2025-12-08T17:03:23Z,0.15000000000000036,1.9646365422396905
CLST,0001849867,"Catalyst Bancorp, Inc.",NASDAQ,US,USD,Financial Services,Banks - Regional,62184944.0,15.025,2025-12-08T16:59:51.057154,14.97,15.07,6.0,3.0,208.0,2025-12-08T17:03:27Z,0.09999999999999964,0.6657789613848178
ALGS,0001799448,"Aligos Therapeutics, Inc.",NASDAQ,US,USD,Healthcare,Biotechnology,62919558.0,10.225,2025-12-08T16:59:51.057379,10.08,10.25,79.0,50.0,15825.0,2025-12-08T17:03:18Z,0.16999999999999993,1.6724053123462856
MIRA,0001904286,"MIRA Pharmaceuticals, Inc.",NASDAQ,US,USD,Healthcare,Drug Manufacturers - General,59240585.0,1.415,2025-12-08T16:59:51.057505,1.41,1.42,1302.0,300.0,80362.0,2025-12-08T17:03:30Z,0.010000000000000009,0.7067137809187285
ALAR,0001725332,Alarum Technologies Ltd.,NASDAQ,IL,USD,Technology,Software - Infrastructure,58505635.0,7.83,2025-12-08T16:59:51.057617,7.77,7.85,1.0,100.0,46234.0,2025-12-08T17:02:49Z,0.08000000000000007,1.0243277848911663
ABVC,0001173313,"ABVC BioPharma, Inc.",NASDAQ,US,USD,Healthcare,Biotechnology,32386142.0,2.235,2025-12-08T16:59:51.057727,2.22,2.23,435.0,6.0,97240.0,2025-12-08T17:03:07Z,0.009999999999999787,0.44943820224718145
NSTS,0001881592,"NSTS Bancorp, Inc.",NASDAQ,US,USD,Financial Services,Banks - Regional,61558697.0,11.75,2025-12-08T16:59:51.058032,11.61,11.79,100.0,100.0,3545.0,2025-12-08T16:50:18Z,0.17999999999999972,1.538461538461536
NEUE,0001671284,"NeueHealth, Inc.",NYSE,US,USD,Healthcare,Medical - Equipment & Services,60940693.0,6.753,2025-12-08T16:59:51.058131,6.7,6.81,53.0,40.0,11964.0,2025-10-03T13:52:00Z,0.10999999999999943,1.6284233900814127
UFI,0000100726,"Unifi, Inc.",NYSE,US,USD,Consumer Cyclical,Apparel - Manufacturers,66281993.0,3.61,2025-12-08T16:59:51.058402,3.58,3.65,100.0,300.0,57868.0,2025-12-08T17:01:42Z,0.06999999999999984,1.936376210235127
BDMD,0001982444,Baird Medical Investment Holdings Limited,NASDAQ,CN,USD,Healthcare,Medical - Devices,57004484.0,1.54,2025-12-08T16:59:51.058523,1.53,1.6,100.0,119.0,22565.0,2025-12-08T17:03:19Z,0.07000000000000006,4.472843450479237
TLPH,0001427925,"Talphera, Inc.",NASDAQ,US,USD,Healthcare,Drug Manufacturers - Specialty & Generic,25953519.0,1.265,2025-12-08T16:59:51.058815,1.25,1.28,382.0,1000.0,78718.0,2025-12-08T17:03:47Z,0.030000000000000027,2.3715415019762864
SNTI,0001854270,"Senti Biosciences, Inc.",NASDAQ,US,USD,Healthcare,Biotechnology,58622385.0,2.23,2025-12-08T16:59:51.058932,2.2,2.26,300.0,100.0,47578.0,2025-12-08T17:03:18Z,0.05999999999999961,2.690582959641238
SELF,0001031235,"Global Self Storage, Inc.",NASDAQ,US,USD,Real Estate,REIT - Industrial,57368863.0,5.06,2025-12-08T16:59:51.059102,5.04,5.1,100.0,62.0,21170.0,2025-12-08T17:00:44Z,0.05999999999999961,1.1834319526627142
CELU,0001752828,Celularity Inc.,NASDAQ,US,USD,Healthcare,Biotechnology,44513128.0,1.8506,2025-12-08T16:59:51.059698,1.87,1.96,13.0,300.0,38749.0,2025-12-08T17:03:49Z,0.08999999999999986,4.699738903394248
FTEK,0000846913,"Fuel Tech, Inc.",NASDAQ,US,USD,Industrials,Industrial - Pollution & Treatment Controls,50029845.0,1.61,2025-12-08T16:59:51.059814,1.61,1.62,36.0,2681.0,41419.0,2025-12-08T17:03:41Z,0.010000000000000009,0.619195046439629
HOLO,0001841209,MicroCloud Hologram Inc.,NASDAQ,CN,USD,Technology,"Hardware, Equipment & Parts",50621503.0,3.475,2025-12-08T16:59:51.059974,3.45,3.47,176.0,100.0,219886.0,2025-12-08T17:03:42Z,0.020000000000000018,0.5780346820809253
TLYS,0001524025,"Tilly's, Inc.",NYSE,US,USD,Consumer Cyclical,Apparel - Retail,53094181.0,1.765,2025-12-08T16:59:51.060015,1.7,1.78,200.0,100.0,69942.0,2025-12-08T17:02:12Z,0.08000000000000007,4.5977011494252915
LOAN,0001080340,"Manhattan Bridge Capital, Inc.",NASDAQ,US,USD,Real Estate,REIT - Mortgage,53761660.0,4.7,2025-12-08T16:59:51.060066,4.69,4.74,2490.0,100.0,3104.0,2025-12-08T16:50:37Z,0.04999999999999982,1.0604453870625625
ASRV,0000707605,"AmeriServ Financial, Inc.",NASDAQ,US,USD,Financial Services,Banks - Regional,51208398.0,3.1,2025-12-08T16:59:51.060548,3.07,3.15,131.0,125.0,3914.0,2025-12-08T17:02:29Z,0.08000000000000007,2.572347266881031
TGE,0002053456,Generation Essentials Group,NYSE,FR,USD,Technology,Media & Entertainment,52834570.0,1.0904,2025-12-08T16:59:51.060594,1.08,1.11,389.0,11.0,551638.0,2025-12-08T17:03:50Z,0.030000000000000027,2.7397260273972623
SACH,0001682220,Sachem Capital Corp.,AMEX,US,USD,Real Estate,REIT - Mortgage,52472168.0,1.115,2025-12-08T16:59:51.060676,1.1,1.11,201.0,8.0,47622.0,2025-12-08T17:00:07Z,0.010000000000000009,0.9049773755656116
INMB,0001711754,"INmune Bio, Inc.",NASDAQ,US,USD,Healthcare,Biotechnology,53968074.0,2.03,2025-12-08T16:59:51.060757,2.02,2.03,265.0,670.0,487976.0,2025-12-08T17:03:18Z,0.009999999999999787,0.49382716049381664
AAME,0000008177,Atlantic American Corporation,NASDAQ,US,USD,Financial Services,Insurance - Life,49769236.0,2.44,2025-12-08T16:59:51.060804,2.44,2.49,185.0,301.0,3437.0,2025-12-08T17:00:44Z,0.050000000000000266,2.028397565922932
BGSF,0001474903,"BGSF, Inc.",NYSE,US,USD,Industrials,Staffing & Employment Services,49502555.0,4.42,2025-12-08T16:59:51.060841,4.37,4.44,200.0,1.0,9392.0,2025-12-08T17:01:04Z,0.07000000000000028,1.5891032917139676
HFBL,0001500375,"Home Federal Bancorp, Inc. of Louisiana",NASDAQ,US,USD,Financial Services,Banks - Regional,49103334.0,15.9,2025-12-08T16:59:51.061281,15.9,16.06,200.0,100.0,532.0,2025-12-08T16:50:51Z,0.15999999999999837,1.0012515644555593
APT,0000884269,"Alpha Pro Tech, Ltd.",AMEX,CA,USD,Industrials,Construction,48070688.0,4.64,2025-12-08T16:59:51.062332,4.59,4.69,100.0,400.0,8224.0,2025-12-08T16:59:42Z,0.10000000000000053,2.1551724137931147
TELO,0001971532,"Telomir Pharmaceuticals, Inc. Common Stock",NASDAQ,US,USD,Healthcare,Biotechnology,47961455.0,1.395,2025-12-08T16:59:51.062864,1.38,1.4,5600.0,847.0,89654.0,2025-12-08T17:03:51Z,0.020000000000000018,1.4388489208633108
OPHC,0001288855,"OptimumBank Holdings, Inc.",NASDAQ,US,USD,Financial Services,Banks - Regional,47923770.0,4.155,2025-12-08T16:59:51.062929,4.14,4.17,100.0,600.0,31550.0,2025-12-08T16:31:10Z,0.03000000000000025,0.7220216606498255
GWH,0001819438,"ESS Tech, Inc.",NYSE,US,USD,Industrials,Electrical Equipment & Parts,27711715.0,2.2,2025-12-08T16:59:51.063030,2.19,2.23,207.0,400.0,174524.0,2025-12-08T17:03:56Z,0.040000000000000036,1.8099547511312233
KZR,0001645666,"Kezar Life Sciences, Inc.",NASDAQ,US,USD,Healthcare,Biotechnology,45623262.0,6.23,2025-12-08T16:59:51.063209,6.18,6.28,100.0,307.0,8309.0,2025-12-08T17:02:41Z,0.10000000000000053,1.6051364365971192
BRIA,0002000230,Brillia Inc,AMEX,SG,USD,Industrials,Industrial - Distribution,44200000.0,1.768,2025-12-08T16:59:51.063484,1.75,1.8,1285.0,168.0,11416.0,2025-12-08T17:00:25Z,0.050000000000000044,2.8169014084507067
MKTW,0001805651,"MarketWise, Inc.",NASDAQ,US,USD,Technology,Software - Application,39058221.0,16.162,2025-12-08T16:59:51.063602,16.02,16.19,1174.0,1.0,925.0,2025-12-08T17:01:16Z,0.1700000000000017,1.0555728034771914
FMST,0001935418,Foremost Clean Energy Ltd.,NASDAQ,CA,USD,Basic Materials,Chemicals,39714438.0,3.19,2025-12-08T16:59:51.063736,3.16,3.19,104.0,100.0,733602.0,2025-12-08T17:04:00Z,0.029999999999999805,0.9448818897637734
CNTY,0000911147,"Century Casinos, Inc.",NASDAQ,US,USD,Consumer Cyclical,"Gambling, Resorts & Casinos",43877671.0,1.44,2025-12-08T16:59:51.064156,1.43,1.45,105.0,188.0,66980.0,2025-12-08T17:03:57Z,0.020000000000000018,1.3888888888888902
MDCX,0001997296,Medicus Pharma Ltd. Common Stock,NASDAQ,CA,USD,Healthcare,Biotechnology,44719162.0,2.03,2025-12-08T16:59:51.064233,2.03,2.09,323.0,100.0,311360.0,2025-12-08T17:01:18Z,0.06000000000000005,2.912621359223304
SIF,0000090168,"SIFCO Industries, Inc.",AMEX,US,USD,Industrials,Aerospace & Defense,40549000.0,6.56,2025-12-08T16:59:51.064693,6.66,6.77,100.0,49.0,1886.0,2025-12-08T17:04:11Z,0.10999999999999943,1.6381236038719202
QRHC,0001442236,Quest Resource Holding Corporation,NASDAQ,US,USD,Industrials,Waste Management,43339635.0,2.08,2025-12-08T16:59:51.064769,2.04,2.1,100.0,50.0,70980.0,2025-12-08T17:03:34Z,0.06000000000000005,2.8985507246376834
JRSH,0001696558,"Jerash Holdings (US), Inc.",NASDAQ,US,USD,Consumer Cyclical,Apparel - Manufacturers,39242815.0,3.09,2025-12-08T16:59:51.065082,3.06,3.11,2.0,6.0,32878.0,2025-12-08T17:03:19Z,0.04999999999999982,1.6207455429497513
SSEA,0002059165,Starry Sea Acquisition Corp Ordinary Shares,NASDAQ,US,USD,Financial Services,Asset Management,76205993.0,9.98,2025-12-08T16:59:51.065494,9.96,10.0,1001.0,2600.0,14000.0,2025-12-08T17:03:08Z,0.03999999999999915,0.4008016032064043
FUSE,0002033383,Fusemachines Inc.,NASDAQ,US,USD,Technology,Software - Application,51942056.0,1.96,2025-12-08T16:59:51.065677,1.9,1.93,800.0,22.0,37963.0,2025-12-08T17:04:14Z,0.030000000000000027,1.5665796344647531
HMR,0002029471,Heidmar Maritime Holdings Corp.,NASDAQ,TW,USD,Industrials,Marine Shipping,64418936.0,1.105,2025-12-08T16:59:51.065860,1.09,1.11,2511.0,833.0,11699.0,2025-12-08T17:03:38Z,0.020000000000000018,1.8181818181818195
BTAI,0001720893,"BioXcel Therapeutics, Inc.",NASDAQ,US,USD,Healthcare,Biotechnology,47896372.0,2.1901,2025-12-08T16:59:51.065941,2.19,2.2,637.0,614.0,292232.0,2025-12-08T17:04:14Z,0.010000000000000231,0.4555808656036551
USIO,0001088034,"Usio, Inc.",NASDAQ,US,USD,Technology,Information Technology Services,38098992.0,1.42,2025-12-08T16:59:51.066046,1.4,1.42,1900.0,48.0,23278.0,2025-12-08T17:03:21Z,0.020000000000000018,1.4184397163120581
AMWL,0001393584,American Well Corporation,NYSE,US,USD,Healthcare,Medical - Healthcare Information Services,64992691.0,3.97,2025-12-08T16:59:51.066112,3.96,3.99,22.0,112.0,24104.0,2025-12-08T17:04:09Z,0.03000000000000025,0.7547169811320817
TCBS,0001849466,"Texas Community Bancshares, Inc.",NASDAQ,US,USD,Financial Services,Banks - Regional,46665035.0,16.01,2025-12-08T16:59:51.066399,15.99,16.25,184.0,4.0,1350.0,2025-12-08T17:04:14Z,0.2599999999999998,1.6129032258064502
NXN,0000885731,Nuveen New York Select Tax-Free Income Portfolio,NYSE,US,USD,Financial Services,Asset Management - Income,47569715.0,12.12,2025-12-08T16:59:51.066775,12.05,12.16,800.0,900.0,2191.0,2025-12-08T16:57:47Z,0.10999999999999943,0.9087154068566661
OPAD,0001825024,Offerpad Solutions Inc.,NYSE,US,USD,Real Estate,Real Estate - Services,53212622.0,1.865,2025-12-08T16:59:51.066896,1.84,1.87,707.0,551.0,230044.0,2025-12-08T17:04:22Z,0.030000000000000027,1.617250673854449
JG,0001737339,Aurora Mobile Limited,NASDAQ,CN,USD,Technology,Software - Infrastructure,41901924.0,6.98,2025-12-08T16:59:51.067006,6.92,7.04,100.0,100.0,6528.0,2025-12-08T16:50:38Z,0.1200000000000001,1.7191977077363911
FTHM,0001753162,Fathom Holdings Inc.,NASDAQ,US,USD,Real Estate,Real Estate - Services,38707196.0,1.195,2025-12-08T16:59:51.067353,1.18,1.2,5042.0,179.0,13940.0,2025-12-08T17:03:27Z,0.020000000000000018,1.6806722689075646
MYO,0001369290,"Myomo, Inc.",NYSE,US,USD,Healthcare,Medical - Devices,41461292.0,1.08,2025-12-08T16:59:51.067404,1.07,1.08,2223.0,1612.0,551936.0,2025-12-08T17:03:21Z,0.010000000000000009,0.9302325581395355
TZUP,0001853825,Thumzup Media Corporation,NASDAQ,US,USD,Communication Services,Advertising Agencies,41218945.0,4.38,2025-12-08T16:59:51.067697,4.26,4.37,200.0,889.0,142605.0,2025-12-08T17:01:16Z,0.11000000000000032,2.549246813441491
BOF,0001962481,BranchOut Food Inc.,NASDAQ,US,USD,Consumer Defensive,Packaged Foods,41092474.0,3.34,2025-12-08T16:59:51.067833,3.25,3.33,4.0,100.0,3989.0,2025-12-08T17:04:26Z,0.08000000000000007,2.4316109422492422
LPSN,0001102993,"LivePerson, Inc.",NASDAQ,US,USD,Technology,Software - Application,32049160.0,5.035,2025-12-08T16:59:51.067959,5.1,5.18,10.0,11.0,119619.0,2025-12-08T17:04:34Z,0.08000000000000007,1.5564202334630364
TVRD,0001742947,"Tvardi Therapeutics, Inc.",NASDAQ,US,USD,Healthcare,Biotechnology,39026390.0,4.16,2025-12-08T16:59:51.068023,4.1,4.19,19.0,25.0,59645.0,2025-12-08T17:03:19Z,0.09000000000000075,2.1712907117008626
HGBL,0000849145,Heritage Global Inc.,NASDAQ,US,USD,Financial Services,Financial - Capital Markets,43774357.0,1.26,2025-12-08T16:59:51.068139,1.25,1.27,1960.0,300.0,6467.0,2025-12-08T16:50:17Z,0.020000000000000018,1.5873015873015885
UHG,0001830188,"United Homes Group, Inc.",NASDAQ,US,USD,Consumer Cyclical,Residential Construction,67652178.0,1.15,2025-12-08T16:59:51.068203,1.13,1.15,329.0,3.0,45303.0,2025-12-08T17:04:31Z,0.020000000000000018,1.7543859649122824
HKIT,0001742341,Hitek Global Inc.,NASDAQ,CN,USD,Technology,Software - Application,41372922.0,1.412,2025-12-08T16:59:51.068421,1.4,1.47,103.0,100.0,11176.0,2025-12-08T17:02:49Z,0.07000000000000006,4.878048780487809
DSWL,0000946936,"Deswell Industries, Inc.",NASDAQ,MO,USD,Technology,"Hardware, Equipment & Parts",56809127.0,3.565,2025-12-08T16:59:51.068484,3.54,3.61,1.0,72.0,10384.0,2025-12-08T16:50:08Z,0.06999999999999984,1.9580419580419535
APWC,0001026980,Asia Pacific Wire & Cable Corporation Limited,NASDAQ,TW,USD,Industrials,Electrical Equipment & Parts,39376994.0,1.91,2025-12-08T16:59:51.068765,1.82,1.91,100.0,102.0,3515.0,2025-12-08T17:04:35Z,0.08999999999999986,4.825737265415542
CULP,0000723603,"Culp, Inc.",NYSE,US,USD,Consumer Cyclical,Apparel - Manufacturers,47816018.0,3.81,2025-12-08T16:59:51.069418,3.8,3.85,1500.0,60.0,1206.0,2025-12-08T17:04:35Z,0.050000000000000266,1.307189542483667
ICMB,0001578348,"Investcorp Credit Management BDC, Inc.",NASDAQ,US,USD,Financial Services,Asset Management,40216767.0,2.79,2025-12-08T16:59:51.069495,2.78,2.8,200.0,2.0,15304.0,2025-12-08T17:04:28Z,0.020000000000000018,0.7168458781362014
KBSX,0002014254,FST Corp.,NASDAQ,TW,USD,Basic Materials,Steel,68939645.0,1.54,2025-12-08T16:59:51.069592,1.49,1.56,100.0,1.0,889.0,2025-12-08T16:09:25Z,0.07000000000000006,4.590163934426235
AGRZ,0002009233,Agroz Inc. Ordinary Shares,NASDAQ,US,USD,Basic Materials,Agricultural Inputs,53995153.0,2.4913,2025-12-08T16:59:51.069659,2.47,2.5,279.0,28.0,142459.0,2025-12-08T17:03:55Z,0.029999999999999805,1.2072434607645794
MAXN,0001796898,"Maxeon Solar Technologies, Ltd.",NASDAQ,SG,USD,Energy,Solar,51390927.0,3.035,2025-12-08T16:59:51.070253,2.99,3.08,100.0,50.0,13798.0,2025-12-08T17:04:34Z,0.08999999999999986,2.9654036243822026
DXLG,0000813298,"Destination XL Group, Inc.",NASDAQ,US,USD,Consumer Cyclical,Apparel - Retail,61380673.0,1.14,2025-12-08T16:59:51.070440,1.12,1.15,47.0,100.0,48923.0,2025-12-08T17:04:11Z,0.029999999999999805,2.6431718061673837
PHUN,0001665300,"Phunware, Inc.",NASDAQ,US,USD,Technology,Software - Application,40879335.0,2.025,2025-12-08T16:59:51.070557,2.01,2.04,10.0,123.0,51739.0,2025-12-08T16:44:05Z,0.03000000000000025,1.4814814814814938
AP,0000006176,Ampco-Pittsburgh Corporation,NYSE,US,USD,Industrials,Manufacturing - Metal Fabrication,60572639.0,2.98,2025-12-08T16:59:51.070752,2.96,3.0,100.0,100.0,93375.0,2025-12-08T17:03:37Z,0.040000000000000036,1.342281879194632
AIRG,0001272842,"Airgain, Inc.",NASDAQ,US,USD,Technology,Communication Equipment,47592207.0,3.98,2025-12-08T16:59:51.071058,3.95,3.99,1.0,1.0,38657.0,2025-12-08T17:04:09Z,0.040000000000000036,1.0075566750629732
INDO,0001757840,Indonesia Energy Corporation Limited,AMEX,ID,USD,Energy,Oil & Gas Exploration & Production,43463675.0,2.9,2025-12-08T16:59:51.071144,2.89,2.92,300.0,300.0,91769.0,2025-12-08T17:02:31Z,0.029999999999999805,1.0327022375215078
NTIC,0000875582,Northern Technologies International Corporation,NASDAQ,US,USD,Basic Materials,Chemicals - Specialty,70598130.0,7.45,2025-12-08T16:59:51.071598,7.4,7.47,1000.0,12.0,9683.0,2025-12-08T17:04:03Z,0.0699999999999994,0.9414929388029508
WIMI,0001770088,WiMi Hologram Cloud Inc.,NASDAQ,CN,USD,Communication Services,Advertising Agencies,148336429.0,3.0208,2025-12-08T16:59:51.071760,3.01,3.05,2.0,100.0,49045.0,2025-12-08T17:03:27Z,0.040000000000000036,1.3201320132013215
RAVE,0000718332,"RAVE Restaurant Group, Inc.",NASDAQ,US,USD,Consumer Cyclical,Restaurants,42634698.0,3.0,2025-12-08T16:59:51.071884,2.95,3.02,28.0,100.0,8751.0,2025-12-08T17:03:27Z,0.06999999999999984,2.345058626465656
GLBS,0001499780,Globus Maritime Limited,NASDAQ,GR,USD,Industrials,Marine Shipping,38797637.0,1.885,2025-12-08T16:59:51.071990,1.84,1.9,200.0,109.0,167179.0,2025-12-08T17:02:41Z,0.05999999999999983,3.208556149732611
TECTP,0001766526,"Tectonic Financial, Inc.",NASDAQ,US,USD,Financial Services,Banks - Regional,44568260.0,11.0,2025-12-08T16:59:51.072054,10.95,11.15,1.0,300.0,661.0,2025-12-08T16:59:23Z,0.20000000000000107,1.8099547511312313
STKS,0001399520,"The ONE Group Hospitality, Inc.",NASDAQ,US,USD,Consumer Cyclical,Restaurants,59262455.0,1.9149,2025-12-08T16:59:51.072493,1.88,1.92,1500.0,25.0,18258.0,2025-12-08T17:03:27Z,0.040000000000000036,2.105263157894739
LASE,0001807887,Laser Photonics Corporation,NASDAQ,US,USD,Industrials,Industrial - Machinery,38207424.0,2.77,2025-12-08T16:59:51.072771,2.76,2.77,19.0,100.0,92887.0,2025-12-08T17:04:22Z,0.010000000000000231,0.3616636528029017
SRTS,0001494891,"Sensus Healthcare, Inc.",NASDAQ,US,USD,Healthcare,Medical - Devices,62743638.0,3.82,2025-12-08T16:59:51.072893,3.8,3.81,2.0,2.0,67612.0,2025-12-08T17:03:31Z,0.010000000000000231,0.26281208935611644
FGBI,0001408534,"First Guaranty Bancshares, Inc.",NASDAQ,US,USD,Financial Services,Banks - Regional,70483844.0,4.5909,2025-12-08T16:59:51.073378,4.56,4.65,100.0,5.0,25637.0,2025-12-08T17:03:44Z,0.09000000000000075,1.954397394136824
KNRX,0001982960,KNOREX LTD.,AMEX,SG,USD,Technology,Software - Application,55020353.0,2.0014,2025-12-08T16:59:51.073667,1.96,2.03,1100.0,100.0,2033.0,2025-12-08T17:04:11Z,0.06999999999999984,3.5087719298245537
OPTX,0001866816,"Syntec Optics Holdings, Inc.",NASDAQ,US,USD,Technology,"Hardware, Equipment & Parts",51599146.0,1.4,2025-12-08T16:59:51.073894,1.39,1.41,1105.0,3.0,84514.0,2025-12-08T17:03:51Z,0.020000000000000018,1.42857142857143
SVRN,0001869467,OceanPal Inc. Common Stock,NASDAQ,US,USD,Industrials,Marine Shipping,48020659.0,1.4,2025-12-08T16:59:51.074217,1.39,1.42,1.0,100.0,37622.0,2025-12-08T17:02:51Z,0.030000000000000027,2.1352313167259807
UAVS,0000008504,"AgEagle Aerial Systems, Inc.",AMEX,US,USD,Technology,Computer Hardware,48683609.0,1.215,2025-12-08T16:59:51.074538,1.22,1.23,1100.0,1111.0,961551.0,2025-12-08T17:04:34Z,0.010000000000000009,0.8163265306122455
MDAI,0001833498,"Spectral AI, Inc.",NASDAQ,US,USD,Healthcare,Medical - Devices,51238308.0,1.6697,2025-12-08T16:59:51.074963,1.66,1.67,772.0,524.0,100143.0,2025-12-08T17:04:16Z,0.010000000000000009,0.6006006006006012
OSTX,0001795091,OS Therapies Incorporated,NYSE,US,USD,Healthcare,Biotechnology,67083341.0,1.905,2025-12-08T16:59:51.075907,1.89,1.92,300.0,900.0,252277.0,2025-12-08T17:00:46Z,0.030000000000000027,1.5748031496063009
TOP,0001848275,TOP Financial Group Limited,NASDAQ,HK,USD,Financial Services,Financial - Capital Markets,41145705.0,1.11,2025-12-08T16:59:51.076504,1.1,1.12,2.0,1039.0,6466.0,2025-12-08T17:04:28Z,0.020000000000000018,1.8018018018018032
RFL,0001713863,"Rafael Holdings, Inc.",NYSE,US,USD,Real Estate,Real Estate - Services,45270527.0,1.29,2025-12-08T16:59:51.076575,1.26,1.29,76.0,559.0,149186.0,2025-12-08T17:04:33Z,0.030000000000000027,2.3529411764705905
MSGY,0002020228,Masonglory Limited Ordinary Shares,NASDAQ,HK,USD,Industrials,Specialty Business Services,39118750.0,2.75,2025-12-08T16:59:51.076702,2.73,2.8,500.0,5243.0,287478.0,2025-12-08T17:02:49Z,0.06999999999999984,2.5316455696202476
LITS,0001262104,"Lite Strategy, Inc.",NASDAQ,US,USD,Healthcare,Biotechnology,62682316.0,1.704,2025-12-08T16:59:51.077260,1.7,1.72,200.0,200.0,145670.0,2025-12-08T17:03:38Z,0.020000000000000018,1.1695906432748548
JUNS,0001679628,"Jupiter Neurosciences, Inc.",NASDAQ,US,USD,Healthcare,Biotechnology,39808834.0,1.155,2025-12-08T16:59:51.077476,1.14,1.17,1049.0,100.0,21236.0,2025-12-08T17:01:34Z,0.030000000000000027,2.5974025974026
STKE,0001846839,Sol Strategies Inc. Common Shares,NASDAQ,CA,USD,Financial Services,Asset Management,57270060.0,2.57,2025-12-08T16:59:51.077770,2.55,2.6,35.0,100.0,56541.0,2025-12-08T17:03:51Z,0.050000000000000266,1.9417475728155442
CALC,0001534133,"CalciMedica, Inc.",NASDAQ,US,USD,Healthcare,Biotechnology,61600318.0,4.275,2025-12-08T16:59:51.078024,4.32,4.41,102.0,23.0,56869.0,2025-12-08T17:04:22Z,0.08999999999999986,2.0618556701030895
UONE,0001041657,"Urban One, Inc.",NASDAQ,US,USD,Communication Services,Broadcasting,30770434.0,1.205,2025-12-08T16:59:51.078084,1.18,1.24,1200.0,113.0,3798.0,2025-12-08T17:03:18Z,0.06000000000000005,4.958677685950417
GMHS,0002000530,Gamehaus Holdings Inc.,NASDAQ,CN,USD,Technology,Electronic Gaming & Multimedia,55712134.0,1.04,2025-12-08T16:59:51.078156,1.03,1.06,500.0,5623.0,26985.0,2025-12-08T17:00:53Z,0.030000000000000027,2.8708133971291896
VRA,0001495320,"Vera Bradley, Inc.",NASDAQ,US,USD,Consumer Cyclical,Apparel - Footwear & Accessories,59169554.0,2.118,2025-12-08T16:59:51.078215,2.11,2.12,437.0,402.0,634755.0,2025-12-08T17:04:33Z,0.010000000000000231,0.4728132387706964
ATNM,0001388320,"Actinium Pharmaceuticals, Inc.",AMEX,US,USD,Healthcare,Biotechnology,44454145.0,1.425,2025-12-08T16:59:51.078341,1.42,1.43,300.0,300.0,84368.0,2025-12-08T16:51:01Z,0.010000000000000009,0.701754385964913
PMEC,0001891944,Primech Holdings Ltd. Ordinary Shares,NASDAQ,SG,USD,Industrials,Specialty Business Services,40093011.0,1.0436,2025-12-08T16:59:51.078465,0.9997,1.05,100.0,500.0,8705.0,2025-12-08T17:03:27Z,0.05030000000000001,4.90803532224228
YSXT,0001993463,"YSX Tech. Co., Ltd",NASDAQ,CN,USD,Industrials,Specialty Business Services,56277900.0,2.4,2025-12-08T16:59:51.078527,2.39,2.44,300.0,200.0,214962.0,2025-12-08T17:03:49Z,0.04999999999999982,2.0703933747411933
FDSB,0002012726,Fifth District Savings Bank,NASDAQ,US,USD,Financial Services,Banks - Regional,77567024.0,14.045,2025-12-08T16:59:51.078758,14.04,14.05,70.0,599.0,14814.0,2025-12-08T17:01:19Z,0.010000000000001563,0.07119971520115033
NRXP,0001719406,"NRx Pharmaceuticals, Inc.",NASDAQ,US,USD,Healthcare,Biotechnology,40299914.0,2.3314,2025-12-08T16:59:51.078986,2.32,2.35,1.0,2.0,159218.0,2025-12-08T17:03:27Z,0.03000000000000025,1.2847965738758138
TELA,0001561921,"TELA Bio, Inc.",NASDAQ,US,USD,Healthcare,Medical - Devices,45758826.0,1.135,2025-12-08T16:59:51.079108,1.12,1.16,9073.0,147.0,68495.0,2025-12-08T17:03:30Z,0.039999999999999813,3.5087719298245448
YIBO,0001868395,Planet Image International Limited Class A Ordinary Shares,NASDAQ,CN,USD,Technology,Computer Hardware,55463134.0,1.025,2025-12-08T16:59:51.079385,1.01,1.06,3251.0,150.0,4364.0,2025-12-08T17:02:49Z,0.050000000000000044,4.830917874396139
GNTA,0001838716,Genenta Science S.p.A.,NASDAQ,IT,USD,Healthcare,Biotechnology,34839073.0,1.82,2025-12-08T16:59:51.080028,1.82,1.85,816.0,153.0,17409.0,2025-12-08T17:04:32Z,0.030000000000000027,1.6348773841961868
JSPR,0001788028,"Jasper Therapeutics, Inc.",NASDAQ,US,USD,Healthcare,Biotechnology,26898003.0,1.655,2025-12-08T16:59:51.080092,1.63,1.65,200.0,300.0,431748.0,2025-12-08T17:03:18Z,0.020000000000000018,1.2195121951219523
FLNT,0001460329,"Fluent, Inc.",NASDAQ,US,USD,Communication Services,Advertising Agencies,36818774.0,1.885,2025-12-08T16:59:51.080455,1.93,1.98,10.0,10.0,20287.0,2025-12-08T17:04:51Z,0.050000000000000044,2.55754475703325
UBCP,0000731653,"United Bancorp, Inc.",NASDAQ,US,USD,Financial Services,Banks - Regional,77916814.0,13.4944,2025-12-08T16:59:51.080872,13.45,13.5,100.0,277.0,4667.0,2025-12-08T17:04:43Z,0.05000000000000071,0.3710575139146621
SYPR,0000864240,"Sypris Solutions, Inc.",NASDAQ,US,USD,Consumer Cyclical,Auto - Parts,49168986.0,2.135,2025-12-08T16:59:51.081182,2.1,2.15,16.0,1.0,12469.0,2025-12-08T17:00:14Z,0.04999999999999982,2.35294117647058
HOVR,0001930021,New Horizon Aircraft Ltd.,NASDAQ,CA,USD,Industrials,Aerospace & Defense,72935164.0,1.78,2025-12-08T16:59:51.081470,1.74,1.76,400.0,300.0,213690.0,2025-12-08T17:04:56Z,0.020000000000000018,1.142857142857144
MAIA,0001878313,"MAIA Biotechnology, Inc.",AMEX,US,USD,Healthcare,Biotechnology,44623930.0,1.205,2025-12-08T16:59:51.081699,1.18,1.19,4900.0,600.0,197017.0,2025-12-08T17:02:56Z,0.010000000000000009,0.8438818565400852
KRRO,0001703647,"Korro Bio, Inc.",NASDAQ,US,USD,Healthcare,Biotechnology,70427744.0,7.51,2025-12-08T16:59:51.082675,7.4,7.46,100.0,15.0,224462.0,2025-12-08T17:05:05Z,0.05999999999999961,0.80753701211305
BRLS,0001852973,Borealis Foods Inc.,NASDAQ,CA,USD,Consumer Defensive,Packaged Foods,41127562.0,1.9209,2025-12-08T16:59:51.082911,1.85,1.93,100.0,100.0,3595.0,2025-12-08T17:03:51Z,0.07999999999999985,4.232804232804225
ATHE,0001131343,Alterity Therapeutics Limited,NASDAQ,AU,USD,Healthcare,Biotechnology,29643008.0,3.2701,2025-12-08T16:59:51.083105,3.27,3.31,3000.0,100.0,5872.0,2025-12-08T17:03:51Z,0.040000000000000036,1.2158054711246211
ESLA,0001844417,"Estrella Immunopharma, Inc.",NASDAQ,US,USD,Healthcare,Biotechnology,74020554.0,1.96,2025-12-08T16:59:51.083144,1.93,1.98,100.0,30.0,66112.0,2025-12-08T17:03:02Z,0.050000000000000044,2.55754475703325
PYPD,0001611842,PolyPid Ltd.,NASDAQ,IL,USD,Healthcare,Biotechnology,41171236.0,4.04,2025-12-08T16:59:51.083365,4.03,4.09,100.0,100.0,61317.0,2025-12-08T17:02:50Z,0.05999999999999961,1.4778325123152611
GROV,0001841761,"Grove Collaborative Holdings, Inc.",NYSE,US,USD,Consumer Defensive,Household & Personal Products,50997868.0,1.2322,2025-12-08T16:59:51.083622,1.23,1.25,300.0,600.0,12397.0,2025-12-08T16:58:51Z,0.020000000000000018,1.6129032258064528
BMR,0001899005,Beamr Imaging Ltd.,NASDAQ,IL,USD,Technology,Software - Application,35563366.0,2.29,2025-12-08T16:59:51.279009,2.26,2.3,100.0,20.0,39733.0,2025-12-08T17:04:04Z,0.040000000000000036,1.7543859649122824
IINN,0001837493,Inspira Technologies Oxy B.H.N. Ltd.,NASDAQ,IL,USD,Healthcare,Medical - Devices,26732500.0,1.11,2025-12-08T16:59:51.279236,1.1,1.12,2309.0,145.0,38057.0,2025-12-08T17:04:49Z,0.020000000000000018,1.8018018018018032
PETS,0001040130,"PetMed Express, Inc.",NASDAQ,US,USD,Healthcare,Medical - Pharmaceuticals,32954192.0,1.6,2025-12-08T16:59:51.279347,1.58,1.64,90.0,400.0,84800.0,2025-12-08T17:04:09Z,0.05999999999999983,3.726708074534151
USEG,0000101594,U.S. Energy Corp.,NASDAQ,US,USD,Energy,Oil & Gas Exploration & Production,35535000.0,1.03,2025-12-08T16:59:51.279384,1.02,1.03,169.0,505.0,153268.0,2025-12-08T17:04:59Z,0.010000000000000009,0.9756097560975618
MURA,0001971543,Mural Oncology plc,NASDAQ,IE,USD,Healthcare,Biotechnology,35382751.0,2.04,2025-12-08T16:59:51.279561,2.02,2.04,117300.0,8100.0,127350.0,2025-12-05T00:50:02Z,0.020000000000000018,0.985221674876848
BLBX,0001567900,Blackboxstocks Inc.,NASDAQ,US,USD,Technology,Software - Application,29204693.0,8.06,2025-12-08T16:59:51.279789,8.05,8.16,5.0,149.0,181833.0,2025-12-08T17:05:08Z,0.10999999999999943,1.3571869216532935
GROW,0000754811,"U.S. Global Investors, Inc.",NASDAQ,US,USD,Financial Services,Asset Management - Global,30719163.0,2.37,2025-12-08T16:59:51.280109,2.37,2.43,48.0,228.0,8705.0,2025-12-08T17:01:19Z,0.06000000000000005,2.5000000000000018
NHTC,0000912061,Natural Health Trends Corp.,NASDAQ,HK,USD,Consumer Cyclical,Specialty Retail,32006348.0,2.78,2025-12-08T16:59:51.280150,2.75,2.8,104.0,101.0,17049.0,2025-12-08T17:04:49Z,0.04999999999999982,1.8018018018017956
KPLT,0001785424,"Katapult Holdings, Inc.",NASDAQ,US,USD,Technology,Software - Infrastructure,30025394.0,6.47,2025-12-08T16:59:51.280333,6.4,6.5,3.0,1.0,16190.0,2025-12-08T16:33:02Z,0.09999999999999964,1.5503875968992191
ZDGE,0001667313,"Zedge, Inc.",AMEX,US,USD,Communication Services,Internet Content & Information,33160690.0,2.55,2025-12-08T16:59:51.280366,2.55,2.62,300.0,500.0,20745.0,2025-12-08T16:50:18Z,0.07000000000000028,2.7079303675048467
ANTX,0001880438,"AN2 Therapeutics, Inc.",NASDAQ,US,USD,Healthcare,Biotechnology,29316579.0,1.07,2025-12-08T16:59:51.280626,0.7776,1.08,2.0,3.0,67569.0,2025-12-08T17:00:08Z,0.3024000000000001,32.55813953488373
IBIO,0001420720,"iBio, Inc.",NASDAQ,US,USD,Healthcare,Biotechnology,29671350.0,1.795,2025-12-08T16:59:51.280791,1.73,1.76,2.0,2.0,95873078.0,2025-12-08T17:05:08Z,0.030000000000000027,1.7191977077363911
WKHS,0001425287,Workhorse Group Inc.,NASDAQ,US,USD,Consumer Cyclical,Auto - Manufacturers,54911287.0,6.675,2025-12-08T16:59:51.282453,6.65,6.72,1.0,229.0,2675636.0,2025-12-08T17:05:09Z,0.0699999999999994,1.0471204188481584
NTIP,0001065078,"Network-1 Technologies, Inc.",AMEX,US,USD,Industrials,Specialty Business Services,32625283.0,1.43,2025-12-08T16:59:51.286230,1.4,1.45,400.0,200.0,2071.0,2025-12-08T16:21:41Z,0.050000000000000044,3.5087719298245648
CRWS,0000025895,"Crown Crafts, Inc.",NASDAQ,US,USD,Consumer Cyclical,"Furnishings, Fixtures & Appliances",28854206.0,2.7481,2025-12-08T16:59:51.286366,2.69,2.77,100.0,1400.0,37099.0,2025-12-08T17:05:12Z,0.08000000000000007,2.9304029304029333
NOTE,0001823466,"FiscalNote Holdings, Inc.",NYSE,US,USD,Technology,Information Technology Services,28686263.0,1.91,2025-12-08T16:59:51.287204,1.9,1.92,200.0,100.0,178361.0,2025-12-08T17:04:04Z,0.020000000000000018,1.0471204188481684
INTZ,0000736012,Intrusion Inc.,NASDAQ,US,USD,Technology,Software - Infrastructure,30254923.0,1.505,2025-12-08T16:59:51.287608,1.5,1.52,600.0,56.0,47044.0,2025-12-08T17:04:56Z,0.020000000000000018,1.3245033112582794
NTWK,0001039280,"NetSol Technologies, Inc.",NASDAQ,US,USD,Technology,Software - Application,33974712.0,2.88,2025-12-08T16:59:51.287648,2.86,2.93,6164.0,17.0,23016.0,2025-12-08T17:04:42Z,0.07000000000000028,2.4179620034542415
TOPS,0001296484,Top Ships Inc.,NASDAQ,GR,USD,Industrials,Marine Shipping,27757182.0,6.0,2025-12-08T16:59:51.287788,6.0,6.09,300.0,100.0,886.0,2025-12-08T14:54:08Z,0.08999999999999986,1.4888337468982609
BAFN,0001649739,BayFirst Financial Corp.,NASDAQ,US,USD,Financial Services,Banks - Regional,32551224.0,7.92,2025-12-08T16:59:51.287938,7.91,8.0,299.0,1007.0,22.0,2025-12-08T17:04:13Z,0.08999999999999986,1.1313639220615945
SURG,0001392694,"SurgePays, Inc.",NASDAQ,US,USD,Technology,Software - Application,34958871.0,1.76,2025-12-08T16:59:51.288304,1.74,1.78,56.0,46.0,34953.0,2025-12-08T17:05:05Z,0.040000000000000036,2.2727272727272747
LGPS,0002040290,LogProstyle Inc.,AMEX,JP,USD,Real Estate,Real Estate - Services,25282444.0,1.07,2025-12-08T16:59:51.288956,1.03,1.07,1097.0,100.0,1910.0,2025-12-08T17:04:02Z,0.040000000000000036,3.809523809523813
WPRT,0001370416,Westport Fuel Systems Inc.,NASDAQ,CA,USD,Consumer Cyclical,Auto - Parts,28405305.0,1.64,2025-12-08T16:59:51.292076,1.64,1.65,210.0,237.0,56243.0,2025-12-08T17:03:03Z,0.010000000000000009,0.6079027355623106
FLUX,0001083743,"Flux Power Holdings, Inc.",NASDAQ,US,USD,Industrials,Electrical Equipment & Parts,25634868.0,1.53,2025-12-08T16:59:51.292236,1.52,1.53,196.0,200.0,125401.0,2025-12-08T17:04:17Z,0.010000000000000009,0.6557377049180334
MOGO,0001602842,Mogo Inc.,NASDAQ,CA,USD,Technology,Software - Infrastructure,28461577.0,1.175,2025-12-08T16:59:51.292437,1.17,1.18,500.0,100.0,58379.0,2025-12-08T17:05:11Z,0.010000000000000009,0.8510638297872349
GAUZ,0001781446,Gauzy Ltd. Ordinary Shares,NASDAQ,IL,USD,Technology,"Hardware, Equipment & Parts",31488470.0,1.68,2025-12-08T16:59:51.292738,1.65,1.7,200.0,234.0,125880.0,2025-12-08T17:04:46Z,0.050000000000000044,2.985074626865675
CVU,0000889348,"CPI Aerostructures, Inc.",AMEX,US,USD,Industrials,Aerospace & Defense,36095158.0,2.77,2025-12-08T16:59:51.293045,2.75,2.82,100.0,200.0,56669.0,2025-12-08T17:04:15Z,0.06999999999999984,2.5134649910233335
DTST,0001419951,Data Storage Corporation,NASDAQ,US,USD,Technology,Information Technology Services,35483810.0,4.98,2025-12-08T16:59:51.293122,4.95,4.98,100.0,10.0,835035.0,2025-12-08T17:05:10Z,0.03000000000000025,0.6042296072507604
KMRK,0002049187,K-TECH SOLUTIONS CO LTD,NASDAQ,HK,USD,Consumer Cyclical,Leisure,25575738.0,1.31,2025-12-08T16:59:51.293197,1.3,1.35,191.0,53.0,19982.0,2025-12-08T17:03:00Z,0.050000000000000044,3.77358490566038
GIFT,0001760233,"Giftify, Inc.",NASDAQ,US,USD,Technology,Software - Services,33716441.0,1.09,2025-12-08T16:59:51.293233,1.07,1.11,624.0,23.0,14605.0,2025-12-08T17:01:19Z,0.040000000000000036,3.6697247706422047
FOXX,0002013807,Foxx Development Holdings Inc.,NASDAQ,US,USD,Technology,Consumer Electronics,36129416.0,5.33,2025-12-08T16:59:51.294987,5.19,5.25,13.0,50.0,65113.0,2025-12-08T17:04:24Z,0.05999999999999961,1.1494252873563142
DAIO,0000351998,Data I/O Corporation,NASDAQ,US,USD,Technology,"Hardware, Equipment & Parts",28315801.0,3.015,2025-12-08T16:59:51.296125,2.98,3.05,25.0,39.0,8877.0,2025-12-08T17:04:42Z,0.06999999999999984,2.321724709784406
FRSX,0001691221,Foresight Autonomous Holdings Ltd.,NASDAQ,IL,USD,Consumer Cyclical,Auto - Parts,35741268.0,1.84,2025-12-08T16:59:51.475486,1.79,1.85,1.0,1.0,34268.0,2025-12-08T16:59:04Z,0.06000000000000005,3.2967032967032996
TGL,0001905956,Treasure Global Inc.,NASDAQ,US,USD,Technology,Software - Application,99934148.0,26.2443,2025-12-08T16:59:51.475928,28.68,28.84,80.0,104.0,4127697.0,2025-12-08T17:05:16Z,0.16000000000000014,0.5563282336578587
NCNA,0001709626,NuCana plc,NASDAQ,GB,USD,Healthcare,Biotechnology,25047937.0,4.1251,2025-12-08T16:59:51.476423,4.08,4.16,42.0,100.0,29313.0,2025-12-08T17:05:17Z,0.08000000000000007,1.9417475728155356
SVRE,0001894693,SaverOne 2014 Ltd,NASDAQ,IL,USD,Technology,"Hardware, Equipment & Parts",34148768.0,1.09,2025-12-08T16:59:51.479943,1.06,1.1,801.0,43.0,185751.0,2025-12-08T17:05:02Z,0.040000000000000036,3.703703703703707
LATA,0002076427,Galata Acquisition Corp. II Class A Ordinary Shares,NASDAQ,US,USD,Financial Services,Asset Management,171896250.0,9.965,2025-12-08T16:59:51.903396,9.94,9.97,2000.0,2000.0,337.0,2025-12-08T17:02:49Z,0.030000000000001137,0.30135610246108624
CHSCN,0000823277,CHS Inc.,NASDAQ,US,USD,Consumer Defensive,Agricultural Farm Products,309008960.0,25.18,2025-12-08T16:59:51.905112,25.11,25.19,100.0,100.0,11637.0,2025-12-08T17:04:09Z,0.08000000000000185,0.3180914512922539
LANDM,0001495240,Gladstone Land Corporation,NASDAQ,US,USD,Real Estate,REIT - Industrial,325264909.0,24.89,2025-12-08T16:59:52.136245,24.89,24.93,700.0,200.0,1634.0,2025-12-08T17:04:14Z,0.03999999999999915,0.16057808109192753
HCACU,0002079013,Hall Chadwick Acquisition Corp.,NASDAQ,US,USD,Financial Services,Asset Management,254754873.0,10.02,2025-12-08T16:59:52.136920,10.02,10.05,1.0,2.0,648.0,2025-12-08T16:43:41Z,0.030000000000001137,0.29895366218237307
SRG-PA,0001628063,Seritage Growth Properties,NYSE,US,USD,Real Estate,REIT - Retail,173467971.0,24.0999,2025-12-08T16:59:52.143753,24.02,24.15,400.0,49.0,1.0,2025-12-08T17:04:28Z,0.129999999999999,0.5397550342536808
ENO,0000071508,"Entergy New Orleans, LLC First Mortgage Bonds, 5.50% Series due April 1, 2066",NYSE,US,USD,Utilities,Regulated Electric,189554651.0,22.47,2025-12-08T16:59:52.146892,22.38,22.59,500.0,200.0,7411.0,2025-12-08T17:04:06Z,0.21000000000000085,0.933955970647102
NEWTI,0001587987,"NewtekOne, Inc. 8.00% Fixed Rate Senior Notes due 2028",NASDAQ,US,USD,Financial Services,Financial - Credit Services,319904493.0,24.9,2025-12-08T16:59:52.147592,24.9,25.31,41.0,25.0,6437.0,2025-12-08T17:01:34Z,0.41000000000000014,1.6331408086038648
SOHOB,0001301236,Sotherly Hotels Inc.,NASDAQ,US,USD,Real Estate,REIT - Hotel & Motel,38785920.0,16.85,2025-12-08T16:59:52.328579,16.77,16.88,100.0,510.0,11423.0,2025-12-08T17:04:48Z,0.10999999999999943,0.653789004457649
SOHON,0001301236,Sotherly Hotels Inc.,NASDAQ,US,USD,Real Estate,REIT - Hotel & Motel,33272203.0,15.15,2025-12-08T16:59:52.328655,15.09,15.28,120.0,100.0,843.0,2025-12-08T17:04:07Z,0.1899999999999995,1.2512347711557426
BWNB,0001630805,"Babcock & Wilcox Enterprises, I",NYSE,US,USD,Technology,Consumer Electronics,89544000.0,24.6,2025-12-08T16:59:52.330177,24.56,24.65,82.0,300.0,411.0,2025-12-08T17:05:17Z,0.08999999999999986,0.36577931314773365
SPEGU,0001862978,Silver Pegasus Acquisition Corp,NASDAQ,US,USD,Financial Services,Asset Management,99462218.0,10.34,2025-12-08T16:59:52.332594,10.16,10.3,2.0,1.0,9542.0,2025-12-02T21:00:00Z,0.14000000000000057,1.368523949169116
FBIOP,0001429260,"Fortress Biotech, Inc.",NASDAQ,US,USD,Healthcare,Biotechnology,60222758.0,7.65,2025-12-08T16:59:52.332900,7.57,7.65,100.0,496.0,3549.0,2025-12-08T17:05:17Z,0.08000000000000007,1.0512483574244424
SOHOO,0001301236,Sotherly Hotels Inc.,NASDAQ,US,USD,Real Estate,REIT - Hotel & Motel,38928338.0,17.31,2025-12-08T16:59:52.338015,17.25,17.4,100.0,100.0,678.0,2025-12-08T17:03:59Z,0.14999999999999858,0.8658008658008577
ENTX,0001638097,Entera Bio Ltd.,NASDAQ,IL,USD,Healthcare,Biotechnology,99495079.0,2.17,2025-12-08T16:59:52.339889,2.14,2.2,2.0,1.0,9129.0,2025-12-08T17:03:35Z,0.06000000000000005,2.7649769585253483
MDV-PA,0001645873,Modiv Inc.,NYSE,US,USD,Real Estate,REIT - Diversified,254465515.0,25.05,2025-12-08T16:59:52.342684,24.78,25.09,16.0,149.0,710.0,2025-12-08T16:50:36Z,0.3099999999999987,1.2432324042510474
GREEL,0001844971,Greenidge Generation Holdings Inc. 8.50% Senior Notes due 2026,NASDAQ,US,USD,Technology,Software - Application,218195520.0,16.7,2025-12-08T16:59:52.346664,16.54,16.76,100.0,100.0,1901.0,2025-12-08T16:50:30Z,0.22000000000000242,1.321321321321336
ACR-PC,0001332551,ACRES Commercial Realty Corp.,NYSE,US,USD,Real Estate,REIT - Mortgage,187068749.0,25.19,2025-12-08T16:59:52.513605,25.18,25.23,2100.0,200.0,1297.0,2025-12-08T15:53:35Z,0.05000000000000071,0.19837333862329187
AGM-PG,0000845877,Federal Agricultural Mortgage Corporation,NYSE,US,USD,Financial Services,Financial - Credit Services,197196941.0,18.0701,2025-12-08T16:59:52.513807,18.07,18.22,200.0,300.0,2097.0,2025-12-08T17:04:50Z,0.14999999999999858,0.8266740148801244
ACR-PD,0001332551,ACRES Commercial Realty Corp.,NYSE,US,USD,Real Estate,REIT - Mortgage,153625287.0,22.08,2025-12-08T16:59:52.513904,22.04,22.18,100.0,300.0,1601.0,2025-12-08T16:24:38Z,0.14000000000000057,0.6331976481230238
XOMAP,0000791908,XOMA Corporation,NASDAQ,US,USD,Healthcare,Biotechnology,319078066.0,26.6,2025-12-08T16:59:52.514046,26.5,26.95,100.0,100.0,540.0,2025-12-08T17:00:22Z,0.4499999999999993,1.683816651075769
FCNCO,0000798941,"First Citizens BancShares, Inc.",NASDAQ,US,USD,Financial Services,Banks - Regional,297629767.0,22.22,2025-12-08T16:59:52.514858,22.05,22.2,20.0,200.0,10122.0,2025-12-08T17:04:44Z,0.14999999999999858,0.6779661016949088
AGM-PF,0000845877,Federal Agricultural Mortgage Corporation,NYSE,US,USD,Financial Services,Financial - Credit Services,211164344.0,19.35,2025-12-08T16:59:52.515173,19.3,19.38,400.0,200.0,2833.0,2025-12-08T17:00:13Z,0.0799999999999983,0.4136504653567647
GECCG,0001675033,Great Elm Capital Corp. 7.75% Notes Due 2030,NASDAQ,US,USD,Financial Services,Asset Management,291986416.0,25.24,2025-12-08T16:59:52.515629,25.06,25.35,100.0,100.0,3043.0,2025-12-08T17:05:17Z,0.2900000000000027,1.150565364015087
FCNCP,0000798941,"First Citizens BancShares, Inc.",NASDAQ,US,USD,Financial Services,Banks - Regional,281021705.0,20.9801,2025-12-08T16:59:52.515810,20.98,21.25,100.0,200.0,18650.0,2025-12-08T17:00:23Z,0.2699999999999996,1.2787118162443738
AGM-PE,0000845877,Federal Agricultural Mortgage Corporation,NYSE,US,USD,Financial Services,Financial - Credit Services,235172693.0,21.55,2025-12-08T16:59:52.517370,21.37,21.72,100.0,100.0,2494.0,2025-12-08T17:04:44Z,0.34999999999999787,1.6245068461359844
MNSBP,0001693577,"MainStreet Bancshares, Inc.",NASDAQ,US,USD,Financial Services,Banks - Regional,186577516.0,24.35,2025-12-08T16:59:52.519535,24.21,24.64,100.0,100.0,1163.0,2025-12-08T17:05:24Z,0.4299999999999997,1.7604912998976447
GECCI,0001675033,Great Elm Capital Corp. 8.50% Notes DUE 2029,NASDAQ,US,USD,Financial Services,Asset Management,105480907.0,25.46,2025-12-08T16:59:52.519841,25.43,25.67,690.0,100.0,176.0,2025-12-08T17:04:09Z,0.240000000000002,0.9393346379647828
XOMAO,0000791908,XOMA Corporation,NASDAQ,US,USD,Healthcare,Biotechnology,305883108.0,25.5,2025-12-08T16:59:52.520557,25.48,25.54,1100.0,500.0,3942.0,2025-12-08T17:04:43Z,0.05999999999999872,0.23520188161504793
SVACU,0002074850,Spring Valley Acquisition Corp. III,NASDAQ,US,USD,Financial Services,Asset Management,278666994.0,10.45,2025-12-08T16:59:52.741818,10.41,10.49,5.0,0.0,917.0,2025-12-05T21:00:00Z,0.08000000000000007,0.7655502392344504
CHSCL,0000823277,CHS Inc.,NASDAQ,US,USD,Consumer Defensive,Agricultural Farm Products,315849373.0,25.7374,2025-12-08T16:59:52.745469,25.69,25.74,100.0,3.0,4564.0,2025-12-08T17:05:16Z,0.04999999999999716,0.19443904335989562
FGBIP,0001408534,"First Guaranty Bancshares, Inc.",NASDAQ,US,USD,Financial Services,Banks - Regional,204035966.0,15.37,2025-12-08T16:59:52.746609,15.3,15.35,100.0,643.0,101.0,2025-12-08T16:49:57Z,0.049999999999998934,0.3262642740619833
CHSCP,0000823277,CHS Inc.,NASDAQ,US,USD,Consumer Defensive,Agricultural Farm Products,341016790.0,27.7882,2025-12-08T16:59:52.747214,27.82,27.88,1.0,100.0,3143.0,2025-12-08T17:04:09Z,0.05999999999999872,0.21543985637342447
CHSCM,0000823277,CHS Inc.,NASDAQ,US,USD,Consumer Defensive,Agricultural Farm Products,307413600.0,25.05,2025-12-08T16:59:52.748093,25.0,25.1,10.0,1.0,3309.0,2025-12-08T16:54:10Z,0.10000000000000142,0.3992015968063929
CHSCO,0000823277,CHS Inc.,NASDAQ,US,USD,Consumer Defensive,Agricultural Farm Products,323183120.0,26.335,2025-12-08T16:59:52.748545,26.32,26.44,1.0,100.0,2909.0,2025-12-08T17:05:27Z,0.120000000000001,0.45489006823351397
HNNAZ,0001145255,"Hennessy Advisors, Inc. 4.875% Notes due 2026",NASDAQ,US,USD,Financial Services,Asset Management,197140162.0,24.98,2025-12-08T16:59:52.753663,24.95,25.1,50.0,100.0,830.0,2025-12-08T17:00:14Z,0.15000000000000213,0.599400599400608
SWKHL,0001089907,SWK Holdings Corporation 9.00% Senior Notes due 2027,NASDAQ,US,USD,Financial Services,Asset Management,180380939.0,25.75,2025-12-08T16:59:52.754196,25.65,25.91,100.0,100.0,3600.0,2025-12-08T17:04:41Z,0.26000000000000156,1.008533747090774
VIASP,0001606268,"Via Renewables, Inc.",NASDAQ,US,USD,Utilities,Regulated Electric,96593421.0,25.47,2025-12-08T16:59:52.930449,25.45,25.54,2000.0,35.0,28961.0,2025-12-08T17:05:06Z,0.08999999999999986,0.3530103941949397
AHMA,0002010959,Ambitions Enterprise Management Co. L.L.C,NASDAQ,AE,USD,Consumer Cyclical,Travel Services,212380417.0,7.2781,2025-12-08T16:59:52.930818,7.34,7.36,1.0,70.0,82860.0,2025-12-08T17:01:40Z,0.020000000000000462,0.27210884353742126
QVCGP,0001355096,QVC Group Inc.,NASDAQ,US,USD,Consumer Cyclical,Specialty Retail,27020243.0,3.3895,2025-12-08T16:59:52.932730,3.35,3.41,100.0,200.0,41395.0,2025-12-08T17:04:27Z,0.06000000000000005,1.7751479289940846
SCO,0001415311,ProShares UltraShort Bloomberg Crude Oil,AMEX,US,USD,Financial Services,Asset Management - Leveraged,162919074.0,18.785,2025-12-08T16:59:52.932851,18.83,18.84,1900.0,800.0,823466.0,2025-12-08T17:03:43Z,0.010000000000001563,0.053092646668444717
OFSSH,0001487918,OFS Capital Corporation 4.95% Notes due 2028,NASDAQ,US,USD,Financial Services,Asset Management,317618038.0,23.7062,2025-12-08T16:59:52.933136,23.51,23.92,100.0,100.0,303.0,2025-12-08T17:03:10Z,0.41000000000000014,1.7288635884461314
KOLD,0001415311,ProShares UltraShort Bloomberg Natural Gas,AMEX,US,USD,Financial Services,Asset Management - Leveraged,107258682.0,23.59,2025-12-08T16:59:52.933194,23.57,23.58,400.0,1539.0,8118052.0,2025-12-08T17:05:30Z,0.00999999999999801,0.042417815482494216
YCS,0001415311,ProShares UltraShort Yen,AMEX,US,USD,Financial Services,Asset Management - Leveraged,26362120.0,50.155,2025-12-08T16:59:52.934642,50.14,50.16,100.0,400.0,205899.0,2025-12-08T17:03:54Z,0.01999999999999602,0.03988035892322238
YCL,0001415311,ProShares Ultra Yen,AMEX,US,USD,Financial Services,Asset Management,47502671.0,19.385,2025-12-08T16:59:52.939858,19.37,19.4,200.0,910.0,23984.0,2025-12-08T17:05:20Z,0.029999999999997584,0.1547588341501036
EUO,0001415311,ProShares UltraShort Euro,AMEX,US,USD,Financial Services,Asset Management - Leveraged,33966240.0,28.875,2025-12-08T16:59:52.940048,28.87,28.9,200.0,200.0,6308.0,2025-12-08T17:05:29Z,0.029999999999997584,0.10386013501816717
GLL,0001415311,ProShares UltraShort Gold,AMEX,US,USD,Financial Services,Asset Management - Leveraged,71763358.0,27.745,2025-12-08T16:59:52.940754,27.77,27.79,18700.0,18800.0,573577.0,2025-12-08T17:05:33Z,0.019999999999999574,0.0719942404607616
