CIK,URL,Ticker,Company,Form,FiledAt,Age,RunwayQuarters,HasRunway,RunwaySourceURL,Desc,Accession,MasterTxtURL
0002031561,https://www.sec.gov/Archives/edgar/data/2031561/000141057825000114/aldf-20241231x10k.htm,ALDF,Aldel Financial II Inc.,10-K,2025-02-11,293,,False,,,0001410578-25-000114,https://www.sec.gov/Archives/edgar/data/2031561/000141057825000114/0001410578-25-000114.txt
0002031561,https://www.sec.gov/Archives/edgar/data/2031561/000110465925102605/aldf-20250930x10q.htm,ALDF,Aldel Financial II Inc.,10-Q,2025-10-27,35,,False,,,0001104659-25-102605,https://www.sec.gov/Archives/edgar/data/2031561/000110465925102605/0001104659-25-102605.txt
0002031561,https://www.sec.gov/Archives/edgar/data/2031561/000141057825001535/aldf-20250630x10q.htm,ALDF,Aldel Financial II Inc.,10-Q,2025-07-30,124,,False,,,0001410578-25-001535,https://www.sec.gov/Archives/edgar/data/2031561/000141057825001535/0001410578-25-001535.txt
0002031561,https://www.sec.gov/Archives/edgar/data/2031561/000110465925102709/tm2529588-3_3seq1.xml,ALDF,Aldel Financial II Inc.,3,2025-10-27,35,,False,,,0001104659-25-102709,https://www.sec.gov/Archives/edgar/data/2031561/000110465925102709/0001104659-25-102709.txt
0002031561,https://www.sec.gov/Archives/edgar/data/2031561/000110465925103740/tm2529588-2_4seq1.xml,ALDF,Aldel Financial II Inc.,4,2025-10-29,33,,False,,,0001104659-25-103740,https://www.sec.gov/Archives/edgar/data/2031561/000110465925103740/0001104659-25-103740.txt
0002031561,https://www.sec.gov/Archives/edgar/data/2031561/000110465925103739/tm2529588-1_4seq1.xml,ALDF,Aldel Financial II Inc.,4,2025-10-29,33,,False,,,0001104659-25-103739,https://www.sec.gov/Archives/edgar/data/2031561/000110465925103739/0001104659-25-103739.txt
0002031561,https://www.sec.gov/Archives/edgar/data/2031561/000110465925104853/tm2529654d1_8k.htm,ALDF,Aldel Financial II Inc.,8-K,2025-10-31,31,,False,,,0001104659-25-104853,https://www.sec.gov/Archives/edgar/data/2031561/000110465925104853/0001104659-25-104853.txt
0002031561,https://www.sec.gov/Archives/edgar/data/2031561/000110465924112204/tm2426986d1_8k.htm,ALDF,Aldel Financial II Inc.,8-K,2024-10-29,398,,False,,,0001104659-24-112204,https://www.sec.gov/Archives/edgar/data/2031561/000110465924112204/0001104659-24-112204.txt
0001426800,https://www.sec.gov/Archives/edgar/data/1426800/000095017025042673/asmb-20241231.htm,ASMB,"ASSEMBLY BIOSCIENCES, INC.",10-K,2025-03-20,256,0.75,True,https://www.sec.gov/Archives/edgar/data/1426800/000095017025042673/asmb-20241231.htm,,0000950170-25-042673,https://www.sec.gov/Archives/edgar/data/1426800/000095017025042673/0000950170-25-042673.txt
0001426800,https://www.sec.gov/Archives/edgar/data/1426800/000119312525274277/asmb-20250930.htm,ASMB,"ASSEMBLY BIOSCIENCES, INC.",10-Q,2025-11-10,21,0.41,True,https://www.sec.gov/Archives/edgar/data/1426800/000119312525274277/asmb-20250930.htm,,0001193125-25-274277,https://www.sec.gov/Archives/edgar/data/1426800/000119312525274277/0001193125-25-274277.txt
0001426800,https://www.sec.gov/Archives/edgar/data/1426800/000095017025104060/asmb-20250630.htm,ASMB,"ASSEMBLY BIOSCIENCES, INC.",10-Q,2025-08-06,117,0.6,True,https://www.sec.gov/Archives/edgar/data/1426800/000095017025104060/asmb-20250630.htm,,0000950170-25-104060,https://www.sec.gov/Archives/edgar/data/1426800/000095017025104060/0000950170-25-104060.txt
0001426800,https://www.sec.gov/Archives/edgar/data/1426800/000112329225000510/form4.xml,ASMB,"ASSEMBLY BIOSCIENCES, INC.",4,2025-10-03,59,,False,,,0001123292-25-000510,https://www.sec.gov/Archives/edgar/data/1426800/000112329225000510/0001123292-25-000510.txt
0001426800,https://www.sec.gov/Archives/edgar/data/1426800/000095017025087346/ownership.xml,ASMB,"ASSEMBLY BIOSCIENCES, INC.",4,2025-06-17,167,,False,,,0000950170-25-087346,https://www.sec.gov/Archives/edgar/data/1426800/000095017025087346/0000950170-25-087346.txt
0001426800,https://www.sec.gov/Archives/edgar/data/1426800/000095017025083702/ownership.xml,ASMB,"ASSEMBLY BIOSCIENCES, INC.",4,2025-06-09,175,,False,,,0000950170-25-083702,https://www.sec.gov/Archives/edgar/data/1426800/000095017025083702/0000950170-25-083702.txt
0001426800,https://www.sec.gov/Archives/edgar/data/1426800/000095017025083700/ownership.xml,ASMB,"ASSEMBLY BIOSCIENCES, INC.",4,2025-06-09,175,,False,,,0000950170-25-083700,https://www.sec.gov/Archives/edgar/data/1426800/000095017025083700/0000950170-25-083700.txt
0001426800,https://www.sec.gov/Archives/edgar/data/1426800/000095017025083695/ownership.xml,ASMB,"ASSEMBLY BIOSCIENCES, INC.",4,2025-06-09,175,,False,,,0000950170-25-083695,https://www.sec.gov/Archives/edgar/data/1426800/000095017025083695/0000950170-25-083695.txt
0001426800,https://www.sec.gov/Archives/edgar/data/1426800/000095017025083694/ownership.xml,ASMB,"ASSEMBLY BIOSCIENCES, INC.",4,2025-06-09,175,,False,,,0000950170-25-083694,https://www.sec.gov/Archives/edgar/data/1426800/000095017025083694/0000950170-25-083694.txt
0001426800,https://www.sec.gov/Archives/edgar/data/1426800/000095017025083693/ownership.xml,ASMB,"ASSEMBLY BIOSCIENCES, INC.",4,2025-06-09,175,,False,,,0000950170-25-083693,https://www.sec.gov/Archives/edgar/data/1426800/000095017025083693/0000950170-25-083693.txt
0001426800,https://www.sec.gov/Archives/edgar/data/1426800/000119312525291512/d54786d424b3.htm,ASMB,"ASSEMBLY BIOSCIENCES, INC.",424B3,2025-11-21,10,,False,,,0001193125-25-291512,https://www.sec.gov/Archives/edgar/data/1426800/000119312525291512/0001193125-25-291512.txt
0001426800,https://www.sec.gov/Archives/edgar/data/1426800/000119312525177435/d940442d424b5.htm,ASMB,"ASSEMBLY BIOSCIENCES, INC.",424B5,2025-08-11,112,,False,,,0001193125-25-177435,https://www.sec.gov/Archives/edgar/data/1426800/000119312525177435/0001193125-25-177435.txt
0001426800,https://www.sec.gov/Archives/edgar/data/1426800/000119312525177403/d56446d424b5.htm,ASMB,"ASSEMBLY BIOSCIENCES, INC.",424B5,2025-08-11,112,,False,,,0001193125-25-177403,https://www.sec.gov/Archives/edgar/data/1426800/000119312525177403/0001193125-25-177403.txt
0001426800,https://www.sec.gov/Archives/edgar/data/1426800/000119312524253253/d856320d424b5.htm,ASMB,"ASSEMBLY BIOSCIENCES, INC.",424B5,2024-11-07,389,,False,,,0001193125-24-253253,https://www.sec.gov/Archives/edgar/data/1426800/000119312524253253/0001193125-24-253253.txt
0001426800,https://www.sec.gov/Archives/edgar/data/1426800/000119312525274235/asmb-20251110.htm,ASMB,"ASSEMBLY BIOSCIENCES, INC.",8-K,2025-11-10,21,,False,,,0001193125-25-274235,https://www.sec.gov/Archives/edgar/data/1426800/000119312525274235/0001193125-25-274235.txt
0001426800,https://www.sec.gov/Archives/edgar/data/1426800/000119312525178092/d442009d8k.htm,ASMB,"ASSEMBLY BIOSCIENCES, INC.",8-K,2025-08-11,112,,False,,,0001193125-25-178092,https://www.sec.gov/Archives/edgar/data/1426800/000119312525178092/0001193125-25-178092.txt
0001426800,https://www.sec.gov/Archives/edgar/data/1426800/000119312525176138/d802767d8k.htm,ASMB,"ASSEMBLY BIOSCIENCES, INC.",8-K,2025-08-08,115,,False,,,0001193125-25-176138,https://www.sec.gov/Archives/edgar/data/1426800/000119312525176138/0001193125-25-176138.txt
0001426800,https://www.sec.gov/Archives/edgar/data/1426800/000095017025104020/asmb-20250806.htm,ASMB,"ASSEMBLY BIOSCIENCES, INC.",8-K,2025-08-06,117,,False,,,0000950170-25-104020,https://www.sec.gov/Archives/edgar/data/1426800/000095017025104020/0000950170-25-104020.txt
0001426800,https://www.sec.gov/Archives/edgar/data/1426800/000095017025089949/asmb-20250625.htm,ASMB,"ASSEMBLY BIOSCIENCES, INC.",8-K,2025-06-25,159,,False,,,0000950170-25-089949,https://www.sec.gov/Archives/edgar/data/1426800/000095017025089949/0000950170-25-089949.txt
0001426800,https://www.sec.gov/Archives/edgar/data/1426800/000095017025083830/asmb-20250605.htm,ASMB,"ASSEMBLY BIOSCIENCES, INC.",8-K,2025-06-09,175,,False,,,0000950170-25-083830,https://www.sec.gov/Archives/edgar/data/1426800/000095017025083830/0000950170-25-083830.txt
0001426800,https://www.sec.gov/Archives/edgar/data/1426800/000095017025066946/asmb-20250508.htm,ASMB,"ASSEMBLY BIOSCIENCES, INC.",8-K,2025-05-08,207,,False,,,0000950170-25-066946,https://www.sec.gov/Archives/edgar/data/1426800/000095017025066946/0000950170-25-066946.txt
0001426800,https://www.sec.gov/Archives/edgar/data/1426800/000095017025042660/asmb-20250320.htm,ASMB,"ASSEMBLY BIOSCIENCES, INC.",8-K,2025-03-20,256,,False,,,0000950170-25-042660,https://www.sec.gov/Archives/edgar/data/1426800/000095017025042660/0000950170-25-042660.txt
0001426800,https://www.sec.gov/Archives/edgar/data/1426800/000095017025024134/asmb-20250220.htm,ASMB,"ASSEMBLY BIOSCIENCES, INC.",8-K,2025-02-20,284,,False,,,0000950170-25-024134,https://www.sec.gov/Archives/edgar/data/1426800/000095017025024134/0000950170-25-024134.txt
0001426800,https://www.sec.gov/Archives/edgar/data/1426800/000095017025001141/asmb-20241230.htm,ASMB,"ASSEMBLY BIOSCIENCES, INC.",8-K,2025-01-03,332,,False,,,0000950170-25-001141,https://www.sec.gov/Archives/edgar/data/1426800/000095017025001141/0000950170-25-001141.txt
0001426800,https://www.sec.gov/Archives/edgar/data/1426800/000119312525239048/d54786ds3.htm,ASMB,"ASSEMBLY BIOSCIENCES, INC.",S-3,2025-10-14,48,,False,,,0001193125-25-239048,https://www.sec.gov/Archives/edgar/data/1426800/000119312525239048/0001193125-25-239048.txt
0001426800,https://www.sec.gov/Archives/edgar/data/1426800/000119312525059320/d920089ds3.htm,ASMB,"ASSEMBLY BIOSCIENCES, INC.",S-3,2025-03-20,256,,False,,,0001193125-25-059320,https://www.sec.gov/Archives/edgar/data/1426800/000119312525059320/0001193125-25-059320.txt
0001426800,https://www.sec.gov/Archives/edgar/data/1426800/000095017025104118/asmb-20250806.htm,ASMB,"ASSEMBLY BIOSCIENCES, INC.",S-8,2025-08-06,117,,False,,,0000950170-25-104118,https://www.sec.gov/Archives/edgar/data/1426800/000095017025104118/0000950170-25-104118.txt
0002042292,https://www.sec.gov/Archives/edgar/data/2042292/000121390025109324/ea0264862-10q_btcdev.htm,BDCI,BTC Development Corp.,10-Q,2025-11-12,19,,False,,,0001213900-25-109324,https://www.sec.gov/Archives/edgar/data/2042292/000121390025109324/0001213900-25-109324.txt
0002042292,https://www.sec.gov/Archives/edgar/data/2042292/000092963825003698/form3.xml,BDCI,BTC Development Corp.,3,2025-09-30,62,,False,,,0000929638-25-003698,https://www.sec.gov/Archives/edgar/data/2042292/000092963825003698/0000929638-25-003698.txt
0002042292,https://www.sec.gov/Archives/edgar/data/2042292/000092963825003697/form3.xml,BDCI,BTC Development Corp.,3,2025-09-30,62,,False,,,0000929638-25-003697,https://www.sec.gov/Archives/edgar/data/2042292/000092963825003697/0000929638-25-003697.txt
0002042292,https://www.sec.gov/Archives/edgar/data/2042292/000092963825003696/form3.xml,BDCI,BTC Development Corp.,3,2025-09-30,62,,False,,,0000929638-25-003696,https://www.sec.gov/Archives/edgar/data/2042292/000092963825003696/0000929638-25-003696.txt
0002042292,https://www.sec.gov/Archives/edgar/data/2042292/000092963825003695/form3.xml,BDCI,BTC Development Corp.,3,2025-09-30,62,,False,,,0000929638-25-003695,https://www.sec.gov/Archives/edgar/data/2042292/000092963825003695/0000929638-25-003695.txt
0002042292,https://www.sec.gov/Archives/edgar/data/2042292/000092963825003694/form3.xml,BDCI,BTC Development Corp.,3,2025-09-30,62,,False,,,0000929638-25-003694,https://www.sec.gov/Archives/edgar/data/2042292/000092963825003694/0000929638-25-003694.txt
0002042292,https://www.sec.gov/Archives/edgar/data/2042292/000121390025093944/ea0225715-12.htm,BDCI,BTC Development Corp.,424B4,2025-09-30,62,,False,,,0001213900-25-093944,https://www.sec.gov/Archives/edgar/data/2042292/000121390025093944/0001213900-25-093944.txt
0002042292,https://www.sec.gov/Archives/edgar/data/2042292/000121390025093940/ea0225715-11.htm,BDCI,BTC Development Corp.,424B4,2025-09-30,62,,False,,,0001213900-25-093940,https://www.sec.gov/Archives/edgar/data/2042292/000121390025093940/0001213900-25-093940.txt
0002042292,https://www.sec.gov/Archives/edgar/data/2042292/000121390025097023/ea0260340-8k_btcdevelop.htm,BDCI,BTC Development Corp.,8-K,2025-10-07,55,,False,,,0001213900-25-097023,https://www.sec.gov/Archives/edgar/data/2042292/000121390025097023/0001213900-25-097023.txt
0002042292,https://www.sec.gov/Archives/edgar/data/2042292/000121390025096131/ea0259285-8k_btc.htm,BDCI,BTC Development Corp.,8-K,2025-10-03,59,,False,,,0001213900-25-096131,https://www.sec.gov/Archives/edgar/data/2042292/000121390025096131/0001213900-25-096131.txt
0001820302,https://www.sec.gov/Archives/edgar/data/1820302/000162828025013959/bakkt-20241231.htm,BKKT,"Bakkt Holdings, Inc.",10-K,2025-03-20,256,1.84,True,https://www.sec.gov/Archives/edgar/data/1820302/000162828025013959/bakkt-20241231.htm,,0001628280-25-013959,https://www.sec.gov/Archives/edgar/data/1820302/000162828025013959/0001628280-25-013959.txt
0001820302,https://www.sec.gov/Archives/edgar/data/1820302/000162828025051180/bakkt-20250930.htm,BKKT,"Bakkt Holdings, Inc.",10-Q,2025-11-12,19,0.41,True,https://www.sec.gov/Archives/edgar/data/1820302/000162828025051180/bakkt-20250930.htm,,0001628280-25-051180,https://www.sec.gov/Archives/edgar/data/1820302/000162828025051180/0001628280-25-051180.txt
0001820302,https://www.sec.gov/Archives/edgar/data/1820302/000162828025039625/bakkt-20250630.htm,BKKT,"Bakkt Holdings, Inc.",10-Q,2025-08-11,112,0.45,True,https://www.sec.gov/Archives/edgar/data/1820302/000162828025039625/bakkt-20250630.htm,,0001628280-25-039625,https://www.sec.gov/Archives/edgar/data/1820302/000162828025039625/0001628280-25-039625.txt
0001820302,https://www.sec.gov/Archives/edgar/data/1820302/000206254325000006/primary_doc.xml,BKKT,"Bakkt Holdings, Inc.",4,2025-11-18,13,,False,,,0002062543-25-000006,https://www.sec.gov/Archives/edgar/data/1820302/000206254325000006/0002062543-25-000006.txt
0001820302,https://www.sec.gov/Archives/edgar/data/1820302/000187091025000013/primary_doc.xml,BKKT,"Bakkt Holdings, Inc.",4,2025-11-18,13,,False,,,0001870910-25-000013,https://www.sec.gov/Archives/edgar/data/1820302/000187091025000013/0001870910-25-000013.txt
0001820302,https://www.sec.gov/Archives/edgar/data/1820302/000187155925000016/primary_doc.xml,BKKT,"Bakkt Holdings, Inc.",4,2025-11-18,13,,False,,,0001871559-25-000016,https://www.sec.gov/Archives/edgar/data/1820302/000187155925000016/0001871559-25-000016.txt
0001820302,https://www.sec.gov/Archives/edgar/data/1820302/000204368125000009/primary_doc.xml,BKKT,"Bakkt Holdings, Inc.",4,2025-11-18,13,,False,,,0002043681-25-000009,https://www.sec.gov/Archives/edgar/data/1820302/000204368125000009/0002043681-25-000009.txt
0001820302,https://www.sec.gov/Archives/edgar/data/1820302/000206254325000005/primary_doc.xml,BKKT,"Bakkt Holdings, Inc.",4,2025-11-14,17,,False,,,0002062543-25-000005,https://www.sec.gov/Archives/edgar/data/1820302/000206254325000005/0002062543-25-000005.txt
0001820302,https://www.sec.gov/Archives/edgar/data/1820302/000187155925000015/primary_doc.xml,BKKT,"Bakkt Holdings, Inc.",4,2025-11-14,17,,False,,,0001871559-25-000015,https://www.sec.gov/Archives/edgar/data/1820302/000187155925000015/0001871559-25-000015.txt
0001820302,https://www.sec.gov/Archives/edgar/data/1820302/000204368125000008/primary_doc.xml,BKKT,"Bakkt Holdings, Inc.",4,2025-11-14,17,,False,,,0002043681-25-000008,https://www.sec.gov/Archives/edgar/data/1820302/000204368125000008/0002043681-25-000008.txt
0001820302,https://www.sec.gov/Archives/edgar/data/1820302/000187091025000012/primary_doc.xml,BKKT,"Bakkt Holdings, Inc.",4,2025-11-14,17,,False,,,0001870910-25-000012,https://www.sec.gov/Archives/edgar/data/1820302/000187091025000012/0001870910-25-000012.txt
0001820302,https://www.sec.gov/Archives/edgar/data/1820302/000203050525000004/primary_doc.xml,BKKT,"Bakkt Holdings, Inc.",4,2025-11-13,18,,False,,,0002030505-25-000004,https://www.sec.gov/Archives/edgar/data/1820302/000203050525000004/0002030505-25-000004.txt
0001820302,https://www.sec.gov/Archives/edgar/data/1820302/000206254325000007/primary_doc.xml,BKKT,"Bakkt Holdings, Inc.",4/A,2025-11-18,13,,False,,,0002062543-25-000007,https://www.sec.gov/Archives/edgar/data/1820302/000206254325000007/0002062543-25-000007.txt
0001820302,https://www.sec.gov/Archives/edgar/data/1820302/000119312525164474/d84171d424b3.htm,BKKT,"Bakkt Holdings, Inc.",424B3,2025-07-24,130,,False,,,0001193125-25-164474,https://www.sec.gov/Archives/edgar/data/1820302/000119312525164474/0001193125-25-164474.txt
0001820302,https://www.sec.gov/Archives/edgar/data/1820302/000119312525168405/d937687d424b5.htm,BKKT,"Bakkt Holdings, Inc.",424B5,2025-07-30,124,,False,,,0001193125-25-168405,https://www.sec.gov/Archives/edgar/data/1820302/000119312525168405/0001193125-25-168405.txt
0001820302,https://www.sec.gov/Archives/edgar/data/1820302/000119312525166553/d937687d424b5.htm,BKKT,"Bakkt Holdings, Inc.",424B5,2025-07-28,126,,False,,,0001193125-25-166553,https://www.sec.gov/Archives/edgar/data/1820302/000119312525166553/0001193125-25-166553.txt
0001820302,https://www.sec.gov/Archives/edgar/data/1820302/000162828025053695/bakkt-20251121.htm,BKKT,"Bakkt Holdings, Inc.",8-K,2025-11-24,7,,False,,,0001628280-25-053695,https://www.sec.gov/Archives/edgar/data/1820302/000162828025053695/0001628280-25-053695.txt
0001820302,https://www.sec.gov/Archives/edgar/data/1820302/000162828025052422/bakkt-20251107.htm,BKKT,"Bakkt Holdings, Inc.",8-K,2025-11-14,17,,False,,,0001628280-25-052422,https://www.sec.gov/Archives/edgar/data/1820302/000162828025052422/0001628280-25-052422.txt
0001820302,https://www.sec.gov/Archives/edgar/data/1820302/000119312525275602/d17320d8k.htm,BKKT,"Bakkt Holdings, Inc.",8-K,2025-11-12,19,,False,,,0001193125-25-275602,https://www.sec.gov/Archives/edgar/data/1820302/000119312525275602/0001193125-25-275602.txt
0001820302,https://www.sec.gov/Archives/edgar/data/1820302/000162828025051201/bakkt-20251110.htm,BKKT,"Bakkt Holdings, Inc.",8-K,2025-11-12,19,,False,,,0001628280-25-051201,https://www.sec.gov/Archives/edgar/data/1820302/000162828025051201/0001628280-25-051201.txt
0001820302,https://www.sec.gov/Archives/edgar/data/1820302/000119312525262474/d98917d8k.htm,BKKT,"Bakkt Holdings, Inc.",8-K,2025-11-03,28,,False,,,0001193125-25-262474,https://www.sec.gov/Archives/edgar/data/1820302/000119312525262474/0001193125-25-262474.txt
0001820302,https://www.sec.gov/Archives/edgar/data/1820302/000162828025047840/bakkt-20251031.htm,BKKT,"Bakkt Holdings, Inc.",8-K,2025-10-31,31,,False,,,0001628280-25-047840,https://www.sec.gov/Archives/edgar/data/1820302/000162828025047840/0001628280-25-047840.txt
0001820302,https://www.sec.gov/Archives/edgar/data/1820302/000119312525245822/d36779d8k.htm,BKKT,"Bakkt Holdings, Inc.",8-K,2025-10-22,40,,False,,,0001193125-25-245822,https://www.sec.gov/Archives/edgar/data/1820302/000119312525245822/0001193125-25-245822.txt
0001820302,https://www.sec.gov/Archives/edgar/data/1820302/000162828025045560/bakkt-20251019.htm,BKKT,"Bakkt Holdings, Inc.",8-K,2025-10-21,41,,False,,,0001628280-25-045560,https://www.sec.gov/Archives/edgar/data/1820302/000162828025045560/0001628280-25-045560.txt
0001820302,https://www.sec.gov/Archives/edgar/data/1820302/000119312525242750/d74254d8k.htm,BKKT,"Bakkt Holdings, Inc.",8-K,2025-10-20,42,,False,,,0001193125-25-242750,https://www.sec.gov/Archives/edgar/data/1820302/000119312525242750/0001193125-25-242750.txt
0001820302,https://www.sec.gov/Archives/edgar/data/1820302/000119312525237364/d32118d8k.htm,BKKT,"Bakkt Holdings, Inc.",8-K,2025-10-14,48,,False,,,0001193125-25-237364,https://www.sec.gov/Archives/edgar/data/1820302/000119312525237364/0001193125-25-237364.txt
0001820302,https://www.sec.gov/Archives/edgar/data/1820302/000119312525272524/d70742d8ka.htm,BKKT,"Bakkt Holdings, Inc.",8-K/A,2025-11-07,24,,False,,,0001193125-25-272524,https://www.sec.gov/Archives/edgar/data/1820302/000119312525272524/0001193125-25-272524.txt
0001820302,https://www.sec.gov/Archives/edgar/data/1820302/000119312525149177/d84171ds3.htm,BKKT,"Bakkt Holdings, Inc.",S-3,2025-06-27,157,,False,,,0001193125-25-149177,https://www.sec.gov/Archives/edgar/data/1820302/000119312525149177/0001193125-25-149177.txt
0001820302,https://www.sec.gov/Archives/edgar/data/1820302/000119312525149155/d937687ds3.htm,BKKT,"Bakkt Holdings, Inc.",S-3,2025-06-26,158,,False,,,0001193125-25-149155,https://www.sec.gov/Archives/edgar/data/1820302/000119312525149155/0001193125-25-149155.txt
0001820302,https://www.sec.gov/Archives/edgar/data/1820302/000119312525156281/d84171ds3a.htm,BKKT,"Bakkt Holdings, Inc.",S-3/A,2025-07-07,147,,False,,,0001193125-25-156281,https://www.sec.gov/Archives/edgar/data/1820302/000119312525156281/0001193125-25-156281.txt
0001820302,https://www.sec.gov/Archives/edgar/data/1820302/000119312525273946/d945367ds8.htm,BKKT,"Bakkt Holdings, Inc.",S-8,2025-11-10,21,,False,,,0001193125-25-273946,https://www.sec.gov/Archives/edgar/data/1820302/000119312525273946/0001193125-25-273946.txt
0001820302,https://www.sec.gov/Archives/edgar/data/1820302/000119312525151371/d41678ds8.htm,BKKT,"Bakkt Holdings, Inc.",S-8,2025-06-27,157,,False,,,0001193125-25-151371,https://www.sec.gov/Archives/edgar/data/1820302/000119312525151371/0001193125-25-151371.txt
0001820302,https://www.sec.gov/Archives/edgar/data/1820302/000119312525085820/d930118ds8.htm,BKKT,"Bakkt Holdings, Inc.",S-8,2025-04-18,227,,False,,,0001193125-25-085820,https://www.sec.gov/Archives/edgar/data/1820302/000119312525085820/0001193125-25-085820.txt
0001141103,https://www.sec.gov/Archives/edgar/data/1141103/000162828025010519/ccrn-20241231.htm,CCRN,CROSS COUNTRY HEALTHCARE INC,10-K,2025-03-05,271,,False,,,0001628280-25-010519,https://www.sec.gov/Archives/edgar/data/1141103/000162828025010519/0001628280-25-010519.txt
0001141103,https://www.sec.gov/Archives/edgar/data/1141103/000114036125014192/ef20046934_10ka.htm,CCRN,CROSS COUNTRY HEALTHCARE INC,10-K/A,2025-04-16,229,,False,,,0001140361-25-014192,https://www.sec.gov/Archives/edgar/data/1141103/000114036125014192/0001140361-25-014192.txt
0001141103,https://www.sec.gov/Archives/edgar/data/1141103/000162828025051682/ccrn-20250930.htm,CCRN,CROSS COUNTRY HEALTHCARE INC,10-Q,2025-11-12,19,,False,,,0001628280-25-051682,https://www.sec.gov/Archives/edgar/data/1141103/000162828025051682/0001628280-25-051682.txt
0001141103,https://www.sec.gov/Archives/edgar/data/1141103/000162828025038395/ccrn-20250630.htm,CCRN,CROSS COUNTRY HEALTHCARE INC,10-Q,2025-08-06,117,,False,,,0001628280-25-038395,https://www.sec.gov/Archives/edgar/data/1141103/000162828025038395/0001628280-25-038395.txt
0001141103,https://www.sec.gov/Archives/edgar/data/1141103/000106299325010757/form4.xml,CCRN,CROSS COUNTRY HEALTHCARE INC,4,2025-06-03,181,,False,,,0001062993-25-010757,https://www.sec.gov/Archives/edgar/data/1141103/000106299325010757/0001062993-25-010757.txt
0001141103,https://www.sec.gov/Archives/edgar/data/1141103/000106299325010755/form4.xml,CCRN,CROSS COUNTRY HEALTHCARE INC,4,2025-06-03,181,,False,,,0001062993-25-010755,https://www.sec.gov/Archives/edgar/data/1141103/000106299325010755/0001062993-25-010755.txt
0001141103,https://www.sec.gov/Archives/edgar/data/1141103/000106299325010754/form4.xml,CCRN,CROSS COUNTRY HEALTHCARE INC,4,2025-06-03,181,,False,,,0001062993-25-010754,https://www.sec.gov/Archives/edgar/data/1141103/000106299325010754/0001062993-25-010754.txt
0001141103,https://www.sec.gov/Archives/edgar/data/1141103/000106299325010756/form4.xml,CCRN,CROSS COUNTRY HEALTHCARE INC,4,2025-06-03,181,,False,,,0001062993-25-010756,https://www.sec.gov/Archives/edgar/data/1141103/000106299325010756/0001062993-25-010756.txt
0001141103,https://www.sec.gov/Archives/edgar/data/1141103/000106299325006849/form4.xml,CCRN,CROSS COUNTRY HEALTHCARE INC,4,2025-04-02,243,,False,,,0001062993-25-006849,https://www.sec.gov/Archives/edgar/data/1141103/000106299325006849/0001062993-25-006849.txt
0001141103,https://www.sec.gov/Archives/edgar/data/1141103/000106299325006844/form4.xml,CCRN,CROSS COUNTRY HEALTHCARE INC,4,2025-04-02,243,,False,,,0001062993-25-006844,https://www.sec.gov/Archives/edgar/data/1141103/000106299325006844/0001062993-25-006844.txt
0001141103,https://www.sec.gov/Archives/edgar/data/1141103/000106299325006846/form4.xml,CCRN,CROSS COUNTRY HEALTHCARE INC,4,2025-04-02,243,,False,,,0001062993-25-006846,https://www.sec.gov/Archives/edgar/data/1141103/000106299325006846/0001062993-25-006846.txt
0001141103,https://www.sec.gov/Archives/edgar/data/1141103/000106299325006848/form4.xml,CCRN,CROSS COUNTRY HEALTHCARE INC,4,2025-04-02,243,,False,,,0001062993-25-006848,https://www.sec.gov/Archives/edgar/data/1141103/000106299325006848/0001062993-25-006848.txt
0001141103,https://www.sec.gov/Archives/edgar/data/1141103/000106299325006847/form4.xml,CCRN,CROSS COUNTRY HEALTHCARE INC,4,2025-04-02,243,,False,,,0001062993-25-006847,https://www.sec.gov/Archives/edgar/data/1141103/000106299325006847/0001062993-25-006847.txt
0001141103,https://www.sec.gov/Archives/edgar/data/1141103/000106299325006852/form4.xml,CCRN,CROSS COUNTRY HEALTHCARE INC,4,2025-04-02,243,,False,,,0001062993-25-006852,https://www.sec.gov/Archives/edgar/data/1141103/000106299325006852/0001062993-25-006852.txt
0001141103,https://www.sec.gov/Archives/edgar/data/1141103/000162828025051671/ccrn-20251112.htm,CCRN,CROSS COUNTRY HEALTHCARE INC,8-K,2025-11-12,19,,False,,,0001628280-25-051671,https://www.sec.gov/Archives/edgar/data/1141103/000162828025051671/0001628280-25-051671.txt
0001141103,https://www.sec.gov/Archives/edgar/data/1141103/000162828025043262/ccrn-20250925.htm,CCRN,CROSS COUNTRY HEALTHCARE INC,8-K,2025-09-30,62,,False,,,0001628280-25-043262,https://www.sec.gov/Archives/edgar/data/1141103/000162828025043262/0001628280-25-043262.txt
0001141103,https://www.sec.gov/Archives/edgar/data/1141103/000095010325011190/dp233920_8k.htm,CCRN,CROSS COUNTRY HEALTHCARE INC,8-K,2025-09-03,89,,False,,,0000950103-25-011190,https://www.sec.gov/Archives/edgar/data/1141103/000095010325011190/0000950103-25-011190.txt
0001141103,https://www.sec.gov/Archives/edgar/data/1141103/000162828025038369/ccrn-20250806.htm,CCRN,CROSS COUNTRY HEALTHCARE INC,8-K,2025-08-06,117,,False,,,0001628280-25-038369,https://www.sec.gov/Archives/edgar/data/1141103/000162828025038369/0001628280-25-038369.txt
0001141103,https://www.sec.gov/Archives/edgar/data/1141103/000162828025023205/ccrn-20250507.htm,CCRN,CROSS COUNTRY HEALTHCARE INC,8-K,2025-05-07,208,,False,,,0001628280-25-023205,https://www.sec.gov/Archives/edgar/data/1141103/000162828025023205/0001628280-25-023205.txt
0001141103,https://www.sec.gov/Archives/edgar/data/1141103/000162828025010495/ccrn-20250305.htm,CCRN,CROSS COUNTRY HEALTHCARE INC,8-K,2025-03-05,271,,False,,,0001628280-25-010495,https://www.sec.gov/Archives/edgar/data/1141103/000162828025010495/0001628280-25-010495.txt
0001141103,https://www.sec.gov/Archives/edgar/data/1141103/000095010325002748/dp225602_8k.htm,CCRN,CROSS COUNTRY HEALTHCARE INC,8-K,2025-02-28,276,,False,,,0000950103-25-002748,https://www.sec.gov/Archives/edgar/data/1141103/000095010325002748/0000950103-25-002748.txt
0001141103,https://www.sec.gov/Archives/edgar/data/1141103/000095010325002303/dp225185_8k.htm,CCRN,CROSS COUNTRY HEALTHCARE INC,8-K,2025-02-21,283,,False,,,0000950103-25-002303,https://www.sec.gov/Archives/edgar/data/1141103/000095010325002303/0000950103-25-002303.txt
0001141103,https://www.sec.gov/Archives/edgar/data/1141103/000095010324017244/dp221634_8k.htm,CCRN,CROSS COUNTRY HEALTHCARE INC,8-K,2024-12-04,362,,False,,,0000950103-24-017244,https://www.sec.gov/Archives/edgar/data/1141103/000095010324017244/0000950103-24-017244.txt
0001141103,https://www.sec.gov/Archives/edgar/data/1141103/000162828024045750/ccrn-20241106.htm,CCRN,CROSS COUNTRY HEALTHCARE INC,8-K,2024-11-06,390,,False,,,0001628280-24-045750,https://www.sec.gov/Archives/edgar/data/1141103/000162828024045750/0001628280-24-045750.txt
0001737927,https://www.sec.gov/Archives/edgar/data/1737927/000095017025079317/cgc-20250331.htm,CGC,Canopy Growth Corp,10-K,2025-05-30,185,0.69,True,https://www.sec.gov/Archives/edgar/data/1737927/000095017025079317/cgc-20250331.htm,,0000950170-25-079317,https://www.sec.gov/Archives/edgar/data/1737927/000095017025079317/0000950170-25-079317.txt
0001737927,https://www.sec.gov/Archives/edgar/data/1737927/000119312525270960/cgc-20250930.htm,CGC,Canopy Growth Corp,10-Q,2025-11-07,24,,False,,,0001193125-25-270960,https://www.sec.gov/Archives/edgar/data/1737927/000119312525270960/0001193125-25-270960.txt
0001737927,https://www.sec.gov/Archives/edgar/data/1737927/000119312525175982/cgc-20250630.htm,CGC,Canopy Growth Corp,10-Q,2025-08-08,115,,False,,,0001193125-25-175982,https://www.sec.gov/Archives/edgar/data/1737927/000119312525175982/0001193125-25-175982.txt
0001737927,https://www.sec.gov/Archives/edgar/data/1737927/000110465925099288/tm2528718-1_3seq1.xml,CGC,Canopy Growth Corp,3,2025-10-14,48,,False,,,0001104659-25-099288,https://www.sec.gov/Archives/edgar/data/1737927/000110465925099288/0001104659-25-099288.txt
0001737927,https://www.sec.gov/Archives/edgar/data/1737927/000110465925111341/tm2531202-1_4seq1.xml,CGC,Canopy Growth Corp,4,2025-11-13,18,,False,,,0001104659-25-111341,https://www.sec.gov/Archives/edgar/data/1737927/000110465925111341/0001104659-25-111341.txt
0001737927,https://www.sec.gov/Archives/edgar/data/1737927/000110465925095031/tm2527640-4_4seq1.xml,CGC,Canopy Growth Corp,4,2025-09-30,62,,False,,,0001104659-25-095031,https://www.sec.gov/Archives/edgar/data/1737927/000110465925095031/0001104659-25-095031.txt
0001737927,https://www.sec.gov/Archives/edgar/data/1737927/000110465925095030/tm2527640-3_4seq1.xml,CGC,Canopy Growth Corp,4,2025-09-30,62,,False,,,0001104659-25-095030,https://www.sec.gov/Archives/edgar/data/1737927/000110465925095030/0001104659-25-095030.txt
0001737927,https://www.sec.gov/Archives/edgar/data/1737927/000110465925095029/tm2527640-2_4seq1.xml,CGC,Canopy Growth Corp,4,2025-09-30,62,,False,,,0001104659-25-095029,https://www.sec.gov/Archives/edgar/data/1737927/000110465925095029/0001104659-25-095029.txt
0001737927,https://www.sec.gov/Archives/edgar/data/1737927/000110465925095025/tm2527640-1_4seq1.xml,CGC,Canopy Growth Corp,4,2025-09-30,62,,False,,,0001104659-25-095025,https://www.sec.gov/Archives/edgar/data/1737927/000110465925095025/0001104659-25-095025.txt
0001737927,https://www.sec.gov/Archives/edgar/data/1737927/000110465925092515/tm2526756-1_4seq1.xml,CGC,Canopy Growth Corp,4,2025-09-23,69,,False,,,0001104659-25-092515,https://www.sec.gov/Archives/edgar/data/1737927/000110465925092515/0001104659-25-092515.txt
0001737927,https://www.sec.gov/Archives/edgar/data/1737927/000110465925091658/tm2526516-1_4seq1.xml,CGC,Canopy Growth Corp,4,2025-09-19,73,,False,,,0001104659-25-091658,https://www.sec.gov/Archives/edgar/data/1737927/000110465925091658/0001104659-25-091658.txt
0001737927,https://www.sec.gov/Archives/edgar/data/1737927/000110465925083085/tm2524390-1_4seq1.xml,CGC,Canopy Growth Corp,4,2025-08-26,97,,False,,,0001104659-25-083085,https://www.sec.gov/Archives/edgar/data/1737927/000110465925083085/0001104659-25-083085.txt
0001737927,https://www.sec.gov/Archives/edgar/data/1737927/000110465925085662/tm2524607-2_424b5.htm,CGC,Canopy Growth Corp,424B5,2025-08-29,94,,False,,,0001104659-25-085662,https://www.sec.gov/Archives/edgar/data/1737927/000110465925085662/0001104659-25-085662.txt
0001737927,https://www.sec.gov/Archives/edgar/data/1737927/000110465925057337/tm2516121-5_424b5.htm,CGC,Canopy Growth Corp,424B5,2025-06-06,178,,False,,,0001104659-25-057337,https://www.sec.gov/Archives/edgar/data/1737927/000110465925057337/0001104659-25-057337.txt
0001737927,https://www.sec.gov/Archives/edgar/data/1737927/000110465925019242/tm257897-1_424b5.htm,CGC,Canopy Growth Corp,424B5,2025-02-28,276,,False,,,0001104659-25-019242,https://www.sec.gov/Archives/edgar/data/1737927/000110465925019242/0001104659-25-019242.txt
0001737927,https://www.sec.gov/Archives/edgar/data/1737927/000110465925057341/tm2516121-6_424b7.htm,CGC,Canopy Growth Corp,424B7,2025-06-06,178,,False,,,0001104659-25-057341,https://www.sec.gov/Archives/edgar/data/1737927/000110465925057341/0001104659-25-057341.txt
0001737927,https://www.sec.gov/Archives/edgar/data/1737927/000110465924127219/tm2430617-1_424b7.htm,CGC,Canopy Growth Corp,424B7,2024-12-10,356,,False,,,0001104659-24-127219,https://www.sec.gov/Archives/edgar/data/1737927/000110465924127219/0001104659-24-127219.txt
0001737927,https://www.sec.gov/Archives/edgar/data/1737927/000119312525270995/cgc-20251107.htm,CGC,Canopy Growth Corp,8-K,2025-11-07,24,,False,,,0001193125-25-270995,https://www.sec.gov/Archives/edgar/data/1737927/000119312525270995/0001193125-25-270995.txt
0001737927,https://www.sec.gov/Archives/edgar/data/1737927/000110465925098884/tm2528659d1_8k.htm,CGC,Canopy Growth Corp,8-K,2025-10-14,48,,False,,,0001104659-25-098884,https://www.sec.gov/Archives/edgar/data/1737927/000110465925098884/0001104659-25-098884.txt
0001737927,https://www.sec.gov/Archives/edgar/data/1737927/000110465925090861/tm2526282d1_8k.htm,CGC,Canopy Growth Corp,8-K,2025-09-17,75,,False,,,0001104659-25-090861,https://www.sec.gov/Archives/edgar/data/1737927/000110465925090861/0001104659-25-090861.txt
0001737927,https://www.sec.gov/Archives/edgar/data/1737927/000110465925085779/tm2524672d1_8k.htm,CGC,Canopy Growth Corp,8-K,2025-08-29,94,,False,,,0001104659-25-085779,https://www.sec.gov/Archives/edgar/data/1737927/000110465925085779/0001104659-25-085779.txt
0001737927,https://www.sec.gov/Archives/edgar/data/1737927/000119312525176020/cgc-20250806.htm,CGC,Canopy Growth Corp,8-K,2025-08-08,115,,False,,,0001193125-25-176020,https://www.sec.gov/Archives/edgar/data/1737927/000119312525176020/0001193125-25-176020.txt
0001737927,https://www.sec.gov/Archives/edgar/data/1737927/000110465925071781/tm2521930d1_8k.htm,CGC,Canopy Growth Corp,8-K,2025-07-29,125,,False,,,0001104659-25-071781,https://www.sec.gov/Archives/edgar/data/1737927/000110465925071781/0001104659-25-071781.txt
0001737927,https://www.sec.gov/Archives/edgar/data/1737927/000110465925066600/tm2520113d1_8k.htm,CGC,Canopy Growth Corp,8-K,2025-07-09,145,,False,,,0001104659-25-066600,https://www.sec.gov/Archives/edgar/data/1737927/000110465925066600/0001104659-25-066600.txt
0001737927,https://www.sec.gov/Archives/edgar/data/1737927/000095017025079321/cgc-20250530.htm,CGC,Canopy Growth Corp,8-K,2025-05-30,185,,False,,,0000950170-25-079321,https://www.sec.gov/Archives/edgar/data/1737927/000095017025079321/0000950170-25-079321.txt
0001737927,https://www.sec.gov/Archives/edgar/data/1737927/000110465925030245/tm257897d4_8k.htm,CGC,Canopy Growth Corp,8-K,2025-04-01,244,,False,,,0001104659-25-030245,https://www.sec.gov/Archives/edgar/data/1737927/000110465925030245/0001104659-25-030245.txt
0001737927,https://www.sec.gov/Archives/edgar/data/1737927/000110465925019244/tm257897d2_8k.htm,CGC,Canopy Growth Corp,8-K,2025-02-28,276,,False,,,0001104659-25-019244,https://www.sec.gov/Archives/edgar/data/1737927/000110465925019244/0001104659-25-019244.txt
0002058359,https://www.sec.gov/Archives/edgar/data/2058359/000121390025110089/ea0263867-10q_calred.htm,CRAQ,Cal Redwood Acquisition Corp.,10-Q,2025-11-13,18,2.97,True,https://www.sec.gov/Archives/edgar/data/2058359/000121390025110089/ea0263867-10q_calred.htm,,0001213900-25-110089,https://www.sec.gov/Archives/edgar/data/2058359/000121390025110089/0001213900-25-110089.txt
0002058359,https://www.sec.gov/Archives/edgar/data/2058359/000121390025076822/ea0252591-10q_calred.htm,CRAQ,Cal Redwood Acquisition Corp.,10-Q,2025-08-14,109,9.2,True,https://www.sec.gov/Archives/edgar/data/2058359/000121390025076822/ea0252591-10q_calred.htm,,0001213900-25-076822,https://www.sec.gov/Archives/edgar/data/2058359/000121390025076822/0001213900-25-076822.txt
0002058359,https://www.sec.gov/Archives/edgar/data/2058359/000121390025061083/ea0247060-10q_calred.htm,CRAQ,Cal Redwood Acquisition Corp.,10-Q,2025-07-02,152,,False,,,0001213900-25-061083,https://www.sec.gov/Archives/edgar/data/2058359/000121390025061083/0001213900-25-061083.txt
0002058359,https://www.sec.gov/Archives/edgar/data/2058359/000121390025047026/ownership.xml,CRAQ,Cal Redwood Acquisition Corp.,3,2025-05-22,193,,False,,,0001213900-25-047026,https://www.sec.gov/Archives/edgar/data/2058359/000121390025047026/0001213900-25-047026.txt
0002058359,https://www.sec.gov/Archives/edgar/data/2058359/000121390025047022/ownership.xml,CRAQ,Cal Redwood Acquisition Corp.,3,2025-05-22,193,,False,,,0001213900-25-047022,https://www.sec.gov/Archives/edgar/data/2058359/000121390025047022/0001213900-25-047022.txt
0002058359,https://www.sec.gov/Archives/edgar/data/2058359/000121390025047020/ownership.xml,CRAQ,Cal Redwood Acquisition Corp.,3,2025-05-22,193,,False,,,0001213900-25-047020,https://www.sec.gov/Archives/edgar/data/2058359/000121390025047020/0001213900-25-047020.txt
0002058359,https://www.sec.gov/Archives/edgar/data/2058359/000121390025047016/ownership.xml,CRAQ,Cal Redwood Acquisition Corp.,3,2025-05-22,193,,False,,,0001213900-25-047016,https://www.sec.gov/Archives/edgar/data/2058359/000121390025047016/0001213900-25-047016.txt
0002058359,https://www.sec.gov/Archives/edgar/data/2058359/000121390025047014/ownership.xml,CRAQ,Cal Redwood Acquisition Corp.,3,2025-05-22,193,,False,,,0001213900-25-047014,https://www.sec.gov/Archives/edgar/data/2058359/000121390025047014/0001213900-25-047014.txt
0002058359,https://www.sec.gov/Archives/edgar/data/2058359/000121390025047025/ownership.xml,CRAQ,Cal Redwood Acquisition Corp.,4,2025-05-22,193,,False,,,0001213900-25-047025,https://www.sec.gov/Archives/edgar/data/2058359/000121390025047025/0001213900-25-047025.txt
0002058359,https://www.sec.gov/Archives/edgar/data/2058359/000121390025047444/ea0232145-09.htm,CRAQ,Cal Redwood Acquisition Corp.,424B4,2025-05-23,192,,False,,,0001213900-25-047444,https://www.sec.gov/Archives/edgar/data/2058359/000121390025047444/0001213900-25-047444.txt
0002058359,https://www.sec.gov/Archives/edgar/data/2058359/000121390025055207/ea0245915-8k_calred.htm,CRAQ,Cal Redwood Acquisition Corp.,8-K,2025-06-17,167,,False,,,0001213900-25-055207,https://www.sec.gov/Archives/edgar/data/2058359/000121390025055207/0001213900-25-055207.txt
0002058359,https://www.sec.gov/Archives/edgar/data/2058359/000121390025050126/ea0243885-8k_calred.htm,CRAQ,Cal Redwood Acquisition Corp.,8-K,2025-06-02,182,,False,,,0001213900-25-050126,https://www.sec.gov/Archives/edgar/data/2058359/000121390025050126/0001213900-25-050126.txt
0002058359,https://www.sec.gov/Archives/edgar/data/2058359/000121390025047867/ea0243417-8k_calredwood.htm,CRAQ,Cal Redwood Acquisition Corp.,8-K,2025-05-27,188,,False,,,0001213900-25-047867,https://www.sec.gov/Archives/edgar/data/2058359/000121390025047867/0001213900-25-047867.txt
0001502377,https://www.sec.gov/Archives/edgar/data/1502377/000095017025039841/ctgo-20241231.htm,CTGO,"Contango ORE, Inc.",10-K,2025-03-17,259,,False,,,0000950170-25-039841,https://www.sec.gov/Archives/edgar/data/1502377/000095017025039841/0000950170-25-039841.txt
0001502377,https://www.sec.gov/Archives/edgar/data/1502377/000095017025053763/ctgo-20241231.htm,CTGO,"Contango ORE, Inc.",10-K/A,2025-04-14,231,,False,,,0000950170-25-053763,https://www.sec.gov/Archives/edgar/data/1502377/000095017025053763/0000950170-25-053763.txt
0001502377,https://www.sec.gov/Archives/edgar/data/1502377/000119312525280434/ctgo-20250930.htm,CTGO,"Contango ORE, Inc.",10-Q,2025-11-13,18,,False,,,0001193125-25-280434,https://www.sec.gov/Archives/edgar/data/1502377/000119312525280434/0001193125-25-280434.txt
0001502377,https://www.sec.gov/Archives/edgar/data/1502377/000095017025108075/ctgo-20250630.htm,CTGO,"Contango ORE, Inc.",10-Q,2025-08-13,110,,False,,,0000950170-25-108075,https://www.sec.gov/Archives/edgar/data/1502377/000095017025108075/0000950170-25-108075.txt
0001502377,https://www.sec.gov/Archives/edgar/data/1502377/000095017025105278/ownership.xml,CTGO,"Contango ORE, Inc.",3,2025-08-07,116,,False,,,0000950170-25-105278,https://www.sec.gov/Archives/edgar/data/1502377/000095017025105278/0000950170-25-105278.txt
0001502377,https://www.sec.gov/Archives/edgar/data/1502377/000095017025105277/ownership.xml,CTGO,"Contango ORE, Inc.",3,2025-08-07,116,,False,,,0000950170-25-105277,https://www.sec.gov/Archives/edgar/data/1502377/000095017025105277/0000950170-25-105277.txt
0001502377,https://www.sec.gov/Archives/edgar/data/1502377/000095017025109904/ownership.xml,CTGO,"Contango ORE, Inc.",4,2025-08-18,105,,False,,,0000950170-25-109904,https://www.sec.gov/Archives/edgar/data/1502377/000095017025109904/0000950170-25-109904.txt
0001502377,https://www.sec.gov/Archives/edgar/data/1502377/000095017025109900/ownership.xml,CTGO,"Contango ORE, Inc.",4,2025-08-18,105,,False,,,0000950170-25-109900,https://www.sec.gov/Archives/edgar/data/1502377/000095017025109900/0000950170-25-109900.txt
0001502377,https://www.sec.gov/Archives/edgar/data/1502377/000095017025105294/ownership.xml,CTGO,"Contango ORE, Inc.",4,2025-08-07,116,,False,,,0000950170-25-105294,https://www.sec.gov/Archives/edgar/data/1502377/000095017025105294/0000950170-25-105294.txt
0001502377,https://www.sec.gov/Archives/edgar/data/1502377/000095017025105293/ownership.xml,CTGO,"Contango ORE, Inc.",4,2025-08-07,116,,False,,,0000950170-25-105293,https://www.sec.gov/Archives/edgar/data/1502377/000095017025105293/0000950170-25-105293.txt
0001502377,https://www.sec.gov/Archives/edgar/data/1502377/000095017025095345/ownership.xml,CTGO,"Contango ORE, Inc.",4,2025-07-11,143,,False,,,0000950170-25-095345,https://www.sec.gov/Archives/edgar/data/1502377/000095017025095345/0000950170-25-095345.txt
0001502377,https://www.sec.gov/Archives/edgar/data/1502377/000095017025058251/ownership.xml,CTGO,"Contango ORE, Inc.",4,2025-04-24,221,,False,,,0000950170-25-058251,https://www.sec.gov/Archives/edgar/data/1502377/000095017025058251/0000950170-25-058251.txt
0001502377,https://www.sec.gov/Archives/edgar/data/1502377/000119312525218791/d11832d424b5.htm,CTGO,"Contango ORE, Inc.",424B5,2025-09-26,66,,False,,,0001193125-25-218791,https://www.sec.gov/Archives/edgar/data/1502377/000119312525218791/0001193125-25-218791.txt
0001502377,https://www.sec.gov/Archives/edgar/data/1502377/000119312525216422/d11832d424b5.htm,CTGO,"Contango ORE, Inc.",424B5,2025-09-25,67,,False,,,0001193125-25-216422,https://www.sec.gov/Archives/edgar/data/1502377/000119312525216422/0001193125-25-216422.txt
0001502377,https://www.sec.gov/Archives/edgar/data/1502377/000119312525291648/ctgo-20251119.htm,CTGO,"Contango ORE, Inc.",8-K,2025-11-21,10,,False,,,0001193125-25-291648,https://www.sec.gov/Archives/edgar/data/1502377/000119312525291648/0001193125-25-291648.txt
0001502377,https://www.sec.gov/Archives/edgar/data/1502377/000119312525280652/ctgo-20251113.htm,CTGO,"Contango ORE, Inc.",8-K,2025-11-14,17,,False,,,0001193125-25-280652,https://www.sec.gov/Archives/edgar/data/1502377/000119312525280652/0001193125-25-280652.txt
0001502377,https://www.sec.gov/Archives/edgar/data/1502377/000119312525228609/ctgo-20251002.htm,CTGO,"Contango ORE, Inc.",8-K,2025-10-02,60,,False,,,0001193125-25-228609,https://www.sec.gov/Archives/edgar/data/1502377/000119312525228609/0001193125-25-228609.txt
0001502377,https://www.sec.gov/Archives/edgar/data/1502377/000119312525220431/d911539d8k.htm,CTGO,"Contango ORE, Inc.",8-K,2025-09-26,66,,False,,,0001193125-25-220431,https://www.sec.gov/Archives/edgar/data/1502377/000119312525220431/0001193125-25-220431.txt
0001502377,https://www.sec.gov/Archives/edgar/data/1502377/000095017025108206/ctgo-20250813.htm,CTGO,"Contango ORE, Inc.",8-K,2025-08-14,109,,False,,,0000950170-25-108206,https://www.sec.gov/Archives/edgar/data/1502377/000095017025108206/0000950170-25-108206.txt
0001502377,https://www.sec.gov/Archives/edgar/data/1502377/000095017025100447/ctgo-20250730.htm,CTGO,"Contango ORE, Inc.",8-K,2025-07-31,123,,False,,,0000950170-25-100447,https://www.sec.gov/Archives/edgar/data/1502377/000095017025100447/0000950170-25-100447.txt
0001502377,https://www.sec.gov/Archives/edgar/data/1502377/000095017025091058/ctgo-20250625.htm,CTGO,"Contango ORE, Inc.",8-K,2025-06-27,157,,False,,,0000950170-25-091058,https://www.sec.gov/Archives/edgar/data/1502377/000095017025091058/0000950170-25-091058.txt
0001502377,https://www.sec.gov/Archives/edgar/data/1502377/000095017025086551/ctgo-20250616.htm,CTGO,"Contango ORE, Inc.",8-K,2025-06-16,168,,False,,,0000950170-25-086551,https://www.sec.gov/Archives/edgar/data/1502377/000095017025086551/0000950170-25-086551.txt
0001502377,https://www.sec.gov/Archives/edgar/data/1502377/000095017025084513/ctgo-20250610.htm,CTGO,"Contango ORE, Inc.",8-K,2025-06-11,173,,False,,,0000950170-25-084513,https://www.sec.gov/Archives/edgar/data/1502377/000095017025084513/0000950170-25-084513.txt
0001502377,https://www.sec.gov/Archives/edgar/data/1502377/000095017025082392/ctgo-20250603.htm,CTGO,"Contango ORE, Inc.",8-K,2025-06-05,179,,False,,,0000950170-25-082392,https://www.sec.gov/Archives/edgar/data/1502377/000095017025082392/0000950170-25-082392.txt
0001502377,https://www.sec.gov/Archives/edgar/data/1502377/000119312524259962/d887759ds3.htm,CTGO,"Contango ORE, Inc.",S-3,2024-11-15,381,,False,,,0001193125-24-259962,https://www.sec.gov/Archives/edgar/data/1502377/000119312524259962/0001193125-24-259962.txt
0001855175,https://www.sec.gov/Archives/edgar/data/1855175/000143774925006458/cont20241231_10k.htm,CTNM,"Contineum Therapeutics, Inc.",10-K,2025-03-06,270,0.67,True,https://www.sec.gov/Archives/edgar/data/1855175/000143774925006458/cont20241231_10k.htm,,0001437749-25-006458,https://www.sec.gov/Archives/edgar/data/1855175/000143774925006458/0001437749-25-006458.txt
0001855175,https://www.sec.gov/Archives/edgar/data/1855175/000143774925032427/ctnm20250930_10q.htm,CTNM,"Contineum Therapeutics, Inc.",10-Q,2025-10-30,32,1.01,True,https://www.sec.gov/Archives/edgar/data/1855175/000143774925032427/ctnm20250930_10q.htm,,0001437749-25-032427,https://www.sec.gov/Archives/edgar/data/1855175/000143774925032427/0001437749-25-032427.txt
0001855175,https://www.sec.gov/Archives/edgar/data/1855175/000143774925024852/ctnm20250630_10q.htm,CTNM,"Contineum Therapeutics, Inc.",10-Q,2025-08-05,118,0.69,True,https://www.sec.gov/Archives/edgar/data/1855175/000143774925024852/ctnm20250630_10q.htm,,0001437749-25-024852,https://www.sec.gov/Archives/edgar/data/1855175/000143774925024852/0001437749-25-024852.txt
0001855175,https://www.sec.gov/Archives/edgar/data/1855175/000143774925013335/rdgdoc.xml,CTNM,"Contineum Therapeutics, Inc.",3,2025-04-28,217,,False,,,0001437749-25-013335,https://www.sec.gov/Archives/edgar/data/1855175/000143774925013335/0001437749-25-013335.txt
0001855175,https://www.sec.gov/Archives/edgar/data/1855175/000143774925008001/rdgdoc.xml,CTNM,"Contineum Therapeutics, Inc.",3,2025-03-17,259,,False,,,0001437749-25-008001,https://www.sec.gov/Archives/edgar/data/1855175/000143774925008001/0001437749-25-008001.txt
0001855175,https://www.sec.gov/Archives/edgar/data/1855175/000143774925021373/rdgdoc.xml,CTNM,"Contineum Therapeutics, Inc.",4,2025-06-26,158,,False,,,0001437749-25-021373,https://www.sec.gov/Archives/edgar/data/1855175/000143774925021373/0001437749-25-021373.txt
0001855175,https://www.sec.gov/Archives/edgar/data/1855175/000143774925021372/rdgdoc.xml,CTNM,"Contineum Therapeutics, Inc.",4,2025-06-26,158,,False,,,0001437749-25-021372,https://www.sec.gov/Archives/edgar/data/1855175/000143774925021372/0001437749-25-021372.txt
0001855175,https://www.sec.gov/Archives/edgar/data/1855175/000143774925021371/rdgdoc.xml,CTNM,"Contineum Therapeutics, Inc.",4,2025-06-26,158,,False,,,0001437749-25-021371,https://www.sec.gov/Archives/edgar/data/1855175/000143774925021371/0001437749-25-021371.txt
0001855175,https://www.sec.gov/Archives/edgar/data/1855175/000143774925021369/rdgdoc.xml,CTNM,"Contineum Therapeutics, Inc.",4,2025-06-26,158,,False,,,0001437749-25-021369,https://www.sec.gov/Archives/edgar/data/1855175/000143774925021369/0001437749-25-021369.txt
0001855175,https://www.sec.gov/Archives/edgar/data/1855175/000143774925021367/rdgdoc.xml,CTNM,"Contineum Therapeutics, Inc.",4,2025-06-26,158,,False,,,0001437749-25-021367,https://www.sec.gov/Archives/edgar/data/1855175/000143774925021367/0001437749-25-021367.txt
0001855175,https://www.sec.gov/Archives/edgar/data/1855175/000143774925021366/rdgdoc.xml,CTNM,"Contineum Therapeutics, Inc.",4,2025-06-26,158,,False,,,0001437749-25-021366,https://www.sec.gov/Archives/edgar/data/1855175/000143774925021366/0001437749-25-021366.txt
0001855175,https://www.sec.gov/Archives/edgar/data/1855175/000143774925021365/rdgdoc.xml,CTNM,"Contineum Therapeutics, Inc.",4,2025-06-26,158,,False,,,0001437749-25-021365,https://www.sec.gov/Archives/edgar/data/1855175/000143774925021365/0001437749-25-021365.txt
0001855175,https://www.sec.gov/Archives/edgar/data/1855175/000143774925013340/rdgdoc.xml,CTNM,"Contineum Therapeutics, Inc.",4,2025-04-28,217,,False,,,0001437749-25-013340,https://www.sec.gov/Archives/edgar/data/1855175/000143774925013340/0001437749-25-013340.txt
0001855175,https://www.sec.gov/Archives/edgar/data/1855175/000143774925035860/ctnm20251117_8k.htm,CTNM,"Contineum Therapeutics, Inc.",8-K,2025-11-20,11,,False,,,0001437749-25-035860,https://www.sec.gov/Archives/edgar/data/1855175/000143774925035860/0001437749-25-035860.txt
0001855175,https://www.sec.gov/Archives/edgar/data/1855175/000143774925032422/ctnm20251015_8k.htm,CTNM,"Contineum Therapeutics, Inc.",8-K,2025-10-30,32,,False,,,0001437749-25-032422,https://www.sec.gov/Archives/edgar/data/1855175/000143774925032422/0001437749-25-032422.txt
0001855175,https://www.sec.gov/Archives/edgar/data/1855175/000143774925029349/ctnm20250910_8k.htm,CTNM,"Contineum Therapeutics, Inc.",8-K,2025-09-18,74,,False,,,0001437749-25-029349,https://www.sec.gov/Archives/edgar/data/1855175/000143774925029349/0001437749-25-029349.txt
0001855175,https://www.sec.gov/Archives/edgar/data/1855175/000143774925024849/ctnm20250616_8k.htm,CTNM,"Contineum Therapeutics, Inc.",8-K,2025-08-05,118,,False,,,0001437749-25-024849,https://www.sec.gov/Archives/edgar/data/1855175/000143774925024849/0001437749-25-024849.txt
0001855175,https://www.sec.gov/Archives/edgar/data/1855175/000143774925021343/ctnm20250616c_8k.htm,CTNM,"Contineum Therapeutics, Inc.",8-K,2025-06-26,158,,False,,,0001437749-25-021343,https://www.sec.gov/Archives/edgar/data/1855175/000143774925021343/0001437749-25-021343.txt
0001855175,https://www.sec.gov/Archives/edgar/data/1855175/000143774925016877/cont20250321_8k.htm,CTNM,"Contineum Therapeutics, Inc.",8-K,2025-05-14,201,,False,,,0001437749-25-016877,https://www.sec.gov/Archives/edgar/data/1855175/000143774925016877/0001437749-25-016877.txt
0001855175,https://www.sec.gov/Archives/edgar/data/1855175/000143774925013334/cont20250422_8k.htm,CTNM,"Contineum Therapeutics, Inc.",8-K,2025-04-28,217,,False,,,0001437749-25-013334,https://www.sec.gov/Archives/edgar/data/1855175/000143774925013334/0001437749-25-013334.txt
0001855175,https://www.sec.gov/Archives/edgar/data/1855175/000143774925007998/cont20250304_8k.htm,CTNM,"Contineum Therapeutics, Inc.",8-K,2025-03-17,259,,False,,,0001437749-25-007998,https://www.sec.gov/Archives/edgar/data/1855175/000143774925007998/0001437749-25-007998.txt
0001855175,https://www.sec.gov/Archives/edgar/data/1855175/000143774925006457/cont20250214_8k.htm,CTNM,"Contineum Therapeutics, Inc.",8-K,2025-03-06,270,,False,,,0001437749-25-006457,https://www.sec.gov/Archives/edgar/data/1855175/000143774925006457/0001437749-25-006457.txt
0001855175,https://www.sec.gov/Archives/edgar/data/1855175/000143774924033614/cont20241029_8k.htm,CTNM,"Contineum Therapeutics, Inc.",8-K,2024-11-06,390,,False,,,0001437749-24-033614,https://www.sec.gov/Archives/edgar/data/1855175/000143774924033614/0001437749-24-033614.txt
0001855175,https://www.sec.gov/Archives/edgar/data/1855175/000143774925016871/cont20250506_s3.htm,CTNM,"Contineum Therapeutics, Inc.",S-3,2025-05-14,201,,False,,,0001437749-25-016871,https://www.sec.gov/Archives/edgar/data/1855175/000143774925016871/0001437749-25-016871.txt
0001855175,https://www.sec.gov/Archives/edgar/data/1855175/000143774925016878/cont20250506_s8.htm,CTNM,"Contineum Therapeutics, Inc.",S-8,2025-05-14,201,,False,,,0001437749-25-016878,https://www.sec.gov/Archives/edgar/data/1855175/000143774925016878/0001437749-25-016878.txt
0001855175,https://www.sec.gov/Archives/edgar/data/1855175/000143774925006459/cont20250221_s8.htm,CTNM,"Contineum Therapeutics, Inc.",S-8,2025-03-06,270,,False,,,0001437749-25-006459,https://www.sec.gov/Archives/edgar/data/1855175/000143774925006459/0001437749-25-006459.txt
0002015955,https://www.sec.gov/Archives/edgar/data/2015955/000101376225001006/ea0234545-10k_lionheart.htm,CUB,Lionheart Holdings,10-K,2025-03-21,255,1.39,True,https://www.sec.gov/Archives/edgar/data/2015955/000101376225001006/ea0234545-10k_lionheart.htm,,0001013762-25-001006,https://www.sec.gov/Archives/edgar/data/2015955/000101376225001006/0001013762-25-001006.txt
0002015955,https://www.sec.gov/Archives/edgar/data/2015955/000121390025109274/ea0264637-10q_lionheart.htm,CUB,Lionheart Holdings,10-Q,2025-11-12,19,,False,,,0001213900-25-109274,https://www.sec.gov/Archives/edgar/data/2015955/000121390025109274/0001213900-25-109274.txt
0002015955,https://www.sec.gov/Archives/edgar/data/2015955/000121390025074966/ea0252789-10q_lionheart.htm,CUB,Lionheart Holdings,10-Q,2025-08-12,111,,False,,,0001213900-25-074966,https://www.sec.gov/Archives/edgar/data/2015955/000121390025074966/0001213900-25-074966.txt
0000810958,https://www.sec.gov/Archives/edgar/data/810958/000155837025002408/cznc-20241231x10k.htm,CZNC,CITIZENS & NORTHERN CORP,10-K,2025-03-06,270,,False,,,0001558370-25-002408,https://www.sec.gov/Archives/edgar/data/810958/000155837025002408/0001558370-25-002408.txt
0000810958,https://www.sec.gov/Archives/edgar/data/810958/000110465925108331/cznc-20250930x10q.htm,CZNC,CITIZENS & NORTHERN CORP,10-Q,2025-11-07,24,,False,,,0001104659-25-108331,https://www.sec.gov/Archives/edgar/data/810958/000110465925108331/0001104659-25-108331.txt
0000810958,https://www.sec.gov/Archives/edgar/data/810958/000155837025010889/cznc-20250630x10q.htm,CZNC,CITIZENS & NORTHERN CORP,10-Q,2025-08-08,115,,False,,,0001558370-25-010889,https://www.sec.gov/Archives/edgar/data/810958/000155837025010889/0001558370-25-010889.txt
0000810958,https://www.sec.gov/Archives/edgar/data/810958/000198186425000004/form4-11262025_081117.xml,CZNC,CITIZENS & NORTHERN CORP,4,2025-11-26,5,,False,,,0001981864-25-000004,https://www.sec.gov/Archives/edgar/data/810958/000198186425000004/0001981864-25-000004.txt
0000810958,https://www.sec.gov/Archives/edgar/data/810958/000122080825000004/form4-11262025_081152.xml,CZNC,CITIZENS & NORTHERN CORP,4,2025-11-26,5,,False,,,0001220808-25-000004,https://www.sec.gov/Archives/edgar/data/810958/000122080825000004/0001220808-25-000004.txt
0000810958,https://www.sec.gov/Archives/edgar/data/810958/000170463525000004/form4-11262025_071117.xml,CZNC,CITIZENS & NORTHERN CORP,4,2025-11-26,5,,False,,,0001704635-25-000004,https://www.sec.gov/Archives/edgar/data/810958/000170463525000004/0001704635-25-000004.txt
0000810958,https://www.sec.gov/Archives/edgar/data/810958/000124245725000004/form4-11262025_071139.xml,CZNC,CITIZENS & NORTHERN CORP,4,2025-11-26,5,,False,,,0001242457-25-000004,https://www.sec.gov/Archives/edgar/data/810958/000124245725000004/0001242457-25-000004.txt
0000810958,https://www.sec.gov/Archives/edgar/data/810958/000181638725000005/form4-11262025_071152.xml,CZNC,CITIZENS & NORTHERN CORP,4,2025-11-26,5,,False,,,0001816387-25-000005,https://www.sec.gov/Archives/edgar/data/810958/000181638725000005/0001816387-25-000005.txt
0000810958,https://www.sec.gov/Archives/edgar/data/810958/000187047325000008/form4-11262025_071150.xml,CZNC,CITIZENS & NORTHERN CORP,4,2025-11-26,5,,False,,,0001870473-25-000008,https://www.sec.gov/Archives/edgar/data/810958/000187047325000008/0001870473-25-000008.txt
0000810958,https://www.sec.gov/Archives/edgar/data/810958/000173834125000005/form4-11262025_071133.xml,CZNC,CITIZENS & NORTHERN CORP,4,2025-11-26,5,,False,,,0001738341-25-000005,https://www.sec.gov/Archives/edgar/data/810958/000173834125000005/0001738341-25-000005.txt
0000810958,https://www.sec.gov/Archives/edgar/data/810958/000181591625000005/form4-11262025_071133.xml,CZNC,CITIZENS & NORTHERN CORP,4,2025-11-26,5,,False,,,0001815916-25-000005,https://www.sec.gov/Archives/edgar/data/810958/000181591625000005/0001815916-25-000005.txt
0000810958,https://www.sec.gov/Archives/edgar/data/810958/000185866825000004/form4-11262025_071138.xml,CZNC,CITIZENS & NORTHERN CORP,4,2025-11-26,5,,False,,,0001858668-25-000004,https://www.sec.gov/Archives/edgar/data/810958/000185866825000004/0001858668-25-000004.txt
0000810958,https://www.sec.gov/Archives/edgar/data/810958/000166721125000008/form4-11262025_071151.xml,CZNC,CITIZENS & NORTHERN CORP,4,2025-11-26,5,,False,,,0001667211-25-000008,https://www.sec.gov/Archives/edgar/data/810958/000166721125000008/0001667211-25-000008.txt
0000810958,https://www.sec.gov/Archives/edgar/data/810958/000110465925084667/tm2524302-1_424b3.htm,CZNC,CITIZENS & NORTHERN CORP,424B3,2025-08-28,95,,False,,,0001104659-25-084667,https://www.sec.gov/Archives/edgar/data/810958/000110465925084667/0001104659-25-084667.txt
0000810958,https://www.sec.gov/Archives/edgar/data/810958/000110465925074626/tm2514179-6_424b3.htm,CZNC,CITIZENS & NORTHERN CORP,424B3,2025-08-06,117,,False,,,0001104659-25-074626,https://www.sec.gov/Archives/edgar/data/810958/000110465925074626/0001104659-25-074626.txt
0000810958,https://www.sec.gov/Archives/edgar/data/810958/000110465925108359/cznc-20251107x8k.htm,CZNC,CITIZENS & NORTHERN CORP,8-K,2025-11-07,24,,False,,,0001104659-25-108359,https://www.sec.gov/Archives/edgar/data/810958/000110465925108359/0001104659-25-108359.txt
0000810958,https://www.sec.gov/Archives/edgar/data/810958/000110465925101823/cznc-20251023x8k.htm,CZNC,CITIZENS & NORTHERN CORP,8-K,2025-10-23,39,,False,,,0001104659-25-101823,https://www.sec.gov/Archives/edgar/data/810958/000110465925101823/0001104659-25-101823.txt
0000810958,https://www.sec.gov/Archives/edgar/data/810958/000110465925095389/cznc-20251001x8k.htm,CZNC,CITIZENS & NORTHERN CORP,8-K,2025-10-01,61,,False,,,0001104659-25-095389,https://www.sec.gov/Archives/edgar/data/810958/000110465925095389/0001104659-25-095389.txt
0000810958,https://www.sec.gov/Archives/edgar/data/810958/000110465925092067/cznc-20250922x8k.htm,CZNC,CITIZENS & NORTHERN CORP,8-K,2025-09-22,70,,False,,,0001104659-25-092067,https://www.sec.gov/Archives/edgar/data/810958/000110465925092067/0001104659-25-092067.txt
0000810958,https://www.sec.gov/Archives/edgar/data/810958/000110465925088983/cznc-20250908x8k.htm,CZNC,CITIZENS & NORTHERN CORP,8-K,2025-09-10,82,,False,,,0001104659-25-088983,https://www.sec.gov/Archives/edgar/data/810958/000110465925088983/0001104659-25-088983.txt
0000810958,https://www.sec.gov/Archives/edgar/data/810958/000155837025009537/cznc-20250724x8k.htm,CZNC,CITIZENS & NORTHERN CORP,8-K,2025-07-24,130,,False,,,0001558370-25-009537,https://www.sec.gov/Archives/edgar/data/810958/000155837025009537/0001558370-25-009537.txt
0000810958,https://www.sec.gov/Archives/edgar/data/810958/000155837025005706/cznc-20250424x8k.htm,CZNC,CITIZENS & NORTHERN CORP,8-K,2025-04-28,217,,False,,,0001558370-25-005706,https://www.sec.gov/Archives/edgar/data/810958/000155837025005706/0001558370-25-005706.txt
0000810958,https://www.sec.gov/Archives/edgar/data/810958/000155837025005276/cznc-20250423x8k.htm,CZNC,CITIZENS & NORTHERN CORP,8-K,2025-04-23,222,,False,,,0001558370-25-005276,https://www.sec.gov/Archives/edgar/data/810958/000155837025005276/0001558370-25-005276.txt
0000810958,https://www.sec.gov/Archives/edgar/data/810958/000155837025005252/cznc-20250423x8k.htm,CZNC,CITIZENS & NORTHERN CORP,8-K,2025-04-23,222,,False,,,0001558370-25-005252,https://www.sec.gov/Archives/edgar/data/810958/000155837025005252/0001558370-25-005252.txt
0000810958,https://www.sec.gov/Archives/edgar/data/810958/000155837025000359/cznc-20250123x8k.htm,CZNC,CITIZENS & NORTHERN CORP,8-K,2025-01-23,312,,False,,,0001558370-25-000359,https://www.sec.gov/Archives/edgar/data/810958/000155837025000359/0001558370-25-000359.txt
0000810958,https://www.sec.gov/Archives/edgar/data/810958/000110465925069550/tm2514179-1_s4.htm,CZNC,CITIZENS & NORTHERN CORP,S-4,2025-07-22,132,,False,,,0001104659-25-069550,https://www.sec.gov/Archives/edgar/data/810958/000110465925069550/0001104659-25-069550.txt
0000810958,https://www.sec.gov/Archives/edgar/data/810958/000110465925073477/tm2514179-3_s4a.htm,CZNC,CITIZENS & NORTHERN CORP,S-4/A,2025-08-04,119,,False,,,0001104659-25-073477,https://www.sec.gov/Archives/edgar/data/810958/000110465925073477/0001104659-25-073477.txt
0000852772,https://www.sec.gov/Archives/edgar/data/852772/000085277225000070/denn-20241225.htm,DENN,DENNY'S Corp,10-K,2025-02-24,280,,False,,,0000852772-25-000070,https://www.sec.gov/Archives/edgar/data/852772/000085277225000070/0000852772-25-000070.txt
0000852772,https://www.sec.gov/Archives/edgar/data/852772/000085277225000121/denn-20250924.htm,DENN,DENNY'S Corp,10-Q,2025-11-04,27,,False,,,0000852772-25-000121,https://www.sec.gov/Archives/edgar/data/852772/000085277225000121/0000852772-25-000121.txt
0000852772,https://www.sec.gov/Archives/edgar/data/852772/000085277225000108/denn-20250625.htm,DENN,DENNY'S Corp,10-Q,2025-08-04,119,,False,,,0000852772-25-000108,https://www.sec.gov/Archives/edgar/data/852772/000085277225000108/0000852772-25-000108.txt
0000852772,https://www.sec.gov/Archives/edgar/data/852772/000092189525002893/form313432007_11042025.xml,DENN,DENNY'S Corp,3,2025-11-04,27,,False,,,0000921895-25-002893,https://www.sec.gov/Archives/edgar/data/852772/000092189525002893/0000921895-25-002893.txt
0000852772,https://www.sec.gov/Archives/edgar/data/852772/000092189525002783/form313432007_10212025.xml,DENN,DENNY'S Corp,3,2025-10-21,41,,False,,,0000921895-25-002783,https://www.sec.gov/Archives/edgar/data/852772/000092189525002783/0000921895-25-002783.txt
0000852772,https://www.sec.gov/Archives/edgar/data/852772/000092189525002782/form308569061_10212025.xml,DENN,DENNY'S Corp,3,2025-10-21,41,,False,,,0000921895-25-002782,https://www.sec.gov/Archives/edgar/data/852772/000092189525002782/0000921895-25-002782.txt
0000852772,https://www.sec.gov/Archives/edgar/data/852772/000092189525002892/form3a108569061_11042025.xml,DENN,DENNY'S Corp,3/A,2025-11-04,27,,False,,,0000921895-25-002892,https://www.sec.gov/Archives/edgar/data/852772/000092189525002892/0000921895-25-002892.txt
0000852772,https://www.sec.gov/Archives/edgar/data/852772/000092189525002894/form413432007_11042025.xml,DENN,DENNY'S Corp,4,2025-11-04,27,,False,,,0000921895-25-002894,https://www.sec.gov/Archives/edgar/data/852772/000092189525002894/0000921895-25-002894.txt
0000852772,https://www.sec.gov/Archives/edgar/data/852772/000092189525002784/form413432007_10212025.xml,DENN,DENNY'S Corp,4,2025-10-21,41,,False,,,0000921895-25-002784,https://www.sec.gov/Archives/edgar/data/852772/000092189525002784/0000921895-25-002784.txt
0000852772,https://www.sec.gov/Archives/edgar/data/852772/000085277225000091/wk-form4_1747429240.xml,DENN,DENNY'S Corp,4,2025-05-16,199,,False,,,0000852772-25-000091,https://www.sec.gov/Archives/edgar/data/852772/000085277225000091/0000852772-25-000091.txt
0000852772,https://www.sec.gov/Archives/edgar/data/852772/000085277225000090/wk-form4_1747429229.xml,DENN,DENNY'S Corp,4,2025-05-16,199,,False,,,0000852772-25-000090,https://www.sec.gov/Archives/edgar/data/852772/000085277225000090/0000852772-25-000090.txt
0000852772,https://www.sec.gov/Archives/edgar/data/852772/000085277225000089/wk-form4_1747429217.xml,DENN,DENNY'S Corp,4,2025-05-16,199,,False,,,0000852772-25-000089,https://www.sec.gov/Archives/edgar/data/852772/000085277225000089/0000852772-25-000089.txt
0000852772,https://www.sec.gov/Archives/edgar/data/852772/000085277225000088/wk-form4_1747429201.xml,DENN,DENNY'S Corp,4,2025-05-16,199,,False,,,0000852772-25-000088,https://www.sec.gov/Archives/edgar/data/852772/000085277225000088/0000852772-25-000088.txt
0000852772,https://www.sec.gov/Archives/edgar/data/852772/000119312525263393/d17512d8k.htm,DENN,DENNY'S Corp,8-K,2025-11-04,27,,False,,,0001193125-25-263393,https://www.sec.gov/Archives/edgar/data/852772/000119312525263393/0001193125-25-263393.txt
0000852772,https://www.sec.gov/Archives/edgar/data/852772/000085277225000119/denn-20251103.htm,DENN,DENNY'S Corp,8-K,2025-11-04,27,,False,,,0000852772-25-000119,https://www.sec.gov/Archives/edgar/data/852772/000085277225000119/0000852772-25-000119.txt
0000852772,https://www.sec.gov/Archives/edgar/data/852772/000119312525262835/d40219d8k.htm,DENN,DENNY'S Corp,8-K,2025-11-03,28,,False,,,0001193125-25-262835,https://www.sec.gov/Archives/edgar/data/852772/000119312525262835/0001193125-25-262835.txt
0000852772,https://www.sec.gov/Archives/edgar/data/852772/000085277225000106/denn-20250804.htm,DENN,DENNY'S Corp,8-K,2025-08-04,119,,False,,,0000852772-25-000106,https://www.sec.gov/Archives/edgar/data/852772/000085277225000106/0000852772-25-000106.txt
0000852772,https://www.sec.gov/Archives/edgar/data/852772/000085277225000098/denn-20250725.htm,DENN,DENNY'S Corp,8-K,2025-07-25,129,,False,,,0000852772-25-000098,https://www.sec.gov/Archives/edgar/data/852772/000085277225000098/0000852772-25-000098.txt
0000852772,https://www.sec.gov/Archives/edgar/data/852772/000085277225000087/denn-20250514.htm,DENN,DENNY'S Corp,8-K,2025-05-16,199,,False,,,0000852772-25-000087,https://www.sec.gov/Archives/edgar/data/852772/000085277225000087/0000852772-25-000087.txt
0000852772,https://www.sec.gov/Archives/edgar/data/852772/000085277225000081/denn-20250505.htm,DENN,DENNY'S Corp,8-K,2025-05-05,210,,False,,,0000852772-25-000081,https://www.sec.gov/Archives/edgar/data/852772/000085277225000081/0000852772-25-000081.txt
0000852772,https://www.sec.gov/Archives/edgar/data/852772/000085277225000073/denn-20250303.htm,DENN,DENNY'S Corp,8-K,2025-03-03,273,,False,,,0000852772-25-000073,https://www.sec.gov/Archives/edgar/data/852772/000085277225000073/0000852772-25-000073.txt
0000852772,https://www.sec.gov/Archives/edgar/data/852772/000085277225000064/denn-20250218.htm,DENN,DENNY'S Corp,8-K,2025-02-18,286,,False,,,0000852772-25-000064,https://www.sec.gov/Archives/edgar/data/852772/000085277225000064/0000852772-25-000064.txt
0000852772,https://www.sec.gov/Archives/edgar/data/852772/000085277225000044/denn-20250212.htm,DENN,DENNY'S Corp,8-K,2025-02-12,292,,False,,,0000852772-25-000044,https://www.sec.gov/Archives/edgar/data/852772/000085277225000044/0000852772-25-000044.txt
0000852772,https://www.sec.gov/Archives/edgar/data/852772/000092963825002833/s8.htm,DENN,DENNY'S Corp,S-8,2025-07-31,123,,False,,,0000929638-25-002833,https://www.sec.gov/Archives/edgar/data/852772/000092963825002833/0000929638-25-002833.txt
0000909108,https://www.sec.gov/Archives/edgar/data/909108/000090910825000010/dhil-20241231.htm,DHIL,DIAMOND HILL INVESTMENT GROUP INC,10-K,2025-02-26,278,,False,,,0000909108-25-000010,https://www.sec.gov/Archives/edgar/data/909108/000090910825000010/0000909108-25-000010.txt
0000909108,https://www.sec.gov/Archives/edgar/data/909108/000119312525257518/dhil-20250930.htm,DHIL,DIAMOND HILL INVESTMENT GROUP INC,10-Q,2025-10-30,32,1.84,True,https://www.sec.gov/Archives/edgar/data/909108/000119312525257518/dhil-20250930.htm,,0001193125-25-257518,https://www.sec.gov/Archives/edgar/data/909108/000119312525257518/0001193125-25-257518.txt
0000909108,https://www.sec.gov/Archives/edgar/data/909108/000090910825000041/dhil-20250630.htm,DHIL,DIAMOND HILL INVESTMENT GROUP INC,10-Q,2025-07-29,125,3.12,True,https://www.sec.gov/Archives/edgar/data/909108/000090910825000041/dhil-20250630.htm,,0000909108-25-000041,https://www.sec.gov/Archives/edgar/data/909108/000090910825000041/0000909108-25-000041.txt
0000909108,https://www.sec.gov/Archives/edgar/data/909108/000119312525256413/ownership.xml,DHIL,DIAMOND HILL INVESTMENT GROUP INC,3,2025-10-29,33,,False,,,0001193125-25-256413,https://www.sec.gov/Archives/edgar/data/909108/000119312525256413/0001193125-25-256413.txt
0000909108,https://www.sec.gov/Archives/edgar/data/909108/000207082725000002/wk-form3_1748614386.xml,DHIL,DIAMOND HILL INVESTMENT GROUP INC,3,2025-05-30,185,,False,,,0002070827-25-000002,https://www.sec.gov/Archives/edgar/data/909108/000207082725000002/0002070827-25-000002.txt
0000909108,https://www.sec.gov/Archives/edgar/data/909108/000119312525226446/ownership.xml,DHIL,DIAMOND HILL INVESTMENT GROUP INC,4,2025-10-01,61,,False,,,0001193125-25-226446,https://www.sec.gov/Archives/edgar/data/909108/000119312525226446/0001193125-25-226446.txt
0000909108,https://www.sec.gov/Archives/edgar/data/909108/000188921925000006/wk-form4_1758806477.xml,DHIL,DIAMOND HILL INVESTMENT GROUP INC,4,2025-09-25,67,,False,,,0001889219-25-000006,https://www.sec.gov/Archives/edgar/data/909108/000188921925000006/0001889219-25-000006.txt
0000909108,https://www.sec.gov/Archives/edgar/data/909108/000132874625000007/wk-form4_1757428364.xml,DHIL,DIAMOND HILL INVESTMENT GROUP INC,4,2025-09-09,83,,False,,,0001328746-25-000007,https://www.sec.gov/Archives/edgar/data/909108/000132874625000007/0001328746-25-000007.txt
0000909108,https://www.sec.gov/Archives/edgar/data/909108/000178721325000006/wk-form4_1751378878.xml,DHIL,DIAMOND HILL INVESTMENT GROUP INC,4,2025-07-01,153,,False,,,0001787213-25-000006,https://www.sec.gov/Archives/edgar/data/909108/000178721325000006/0001787213-25-000006.txt
0000909108,https://www.sec.gov/Archives/edgar/data/909108/000196932425000007/wk-form4_1750193840.xml,DHIL,DIAMOND HILL INVESTMENT GROUP INC,4,2025-06-17,167,,False,,,0001969324-25-000007,https://www.sec.gov/Archives/edgar/data/909108/000196932425000007/0001969324-25-000007.txt
0000909108,https://www.sec.gov/Archives/edgar/data/909108/000140684025000018/wk-form4_1746623387.xml,DHIL,DIAMOND HILL INVESTMENT GROUP INC,4,2025-05-07,208,,False,,,0001406840-25-000018,https://www.sec.gov/Archives/edgar/data/909108/000140684025000018/0001406840-25-000018.txt
0000909108,https://www.sec.gov/Archives/edgar/data/909108/000140684025000016/wk-form4_1746536559.xml,DHIL,DIAMOND HILL INVESTMENT GROUP INC,4,2025-05-06,209,,False,,,0001406840-25-000016,https://www.sec.gov/Archives/edgar/data/909108/000140684025000016/0001406840-25-000016.txt
0000909108,https://www.sec.gov/Archives/edgar/data/909108/000140684025000014/wk-form4_1746198397.xml,DHIL,DIAMOND HILL INVESTMENT GROUP INC,4,2025-05-02,213,,False,,,0001406840-25-000014,https://www.sec.gov/Archives/edgar/data/909108/000140684025000014/0001406840-25-000014.txt
0000909108,https://www.sec.gov/Archives/edgar/data/909108/000119312525264643/dhil-20251104.htm,DHIL,DIAMOND HILL INVESTMENT GROUP INC,8-K,2025-11-04,27,,False,,,0001193125-25-264643,https://www.sec.gov/Archives/edgar/data/909108/000119312525264643/0001193125-25-264643.txt
0000909108,https://www.sec.gov/Archives/edgar/data/909108/000119312525257505/dhil-20251030.htm,DHIL,DIAMOND HILL INVESTMENT GROUP INC,8-K,2025-10-30,32,,False,,,0001193125-25-257505,https://www.sec.gov/Archives/edgar/data/909108/000119312525257505/0001193125-25-257505.txt
0000909108,https://www.sec.gov/Archives/edgar/data/909108/000119312525228371/dhil-20251002.htm,DHIL,DIAMOND HILL INVESTMENT GROUP INC,8-K,2025-10-02,60,,False,,,0001193125-25-228371,https://www.sec.gov/Archives/edgar/data/909108/000119312525228371/0001193125-25-228371.txt
0000909108,https://www.sec.gov/Archives/edgar/data/909108/000119312525208339/dhil-20250919.htm,DHIL,DIAMOND HILL INVESTMENT GROUP INC,8-K,2025-09-19,73,,False,,,0001193125-25-208339,https://www.sec.gov/Archives/edgar/data/909108/000119312525208339/0001193125-25-208339.txt
0000909108,https://www.sec.gov/Archives/edgar/data/909108/000090910825000046/dhil-20250903.htm,DHIL,DIAMOND HILL INVESTMENT GROUP INC,8-K,2025-09-03,89,,False,,,0000909108-25-000046,https://www.sec.gov/Archives/edgar/data/909108/000090910825000046/0000909108-25-000046.txt
0000909108,https://www.sec.gov/Archives/edgar/data/909108/000090910825000043/dhil-20250804.htm,DHIL,DIAMOND HILL INVESTMENT GROUP INC,8-K,2025-08-04,119,,False,,,0000909108-25-000043,https://www.sec.gov/Archives/edgar/data/909108/000090910825000043/0000909108-25-000043.txt
0000909108,https://www.sec.gov/Archives/edgar/data/909108/000090910825000039/dhil-20250729.htm,DHIL,DIAMOND HILL INVESTMENT GROUP INC,8-K,2025-07-29,125,,False,,,0000909108-25-000039,https://www.sec.gov/Archives/edgar/data/909108/000090910825000039/0000909108-25-000039.txt
0000909108,https://www.sec.gov/Archives/edgar/data/909108/000090910825000036/dhil-20250702.htm,DHIL,DIAMOND HILL INVESTMENT GROUP INC,8-K,2025-07-02,152,,False,,,0000909108-25-000036,https://www.sec.gov/Archives/edgar/data/909108/000090910825000036/0000909108-25-000036.txt
0000909108,https://www.sec.gov/Archives/edgar/data/909108/000090910825000034/dhil-20250612.htm,DHIL,DIAMOND HILL INVESTMENT GROUP INC,8-K,2025-06-13,171,,False,,,0000909108-25-000034,https://www.sec.gov/Archives/edgar/data/909108/000090910825000034/0000909108-25-000034.txt
0000909108,https://www.sec.gov/Archives/edgar/data/909108/000090910825000032/dhil-20250603.htm,DHIL,DIAMOND HILL INVESTMENT GROUP INC,8-K,2025-06-03,181,,False,,,0000909108-25-000032,https://www.sec.gov/Archives/edgar/data/909108/000090910825000032/0000909108-25-000032.txt
0000909108,https://www.sec.gov/Archives/edgar/data/909108/000090910825000018/forms-82025equityandcashin.htm,DHIL,DIAMOND HILL INVESTMENT GROUP INC,S-8,2025-04-29,216,,False,,,0000909108-25-000018,https://www.sec.gov/Archives/edgar/data/909108/000090910825000018/0000909108-25-000018.txt
0002028614,https://www.sec.gov/Archives/edgar/data/2028614/000121390025026240/ea0235148-10k_drugs.htm,DMAA,Drugs Made In America Acquisition Corp.,10-K,2025-03-31,245,,False,,,0001213900-25-026240,https://www.sec.gov/Archives/edgar/data/2028614/000121390025026240/0001213900-25-026240.txt
0002028614,https://www.sec.gov/Archives/edgar/data/2028614/000121390025112096/ea0264976-10q_drugs.htm,DMAA,Drugs Made In America Acquisition Corp.,10-Q,2025-11-18,13,,False,,,0001213900-25-112096,https://www.sec.gov/Archives/edgar/data/2028614/000121390025112096/0001213900-25-112096.txt
0002028614,https://www.sec.gov/Archives/edgar/data/2028614/000121390025076681/ea0252999-10q_drugs.htm,DMAA,Drugs Made In America Acquisition Corp.,10-Q,2025-08-14,109,,False,,,0001213900-25-076681,https://www.sec.gov/Archives/edgar/data/2028614/000121390025076681/0001213900-25-076681.txt
0002028614,https://www.sec.gov/Archives/edgar/data/2028614/000121390025002358/ownership.xml,DMAA,Drugs Made In America Acquisition Corp.,3,2025-01-10,325,,False,,,0001213900-25-002358,https://www.sec.gov/Archives/edgar/data/2028614/000121390025002358/0001213900-25-002358.txt
0002028614,https://www.sec.gov/Archives/edgar/data/2028614/000121390025002356/ownership.xml,DMAA,Drugs Made In America Acquisition Corp.,3,2025-01-10,325,,False,,,0001213900-25-002356,https://www.sec.gov/Archives/edgar/data/2028614/000121390025002356/0001213900-25-002356.txt
0002028614,https://www.sec.gov/Archives/edgar/data/2028614/000121390025002353/ownership.xml,DMAA,Drugs Made In America Acquisition Corp.,3,2025-01-10,325,,False,,,0001213900-25-002353,https://www.sec.gov/Archives/edgar/data/2028614/000121390025002353/0001213900-25-002353.txt
0002028614,https://www.sec.gov/Archives/edgar/data/2028614/000121390025002351/ownership.xml,DMAA,Drugs Made In America Acquisition Corp.,3,2025-01-10,325,,False,,,0001213900-25-002351,https://www.sec.gov/Archives/edgar/data/2028614/000121390025002351/0001213900-25-002351.txt
0002028614,https://www.sec.gov/Archives/edgar/data/2028614/000121390025002349/ownership.xml,DMAA,Drugs Made In America Acquisition Corp.,3,2025-01-10,325,,False,,,0001213900-25-002349,https://www.sec.gov/Archives/edgar/data/2028614/000121390025002349/0001213900-25-002349.txt
0002028614,https://www.sec.gov/Archives/edgar/data/2028614/000121390025007724/ea0209546-15.htm,DMAA,Drugs Made In America Acquisition Corp.,424B4,2025-01-29,306,,False,,,0001213900-25-007724,https://www.sec.gov/Archives/edgar/data/2028614/000121390025007724/0001213900-25-007724.txt
0002028614,https://www.sec.gov/Archives/edgar/data/2028614/000121390025111704/ea0265998-8k_drugs.htm,DMAA,Drugs Made In America Acquisition Corp.,8-K,2025-11-18,13,,False,,,0001213900-25-111704,https://www.sec.gov/Archives/edgar/data/2028614/000121390025111704/0001213900-25-111704.txt
0002028614,https://www.sec.gov/Archives/edgar/data/2028614/000121390025016702/ea0231936-8k_drugs.htm,DMAA,Drugs Made In America Acquisition Corp.,8-K,2025-02-25,279,,False,,,0001213900-25-016702,https://www.sec.gov/Archives/edgar/data/2028614/000121390025016702/0001213900-25-016702.txt
0002028614,https://www.sec.gov/Archives/edgar/data/2028614/000121390025016602/ea0231980-8k_drugs.htm,DMAA,Drugs Made In America Acquisition Corp.,8-K,2025-02-24,280,,False,,,0001213900-25-016602,https://www.sec.gov/Archives/edgar/data/2028614/000121390025016602/0001213900-25-016602.txt
0002028614,https://www.sec.gov/Archives/edgar/data/2028614/000121390025010079/ea0229853-8k_drugs.htm,DMAA,Drugs Made In America Acquisition Corp.,8-K,2025-02-04,300,,False,,,0001213900-25-010079,https://www.sec.gov/Archives/edgar/data/2028614/000121390025010079/0001213900-25-010079.txt
0002028614,https://www.sec.gov/Archives/edgar/data/2028614/000121390025008377/ea0229135-8k_drugs.htm,DMAA,Drugs Made In America Acquisition Corp.,8-K,2025-01-30,305,,False,,,0001213900-25-008377,https://www.sec.gov/Archives/edgar/data/2028614/000121390025008377/0001213900-25-008377.txt
0002032528,https://www.sec.gov/Archives/edgar/data/2032528/000141057825000577/drdb-20241231x10k.htm,DRDB,Roman DBDR Acquisition Corp. II,10-K,2025-03-31,245,3.09,True,https://www.sec.gov/Archives/edgar/data/2032528/000141057825000577/drdb-20241231x10k.htm,,0001410578-25-000577,https://www.sec.gov/Archives/edgar/data/2032528/000141057825000577/0001410578-25-000577.txt
0002032528,https://www.sec.gov/Archives/edgar/data/2032528/000110465925110662/drdb-20250930x10q.htm,DRDB,Roman DBDR Acquisition Corp. II,10-Q,2025-11-13,18,0.34,True,https://www.sec.gov/Archives/edgar/data/2032528/000110465925110662/drdb-20250930x10q.htm,,0001104659-25-110662,https://www.sec.gov/Archives/edgar/data/2032528/000110465925110662/0001104659-25-110662.txt
0002032528,https://www.sec.gov/Archives/edgar/data/2032528/000110465925101820/drdb-20250630x10q.htm,DRDB,Roman DBDR Acquisition Corp. II,10-Q,2025-10-23,39,0.95,True,https://www.sec.gov/Archives/edgar/data/2032528/000110465925101820/drdb-20250630x10q.htm,,0001104659-25-101820,https://www.sec.gov/Archives/edgar/data/2032528/000110465925101820/0001104659-25-101820.txt
0002032528,https://www.sec.gov/Archives/edgar/data/2032528/000110465925100090/tm2528635-1_3seq1.xml,DRDB,Roman DBDR Acquisition Corp. II,3,2025-10-16,46,,False,,,0001104659-25-100090,https://www.sec.gov/Archives/edgar/data/2032528/000110465925100090/0001104659-25-100090.txt
0002032528,https://www.sec.gov/Archives/edgar/data/2032528/000110465924128157/tm2430554-6_3seq1.xml,DRDB,Roman DBDR Acquisition Corp. II,3,2024-12-12,354,,False,,,0001104659-24-128157,https://www.sec.gov/Archives/edgar/data/2032528/000110465924128157/0001104659-24-128157.txt
0002032528,https://www.sec.gov/Archives/edgar/data/2032528/000110465924128156/tm2430554-5_3seq1.xml,DRDB,Roman DBDR Acquisition Corp. II,3,2024-12-12,354,,False,,,0001104659-24-128156,https://www.sec.gov/Archives/edgar/data/2032528/000110465924128156/0001104659-24-128156.txt
0002032528,https://www.sec.gov/Archives/edgar/data/2032528/000110465924128155/tm2430554-4_3seq1.xml,DRDB,Roman DBDR Acquisition Corp. II,3,2024-12-12,354,,False,,,0001104659-24-128155,https://www.sec.gov/Archives/edgar/data/2032528/000110465924128155/0001104659-24-128155.txt
0002032528,https://www.sec.gov/Archives/edgar/data/2032528/000110465924128154/tm2430554-3_3seq1.xml,DRDB,Roman DBDR Acquisition Corp. II,3,2024-12-12,354,,False,,,0001104659-24-128154,https://www.sec.gov/Archives/edgar/data/2032528/000110465924128154/0001104659-24-128154.txt
0002032528,https://www.sec.gov/Archives/edgar/data/2032528/000110465924128493/tm2423509-15_424b4.htm,DRDB,Roman DBDR Acquisition Corp. II,424B4,2024-12-13,353,,False,,,0001104659-24-128493,https://www.sec.gov/Archives/edgar/data/2032528/000110465924128493/0001104659-24-128493.txt
0002032528,https://www.sec.gov/Archives/edgar/data/2032528/000110465925096645/tm2527764d1_8k.htm,DRDB,Roman DBDR Acquisition Corp. II,8-K,2025-10-03,59,,False,,,0001104659-25-096645,https://www.sec.gov/Archives/edgar/data/2032528/000110465925096645/0001104659-25-096645.txt
0002032528,https://www.sec.gov/Archives/edgar/data/2032528/000110465925091346/tm2526462d1_8k.htm,DRDB,Roman DBDR Acquisition Corp. II,8-K,2025-09-18,74,,False,,,0001104659-25-091346,https://www.sec.gov/Archives/edgar/data/2032528/000110465925091346/0001104659-25-091346.txt
0002032528,https://www.sec.gov/Archives/edgar/data/2032528/000110465925032650/tm2511717d1_8k.htm,DRDB,Roman DBDR Acquisition Corp. II,8-K,2025-04-07,238,,False,,,0001104659-25-032650,https://www.sec.gov/Archives/edgar/data/2032528/000110465925032650/0001104659-25-032650.txt
0002032528,https://www.sec.gov/Archives/edgar/data/2032528/000110465925007788/tm254957d1_8k.htm,DRDB,Roman DBDR Acquisition Corp. II,8-K,2025-01-31,304,,False,,,0001104659-25-007788,https://www.sec.gov/Archives/edgar/data/2032528/000110465925007788/0001104659-25-007788.txt
0002032528,https://www.sec.gov/Archives/edgar/data/2032528/000110465925006550/tm254523d1_8k.htm,DRDB,Roman DBDR Acquisition Corp. II,8-K,2025-01-28,307,,False,,,0001104659-25-006550,https://www.sec.gov/Archives/edgar/data/2032528/000110465925006550/0001104659-25-006550.txt
0002032528,https://www.sec.gov/Archives/edgar/data/2032528/000110465925000823/tm251744d1_8k.htm,DRDB,Roman DBDR Acquisition Corp. II,8-K,2025-01-03,332,,False,,,0001104659-25-000823,https://www.sec.gov/Archives/edgar/data/2032528/000110465925000823/0001104659-25-000823.txt
0002032528,https://www.sec.gov/Archives/edgar/data/2032528/000110465924129432/tm2431164d1_8k.htm,DRDB,Roman DBDR Acquisition Corp. II,8-K,2024-12-17,349,,False,,,0001104659-24-129432,https://www.sec.gov/Archives/edgar/data/2032528/000110465924129432/0001104659-24-129432.txt
0001828791,https://www.sec.gov/Archives/edgar/data/1828791/000182879125000010/dsp-20241231.htm,DSP,Viant Technology Inc.,10-K,2025-03-03,273,,False,,,0001828791-25-000010,https://www.sec.gov/Archives/edgar/data/1828791/000182879125000010/0001828791-25-000010.txt
0001828791,https://www.sec.gov/Archives/edgar/data/1828791/000182879125000078/dsp-20250930.htm,DSP,Viant Technology Inc.,10-Q,2025-11-10,21,,False,,,0001828791-25-000078,https://www.sec.gov/Archives/edgar/data/1828791/000182879125000078/0001828791-25-000078.txt
0001828791,https://www.sec.gov/Archives/edgar/data/1828791/000182879125000056/dsp-20250630.htm,DSP,Viant Technology Inc.,10-Q,2025-08-11,112,,False,,,0001828791-25-000056,https://www.sec.gov/Archives/edgar/data/1828791/000182879125000056/0001828791-25-000056.txt
0001828791,https://www.sec.gov/Archives/edgar/data/1828791/000184476725000005/wk-form4_1758148771.xml,DSP,Viant Technology Inc.,4,2025-09-17,75,,False,,,0001844767-25-000005,https://www.sec.gov/Archives/edgar/data/1828791/000184476725000005/0001844767-25-000005.txt
0001828791,https://www.sec.gov/Archives/edgar/data/1828791/000184310425000007/wk-form4_1758148734.xml,DSP,Viant Technology Inc.,4,2025-09-17,75,,False,,,0001843104-25-000007,https://www.sec.gov/Archives/edgar/data/1828791/000184310425000007/0001843104-25-000007.txt
0001828791,https://www.sec.gov/Archives/edgar/data/1828791/000184310325000007/wk-form4_1758148703.xml,DSP,Viant Technology Inc.,4,2025-09-17,75,,False,,,0001843103-25-000007,https://www.sec.gov/Archives/edgar/data/1828791/000184310325000007/0001843103-25-000007.txt
0001828791,https://www.sec.gov/Archives/edgar/data/1828791/000128430925000010/wk-form4_1758148661.xml,DSP,Viant Technology Inc.,4,2025-09-17,75,,False,,,0001284309-25-000010,https://www.sec.gov/Archives/edgar/data/1828791/000128430925000010/0001284309-25-000010.txt
0001828791,https://www.sec.gov/Archives/edgar/data/1828791/000162828025031441/wk-form4_1749863554.xml,DSP,Viant Technology Inc.,4,2025-06-13,171,,False,,,0001628280-25-031441,https://www.sec.gov/Archives/edgar/data/1828791/000162828025031441/0001628280-25-031441.txt
0001828791,https://www.sec.gov/Archives/edgar/data/1828791/000162828025031440/wk-form4_1749863481.xml,DSP,Viant Technology Inc.,4,2025-06-13,171,,False,,,0001628280-25-031440,https://www.sec.gov/Archives/edgar/data/1828791/000162828025031440/0001628280-25-031440.txt
0001828791,https://www.sec.gov/Archives/edgar/data/1828791/000162828025031439/wk-form4_1749863388.xml,DSP,Viant Technology Inc.,4,2025-06-13,171,,False,,,0001628280-25-031439,https://www.sec.gov/Archives/edgar/data/1828791/000162828025031439/0001628280-25-031439.txt
0001828791,https://www.sec.gov/Archives/edgar/data/1828791/000162828025030289/wk-form4_1749505136.xml,DSP,Viant Technology Inc.,4,2025-06-09,175,,False,,,0001628280-25-030289,https://www.sec.gov/Archives/edgar/data/1828791/000162828025030289/0001628280-25-030289.txt
0001828791,https://www.sec.gov/Archives/edgar/data/1828791/000162828025030284/wk-form4_1749504939.xml,DSP,Viant Technology Inc.,4,2025-06-09,175,,False,,,0001628280-25-030284,https://www.sec.gov/Archives/edgar/data/1828791/000162828025030284/0001628280-25-030284.txt
0001828791,https://www.sec.gov/Archives/edgar/data/1828791/000162828025030283/wk-form4_1749504880.xml,DSP,Viant Technology Inc.,4,2025-06-09,175,,False,,,0001628280-25-030283,https://www.sec.gov/Archives/edgar/data/1828791/000162828025030283/0001628280-25-030283.txt
0001828791,https://www.sec.gov/Archives/edgar/data/1828791/000182879125000077/dsp-20251110.htm,DSP,Viant Technology Inc.,8-K,2025-11-10,21,,False,,,0001828791-25-000077,https://www.sec.gov/Archives/edgar/data/1828791/000182879125000077/0001828791-25-000077.txt
0001828791,https://www.sec.gov/Archives/edgar/data/1828791/000182879125000054/dsp-20250811.htm,DSP,Viant Technology Inc.,8-K,2025-08-11,112,,False,,,0001828791-25-000054,https://www.sec.gov/Archives/edgar/data/1828791/000182879125000054/0001828791-25-000054.txt
0001828791,https://www.sec.gov/Archives/edgar/data/1828791/000182879125000034/dsp-20250605.htm,DSP,Viant Technology Inc.,8-K,2025-06-09,175,,False,,,0001828791-25-000034,https://www.sec.gov/Archives/edgar/data/1828791/000182879125000034/0001828791-25-000034.txt
0001828791,https://www.sec.gov/Archives/edgar/data/1828791/000182879125000024/dsp-20250510.htm,DSP,Viant Technology Inc.,8-K,2025-05-14,201,,False,,,0001828791-25-000024,https://www.sec.gov/Archives/edgar/data/1828791/000182879125000024/0001828791-25-000024.txt
0001828791,https://www.sec.gov/Archives/edgar/data/1828791/000182879125000018/dsp-20250506.htm,DSP,Viant Technology Inc.,8-K,2025-05-06,209,,False,,,0001828791-25-000018,https://www.sec.gov/Archives/edgar/data/1828791/000182879125000018/0001828791-25-000018.txt
0001828791,https://www.sec.gov/Archives/edgar/data/1828791/000182879125000009/dsp-20250303.htm,DSP,Viant Technology Inc.,8-K,2025-03-03,273,,False,,,0001828791-25-000009,https://www.sec.gov/Archives/edgar/data/1828791/000182879125000009/0001828791-25-000009.txt
0001828791,https://www.sec.gov/Archives/edgar/data/1828791/000182879124000053/dsp-20241112.htm,DSP,Viant Technology Inc.,8-K,2024-11-12,384,,False,,,0001828791-24-000053,https://www.sec.gov/Archives/edgar/data/1828791/000182879124000053/0001828791-24-000053.txt
0001828791,https://www.sec.gov/Archives/edgar/data/1828791/000182879125000013/dsp-20241231xsx8.htm,DSP,Viant Technology Inc.,S-8,2025-03-03,273,,False,,,0001828791-25-000013,https://www.sec.gov/Archives/edgar/data/1828791/000182879125000013/0001828791-25-000013.txt
0001834253,https://www.sec.gov/Archives/edgar/data/1834253/000141057825000928/em-20241231x20f.htm,EM,Smart Share Global Ltd,20-F,2025-04-28,217,3.83,True,https://www.sec.gov/Archives/edgar/data/1834253/000141057825000928/em-20241231x20f.htm,,0001410578-25-000928,https://www.sec.gov/Archives/edgar/data/1834253/000141057825000928/0001410578-25-000928.txt
0001834253,https://www.sec.gov/Archives/edgar/data/1834253/000110465925116666/tm2532369d1_6k.htm,EM,Smart Share Global Ltd,6-K,2025-11-28,3,,False,,,0001104659-25-116666,https://www.sec.gov/Archives/edgar/data/1834253/000110465925116666/0001104659-25-116666.txt
0001834253,https://www.sec.gov/Archives/edgar/data/1834253/000110465925079276/tm2523631d1_6k.htm,EM,Smart Share Global Ltd,6-K,2025-08-15,108,,False,,,0001104659-25-079276,https://www.sec.gov/Archives/edgar/data/1834253/000110465925079276/0001104659-25-079276.txt
0001834253,https://www.sec.gov/Archives/edgar/data/1834253/000110465925073150/tm2522321d1_6k.htm,EM,Smart Share Global Ltd,6-K,2025-08-01,122,,False,,,0001104659-25-073150,https://www.sec.gov/Archives/edgar/data/1834253/000110465925073150/0001104659-25-073150.txt
0001966287,https://www.sec.gov/Archives/edgar/data/1966287/000121390025025189/ea0234745-40f_greenfire.htm,GFR,Greenfire Resources Ltd.,40-F,2025-03-20,256,,False,,,0001213900-25-025189,https://www.sec.gov/Archives/edgar/data/1966287/000121390025025189/0001213900-25-025189.txt
0001966287,https://www.sec.gov/Archives/edgar/data/1966287/000121390025106857/ea0264337-6k_greenfire.htm,GFR,Greenfire Resources Ltd.,6-K,2025-11-06,25,,False,,,0001213900-25-106857,https://www.sec.gov/Archives/edgar/data/1966287/000121390025106857/0001213900-25-106857.txt
0001966287,https://www.sec.gov/Archives/edgar/data/1966287/000121390025105629/ea0263834-6k_greenfire.htm,GFR,Greenfire Resources Ltd.,6-K,2025-11-04,27,,False,,,0001213900-25-105629,https://www.sec.gov/Archives/edgar/data/1966287/000121390025105629/0001213900-25-105629.txt
0001966287,https://www.sec.gov/Archives/edgar/data/1966287/000121390025073065/ea0252225-6k_greenfire.htm,GFR,Greenfire Resources Ltd.,6-K,2025-08-07,116,,False,,,0001213900-25-073065,https://www.sec.gov/Archives/edgar/data/1966287/000121390025073065/0001213900-25-073065.txt
0002080019,https://www.sec.gov/Archives/edgar/data/2080019/000119312525269558/giwwu-20250930.htm,GIW,GigCapital8 Corp.,10-Q,2025-11-06,25,,False,,,0001193125-25-269558,https://www.sec.gov/Archives/edgar/data/2080019/000119312525269558/0001193125-25-269558.txt
0002080019,https://www.sec.gov/Archives/edgar/data/2080019/000208957125000001/primary_doc.xml,GIW,GigCapital8 Corp.,3,2025-10-15,47,,False,,,0002089571-25-000001,https://www.sec.gov/Archives/edgar/data/2080019/000208957125000001/0002089571-25-000001.txt
0002080019,https://www.sec.gov/Archives/edgar/data/2080019/000120111025000003/primary_doc.xml,GIW,GigCapital8 Corp.,3,2025-10-15,47,,False,,,0001201110-25-000003,https://www.sec.gov/Archives/edgar/data/2080019/000120111025000003/0001201110-25-000003.txt
0002080019,https://www.sec.gov/Archives/edgar/data/2080019/000113309925000007/primary_doc.xml,GIW,GigCapital8 Corp.,3,2025-10-08,54,,False,,,0001133099-25-000007,https://www.sec.gov/Archives/edgar/data/2080019/000113309925000007/0001133099-25-000007.txt
0002080019,https://www.sec.gov/Archives/edgar/data/2080019/000184720225000002/primary_doc.xml,GIW,GigCapital8 Corp.,3,2025-10-08,54,,False,,,0001847202-25-000002,https://www.sec.gov/Archives/edgar/data/2080019/000184720225000002/0001847202-25-000002.txt
0002080019,https://www.sec.gov/Archives/edgar/data/2080019/000111622925000004/primary_doc.xml,GIW,GigCapital8 Corp.,3,2025-10-08,54,,False,,,0001116229-25-000004,https://www.sec.gov/Archives/edgar/data/2080019/000111622925000004/0001116229-25-000004.txt
0002080019,https://www.sec.gov/Archives/edgar/data/2080019/000119312525230859/d929696d424b4.htm,GIW,GigCapital8 Corp.,424B4,2025-10-06,56,,False,,,0001193125-25-230859,https://www.sec.gov/Archives/edgar/data/2080019/000119312525230859/0001193125-25-230859.txt
0002080019,https://www.sec.gov/Archives/edgar/data/2080019/000119312525248776/giwwu-20251023.htm,GIW,GigCapital8 Corp.,8-K,2025-10-23,39,,False,,,0001193125-25-248776,https://www.sec.gov/Archives/edgar/data/2080019/000119312525248776/0001193125-25-248776.txt
0002080019,https://www.sec.gov/Archives/edgar/data/2080019/000119312525239036/d71695d8k.htm,GIW,GigCapital8 Corp.,8-K,2025-10-14,48,,False,,,0001193125-25-239036,https://www.sec.gov/Archives/edgar/data/2080019/000119312525239036/0001193125-25-239036.txt
0002080019,https://www.sec.gov/Archives/edgar/data/2080019/000119312525235847/d87287d8k.htm,GIW,GigCapital8 Corp.,8-K,2025-10-09,53,,False,,,0001193125-25-235847,https://www.sec.gov/Archives/edgar/data/2080019/000119312525235847/0001193125-25-235847.txt
0001790340,https://www.sec.gov/Archives/edgar/data/1790340/000179034025000042/imrx-20241231.htm,IMRX,Immuneering Corp,10-K,2025-03-20,256,0.66,True,https://www.sec.gov/Archives/edgar/data/1790340/000179034025000042/imrx-20241231.htm,,0001790340-25-000042,https://www.sec.gov/Archives/edgar/data/1790340/000179034025000042/0001790340-25-000042.txt
0001790340,https://www.sec.gov/Archives/edgar/data/1790340/000179034025000135/imrx-20250930.htm,IMRX,Immuneering Corp,10-Q,2025-11-12,19,6.41,True,https://www.sec.gov/Archives/edgar/data/1790340/000179034025000135/imrx-20250930.htm,,0001790340-25-000135,https://www.sec.gov/Archives/edgar/data/1790340/000179034025000135/0001790340-25-000135.txt
0001790340,https://www.sec.gov/Archives/edgar/data/1790340/000179034025000104/imrx-20250630.htm,IMRX,Immuneering Corp,10-Q,2025-08-13,110,1.12,True,https://www.sec.gov/Archives/edgar/data/1790340/000179034025000104/imrx-20250630.htm,,0001790340-25-000104,https://www.sec.gov/Archives/edgar/data/1790340/000179034025000104/0001790340-25-000104.txt
0001790340,https://www.sec.gov/Archives/edgar/data/1790340/000179034025000127/wk-form4_1759841769.xml,IMRX,Immuneering Corp,4,2025-10-07,55,,False,,,0001790340-25-000127,https://www.sec.gov/Archives/edgar/data/1790340/000179034025000127/0001790340-25-000127.txt
0001790340,https://www.sec.gov/Archives/edgar/data/1790340/000179034025000125/wk-form4_1759410175.xml,IMRX,Immuneering Corp,4,2025-10-02,60,,False,,,0001790340-25-000125,https://www.sec.gov/Archives/edgar/data/1790340/000179034025000125/0001790340-25-000125.txt
0001790340,https://www.sec.gov/Archives/edgar/data/1790340/000179034025000123/wk-form4_1759409848.xml,IMRX,Immuneering Corp,4,2025-10-02,60,,False,,,0001790340-25-000123,https://www.sec.gov/Archives/edgar/data/1790340/000179034025000123/0001790340-25-000123.txt
0001790340,https://www.sec.gov/Archives/edgar/data/1790340/000179034025000121/wk-form4_1759409561.xml,IMRX,Immuneering Corp,4,2025-10-02,60,,False,,,0001790340-25-000121,https://www.sec.gov/Archives/edgar/data/1790340/000179034025000121/0001790340-25-000121.txt
0001790340,https://www.sec.gov/Archives/edgar/data/1790340/000179034025000119/wk-form4_1759323577.xml,IMRX,Immuneering Corp,4,2025-10-01,61,,False,,,0001790340-25-000119,https://www.sec.gov/Archives/edgar/data/1790340/000179034025000119/0001790340-25-000119.txt
0001790340,https://www.sec.gov/Archives/edgar/data/1790340/000179034025000117/wk-form4_1759237255.xml,IMRX,Immuneering Corp,4,2025-09-30,62,,False,,,0001790340-25-000117,https://www.sec.gov/Archives/edgar/data/1790340/000179034025000117/0001790340-25-000117.txt
0001790340,https://www.sec.gov/Archives/edgar/data/1790340/000179034025000113/wk-form4_1758141356.xml,IMRX,Immuneering Corp,4,2025-09-17,75,,False,,,0001790340-25-000113,https://www.sec.gov/Archives/edgar/data/1790340/000179034025000113/0001790340-25-000113.txt
0001790340,https://www.sec.gov/Archives/edgar/data/1790340/000179034025000111/wk-form4_1758141012.xml,IMRX,Immuneering Corp,4,2025-09-17,75,,False,,,0001790340-25-000111,https://www.sec.gov/Archives/edgar/data/1790340/000179034025000111/0001790340-25-000111.txt
0001790340,https://www.sec.gov/Archives/edgar/data/1790340/000110465925088317/tm2524971-4_424b3.htm,IMRX,Immuneering Corp,424B3,2025-09-08,84,,False,,,0001104659-25-088317,https://www.sec.gov/Archives/edgar/data/1790340/000110465925088317/0001104659-25-088317.txt
0001790340,https://www.sec.gov/Archives/edgar/data/1790340/000110465925093438/tm2526817-2_424b5.htm,IMRX,Immuneering Corp,424B5,2025-09-25,67,,False,,,0001104659-25-093438,https://www.sec.gov/Archives/edgar/data/1790340/000110465925093438/0001104659-25-093438.txt
0001790340,https://www.sec.gov/Archives/edgar/data/1790340/000110465925092991/tm2526817-1_424b5.htm,IMRX,Immuneering Corp,424B5,2025-09-24,68,,False,,,0001104659-25-092991,https://www.sec.gov/Archives/edgar/data/1790340/000110465925092991/0001104659-25-092991.txt
0001790340,https://www.sec.gov/Archives/edgar/data/1790340/000110465925061344/tm2518587d1_424b5.htm,IMRX,Immuneering Corp,424B5,2025-06-23,161,,False,,,0001104659-25-061344,https://www.sec.gov/Archives/edgar/data/1790340/000110465925061344/0001104659-25-061344.txt
0001790340,https://www.sec.gov/Archives/edgar/data/1790340/000110465925026222/tm259697d1_424b5.htm,IMRX,Immuneering Corp,424B5,2025-03-20,256,,False,,,0001104659-25-026222,https://www.sec.gov/Archives/edgar/data/1790340/000110465925026222/0001104659-25-026222.txt
0001790340,https://www.sec.gov/Archives/edgar/data/1790340/000179034025000133/imrx-20251112.htm,IMRX,Immuneering Corp,8-K,2025-11-12,19,,False,,,0001790340-25-000133,https://www.sec.gov/Archives/edgar/data/1790340/000179034025000133/0001790340-25-000133.txt
0001790340,https://www.sec.gov/Archives/edgar/data/1790340/000110465925093436/tm2526946d1_8k.htm,IMRX,Immuneering Corp,8-K,2025-09-25,67,,False,,,0001104659-25-093436,https://www.sec.gov/Archives/edgar/data/1790340/000110465925093436/0001104659-25-093436.txt
0001790340,https://www.sec.gov/Archives/edgar/data/1790340/000110465925092957/tm2526843d1_8k.htm,IMRX,Immuneering Corp,8-K,2025-09-24,68,,False,,,0001104659-25-092957,https://www.sec.gov/Archives/edgar/data/1790340/000110465925092957/0001104659-25-092957.txt
0001790340,https://www.sec.gov/Archives/edgar/data/1790340/000110465925081995/tm2524079d1_8k.htm,IMRX,Immuneering Corp,8-K,2025-08-25,98,,False,,,0001104659-25-081995,https://www.sec.gov/Archives/edgar/data/1790340/000110465925081995/0001104659-25-081995.txt
0001790340,https://www.sec.gov/Archives/edgar/data/1790340/000179034025000102/imrx-20250813.htm,IMRX,Immuneering Corp,8-K,2025-08-13,110,,False,,,0001790340-25-000102,https://www.sec.gov/Archives/edgar/data/1790340/000179034025000102/0001790340-25-000102.txt
0001790340,https://www.sec.gov/Archives/edgar/data/1790340/000179034025000077/imrx-20250617.htm,IMRX,Immuneering Corp,8-K,2025-06-17,167,,False,,,0001790340-25-000077,https://www.sec.gov/Archives/edgar/data/1790340/000179034025000077/0001790340-25-000077.txt
0001790340,https://www.sec.gov/Archives/edgar/data/1790340/000179034025000063/imrx-20250613.htm,IMRX,Immuneering Corp,8-K,2025-06-16,168,,False,,,0001790340-25-000063,https://www.sec.gov/Archives/edgar/data/1790340/000179034025000063/0001790340-25-000063.txt
0001790340,https://www.sec.gov/Archives/edgar/data/1790340/000179034025000059/imrx-20250505.htm,IMRX,Immuneering Corp,8-K,2025-05-05,210,,False,,,0001790340-25-000059,https://www.sec.gov/Archives/edgar/data/1790340/000179034025000059/0001790340-25-000059.txt
0001790340,https://www.sec.gov/Archives/edgar/data/1790340/000179034025000039/imrx-20250320.htm,IMRX,Immuneering Corp,8-K,2025-03-20,256,,False,,,0001790340-25-000039,https://www.sec.gov/Archives/edgar/data/1790340/000179034025000039/0001790340-25-000039.txt
0001790340,https://www.sec.gov/Archives/edgar/data/1790340/000179034025000014/imrx-20250113.htm,IMRX,Immuneering Corp,8-K,2025-01-13,322,,False,,,0001790340-25-000014,https://www.sec.gov/Archives/edgar/data/1790340/000179034025000014/0001790340-25-000014.txt
0001790340,https://www.sec.gov/Archives/edgar/data/1790340/000110465925086561/tm2524971-1_s3.htm,IMRX,Immuneering Corp,S-3,2025-09-03,89,,False,,,0001104659-25-086561,https://www.sec.gov/Archives/edgar/data/1790340/000110465925086561/0001104659-25-086561.txt
0001790340,https://www.sec.gov/Archives/edgar/data/1790340/000110465925077655/tm2522572-1_s3.htm,IMRX,Immuneering Corp,S-3,2025-08-13,110,,False,,,0001104659-25-077655,https://www.sec.gov/Archives/edgar/data/1790340/000110465925077655/0001104659-25-077655.txt
0001790340,https://www.sec.gov/Archives/edgar/data/1790340/000110465925044519/tm2513940d1_s8.htm,IMRX,Immuneering Corp,S-8,2025-05-05,210,,False,,,0001104659-25-044519,https://www.sec.gov/Archives/edgar/data/1790340/000110465925044519/0001104659-25-044519.txt
0001896084,https://www.sec.gov/Archives/edgar/data/1896084/000114036125038934/ef20050367_20f.htm,IONR,ioneer Ltd,20-F,2025-10-22,40,,False,,,0001140361-25-038934,https://www.sec.gov/Archives/edgar/data/1896084/000114036125038934/0001140361-25-038934.txt
0001896084,https://www.sec.gov/Archives/edgar/data/1896084/000114036125043728/ef20060240_6k.htm,IONR,ioneer Ltd,6-K,2025-12-01,0,,False,,,0001140361-25-043728,https://www.sec.gov/Archives/edgar/data/1896084/000114036125043728/0001140361-25-043728.txt
0001896084,https://www.sec.gov/Archives/edgar/data/1896084/000114036125039729/ef20057892_6k.htm,IONR,ioneer Ltd,6-K,2025-10-29,33,,False,,,0001140361-25-039729,https://www.sec.gov/Archives/edgar/data/1896084/000114036125039729/0001140361-25-039729.txt
0001896084,https://www.sec.gov/Archives/edgar/data/1896084/000114036125038668/ef20057419_6k.htm,IONR,ioneer Ltd,6-K,2025-10-20,42,,False,,,0001140361-25-038668,https://www.sec.gov/Archives/edgar/data/1896084/000114036125038668/0001140361-25-038668.txt
0001896084,https://www.sec.gov/Archives/edgar/data/1896084/000114036125036657/ef20056465_6k.htm,IONR,ioneer Ltd,6-K,2025-09-30,62,,False,,,0001140361-25-036657,https://www.sec.gov/Archives/edgar/data/1896084/000114036125036657/0001140361-25-036657.txt
0001896084,https://www.sec.gov/Archives/edgar/data/1896084/000114036125035847/ef20055935_6k.htm,IONR,ioneer Ltd,6-K,2025-09-23,69,,False,,,0001140361-25-035847,https://www.sec.gov/Archives/edgar/data/1896084/000114036125035847/0001140361-25-035847.txt
0001756594,https://www.sec.gov/Archives/edgar/data/1756594/000110465925035122/iva-20241231x20f.htm,IVA,Inventiva S.A.,20-F,2025-04-15,230,1.12,True,https://www.sec.gov/Archives/edgar/data/1756594/000110465925035122/iva-20241231x20f.htm,,0001104659-25-035122,https://www.sec.gov/Archives/edgar/data/1756594/000110465925035122/0001104659-25-035122.txt
0001756594,https://www.sec.gov/Archives/edgar/data/1756594/000110465925111403/tm2528355-6_424b5.htm,IVA,Inventiva S.A.,424B5,2025-11-13,18,,False,,,0001104659-25-111403,https://www.sec.gov/Archives/edgar/data/1756594/000110465925111403/0001104659-25-111403.txt
0001756594,https://www.sec.gov/Archives/edgar/data/1756594/000110465925110422/tm2528355-4_424b5.htm,IVA,Inventiva S.A.,424B5,2025-11-12,19,,False,,,0001104659-25-110422,https://www.sec.gov/Archives/edgar/data/1756594/000110465925110422/0001104659-25-110422.txt
0001756594,https://www.sec.gov/Archives/edgar/data/1756594/000117184325007640/f6k_112825.htm,IVA,Inventiva S.A.,6-K,2025-11-28,3,,False,,,0001171843-25-007640,https://www.sec.gov/Archives/edgar/data/1756594/000117184325007640/0001171843-25-007640.txt
0001756594,https://www.sec.gov/Archives/edgar/data/1756594/000117184325007502/f6k_112125.htm,IVA,Inventiva S.A.,6-K,2025-11-24,7,,False,,,0001171843-25-007502,https://www.sec.gov/Archives/edgar/data/1756594/000117184325007502/0001171843-25-007502.txt
0001756594,https://www.sec.gov/Archives/edgar/data/1756594/000117184325007356/f6k_111725.htm,IVA,Inventiva S.A.,6-K,2025-11-17,14,,False,,,0001171843-25-007356,https://www.sec.gov/Archives/edgar/data/1756594/000117184325007356/0001171843-25-007356.txt
0001756594,https://www.sec.gov/Archives/edgar/data/1756594/000110465925111442/tm2528355d8_6k.htm,IVA,Inventiva S.A.,6-K,2025-11-13,18,,False,,,0001104659-25-111442,https://www.sec.gov/Archives/edgar/data/1756594/000110465925111442/0001104659-25-111442.txt
0001756594,https://www.sec.gov/Archives/edgar/data/1756594/000110465925108473/tm2530500d1_6k.htm,IVA,Inventiva S.A.,6-K,2025-11-07,24,,False,,,0001104659-25-108473,https://www.sec.gov/Archives/edgar/data/1756594/000110465925108473/0001104659-25-108473.txt
0001481513,https://www.sec.gov/Archives/edgar/data/1481513/000141057825000970/jks-20241231x20f.htm,JKS,"JinkoSolar Holding Co., Ltd.",20-F,2025-04-29,216,,False,,,0001410578-25-000970,https://www.sec.gov/Archives/edgar/data/1481513/000141057825000970/0001410578-25-000970.txt
0001481513,https://www.sec.gov/Archives/edgar/data/1481513/000110465925113038/tm2531464d1_6k.htm,JKS,"JinkoSolar Holding Co., Ltd.",6-K,2025-11-17,14,,False,,,0001104659-25-113038,https://www.sec.gov/Archives/edgar/data/1481513/000110465925113038/0001104659-25-113038.txt
0001481513,https://www.sec.gov/Archives/edgar/data/1481513/000110465925104062/tm2529838d1_6k.htm,JKS,"JinkoSolar Holding Co., Ltd.",6-K,2025-10-30,32,,False,,,0001104659-25-104062,https://www.sec.gov/Archives/edgar/data/1481513/000110465925104062/0001104659-25-104062.txt
0001481513,https://www.sec.gov/Archives/edgar/data/1481513/000110465925091055/tm2526449d1_6k.htm,JKS,"JinkoSolar Holding Co., Ltd.",6-K,2025-09-18,74,,False,,,0001104659-25-091055,https://www.sec.gov/Archives/edgar/data/1481513/000110465925091055/0001104659-25-091055.txt
0001481513,https://www.sec.gov/Archives/edgar/data/1481513/000141057825002285/tm2525986d1_6k.htm,JKS,"JinkoSolar Holding Co., Ltd.",6-K,2025-09-12,80,,False,,,0001410578-25-002285,https://www.sec.gov/Archives/edgar/data/1481513/000141057825002285/0001410578-25-002285.txt
0001481513,https://www.sec.gov/Archives/edgar/data/1481513/000110465925083648/tm2524499d1_6k.htm,JKS,"JinkoSolar Holding Co., Ltd.",6-K,2025-08-27,96,,False,,,0001104659-25-083648,https://www.sec.gov/Archives/edgar/data/1481513/000110465925083648/0001104659-25-083648.txt
0001564180,https://www.sec.gov/Archives/edgar/data/1564180/000155837025003754/knop-20241231x20f.htm,KNOP,KNOT Offshore Partners LP,20-F,2025-03-27,249,,False,,,0001558370-25-003754,https://www.sec.gov/Archives/edgar/data/1564180/000155837025003754/0001558370-25-003754.txt
0001564180,https://www.sec.gov/Archives/edgar/data/1564180/000110465925110839/tm2530963d1_6k.htm,KNOP,KNOT Offshore Partners LP,6-K,2025-11-13,18,,False,,,0001104659-25-110839,https://www.sec.gov/Archives/edgar/data/1564180/000110465925110839/0001104659-25-110839.txt
0001564180,https://www.sec.gov/Archives/edgar/data/1564180/000110465925105158/knop-20251103x6k.htm,KNOP,KNOT Offshore Partners LP,6-K,2025-11-03,28,,False,,,0001104659-25-105158,https://www.sec.gov/Archives/edgar/data/1564180/000110465925105158/0001104659-25-105158.txt
0001564180,https://www.sec.gov/Archives/edgar/data/1564180/000110465925102370/knop-20251027x6k.htm,KNOP,KNOT Offshore Partners LP,6-K,2025-10-27,35,,False,,,0001104659-25-102370,https://www.sec.gov/Archives/edgar/data/1564180/000110465925102370/0001104659-25-102370.txt
0001564180,https://www.sec.gov/Archives/edgar/data/1564180/000110465925094189/knop-20250630x6k.htm,KNOP,KNOT Offshore Partners LP,6-K,2025-09-29,63,,False,,,0001104659-25-094189,https://www.sec.gov/Archives/edgar/data/1564180/000110465925094189/0001104659-25-094189.txt
0001564180,https://www.sec.gov/Archives/edgar/data/1564180/000110465925093354/knop-20250925x6k.htm,KNOP,KNOT Offshore Partners LP,6-K,2025-09-25,67,,False,,,0001104659-25-093354,https://www.sec.gov/Archives/edgar/data/1564180/000110465925093354/0001104659-25-093354.txt
0002073928,https://www.sec.gov/Archives/edgar/data/2073928/000121390025110004/ea0264984-10q_m3brigade6.htm,MBVI,M3-Brigade Acquisition VI Corp.,10-Q,2025-11-13,18,,False,,,0001213900-25-110004,https://www.sec.gov/Archives/edgar/data/2073928/000121390025110004/0001213900-25-110004.txt
0002073928,https://www.sec.gov/Archives/edgar/data/2073928/000121390025097450/ea0259631-10q_m3brigade6.htm,MBVI,M3-Brigade Acquisition VI Corp.,10-Q,2025-10-08,54,,False,,,0001213900-25-097450,https://www.sec.gov/Archives/edgar/data/2073928/000121390025097450/0001213900-25-097450.txt
0002073928,https://www.sec.gov/Archives/edgar/data/2073928/000095014225002280/es250671166_3-m36rattner.xml,MBVI,M3-Brigade Acquisition VI Corp.,3,2025-08-26,97,,False,,,0000950142-25-002280,https://www.sec.gov/Archives/edgar/data/2073928/000095014225002280/0000950142-25-002280.txt
0002073928,https://www.sec.gov/Archives/edgar/data/2073928/000095014225002279/es250671165_3-m36perkal.xml,MBVI,M3-Brigade Acquisition VI Corp.,3,2025-08-26,97,,False,,,0000950142-25-002279,https://www.sec.gov/Archives/edgar/data/2073928/000095014225002279/0000950142-25-002279.txt
0002073928,https://www.sec.gov/Archives/edgar/data/2073928/000095014225002278/es250671164_3-m36meghji.xml,MBVI,M3-Brigade Acquisition VI Corp.,3,2025-08-26,97,,False,,,0000950142-25-002278,https://www.sec.gov/Archives/edgar/data/2073928/000095014225002278/0000950142-25-002278.txt
0002073928,https://www.sec.gov/Archives/edgar/data/2073928/000095014225002277/es250671161_3-m36greenhaus.xml,MBVI,M3-Brigade Acquisition VI Corp.,3,2025-08-26,97,,False,,,0000950142-25-002277,https://www.sec.gov/Archives/edgar/data/2073928/000095014225002277/0000950142-25-002277.txt
0002073928,https://www.sec.gov/Archives/edgar/data/2073928/000095014225002276/es250671160_3-m36garner.xml,MBVI,M3-Brigade Acquisition VI Corp.,3,2025-08-26,97,,False,,,0000950142-25-002276,https://www.sec.gov/Archives/edgar/data/2073928/000095014225002276/0000950142-25-002276.txt
0002073928,https://www.sec.gov/Archives/edgar/data/2073928/000121390025081199/ea0247441-10.htm,MBVI,M3-Brigade Acquisition VI Corp.,424B4,2025-08-27,96,,False,,,0001213900-25-081199,https://www.sec.gov/Archives/edgar/data/2073928/000121390025081199/0001213900-25-081199.txt
0002073928,https://www.sec.gov/Archives/edgar/data/2073928/000095014225002818/eh250692721_8k.htm,MBVI,M3-Brigade Acquisition VI Corp.,8-K,2025-10-16,46,,False,,,0000950142-25-002818,https://www.sec.gov/Archives/edgar/data/2073928/000095014225002818/0000950142-25-002818.txt
0002073928,https://www.sec.gov/Archives/edgar/data/2073928/000121390025084538/ea0255547-8k_m3brigade6.htm,MBVI,M3-Brigade Acquisition VI Corp.,8-K,2025-09-04,88,,False,,,0001213900-25-084538,https://www.sec.gov/Archives/edgar/data/2073928/000121390025084538/0001213900-25-084538.txt
0002073928,https://www.sec.gov/Archives/edgar/data/2073928/000121390025083405/ea0255430-8k_m3brig6.htm,MBVI,M3-Brigade Acquisition VI Corp.,8-K,2025-09-02,90,,False,,,0001213900-25-083405,https://www.sec.gov/Archives/edgar/data/2073928/000121390025083405/0001213900-25-083405.txt
0000072573,https://www.sec.gov/Archives/edgar/data/72573/000095017025054522/mov-20250131.htm,MOV,MOVADO GROUP INC,10-K,2025-04-16,229,138.63,True,https://www.sec.gov/Archives/edgar/data/72573/000095017025054522/mov-20250131.htm,,0000950170-25-054522,https://www.sec.gov/Archives/edgar/data/72573/000095017025054522/0000950170-25-054522.txt
0000072573,https://www.sec.gov/Archives/edgar/data/72573/000119312525294766/mov-20251031.htm,MOV,MOVADO GROUP INC,10-Q,2025-11-25,6,,False,,,0001193125-25-294766,https://www.sec.gov/Archives/edgar/data/72573/000119312525294766/0001193125-25-294766.txt
0000072573,https://www.sec.gov/Archives/edgar/data/72573/000119312525190723/mov-20250731.htm,MOV,MOVADO GROUP INC,10-Q,2025-08-28,95,16.38,True,https://www.sec.gov/Archives/edgar/data/72573/000119312525190723/mov-20250731.htm,,0001193125-25-190723,https://www.sec.gov/Archives/edgar/data/72573/000119312525190723/0001193125-25-190723.txt
0000072573,https://www.sec.gov/Archives/edgar/data/72573/000095014225002653/es250685345_4-sussis.xml,MOV,MOVADO GROUP INC,4,2025-10-02,60,,False,,,0000950142-25-002653,https://www.sec.gov/Archives/edgar/data/72573/000095014225002653/0000950142-25-002653.txt
0000072573,https://www.sec.gov/Archives/edgar/data/72573/000095014225002652/es250685344_4-soltani.xml,MOV,MOVADO GROUP INC,4,2025-10-02,60,,False,,,0000950142-25-002652,https://www.sec.gov/Archives/edgar/data/72573/000095014225002652/0000950142-25-002652.txt
0000072573,https://www.sec.gov/Archives/edgar/data/72573/000095014225002651/es250685343_4-kennedy.xml,MOV,MOVADO GROUP INC,4,2025-10-02,60,,False,,,0000950142-25-002651,https://www.sec.gov/Archives/edgar/data/72573/000095014225002651/0000950142-25-002651.txt
0000072573,https://www.sec.gov/Archives/edgar/data/72573/000095014225002650/es250685340_4-grinberge.xml,MOV,MOVADO GROUP INC,4,2025-10-02,60,,False,,,0000950142-25-002650,https://www.sec.gov/Archives/edgar/data/72573/000095014225002650/0000950142-25-002650.txt
0000072573,https://www.sec.gov/Archives/edgar/data/72573/000095014225002649/es250685339_4-grinberga.xml,MOV,MOVADO GROUP INC,4,2025-10-02,60,,False,,,0000950142-25-002649,https://www.sec.gov/Archives/edgar/data/72573/000095014225002649/0000950142-25-002649.txt
0000072573,https://www.sec.gov/Archives/edgar/data/72573/000095014225002648/es250685338_4-feeney.xml,MOV,MOVADO GROUP INC,4,2025-10-02,60,,False,,,0000950142-25-002648,https://www.sec.gov/Archives/edgar/data/72573/000095014225002648/0000950142-25-002648.txt
0000072573,https://www.sec.gov/Archives/edgar/data/72573/000095014225002647/es250685337_4-demarsilis.xml,MOV,MOVADO GROUP INC,4,2025-10-02,60,,False,,,0000950142-25-002647,https://www.sec.gov/Archives/edgar/data/72573/000095014225002647/0000950142-25-002647.txt
0000072573,https://www.sec.gov/Archives/edgar/data/72573/000095014225001786/es250648795_4-demarsilis.xml,MOV,MOVADO GROUP INC,4,2025-07-01,153,,False,,,0000950142-25-001786,https://www.sec.gov/Archives/edgar/data/72573/000095014225001786/0000950142-25-001786.txt
0000072573,https://www.sec.gov/Archives/edgar/data/72573/000095014225001787/es250648796_4-feeney.xml,MOV,MOVADO GROUP INC,4,2025-07-01,153,,False,,,0000950142-25-001787,https://www.sec.gov/Archives/edgar/data/72573/000095014225001787/0000950142-25-001787.txt
0000072573,https://www.sec.gov/Archives/edgar/data/72573/000095014225001788/es250648797_4-grinberga.xml,MOV,MOVADO GROUP INC,4,2025-07-01,153,,False,,,0000950142-25-001788,https://www.sec.gov/Archives/edgar/data/72573/000095014225001788/0000950142-25-001788.txt
0000072573,https://www.sec.gov/Archives/edgar/data/72573/000095014225003060/eh250709295_8k.htm,MOV,MOVADO GROUP INC,8-K,2025-11-25,6,,False,,,0000950142-25-003060,https://www.sec.gov/Archives/edgar/data/72573/000095014225003060/0000950142-25-003060.txt
0000072573,https://www.sec.gov/Archives/edgar/data/72573/000095014225002299/eh250672037_8k.htm,MOV,MOVADO GROUP INC,8-K,2025-08-28,95,,False,,,0000950142-25-002299,https://www.sec.gov/Archives/edgar/data/72573/000095014225002299/0000950142-25-002299.txt
0000072573,https://www.sec.gov/Archives/edgar/data/72573/000095014225001659/eh250644960_8k.htm,MOV,MOVADO GROUP INC,8-K,2025-06-23,161,,False,,,0000950142-25-001659,https://www.sec.gov/Archives/edgar/data/72573/000095014225001659/0000950142-25-001659.txt
0000072573,https://www.sec.gov/Archives/edgar/data/72573/000095014225001488/eh250634214_8k.htm,MOV,MOVADO GROUP INC,8-K,2025-05-29,186,,False,,,0000950142-25-001488,https://www.sec.gov/Archives/edgar/data/72573/000095014225001488/0000950142-25-001488.txt
0000072573,https://www.sec.gov/Archives/edgar/data/72573/000095014225001084/eh250616699_8k.htm,MOV,MOVADO GROUP INC,8-K,2025-04-16,229,,False,,,0000950142-25-001084,https://www.sec.gov/Archives/edgar/data/72573/000095014225001084/0000950142-25-001084.txt
0000072573,https://www.sec.gov/Archives/edgar/data/72573/000095014225001035/eh250615018_8k.htm,MOV,MOVADO GROUP INC,8-K,2025-04-11,234,,False,,,0000950142-25-001035,https://www.sec.gov/Archives/edgar/data/72573/000095014225001035/0000950142-25-001035.txt
0000072573,https://www.sec.gov/Archives/edgar/data/72573/000095014224002890/eh240564665_8k.htm,MOV,MOVADO GROUP INC,8-K,2024-12-05,361,,False,,,0000950142-24-002890,https://www.sec.gov/Archives/edgar/data/72573/000095014224002890/0000950142-24-002890.txt
0000072573,https://www.sec.gov/Archives/edgar/data/72573/000095014224002790/eh240555997_8k.htm,MOV,MOVADO GROUP INC,8-K,2024-11-15,381,,False,,,0000950142-24-002790,https://www.sec.gov/Archives/edgar/data/72573/000095014224002790/0000950142-24-002790.txt
0001404644,https://www.sec.gov/Archives/edgar/data/1404644/000140464425000012/ngne-20241231.htm,NGNE,Neurogene Inc.,10-K,2025-03-24,252,1.93,True,https://www.sec.gov/Archives/edgar/data/1404644/000140464425000012/ngne-20241231.htm,,0001404644-25-000012,https://www.sec.gov/Archives/edgar/data/1404644/000140464425000012/0001404644-25-000012.txt
0001404644,https://www.sec.gov/Archives/edgar/data/1404644/000140464425000101/ngne-20250930.htm,NGNE,Neurogene Inc.,10-Q,2025-11-13,18,1.19,True,https://www.sec.gov/Archives/edgar/data/1404644/000140464425000101/ngne-20250930.htm,,0001404644-25-000101,https://www.sec.gov/Archives/edgar/data/1404644/000140464425000101/0001404644-25-000101.txt
0001404644,https://www.sec.gov/Archives/edgar/data/1404644/000140464425000081/ngne-20250630.htm,NGNE,Neurogene Inc.,10-Q,2025-08-11,112,1.46,True,https://www.sec.gov/Archives/edgar/data/1404644/000140464425000081/ngne-20250630.htm,,0001404644-25-000081,https://www.sec.gov/Archives/edgar/data/1404644/000140464425000081/0001404644-25-000081.txt
0001404644,https://www.sec.gov/Archives/edgar/data/1404644/000140464425000068/wk-form4_1749830856.xml,NGNE,Neurogene Inc.,4,2025-06-13,171,,False,,,0001404644-25-000068,https://www.sec.gov/Archives/edgar/data/1404644/000140464425000068/0001404644-25-000068.txt
0001404644,https://www.sec.gov/Archives/edgar/data/1404644/000140464425000067/wk-form4_1749830826.xml,NGNE,Neurogene Inc.,4,2025-06-13,171,,False,,,0001404644-25-000067,https://www.sec.gov/Archives/edgar/data/1404644/000140464425000067/0001404644-25-000067.txt
0001404644,https://www.sec.gov/Archives/edgar/data/1404644/000140464425000066/wk-form4_1749830797.xml,NGNE,Neurogene Inc.,4,2025-06-13,171,,False,,,0001404644-25-000066,https://www.sec.gov/Archives/edgar/data/1404644/000140464425000066/0001404644-25-000066.txt
0001404644,https://www.sec.gov/Archives/edgar/data/1404644/000140464425000065/wk-form4_1749830770.xml,NGNE,Neurogene Inc.,4,2025-06-13,171,,False,,,0001404644-25-000065,https://www.sec.gov/Archives/edgar/data/1404644/000140464425000065/0001404644-25-000065.txt
0001404644,https://www.sec.gov/Archives/edgar/data/1404644/000140464425000064/wk-form4_1749830742.xml,NGNE,Neurogene Inc.,4,2025-06-13,171,,False,,,0001404644-25-000064,https://www.sec.gov/Archives/edgar/data/1404644/000140464425000064/0001404644-25-000064.txt
0001404644,https://www.sec.gov/Archives/edgar/data/1404644/000140464425000046/wk-form4_1747341779.xml,NGNE,Neurogene Inc.,4,2025-05-15,200,,False,,,0001404644-25-000046,https://www.sec.gov/Archives/edgar/data/1404644/000140464425000046/0001404644-25-000046.txt
0001404644,https://www.sec.gov/Archives/edgar/data/1404644/000140464425000021/wk-form4_1743211701.xml,NGNE,Neurogene Inc.,4,2025-03-28,248,,False,,,0001404644-25-000021,https://www.sec.gov/Archives/edgar/data/1404644/000140464425000021/0001404644-25-000021.txt
0001404644,https://www.sec.gov/Archives/edgar/data/1404644/000140464425000020/wk-form4_1743211653.xml,NGNE,Neurogene Inc.,4,2025-03-28,248,,False,,,0001404644-25-000020,https://www.sec.gov/Archives/edgar/data/1404644/000140464425000020/0001404644-25-000020.txt
0001404644,https://www.sec.gov/Archives/edgar/data/1404644/000162828025015981/neurogene-424b.htm,NGNE,Neurogene Inc.,424B3,2025-04-01,244,,False,,,0001628280-25-015981,https://www.sec.gov/Archives/edgar/data/1404644/000162828025015981/0001628280-25-015981.txt
0001404644,https://www.sec.gov/Archives/edgar/data/1404644/000162828024051855/neurogene-424b3.htm,NGNE,Neurogene Inc.,424B3,2024-12-18,348,,False,,,0001628280-24-051855,https://www.sec.gov/Archives/edgar/data/1404644/000162828024051855/0001628280-24-051855.txt
0001404644,https://www.sec.gov/Archives/edgar/data/1404644/000162828025039623/ngne-2025atmprospectussupp.htm,NGNE,Neurogene Inc.,424B5,2025-08-11,112,,False,,,0001628280-25-039623,https://www.sec.gov/Archives/edgar/data/1404644/000162828025039623/0001628280-25-039623.txt
0001404644,https://www.sec.gov/Archives/edgar/data/1404644/000140464425000103/ngne-20251113.htm,NGNE,Neurogene Inc.,8-K,2025-11-13,18,,False,,,0001404644-25-000103,https://www.sec.gov/Archives/edgar/data/1404644/000140464425000103/0001404644-25-000103.txt
0001404644,https://www.sec.gov/Archives/edgar/data/1404644/000140464425000098/ngne-20251112.htm,NGNE,Neurogene Inc.,8-K,2025-11-12,19,,False,,,0001404644-25-000098,https://www.sec.gov/Archives/edgar/data/1404644/000140464425000098/0001404644-25-000098.txt
0001404644,https://www.sec.gov/Archives/edgar/data/1404644/000140464425000091/ngne-20251106.htm,NGNE,Neurogene Inc.,8-K,2025-11-06,25,,False,,,0001404644-25-000091,https://www.sec.gov/Archives/edgar/data/1404644/000140464425000091/0001404644-25-000091.txt
0001404644,https://www.sec.gov/Archives/edgar/data/1404644/000140464425000088/ngne-20251009.htm,NGNE,Neurogene Inc.,8-K,2025-10-09,53,,False,,,0001404644-25-000088,https://www.sec.gov/Archives/edgar/data/1404644/000140464425000088/0001404644-25-000088.txt
0001404644,https://www.sec.gov/Archives/edgar/data/1404644/000140464425000082/ngne-20250811.htm,NGNE,Neurogene Inc.,8-K,2025-08-11,112,,False,,,0001404644-25-000082,https://www.sec.gov/Archives/edgar/data/1404644/000140464425000082/0001404644-25-000082.txt
0001404644,https://www.sec.gov/Archives/edgar/data/1404644/000140464425000070/ngne-20250630.htm,NGNE,Neurogene Inc.,8-K,2025-06-30,154,,False,,,0001404644-25-000070,https://www.sec.gov/Archives/edgar/data/1404644/000140464425000070/0001404644-25-000070.txt
0001404644,https://www.sec.gov/Archives/edgar/data/1404644/000140464425000053/ngne-20250612.htm,NGNE,Neurogene Inc.,8-K,2025-06-12,172,,False,,,0001404644-25-000053,https://www.sec.gov/Archives/edgar/data/1404644/000140464425000053/0001404644-25-000053.txt
0001404644,https://www.sec.gov/Archives/edgar/data/1404644/000140464425000049/ngne-20250609.htm,NGNE,Neurogene Inc.,8-K,2025-06-09,175,,False,,,0001404644-25-000049,https://www.sec.gov/Archives/edgar/data/1404644/000140464425000049/0001404644-25-000049.txt
0001404644,https://www.sec.gov/Archives/edgar/data/1404644/000140464425000044/ngne-20250509.htm,NGNE,Neurogene Inc.,8-K,2025-05-09,206,,False,,,0001404644-25-000044,https://www.sec.gov/Archives/edgar/data/1404644/000140464425000044/0001404644-25-000044.txt
0001404644,https://www.sec.gov/Archives/edgar/data/1404644/000140464425000029/ngne-20250414.htm,NGNE,Neurogene Inc.,8-K,2025-04-14,231,,False,,,0001404644-25-000029,https://www.sec.gov/Archives/edgar/data/1404644/000140464425000029/0001404644-25-000029.txt
0001404644,https://www.sec.gov/Archives/edgar/data/1404644/000162828025014521/neurogene-sx3shelf.htm,NGNE,Neurogene Inc.,S-3,2025-03-24,252,,False,,,0001628280-25-014521,https://www.sec.gov/Archives/edgar/data/1404644/000162828025014521/0001628280-25-014521.txt
0001404644,https://www.sec.gov/Archives/edgar/data/1404644/000162828025014508/neurogene-sx8.htm,NGNE,Neurogene Inc.,S-8,2025-03-24,252,,False,,,0001628280-25-014508,https://www.sec.gov/Archives/edgar/data/1404644/000162828025014508/0001628280-25-014508.txt
0001499543,https://www.sec.gov/Archives/edgar/data/1499543/000141057825000852/noah-20241231x20f.htm,NOAH,NOAH HOLDINGS LTD,20-F,2025-04-24,221,,False,,,0001410578-25-000852,https://www.sec.gov/Archives/edgar/data/1499543/000141057825000852/0001410578-25-000852.txt
0001499543,https://www.sec.gov/Archives/edgar/data/1499543/000110465925116023/tm2532162d1_6k.htm,NOAH,NOAH HOLDINGS LTD,6-K,2025-11-25,6,,False,,,0001104659-25-116023,https://www.sec.gov/Archives/edgar/data/1499543/000110465925116023/0001104659-25-116023.txt
0001499543,https://www.sec.gov/Archives/edgar/data/1499543/000110465925115590/tm2532142d1_6k.htm,NOAH,NOAH HOLDINGS LTD,6-K,2025-11-25,6,,False,,,0001104659-25-115590,https://www.sec.gov/Archives/edgar/data/1499543/000110465925115590/0001104659-25-115590.txt
0001499543,https://www.sec.gov/Archives/edgar/data/1499543/000110465925111717/tm2531162d1_6k.htm,NOAH,NOAH HOLDINGS LTD,6-K,2025-11-14,17,,False,,,0001104659-25-111717,https://www.sec.gov/Archives/edgar/data/1499543/000110465925111717/0001104659-25-111717.txt
0001499543,https://www.sec.gov/Archives/edgar/data/1499543/000110465925108035/tm2530454d1_6k.htm,NOAH,NOAH HOLDINGS LTD,6-K,2025-11-07,24,,False,,,0001104659-25-108035,https://www.sec.gov/Archives/edgar/data/1499543/000110465925108035/0001104659-25-108035.txt
0001499543,https://www.sec.gov/Archives/edgar/data/1499543/000110465925098052/tm2528386d1_6k.htm,NOAH,NOAH HOLDINGS LTD,6-K,2025-10-09,53,,False,,,0001104659-25-098052,https://www.sec.gov/Archives/edgar/data/1499543/000110465925098052/0001104659-25-098052.txt
0002048948,https://www.sec.gov/Archives/edgar/data/2048948/000121390025110828/ea0264907-10q_newpro3.htm,NPAC,New Providence Acquisition Corp. III/Cayman,10-Q,2025-11-14,17,1.75,True,https://www.sec.gov/Archives/edgar/data/2048948/000121390025110828/ea0264907-10q_newpro3.htm,,0001213900-25-110828,https://www.sec.gov/Archives/edgar/data/2048948/000121390025110828/0001213900-25-110828.txt
0002048948,https://www.sec.gov/Archives/edgar/data/2048948/000121390025076666/ea0252540-10q_newpro3.htm,NPAC,New Providence Acquisition Corp. III/Cayman,10-Q,2025-08-14,109,3.06,True,https://www.sec.gov/Archives/edgar/data/2048948/000121390025076666/ea0252540-10q_newpro3.htm,,0001213900-25-076666,https://www.sec.gov/Archives/edgar/data/2048948/000121390025076666/0001213900-25-076666.txt
0002048948,https://www.sec.gov/Archives/edgar/data/2048948/000121390025052264/ea0243906-10q_newpro3.htm,NPAC,New Providence Acquisition Corp. III/Cayman,10-Q,2025-06-09,175,,False,,,0001213900-25-052264,https://www.sec.gov/Archives/edgar/data/2048948/000121390025052264/0001213900-25-052264.txt
0002048948,https://www.sec.gov/Archives/edgar/data/2048948/000121390025034743/ownership.xml,NPAC,New Providence Acquisition Corp. III/Cayman,3,2025-04-23,222,,False,,,0001213900-25-034743,https://www.sec.gov/Archives/edgar/data/2048948/000121390025034743/0001213900-25-034743.txt
0002048948,https://www.sec.gov/Archives/edgar/data/2048948/000121390025034742/ownership.xml,NPAC,New Providence Acquisition Corp. III/Cayman,3,2025-04-23,222,,False,,,0001213900-25-034742,https://www.sec.gov/Archives/edgar/data/2048948/000121390025034742/0001213900-25-034742.txt
0002048948,https://www.sec.gov/Archives/edgar/data/2048948/000121390025034741/ownership.xml,NPAC,New Providence Acquisition Corp. III/Cayman,3,2025-04-23,222,,False,,,0001213900-25-034741,https://www.sec.gov/Archives/edgar/data/2048948/000121390025034741/0001213900-25-034741.txt
0002048948,https://www.sec.gov/Archives/edgar/data/2048948/000121390025034740/ownership.xml,NPAC,New Providence Acquisition Corp. III/Cayman,3,2025-04-23,222,,False,,,0001213900-25-034740,https://www.sec.gov/Archives/edgar/data/2048948/000121390025034740/0001213900-25-034740.txt
0002048948,https://www.sec.gov/Archives/edgar/data/2048948/000121390025034739/ownership.xml,NPAC,New Providence Acquisition Corp. III/Cayman,3,2025-04-23,222,,False,,,0001213900-25-034739,https://www.sec.gov/Archives/edgar/data/2048948/000121390025034739/0001213900-25-034739.txt
0002048948,https://www.sec.gov/Archives/edgar/data/2048948/000121390025035744/ownership.xml,NPAC,New Providence Acquisition Corp. III/Cayman,4,2025-04-28,217,,False,,,0001213900-25-035744,https://www.sec.gov/Archives/edgar/data/2048948/000121390025035744/0001213900-25-035744.txt
0002048948,https://www.sec.gov/Archives/edgar/data/2048948/000121390025035003/ea0228963-08.htm,NPAC,New Providence Acquisition Corp. III/Cayman,424B3,2025-04-24,221,,False,,,0001213900-25-035003,https://www.sec.gov/Archives/edgar/data/2048948/000121390025035003/0001213900-25-035003.txt
0002048948,https://www.sec.gov/Archives/edgar/data/2048948/000121390025053893/ea0245277-8k_newpro3.htm,NPAC,New Providence Acquisition Corp. III/Cayman,8-K,2025-06-12,172,,False,,,0001213900-25-053893,https://www.sec.gov/Archives/edgar/data/2048948/000121390025053893/0001213900-25-053893.txt
0002048948,https://www.sec.gov/Archives/edgar/data/2048948/000121390025038566/ea0240290-8k_newpro3.htm,NPAC,New Providence Acquisition Corp. III/Cayman,8-K,2025-05-01,214,,False,,,0001213900-25-038566,https://www.sec.gov/Archives/edgar/data/2048948/000121390025038566/0001213900-25-038566.txt
0002048948,https://www.sec.gov/Archives/edgar/data/2048948/000121390025035680/ea0239499-8k_newpro3.htm,NPAC,New Providence Acquisition Corp. III/Cayman,8-K,2025-04-25,220,,False,,,0001213900-25-035680,https://www.sec.gov/Archives/edgar/data/2048948/000121390025035680/0001213900-25-035680.txt
0001336706,https://www.sec.gov/Archives/edgar/data/1336706/000162828025015483/npb-20241231.htm,NPB,NORTHPOINTE BANCSHARES INC,10-K,2025-03-28,248,,False,,,0001628280-25-015483,https://www.sec.gov/Archives/edgar/data/1336706/000162828025015483/0001628280-25-015483.txt
0001336706,https://www.sec.gov/Archives/edgar/data/1336706/000133670625000008/npb-20250930.htm,NPB,NORTHPOINTE BANCSHARES INC,10-Q,2025-11-12,19,,False,,,0001336706-25-000008,https://www.sec.gov/Archives/edgar/data/1336706/000133670625000008/0001336706-25-000008.txt
0001336706,https://www.sec.gov/Archives/edgar/data/1336706/000133670625000004/npb-20250630.htm,NPB,NORTHPOINTE BANCSHARES INC,10-Q,2025-08-13,110,23.25,True,https://www.sec.gov/Archives/edgar/data/1336706/000133670625000004/npb-20250630.htm,,0001336706-25-000004,https://www.sec.gov/Archives/edgar/data/1336706/000133670625000004/0001336706-25-000004.txt
0001336706,https://www.sec.gov/Archives/edgar/data/1336706/000110465925103751/tm2529680-3_3seq1.xml,NPB,NORTHPOINTE BANCSHARES INC,3,2025-10-29,33,,False,,,0001104659-25-103751,https://www.sec.gov/Archives/edgar/data/1336706/000110465925103751/0001104659-25-103751.txt
0001336706,https://www.sec.gov/Archives/edgar/data/1336706/000110465925103749/tm2529680-2_3seq1.xml,NPB,NORTHPOINTE BANCSHARES INC,3,2025-10-29,33,,False,,,0001104659-25-103749,https://www.sec.gov/Archives/edgar/data/1336706/000110465925103749/0001104659-25-103749.txt
0001336706,https://www.sec.gov/Archives/edgar/data/1336706/000110465925103747/tm2529680-1_3seq1.xml,NPB,NORTHPOINTE BANCSHARES INC,3,2025-10-29,33,,False,,,0001104659-25-103747,https://www.sec.gov/Archives/edgar/data/1336706/000110465925103747/0001104659-25-103747.txt
0001336706,https://www.sec.gov/Archives/edgar/data/1336706/000110465925115551/tm2532110-1_4seq1.xml,NPB,NORTHPOINTE BANCSHARES INC,4,2025-11-24,7,,False,,,0001104659-25-115551,https://www.sec.gov/Archives/edgar/data/1336706/000110465925115551/0001104659-25-115551.txt
0001336706,https://www.sec.gov/Archives/edgar/data/1336706/000110465925103765/tm2529680-4_4seq1.xml,NPB,NORTHPOINTE BANCSHARES INC,4,2025-10-29,33,,False,,,0001104659-25-103765,https://www.sec.gov/Archives/edgar/data/1336706/000110465925103765/0001104659-25-103765.txt
0001336706,https://www.sec.gov/Archives/edgar/data/1336706/000110465925091622/tm2526562-1_4seq1.xml,NPB,NORTHPOINTE BANCSHARES INC,4,2025-09-19,73,,False,,,0001104659-25-091622,https://www.sec.gov/Archives/edgar/data/1336706/000110465925091622/0001104659-25-091622.txt
0001336706,https://www.sec.gov/Archives/edgar/data/1336706/000110465925064100/tm2519387d4_4seq1.xml,NPB,NORTHPOINTE BANCSHARES INC,4,2025-06-30,154,,False,,,0001104659-25-064100,https://www.sec.gov/Archives/edgar/data/1336706/000110465925064100/0001104659-25-064100.txt
0001336706,https://www.sec.gov/Archives/edgar/data/1336706/000110465925064099/tm2519387-3_4seq1.xml,NPB,NORTHPOINTE BANCSHARES INC,4,2025-06-30,154,,False,,,0001104659-25-064099,https://www.sec.gov/Archives/edgar/data/1336706/000110465925064099/0001104659-25-064099.txt
0001336706,https://www.sec.gov/Archives/edgar/data/1336706/000110465925064097/tm2519387-2_4seq1.xml,NPB,NORTHPOINTE BANCSHARES INC,4,2025-06-30,154,,False,,,0001104659-25-064097,https://www.sec.gov/Archives/edgar/data/1336706/000110465925064097/0001104659-25-064097.txt
0001336706,https://www.sec.gov/Archives/edgar/data/1336706/000110465925064096/tm2519387-1_4seq1.xml,NPB,NORTHPOINTE BANCSHARES INC,4,2025-06-30,154,,False,,,0001104659-25-064096,https://www.sec.gov/Archives/edgar/data/1336706/000110465925064096/0001104659-25-064096.txt
0001336706,https://www.sec.gov/Archives/edgar/data/1336706/000110465925014328/tm2430447-12_424b4.htm,NPB,NORTHPOINTE BANCSHARES INC,424B4,2025-02-14,290,,False,,,0001104659-25-014328,https://www.sec.gov/Archives/edgar/data/1336706/000110465925014328/0001104659-25-014328.txt
0001336706,https://www.sec.gov/Archives/edgar/data/1336706/000133670625000006/npb-20251021.htm,NPB,NORTHPOINTE BANCSHARES INC,8-K,2025-10-21,41,,False,,,0001336706-25-000006,https://www.sec.gov/Archives/edgar/data/1336706/000133670625000006/0001336706-25-000006.txt
0001336706,https://www.sec.gov/Archives/edgar/data/1336706/000162828025039628/npb-20250811.htm,NPB,NORTHPOINTE BANCSHARES INC,8-K,2025-08-11,112,,False,,,0001628280-25-039628,https://www.sec.gov/Archives/edgar/data/1336706/000162828025039628/0001628280-25-039628.txt
0001336706,https://www.sec.gov/Archives/edgar/data/1336706/000162828025035949/npb-20250723.htm,NPB,NORTHPOINTE BANCSHARES INC,8-K,2025-07-24,130,,False,,,0001628280-25-035949,https://www.sec.gov/Archives/edgar/data/1336706/000162828025035949/0001628280-25-035949.txt
0001336706,https://www.sec.gov/Archives/edgar/data/1336706/000162828025035578/npb-20250722.htm,NPB,NORTHPOINTE BANCSHARES INC,8-K,2025-07-22,132,,False,,,0001628280-25-035578,https://www.sec.gov/Archives/edgar/data/1336706/000162828025035578/0001628280-25-035578.txt
0001336706,https://www.sec.gov/Archives/edgar/data/1336706/000110465925064656/tm2519615d1_8k.htm,NPB,NORTHPOINTE BANCSHARES INC,8-K,2025-07-01,153,,False,,,0001104659-25-064656,https://www.sec.gov/Archives/edgar/data/1336706/000110465925064656/0001104659-25-064656.txt
0001336706,https://www.sec.gov/Archives/edgar/data/1336706/000162828025032630/npb-20250328.htm,NPB,NORTHPOINTE BANCSHARES INC,8-K,2025-06-23,161,,False,,,0001628280-25-032630,https://www.sec.gov/Archives/edgar/data/1336706/000162828025032630/0001628280-25-032630.txt
0001336706,https://www.sec.gov/Archives/edgar/data/1336706/000162828025027283/npb-20250516.htm,NPB,NORTHPOINTE BANCSHARES INC,8-K,2025-05-22,193,,False,,,0001628280-25-027283,https://www.sec.gov/Archives/edgar/data/1336706/000162828025027283/0001628280-25-027283.txt
0001336706,https://www.sec.gov/Archives/edgar/data/1336706/000162828025025922/npb-20250515.htm,NPB,NORTHPOINTE BANCSHARES INC,8-K,2025-05-15,200,,False,,,0001628280-25-025922,https://www.sec.gov/Archives/edgar/data/1336706/000162828025025922/0001628280-25-025922.txt
0001336706,https://www.sec.gov/Archives/edgar/data/1336706/000162828025018893/npb-20250422.htm,NPB,NORTHPOINTE BANCSHARES INC,8-K,2025-04-22,223,,False,,,0001628280-25-018893,https://www.sec.gov/Archives/edgar/data/1336706/000162828025018893/0001628280-25-018893.txt
0001336706,https://www.sec.gov/Archives/edgar/data/1336706/000162828025017013/npb-20250408.htm,NPB,NORTHPOINTE BANCSHARES INC,8-K,2025-04-08,237,,False,,,0001628280-25-017013,https://www.sec.gov/Archives/edgar/data/1336706/000162828025017013/0001628280-25-017013.txt
0001336706,https://www.sec.gov/Archives/edgar/data/1336706/000110465925014747/tm256850d1_s8.htm,NPB,NORTHPOINTE BANCSHARES INC,S-8,2025-02-18,286,,False,,,0001104659-25-014747,https://www.sec.gov/Archives/edgar/data/1336706/000110465925014747/0001104659-25-014747.txt
0001786248,https://www.sec.gov/Archives/edgar/data/1786248/000178624825000004/nref-20241231.htm,NREF,"NexPoint Real Estate Finance, Inc.",10-K,2025-03-27,249,,False,,,0001786248-25-000004,https://www.sec.gov/Archives/edgar/data/1786248/000178624825000004/0001786248-25-000004.txt
0001786248,https://www.sec.gov/Archives/edgar/data/1786248/000162828025052000/nref-20250930.htm,NREF,"NexPoint Real Estate Finance, Inc.",10-Q,2025-11-13,18,,False,,,0001628280-25-052000,https://www.sec.gov/Archives/edgar/data/1786248/000162828025052000/0001628280-25-052000.txt
0001786248,https://www.sec.gov/Archives/edgar/data/1786248/000178624825000016/nref-20250630.htm,NREF,"NexPoint Real Estate Finance, Inc.",10-Q,2025-08-07,116,,False,,,0001786248-25-000016,https://www.sec.gov/Archives/edgar/data/1786248/000178624825000016/0001786248-25-000016.txt
0001786248,https://www.sec.gov/Archives/edgar/data/1786248/000143774925029836/rdgdoc.xml,NREF,"NexPoint Real Estate Finance, Inc.",4,2025-09-24,68,,False,,,0001437749-25-029836,https://www.sec.gov/Archives/edgar/data/1786248/000143774925029836/0001437749-25-029836.txt
0001786248,https://www.sec.gov/Archives/edgar/data/1786248/000143774925011687/rdgdoc.xml,NREF,"NexPoint Real Estate Finance, Inc.",4,2025-04-10,235,,False,,,0001437749-25-011687,https://www.sec.gov/Archives/edgar/data/1786248/000143774925011687/0001437749-25-011687.txt
0001786248,https://www.sec.gov/Archives/edgar/data/1786248/000143774925011267/rdgdoc.xml,NREF,"NexPoint Real Estate Finance, Inc.",4,2025-04-07,238,,False,,,0001437749-25-011267,https://www.sec.gov/Archives/edgar/data/1786248/000143774925011267/0001437749-25-011267.txt
0001786248,https://www.sec.gov/Archives/edgar/data/1786248/000143774925011264/rdgdoc.xml,NREF,"NexPoint Real Estate Finance, Inc.",4,2025-04-07,238,,False,,,0001437749-25-011264,https://www.sec.gov/Archives/edgar/data/1786248/000143774925011264/0001437749-25-011264.txt
0001786248,https://www.sec.gov/Archives/edgar/data/1786248/000143774925011265/rdgdoc.xml,NREF,"NexPoint Real Estate Finance, Inc.",4,2025-04-07,238,,False,,,0001437749-25-011265,https://www.sec.gov/Archives/edgar/data/1786248/000143774925011265/0001437749-25-011265.txt
0001786248,https://www.sec.gov/Archives/edgar/data/1786248/000143774925011266/rdgdoc.xml,NREF,"NexPoint Real Estate Finance, Inc.",4,2025-04-07,238,,False,,,0001437749-25-011266,https://www.sec.gov/Archives/edgar/data/1786248/000143774925011266/0001437749-25-011266.txt
0001786248,https://www.sec.gov/Archives/edgar/data/1786248/000143774925011263/rdgdoc.xml,NREF,"NexPoint Real Estate Finance, Inc.",4,2025-04-07,238,,False,,,0001437749-25-011263,https://www.sec.gov/Archives/edgar/data/1786248/000143774925011263/0001437749-25-011263.txt
0001786248,https://www.sec.gov/Archives/edgar/data/1786248/000143774925011268/rdgdoc.xml,NREF,"NexPoint Real Estate Finance, Inc.",4,2025-04-07,238,,False,,,0001437749-25-011268,https://www.sec.gov/Archives/edgar/data/1786248/000143774925011268/0001437749-25-011268.txt
0001786248,https://www.sec.gov/Archives/edgar/data/1786248/000143774925033056/nref20251101_424b5.htm,NREF,"NexPoint Real Estate Finance, Inc.",424B5,2025-11-04,27,,False,,,0001437749-25-033056,https://www.sec.gov/Archives/edgar/data/1786248/000143774925033056/0001437749-25-033056.txt
0001786248,https://www.sec.gov/Archives/edgar/data/1786248/000143774925030192/nref20250930_424b5.htm,NREF,"NexPoint Real Estate Finance, Inc.",424B5,2025-10-01,61,,False,,,0001437749-25-030192,https://www.sec.gov/Archives/edgar/data/1786248/000143774925030192/0001437749-25-030192.txt
0001786248,https://www.sec.gov/Archives/edgar/data/1786248/000143774925007771/nref20250314_424b5.htm,NREF,"NexPoint Real Estate Finance, Inc.",424B5,2025-03-14,262,,False,,,0001437749-25-007771,https://www.sec.gov/Archives/edgar/data/1786248/000143774925007771/0001437749-25-007771.txt
0001786248,https://www.sec.gov/Archives/edgar/data/1786248/000143774925007770/nref20250314c_424b5.htm,NREF,"NexPoint Real Estate Finance, Inc.",424B5,2025-03-14,262,,False,,,0001437749-25-007770,https://www.sec.gov/Archives/edgar/data/1786248/000143774925007770/0001437749-25-007770.txt
0001786248,https://www.sec.gov/Archives/edgar/data/1786248/000143774925033072/nref20251101_8k.htm,NREF,"NexPoint Real Estate Finance, Inc.",8-K,2025-11-04,27,,False,,,0001437749-25-033072,https://www.sec.gov/Archives/edgar/data/1786248/000143774925033072/0001437749-25-033072.txt
0001786248,https://www.sec.gov/Archives/edgar/data/1786248/000143774925032287/nref20251030_8k.htm,NREF,"NexPoint Real Estate Finance, Inc.",8-K,2025-10-30,32,,False,,,0001437749-25-032287,https://www.sec.gov/Archives/edgar/data/1786248/000143774925032287/0001437749-25-032287.txt
0001786248,https://www.sec.gov/Archives/edgar/data/1786248/000143774925030861/nref20251010_8k.htm,NREF,"NexPoint Real Estate Finance, Inc.",8-K,2025-10-10,52,,False,,,0001437749-25-030861,https://www.sec.gov/Archives/edgar/data/1786248/000143774925030861/0001437749-25-030861.txt
0001786248,https://www.sec.gov/Archives/edgar/data/1786248/000143774925030194/nref20250930_8k.htm,NREF,"NexPoint Real Estate Finance, Inc.",8-K,2025-10-01,61,,False,,,0001437749-25-030194,https://www.sec.gov/Archives/edgar/data/1786248/000143774925030194/0001437749-25-030194.txt
0001786248,https://www.sec.gov/Archives/edgar/data/1786248/000143774925027863/nref20250827_8k.htm,NREF,"NexPoint Real Estate Finance, Inc.",8-K,2025-08-27,96,,False,,,0001437749-25-027863,https://www.sec.gov/Archives/edgar/data/1786248/000143774925027863/0001437749-25-027863.txt
0001786248,https://www.sec.gov/Archives/edgar/data/1786248/000143774925024038/nref20250731_8k.htm,NREF,"NexPoint Real Estate Finance, Inc.",8-K,2025-07-31,123,,False,,,0001437749-25-024038,https://www.sec.gov/Archives/edgar/data/1786248/000143774925024038/0001437749-25-024038.txt
0001786248,https://www.sec.gov/Archives/edgar/data/1786248/000143774925023653/nref20250727_8k.htm,NREF,"NexPoint Real Estate Finance, Inc.",8-K,2025-07-28,126,,False,,,0001437749-25-023653,https://www.sec.gov/Archives/edgar/data/1786248/000143774925023653/0001437749-25-023653.txt
0001786248,https://www.sec.gov/Archives/edgar/data/1786248/000143774925017824/nref20250520_8k.htm,NREF,"NexPoint Real Estate Finance, Inc.",8-K,2025-05-20,195,,False,,,0001437749-25-017824,https://www.sec.gov/Archives/edgar/data/1786248/000143774925017824/0001437749-25-017824.txt
0001786248,https://www.sec.gov/Archives/edgar/data/1786248/000143774925013974/nref20250501_8k.htm,NREF,"NexPoint Real Estate Finance, Inc.",8-K,2025-05-01,214,,False,,,0001437749-25-013974,https://www.sec.gov/Archives/edgar/data/1786248/000143774925013974/0001437749-25-013974.txt
0001786248,https://www.sec.gov/Archives/edgar/data/1786248/000143774925009866/nref20250328_8k.htm,NREF,"NexPoint Real Estate Finance, Inc.",8-K,2025-03-28,248,,False,,,0001437749-25-009866,https://www.sec.gov/Archives/edgar/data/1786248/000143774925009866/0001437749-25-009866.txt
0001499422,https://www.sec.gov/Archives/edgar/data/1499422/000143774925008002/rbb20241231_10k.htm,RBB,RBB Bancorp,10-K,2025-03-17,259,,False,,,0001437749-25-008002,https://www.sec.gov/Archives/edgar/data/1499422/000143774925008002/0001437749-25-008002.txt
0001499422,https://www.sec.gov/Archives/edgar/data/1499422/000143774925033871/rbb20250930_10q.htm,RBB,RBB Bancorp,10-Q,2025-11-07,24,,False,,,0001437749-25-033871,https://www.sec.gov/Archives/edgar/data/1499422/000143774925033871/0001437749-25-033871.txt
0001499422,https://www.sec.gov/Archives/edgar/data/1499422/000143774925025734/rbb20250630_10q.htm,RBB,RBB Bancorp,10-Q,2025-08-08,115,,False,,,0001437749-25-025734,https://www.sec.gov/Archives/edgar/data/1499422/000143774925025734/0001437749-25-025734.txt
0001499422,https://www.sec.gov/Archives/edgar/data/1499422/000143774925027532/rdgdoc.xml,RBB,RBB Bancorp,4,2025-08-21,102,,False,,,0001437749-25-027532,https://www.sec.gov/Archives/edgar/data/1499422/000143774925027532/0001437749-25-027532.txt
0001499422,https://www.sec.gov/Archives/edgar/data/1499422/000143774925023261/rdgdoc.xml,RBB,RBB Bancorp,4,2025-07-22,132,,False,,,0001437749-25-023261,https://www.sec.gov/Archives/edgar/data/1499422/000143774925023261/0001437749-25-023261.txt
0001499422,https://www.sec.gov/Archives/edgar/data/1499422/000143774925019745/rdgdoc.xml,RBB,RBB Bancorp,4,2025-06-06,178,,False,,,0001437749-25-019745,https://www.sec.gov/Archives/edgar/data/1499422/000143774925019745/0001437749-25-019745.txt
0001499422,https://www.sec.gov/Archives/edgar/data/1499422/000143774925018210/rdgdoc.xml,RBB,RBB Bancorp,4,2025-05-22,193,,False,,,0001437749-25-018210,https://www.sec.gov/Archives/edgar/data/1499422/000143774925018210/0001437749-25-018210.txt
0001499422,https://www.sec.gov/Archives/edgar/data/1499422/000143774925019358/rdgdoc.xml,RBB,RBB Bancorp,4/A,2025-06-03,181,,False,,,0001437749-25-019358,https://www.sec.gov/Archives/edgar/data/1499422/000143774925019358/0001437749-25-019358.txt
0001499422,https://www.sec.gov/Archives/edgar/data/1499422/000143774925019357/rdgdoc.xml,RBB,RBB Bancorp,4/A,2025-06-03,181,,False,,,0001437749-25-019357,https://www.sec.gov/Archives/edgar/data/1499422/000143774925019357/0001437749-25-019357.txt
0001499422,https://www.sec.gov/Archives/edgar/data/1499422/000143774925019356/rdgdoc.xml,RBB,RBB Bancorp,4/A,2025-06-03,181,,False,,,0001437749-25-019356,https://www.sec.gov/Archives/edgar/data/1499422/000143774925019356/0001437749-25-019356.txt
0001499422,https://www.sec.gov/Archives/edgar/data/1499422/000143774925019355/rdgdoc.xml,RBB,RBB Bancorp,4/A,2025-06-03,181,,False,,,0001437749-25-019355,https://www.sec.gov/Archives/edgar/data/1499422/000143774925019355/0001437749-25-019355.txt
0001499422,https://www.sec.gov/Archives/edgar/data/1499422/000143774925019354/rdgdoc.xml,RBB,RBB Bancorp,4/A,2025-06-03,181,,False,,,0001437749-25-019354,https://www.sec.gov/Archives/edgar/data/1499422/000143774925019354/0001437749-25-019354.txt
0001499422,https://www.sec.gov/Archives/edgar/data/1499422/000143774925019353/rdgdoc.xml,RBB,RBB Bancorp,4/A,2025-06-03,181,,False,,,0001437749-25-019353,https://www.sec.gov/Archives/edgar/data/1499422/000143774925019353/0001437749-25-019353.txt
0001499422,https://www.sec.gov/Archives/edgar/data/1499422/000143774925031363/rbb20250912_8k.htm,RBB,RBB Bancorp,8-K,2025-10-21,41,,False,,,0001437749-25-031363,https://www.sec.gov/Archives/edgar/data/1499422/000143774925031363/0001437749-25-031363.txt
0001499422,https://www.sec.gov/Archives/edgar/data/1499422/000143774925023134/rbb20250519_8k.htm,RBB,RBB Bancorp,8-K,2025-07-22,132,,False,,,0001437749-25-023134,https://www.sec.gov/Archives/edgar/data/1499422/000143774925023134/0001437749-25-023134.txt
0001499422,https://www.sec.gov/Archives/edgar/data/1499422/000143774925018802/rbb20250527_8k.htm,RBB,RBB Bancorp,8-K,2025-05-29,186,,False,,,0001437749-25-018802,https://www.sec.gov/Archives/edgar/data/1499422/000143774925018802/0001437749-25-018802.txt
0001499422,https://www.sec.gov/Archives/edgar/data/1499422/000143774925018206/rbb20250520_8k.htm,RBB,RBB Bancorp,8-K,2025-05-23,192,,False,,,0001437749-25-018206,https://www.sec.gov/Archives/edgar/data/1499422/000143774925018206/0001437749-25-018206.txt
0001499422,https://www.sec.gov/Archives/edgar/data/1499422/000143774925013395/rbb20250307_8k.htm,RBB,RBB Bancorp,8-K,2025-04-29,216,,False,,,0001437749-25-013395,https://www.sec.gov/Archives/edgar/data/1499422/000143774925013395/0001437749-25-013395.txt
0001499422,https://www.sec.gov/Archives/edgar/data/1499422/000143774925012352/rbb20250418_8k.htm,RBB,RBB Bancorp,8-K,2025-04-18,227,,False,,,0001437749-25-012352,https://www.sec.gov/Archives/edgar/data/1499422/000143774925012352/0001437749-25-012352.txt
0001499422,https://www.sec.gov/Archives/edgar/data/1499422/000143774925011698/rbb20250410_8k.htm,RBB,RBB Bancorp,8-K,2025-04-11,234,,False,,,0001437749-25-011698,https://www.sec.gov/Archives/edgar/data/1499422/000143774925011698/0001437749-25-011698.txt
0001499422,https://www.sec.gov/Archives/edgar/data/1499422/000143774925006844/rbb20250310_8k.htm,RBB,RBB Bancorp,8-K,2025-03-10,266,,False,,,0001437749-25-006844,https://www.sec.gov/Archives/edgar/data/1499422/000143774925006844/0001437749-25-006844.txt
0001499422,https://www.sec.gov/Archives/edgar/data/1499422/000143774925002652/rbb20241125_8k.htm,RBB,RBB Bancorp,8-K,2025-02-04,300,,False,,,0001437749-25-002652,https://www.sec.gov/Archives/edgar/data/1499422/000143774925002652/0001437749-25-002652.txt
0001499422,https://www.sec.gov/Archives/edgar/data/1499422/000143774925001293/rbb20250116_8k.htm,RBB,RBB Bancorp,8-K,2025-01-17,318,,False,,,0001437749-25-001293,https://www.sec.gov/Archives/edgar/data/1499422/000143774925001293/0001437749-25-001293.txt
0001581091,https://www.sec.gov/Archives/edgar/data/1581091/000155837025001224/rmax-20241231x10k.htm,RMAX,"RE/MAX Holdings, Inc.",10-K,2025-02-20,284,,False,,,0001558370-25-001224,https://www.sec.gov/Archives/edgar/data/1581091/000155837025001224/0001558370-25-001224.txt
0001581091,https://www.sec.gov/Archives/edgar/data/1581091/000110465925104431/rmax-20250930x10q.htm,RMAX,"RE/MAX Holdings, Inc.",10-Q,2025-10-30,32,,False,,,0001104659-25-104431,https://www.sec.gov/Archives/edgar/data/1581091/000110465925104431/0001104659-25-104431.txt
0001581091,https://www.sec.gov/Archives/edgar/data/1581091/000155837025009743/rmax-20250630x10q.htm,RMAX,"RE/MAX Holdings, Inc.",10-Q,2025-07-29,125,,False,,,0001558370-25-009743,https://www.sec.gov/Archives/edgar/data/1581091/000155837025009743/0001558370-25-009743.txt
0001581091,https://www.sec.gov/Archives/edgar/data/1581091/000141588925022533/form3-08202025_110854.xml,RMAX,"RE/MAX Holdings, Inc.",3,2025-08-20,103,,False,,,0001415889-25-022533,https://www.sec.gov/Archives/edgar/data/1581091/000141588925022533/0001415889-25-022533.txt
0001581091,https://www.sec.gov/Archives/edgar/data/1581091/000158650525000003/form4-10032025_011039.xml,RMAX,"RE/MAX Holdings, Inc.",4,2025-10-02,60,,False,,,0001586505-25-000003,https://www.sec.gov/Archives/edgar/data/1581091/000158650525000003/0001586505-25-000003.txt
0001581091,https://www.sec.gov/Archives/edgar/data/1581091/000141588925022534/form4-08202025_110811.xml,RMAX,"RE/MAX Holdings, Inc.",4,2025-08-20,103,,False,,,0001415889-25-022534,https://www.sec.gov/Archives/edgar/data/1581091/000141588925022534/0001415889-25-022534.txt
0001581091,https://www.sec.gov/Archives/edgar/data/1581091/000139834425013240/fp0094500-1_4.xml,RMAX,"RE/MAX Holdings, Inc.",4,2025-07-17,137,,False,,,0001398344-25-013240,https://www.sec.gov/Archives/edgar/data/1581091/000139834425013240/0001398344-25-013240.txt
0001581091,https://www.sec.gov/Archives/edgar/data/1581091/000141588925013491/form4-05162025_060517.xml,RMAX,"RE/MAX Holdings, Inc.",4,2025-05-16,199,,False,,,0001415889-25-013491,https://www.sec.gov/Archives/edgar/data/1581091/000141588925013491/0001415889-25-013491.txt
0001581091,https://www.sec.gov/Archives/edgar/data/1581091/000141588925013490/form4-05162025_060515.xml,RMAX,"RE/MAX Holdings, Inc.",4,2025-05-16,199,,False,,,0001415889-25-013490,https://www.sec.gov/Archives/edgar/data/1581091/000141588925013490/0001415889-25-013490.txt
0001581091,https://www.sec.gov/Archives/edgar/data/1581091/000141588925013489/form4-05162025_060512.xml,RMAX,"RE/MAX Holdings, Inc.",4,2025-05-16,199,,False,,,0001415889-25-013489,https://www.sec.gov/Archives/edgar/data/1581091/000141588925013489/0001415889-25-013489.txt
0001581091,https://www.sec.gov/Archives/edgar/data/1581091/000141588925013488/form4-05162025_060509.xml,RMAX,"RE/MAX Holdings, Inc.",4,2025-05-16,199,,False,,,0001415889-25-013488,https://www.sec.gov/Archives/edgar/data/1581091/000141588925013488/0001415889-25-013488.txt
0001581091,https://www.sec.gov/Archives/edgar/data/1581091/000141588925013487/form4-05162025_060507.xml,RMAX,"RE/MAX Holdings, Inc.",4,2025-05-16,199,,False,,,0001415889-25-013487,https://www.sec.gov/Archives/edgar/data/1581091/000141588925013487/0001415889-25-013487.txt
0001581091,https://www.sec.gov/Archives/edgar/data/1581091/000141588925013486/form4-05162025_060504.xml,RMAX,"RE/MAX Holdings, Inc.",4,2025-05-16,199,,False,,,0001415889-25-013486,https://www.sec.gov/Archives/edgar/data/1581091/000141588925013486/0001415889-25-013486.txt
0001581091,https://www.sec.gov/Archives/edgar/data/1581091/000110465925104414/tm2529824d1_8k.htm,RMAX,"RE/MAX Holdings, Inc.",8-K,2025-10-30,32,,False,,,0001104659-25-104414,https://www.sec.gov/Archives/edgar/data/1581091/000110465925104414/0001104659-25-104414.txt
0001581091,https://www.sec.gov/Archives/edgar/data/1581091/000110465925095681/tm2527693d1_8k.htm,RMAX,"RE/MAX Holdings, Inc.",8-K,2025-10-01,61,,False,,,0001104659-25-095681,https://www.sec.gov/Archives/edgar/data/1581091/000110465925095681/0001104659-25-095681.txt
0001581091,https://www.sec.gov/Archives/edgar/data/1581091/000110465925071745/tm2521950d1_8k.htm,RMAX,"RE/MAX Holdings, Inc.",8-K,2025-07-29,125,,False,,,0001104659-25-071745,https://www.sec.gov/Archives/edgar/data/1581091/000110465925071745/0001104659-25-071745.txt
0001581091,https://www.sec.gov/Archives/edgar/data/1581091/000110465925060102/tm2518139d1_8k.htm,RMAX,"RE/MAX Holdings, Inc.",8-K,2025-06-17,167,,False,,,0001104659-25-060102,https://www.sec.gov/Archives/edgar/data/1581091/000110465925060102/0001104659-25-060102.txt
0001581091,https://www.sec.gov/Archives/edgar/data/1581091/000110465925051001/tm2515624d2_8k.htm,RMAX,"RE/MAX Holdings, Inc.",8-K,2025-05-20,195,,False,,,0001104659-25-051001,https://www.sec.gov/Archives/edgar/data/1581091/000110465925051001/0001104659-25-051001.txt
0001581091,https://www.sec.gov/Archives/edgar/data/1581091/000110465925043523/tm2513784d1_8k.htm,RMAX,"RE/MAX Holdings, Inc.",8-K,2025-05-01,214,,False,,,0001104659-25-043523,https://www.sec.gov/Archives/edgar/data/1581091/000110465925043523/0001104659-25-043523.txt
0001581091,https://www.sec.gov/Archives/edgar/data/1581091/000110465925029865/tm2510953d1_8k.htm,RMAX,"RE/MAX Holdings, Inc.",8-K,2025-03-31,245,,False,,,0001104659-25-029865,https://www.sec.gov/Archives/edgar/data/1581091/000110465925029865/0001104659-25-029865.txt
0001581091,https://www.sec.gov/Archives/edgar/data/1581091/000110465925015665/tm257135d1_8k.htm,RMAX,"RE/MAX Holdings, Inc.",8-K,2025-02-20,284,,False,,,0001104659-25-015665,https://www.sec.gov/Archives/edgar/data/1581091/000110465925015665/0001104659-25-015665.txt
0001581091,https://www.sec.gov/Archives/edgar/data/1581091/000110465925002028/tm252667d1_8k.htm,RMAX,"RE/MAX Holdings, Inc.",8-K,2025-01-08,327,,False,,,0001104659-25-002028,https://www.sec.gov/Archives/edgar/data/1581091/000110465925002028/0001104659-25-002028.txt
0001581091,https://www.sec.gov/Archives/edgar/data/1581091/000110465924113061/tm2427177d1_8k.htm,RMAX,"RE/MAX Holdings, Inc.",8-K,2024-10-31,396,,False,,,0001104659-24-113061,https://www.sec.gov/Archives/edgar/data/1581091/000110465924113061/0001104659-24-113061.txt
0001581091,https://www.sec.gov/Archives/edgar/data/1581091/000110465925051030/tm2515624d1_s8.htm,RMAX,"RE/MAX Holdings, Inc.",S-8,2025-05-20,195,,False,,,0001104659-25-051030,https://www.sec.gov/Archives/edgar/data/1581091/000110465925051030/0001104659-25-051030.txt
0002035173,https://www.sec.gov/Archives/edgar/data/2035173/000121390025112604/ea0264695-10q_renatus1.htm,RTAC,Renatus Tactical Acquisition Corp I,10-Q,2025-11-19,12,,False,,,0001213900-25-112604,https://www.sec.gov/Archives/edgar/data/2035173/000121390025112604/0001213900-25-112604.txt
0002035173,https://www.sec.gov/Archives/edgar/data/2035173/000121390025075637/ea0252181-10q_renatus1.htm,RTAC,Renatus Tactical Acquisition Corp I,10-Q,2025-08-13,110,,False,,,0001213900-25-075637,https://www.sec.gov/Archives/edgar/data/2035173/000121390025075637/0001213900-25-075637.txt
0002035173,https://www.sec.gov/Archives/edgar/data/2035173/000121390025057854/ea0246490-10q_renatus1.htm,RTAC,Renatus Tactical Acquisition Corp I,10-Q,2025-06-25,159,,False,,,0001213900-25-057854,https://www.sec.gov/Archives/edgar/data/2035173/000121390025057854/0001213900-25-057854.txt
0002035173,https://www.sec.gov/Archives/edgar/data/2035173/000114036125021567/form3.xml,RTAC,Renatus Tactical Acquisition Corp I,3,2025-06-05,179,,False,,,0001140361-25-021567,https://www.sec.gov/Archives/edgar/data/2035173/000114036125021567/0001140361-25-021567.txt
0002035173,https://www.sec.gov/Archives/edgar/data/2035173/000114036125019778/form3.xml,RTAC,Renatus Tactical Acquisition Corp I,3,2025-05-19,196,,False,,,0001140361-25-019778,https://www.sec.gov/Archives/edgar/data/2035173/000114036125019778/0001140361-25-019778.txt
0002035173,https://www.sec.gov/Archives/edgar/data/2035173/000114036125019080/form3.xml,RTAC,Renatus Tactical Acquisition Corp I,3,2025-05-14,201,,False,,,0001140361-25-019080,https://www.sec.gov/Archives/edgar/data/2035173/000114036125019080/0001140361-25-019080.txt
0002035173,https://www.sec.gov/Archives/edgar/data/2035173/000114036125019079/form3.xml,RTAC,Renatus Tactical Acquisition Corp I,3,2025-05-14,201,,False,,,0001140361-25-019079,https://www.sec.gov/Archives/edgar/data/2035173/000114036125019079/0001140361-25-019079.txt
0002035173,https://www.sec.gov/Archives/edgar/data/2035173/000114036125019077/form3.xml,RTAC,Renatus Tactical Acquisition Corp I,3,2025-05-14,201,,False,,,0001140361-25-019077,https://www.sec.gov/Archives/edgar/data/2035173/000114036125019077/0001140361-25-019077.txt
0002035173,https://www.sec.gov/Archives/edgar/data/2035173/000114036125019435/ny20045296x16_424b4.htm,RTAC,Renatus Tactical Acquisition Corp I,424B4,2025-05-16,199,,False,,,0001140361-25-019435,https://www.sec.gov/Archives/edgar/data/2035173/000114036125019435/0001140361-25-019435.txt
0002035173,https://www.sec.gov/Archives/edgar/data/2035173/000114036125021431/ef20050145_8k.htm,RTAC,Renatus Tactical Acquisition Corp I,8-K,2025-06-04,180,,False,,,0001140361-25-021431,https://www.sec.gov/Archives/edgar/data/2035173/000114036125021431/0001140361-25-021431.txt
0002035173,https://www.sec.gov/Archives/edgar/data/2035173/000114036125020174/ef20049531_8k.htm,RTAC,Renatus Tactical Acquisition Corp I,8-K,2025-05-22,193,,False,,,0001140361-25-020174,https://www.sec.gov/Archives/edgar/data/2035173/000114036125020174/0001140361-25-020174.txt
0002035173,https://www.sec.gov/Archives/edgar/data/2035173/000114036125019627/ny20045296x17_8k.htm,RTAC,Renatus Tactical Acquisition Corp I,8-K,2025-05-19,196,,False,,,0001140361-25-019627,https://www.sec.gov/Archives/edgar/data/2035173/000114036125019627/0001140361-25-019627.txt
0001551901,https://www.sec.gov/Archives/edgar/data/1551901/000155837025002182/scm-20241231x10k.htm,SCM,Stellus Capital Investment Corp,10-K,2025-03-04,272,0.7,True,https://www.sec.gov/Archives/edgar/data/1551901/000155837025002182/scm-20241231x10k.htm,,0001558370-25-002182,https://www.sec.gov/Archives/edgar/data/1551901/000155837025002182/0001558370-25-002182.txt
0001551901,https://www.sec.gov/Archives/edgar/data/1551901/000110465925109139/scm-20250930x10q.htm,SCM,Stellus Capital Investment Corp,10-Q,2025-11-10,21,0.27,True,https://www.sec.gov/Archives/edgar/data/1551901/000110465925109139/scm-20250930x10q.htm,,0001104659-25-109139,https://www.sec.gov/Archives/edgar/data/1551901/000110465925109139/0001104659-25-109139.txt
0001551901,https://www.sec.gov/Archives/edgar/data/1551901/000155837025010509/scm-20250630x10q.htm,SCM,Stellus Capital Investment Corp,10-Q,2025-08-06,117,3.02,True,https://www.sec.gov/Archives/edgar/data/1551901/000155837025010509/scm-20250630x10q.htm,,0001558370-25-010509,https://www.sec.gov/Archives/edgar/data/1551901/000155837025010509/0001558370-25-010509.txt
0001551901,https://www.sec.gov/Archives/edgar/data/1551901/000110465925092346/scm-20250909x424b2.htm,SCM,Stellus Capital Investment Corp,424B2,2025-09-23,69,,False,,,0001104659-25-092346,https://www.sec.gov/Archives/edgar/data/1551901/000110465925092346/0001104659-25-092346.txt
0001551901,https://www.sec.gov/Archives/edgar/data/1551901/000110465925091944/scm-20250909x424b2.htm,SCM,Stellus Capital Investment Corp,424B2,2025-09-22,70,,False,,,0001104659-25-091944,https://www.sec.gov/Archives/edgar/data/1551901/000110465925091944/0001104659-25-091944.txt
0001551901,https://www.sec.gov/Archives/edgar/data/1551901/000141057825001937/scm-20250909x424b2.htm,SCM,Stellus Capital Investment Corp,424B2,2025-09-09,83,,False,,,0001410578-25-001937,https://www.sec.gov/Archives/edgar/data/1551901/000141057825001937/0001410578-25-001937.txt
0001551901,https://www.sec.gov/Archives/edgar/data/1551901/000110465925028060/scm-20250325xn2.htm,SCM,Stellus Capital Investment Corp,424B2,2025-03-26,250,,False,,,0001104659-25-028060,https://www.sec.gov/Archives/edgar/data/1551901/000110465925028060/0001104659-25-028060.txt
0001551901,https://www.sec.gov/Archives/edgar/data/1551901/000110465925027679/scm-20250325x424b2.htm,SCM,Stellus Capital Investment Corp,424B2,2025-03-25,251,,False,,,0001104659-25-027679,https://www.sec.gov/Archives/edgar/data/1551901/000110465925027679/0001104659-25-027679.txt
0001551901,https://www.sec.gov/Archives/edgar/data/1551901/000110465925115422/tm2526928d1_8k.htm,SCM,Stellus Capital Investment Corp,8-K,2025-11-24,7,,False,,,0001104659-25-115422,https://www.sec.gov/Archives/edgar/data/1551901/000110465925115422/0001104659-25-115422.txt
0001551901,https://www.sec.gov/Archives/edgar/data/1551901/000110465925093911/tm2526928d1_8k.htm,SCM,Stellus Capital Investment Corp,8-K,2025-09-26,66,,False,,,0001104659-25-093911,https://www.sec.gov/Archives/edgar/data/1551901/000110465925093911/0001104659-25-093911.txt
0001551901,https://www.sec.gov/Archives/edgar/data/1551901/000110465925090030/tm2526011d1_8k.htm,SCM,Stellus Capital Investment Corp,8-K,2025-09-15,77,,False,,,0001104659-25-090030,https://www.sec.gov/Archives/edgar/data/1551901/000110465925090030/0001104659-25-090030.txt
0001551901,https://www.sec.gov/Archives/edgar/data/1551901/000110465925088902/tm2525669d1_8k.htm,SCM,Stellus Capital Investment Corp,8-K,2025-09-10,82,,False,,,0001104659-25-088902,https://www.sec.gov/Archives/edgar/data/1551901/000110465925088902/0001104659-25-088902.txt
0001551901,https://www.sec.gov/Archives/edgar/data/1551901/000110465925084789/tm2524446d1_8k.htm,SCM,Stellus Capital Investment Corp,8-K,2025-08-28,95,,False,,,0001104659-25-084789,https://www.sec.gov/Archives/edgar/data/1551901/000110465925084789/0001104659-25-084789.txt
0001551901,https://www.sec.gov/Archives/edgar/data/1551901/000110465925061187/tm2518314d1_8k.htm,SCM,Stellus Capital Investment Corp,8-K,2025-06-20,164,,False,,,0001104659-25-061187,https://www.sec.gov/Archives/edgar/data/1551901/000110465925061187/0001104659-25-061187.txt
0001551901,https://www.sec.gov/Archives/edgar/data/1551901/000110465925031208/tm2510985d1_8k.htm,SCM,Stellus Capital Investment Corp,8-K,2025-04-02,243,,False,,,0001104659-25-031208,https://www.sec.gov/Archives/edgar/data/1551901/000110465925031208/0001104659-25-031208.txt
0001551901,https://www.sec.gov/Archives/edgar/data/1551901/000110465925029412/tm2510626d1_8k.htm,SCM,Stellus Capital Investment Corp,8-K,2025-03-28,248,,False,,,0001104659-25-029412,https://www.sec.gov/Archives/edgar/data/1551901/000110465925029412/0001104659-25-029412.txt
0001551901,https://www.sec.gov/Archives/edgar/data/1551901/000110465924113515/tm2427269d1_8k.htm,SCM,Stellus Capital Investment Corp,8-K,2024-11-01,395,,False,,,0001104659-24-113515,https://www.sec.gov/Archives/edgar/data/1551901/000110465924113515/0001104659-24-113515.txt
0002014982,https://www.sec.gov/Archives/edgar/data/2014982/000121390025026255/ea0235387-10k_simacq1.htm,SIMA,SIM Acquisition Corp. I,10-K,2025-03-31,245,0.83,True,https://www.sec.gov/Archives/edgar/data/2014982/000121390025026255/ea0235387-10k_simacq1.htm,,0001213900-25-026255,https://www.sec.gov/Archives/edgar/data/2014982/000121390025026255/0001213900-25-026255.txt
0002014982,https://www.sec.gov/Archives/edgar/data/2014982/000121390025109984/ea0264564-10q_simacq1.htm,SIMA,SIM Acquisition Corp. I,10-Q,2025-11-13,18,,False,,,0001213900-25-109984,https://www.sec.gov/Archives/edgar/data/2014982/000121390025109984/0001213900-25-109984.txt
0002014982,https://www.sec.gov/Archives/edgar/data/2014982/000121390025076651/ea0252528-10q_simacq1.htm,SIMA,SIM Acquisition Corp. I,10-Q,2025-08-14,109,,False,,,0001213900-25-076651,https://www.sec.gov/Archives/edgar/data/2014982/000121390025076651/0001213900-25-076651.txt
0002014982,https://www.sec.gov/Archives/edgar/data/2014982/000121390025104677/ownership.xml,SIMA,SIM Acquisition Corp. I,4,2025-10-31,31,,False,,,0001213900-25-104677,https://www.sec.gov/Archives/edgar/data/2014982/000121390025104677/0001213900-25-104677.txt
0002014982,https://www.sec.gov/Archives/edgar/data/2014982/000121390025085575/ea0256467-8k_simacq1.htm,SIMA,SIM Acquisition Corp. I,8-K,2025-09-08,84,,False,,,0001213900-25-085575,https://www.sec.gov/Archives/edgar/data/2014982/000121390025085575/0001213900-25-085575.txt
0001782430,https://www.sec.gov/Archives/edgar/data/1782430/000149315225010144/form10-k.htm,STRW,"Strawberry Fields REIT, Inc.",10-K,2025-03-13,263,,False,,,0001493152-25-010144,https://www.sec.gov/Archives/edgar/data/1782430/000149315225010144/0001493152-25-010144.txt
0001782430,https://www.sec.gov/Archives/edgar/data/1782430/000149315225021088/form10-q.htm,STRW,"Strawberry Fields REIT, Inc.",10-Q,2025-11-06,25,,False,,,0001493152-25-021088,https://www.sec.gov/Archives/edgar/data/1782430/000149315225021088/0001493152-25-021088.txt
0001782430,https://www.sec.gov/Archives/edgar/data/1782430/000164117225022675/form10-q.htm,STRW,"Strawberry Fields REIT, Inc.",10-Q,2025-08-08,115,,False,,,0001641172-25-022675,https://www.sec.gov/Archives/edgar/data/1782430/000164117225022675/0001641172-25-022675.txt
0001782430,https://www.sec.gov/Archives/edgar/data/1782430/000164117225018851/ownership.xml,STRW,"Strawberry Fields REIT, Inc.",3,2025-07-14,140,,False,,,0001641172-25-018851,https://www.sec.gov/Archives/edgar/data/1782430/000164117225018851/0001641172-25-018851.txt
0001782430,https://www.sec.gov/Archives/edgar/data/1782430/000164117225025690/ownership.xml,STRW,"Strawberry Fields REIT, Inc.",4,2025-08-27,96,,False,,,0001641172-25-025690,https://www.sec.gov/Archives/edgar/data/1782430/000164117225025690/0001641172-25-025690.txt
0001782430,https://www.sec.gov/Archives/edgar/data/1782430/000164117225020487/ownership.xml,STRW,"Strawberry Fields REIT, Inc.",4,2025-07-22,132,,False,,,0001641172-25-020487,https://www.sec.gov/Archives/edgar/data/1782430/000164117225020487/0001641172-25-020487.txt
0001782430,https://www.sec.gov/Archives/edgar/data/1782430/000164117225020484/ownership.xml,STRW,"Strawberry Fields REIT, Inc.",4,2025-07-22,132,,False,,,0001641172-25-020484,https://www.sec.gov/Archives/edgar/data/1782430/000164117225020484/0001641172-25-020484.txt
0001782430,https://www.sec.gov/Archives/edgar/data/1782430/000164117225018395/ownership.xml,STRW,"Strawberry Fields REIT, Inc.",4,2025-07-09,145,,False,,,0001641172-25-018395,https://www.sec.gov/Archives/edgar/data/1782430/000164117225018395/0001641172-25-018395.txt
0001782430,https://www.sec.gov/Archives/edgar/data/1782430/000164117225015103/ownership.xml,STRW,"Strawberry Fields REIT, Inc.",4,2025-06-13,171,,False,,,0001641172-25-015103,https://www.sec.gov/Archives/edgar/data/1782430/000164117225015103/0001641172-25-015103.txt
0001782430,https://www.sec.gov/Archives/edgar/data/1782430/000164117225014581/ownership.xml,STRW,"Strawberry Fields REIT, Inc.",4,2025-06-10,174,,False,,,0001641172-25-014581,https://www.sec.gov/Archives/edgar/data/1782430/000164117225014581/0001641172-25-014581.txt
0001782430,https://www.sec.gov/Archives/edgar/data/1782430/000164117225012505/ownership.xml,STRW,"Strawberry Fields REIT, Inc.",4,2025-05-27,188,,False,,,0001641172-25-012505,https://www.sec.gov/Archives/edgar/data/1782430/000164117225012505/0001641172-25-012505.txt
0001782430,https://www.sec.gov/Archives/edgar/data/1782430/000164117225011704/ownership.xml,STRW,"Strawberry Fields REIT, Inc.",4,2025-05-20,195,,False,,,0001641172-25-011704,https://www.sec.gov/Archives/edgar/data/1782430/000164117225011704/0001641172-25-011704.txt
0001782430,https://www.sec.gov/Archives/edgar/data/1782430/000164117225013545/form424b5.htm,STRW,"Strawberry Fields REIT, Inc.",424B5,2025-06-04,180,,False,,,0001641172-25-013545,https://www.sec.gov/Archives/edgar/data/1782430/000164117225013545/0001641172-25-013545.txt
0001782430,https://www.sec.gov/Archives/edgar/data/1782430/000149315224048962/form424b5.htm,STRW,"Strawberry Fields REIT, Inc.",424B5,2024-12-06,360,,False,,,0001493152-24-048962,https://www.sec.gov/Archives/edgar/data/1782430/000149315224048962/0001493152-24-048962.txt
0001782430,https://www.sec.gov/Archives/edgar/data/1782430/000149315224048230/form424b5.htm,STRW,"Strawberry Fields REIT, Inc.",424B5,2024-12-02,364,,False,,,0001493152-24-048230,https://www.sec.gov/Archives/edgar/data/1782430/000149315224048230/0001493152-24-048230.txt
0001782430,https://www.sec.gov/Archives/edgar/data/1782430/000149315225021084/form8-k.htm,STRW,"Strawberry Fields REIT, Inc.",8-K,2025-11-06,25,,False,,,0001493152-25-021084,https://www.sec.gov/Archives/edgar/data/1782430/000149315225021084/0001493152-25-021084.txt
0001782430,https://www.sec.gov/Archives/edgar/data/1782430/000149315225021082/form8-k.htm,STRW,"Strawberry Fields REIT, Inc.",8-K,2025-11-06,25,,False,,,0001493152-25-021082,https://www.sec.gov/Archives/edgar/data/1782430/000149315225021082/0001493152-25-021082.txt
0001782430,https://www.sec.gov/Archives/edgar/data/1782430/000164117225022654/form8-k.htm,STRW,"Strawberry Fields REIT, Inc.",8-K,2025-08-08,115,,False,,,0001641172-25-022654,https://www.sec.gov/Archives/edgar/data/1782430/000164117225022654/0001641172-25-022654.txt
0001782430,https://www.sec.gov/Archives/edgar/data/1782430/000164117225022652/form8-k.htm,STRW,"Strawberry Fields REIT, Inc.",8-K,2025-08-08,115,,False,,,0001641172-25-022652,https://www.sec.gov/Archives/edgar/data/1782430/000164117225022652/0001641172-25-022652.txt
0001782430,https://www.sec.gov/Archives/edgar/data/1782430/000164117225017440/form8-k.htm,STRW,"Strawberry Fields REIT, Inc.",8-K,2025-07-02,152,,False,,,0001641172-25-017440,https://www.sec.gov/Archives/edgar/data/1782430/000164117225017440/0001641172-25-017440.txt
0001782430,https://www.sec.gov/Archives/edgar/data/1782430/000164117225016353/form8-k.htm,STRW,"Strawberry Fields REIT, Inc.",8-K,2025-06-25,159,,False,,,0001641172-25-016353,https://www.sec.gov/Archives/edgar/data/1782430/000164117225016353/0001641172-25-016353.txt
0001782430,https://www.sec.gov/Archives/edgar/data/1782430/000164117225013546/form8-k.htm,STRW,"Strawberry Fields REIT, Inc.",8-K,2025-06-04,180,,False,,,0001641172-25-013546,https://www.sec.gov/Archives/edgar/data/1782430/000164117225013546/0001641172-25-013546.txt
0001782430,https://www.sec.gov/Archives/edgar/data/1782430/000164117225012610/form8-k.htm,STRW,"Strawberry Fields REIT, Inc.",8-K,2025-05-28,187,,False,,,0001641172-25-012610,https://www.sec.gov/Archives/edgar/data/1782430/000164117225012610/0001641172-25-012610.txt
0001782430,https://www.sec.gov/Archives/edgar/data/1782430/000164117225009567/form8-k.htm,STRW,"Strawberry Fields REIT, Inc.",8-K,2025-05-12,203,,False,,,0001641172-25-009567,https://www.sec.gov/Archives/edgar/data/1782430/000164117225009567/0001641172-25-009567.txt
0001782430,https://www.sec.gov/Archives/edgar/data/1782430/000164117225009375/form8-k.htm,STRW,"Strawberry Fields REIT, Inc.",8-K,2025-05-09,206,,False,,,0001641172-25-009375,https://www.sec.gov/Archives/edgar/data/1782430/000164117225009375/0001641172-25-009375.txt
0001782430,https://www.sec.gov/Archives/edgar/data/1782430/000149315225012849/form8-ka.htm,STRW,"Strawberry Fields REIT, Inc.",8-K/A,2025-09-09,83,,False,,,0001493152-25-012849,https://www.sec.gov/Archives/edgar/data/1782430/000149315225012849/0001493152-25-012849.txt
0001782430,https://www.sec.gov/Archives/edgar/data/1782430/000164117225021726/forms-8.htm,STRW,"Strawberry Fields REIT, Inc.",S-8,2025-07-31,123,,False,,,0001641172-25-021726,https://www.sec.gov/Archives/edgar/data/1782430/000164117225021726/0001641172-25-021726.txt
0001169445,https://www.sec.gov/Archives/edgar/data/1169445/000116944525000042/tbrg-20241231.htm,TBRG,"TruBridge, Inc.",10-K,2025-03-17,259,,False,,,0001169445-25-000042,https://www.sec.gov/Archives/edgar/data/1169445/000116944525000042/0001169445-25-000042.txt
0001169445,https://www.sec.gov/Archives/edgar/data/1169445/000116944525000077/tbrg-20250930.htm,TBRG,"TruBridge, Inc.",10-Q,2025-11-07,24,,False,,,0001169445-25-000077,https://www.sec.gov/Archives/edgar/data/1169445/000116944525000077/0001169445-25-000077.txt
0001169445,https://www.sec.gov/Archives/edgar/data/1169445/000116944525000073/tbrg-20250630.htm,TBRG,"TruBridge, Inc.",10-Q,2025-08-08,115,,False,,,0001169445-25-000073,https://www.sec.gov/Archives/edgar/data/1169445/000116944525000073/0001169445-25-000073.txt
0001169445,https://www.sec.gov/Archives/edgar/data/1169445/000208989625000002/wk-form3_1759780946.xml,TBRG,"TruBridge, Inc.",3,2025-10-06,56,,False,,,0002089896-25-000002,https://www.sec.gov/Archives/edgar/data/1169445/000208989625000002/0002089896-25-000002.txt
0001169445,https://www.sec.gov/Archives/edgar/data/1169445/000131417325000009/primary_doc.xml,TBRG,"TruBridge, Inc.",4,2025-11-19,12,,False,,,0001314173-25-000009,https://www.sec.gov/Archives/edgar/data/1169445/000131417325000009/0001314173-25-000009.txt
0001169445,https://www.sec.gov/Archives/edgar/data/1169445/000208989625000006/wk-form4_1763477818.xml,TBRG,"TruBridge, Inc.",4,2025-11-18,13,,False,,,0002089896-25-000006,https://www.sec.gov/Archives/edgar/data/1169445/000208989625000006/0002089896-25-000006.txt
0001169445,https://www.sec.gov/Archives/edgar/data/1169445/000092189525003134/form414298002_11142025.xml,TBRG,"TruBridge, Inc.",4,2025-11-14,17,,False,,,0000921895-25-003134,https://www.sec.gov/Archives/edgar/data/1169445/000092189525003134/0000921895-25-003134.txt
0001169445,https://www.sec.gov/Archives/edgar/data/1169445/000208989625000004/wk-form4_1760567312.xml,TBRG,"TruBridge, Inc.",4,2025-10-15,47,,False,,,0002089896-25-000004,https://www.sec.gov/Archives/edgar/data/1169445/000208989625000004/0002089896-25-000004.txt
0001169445,https://www.sec.gov/Archives/edgar/data/1169445/000205677425000005/wk-form4_1755279576.xml,TBRG,"TruBridge, Inc.",4,2025-08-15,108,,False,,,0002056774-25-000005,https://www.sec.gov/Archives/edgar/data/1169445/000205677425000005/0002056774-25-000005.txt
0001169445,https://www.sec.gov/Archives/edgar/data/1169445/000162828025036250/wk-form4_1753739121.xml,TBRG,"TruBridge, Inc.",4,2025-07-28,126,,False,,,0001628280-25-036250,https://www.sec.gov/Archives/edgar/data/1169445/000162828025036250/0001628280-25-036250.txt
0001169445,https://www.sec.gov/Archives/edgar/data/1169445/000162828025034221/wk-form4_1751571632.xml,TBRG,"TruBridge, Inc.",4,2025-07-03,151,,False,,,0001628280-25-034221,https://www.sec.gov/Archives/edgar/data/1169445/000162828025034221/0001628280-25-034221.txt
0001169445,https://www.sec.gov/Archives/edgar/data/1169445/000131417325000005/primary_doc.xml,TBRG,"TruBridge, Inc.",4,2025-05-23,192,,False,,,0001314173-25-000005,https://www.sec.gov/Archives/edgar/data/1169445/000131417325000005/0001314173-25-000005.txt
0001169445,https://www.sec.gov/Archives/edgar/data/1169445/000131417325000010/primary_doc.xml,TBRG,"TruBridge, Inc.",4/A,2025-11-20,11,,False,,,0001314173-25-000010,https://www.sec.gov/Archives/edgar/data/1169445/000131417325000010/0001314173-25-000010.txt
0001169445,https://www.sec.gov/Archives/edgar/data/1169445/000119312525303161/d700980d8k.htm,TBRG,"TruBridge, Inc.",8-K,2025-12-01,0,,False,,,0001193125-25-303161,https://www.sec.gov/Archives/edgar/data/1169445/000119312525303161/0001193125-25-303161.txt
0001169445,https://www.sec.gov/Archives/edgar/data/1169445/000143774925033614/cpsi20251106_8k.htm,TBRG,"TruBridge, Inc.",8-K,2025-11-06,25,,False,,,0001437749-25-033614,https://www.sec.gov/Archives/edgar/data/1169445/000143774925033614/0001437749-25-033614.txt
0001169445,https://www.sec.gov/Archives/edgar/data/1169445/000119312525229309/d894776d8k.htm,TBRG,"TruBridge, Inc.",8-K,2025-10-03,59,,False,,,0001193125-25-229309,https://www.sec.gov/Archives/edgar/data/1169445/000119312525229309/0001193125-25-229309.txt
0001169445,https://www.sec.gov/Archives/edgar/data/1169445/000143774925025532/cpsi20250807_8k.htm,TBRG,"TruBridge, Inc.",8-K,2025-08-08,115,,False,,,0001437749-25-025532,https://www.sec.gov/Archives/edgar/data/1169445/000143774925025532/0001437749-25-025532.txt
0001169445,https://www.sec.gov/Archives/edgar/data/1169445/000119312525154014/d22042d8k.htm,TBRG,"TruBridge, Inc.",8-K,2025-07-01,153,,False,,,0001193125-25-154014,https://www.sec.gov/Archives/edgar/data/1169445/000119312525154014/0001193125-25-154014.txt
0001169445,https://www.sec.gov/Archives/edgar/data/1169445/000119312525115975/d848279d8k.htm,TBRG,"TruBridge, Inc.",8-K,2025-05-08,207,,False,,,0001193125-25-115975,https://www.sec.gov/Archives/edgar/data/1169445/000119312525115975/0001193125-25-115975.txt
0001169445,https://www.sec.gov/Archives/edgar/data/1169445/000143774925015133/cpsi20250507_8k.htm,TBRG,"TruBridge, Inc.",8-K,2025-05-07,208,,False,,,0001437749-25-015133,https://www.sec.gov/Archives/edgar/data/1169445/000143774925015133/0001437749-25-015133.txt
0001169445,https://www.sec.gov/Archives/edgar/data/1169445/000143774925006839/cpsi20250310_8k.htm,TBRG,"TruBridge, Inc.",8-K,2025-03-10,266,,False,,,0001437749-25-006839,https://www.sec.gov/Archives/edgar/data/1169445/000143774925006839/0001437749-25-006839.txt
0001169445,https://www.sec.gov/Archives/edgar/data/1169445/000119312525024808/d931144d8k.htm,TBRG,"TruBridge, Inc.",8-K,2025-02-12,292,,False,,,0001193125-25-024808,https://www.sec.gov/Archives/edgar/data/1169445/000119312525024808/0001193125-25-024808.txt
0001169445,https://www.sec.gov/Archives/edgar/data/1169445/000119312525000145/d456480d8k.htm,TBRG,"TruBridge, Inc.",8-K,2025-01-02,333,,False,,,0001193125-25-000145,https://www.sec.gov/Archives/edgar/data/1169445/000119312525000145/0001193125-25-000145.txt
0001169445,https://www.sec.gov/Archives/edgar/data/1169445/000119312525118828/d905051ds8.htm,TBRG,"TruBridge, Inc.",S-8,2025-05-13,202,,False,,,0001193125-25-118828,https://www.sec.gov/Archives/edgar/data/1169445/000119312525118828/0001193125-25-118828.txt
0002073340,https://www.sec.gov/Archives/edgar/data/2073340/000121390025110911/ea0264763-10q_talon.htm,TLNC,Talon Capital Corp.,10-Q,2025-11-14,17,11.74,True,https://www.sec.gov/Archives/edgar/data/2073340/000121390025110911/ea0264763-10q_talon.htm,,0001213900-25-110911,https://www.sec.gov/Archives/edgar/data/2073340/000121390025110911/0001213900-25-110911.txt
0002073340,https://www.sec.gov/Archives/edgar/data/2073340/000121390025101215/ea0260997-10q_talon.htm,TLNC,Talon Capital Corp.,10-Q,2025-10-22,40,,False,,,0001213900-25-101215,https://www.sec.gov/Archives/edgar/data/2073340/000121390025101215/0001213900-25-101215.txt
0002073340,https://www.sec.gov/Archives/edgar/data/2073340/000121390025085796/ownership.xml,TLNC,Talon Capital Corp.,3,2025-09-08,84,,False,,,0001213900-25-085796,https://www.sec.gov/Archives/edgar/data/2073340/000121390025085796/0001213900-25-085796.txt
0002073340,https://www.sec.gov/Archives/edgar/data/2073340/000121390025085795/ownership.xml,TLNC,Talon Capital Corp.,3,2025-09-08,84,,False,,,0001213900-25-085795,https://www.sec.gov/Archives/edgar/data/2073340/000121390025085795/0001213900-25-085795.txt
0002073340,https://www.sec.gov/Archives/edgar/data/2073340/000121390025085794/ownership.xml,TLNC,Talon Capital Corp.,3,2025-09-08,84,,False,,,0001213900-25-085794,https://www.sec.gov/Archives/edgar/data/2073340/000121390025085794/0001213900-25-085794.txt
0002073340,https://www.sec.gov/Archives/edgar/data/2073340/000121390025085793/ownership.xml,TLNC,Talon Capital Corp.,3,2025-09-08,84,,False,,,0001213900-25-085793,https://www.sec.gov/Archives/edgar/data/2073340/000121390025085793/0001213900-25-085793.txt
0002073340,https://www.sec.gov/Archives/edgar/data/2073340/000121390025085792/ownership.xml,TLNC,Talon Capital Corp.,3,2025-09-08,84,,False,,,0001213900-25-085792,https://www.sec.gov/Archives/edgar/data/2073340/000121390025085792/0001213900-25-085792.txt
0002073340,https://www.sec.gov/Archives/edgar/data/2073340/000121390025088294/ownership.xml,TLNC,Talon Capital Corp.,4,2025-09-16,76,,False,,,0001213900-25-088294,https://www.sec.gov/Archives/edgar/data/2073340/000121390025088294/0001213900-25-088294.txt
0002073340,https://www.sec.gov/Archives/edgar/data/2073340/000121390025088293/ownership.xml,TLNC,Talon Capital Corp.,4,2025-09-16,76,,False,,,0001213900-25-088293,https://www.sec.gov/Archives/edgar/data/2073340/000121390025088293/0001213900-25-088293.txt
0002073340,https://www.sec.gov/Archives/edgar/data/2073340/000121390025086634/ownership.xml,TLNC,Talon Capital Corp.,4,2025-09-10,82,,False,,,0001213900-25-086634,https://www.sec.gov/Archives/edgar/data/2073340/000121390025086634/0001213900-25-086634.txt
0002073340,https://www.sec.gov/Archives/edgar/data/2073340/000121390025086633/ownership.xml,TLNC,Talon Capital Corp.,4,2025-09-10,82,,False,,,0001213900-25-086633,https://www.sec.gov/Archives/edgar/data/2073340/000121390025086633/0001213900-25-086633.txt
0002073340,https://www.sec.gov/Archives/edgar/data/2073340/000121390025086134/ea0246089-06.htm,TLNC,Talon Capital Corp.,424B4,2025-09-09,83,,False,,,0001213900-25-086134,https://www.sec.gov/Archives/edgar/data/2073340/000121390025086134/0001213900-25-086134.txt
0002073340,https://www.sec.gov/Archives/edgar/data/2073340/000121390025088251/ea0257330-8k_talon.htm,TLNC,Talon Capital Corp.,8-K,2025-09-16,76,,False,,,0001213900-25-088251,https://www.sec.gov/Archives/edgar/data/2073340/000121390025088251/0001213900-25-088251.txt
0002073340,https://www.sec.gov/Archives/edgar/data/2073340/000121390025087276/ea0256900-8k_talon.htm,TLNC,Talon Capital Corp.,8-K,2025-09-12,80,,False,,,0001213900-25-087276,https://www.sec.gov/Archives/edgar/data/2073340/000121390025087276/0001213900-25-087276.txt
0001823986,https://www.sec.gov/Archives/edgar/data/1823986/000141057825000891/wdh-20241231x20f.htm,WDH,Waterdrop Inc.,20-F,2025-04-25,220,,False,,,0001410578-25-000891,https://www.sec.gov/Archives/edgar/data/1823986/000141057825000891/0001410578-25-000891.txt
0001823986,https://www.sec.gov/Archives/edgar/data/1823986/000110465925087282/tm2524976d1_6k.htm,WDH,Waterdrop Inc.,6-K,2025-09-04,88,,False,,,0001104659-25-087282,https://www.sec.gov/Archives/edgar/data/1823986/000110465925087282/0001104659-25-087282.txt
0001823986,https://www.sec.gov/Archives/edgar/data/1823986/000110465925056664/tm2517246d1_6k.htm,WDH,Waterdrop Inc.,6-K,2025-06-05,179,,False,,,0001104659-25-056664,https://www.sec.gov/Archives/edgar/data/1823986/000110465925056664/0001104659-25-056664.txt
0001631761,https://www.sec.gov/Archives/edgar/data/1631761/000141057825000931/yrd-20241231x20f.htm,YRD,Yiren Digital Ltd.,20-F,2025-04-28,217,,False,,,0001410578-25-000931,https://www.sec.gov/Archives/edgar/data/1631761/000141057825000931/0001410578-25-000931.txt
0001631761,https://www.sec.gov/Archives/edgar/data/1631761/000110465925116150/tm2532175d1_6k.htm,YRD,Yiren Digital Ltd.,6-K,2025-11-26,5,,False,,,0001104659-25-116150,https://www.sec.gov/Archives/edgar/data/1631761/000110465925116150/0001104659-25-116150.txt
0001631761,https://www.sec.gov/Archives/edgar/data/1631761/000110465925081533/tm2524094d1_6k.htm,YRD,Yiren Digital Ltd.,6-K,2025-08-22,101,,False,,,0001104659-25-081533,https://www.sec.gov/Archives/edgar/data/1631761/000110465925081533/0001104659-25-081533.txt
0001631761,https://www.sec.gov/Archives/edgar/data/1631761/000110465925070369/tm2521643d1_6k.htm,YRD,Yiren Digital Ltd.,6-K,2025-07-24,130,,False,,,0001104659-25-070369,https://www.sec.gov/Archives/edgar/data/1631761/000110465925070369/0001104659-25-070369.txt
0001631761,https://www.sec.gov/Archives/edgar/data/1631761/000110465925059094/tm2517852d1_6k.htm,YRD,Yiren Digital Ltd.,6-K,2025-06-13,171,,False,,,0001104659-25-059094,https://www.sec.gov/Archives/edgar/data/1631761/000110465925059094/0001104659-25-059094.txt
0001720446,https://www.sec.gov/Archives/edgar/data/1720446/000141057825000903/zepp-20241231x20f.htm,ZEPP,Zepp Health Corp,20-F,2025-04-25,220,3.73,True,https://www.sec.gov/Archives/edgar/data/1720446/000141057825000903/zepp-20241231x20f.htm,,0001410578-25-000903,https://www.sec.gov/Archives/edgar/data/1720446/000141057825000903/0001410578-25-000903.txt
0001720446,https://www.sec.gov/Archives/edgar/data/1720446/000110465925051310/tm2515532d1_20fa.htm,ZEPP,Zepp Health Corp,20-F/A,2025-05-21,194,,False,,,0001104659-25-051310,https://www.sec.gov/Archives/edgar/data/1720446/000110465925051310/0001104659-25-051310.txt
0001720446,https://www.sec.gov/Archives/edgar/data/1720446/000110465925106586/tm2530298d1_6k.htm,ZEPP,Zepp Health Corp,6-K,2025-11-05,26,,False,,,0001104659-25-106586,https://www.sec.gov/Archives/edgar/data/1720446/000110465925106586/0001104659-25-106586.txt
0001720446,https://www.sec.gov/Archives/edgar/data/1720446/000110465925073254/tm2522459d1_6k.htm,ZEPP,Zepp Health Corp,6-K,2025-08-04,119,,False,,,0001104659-25-073254,https://www.sec.gov/Archives/edgar/data/1720446/000110465925073254/0001104659-25-073254.txt
