Date,Ticker,Open,High,Low,Close,Volume
2025-12-05,NOAH,10.58,10.68,10.32,10.51,65400
2025-12-04,NOAH,10.3,10.55,10.3,10.37,535200
2025-12-03,NOAH,10.41,10.63,10.41,10.62,40035
2025-12-02,NOAH,10.42,10.6,10.33,10.48,81200
2025-12-01,NOAH,10.18,10.62,10.18,10.42,95765
2025-11-28,NOAH,10.33,10.37,10.14,10.16,93633
2025-11-26,NOAH,10.32,10.46,10.15,10.37,99228
2025-11-25,NOAH,10.5,10.59,10.34,10.44,60907
2025-11-24,NOAH,10.44,10.52,10.28,10.44,99809
2025-11-21,NOAH,10.53,10.53,10.14,10.3,119500
2025-11-20,NOAH,10.78,10.87,10.49,10.52,78600
2025-11-19,NOAH,10.57,10.77,10.57,10.75,80000
2025-11-18,NOAH,10.62,10.77,10.52,10.7,94400
2025-11-17,NOAH,10.8,10.84,10.6,10.67,118442
2025-11-14,NOAH,10.96,11.06,10.8,10.86,59938
2025-11-13,NOAH,11.16,11.29,10.95,11.07,129100
2025-11-12,NOAH,11.31,11.4,11.17,11.21,62300
2025-11-11,NOAH,11.39,11.4,11.27,11.34,83021
2025-11-10,NOAH,11.3,11.39,11.21,11.31,96900
2025-11-07,NOAH,11.01,11.18,10.96,11.12,51900
2025-11-06,NOAH,11.21,11.24,11.08,11.14,103717
2025-11-05,NOAH,11.06,11.22,11.06,11.17,33811
2025-11-04,NOAH,11.07,11.13,10.99,11.04,61100
2025-11-03,NOAH,11.28,11.29,11.09,11.23,80246
2025-10-31,NOAH,11.29,11.55,11.27,11.29,96600
2025-10-30,NOAH,11.2,11.55,11.2,11.29,68404
2025-10-29,NOAH,11.56,11.61,11.29,11.35,102100
2025-10-28,NOAH,11.76,11.76,11.55,11.57,58300
2025-10-27,NOAH,11.79,11.92,11.73,11.76,36000
2025-10-24,NOAH,11.71,11.8,11.55,11.57,66700
2025-10-23,NOAH,11.54,11.65,11.44,11.56,35500
2025-10-22,NOAH,11.4,11.47,11.28,11.41,89600
2025-10-21,NOAH,11.54,11.6,11.33,11.33,70624
2025-10-20,NOAH,11.28,11.6,11.28,11.56,87529
2025-10-17,NOAH,11.28,11.48,11.27,11.32,91700
2025-10-16,NOAH,11.53,11.54,11.3,11.35,84400
2025-10-15,NOAH,11.53,11.79,11.45,11.57,105900
2025-10-14,NOAH,11.36,11.58,11.19,11.5,95700
2025-10-13,NOAH,11.09,11.59,11.09,11.57,124143
2025-10-10,NOAH,11.87,12.07,10.89,11.01,187757
2025-10-09,NOAH,11.92,11.98,11.78,11.86,112814
2025-10-08,NOAH,11.95,12.16,11.82,11.92,170800
2025-10-07,NOAH,12.05,12.24,11.84,11.87,96600
2025-12-05,MSC,3.37,3.37,3.36,3.36,1547
2025-12-04,MSC,3.54,3.54,3.48,3.48,3400
2025-12-03,MSC,3.4,3.55,3.4,3.55,400
2025-12-02,MSC,3.5,3.57,3.5,3.55,2636
2025-12-01,MSC,3.5,3.5,3.5,3.5,80
2025-11-28,MSC,3.5,3.5,3.5,3.5,1100
2025-11-26,MSC,3.47,3.5,3.28,3.28,6030
2025-11-25,MSC,3.56,3.56,3.47,3.47,940
2025-11-24,MSC,3.56,3.57,3.51,3.56,5900
2025-11-21,MSC,3.82,3.82,3.82,3.82,593
2025-11-20,MSC,3.82,3.82,3.82,3.82,800
2025-11-19,MSC,3.69,3.69,3.69,3.69,600
2025-11-18,MSC,3.81,3.91,3.81,3.91,1131
2025-11-17,MSC,3.67,3.95,3.67,3.81,3900
2025-11-14,MSC,3.7,3.7,3.69,3.69,700
2025-11-13,MSC,4.06,4.06,3.78,3.89,1225
2025-11-12,MSC,4.04,4.04,3.73,3.73,941
2025-11-11,MSC,4.06,4.06,4.06,4.06,200
2025-11-10,MSC,3.7,4.12,3.69,3.96,5601
2025-11-07,MSC,3.84,4.0,3.69,3.69,3914
2025-11-06,MSC,4.07,4.07,4.07,4.07,157
2025-11-05,MSC,4.07,4.07,4.07,4.07,327
2025-11-04,MSC,4.02,4.02,3.78,3.78,1504
2025-11-03,MSC,3.7,3.99,3.7,3.99,2948
2025-10-31,MSC,4.11,4.11,3.75,3.75,620
2025-10-30,MSC,3.89,4.61,3.57,4.01,15200
2025-10-29,MSC,4.2,4.2,4.2,4.2,133
2025-10-28,MSC,4.24,4.24,4.24,4.24,900
2025-10-27,MSC,4.04,4.36,3.88,4.36,7000
2025-10-24,MSC,4.46,4.46,4.15,4.15,3000
2025-10-23,MSC,4.31,4.31,4.31,4.31,657
2025-10-22,MSC,4.49,4.69,4.31,4.31,32200
2025-10-21,MSC,4.35,4.5,4.35,4.5,6800
2025-10-20,MSC,4.3,4.43,4.3,4.43,1118
2025-10-17,MSC,4.5,4.5,4.5,4.5,800
2025-10-16,MSC,4.3,4.5,4.3,4.32,35036
2025-10-15,MSC,4.0,4.47,4.0,4.37,3400
2025-10-14,MSC,4.0,4.32,4.0,4.02,4126
2025-10-13,MSC,4.21,4.21,4.0,4.01,6400
2025-10-10,MSC,4.5,4.5,4.31,4.35,15400
2025-10-09,MSC,4.52,4.91,4.29,4.31,41525
2025-10-08,MSC,4.0,4.68,4.0,4.68,11605
2025-10-07,MSC,3.9,4.23,3.9,3.93,15804
2025-12-05,WDH,1.86,1.86,1.78,1.8,294516
2025-12-04,WDH,1.92,1.92,1.81,1.82,296200
2025-12-03,WDH,1.92,2.03,1.77,1.89,2249041
2025-12-02,WDH,1.87,1.89,1.82,1.87,465900
2025-12-01,WDH,1.83,1.9,1.82,1.85,439694
2025-11-28,WDH,1.83,1.84,1.79,1.8,179329
2025-11-26,WDH,1.75,1.77,1.73,1.76,170400
2025-11-25,WDH,1.81,1.81,1.7,1.7,190700
2025-11-24,WDH,1.65,1.84,1.65,1.82,562372
2025-11-21,WDH,1.57,1.66,1.57,1.65,116200
2025-11-20,WDH,1.64,1.67,1.58,1.58,136595
2025-11-19,WDH,1.67,1.69,1.62,1.63,229800
2025-11-18,WDH,1.66,1.66,1.64,1.66,47436
2025-11-17,WDH,1.62,1.68,1.61,1.66,244979
2025-11-14,WDH,1.61,1.64,1.59,1.59,167300
2025-11-13,WDH,1.61,1.67,1.6,1.6,212031
2025-11-12,WDH,1.71,1.71,1.61,1.63,247736
2025-11-11,WDH,1.66,1.69,1.65,1.68,130916
2025-11-10,WDH,1.61,1.69,1.61,1.66,304970
2025-11-07,WDH,1.58,1.62,1.57,1.6,182448
2025-11-06,WDH,1.64,1.64,1.59,1.59,447300
2025-11-05,WDH,1.65,1.7,1.65,1.66,132705
2025-11-04,WDH,1.7,1.73,1.65,1.67,314700
2025-11-03,WDH,1.77,1.78,1.73,1.73,87483
2025-10-31,WDH,1.76,1.76,1.74,1.76,117168
2025-10-30,WDH,1.69,1.75,1.69,1.74,163100
2025-10-29,WDH,1.78,1.78,1.7,1.72,360686
2025-10-28,WDH,1.81,1.82,1.77,1.77,172222
2025-10-27,WDH,1.81,1.83,1.78,1.8,230205
2025-10-24,WDH,1.8,1.81,1.78,1.78,188440
2025-10-23,WDH,1.77,1.8,1.77,1.79,166273
2025-10-22,WDH,1.8,1.81,1.76,1.77,246868
2025-10-21,WDH,1.8,1.84,1.79,1.81,199303
2025-10-20,WDH,1.78,1.82,1.78,1.81,250725
2025-10-17,WDH,1.78,1.81,1.77,1.78,226200
2025-10-16,WDH,1.85,1.85,1.78,1.78,268518
2025-10-15,WDH,1.82,1.86,1.79,1.86,335102
2025-10-14,WDH,1.8,1.8,1.74,1.79,478721
2025-10-13,WDH,1.86,1.86,1.8,1.8,417110
2025-10-10,WDH,1.91,1.94,1.83,1.84,833900
2025-10-09,WDH,1.92,1.94,1.87,1.88,373957
2025-10-08,WDH,1.96,1.96,1.9,1.92,310700
2025-10-07,WDH,1.97,2.01,1.91,1.93,400914
2025-12-04,MBVI,10.04,10.05,10.03,10.05,63338
2025-12-03,MBVI,10.02,10.05,10.02,10.04,34201
2025-12-02,MBVI,10.02,10.04,10.01,10.03,29730
2025-12-01,MBVI,10.03,10.06,10.0,10.04,106230
2025-11-28,MBVI,10.0,10.05,10.0,10.05,5922
2025-11-26,MBVI,10.02,10.05,10.0,10.05,48029
2025-11-25,MBVI,10.02,10.04,10.02,10.03,51100
2025-11-24,MBVI,10.04,10.04,10.03,10.04,57511
2025-11-21,MBVI,10.06,10.06,10.04,10.04,70140
2025-11-20,MBVI,10.07,10.08,10.07,10.07,31300
2025-11-19,MBVI,10.09,10.09,10.06,10.07,17836
2025-11-18,MBVI,10.09,10.1,10.06,10.09,11700
2025-11-17,MBVI,10.08,10.08,10.05,10.05,303
2025-11-14,MBVI,10.04,10.09,10.04,10.09,20047
2025-11-13,MBVI,10.06,10.06,10.04,10.04,112700
2025-11-12,MBVI,10.06,10.06,10.06,10.06,339
2025-11-11,MBVI,10.09,10.09,10.09,10.09,25111
2025-11-10,MBVI,10.08,10.08,10.07,10.08,60300
2025-11-07,MBVI,10.1,10.1,10.06,10.09,33573
2025-11-06,MBVI,10.1,10.1,10.1,10.1,10700
2025-11-05,MBVI,10.07,10.07,10.07,10.07,510
2025-11-04,MBVI,10.06,10.09,10.06,10.07,85132
2025-11-03,MBVI,10.07,10.07,10.07,10.07,8600
2025-10-31,MBVI,10.09,10.09,10.07,10.07,408400
2025-10-30,MBVI,10.09,10.1,10.09,10.1,8046
2025-10-29,MBVI,10.12,10.13,10.11,10.12,1233
2025-10-28,MBVI,10.13,10.13,10.1,10.12,149500
2025-10-27,MBVI,10.14,10.14,10.14,10.14,7
2025-10-24,MBVI,10.14,10.14,10.14,10.14,1428
2025-10-23,MBVI,10.11,10.14,10.1,10.14,146503
2025-10-22,MBVI,10.05,10.17,10.04,10.14,267629
2025-10-21,MBVI,10.01,10.06,10.01,10.05,66730
2025-10-20,MBVI,10.09,10.09,10.0,10.04,71200
2025-10-17,MBVI,10.3,10.5,10.02,10.09,99300
2025-12-05,GIW,9.9,9.9,9.9,9.9,1005
2025-12-04,GIW,9.9,9.9,9.9,9.9,757600
2025-12-03,GIW,9.9,9.9,9.89,9.89,134900
2025-12-02,GIW,9.9,9.9,9.89,9.9,15131
2025-12-01,GIW,9.91,9.91,9.89,9.89,1082929
2025-11-28,GIW,9.9,9.91,9.9,9.9,19424
2025-11-26,GIW,9.91,9.91,9.9,9.9,64600
2025-11-25,GIW,9.91,9.92,9.9,9.91,26600
2025-11-24,GIW,9.9,9.9,9.9,9.9,14200
2025-11-21,GIW,9.93,9.93,9.9,9.9,33746
2025-11-20,GIW,9.91,9.92,9.9,9.9,109600
2025-11-19,GIW,9.91,9.91,9.9,9.91,2900
2025-11-18,GIW,9.92,9.92,9.9,9.91,194400
2025-11-17,GIW,9.93,9.93,9.9,9.9,152700
2025-11-14,GIW,9.91,9.93,9.91,9.91,29218
2025-11-13,GIW,9.91,9.92,9.91,9.91,7929
2025-11-12,GIW,9.91,9.92,9.91,9.91,4400
2025-11-11,GIW,9.91,9.92,9.91,9.92,1005
2025-11-10,GIW,9.92,9.92,9.91,9.92,5300
2025-11-07,GIW,9.93,9.93,9.9,9.91,112809
2025-11-06,GIW,9.95,9.95,9.92,9.93,966600
2025-11-05,GIW,9.95,9.95,9.95,9.95,11111
2025-11-04,GIW,9.94,9.95,9.94,9.94,224500
2025-11-03,GIW,9.94,9.95,9.93,9.93,179400
2025-10-31,GIW,9.95,9.95,9.94,9.94,143400
2025-10-30,GIW,9.94,9.95,9.93,9.95,605486
2025-10-29,GIW,9.95,9.96,9.94,9.94,191512
2025-10-28,GIW,9.95,9.96,9.93,9.94,632736
2025-10-27,GIW,10.05,10.05,9.93,9.93,265830
2025-12-05,CGC,1.19,1.22,1.15,1.15,24551135
2025-12-04,CGC,1.16,1.23,1.16,1.21,19194800
2025-12-03,CGC,1.11,1.21,1.1,1.16,20624331
2025-12-02,CGC,1.13,1.2,1.11,1.11,19542800
2025-12-01,CGC,1.14,1.17,1.12,1.13,16169921
2025-11-28,CGC,1.19,1.2,1.16,1.17,7944000
2025-11-26,CGC,1.19,1.24,1.17,1.21,17639313
2025-11-25,CGC,1.15,1.2,1.12,1.19,18307633
2025-11-24,CGC,1.11,1.19,1.09,1.14,24321708
2025-11-21,CGC,1.0,1.12,0.996,1.11,33281100
2025-11-20,CGC,1.08,1.11,1.01,1.01,29640231
2025-11-19,CGC,1.09,1.09,1.04,1.05,22233600
2025-11-18,CGC,1.04,1.09,1.04,1.07,21304205
2025-11-17,CGC,1.08,1.11,1.03,1.05,20730700
2025-11-14,CGC,1.08,1.12,1.06,1.07,21750200
2025-11-13,CGC,1.15,1.17,1.08,1.1,24072815
2025-11-12,CGC,1.21,1.25,1.17,1.19,20910100
2025-11-11,CGC,1.26,1.26,1.19,1.2,22652818
2025-11-10,CGC,1.2,1.29,1.18,1.27,25953908
2025-11-07,CGC,1.24,1.25,1.11,1.17,29011500
2025-11-06,CGC,1.15,1.16,1.09,1.09,18893000
2025-11-05,CGC,1.15,1.18,1.14,1.14,16420900
2025-11-04,CGC,1.17,1.18,1.1,1.13,27786120
2025-11-03,CGC,1.24,1.25,1.19,1.2,15707123
2025-10-31,CGC,1.22,1.26,1.21,1.24,20326900
2025-10-30,CGC,1.24,1.26,1.21,1.22,19821100
2025-10-29,CGC,1.29,1.3,1.24,1.25,14069700
2025-10-28,CGC,1.33,1.33,1.28,1.29,18515200
2025-10-27,CGC,1.36,1.36,1.3,1.32,13463907
2025-10-24,CGC,1.34,1.38,1.32,1.35,17987200
2025-10-23,CGC,1.33,1.38,1.31,1.32,17546946
2025-10-22,CGC,1.36,1.37,1.27,1.32,17116800
2025-10-21,CGC,1.4,1.4,1.36,1.37,9983600
2025-10-20,CGC,1.33,1.42,1.31,1.39,20052040
2025-10-17,CGC,1.34,1.35,1.28,1.31,23345030
2025-10-16,CGC,1.47,1.5,1.35,1.35,20873100
2025-10-15,CGC,1.38,1.54,1.34,1.46,35836300
2025-10-14,CGC,1.34,1.39,1.3,1.36,21235200
2025-10-13,CGC,1.4,1.42,1.32,1.37,18699100
2025-10-10,CGC,1.59,1.6,1.37,1.37,31515422
2025-10-09,CGC,1.61,1.75,1.57,1.65,47664916
2025-10-08,CGC,1.46,1.53,1.42,1.53,22670700
2025-10-07,CGC,1.4,1.52,1.4,1.45,43272800
2025-12-05,GCO,24.4,25.5,22.72,22.73,384478
2025-12-04,GCO,24.55,26.5,22.05,24.38,751818
2025-12-03,GCO,35.6,36.26,34.66,35.25,400100
2025-12-02,GCO,35.83,36.17,35.4,35.4,135127
2025-12-01,GCO,35.19,36.55,35.1,35.74,203646
2025-11-28,GCO,35.6,35.88,34.92,35.85,44800
2025-11-26,GCO,34.99,36.48,34.96,35.27,229319
2025-11-25,GCO,33.01,35.42,31.37,34.9,370815
2025-11-24,GCO,32.49,33.21,32.1,32.6,137455
2025-11-21,GCO,30.58,33.28,30.58,32.76,104500
2025-11-20,GCO,30.94,31.58,30.0,30.25,70602
2025-11-19,GCO,30.19,30.89,30.14,30.38,52800
2025-11-18,GCO,30.29,30.84,30.05,30.49,79000
2025-11-17,GCO,31.5,31.54,30.44,30.75,81800
2025-11-14,GCO,31.91,32.16,31.23,31.82,43129
2025-11-13,GCO,32.39,32.96,31.72,32.36,47900
2025-11-12,GCO,31.53,32.5,30.92,32.41,75200
2025-11-11,GCO,31.47,31.64,30.91,31.3,50144
2025-11-10,GCO,31.65,31.88,30.98,31.4,47345
2025-11-07,GCO,30.6,31.36,30.39,31.35,65035
2025-11-06,GCO,30.4,30.82,30.01,30.67,68840
2025-11-05,GCO,28.98,31.27,27.85,30.74,105900
2025-11-04,GCO,29.05,29.54,28.59,28.68,56200
2025-11-03,GCO,29.23,29.78,28.67,29.65,91100
2025-10-31,GCO,28.66,29.1,28.27,29.01,61600
2025-10-30,GCO,29.52,29.52,28.41,28.79,53441
2025-10-29,GCO,30.76,31.0,29.46,29.67,184900
2025-10-28,GCO,30.78,31.24,30.26,30.92,50900
2025-10-27,GCO,31.28,32.22,31.0,31.15,75400
2025-10-24,GCO,30.66,30.77,30.21,30.76,66835
2025-10-23,GCO,29.05,30.22,29.05,30.17,117132
2025-10-22,GCO,29.79,29.98,28.79,29.06,75000
2025-10-21,GCO,29.44,29.94,29.44,29.74,46204
2025-10-20,GCO,28.95,29.53,28.94,29.5,61115
2025-10-17,GCO,28.79,28.99,28.27,28.61,93921
2025-10-16,GCO,29.26,29.51,28.26,28.94,123600
2025-10-15,GCO,29.0,29.87,28.39,29.4,92500
2025-10-14,GCO,27.18,28.74,26.87,28.67,89500
2025-10-13,GCO,26.8,27.68,26.8,27.61,109448
2025-10-10,GCO,28.17,28.17,26.08,26.15,92400
2025-10-09,GCO,28.48,28.48,27.72,28.03,71323
2025-10-08,GCO,28.46,28.91,28.14,28.58,82500
2025-10-07,GCO,29.26,29.64,28.06,28.33,123100
2025-12-05,BKKT,15.33,15.48,13.6,14.0,2205976
2025-12-04,BKKT,14.34,15.66,14.04,15.6,842100
2025-12-03,BKKT,13.98,14.94,13.54,14.67,1329933
2025-12-02,BKKT,14.31,14.62,13.8,13.88,1498704
2025-12-01,BKKT,15.0,15.01,13.55,13.85,1144601
2025-11-28,BKKT,15.49,16.52,15.38,15.77,807200
2025-11-26,BKKT,15.64,15.76,14.58,14.89,1047946
2025-11-25,BKKT,15.55,15.92,14.51,15.37,901302
2025-11-24,BKKT,14.45,15.95,14.1,15.6,1489112
2025-11-21,BKKT,15.0,15.12,13.35,13.97,1441300
2025-11-20,BKKT,17.62,17.95,14.67,14.76,1737936
2025-11-19,BKKT,18.07,18.07,16.63,16.98,956900
2025-11-18,BKKT,17.49,17.94,16.4,17.12,1160420
2025-11-17,BKKT,17.68,18.35,16.61,16.79,1214310
2025-11-14,BKKT,16.85,19.65,16.69,18.15,2077216
2025-11-13,BKKT,21.57,21.7,18.13,18.52,2882000
2025-11-12,BKKT,22.12,22.8,20.26,21.61,2038707
2025-11-11,BKKT,20.65,22.29,19.56,21.47,2063300
2025-11-10,BKKT,25.0,25.0,19.9,20.96,2956500
2025-11-07,BKKT,20.81,23.75,20.16,23.66,1696900
2025-11-06,BKKT,23.32,23.72,21.13,21.31,1151700
2025-11-05,BKKT,22.71,25.16,22.0,23.86,1412325
2025-11-04,BKKT,25.37,26.64,21.21,21.58,2087411
2025-11-03,BKKT,27.2,28.5,25.16,26.88,2022400
2025-10-31,BKKT,24.0,28.09,23.42,27.67,1984300
2025-10-30,BKKT,25.05,25.71,22.95,22.97,1166100
2025-10-29,BKKT,27.0,27.34,25.66,26.03,984000
2025-10-28,BKKT,28.76,29.71,26.41,26.74,1240500
2025-10-27,BKKT,30.06,31.51,27.4,29.06,1747504
2025-10-24,BKKT,30.4,30.73,28.6,28.84,1357900
2025-10-23,BKKT,28.03,29.85,27.26,28.58,1040300
2025-10-22,BKKT,30.5,31.13,27.05,28.1,2092315
2025-10-21,BKKT,35.41,35.82,31.39,32.14,2271600
2025-10-20,BKKT,40.71,41.7,34.44,35.29,2846924
2025-10-17,BKKT,37.42,39.48,35.55,35.7,1893900
2025-10-16,BKKT,43.95,45.48,39.0,39.15,1606930
2025-10-15,BKKT,46.6,47.18,40.0,42.79,2911207
2025-10-14,BKKT,36.01,45.48,34.62,45.04,2723840
2025-10-13,BKKT,34.01,38.08,33.0,37.71,2614149
2025-10-10,BKKT,38.51,40.4,32.6,32.94,3028307
2025-10-09,BKKT,40.53,43.69,35.5,38.21,2998602
2025-10-08,BKKT,38.89,41.87,37.1,39.76,1589000
2025-10-07,BKKT,42.88,46.16,36.71,38.92,3645423
2025-12-05,CTGO,25.97,26.8,25.8,26.22,76586
2025-12-04,CTGO,25.07,25.95,25.07,25.65,70879
2025-12-03,CTGO,24.41,25.88,24.41,25.61,108600
2025-12-02,CTGO,24.27,24.57,23.84,24.1,75200
2025-12-01,CTGO,24.15,24.99,24.04,24.51,102013
2025-11-28,CTGO,23.25,24.4,23.07,24.22,92200
2025-11-26,CTGO,22.86,23.36,22.7,23.07,90927
2025-11-25,CTGO,21.71,23.12,21.67,22.86,132200
2025-11-24,CTGO,20.96,22.02,20.76,21.68,111973
2025-11-21,CTGO,20.82,21.56,20.64,20.83,73340
2025-11-20,CTGO,21.65,22.59,20.79,20.86,92567
2025-11-19,CTGO,22.91,23.18,21.43,21.45,78839
2025-11-18,CTGO,22.81,23.12,21.88,22.55,131142
2025-11-17,CTGO,21.99,22.81,21.42,22.52,118500
2025-11-14,CTGO,22.1,22.74,21.54,21.89,108100
2025-11-13,CTGO,24.0,24.03,23.16,23.17,80825
2025-11-12,CTGO,22.96,24.32,22.66,24.02,114500
2025-11-11,CTGO,22.1,22.9,21.52,22.8,120300
2025-11-10,CTGO,22.37,22.94,21.77,21.86,189145
2025-11-07,CTGO,20.74,21.92,20.74,21.79,79907
2025-11-06,CTGO,20.77,21.55,20.45,20.46,58973
2025-11-05,CTGO,20.55,21.09,20.49,20.66,70700
2025-11-04,CTGO,20.73,21.27,20.22,20.43,91500
2025-11-03,CTGO,21.5,21.75,20.99,21.18,63723
2025-10-31,CTGO,21.46,22.04,21.21,21.46,102403
2025-10-30,CTGO,21.01,21.99,21.01,21.77,59036
2025-10-29,CTGO,21.8,21.8,21.18,21.31,106771
2025-10-28,CTGO,20.8,21.94,20.8,21.39,131951
2025-10-27,CTGO,21.76,21.91,20.72,21.2,147400
2025-10-24,CTGO,22.39,22.82,22.07,22.28,50200
2025-10-23,CTGO,23.26,23.26,22.28,22.51,80007
2025-10-22,CTGO,22.5,23.47,22.4,22.85,119834
2025-10-21,CTGO,24.56,24.56,22.7,22.98,81700
2025-10-20,CTGO,24.96,25.35,24.56,25.22,83178
2025-10-17,CTGO,25.16,25.35,24.04,24.5,124201
2025-10-16,CTGO,25.86,26.2,25.12,25.37,106376
2025-10-15,CTGO,26.5,26.88,25.32,25.73,174981
2025-10-14,CTGO,25.4,26.69,25.19,26.4,143233
2025-10-13,CTGO,25.0,25.99,24.9,25.68,154250
2025-10-10,CTGO,24.55,25.36,24.28,24.44,76584
2025-10-09,CTGO,25.13,25.64,24.4,24.57,106870
2025-10-08,CTGO,25.0,25.75,24.98,25.4,137001
2025-10-07,CTGO,25.0,25.28,24.33,24.86,108600
2025-12-05,BLZR,10.06,10.06,10.06,10.06,51500
2025-12-04,BLZR,10.07,10.07,10.05,10.06,9400
2025-12-03,BLZR,10.06,10.06,10.05,10.06,192500
2025-12-02,BLZR,10.06,10.08,10.06,10.07,32600
2025-12-01,BLZR,10.09,10.09,10.07,10.08,19200
2025-11-28,BLZR,10.08,10.08,10.08,10.08,1
2025-11-26,BLZR,10.08,10.08,10.08,10.08,5100
2025-11-25,BLZR,10.1,10.1,10.09,10.09,11102
2025-11-24,BLZR,10.1,10.1,10.09,10.09,17917
2025-11-21,BLZR,10.11,10.11,10.11,10.11,300
2025-11-20,BLZR,10.11,10.11,10.1,10.1,55900
2025-11-19,BLZR,10.12,10.12,10.12,10.12,100
2025-11-18,BLZR,10.13,10.13,10.11,10.11,27517
2025-11-17,BLZR,10.11,10.13,10.11,10.13,3500
2025-11-14,BLZR,10.14,10.14,10.14,10.14,1500
2025-11-13,BLZR,10.12,10.14,10.12,10.14,403900
2025-11-12,BLZR,10.14,10.14,10.14,10.14,169
2025-11-11,BLZR,10.15,10.15,10.14,10.14,5500
2025-11-10,BLZR,10.14,10.14,10.14,10.14,30200
2025-11-07,BLZR,10.12,10.16,10.12,10.14,124100
2025-11-06,BLZR,10.15,10.16,10.15,10.15,7100
2025-11-05,BLZR,10.14,10.15,10.14,10.15,32700
2025-11-04,BLZR,10.17,10.17,10.14,10.14,221200
2025-11-03,BLZR,10.14,10.16,10.14,10.15,576400
2025-10-31,BLZR,10.1,10.16,10.1,10.12,67415
2025-12-05,HYLN,2.01,2.01,1.92,1.92,695153
2025-12-04,HYLN,1.88,2.01,1.86,1.98,768645
2025-12-03,HYLN,1.83,1.91,1.8,1.89,672641
2025-12-02,HYLN,1.83,1.89,1.8,1.81,865142
2025-12-01,HYLN,1.83,1.89,1.79,1.84,1047400
2025-11-28,HYLN,1.86,1.89,1.83,1.88,391900
2025-11-26,HYLN,1.83,1.89,1.83,1.85,1072600
2025-11-25,HYLN,1.75,1.84,1.74,1.84,1211347
2025-11-24,HYLN,1.7,1.78,1.66,1.78,1290200
2025-11-21,HYLN,1.59,1.7,1.56,1.7,1142585
2025-11-20,HYLN,1.71,1.8,1.58,1.58,1357900
2025-11-19,HYLN,1.67,1.71,1.63,1.66,1127618
2025-11-18,HYLN,1.61,1.73,1.61,1.68,1153019
2025-11-17,HYLN,1.69,1.8,1.61,1.64,1854619
2025-11-14,HYLN,1.61,1.73,1.6,1.7,2514934
2025-11-13,HYLN,1.85,1.89,1.62,1.68,2969029
2025-11-12,HYLN,1.93,1.97,1.73,1.9,4402725
2025-11-11,HYLN,2.06,2.19,2.0,2.18,1772422
2025-11-10,HYLN,2.19,2.2,2.0,2.06,1771926
2025-11-07,HYLN,2.06,2.14,1.93,2.12,2104500
2025-11-06,HYLN,2.19,2.2,2.07,2.08,1149848
2025-11-05,HYLN,2.11,2.2,2.11,2.18,940649
2025-11-04,HYLN,2.1,2.23,2.08,2.09,1646517
2025-11-03,HYLN,2.33,2.37,2.2,2.2,1129600
2025-10-31,HYLN,2.3,2.41,2.29,2.37,891428
2025-10-30,HYLN,2.24,2.35,2.21,2.3,947024
2025-10-29,HYLN,2.11,2.42,2.11,2.27,2377800
2025-10-28,HYLN,2.2,2.2,2.1,2.12,801700
2025-10-27,HYLN,2.35,2.35,2.21,2.22,1157940
2025-10-24,HYLN,2.24,2.33,2.22,2.28,1230100
2025-10-23,HYLN,2.02,2.25,2.02,2.17,2156334
2025-10-22,HYLN,2.13,2.27,1.96,2.02,4570100
2025-10-21,HYLN,2.19,2.23,2.09,2.15,1835406
2025-10-20,HYLN,2.11,2.22,2.09,2.13,1601328
2025-10-17,HYLN,2.23,2.23,2.03,2.07,2517900
2025-10-16,HYLN,2.51,2.55,2.25,2.27,2782507
2025-10-15,HYLN,2.47,2.54,2.4,2.5,2348227
2025-10-14,HYLN,2.32,2.46,2.22,2.4,1121000
2025-10-13,HYLN,2.4,2.49,2.31,2.38,1666600
2025-10-10,HYLN,2.34,2.43,2.19,2.26,2039700
2025-10-09,HYLN,2.5,2.52,2.29,2.32,2072843
2025-10-08,HYLN,2.38,2.56,2.34,2.51,2768000
2025-10-07,HYLN,2.11,2.49,2.09,2.34,3917700
2025-12-05,TOI,3.21,3.25,2.99,3.03,1729624
2025-12-04,TOI,3.07,3.32,3.06,3.23,2002200
2025-12-03,TOI,2.95,3.12,2.9,3.07,1722563
2025-12-02,TOI,2.95,3.02,2.9,2.96,2268900
2025-12-01,TOI,3.06,3.13,2.93,2.94,2195946
2025-11-28,TOI,3.15,3.2,3.07,3.14,967000
2025-11-26,TOI,3.13,3.18,3.0,3.12,2969560
2025-11-25,TOI,3.19,3.26,2.88,3.16,3717738
2025-11-24,TOI,3.2,3.32,3.01,3.04,2327444
2025-11-21,TOI,3.19,3.27,3.07,3.13,2143023
2025-11-20,TOI,3.34,3.51,3.09,3.24,4866300
2025-11-19,TOI,3.72,3.77,3.26,3.27,4837300
2025-11-18,TOI,3.71,4.01,3.63,3.77,3408400
2025-11-17,TOI,3.99,3.99,3.57,3.77,4848819
2025-11-14,TOI,3.17,4.18,3.14,3.97,8647722
2025-11-13,TOI,3.38,3.39,3.07,3.08,2897331
2025-11-12,TOI,3.34,3.47,3.34,3.43,1597433
2025-11-11,TOI,3.29,3.38,3.23,3.36,2020700
2025-11-10,TOI,3.61,3.65,3.29,3.31,2892479
2025-11-07,TOI,3.67,3.73,3.36,3.55,4188700
2025-11-06,TOI,4.11,4.23,3.79,3.81,2398500
2025-11-05,TOI,4.27,4.34,4.08,4.09,1878428
2025-11-04,TOI,4.4,4.62,4.18,4.24,2732909
2025-11-03,TOI,4.47,4.56,4.34,4.49,1300400
2025-10-31,TOI,4.65,4.76,4.4,4.46,1797776
2025-10-30,TOI,4.58,4.8,4.56,4.59,1400149
2025-10-29,TOI,4.65,4.8,4.49,4.7,1876200
2025-10-28,TOI,4.62,4.78,4.56,4.68,1905200
2025-10-27,TOI,4.82,4.83,4.44,4.61,1995906
2025-10-24,TOI,4.71,4.88,4.6,4.75,2480247
2025-10-23,TOI,4.4,4.8,4.39,4.61,3419300
2025-10-22,TOI,4.29,4.45,4.2,4.39,3141210
2025-10-21,TOI,4.19,4.29,4.09,4.26,1894309
2025-10-20,TOI,3.9,4.25,3.7,4.24,3130531
2025-10-17,TOI,3.74,3.94,3.47,3.82,2384657
2025-10-16,TOI,4.11,4.24,3.79,3.79,2216232
2025-10-15,TOI,4.02,4.19,3.93,4.01,2190139
2025-10-14,TOI,3.89,4.05,3.79,3.99,1563100
2025-10-13,TOI,3.91,4.03,3.86,3.95,1318111
2025-10-10,TOI,3.95,3.99,3.75,3.79,1924100
2025-10-09,TOI,4.0,4.08,3.89,3.91,1531858
2025-10-08,TOI,3.88,3.98,3.79,3.97,1385500
2025-10-07,TOI,3.81,3.9,3.71,3.82,1256646
2025-12-05,LWAC,10.07,10.07,10.07,10.07,25200
2025-12-04,LWAC,10.12,10.12,10.08,10.08,17800
2025-12-03,LWAC,10.07,10.09,10.07,10.08,25900
2025-12-02,LWAC,10.09,10.09,10.08,10.08,4600
2025-12-01,LWAC,10.11,10.11,10.09,10.1,29600
2025-11-28,LWAC,10.08,10.09,10.08,10.09,11346
2025-11-26,LWAC,10.07,10.08,10.07,10.08,200
2025-11-25,LWAC,10.09,10.11,10.09,10.09,25100
2025-11-24,LWAC,10.07,10.07,10.07,10.07,100
2025-11-21,LWAC,10.12,10.12,10.12,10.12,400
2025-11-20,LWAC,10.12,10.12,10.12,10.12,3100
2025-11-19,LWAC,10.1,10.1,10.1,10.1,50040
2025-11-18,LWAC,10.09,10.09,10.09,10.09,10084
2025-11-17,LWAC,10.09,10.09,10.09,10.09,10100
2025-11-14,LWAC,10.11,10.12,10.11,10.12,10500
2025-11-13,LWAC,10.1,10.1,10.1,10.1,7985
2025-11-12,LWAC,10.1,10.1,10.1,10.1,7985
2025-11-11,LWAC,10.11,10.11,10.1,10.1,8200
2025-11-10,LWAC,10.09,10.09,10.09,10.09,25300
2025-11-07,LWAC,10.09,10.09,10.09,10.09,500
2025-11-06,LWAC,10.1,10.1,10.09,10.09,1200
2025-11-05,LWAC,10.07,10.1,10.06,10.1,286400
2025-11-04,LWAC,10.06,10.06,10.06,10.06,152800
2025-11-03,LWAC,10.06,10.06,10.06,10.06,10200
2025-10-31,LWAC,10.06,10.06,10.06,10.06,242100
2025-10-30,LWAC,10.05,10.05,10.05,10.05,88700
2025-10-29,LWAC,10.03,10.04,10.03,10.04,58300
2025-10-28,LWAC,10.03,10.04,10.03,10.03,155100
2025-10-27,LWAC,10.04,10.05,10.01,10.03,199500
2025-10-24,LWAC,10.01,10.04,10.01,10.03,594500
2025-10-23,LWAC,10.03,10.03,10.03,10.03,311
2025-10-22,LWAC,10.05,10.05,10.05,10.05,1694
2025-10-21,LWAC,10.0,10.05,10.0,10.05,1700
2025-10-20,LWAC,10.0,10.04,10.0,10.04,10200
2025-10-17,LWAC,10.0,10.05,10.0,10.01,6400
2025-10-16,LWAC,10.0,10.04,10.0,10.01,5742
2025-10-15,LWAC,10.0,10.0,10.0,10.0,5100
2025-10-14,LWAC,10.0,10.0,10.0,10.0,46040
2025-10-13,LWAC,10.0,10.0,10.0,10.0,20623
2025-10-10,LWAC,9.98,9.98,9.98,9.98,3615
2025-10-09,LWAC,9.97,10.02,9.97,10.02,11000
2025-10-08,LWAC,9.96,9.98,9.96,9.98,262704
2025-10-07,LWAC,9.96,9.96,9.96,9.96,25915
2025-12-05,GLDG,1.44,1.51,1.43,1.46,3132995
2025-12-04,GLDG,1.41,1.44,1.4,1.41,2552300
2025-12-03,GLDG,1.39,1.44,1.38,1.43,1863900
2025-12-02,GLDG,1.41,1.43,1.37,1.4,1727600
2025-12-01,GLDG,1.45,1.46,1.41,1.42,2664200
2025-11-28,GLDG,1.41,1.45,1.38,1.43,1858637
2025-11-26,GLDG,1.39,1.4,1.37,1.39,1765100
2025-11-25,GLDG,1.39,1.41,1.37,1.38,2404807
2025-11-24,GLDG,1.31,1.41,1.3,1.39,5665600
2025-11-21,GLDG,1.31,1.32,1.26,1.3,2924210
2025-11-20,GLDG,1.44,1.45,1.3,1.31,3173400
2025-11-19,GLDG,1.44,1.56,1.43,1.44,4231300
2025-11-18,GLDG,1.32,1.39,1.31,1.39,1405300
2025-11-17,GLDG,1.31,1.34,1.28,1.31,1212200
2025-11-14,GLDG,1.32,1.34,1.28,1.33,1287718
2025-11-13,GLDG,1.43,1.45,1.34,1.37,1345000
2025-11-12,GLDG,1.37,1.41,1.36,1.41,1441600
2025-11-11,GLDG,1.38,1.41,1.33,1.37,1436000
2025-11-10,GLDG,1.33,1.42,1.32,1.39,3047900
2025-11-07,GLDG,1.24,1.3,1.22,1.27,1114500
2025-11-06,GLDG,1.25,1.31,1.24,1.25,906500
2025-11-05,GLDG,1.25,1.29,1.24,1.25,1092307
2025-11-04,GLDG,1.31,1.32,1.24,1.25,1663428
2025-11-03,GLDG,1.38,1.4,1.33,1.34,1112228
2025-10-31,GLDG,1.4,1.4,1.35,1.38,1191000
2025-10-30,GLDG,1.34,1.4,1.33,1.4,1141600
2025-10-29,GLDG,1.4,1.41,1.33,1.34,1749848
2025-10-28,GLDG,1.28,1.38,1.26,1.35,2085200
2025-10-27,GLDG,1.42,1.42,1.3,1.34,2964610
2025-10-24,GLDG,1.4,1.44,1.38,1.42,1920378
2025-10-23,GLDG,1.48,1.51,1.4,1.4,1705800
2025-10-22,GLDG,1.42,1.47,1.38,1.45,3001100
2025-10-21,GLDG,1.57,1.61,1.45,1.48,3455500
2025-10-20,GLDG,1.57,1.71,1.57,1.67,3480643
2025-10-17,GLDG,1.55,1.6,1.5,1.53,3678700
2025-10-16,GLDG,1.74,1.75,1.61,1.64,4043042
2025-10-15,GLDG,1.68,1.75,1.65,1.75,5004225
2025-10-14,GLDG,1.66,1.77,1.65,1.66,5157500
2025-10-13,GLDG,1.79,1.79,1.62,1.73,4687200
2025-10-10,GLDG,1.72,1.76,1.61,1.71,6249500
2025-10-09,GLDG,1.79,1.8,1.59,1.64,9286900
2025-10-08,GLDG,1.65,1.68,1.49,1.64,15222643
2025-10-07,GLDG,1.31,1.46,1.3,1.42,6826137
2025-12-05,FNLC,26.2,26.24,25.73,25.85,10400
2025-12-04,FNLC,26.14,26.42,26.1,26.14,10500
2025-12-03,FNLC,25.66,26.2,25.66,26.14,19107
2025-12-02,FNLC,25.47,25.69,25.31,25.33,15100
2025-12-01,FNLC,25.26,25.77,25.26,25.51,11600
2025-11-28,FNLC,25.84,25.84,25.45,25.59,9349
2025-11-26,FNLC,25.71,25.98,25.71,25.83,13900
2025-11-25,FNLC,25.38,26.0,25.38,25.91,14300
2025-11-24,FNLC,25.44,25.69,25.38,25.47,12205
2025-11-21,FNLC,24.74,25.84,24.74,25.6,25500
2025-11-20,FNLC,24.89,25.3,24.73,24.74,14149
2025-11-19,FNLC,24.89,24.89,24.63,24.75,15334
2025-11-18,FNLC,25.0,25.13,24.8,24.81,15600
2025-11-17,FNLC,25.41,25.6,24.89,24.89,16623
2025-11-14,FNLC,25.6,25.82,25.13,25.76,14513
2025-11-13,FNLC,25.72,25.9,25.44,25.73,14000
2025-11-12,FNLC,25.6,25.65,25.38,25.56,9600
2025-11-11,FNLC,25.2,25.55,25.04,25.5,7606
2025-11-10,FNLC,25.28,25.33,24.81,25.25,12133
2025-11-07,FNLC,25.11,25.5,24.92,25.25,10844
2025-11-06,FNLC,24.98,25.44,24.95,25.02,12301
2025-11-05,FNLC,24.89,25.46,24.88,25.46,16800
2025-11-04,FNLC,24.76,25.15,24.76,24.86,16140
2025-11-03,FNLC,24.73,25.08,24.61,24.83,14000
2025-10-31,FNLC,24.59,24.85,24.39,24.79,19900
2025-10-30,FNLC,24.4,25.0,24.4,24.75,37129
2025-10-29,FNLC,25.14,25.33,24.46,24.48,38744
2025-10-28,FNLC,25.24,25.43,25.05,25.26,13500
2025-10-27,FNLC,25.65,25.65,25.14,25.28,15800
2025-10-24,FNLC,25.68,25.75,25.47,25.59,11527
2025-10-23,FNLC,25.85,25.85,25.19,25.27,14600
2025-10-22,FNLC,25.21,25.65,25.2,25.64,18918
2025-10-21,FNLC,25.35,25.36,25.03,25.22,13036
2025-10-20,FNLC,24.74,25.22,24.74,25.2,12400
2025-10-17,FNLC,24.5,25.0,24.5,24.64,24427
2025-10-16,FNLC,25.11,25.28,24.3,24.4,53100
2025-10-15,FNLC,25.34,25.44,24.79,25.2,28700
2025-10-14,FNLC,24.48,25.25,24.42,25.16,24730
2025-10-13,FNLC,24.37,24.8,24.16,24.57,21044
2025-10-10,FNLC,24.78,25.19,24.08,24.08,31213
2025-10-09,FNLC,24.96,25.05,24.62,24.83,26500
2025-10-08,FNLC,25.15,25.68,24.94,25.03,17349
2025-10-07,FNLC,25.34,25.65,25.0,25.04,18601
2025-12-05,CURI,4.65,4.65,4.5,4.52,401700
2025-12-04,CURI,4.55,4.77,4.5,4.74,583800
2025-12-03,CURI,4.52,4.59,4.42,4.56,320719
2025-12-02,CURI,4.59,4.69,4.43,4.52,477413
2025-12-01,CURI,4.69,4.7,4.49,4.57,601100
2025-11-28,CURI,4.67,4.89,4.61,4.81,486800
2025-11-26,CURI,4.73,4.75,4.57,4.7,445989
2025-11-25,CURI,4.7,4.74,4.54,4.71,755800
2025-11-24,CURI,4.64,4.76,4.57,4.7,778106
2025-11-21,CURI,4.3,4.6,4.21,4.56,946547
2025-11-20,CURI,4.63,5.0,4.32,4.35,2262607
2025-11-19,CURI,4.66,4.7,4.46,4.58,664211
2025-11-18,CURI,4.22,4.71,4.2,4.63,812500
2025-11-17,CURI,4.5,4.52,4.25,4.31,681100
2025-11-14,CURI,4.56,4.66,4.09,4.56,1969562
2025-11-13,CURI,4.47,5.1,4.44,4.66,5092200
2025-11-12,CURI,3.99,4.02,3.63,3.76,1341000
2025-11-11,CURI,3.65,3.77,3.51,3.75,1218800
2025-11-10,CURI,4.05,4.05,3.64,3.67,805834
2025-11-07,CURI,3.76,3.93,3.67,3.92,785000
2025-11-06,CURI,4.06,4.09,3.77,3.78,968503
2025-11-05,CURI,4.18,4.22,4.04,4.09,279845
2025-11-04,CURI,4.1,4.17,4.03,4.1,332645
2025-11-03,CURI,4.35,4.5,4.07,4.2,530941
2025-10-31,CURI,4.42,4.56,4.31,4.34,280728
2025-10-30,CURI,4.71,4.75,4.41,4.42,346029
2025-10-29,CURI,4.76,4.78,4.56,4.7,602333
2025-10-28,CURI,4.55,4.55,4.42,4.45,305268
2025-10-27,CURI,4.49,4.54,4.39,4.41,389629
2025-10-24,CURI,4.47,4.6,4.46,4.49,407600
2025-10-23,CURI,4.38,4.47,4.36,4.44,242435
2025-10-22,CURI,4.49,4.49,4.24,4.38,469800
2025-10-21,CURI,4.59,4.61,4.5,4.51,216118
2025-10-20,CURI,4.52,4.65,4.5,4.61,333613
2025-10-17,CURI,4.54,4.61,4.3,4.42,562848
2025-10-16,CURI,4.74,4.87,4.46,4.56,1054924
2025-10-15,CURI,4.85,4.96,4.72,4.76,322187
2025-10-14,CURI,4.75,4.91,4.65,4.75,399900
2025-10-13,CURI,4.82,4.96,4.8,4.82,530247
2025-10-10,CURI,5.17,5.18,4.68,4.72,676700
2025-10-09,CURI,5.25,5.31,5.13,5.16,319800
2025-10-08,CURI,5.13,5.32,4.76,5.28,783015
2025-10-07,CURI,5.2,5.38,5.06,5.08,511424
2025-12-05,RXT,1.05,1.05,1.01,1.02,545272
2025-12-04,RXT,1.03,1.04,1.01,1.03,923033
2025-12-03,RXT,0.9938,1.05,0.9868,1.03,1783162
2025-12-02,RXT,1.01,1.03,0.9681,0.9938,1523218
2025-12-01,RXT,1.04,1.04,1.0,1.02,977849
2025-11-28,RXT,1.05,1.08,1.03,1.06,723600
2025-11-26,RXT,1.02,1.05,1.02,1.03,820800
2025-11-25,RXT,1.02,1.06,1.01,1.04,1282270
2025-11-24,RXT,1.06,1.07,1.0,1.01,2183500
2025-11-21,RXT,1.0,1.07,1.0,1.06,994306
2025-11-20,RXT,1.08,1.1,1.0,1.01,1331321
2025-11-19,RXT,1.14,1.14,1.05,1.05,1113212
2025-11-18,RXT,1.11,1.13,1.07,1.11,1040303
2025-11-17,RXT,1.16,1.16,1.11,1.12,849547
2025-11-14,RXT,1.13,1.16,1.11,1.14,819200
2025-11-13,RXT,1.17,1.21,1.14,1.15,1861200
2025-11-12,RXT,1.22,1.23,1.17,1.19,986901
2025-11-11,RXT,1.19,1.21,1.16,1.18,968198
2025-11-10,RXT,1.31,1.32,1.2,1.21,763640
2025-11-07,RXT,1.39,1.39,1.19,1.24,2229711
2025-11-06,RXT,1.53,1.54,1.45,1.46,646100
2025-11-05,RXT,1.51,1.56,1.5,1.55,645232
2025-11-04,RXT,1.54,1.59,1.49,1.5,965100
2025-11-03,RXT,1.61,1.62,1.51,1.57,858280
2025-10-31,RXT,1.63,1.63,1.54,1.6,1424818
2025-10-30,RXT,1.61,1.64,1.57,1.62,546221
2025-10-29,RXT,1.63,1.68,1.57,1.62,921300
2025-10-28,RXT,1.7,1.7,1.62,1.64,643700
2025-10-27,RXT,1.81,1.81,1.66,1.71,1144100
2025-10-24,RXT,1.86,1.86,1.72,1.76,1455049
2025-10-23,RXT,1.5,1.86,1.49,1.83,5295748
2025-10-22,RXT,1.5,1.5,1.43,1.49,813800
2025-10-21,RXT,1.5,1.55,1.47,1.51,561600
2025-10-20,RXT,1.46,1.57,1.45,1.49,874021
2025-10-17,RXT,1.45,1.47,1.38,1.42,671300
2025-10-16,RXT,1.52,1.57,1.45,1.47,773848
2025-10-15,RXT,1.49,1.55,1.45,1.52,1355200
2025-10-14,RXT,1.39,1.47,1.34,1.45,888300
2025-10-13,RXT,1.36,1.38,1.33,1.34,570600
2025-10-10,RXT,1.45,1.48,1.33,1.33,1018705
2025-10-09,RXT,1.5,1.5,1.44,1.46,449532
2025-10-08,RXT,1.41,1.54,1.41,1.5,743545
2025-10-07,RXT,1.49,1.5,1.4,1.41,802145
2025-12-05,SLQT,1.46,1.46,1.38,1.39,898800
2025-12-04,SLQT,1.45,1.49,1.44,1.45,798332
2025-12-03,SLQT,1.42,1.49,1.41,1.47,1087500
2025-12-02,SLQT,1.44,1.44,1.38,1.4,755212
2025-12-01,SLQT,1.42,1.46,1.4,1.4,514400
2025-11-28,SLQT,1.49,1.49,1.42,1.45,525500
2025-11-26,SLQT,1.44,1.5,1.43,1.48,1051400
2025-11-25,SLQT,1.42,1.47,1.41,1.45,498423
2025-11-24,SLQT,1.44,1.44,1.38,1.4,541324
2025-11-21,SLQT,1.35,1.45,1.35,1.42,819800
2025-11-20,SLQT,1.42,1.48,1.33,1.34,871600
2025-11-19,SLQT,1.47,1.48,1.37,1.39,1292507
2025-11-18,SLQT,1.49,1.5,1.43,1.47,683848
2025-11-17,SLQT,1.47,1.57,1.46,1.46,954000
2025-11-14,SLQT,1.54,1.58,1.47,1.49,1571900
2025-11-13,SLQT,1.62,1.62,1.54,1.56,1081236
2025-11-12,SLQT,1.61,1.66,1.59,1.62,869919
2025-11-11,SLQT,1.6,1.63,1.54,1.6,1489659
2025-11-10,SLQT,1.74,1.76,1.57,1.59,2376414
2025-11-07,SLQT,1.71,1.74,1.62,1.73,2051200
2025-11-06,SLQT,1.75,1.9,1.64,1.68,4598625
2025-11-05,SLQT,2.03,2.17,2.01,2.13,1034600
2025-11-04,SLQT,2.04,2.13,2.03,2.04,862429
2025-11-03,SLQT,2.11,2.11,2.01,2.06,542816
2025-10-31,SLQT,2.01,2.08,2.01,2.08,686044
2025-10-30,SLQT,2.08,2.11,2.04,2.06,436150
2025-10-29,SLQT,2.11,2.22,2.08,2.11,856616
2025-10-28,SLQT,2.07,2.17,2.03,2.12,883100
2025-10-27,SLQT,2.08,2.11,2.03,2.08,832230
2025-10-24,SLQT,1.99,2.11,1.99,2.06,1186422
2025-10-23,SLQT,1.94,2.02,1.94,2.0,508237
2025-10-22,SLQT,1.99,2.0,1.91,1.96,705000
2025-10-21,SLQT,1.98,2.04,1.94,1.98,717621
2025-10-20,SLQT,1.87,1.99,1.85,1.98,1073434
2025-10-17,SLQT,1.89,1.93,1.84,1.84,1361100
2025-10-16,SLQT,2.01,2.01,1.9,1.92,1399470
2025-10-15,SLQT,1.94,2.08,1.94,2.02,1544844
2025-10-14,SLQT,1.89,1.95,1.85,1.92,1140224
2025-10-13,SLQT,1.88,1.9,1.85,1.9,827949
2025-10-10,SLQT,1.91,1.93,1.86,1.87,1497311
2025-10-09,SLQT,1.98,1.98,1.91,1.93,845400
2025-10-08,SLQT,1.99,2.03,1.96,1.97,695200
2025-10-07,SLQT,2.04,2.07,1.95,1.96,1066443
2025-12-05,ACB,4.58,4.68,4.57,4.6,965784
2025-12-04,ACB,4.52,4.66,4.52,4.57,741713
2025-12-03,ACB,4.48,4.64,4.47,4.54,591500
2025-12-02,ACB,4.55,4.72,4.48,4.48,531000
2025-12-01,ACB,4.54,4.63,4.5,4.53,611839
2025-11-28,ACB,4.56,4.63,4.53,4.6,393246
2025-11-26,ACB,4.5,4.63,4.48,4.59,953300
2025-11-25,ACB,4.38,4.5,4.32,4.48,1037704
2025-11-24,ACB,4.2,4.47,4.2,4.36,1684642
2025-11-21,ACB,4.04,4.24,3.99,4.21,1024117
2025-11-20,ACB,4.39,4.39,4.07,4.08,1206428
2025-11-19,ACB,4.42,4.46,4.26,4.3,603500
2025-11-18,ACB,4.25,4.46,4.25,4.43,723100
2025-11-17,ACB,4.29,4.39,4.26,4.3,572588
2025-11-14,ACB,4.29,4.39,4.28,4.31,1075200
2025-11-13,ACB,4.51,4.59,4.38,4.39,1099300
2025-11-12,ACB,4.56,4.64,4.5,4.53,625700
2025-11-11,ACB,4.67,4.67,4.55,4.55,471400
2025-11-10,ACB,4.67,4.76,4.56,4.67,1590427
2025-11-07,ACB,4.35,4.61,4.33,4.55,1129900
2025-11-06,ACB,4.48,4.56,4.36,4.36,1235300
2025-11-05,ACB,4.8,4.83,4.37,4.46,1677300
2025-11-04,ACB,4.72,4.76,4.25,4.54,1810844
2025-11-03,ACB,5.0,5.02,4.83,4.88,692100
2025-10-31,ACB,4.81,5.0,4.78,4.95,1259400
2025-10-30,ACB,4.95,4.96,4.79,4.81,1064927
2025-10-29,ACB,5.03,5.05,4.9,4.95,1096000
2025-10-28,ACB,5.08,5.13,4.98,5.01,723819
2025-10-27,ACB,5.25,5.26,5.09,5.09,913000
2025-10-24,ACB,5.13,5.29,5.1,5.25,1050034
2025-10-23,ACB,5.05,5.2,5.01,5.11,1231359
2025-10-22,ACB,5.11,5.18,4.9,5.05,1448828
2025-10-21,ACB,5.35,5.35,5.14,5.14,950395
2025-10-20,ACB,5.24,5.4,5.21,5.33,954400
2025-10-17,ACB,5.27,5.33,5.17,5.24,830242
2025-10-16,ACB,5.6,5.73,5.27,5.29,1215900
2025-10-15,ACB,5.56,5.93,5.37,5.63,3387932
2025-10-14,ACB,5.3,5.56,5.17,5.49,1682500
2025-10-13,ACB,5.53,5.54,5.21,5.4,1311000
2025-10-10,ACB,6.03,6.04,5.29,5.3,3714906
2025-10-09,ACB,6.3,6.67,6.11,6.14,4011000
2025-10-08,ACB,6.18,6.18,5.92,6.1,2056927
2025-10-07,ACB,5.82,6.51,5.81,6.17,3664100
2025-12-05,QUAD,5.96,6.15,5.95,6.04,188800
2025-12-04,QUAD,6.02,6.1,5.94,5.95,195549
2025-12-03,QUAD,5.86,6.01,5.81,6.0,165526
2025-12-02,QUAD,5.77,5.9,5.68,5.82,182200
2025-12-01,QUAD,5.75,5.84,5.68,5.76,153200
2025-11-28,QUAD,5.71,5.75,5.63,5.74,102038
2025-11-26,QUAD,5.62,5.74,5.58,5.69,210530
2025-11-25,QUAD,5.54,5.64,5.45,5.61,157100
2025-11-24,QUAD,5.48,5.59,5.42,5.57,191818
2025-11-21,QUAD,5.34,5.6,5.34,5.48,202112
2025-11-20,QUAD,5.25,5.42,5.23,5.3,214900
2025-11-19,QUAD,5.28,5.32,5.12,5.18,217718
2025-11-18,QUAD,5.21,5.4,5.18,5.34,194600
2025-11-17,QUAD,5.51,5.57,5.23,5.25,257200
2025-11-14,QUAD,5.62,5.62,5.46,5.58,184900
2025-11-13,QUAD,5.66,5.79,5.61,5.64,172500
2025-11-12,QUAD,5.66,5.77,5.64,5.71,155213
2025-11-11,QUAD,5.64,5.7,5.57,5.62,143904
2025-11-10,QUAD,5.57,5.73,5.5,5.62,268000
2025-11-07,QUAD,5.7,5.8,5.49,5.51,216815
2025-11-06,QUAD,5.67,5.71,5.5,5.68,273516
2025-11-05,QUAD,5.53,5.66,5.47,5.66,205731
2025-11-04,QUAD,5.4,5.55,5.4,5.52,285661
2025-11-03,QUAD,5.5,5.51,5.38,5.42,192000
2025-10-31,QUAD,5.41,5.54,5.4,5.51,210800
2025-10-30,QUAD,5.41,5.52,5.33,5.41,229800
2025-10-29,QUAD,5.54,6.07,5.32,5.32,884300
2025-10-28,QUAD,5.86,6.1,5.85,6.07,325600
2025-10-27,QUAD,6.1,6.1,5.85,5.94,235469
2025-10-24,QUAD,5.93,6.05,5.89,6.03,177152
2025-10-23,QUAD,5.85,5.97,5.83,5.91,137831
2025-10-22,QUAD,5.71,5.85,5.69,5.83,161578
2025-10-21,QUAD,5.78,5.83,5.69,5.7,125520
2025-10-20,QUAD,5.73,5.8,5.69,5.79,171338
2025-10-17,QUAD,5.55,5.72,5.55,5.68,134200
2025-10-16,QUAD,5.8,5.81,5.59,5.6,146200
2025-10-15,QUAD,5.78,5.92,5.71,5.78,162800
2025-10-14,QUAD,5.72,5.82,5.72,5.74,148703
2025-10-13,QUAD,5.67,5.87,5.67,5.83,155100
2025-10-10,QUAD,5.7,5.8,5.56,5.62,226813
2025-10-09,QUAD,5.96,5.96,5.68,5.7,286100
2025-10-08,QUAD,5.91,6.02,5.87,5.96,177917
2025-10-07,QUAD,5.7,5.95,5.7,5.9,254401
2025-12-05,BLZE,4.86,5.0,4.79,4.99,725780
2025-12-04,BLZE,4.75,4.93,4.68,4.86,542908
2025-12-03,BLZE,4.58,4.76,4.5,4.73,644672
2025-12-02,BLZE,4.59,4.7,4.55,4.6,532332
2025-12-01,BLZE,4.64,4.73,4.45,4.56,644210
2025-11-28,BLZE,4.69,4.78,4.59,4.74,680000
2025-11-26,BLZE,4.62,4.68,4.5,4.64,626737
2025-11-25,BLZE,4.52,4.77,4.42,4.6,682788
2025-11-24,BLZE,4.38,4.6,4.33,4.56,1075000
2025-11-21,BLZE,4.26,4.38,4.13,4.32,1115400
2025-11-20,BLZE,4.58,4.66,4.32,4.33,821244
2025-11-19,BLZE,4.55,4.7,4.4,4.43,681100
2025-11-18,BLZE,4.5,4.66,4.49,4.55,958028
2025-11-17,BLZE,4.92,4.96,4.55,4.55,1237000
2025-11-14,BLZE,4.97,5.08,4.89,4.93,607960
2025-11-13,BLZE,5.38,5.38,5.08,5.1,1062174
2025-11-12,BLZE,5.64,5.68,5.28,5.44,1186739
2025-11-11,BLZE,5.54,5.81,5.45,5.63,1039300
2025-11-10,BLZE,6.09,6.16,5.58,5.61,1218505
2025-11-07,BLZE,6.19,6.22,5.79,5.8,1618216
2025-11-06,BLZE,8.4,8.55,6.12,6.18,2654200
2025-11-05,BLZE,9.74,9.85,9.25,9.34,617300
2025-11-04,BLZE,10.0,10.34,9.54,9.66,651548
2025-11-03,BLZE,10.39,10.55,10.08,10.41,462265
2025-10-31,BLZE,10.5,10.63,10.2,10.31,301102
2025-10-30,BLZE,10.41,10.69,10.33,10.34,359205
2025-10-29,BLZE,10.77,10.77,10.35,10.53,555446
2025-10-28,BLZE,10.4,10.86,10.31,10.72,510487
2025-10-27,BLZE,10.57,10.65,10.29,10.4,372800
2025-10-24,BLZE,10.69,10.72,10.39,10.44,416330
2025-10-23,BLZE,9.7,10.61,9.52,10.5,798700
2025-10-22,BLZE,9.18,9.66,9.04,9.65,477600
2025-10-21,BLZE,9.2,9.27,9.0,9.15,258900
2025-10-20,BLZE,9.24,9.34,9.14,9.21,271400
2025-10-17,BLZE,9.4,9.53,9.1,9.13,369143
2025-10-16,BLZE,9.5,9.98,9.36,9.48,343452
2025-10-15,BLZE,9.29,9.49,9.23,9.47,441063
2025-10-14,BLZE,9.19,9.48,9.06,9.12,454600
2025-10-13,BLZE,9.7,9.71,9.15,9.44,510252
2025-10-10,BLZE,10.0,10.18,9.41,9.44,552938
2025-10-09,BLZE,10.17,10.17,9.82,9.99,383148
2025-10-08,BLZE,9.43,10.35,9.24,10.22,777833
2025-10-07,BLZE,9.55,9.6,9.22,9.37,449000
2025-12-05,BACC,10.3,10.3,10.26,10.27,20900
2025-12-04,BACC,10.29,10.3,10.28,10.28,85427
2025-12-03,BACC,10.28,10.3,10.25,10.28,27920
2025-12-02,BACC,10.32,10.33,10.28,10.3,19200
2025-12-01,BACC,10.35,10.35,10.29,10.29,126300
2025-11-28,BACC,10.37,10.43,10.32,10.32,56900
2025-11-26,BACC,10.33,10.34,10.3,10.31,65000
2025-11-25,BACC,10.3,10.34,10.3,10.33,166600
2025-11-24,BACC,10.33,10.34,10.28,10.3,221100
2025-11-21,BACC,10.33,10.33,10.3,10.3,37200
2025-11-20,BACC,10.27,10.34,10.27,10.3,966900
2025-11-19,BACC,10.43,10.44,10.27,10.3,4174300
2025-11-18,BACC,10.11,10.13,10.11,10.13,25986
2025-11-17,BACC,10.12,10.12,10.11,10.11,10700
2025-11-14,BACC,10.13,10.14,10.11,10.11,21600
2025-11-13,BACC,10.12,10.12,10.12,10.12,89200
2025-11-12,BACC,10.12,10.12,10.12,10.12,300
2025-11-11,BACC,10.12,10.13,10.11,10.12,240700
2025-11-10,BACC,10.09,10.12,10.09,10.11,60100
2025-11-07,BACC,10.07,10.07,10.07,10.07,1
2025-11-06,BACC,10.07,10.07,10.07,10.07,200
2025-11-05,BACC,10.08,10.08,10.07,10.08,135000
2025-11-04,BACC,10.07,10.07,10.07,10.07,11800
2025-11-03,BACC,10.07,10.07,10.07,10.07,200
2025-10-31,BACC,10.06,10.06,10.06,10.06,71400
2025-10-30,BACC,10.06,10.06,10.06,10.06,27500
2025-10-29,BACC,10.04,10.06,10.04,10.06,31200
2025-10-28,BACC,10.01,10.05,10.0,10.04,34200
2025-10-27,BACC,10.03,10.03,10.03,10.03,100100
2025-10-24,BACC,10.05,10.05,10.05,10.05,7700
2025-10-23,BACC,10.05,10.05,10.05,10.05,1
2025-10-22,BACC,10.05,10.06,10.05,10.05,5811
2025-10-21,BACC,10.03,10.05,10.03,10.05,68900
2025-10-20,BACC,10.04,10.04,10.04,10.04,611
2025-10-17,BACC,10.03,10.03,10.03,10.03,2109
2025-10-16,BACC,10.03,10.03,10.03,10.03,2109
2025-10-15,BACC,10.04,10.05,10.0,10.03,45800
2025-10-14,BACC,10.02,10.04,10.02,10.04,2143
2025-10-13,BACC,10.01,10.01,10.0,10.01,5100
2025-10-10,BACC,10.0,10.0,10.0,10.0,6300
2025-10-09,BACC,10.0,10.06,10.0,10.02,17031
2025-10-08,BACC,10.0,10.0,10.0,10.0,195200
2025-10-07,BACC,10.0,10.02,10.0,10.02,9400
2025-12-05,SVAC,10.26,10.26,10.26,10.26,100
2025-12-04,SVAC,10.38,10.39,10.27,10.3,15700
2025-12-03,SVAC,10.35,10.35,10.28,10.3,66800
2025-12-02,SVAC,10.3,10.3,10.27,10.27,9600
2025-12-01,SVAC,10.25,10.45,10.25,10.3,45000
2025-11-28,SVAC,10.4,10.4,10.4,10.4,2
2025-11-26,SVAC,10.45,10.45,10.25,10.4,1321
2025-11-25,SVAC,10.35,10.35,10.35,10.35,320
2025-11-24,SVAC,10.24,10.45,10.24,10.38,33600
2025-11-21,SVAC,10.27,10.3,10.24,10.28,156000
2025-11-20,SVAC,10.3,10.3,10.3,10.3,2700
2025-11-19,SVAC,10.32,10.35,10.32,10.35,2100
2025-11-18,SVAC,10.26,10.3,10.23,10.3,94600
2025-11-17,SVAC,10.25,10.26,10.25,10.26,44000
2025-11-14,SVAC,10.3,10.3,10.25,10.3,23500
2025-11-13,SVAC,10.35,10.38,10.3,10.3,55000
2025-11-12,SVAC,10.4,10.4,10.4,10.4,100
2025-11-11,SVAC,10.33,10.36,10.33,10.35,8700
2025-11-10,SVAC,10.4,10.4,10.4,10.4,136
2025-11-07,SVAC,10.25,10.45,10.25,10.42,4700
2025-11-06,SVAC,10.47,10.6,10.47,10.5,39600
2025-11-05,SVAC,10.45,10.52,10.45,10.52,1300
2025-11-04,SVAC,10.48,10.48,10.31,10.31,27100
2025-11-03,SVAC,10.58,10.58,10.4,10.45,34500
2025-10-31,SVAC,10.15,10.6,10.15,10.48,6900
2025-10-30,SVAC,10.5,10.6,10.5,10.6,137700
2025-10-29,SVAC,10.35,10.55,10.35,10.55,28300
2025-10-28,SVAC,10.55,10.55,10.48,10.48,2850
2025-10-27,SVAC,10.19,10.6,10.16,10.44,44600
2025-10-24,SVAC,10.4,10.4,10.4,10.4,239719
2025-10-23,SVAC,10.35,10.47,10.35,10.4,103700
2025-10-22,SVAC,10.4,10.4,10.35,10.4,18100
2025-10-21,SVAC,10.45,10.45,10.31,10.4,118300
2025-10-20,SVAC,10.5,10.6,10.45,10.45,82900
2025-10-17,SVAC,10.41,10.41,10.4,10.4,3420
2025-10-16,SVAC,10.5,10.56,10.39,10.4,257200
2025-10-15,SVAC,10.6,10.6,10.35,10.44,23817
2025-10-14,SVAC,10.13,10.89,10.13,10.4,3343
2025-10-13,SVAC,10.15,10.2,10.15,10.2,8000
2025-10-10,SVAC,10.15,10.17,10.15,10.15,3134
2025-10-09,SVAC,10.16,10.16,10.11,10.15,339382
2025-10-08,SVAC,10.1,10.15,10.1,10.15,244744
2025-10-07,SVAC,10.1,10.1,10.1,10.1,1025
2025-12-05,HVMC,10.03,10.03,10.03,10.03,4028
2025-12-04,HVMC,10.02,10.02,10.01,10.02,46331
2025-12-03,HVMC,10.01,10.01,10.01,10.01,32829
2025-12-02,HVMC,10.01,10.01,10.01,10.01,200
2025-12-01,HVMC,10.05,10.05,10.02,10.02,35800
2025-11-28,HVMC,10.01,10.02,10.01,10.01,10400
2025-11-26,HVMC,10.01,10.01,10.01,10.01,223
2025-11-25,HVMC,10.01,10.01,10.01,10.01,100
2025-11-24,HVMC,10.01,10.01,10.01,10.01,102
2025-11-21,HVMC,10.01,10.01,10.01,10.01,10
2025-11-20,HVMC,10.01,10.01,10.01,10.01,0
2025-11-19,HVMC,10.01,10.01,10.01,10.01,14
2025-11-18,HVMC,10.01,10.01,10.01,10.01,26000
2025-11-17,HVMC,10.01,10.01,10.0,10.01,86300
2025-11-14,HVMC,10.01,10.01,10.01,10.01,0
2025-11-13,HVMC,10.01,10.01,10.01,10.01,38200
2025-11-12,HVMC,10.01,10.01,10.01,10.01,24000
2025-11-11,HVMC,10.0,10.0,10.0,10.0,0
2025-11-10,HVMC,10.0,10.0,10.0,10.0,0
2025-11-07,HVMC,10.0,10.0,9.99,10.0,256400
2025-11-06,HVMC,9.99,9.99,9.99,9.99,0
2025-11-05,HVMC,9.99,9.99,9.99,9.99,0
2025-11-04,HVMC,9.99,9.99,9.99,9.99,0
2025-11-03,HVMC,10.01,10.01,9.99,9.99,202
2025-10-31,HVMC,9.99,10.04,9.99,9.99,200202
2025-10-30,HVMC,9.99,10.0,9.99,9.99,60825
2025-10-29,HVMC,9.99,9.99,9.99,9.99,124720
2025-10-28,HVMC,10.0,10.0,9.99,10.0,66504
2025-10-27,HVMC,9.98,9.98,9.98,9.98,107
2025-10-24,HVMC,9.98,9.98,9.98,9.98,400
2025-10-23,HVMC,9.98,9.99,9.98,9.99,31200
2025-10-22,HVMC,9.98,9.98,9.98,9.98,0
2025-10-21,HVMC,9.98,9.98,9.98,9.98,0
2025-10-20,HVMC,9.98,9.98,9.98,9.98,0
2025-10-17,HVMC,9.98,9.98,9.98,9.98,0
2025-10-16,HVMC,9.97,9.98,9.97,9.98,6300
2025-10-15,HVMC,9.97,10.0,9.97,9.97,48835
2025-10-14,HVMC,9.97,10.0,9.97,9.97,653004
2025-10-13,HVMC,9.95,9.96,9.95,9.96,290602
2025-10-10,HVMC,9.94,9.94,9.93,9.94,86700
2025-10-09,HVMC,9.95,9.95,9.94,9.94,110779
2025-10-08,HVMC,10.0,10.0,9.94,9.95,86200
2025-10-07,HVMC,9.97,9.97,9.96,9.96,30100
2025-12-05,CIO,6.9,6.95,6.81,6.94,1776427
2025-12-04,CIO,6.81,6.82,6.79,6.8,483514
2025-12-03,CIO,6.81,6.83,6.8,6.82,584600
2025-12-02,CIO,6.82,6.84,6.78,6.81,1473700
2025-12-01,CIO,6.89,6.89,6.8,6.8,806100
2025-11-28,CIO,6.8,6.81,6.79,6.81,164344
2025-11-26,CIO,6.85,6.87,6.8,6.8,843600
2025-11-25,CIO,6.87,6.87,6.85,6.85,351843
2025-11-24,CIO,6.87,6.88,6.83,6.84,466700
2025-11-21,CIO,6.86,6.88,6.86,6.87,628509
2025-11-20,CIO,6.88,6.9,6.87,6.88,706429
2025-11-19,CIO,6.88,6.9,6.88,6.88,180731
2025-11-18,CIO,6.89,6.9,6.86,6.89,445937
2025-11-17,CIO,6.89,6.9,6.86,6.87,226116
2025-11-14,CIO,6.89,6.91,6.89,6.9,176500
2025-11-13,CIO,6.92,6.93,6.89,6.89,189811
2025-11-12,CIO,6.92,6.93,6.92,6.93,172000
2025-11-11,CIO,6.91,6.93,6.91,6.93,328002
2025-11-10,CIO,6.93,6.93,6.91,6.91,204200
2025-11-07,CIO,6.91,6.92,6.9,6.9,308300
2025-11-06,CIO,6.9,6.91,6.9,6.9,164500
2025-11-05,CIO,6.9,6.92,6.9,6.9,161204
2025-11-04,CIO,6.93,6.93,6.9,6.9,233800
2025-11-03,CIO,6.89,6.93,6.89,6.9,163600
2025-10-31,CIO,6.89,6.92,6.89,6.9,196906
2025-10-30,CIO,6.91,6.91,6.87,6.9,309400
2025-10-29,CIO,6.93,6.94,6.9,6.9,1192200
2025-10-28,CIO,6.93,6.94,6.93,6.93,241311
2025-10-27,CIO,6.93,6.94,6.93,6.93,399200
2025-10-24,CIO,6.93,6.94,6.92,6.94,146543
2025-10-23,CIO,6.96,6.96,6.93,6.93,183836
2025-10-22,CIO,6.96,6.96,6.92,6.94,380231
2025-10-21,CIO,6.99,6.99,6.96,6.96,759100
2025-10-20,CIO,7.0,7.0,6.97,6.98,167800
2025-10-17,CIO,6.96,6.97,6.96,6.96,399836
2025-10-16,CIO,6.96,6.97,6.96,6.96,314747
2025-10-15,CIO,6.97,6.98,6.96,6.97,710306
2025-10-14,CIO,6.96,6.98,6.96,6.97,498738
2025-10-13,CIO,6.97,6.97,6.96,6.97,252300
2025-10-10,CIO,6.96,6.97,6.95,6.95,246000
2025-10-09,CIO,6.96,6.97,6.95,6.96,730800
2025-10-08,CIO,6.97,6.97,6.96,6.96,193511
2025-10-07,CIO,6.98,6.98,6.96,6.96,236300
2025-12-05,BDCI,10.05,10.05,10.05,10.05,194
2025-12-04,BDCI,10.07,10.08,10.06,10.06,13202
2025-12-03,BDCI,10.08,10.08,10.06,10.07,21037
2025-12-02,BDCI,10.07,10.07,10.05,10.05,54300
2025-12-01,BDCI,10.08,10.11,10.07,10.07,64700
2025-11-28,BDCI,10.09,10.1,10.09,10.09,40441
2025-11-26,BDCI,10.1,10.1,10.09,10.09,1445
2025-11-25,BDCI,10.11,10.11,10.11,10.11,325
2025-11-24,BDCI,10.14,10.14,10.11,10.11,3019
2025-11-21,BDCI,10.13,10.13,10.11,10.11,6624
2025-11-20,BDCI,10.1,10.11,10.1,10.1,4779
2025-11-19,BDCI,10.12,10.12,10.11,10.11,2700
2025-11-18,BDCI,10.12,10.13,10.11,10.11,142700
2025-11-17,BDCI,10.15,10.15,10.13,10.13,57317
2025-11-14,BDCI,10.17,10.17,10.14,10.14,31136
2025-11-13,BDCI,10.16,10.18,10.16,10.18,15333
2025-11-12,BDCI,10.2,10.2,10.16,10.18,151604
2025-11-11,BDCI,10.16,10.2,10.16,10.2,2374
2025-11-10,BDCI,10.18,10.2,10.17,10.2,3214
2025-11-07,BDCI,10.16,10.17,10.16,10.17,157956
2025-11-06,BDCI,10.19,10.19,10.17,10.17,33800
2025-11-05,BDCI,10.16,10.18,10.16,10.17,463575
2025-11-04,BDCI,10.13,10.16,10.13,10.14,1700300
2025-11-03,BDCI,10.13,10.15,10.13,10.14,286400
2025-10-31,BDCI,10.12,10.13,10.11,10.11,45429
2025-10-30,BDCI,10.12,10.12,10.1,10.11,151517
2025-10-29,BDCI,10.13,10.15,10.12,10.13,150124
2025-10-28,BDCI,10.14,10.14,10.13,10.13,59300
2025-10-27,BDCI,10.13,10.15,10.13,10.13,252647
2025-10-24,BDCI,10.14,10.14,10.11,10.13,34386
2025-10-23,BDCI,10.13,10.15,10.13,10.14,46366
2025-10-22,BDCI,10.16,10.17,10.14,10.16,445345
2025-10-21,BDCI,10.17,10.18,10.15,10.16,213800
2025-10-20,BDCI,10.15,10.23,10.15,10.18,346100
2025-10-17,BDCI,10.17,10.26,10.13,10.15,1185000
2025-10-16,BDCI,10.2,10.2,10.11,10.15,7900
2025-12-05,PACH,10.12,10.12,10.1,10.1,3900
2025-12-04,PACH,10.11,10.12,10.1,10.12,16300
2025-12-03,PACH,10.14,10.14,10.09,10.1,9400
2025-12-02,PACH,10.16,10.16,10.1,10.11,20600
2025-12-01,PACH,10.13,10.16,10.12,10.14,31500
2025-11-28,PACH,10.11,10.11,10.11,10.11,523
2025-11-26,PACH,10.1,10.12,10.1,10.11,28600
2025-11-25,PACH,10.1,10.11,10.1,10.11,21700
2025-11-24,PACH,10.1,10.1,10.1,10.1,216
2025-11-21,PACH,10.15,10.15,10.11,10.14,29300
2025-11-20,PACH,10.15,10.15,10.15,10.15,200
2025-11-19,PACH,10.13,10.13,10.11,10.13,1300
2025-11-18,PACH,10.14,10.14,10.14,10.14,0
2025-11-17,PACH,10.15,10.15,10.14,10.14,3900
2025-11-14,PACH,10.15,10.15,10.15,10.15,1600
2025-11-13,PACH,10.15,10.15,10.13,10.15,600
2025-11-12,PACH,10.15,10.15,10.15,10.15,1
2025-11-11,PACH,10.1,10.15,10.1,10.15,1200
2025-11-10,PACH,10.15,10.16,10.15,10.16,435
2025-11-07,PACH,10.14,10.15,10.14,10.14,289800
2025-11-06,PACH,10.14,10.15,10.12,10.13,123000
2025-11-05,PACH,10.09,10.11,10.09,10.11,68100
2025-11-04,PACH,10.05,10.08,10.05,10.08,164800
2025-11-03,PACH,10.05,10.05,10.03,10.03,14700
2025-10-31,PACH,10.03,10.04,10.03,10.03,39700
2025-10-30,PACH,10.03,10.03,10.03,10.03,15300
2025-10-29,PACH,10.03,10.03,10.03,10.03,200
2025-10-28,PACH,10.03,10.04,10.03,10.03,51000
2025-10-27,PACH,10.05,10.05,10.02,10.05,469246
2025-10-24,PACH,10.01,10.05,10.01,10.01,600
2025-10-23,PACH,10.02,10.03,10.02,10.03,2315
2025-10-22,PACH,10.02,10.03,10.02,10.03,10400
2025-10-21,PACH,10.01,10.04,10.01,10.04,18046
2025-10-20,PACH,10.0,10.02,9.99,10.02,16780
2025-10-17,PACH,10.0,10.01,9.99,10.01,8739
2025-10-16,PACH,10.0,10.02,10.0,10.0,8900
2025-10-15,PACH,10.0,10.02,10.0,10.01,30431
2025-10-14,PACH,9.99,10.02,9.97,10.02,50000
2025-10-13,PACH,9.99,9.99,9.99,9.99,350614
2025-10-10,PACH,9.98,9.98,9.98,9.98,10034
2025-10-09,PACH,9.96,9.99,9.96,9.98,52900
2025-10-08,PACH,9.98,9.98,9.97,9.98,468407
2025-10-07,PACH,9.97,9.97,9.97,9.97,20800
2025-12-05,PLG,2.41,2.54,2.4,2.46,2444329
2025-12-04,PLG,2.42,2.44,2.32,2.39,1605388
2025-12-03,PLG,2.43,2.49,2.38,2.49,1018353
2025-12-02,PLG,2.42,2.45,2.31,2.4,1646910
2025-12-01,PLG,2.51,2.55,2.37,2.41,2988900
2025-11-28,PLG,2.23,2.46,2.2,2.45,3659800
2025-11-26,PLG,2.12,2.21,2.06,2.16,2145340
2025-11-25,PLG,2.0,2.09,1.96,2.09,1457244
2025-11-24,PLG,1.84,1.97,1.84,1.96,1408400
2025-11-21,PLG,1.84,1.88,1.78,1.84,1584934
2025-11-20,PLG,2.08,2.08,1.85,1.86,2226300
2025-11-19,PLG,2.01,2.14,2.0,2.07,1465400
2025-11-18,PLG,2.0,2.04,1.93,1.96,964700
2025-11-17,PLG,2.02,2.14,1.96,1.99,1954200
2025-11-14,PLG,2.0,2.09,1.95,2.04,1510626
2025-11-13,PLG,2.2,2.26,2.08,2.1,2562100
2025-11-12,PLG,2.18,2.25,2.12,2.23,3474826
2025-11-11,PLG,2.05,2.21,2.04,2.18,2229743
2025-11-10,PLG,2.08,2.12,2.01,2.02,1980616
2025-11-07,PLG,1.89,1.98,1.85,1.96,1385100
2025-11-06,PLG,1.92,1.98,1.85,1.89,1563218
2025-11-05,PLG,2.01,2.05,1.87,1.91,4463600
2025-11-04,PLG,2.03,2.07,1.97,1.99,1679413
2025-11-03,PLG,2.22,2.23,2.03,2.08,2536100
2025-10-31,PLG,2.28,2.31,2.17,2.23,1412100
2025-10-30,PLG,2.24,2.33,2.21,2.3,1231900
2025-10-29,PLG,2.35,2.37,2.23,2.27,1388564
2025-10-28,PLG,2.2,2.27,2.17,2.26,1429707
2025-10-27,PLG,2.22,2.28,2.13,2.22,2646155
2025-10-24,PLG,2.21,2.34,2.19,2.27,2629400
2025-10-23,PLG,2.44,2.46,2.24,2.26,2091013
2025-10-22,PLG,2.17,2.4,2.16,2.35,3271431
2025-10-21,PLG,2.26,2.37,2.12,2.21,4244700
2025-10-20,PLG,2.49,2.63,2.43,2.57,3236926
2025-10-17,PLG,2.5,2.65,2.36,2.42,5613307
2025-10-16,PLG,2.97,3.05,2.67,2.76,5716218
2025-10-15,PLG,3.04,3.09,2.81,2.9,3309000
2025-10-14,PLG,2.8,3.01,2.8,2.88,3590000
2025-10-13,PLG,2.82,3.03,2.78,2.99,4172241
2025-10-10,PLG,3.03,3.03,2.61,2.65,4616300
2025-10-09,PLG,3.31,3.32,2.76,2.84,6349200
2025-10-08,PLG,2.99,3.36,2.95,3.15,6701600
2025-10-07,PLG,2.9,2.91,2.66,2.79,2982600
2025-12-05,DDD,2.23,2.26,2.16,2.16,1290358
2025-12-04,DDD,2.17,2.29,2.15,2.25,1699400
2025-12-03,DDD,2.05,2.21,2.04,2.21,1566029
2025-12-02,DDD,1.99,2.09,1.98,2.04,1296102
2025-12-01,DDD,2.04,2.05,1.98,2.0,1503499
2025-11-28,DDD,2.09,2.1,2.04,2.08,820833
2025-11-26,DDD,2.02,2.1,1.99,2.04,1427107
2025-11-25,DDD,2.04,2.05,1.96,2.02,1851262
2025-11-24,DDD,1.98,2.05,1.96,2.04,1867100
2025-11-21,DDD,1.88,1.97,1.82,1.95,4797814
2025-11-20,DDD,2.04,2.05,1.86,1.87,3069629
2025-11-19,DDD,2.09,2.19,1.96,1.98,2623610
2025-11-18,DDD,2.05,2.11,2.03,2.08,1224793
2025-11-17,DDD,2.16,2.2,2.07,2.08,1563300
2025-11-14,DDD,2.09,2.23,2.07,2.16,1688236
2025-11-13,DDD,2.29,2.3,2.11,2.16,2468900
2025-11-12,DDD,2.23,2.35,2.19,2.33,3471900
2025-11-11,DDD,2.24,2.25,2.15,2.23,2003422
2025-11-10,DDD,2.3,2.33,2.2,2.27,3117904
2025-11-07,DDD,2.2,2.27,2.15,2.22,2858816
2025-11-06,DDD,2.65,2.65,2.25,2.25,4163306
2025-11-05,DDD,2.5,2.7,2.4,2.6,5452840
2025-11-04,DDD,2.69,2.74,2.59,2.62,3500501
2025-11-03,DDD,2.89,2.9,2.7,2.76,2689900
2025-10-31,DDD,2.84,2.89,2.75,2.86,2863132
2025-10-30,DDD,3.04,3.04,2.75,2.82,4464800
2025-10-29,DDD,3.19,3.2,3.02,3.03,3182331
2025-10-28,DDD,3.24,3.4,3.04,3.19,6007400
2025-10-27,DDD,3.2,3.24,3.01,3.07,5450500
2025-10-24,DDD,3.18,3.29,3.11,3.13,3334000
2025-10-23,DDD,3.08,3.21,3.01,3.08,2833200
2025-10-22,DDD,3.37,3.43,2.94,3.01,4930100
2025-10-21,DDD,3.66,3.75,3.31,3.38,5907000
2025-10-20,DDD,3.24,3.8,3.21,3.78,7306635
2025-10-17,DDD,3.18,3.32,3.09,3.11,3756200
2025-10-16,DDD,3.31,3.55,3.23,3.26,4924800
2025-10-15,DDD,3.17,3.28,3.12,3.27,3333400
2025-10-14,DDD,2.98,3.17,2.87,3.08,2749700
2025-10-13,DDD,3.02,3.12,2.86,3.11,3940100
2025-10-10,DDD,3.2,3.38,2.86,2.89,6137400
2025-10-09,DDD,3.28,3.48,3.14,3.18,4246122
2025-10-08,DDD,3.18,3.38,3.14,3.23,4162740
2025-10-07,DDD,3.17,3.54,3.13,3.14,8431100
2025-12-05,OTGA,10.02,10.02,9.98,10.02,96200
2025-12-04,OTGA,10.05,10.05,10.01,10.02,47400
2025-12-03,OTGA,10.04,10.05,10.01,10.02,39200
2025-12-02,OTGA,10.05,10.05,10.01,10.02,72300
2025-12-01,OTGA,10.06,10.06,10.03,10.03,52000
2025-11-28,OTGA,10.05,10.05,10.05,10.05,400
2025-11-26,OTGA,10.05,10.05,10.03,10.04,5300
2025-11-25,OTGA,10.05,10.05,10.05,10.05,500
2025-11-24,OTGA,10.05,10.05,10.02,10.05,38500
2025-11-21,OTGA,10.08,10.08,10.02,10.03,73000
2025-11-20,OTGA,10.03,10.05,9.97,10.02,130100
2025-11-19,OTGA,10.05,10.05,10.02,10.04,2300
2025-11-18,OTGA,10.05,10.05,10.02,10.02,47616
2025-11-17,OTGA,10.04,10.07,10.04,10.04,19500
2025-11-14,OTGA,10.05,10.05,10.03,10.04,13900
2025-11-13,OTGA,10.05,10.06,10.05,10.05,20200
2025-11-12,OTGA,10.04,10.07,10.04,10.05,171500
2025-11-11,OTGA,10.07,10.07,10.06,10.06,73100
2025-11-10,OTGA,10.06,10.06,10.04,10.06,349027
2025-11-07,OTGA,10.07,10.07,10.06,10.06,60228
2025-11-06,OTGA,10.1,10.1,10.07,10.09,85436
2025-11-05,OTGA,10.04,10.11,10.04,10.05,80700
2025-11-04,OTGA,10.04,10.04,10.01,10.03,131608
2025-11-03,OTGA,10.07,10.07,10.0,10.03,231789
2025-12-05,RLGT,6.43,6.45,6.31,6.37,120300
2025-12-04,RLGT,6.46,6.47,6.35,6.4,123400
2025-12-03,RLGT,6.32,6.49,6.3,6.45,195100
2025-12-02,RLGT,6.27,6.32,6.18,6.28,106200
2025-12-01,RLGT,6.21,6.31,6.19,6.27,87642
2025-11-28,RLGT,6.28,6.28,6.18,6.24,67046
2025-11-26,RLGT,6.19,6.29,6.15,6.28,248919
2025-11-25,RLGT,6.0,6.23,6.0,6.22,186027
2025-11-24,RLGT,5.96,6.04,5.91,5.99,86347
2025-11-21,RLGT,5.87,6.06,5.87,5.96,199621
2025-11-20,RLGT,6.01,6.01,5.86,5.88,171700
2025-11-19,RLGT,5.98,6.04,5.94,5.95,182719
2025-11-18,RLGT,5.93,6.24,5.93,5.94,126700
2025-11-17,RLGT,5.93,6.02,5.93,5.96,186200
2025-11-14,RLGT,5.96,6.01,5.9,5.97,138436
2025-11-13,RLGT,6.15,6.2,5.99,6.0,117900
2025-11-12,RLGT,6.06,6.28,5.98,6.19,150700
2025-11-11,RLGT,5.89,6.11,5.86,6.06,272103
2025-11-10,RLGT,6.14,6.28,6.1,6.21,196903
2025-11-07,RLGT,6.04,6.18,6.04,6.11,297600
2025-11-06,RLGT,6.17,6.17,6.05,6.07,125015
2025-11-05,RLGT,6.0,6.2,6.0,6.19,128900
2025-11-04,RLGT,5.93,6.03,5.93,5.99,287120
2025-11-03,RLGT,6.05,6.11,6.0,6.0,214784
2025-10-31,RLGT,5.97,6.08,5.9,6.05,217000
2025-10-30,RLGT,5.92,6.04,5.92,5.99,350700
2025-10-29,RLGT,6.03,6.07,5.96,5.99,204549
2025-10-28,RLGT,5.99,6.09,5.99,6.02,137600
2025-10-27,RLGT,6.08,6.08,6.0,6.0,98300
2025-10-24,RLGT,6.06,6.1,6.0,6.06,97524
2025-10-23,RLGT,6.12,6.12,5.99,6.01,85500
2025-10-22,RLGT,6.04,6.13,6.03,6.08,167500
2025-10-21,RLGT,5.99,6.1,5.99,6.03,141200
2025-10-20,RLGT,6.05,6.12,6.0,6.02,129135
2025-10-17,RLGT,6.06,6.08,5.99,5.99,81215
2025-10-16,RLGT,6.14,6.14,6.04,6.06,174700
2025-10-15,RLGT,6.13,6.15,6.04,6.14,111200
2025-10-14,RLGT,5.93,6.13,5.91,6.06,148209
2025-10-13,RLGT,5.99,6.09,5.96,5.96,174755
2025-10-10,RLGT,6.04,6.05,5.92,5.92,225717
2025-10-09,RLGT,6.1,6.1,6.01,6.02,89900
2025-10-08,RLGT,6.03,6.17,5.99,6.11,79100
2025-10-07,RLGT,6.07,6.08,5.99,6.0,223798
2025-12-05,MREO,2.04,2.1,2.02,2.06,1637869
2025-12-04,MREO,1.94,2.06,1.9,2.04,2431326
2025-12-03,MREO,1.8,2.18,1.74,1.96,11642100
2025-12-02,MREO,1.85,1.85,1.75,1.75,1098800
2025-12-01,MREO,1.86,1.86,1.76,1.84,2008507
2025-11-28,MREO,1.85,1.89,1.81,1.87,602219
2025-11-26,MREO,1.82,1.87,1.77,1.84,1236500
2025-11-25,MREO,1.8,1.83,1.75,1.79,1469900
2025-11-24,MREO,1.81,1.87,1.77,1.79,1446500
2025-11-21,MREO,1.8,1.82,1.76,1.8,990124
2025-11-20,MREO,1.8,1.88,1.75,1.79,1301300
2025-11-19,MREO,1.84,1.9,1.8,1.81,1512869
2025-11-18,MREO,1.77,1.86,1.75,1.82,1407945
2025-11-17,MREO,1.78,1.85,1.76,1.77,1586800
2025-11-14,MREO,1.76,1.83,1.76,1.78,848022
2025-11-13,MREO,1.82,1.84,1.76,1.78,1187535
2025-11-12,MREO,1.88,1.91,1.81,1.84,1276700
2025-11-11,MREO,1.79,1.93,1.78,1.87,1933991
2025-11-10,MREO,1.83,1.87,1.76,1.77,1355510
2025-11-07,MREO,1.74,1.83,1.65,1.8,3168017
2025-11-06,MREO,1.81,1.81,1.74,1.76,678002
2025-11-05,MREO,1.79,1.82,1.72,1.8,1117852
2025-11-04,MREO,1.83,1.88,1.78,1.78,1319400
2025-11-03,MREO,1.92,1.93,1.81,1.86,1594394
2025-10-31,MREO,1.9,1.93,1.87,1.9,689812
2025-10-30,MREO,1.91,1.95,1.89,1.89,857811
2025-10-29,MREO,2.11,2.15,1.91,1.92,1951600
2025-10-28,MREO,1.99,2.14,1.98,2.1,3485600
2025-10-27,MREO,2.02,2.08,1.99,2.0,1438600
2025-10-24,MREO,2.04,2.06,1.98,2.0,1523240
2025-10-23,MREO,2.1,2.1,1.98,2.0,1627800
2025-10-22,MREO,2.14,2.15,2.02,2.09,2198811
2025-10-21,MREO,2.24,2.27,2.13,2.13,1265920
2025-10-20,MREO,2.07,2.28,2.05,2.24,2639726
2025-10-17,MREO,2.0,2.06,1.94,2.05,1474900
2025-10-16,MREO,2.03,2.09,1.97,2.0,783657
2025-10-15,MREO,1.98,2.04,1.96,2.02,1275500
2025-10-14,MREO,2.0,2.01,1.95,1.96,883847
2025-10-13,MREO,2.05,2.05,1.95,2.0,849800
2025-10-10,MREO,2.1,2.11,1.96,1.96,1076856
2025-10-09,MREO,1.97,2.1,1.96,2.1,1236700
2025-10-08,MREO,1.97,1.99,1.92,1.96,1130880
2025-10-07,MREO,2.0,2.02,1.92,1.95,1449500
2025-12-05,CIX,22.13,22.13,21.5,21.67,11300
2025-12-04,CIX,22.15,22.28,21.75,21.75,8837
2025-12-03,CIX,21.75,22.31,21.75,22.31,1842
2025-12-02,CIX,21.85,22.0,21.75,21.75,7800
2025-12-01,CIX,22.0,22.0,22.0,22.0,900
2025-11-28,CIX,22.19,22.49,22.19,22.49,1236
2025-11-26,CIX,21.75,22.47,21.75,22.31,12744
2025-11-25,CIX,22.01,22.56,22.01,22.56,2624
2025-11-24,CIX,22.72,22.92,22.34,22.53,1945
2025-11-21,CIX,22.62,22.88,21.83,22.88,6721
2025-11-20,CIX,22.28,22.52,22.22,22.51,3300
2025-11-19,CIX,22.3,22.33,22.08,22.27,3700
2025-11-18,CIX,22.45,22.57,22.45,22.57,1000
2025-11-17,CIX,22.71,22.85,22.39,22.39,4100
2025-11-14,CIX,22.05,22.74,22.05,22.55,5333
2025-11-13,CIX,21.8,22.1,21.8,22.1,1100
2025-11-12,CIX,22.92,22.92,22.01,22.01,4000
2025-11-11,CIX,21.68,22.44,21.68,22.03,4042
2025-11-10,CIX,21.96,22.3,21.75,21.77,4500
2025-11-07,CIX,21.97,22.1,21.61,21.61,1700
2025-11-06,CIX,23.08,23.08,21.94,22.17,2909
2025-11-05,CIX,22.17,22.3,22.17,22.2,2797
2025-11-04,CIX,21.5,21.92,21.5,21.92,1930
2025-11-03,CIX,22.04,22.38,21.8,22.01,6000
2025-10-31,CIX,22.41,22.49,22.38,22.49,2100
2025-10-30,CIX,22.52,22.7,22.48,22.48,5141
2025-10-29,CIX,22.57,23.08,22.52,22.74,6543
2025-10-28,CIX,22.52,22.87,22.52,22.76,4100
2025-10-27,CIX,22.99,22.99,22.52,22.52,4700
2025-10-24,CIX,23.06,23.25,22.92,23.04,2707
2025-10-23,CIX,23.6,23.6,23.41,23.41,1036
2025-10-22,CIX,23.2,23.2,22.72,23.2,2027
2025-10-21,CIX,23.4,23.51,22.95,23.19,2200
2025-10-20,CIX,23.15,23.39,22.91,23.39,2849
2025-10-17,CIX,22.95,23.17,22.91,23.17,1618
2025-10-16,CIX,22.8,23.41,22.71,23.24,4000
2025-10-15,CIX,22.74,23.0,22.52,22.52,3700
2025-10-14,CIX,22.82,23.25,22.75,22.75,2800
2025-10-13,CIX,22.87,23.19,22.52,23.19,7700
2025-10-10,CIX,22.61,22.61,22.54,22.54,1425
2025-10-09,CIX,22.91,23.1,22.54,22.54,7823
2025-10-08,CIX,22.93,23.36,22.9,22.9,3800
2025-10-07,CIX,23.43,23.43,22.93,22.93,2640
2025-12-05,CZFS,55.01,57.1,55.01,56.75,6600
2025-12-04,CZFS,56.4,57.45,56.4,57.12,4314
2025-12-03,CZFS,54.99,56.36,54.79,56.36,12800
2025-12-02,CZFS,54.68,55.22,54.21,54.21,5800
2025-12-01,CZFS,55.49,57.2,54.66,54.66,8921
2025-11-28,CZFS,56.61,56.61,55.41,55.89,3420
2025-11-26,CZFS,55.59,56.93,55.59,56.07,8400
2025-11-25,CZFS,56.34,57.55,55.89,57.25,6516
2025-11-24,CZFS,56.33,56.38,55.67,56.33,5300
2025-11-21,CZFS,54.38,57.7,54.0,57.2,13400
2025-11-20,CZFS,54.25,54.99,54.25,54.8,5434
2025-11-19,CZFS,55.05,55.05,53.76,54.48,9018
2025-11-18,CZFS,53.83,54.97,53.16,54.96,8948
2025-11-17,CZFS,56.81,56.81,53.14,53.79,11700
2025-11-14,CZFS,56.52,56.52,56.0,56.17,8830
2025-11-13,CZFS,54.01,58.0,54.01,57.01,13500
2025-11-12,CZFS,56.95,56.95,54.91,56.1,8600
2025-11-11,CZFS,57.54,57.89,56.86,57.62,6251
2025-11-10,CZFS,58.53,58.53,56.48,57.27,5248
2025-11-07,CZFS,55.57,58.97,55.57,58.53,7400
2025-11-06,CZFS,55.49,55.79,55.26,55.26,4340
2025-11-05,CZFS,54.54,56.41,54.0,56.39,22900
2025-11-04,CZFS,54.86,55.5,54.86,55.26,4500
2025-11-03,CZFS,54.23,54.59,53.88,54.25,6633
2025-10-31,CZFS,54.54,54.79,53.25,54.79,5816
2025-10-30,CZFS,53.28,54.69,52.35,54.25,5600
2025-10-29,CZFS,53.06,54.81,52.9,53.6,8600
2025-10-28,CZFS,54.11,54.46,53.96,54.29,4214
2025-10-27,CZFS,54.85,56.23,54.57,55.35,9302
2025-10-24,CZFS,56.18,56.18,54.51,55.6,3700
2025-10-23,CZFS,56.34,56.34,54.19,55.31,5500
2025-10-22,CZFS,56.65,56.94,55.0,56.94,7931
2025-10-21,CZFS,55.02,56.65,55.02,56.65,5815
2025-10-20,CZFS,56.11,56.11,54.79,55.48,5500
2025-10-17,CZFS,53.03,54.86,53.03,54.86,8117
2025-10-16,CZFS,53.99,54.0,52.7,53.18,10605
2025-10-15,CZFS,55.82,55.82,54.28,54.77,6900
2025-10-14,CZFS,53.5,56.12,52.63,56.12,8000
2025-10-13,CZFS,55.61,55.61,54.25,54.35,5521
2025-10-10,CZFS,56.3,56.3,54.25,54.26,11195
2025-10-09,CZFS,57.6,59.0,55.7,56.27,9800
2025-10-08,CZFS,56.5,57.49,56.5,57.48,10400
2025-10-07,CZFS,57.7,58.0,56.17,56.18,12400
2025-12-05,EM,1.36,1.42,1.36,1.41,655426
2025-12-04,EM,1.37,1.37,1.36,1.36,599600
2025-12-03,EM,1.36,1.37,1.35,1.36,656500
2025-12-02,EM,1.35,1.38,1.34,1.36,960800
2025-12-01,EM,1.36,1.38,1.35,1.37,175300
2025-11-28,EM,1.35,1.38,1.35,1.38,142800
2025-11-26,EM,1.35,1.36,1.33,1.35,139739
2025-11-25,EM,1.34,1.36,1.32,1.34,1945314
2025-11-24,EM,1.36,1.39,1.36,1.36,57600
2025-11-21,EM,1.36,1.36,1.35,1.36,628345
2025-11-20,EM,1.37,1.39,1.35,1.36,432600
2025-11-19,EM,1.35,1.36,1.35,1.36,930525
2025-11-18,EM,1.36,1.37,1.35,1.36,1218824
2025-11-17,EM,1.38,1.38,1.36,1.37,194107
2025-11-14,EM,1.37,1.4,1.36,1.36,774400
2025-11-13,EM,1.4,1.4,1.34,1.38,181800
2025-11-12,EM,1.37,1.42,1.36,1.4,1280000
2025-11-11,EM,1.35,1.37,1.35,1.37,40740
2025-11-10,EM,1.36,1.36,1.35,1.36,151500
2025-11-07,EM,1.37,1.38,1.35,1.36,562545
2025-11-06,EM,1.38,1.39,1.36,1.37,1139501
2025-11-05,EM,1.38,1.39,1.36,1.39,1243842
2025-11-04,EM,1.37,1.39,1.35,1.38,1175500
2025-11-03,EM,1.39,1.39,1.34,1.37,987147
2025-10-31,EM,1.37,1.38,1.36,1.37,600000
2025-10-30,EM,1.38,1.38,1.36,1.38,563900
2025-10-29,EM,1.35,1.41,1.35,1.37,186409
2025-10-28,EM,1.37,1.37,1.34,1.37,869900
2025-10-27,EM,1.35,1.37,1.33,1.37,477211
2025-10-24,EM,1.33,1.36,1.32,1.36,1442349
2025-10-23,EM,1.34,1.35,1.31,1.33,271242
2025-10-22,EM,1.31,1.34,1.31,1.34,612636
2025-10-21,EM,1.3,1.32,1.3,1.31,212517
2025-10-20,EM,1.29,1.31,1.28,1.31,122449
2025-10-17,EM,1.3,1.31,1.28,1.29,829900
2025-10-16,EM,1.3,1.32,1.29,1.3,140700
2025-10-15,EM,1.3,1.32,1.28,1.3,498046
2025-10-14,EM,1.32,1.32,1.29,1.32,346200
2025-10-13,EM,1.33,1.34,1.32,1.32,340104
2025-10-10,EM,1.33,1.35,1.32,1.33,336323
2025-10-09,EM,1.34,1.34,1.31,1.34,279300
2025-10-08,EM,1.36,1.36,1.29,1.34,8260458
2025-10-07,EM,1.33,1.35,1.33,1.34,202700
2025-12-05,GPRO,1.81,1.83,1.77,1.83,3269039
2025-12-04,GPRO,1.83,1.88,1.8,1.84,3745724
2025-12-03,GPRO,1.73,1.85,1.68,1.85,5061804
2025-12-02,GPRO,1.66,1.75,1.62,1.7,3039500
2025-12-01,GPRO,1.6,1.75,1.57,1.65,4130621
2025-11-28,GPRO,1.64,1.65,1.6,1.63,1159644
2025-11-26,GPRO,1.62,1.68,1.57,1.63,3218206
2025-11-25,GPRO,1.64,1.65,1.56,1.62,2294900
2025-11-24,GPRO,1.51,1.66,1.5,1.66,5374800
2025-11-21,GPRO,1.43,1.53,1.41,1.51,3236400
2025-11-20,GPRO,1.57,1.6,1.43,1.45,4024834
2025-11-19,GPRO,1.57,1.61,1.52,1.53,2303600
2025-11-18,GPRO,1.51,1.58,1.49,1.57,2664400
2025-11-17,GPRO,1.55,1.6,1.51,1.54,2913200
2025-11-14,GPRO,1.49,1.67,1.49,1.58,4053137
2025-11-13,GPRO,1.62,1.63,1.49,1.51,4145100
2025-11-12,GPRO,1.58,1.68,1.58,1.64,3331900
2025-11-11,GPRO,1.61,1.62,1.53,1.57,3410700
2025-11-10,GPRO,1.59,1.65,1.55,1.6,3813600
2025-11-07,GPRO,1.6,1.61,1.45,1.53,9183600
2025-11-06,GPRO,1.79,1.79,1.65,1.7,5525911
2025-11-05,GPRO,1.69,1.8,1.68,1.77,4085600
2025-11-04,GPRO,1.76,1.78,1.67,1.69,4954205
2025-11-03,GPRO,1.95,1.96,1.83,1.84,4290200
2025-10-31,GPRO,1.95,1.98,1.88,1.97,4476405
2025-10-30,GPRO,1.95,1.99,1.9,1.91,3768314
2025-10-29,GPRO,2.09,2.09,1.95,1.97,6617746
2025-10-28,GPRO,2.09,2.13,2.01,2.09,6430739
2025-10-27,GPRO,2.16,2.19,2.1,2.12,5994206
2025-10-24,GPRO,2.24,2.32,2.08,2.12,14208730
2025-10-23,GPRO,2.22,2.51,2.16,2.19,11835048
2025-10-22,GPRO,2.28,2.73,2.23,2.31,43016024
2025-10-21,GPRO,2.14,2.22,2.08,2.2,5610204
2025-10-20,GPRO,2.05,2.23,2.04,2.14,5227400
2025-10-17,GPRO,2.0,2.1,1.99,2.01,4684800
2025-10-16,GPRO,2.17,2.19,2.04,2.1,4463004
2025-10-15,GPRO,2.1,2.17,2.06,2.17,4629100
2025-10-14,GPRO,2.01,2.15,1.91,2.06,5680300
2025-10-13,GPRO,2.06,2.1,1.97,2.07,5760446
2025-10-10,GPRO,2.36,2.37,1.95,1.98,16382139
2025-10-09,GPRO,2.21,2.53,2.21,2.35,11410945
2025-10-08,GPRO,2.26,2.28,2.17,2.2,4898221
2025-10-07,GPRO,2.35,2.36,2.18,2.2,7426600
2025-12-05,KOYN,9.94,9.95,9.93,9.93,7000
2025-12-04,KOYN,9.93,9.96,9.93,9.94,48200
2025-12-03,KOYN,9.96,9.97,9.95,9.95,29109
2025-12-02,KOYN,9.99,9.99,9.96,9.96,16200
2025-12-01,KOYN,9.98,10.08,9.96,9.99,767033
2025-11-28,KOYN,9.96,9.96,9.96,9.96,926
2025-11-26,KOYN,9.96,9.96,9.96,9.96,21533
2025-11-25,KOYN,9.96,9.96,9.96,9.96,549920
2025-11-24,KOYN,9.96,9.97,9.96,9.96,46700
2025-11-21,KOYN,9.97,9.97,9.96,9.96,56700
2025-11-20,KOYN,9.96,9.97,9.96,9.97,27409
2025-11-19,KOYN,9.96,9.97,9.96,9.96,26505
2025-11-18,KOYN,9.98,9.98,9.96,9.96,33402
2025-11-17,KOYN,9.98,9.98,9.95,9.97,164400
2025-11-14,KOYN,9.98,9.98,9.96,9.97,55200
2025-11-13,KOYN,9.97,9.98,9.97,9.97,131531
2025-11-12,KOYN,9.99,9.99,9.96,9.99,85101
2025-11-11,KOYN,9.98,9.98,9.97,9.98,57500
2025-11-10,KOYN,9.98,9.98,9.97,9.98,12807
2025-11-07,KOYN,9.99,9.99,9.98,9.98,68708
2025-11-06,KOYN,10.0,10.0,10.0,10.0,13
2025-11-05,KOYN,10.0,10.0,10.0,10.0,2938
2025-11-04,KOYN,9.98,9.99,9.98,9.99,10948
2025-11-03,KOYN,9.99,9.99,9.99,9.99,343
2025-10-31,KOYN,9.98,9.98,9.98,9.98,1406
2025-10-30,KOYN,9.97,9.99,9.97,9.98,75300
2025-10-29,KOYN,9.98,9.99,9.98,9.98,29100
2025-10-28,KOYN,10.0,10.0,9.98,9.98,64500
2025-10-27,KOYN,9.99,9.99,9.97,9.97,385800
2025-10-24,KOYN,9.98,10.0,9.98,10.0,157408
2025-10-23,KOYN,9.97,9.99,9.97,9.99,29722
2025-10-22,KOYN,9.96,9.98,9.96,9.97,28500
2025-10-21,KOYN,9.98,9.99,9.97,9.99,14500
2025-10-20,KOYN,9.97,9.99,9.95,9.98,181031
2025-10-17,KOYN,9.96,9.97,9.95,9.96,225900
2025-10-16,KOYN,9.97,9.97,9.95,9.96,54100
2025-10-15,KOYN,9.97,9.97,9.96,9.96,1431
2025-10-14,KOYN,9.96,9.97,9.95,9.97,126900
2025-10-13,KOYN,9.94,9.96,9.94,9.95,158107
2025-10-10,KOYN,9.94,9.96,9.94,9.95,57593
2025-10-09,KOYN,9.93,9.96,9.93,9.96,34037
2025-10-08,KOYN,9.94,9.94,9.93,9.94,44122
2025-10-07,KOYN,9.85,9.94,9.85,9.93,2230
2025-12-05,WTI,1.84,1.91,1.84,1.85,728409
2025-12-04,WTI,1.77,1.86,1.77,1.8,1132911
2025-12-03,WTI,1.67,1.81,1.67,1.79,1781400
2025-12-02,WTI,1.71,1.71,1.64,1.64,1971814
2025-12-01,WTI,1.78,1.8,1.69,1.69,1827900
2025-11-28,WTI,1.78,1.82,1.76,1.77,913808
2025-11-26,WTI,1.8,1.82,1.75,1.75,854828
2025-11-25,WTI,1.79,1.81,1.75,1.78,713000
2025-11-24,WTI,1.86,1.86,1.78,1.81,1391810
2025-11-21,WTI,1.88,1.88,1.81,1.86,1483397
2025-11-20,WTI,1.88,1.97,1.87,1.89,1455000
2025-11-19,WTI,1.88,1.9,1.86,1.88,1013949
2025-11-18,WTI,1.87,1.95,1.85,1.93,1123100
2025-11-17,WTI,1.93,1.93,1.86,1.88,775700
2025-11-14,WTI,1.91,1.94,1.86,1.92,845200
2025-11-13,WTI,1.92,1.94,1.88,1.92,1173645
2025-11-12,WTI,1.97,2.0,1.88,1.9,1720212
2025-11-11,WTI,1.92,2.04,1.89,1.99,1724400
2025-11-10,WTI,2.06,2.06,1.89,1.9,2020098
2025-11-07,WTI,1.88,2.08,1.86,2.04,2190323
2025-11-06,WTI,1.96,1.98,1.83,1.92,1716243
2025-11-05,WTI,1.96,2.03,1.92,1.95,1382371
2025-11-04,WTI,2.02,2.02,1.96,1.97,1760400
2025-11-03,WTI,2.1,2.11,2.02,2.07,858716
2025-10-31,WTI,2.08,2.11,2.05,2.1,964009
2025-10-30,WTI,2.12,2.13,2.05,2.06,1317523
2025-10-29,WTI,2.15,2.2,2.12,2.12,1026924
2025-10-28,WTI,2.16,2.17,2.05,2.13,1610778
2025-10-27,WTI,2.29,2.3,2.18,2.18,1324630
2025-10-24,WTI,2.27,2.34,2.23,2.26,1621700
2025-10-23,WTI,2.18,2.28,2.16,2.24,2054628
2025-10-22,WTI,2.13,2.15,2.01,2.1,1819500
2025-10-21,WTI,2.18,2.2,2.09,2.11,1530507
2025-10-20,WTI,2.12,2.17,2.08,2.16,1269233
2025-10-17,WTI,2.14,2.15,2.06,2.09,1057334
2025-10-16,WTI,2.26,2.3,2.11,2.14,1708107
2025-10-15,WTI,2.28,2.35,2.21,2.25,1775945
2025-10-14,WTI,2.4,2.44,2.23,2.25,3002224
2025-10-13,WTI,2.14,2.59,2.14,2.52,10739900
2025-10-10,WTI,2.24,2.25,2.06,2.07,2711759
2025-10-09,WTI,2.25,2.36,2.25,2.26,3222100
2025-10-08,WTI,2.23,2.28,2.2,2.24,3213300
2025-10-07,WTI,2.15,2.22,2.14,2.19,3255100
2025-12-05,NHIC,10.38,10.38,10.33,10.37,22012
2025-12-04,NHIC,10.36,10.37,10.36,10.36,162221
2025-12-03,NHIC,10.37,10.37,10.37,10.37,0
2025-12-02,NHIC,10.37,10.37,10.37,10.37,0
2025-12-01,NHIC,10.37,10.37,10.36,10.37,39616
2025-11-28,NHIC,10.33,10.33,10.33,10.33,223
2025-11-26,NHIC,10.36,10.36,10.36,10.36,11100
2025-11-25,NHIC,10.35,10.37,10.35,10.37,3918
2025-11-24,NHIC,10.35,10.35,10.35,10.35,0
2025-11-21,NHIC,10.35,10.35,10.35,10.35,138
2025-11-20,NHIC,10.35,10.35,10.35,10.35,14
2025-11-19,NHIC,10.31,10.35,10.31,10.35,8101
2025-11-18,NHIC,10.35,10.35,10.35,10.35,22
2025-11-17,NHIC,10.36,10.36,10.35,10.35,9600
2025-11-14,NHIC,10.36,10.38,10.33,10.33,8100
2025-11-13,NHIC,10.33,10.33,10.33,10.33,500
2025-11-12,NHIC,10.37,10.37,10.37,10.37,0
2025-11-11,NHIC,10.37,10.37,10.37,10.37,344
2025-11-10,NHIC,10.33,10.33,10.33,10.33,32
2025-11-07,NHIC,10.31,10.36,10.31,10.33,54402
2025-11-06,NHIC,10.31,10.35,10.31,10.35,1400
2025-11-05,NHIC,10.35,10.35,10.34,10.34,5500
2025-11-04,NHIC,10.35,10.35,10.32,10.35,5900
2025-11-03,NHIC,10.35,10.36,10.32,10.32,236600
2025-10-31,NHIC,10.31,10.35,10.31,10.33,165144
2025-10-30,NHIC,10.35,10.35,10.31,10.35,2800
2025-10-29,NHIC,10.34,10.35,10.34,10.35,38530
2025-10-28,NHIC,10.3,10.3,10.3,10.3,6696
2025-10-27,NHIC,10.35,10.35,10.29,10.35,40229
2025-10-24,NHIC,10.25,10.4,10.24,10.35,41291
2025-10-23,NHIC,10.23,10.23,10.23,10.23,400
2025-10-22,NHIC,10.23,10.23,10.23,10.23,0
2025-10-21,NHIC,10.23,10.23,10.23,10.23,3500
2025-10-20,NHIC,10.23,10.23,10.23,10.23,7
2025-10-17,NHIC,10.23,10.23,10.23,10.23,8
2025-10-16,NHIC,10.23,10.23,10.23,10.23,0
2025-10-15,NHIC,10.23,10.23,10.23,10.23,13
2025-10-14,NHIC,10.23,10.23,10.23,10.23,19
2025-10-13,NHIC,10.21,10.23,10.21,10.23,2119
2025-10-10,NHIC,10.2,10.2,10.2,10.2,2036
2025-10-09,NHIC,10.19,10.19,10.19,10.19,4100
2025-10-08,NHIC,10.19,10.19,10.19,10.19,14819
2025-10-07,NHIC,10.18,10.18,10.18,10.18,0
2025-12-05,NODK,13.0,13.27,13.0,13.26,6417
2025-12-04,NODK,13.46,13.46,13.12,13.2,5437
2025-12-03,NODK,13.27,13.4,13.21,13.25,8014
2025-12-02,NODK,13.27,13.34,13.15,13.15,8945
2025-12-01,NODK,12.37,13.5,12.37,13.32,59200
2025-11-28,NODK,13.6,13.6,13.5,13.58,5525
2025-11-26,NODK,13.42,13.63,13.42,13.54,11124
2025-11-25,NODK,13.49,13.6,13.49,13.52,5319
2025-11-24,NODK,13.46,13.69,13.4,13.45,6800
2025-11-21,NODK,13.3,13.7,13.3,13.69,14200
2025-11-20,NODK,13.41,13.46,13.33,13.37,24900
2025-11-19,NODK,13.57,13.57,13.4,13.45,6027
2025-11-18,NODK,13.34,13.55,13.34,13.55,2613
2025-11-17,NODK,13.77,13.83,13.6,13.63,9800
2025-11-14,NODK,13.25,13.68,13.25,13.68,19829
2025-11-13,NODK,13.18,13.49,13.17,13.42,11700
2025-11-12,NODK,13.33,13.34,13.25,13.31,15733
2025-11-11,NODK,13.16,13.4,13.16,13.4,4300
2025-11-10,NODK,13.25,13.45,13.08,13.09,15133
2025-11-07,NODK,13.23,13.24,13.05,13.2,11244
2025-11-06,NODK,13.24,13.26,13.16,13.24,11130
2025-11-05,NODK,13.28,13.34,13.16,13.34,8600
2025-11-04,NODK,13.11,13.22,13.11,13.15,8000
2025-11-03,NODK,13.34,13.34,13.16,13.26,3344
2025-10-31,NODK,13.26,13.29,13.08,13.2,10900
2025-10-30,NODK,13.26,13.41,13.21,13.34,5511
2025-10-29,NODK,13.34,13.34,13.17,13.21,9317
2025-10-28,NODK,13.41,13.51,13.16,13.19,18647
2025-10-27,NODK,13.58,13.6,13.46,13.47,9543
2025-10-24,NODK,13.55,13.8,13.55,13.65,4808
2025-10-23,NODK,13.47,13.58,13.47,13.55,3400
2025-10-22,NODK,13.68,13.68,13.52,13.66,6500
2025-10-21,NODK,13.73,13.73,13.54,13.54,3500
2025-10-20,NODK,13.5,13.55,13.45,13.54,18326
2025-10-17,NODK,13.55,13.79,13.45,13.5,7700
2025-10-16,NODK,13.55,13.75,13.51,13.55,12200
2025-10-15,NODK,13.6,13.67,13.5,13.51,25100
2025-10-14,NODK,13.17,13.52,13.17,13.5,19432
2025-10-13,NODK,13.02,13.49,13.02,13.49,12031
2025-10-10,NODK,13.16,13.16,12.99,12.99,6526
2025-10-09,NODK,13.52,13.52,13.3,13.32,6648
2025-10-08,NODK,13.38,13.77,13.36,13.52,7900
2025-10-07,NODK,13.27,13.45,13.2,13.22,8604
2025-12-05,DENN,6.18,6.18,6.17,6.17,1765700
2025-12-04,DENN,6.19,6.2,6.17,6.18,4032400
2025-12-03,DENN,6.19,6.19,6.17,6.19,1811623
2025-12-02,DENN,6.18,6.19,6.17,6.18,2396614
2025-12-01,DENN,6.18,6.2,6.17,6.18,2724412
2025-11-28,DENN,6.17,6.19,6.17,6.17,434000
2025-11-26,DENN,6.17,6.19,6.17,6.17,834009
2025-11-25,DENN,6.14,6.2,6.14,6.19,1642300
2025-11-24,DENN,6.14,6.15,6.14,6.14,1280681
2025-11-21,DENN,6.15,6.16,6.14,6.15,2079026
2025-11-20,DENN,6.15,6.16,6.14,6.14,5092500
2025-11-19,DENN,6.14,6.16,6.14,6.15,3817301
2025-11-18,DENN,6.15,6.15,6.13,6.13,2171718
2025-11-17,DENN,6.14,6.16,6.14,6.14,2445723
2025-11-14,DENN,6.15,6.15,6.14,6.14,1339509
2025-11-13,DENN,6.16,6.18,6.14,6.14,3113926
2025-11-12,DENN,6.17,6.17,6.16,6.16,2003255
2025-11-11,DENN,6.16,6.18,6.15,6.17,3118445
2025-11-10,DENN,6.13,6.17,6.12,6.17,4028501
2025-11-07,DENN,6.16,6.16,6.1,6.11,8806188
2025-11-06,DENN,6.16,6.17,6.15,6.16,3191903
2025-11-05,DENN,6.17,6.18,6.16,6.17,4263700
2025-11-04,DENN,6.17,6.19,6.15,6.18,27504400
2025-11-03,DENN,3.93,4.13,3.89,4.11,2409500
2025-10-31,DENN,3.89,4.0,3.86,3.91,892804
2025-10-30,DENN,4.23,4.23,3.88,3.89,1289636
2025-10-29,DENN,4.46,4.53,4.17,4.18,1516300
2025-10-28,DENN,4.9,4.94,4.46,4.51,1416891
2025-10-27,DENN,5.05,5.05,4.89,4.93,654711
2025-10-24,DENN,4.93,5.11,4.86,4.98,766639
2025-10-23,DENN,5.15,5.17,4.89,4.93,781038
2025-10-22,DENN,5.34,5.35,5.03,5.15,1707981
2025-10-21,DENN,5.13,5.25,4.89,5.0,1596900
2025-10-20,DENN,5.05,5.13,4.89,5.11,731300
2025-10-17,DENN,4.86,5.11,4.86,5.01,544400
2025-10-16,DENN,5.05,5.15,4.87,4.9,1012346
2025-10-15,DENN,4.95,5.08,4.92,5.02,576946
2025-10-14,DENN,4.75,5.04,4.72,4.95,620934
2025-10-13,DENN,4.66,4.86,4.66,4.85,538700
2025-10-10,DENN,5.02,5.07,4.6,4.6,560138
2025-10-09,DENN,5.08,5.12,4.94,5.02,334358
2025-10-08,DENN,5.04,5.18,4.99,5.09,591300
2025-10-07,DENN,4.9,5.04,4.81,5.02,609530
2025-12-05,EVC,2.78,2.82,2.73,2.73,342624
2025-12-04,EVC,2.79,2.85,2.75,2.79,186845
2025-12-03,EVC,2.81,2.81,2.77,2.79,215126
2025-12-02,EVC,2.81,2.84,2.77,2.77,260436
2025-12-01,EVC,2.81,2.85,2.77,2.82,279403
2025-11-28,EVC,2.83,2.83,2.74,2.78,152300
2025-11-26,EVC,2.7,2.85,2.7,2.83,367906
2025-11-25,EVC,2.7,2.75,2.69,2.71,199227
2025-11-24,EVC,2.71,2.77,2.69,2.69,235492
2025-11-21,EVC,2.56,2.74,2.56,2.72,433300
2025-11-20,EVC,2.67,2.76,2.56,2.57,446034
2025-11-19,EVC,2.7,2.74,2.58,2.6,365818
2025-11-18,EVC,2.77,2.78,2.69,2.71,276100
2025-11-17,EVC,2.81,2.88,2.76,2.76,466236
2025-11-14,EVC,2.8,2.86,2.68,2.85,382524
2025-11-13,EVC,2.91,2.96,2.83,2.86,440800
2025-11-12,EVC,3.01,3.04,2.9,2.92,349217
2025-11-11,EVC,2.93,3.04,2.9,3.01,442379
2025-11-10,EVC,2.95,3.02,2.92,2.92,566148
2025-11-07,EVC,2.92,2.97,2.79,2.88,549144
2025-11-06,EVC,2.83,3.05,2.59,2.9,1736900
2025-11-05,EVC,2.51,3.15,2.38,2.85,11379925
2025-11-04,EVC,1.98,2.03,1.98,1.98,997000
2025-11-03,EVC,2.06,2.08,1.98,1.99,147012
2025-10-31,EVC,2.0,2.17,2.0,2.07,224616
2025-10-30,EVC,2.04,2.06,1.99,2.0,107900
2025-10-29,EVC,2.03,2.13,2.02,2.03,156402
2025-10-28,EVC,2.0,2.07,1.98,2.01,169500
2025-10-27,EVC,1.99,2.04,1.99,2.0,84000
2025-10-24,EVC,2.05,2.07,1.99,2.0,73318
2025-10-23,EVC,2.02,2.05,2.0,2.03,77329
2025-10-22,EVC,1.96,2.03,1.95,2.02,178665
2025-10-21,EVC,2.02,2.02,1.97,1.98,180300
2025-10-20,EVC,1.99,2.05,1.99,2.02,179548
2025-10-17,EVC,1.99,2.02,1.98,1.99,156740
2025-10-16,EVC,2.1,2.12,1.99,1.99,184037
2025-10-15,EVC,2.12,2.13,2.07,2.1,184971
2025-10-14,EVC,2.11,2.12,2.07,2.1,230108
2025-10-13,EVC,2.18,2.24,2.12,2.12,161253
2025-10-10,EVC,2.21,2.23,2.13,2.13,207800
2025-10-09,EVC,2.28,2.28,2.21,2.21,118135
2025-10-08,EVC,2.25,2.33,2.24,2.28,171279
2025-10-07,EVC,2.23,2.26,2.2,2.24,120500
2025-12-05,SPCE,4.47,4.5,4.22,4.31,2346711
2025-12-04,SPCE,4.25,4.5,4.18,4.49,4432600
2025-12-03,SPCE,3.92,4.37,3.88,4.35,3678528
2025-12-02,SPCE,3.85,4.01,3.82,3.9,1996539
2025-12-01,SPCE,3.82,3.92,3.71,3.79,1499238
2025-11-28,SPCE,3.72,3.9,3.72,3.87,1793200
2025-11-26,SPCE,3.54,3.73,3.5,3.7,1749700
2025-11-25,SPCE,3.36,3.53,3.34,3.51,1805500
2025-11-24,SPCE,3.38,3.39,3.2,3.36,2744100
2025-11-21,SPCE,3.4,3.5,3.22,3.38,2649511
2025-11-20,SPCE,3.55,3.79,3.43,3.43,3481000
2025-11-19,SPCE,3.62,3.62,3.41,3.46,1993819
2025-11-18,SPCE,3.5,3.59,3.35,3.55,2523100
2025-11-17,SPCE,3.65,3.76,3.51,3.58,2680746
2025-11-14,SPCE,3.26,3.79,3.25,3.67,6110000
2025-11-13,SPCE,3.56,3.6,3.28,3.31,4671600
2025-11-12,SPCE,3.68,3.84,3.6,3.62,2226800
2025-11-11,SPCE,3.6,3.64,3.5,3.64,2005000
2025-11-10,SPCE,3.7,3.75,3.58,3.59,1625300
2025-11-07,SPCE,3.5,3.61,3.35,3.59,2487309
2025-11-06,SPCE,3.66,3.7,3.56,3.58,1883300
2025-11-05,SPCE,3.48,3.73,3.47,3.64,2812700
2025-11-04,SPCE,3.56,3.68,3.5,3.5,3083000
2025-11-03,SPCE,3.95,3.95,3.62,3.66,3690424
2025-10-31,SPCE,3.83,4.2,3.78,3.94,7712900
2025-10-30,SPCE,3.92,3.97,3.81,3.82,2719600
2025-10-29,SPCE,4.06,4.17,3.97,4.02,2986200
2025-10-28,SPCE,4.16,4.16,3.98,4.05,3596438
2025-10-27,SPCE,4.1,4.22,4.0,4.17,3484824
2025-10-24,SPCE,4.01,4.28,3.98,4.0,4460033
2025-10-23,SPCE,3.73,4.03,3.67,3.97,3836405
2025-10-22,SPCE,3.89,3.93,3.54,3.72,5203500
2025-10-21,SPCE,4.1,4.1,3.86,3.94,3713015
2025-10-20,SPCE,4.15,4.23,4.03,4.14,2781537
2025-10-17,SPCE,4.4,4.48,4.02,4.08,5427000
2025-10-16,SPCE,4.73,5.23,4.37,4.43,10842800
2025-10-15,SPCE,4.74,4.98,4.48,4.6,6252700
2025-10-14,SPCE,4.24,4.67,4.01,4.65,7483200
2025-10-13,SPCE,4.14,4.37,3.96,4.37,5958649
2025-10-10,SPCE,4.1,4.69,4.02,4.09,11670146
2025-10-09,SPCE,4.2,4.25,3.99,4.06,2638100
2025-10-08,SPCE,3.99,4.38,3.99,4.12,5561105
2025-10-07,SPCE,4.09,4.64,3.91,3.97,8567324
2025-12-05,SLS,1.73,1.8,1.69,1.74,4277481
2025-12-04,SLS,1.54,1.84,1.52,1.74,10360600
2025-12-03,SLS,1.41,1.55,1.41,1.54,3636500
2025-12-02,SLS,1.52,1.52,1.39,1.39,4853300
2025-12-01,SLS,1.58,1.6,1.5,1.5,2636700
2025-11-28,SLS,1.47,1.64,1.47,1.62,2142000
2025-11-26,SLS,1.45,1.47,1.42,1.46,3735300
2025-11-25,SLS,1.55,1.57,1.43,1.44,3630244
2025-11-24,SLS,1.54,1.58,1.51,1.55,2913622
2025-11-21,SLS,1.51,1.56,1.5,1.53,2970200
2025-11-20,SLS,1.56,1.61,1.45,1.46,2005800
2025-11-19,SLS,1.62,1.63,1.52,1.52,2655002
2025-11-18,SLS,1.44,1.65,1.4,1.59,4879811
2025-11-17,SLS,1.41,1.47,1.39,1.41,4636401
2025-11-14,SLS,1.43,1.47,1.4,1.43,3260010
2025-11-13,SLS,1.5,1.56,1.43,1.46,3274100
2025-11-12,SLS,1.51,1.57,1.48,1.49,4558044
2025-11-11,SLS,1.5,1.52,1.44,1.51,3841744
2025-11-10,SLS,1.62,1.63,1.48,1.5,5087539
2025-11-07,SLS,1.62,1.63,1.54,1.59,3510607
2025-11-06,SLS,1.68,1.68,1.6,1.62,2515012
2025-11-05,SLS,1.67,1.74,1.64,1.68,2866719
2025-11-04,SLS,1.75,1.77,1.65,1.66,3337400
2025-11-03,SLS,1.84,1.85,1.73,1.79,3753429
2025-10-31,SLS,1.91,1.93,1.81,1.82,4584200
2025-10-30,SLS,2.06,2.12,1.9,1.91,4422600
2025-10-29,SLS,2.04,2.12,1.85,2.08,7161342
2025-10-28,SLS,1.93,2.02,1.91,2.0,3617437
2025-10-27,SLS,1.96,2.02,1.86,1.94,4164949
2025-10-24,SLS,1.93,2.06,1.89,1.99,3433200
2025-10-23,SLS,1.99,2.0,1.88,1.91,3169407
2025-10-22,SLS,1.89,1.96,1.85,1.95,5827100
2025-10-21,SLS,2.0,2.01,1.88,1.91,5750800
2025-10-20,SLS,2.42,2.48,2.0,2.01,19338200
2025-10-17,SLS,2.17,2.21,2.07,2.14,8082427
2025-10-16,SLS,2.27,2.29,2.12,2.16,4194700
2025-10-15,SLS,2.15,2.27,2.08,2.18,7618805
2025-10-14,SLS,2.02,2.08,1.88,2.05,5198500
2025-10-13,SLS,1.99,2.15,1.94,2.0,5605100
2025-10-10,SLS,1.93,1.93,1.85,1.91,2057412
2025-10-09,SLS,1.95,1.95,1.88,1.9,1299326
2025-10-08,SLS,1.89,1.95,1.85,1.93,2798236
2025-10-07,SLS,1.89,1.92,1.81,1.9,2115200
2025-12-05,SSSS,9.49,9.63,9.33,9.43,226136
2025-12-04,SSSS,9.62,9.73,9.47,9.47,139700
2025-12-03,SSSS,9.33,9.69,9.31,9.6,109359
2025-12-02,SSSS,9.46,9.59,9.32,9.33,114447
2025-12-01,SSSS,9.16,9.61,9.13,9.47,184480
2025-11-28,SSSS,9.18,9.27,9.14,9.25,70425
2025-11-26,SSSS,8.85,9.24,8.85,9.17,208800
2025-11-25,SSSS,8.97,9.0,8.71,8.9,222643
2025-11-24,SSSS,8.86,9.03,8.81,9.01,121800
2025-11-21,SSSS,8.84,8.94,8.51,8.89,269524
2025-11-20,SSSS,9.49,9.72,8.95,8.96,378363
2025-11-19,SSSS,9.42,9.52,9.31,9.35,107500
2025-11-18,SSSS,9.19,9.52,9.17,9.45,208948
2025-11-17,SSSS,9.88,9.89,9.3,9.33,231335
2025-11-14,SSSS,9.3,9.91,9.16,9.8,551940
2025-11-13,SSSS,9.68,9.75,9.34,9.4,258200
2025-11-12,SSSS,9.92,9.96,9.68,9.68,259200
2025-11-11,SSSS,10.07,10.16,9.83,9.92,220725
2025-11-10,SSSS,10.1,10.29,10.03,10.21,217600
2025-11-07,SSSS,10.06,10.06,9.7,9.86,215751
2025-11-06,SSSS,10.12,10.19,9.9,10.13,235445
2025-11-05,SSSS,10.2,10.23,9.79,10.01,187725
2025-11-04,SSSS,9.99,10.19,9.68,9.81,339600
2025-11-03,SSSS,10.33,10.34,9.99,10.2,359748
2025-10-31,SSSS,10.24,10.29,9.91,10.19,457344
2025-10-30,SSSS,9.23,10.29,9.15,10.22,1142549
2025-10-29,SSSS,9.05,9.19,9.02,9.07,129702
2025-10-28,SSSS,8.96,9.09,8.9,9.03,173025
2025-10-27,SSSS,8.86,9.07,8.8,8.98,194537
2025-10-24,SSSS,8.92,9.03,8.84,8.84,123100
2025-10-23,SSSS,8.95,9.03,8.88,8.89,110600
2025-10-22,SSSS,9.11,9.11,8.79,8.89,126407
2025-10-21,SSSS,9.18,9.18,9.02,9.08,81800
2025-10-20,SSSS,8.98,9.28,8.98,9.15,149930
2025-10-17,SSSS,8.76,9.01,8.75,8.98,123634
2025-10-16,SSSS,9.18,9.18,8.82,8.83,224644
2025-10-15,SSSS,9.27,9.35,9.05,9.18,186200
2025-10-14,SSSS,9.35,9.36,9.12,9.29,199000
2025-10-13,SSSS,9.5,9.73,9.37,9.42,173887
2025-10-10,SSSS,9.8,9.8,9.21,9.24,389806
2025-10-09,SSSS,9.85,9.9,9.53,9.79,241200
2025-10-08,SSSS,9.78,9.91,9.66,9.79,141134
2025-10-07,SSSS,9.83,9.99,9.64,9.82,180930
2025-12-05,LOGC,7.49,7.5,7.16,7.29,154800
2025-12-04,LOGC,7.65,7.65,7.38,7.5,398500
2025-12-03,LOGC,7.65,7.65,7.35,7.64,84236
2025-12-02,LOGC,7.35,7.63,7.25,7.54,111427
2025-12-01,LOGC,7.4,7.65,7.2,7.63,48109
2025-11-28,LOGC,7.45,7.6,7.37,7.6,28000
2025-11-26,LOGC,7.56,7.69,7.35,7.57,45504
2025-11-25,LOGC,7.5,7.62,7.21,7.6,55621
2025-11-24,LOGC,7.2,7.63,7.15,7.62,31321
2025-11-21,LOGC,7.12,7.3,7.12,7.3,31341
2025-11-20,LOGC,7.05,7.18,7.05,7.17,68800
2025-11-19,LOGC,7.14,7.2,7.05,7.05,44433
2025-11-18,LOGC,7.16,7.26,7.13,7.14,36700
2025-11-17,LOGC,7.19,7.3,7.18,7.3,33300
2025-11-14,LOGC,7.15,7.35,7.15,7.34,46430
2025-11-13,LOGC,7.27,7.39,7.19,7.26,24000
2025-11-12,LOGC,7.21,7.4,7.21,7.39,13400
2025-11-11,LOGC,7.57,7.57,7.21,7.45,51900
2025-11-10,LOGC,7.2,7.5,7.15,7.49,51231
2025-11-07,LOGC,7.27,7.63,7.2,7.4,50541
2025-11-06,LOGC,7.65,7.74,7.3,7.46,44900
2025-11-05,LOGC,7.65,7.75,7.5,7.65,91100
2025-11-04,LOGC,7.49,7.6,7.42,7.6,48036
2025-11-03,LOGC,7.53,7.65,7.45,7.65,69631
2025-10-31,LOGC,7.58,7.65,7.5,7.53,11900
2025-10-30,LOGC,7.42,7.66,7.4,7.65,50634
2025-10-29,LOGC,7.3,7.72,7.18,7.6,113500
2025-10-28,LOGC,7.45,7.59,7.05,7.3,71900
2025-10-27,LOGC,7.65,7.65,7.5,7.58,80100
2025-10-24,LOGC,7.75,7.79,7.5,7.65,50700
2025-10-23,LOGC,7.79,7.79,7.45,7.75,283729
2025-10-22,LOGC,7.7,7.79,7.51,7.78,64800
2025-10-21,LOGC,7.75,7.88,7.74,7.75,86200
2025-10-20,LOGC,7.7,7.88,7.64,7.85,181700
2025-10-17,LOGC,7.84,7.85,7.62,7.7,123034
2025-10-16,LOGC,7.8,7.92,7.6,7.85,85900
2025-10-15,LOGC,7.6,7.91,7.6,7.9,79141
2025-10-14,LOGC,7.8,7.85,7.65,7.75,53818
2025-10-13,LOGC,7.85,7.87,7.56,7.87,26100
2025-10-10,LOGC,7.71,7.9,7.6,7.9,31900
2025-10-09,LOGC,7.85,7.93,7.72,7.91,50024
2025-10-08,LOGC,7.6,7.83,7.6,7.74,46900
2025-10-07,LOGC,7.89,8.0,7.43,7.69,313943
2025-12-05,GHG,1.85,1.88,1.8,1.82,17700
2025-12-04,GHG,1.8,1.89,1.8,1.83,16448
2025-12-03,GHG,1.88,1.88,1.8,1.82,12700
2025-12-02,GHG,1.85,1.87,1.8,1.86,4603
2025-12-01,GHG,1.85,1.91,1.83,1.84,11551
2025-11-28,GHG,1.87,1.9,1.84,1.88,8046
2025-11-26,GHG,1.86,1.9,1.81,1.86,12921
2025-11-25,GHG,1.8,1.85,1.79,1.83,2444
2025-11-24,GHG,1.8,1.81,1.77,1.79,2800
2025-11-21,GHG,1.81,1.81,1.76,1.8,14444
2025-11-20,GHG,1.85,1.85,1.8,1.82,6800
2025-11-19,GHG,1.9,1.91,1.82,1.82,24500
2025-11-18,GHG,1.97,1.97,1.91,1.91,14249
2025-11-17,GHG,1.93,1.99,1.9,1.9,18416
2025-11-14,GHG,1.93,1.97,1.9,1.92,10117
2025-11-13,GHG,1.96,1.96,1.9,1.96,5600
2025-11-12,GHG,1.97,1.98,1.92,1.93,9900
2025-11-11,GHG,1.94,1.97,1.94,1.95,11118
2025-11-10,GHG,1.93,1.97,1.93,1.93,4200
2025-11-07,GHG,2.04,2.04,1.93,1.96,12710
2025-11-06,GHG,1.92,2.01,1.92,2.01,5405
2025-11-05,GHG,1.96,2.02,1.9,2.01,8300
2025-11-04,GHG,2.04,2.04,2.0,2.0,400
2025-11-03,GHG,2.02,2.04,2.0,2.04,10745
2025-10-31,GHG,1.93,2.02,1.89,2.02,18229
2025-10-30,GHG,1.95,2.05,1.94,1.95,19130
2025-10-29,GHG,2.04,2.07,1.96,2.02,9809
2025-10-28,GHG,2.08,2.08,1.99,2.06,11400
2025-10-27,GHG,2.06,2.1,2.04,2.08,16200
2025-10-24,GHG,2.02,2.05,1.99,2.04,9800
2025-10-23,GHG,2.03,2.06,1.97,2.05,24443
2025-10-22,GHG,2.0,2.03,1.93,2.03,8800
2025-10-21,GHG,1.95,2.01,1.93,1.97,7300
2025-10-20,GHG,1.95,1.97,1.94,1.96,6200
2025-10-17,GHG,1.95,2.01,1.93,1.93,8800
2025-10-16,GHG,2.02,2.03,1.95,2.01,5833
2025-10-15,GHG,2.07,2.07,1.92,2.01,30764
2025-10-14,GHG,1.89,2.07,1.88,2.03,25041
2025-10-13,GHG,2.0,2.08,1.94,1.99,39430
2025-10-10,GHG,2.08,2.08,1.89,1.9,94575
2025-10-09,GHG,2.05,2.09,2.0,2.0,79400
2025-10-08,GHG,2.25,2.26,2.0,2.09,167700
2025-10-07,GHG,2.23,2.31,2.18,2.23,49428
2025-11-17,RDNW,5.34,5.34,5.08,5.3,78500
2025-11-14,RDNW,5.27,5.49,5.1,5.32,105700
2025-11-13,RDNW,5.27,5.55,5.25,5.49,99119
2025-11-12,RDNW,5.14,5.7,5.01,5.33,211000
2025-11-11,RDNW,4.97,5.13,4.67,5.1,96525
2025-11-10,RDNW,4.52,4.96,4.37,4.9,79100
2025-11-07,RDNW,4.08,4.44,4.08,4.4,58271
2025-11-06,RDNW,4.13,4.22,3.9,4.1,55484
2025-11-05,RDNW,4.0,4.5,3.85,4.14,133713
2025-11-04,RDNW,3.2,3.53,3.2,3.34,25577
2025-11-03,RDNW,3.43,3.43,3.21,3.28,24742
2025-10-31,RDNW,3.43,3.5,3.4,3.4,9635
2025-10-30,RDNW,3.48,3.52,3.37,3.45,8100
2025-10-29,RDNW,3.59,3.84,3.41,3.44,7744
2025-10-28,RDNW,3.61,3.85,3.57,3.62,32200
2025-10-27,RDNW,3.69,3.96,3.51,3.69,23900
2025-10-24,RDNW,3.55,3.75,3.52,3.59,25011
2025-10-23,RDNW,3.54,3.61,3.47,3.53,22300
2025-10-22,RDNW,3.55,3.7,3.33,3.42,28900
2025-10-21,RDNW,3.52,3.63,3.5,3.55,12400
2025-10-20,RDNW,3.21,3.8,3.21,3.57,29203
2025-10-17,RDNW,3.51,3.57,3.25,3.25,51200
2025-10-16,RDNW,3.67,3.87,3.49,3.56,25500
2025-10-15,RDNW,3.77,3.92,3.66,3.69,27200
2025-10-14,RDNW,3.48,3.86,3.48,3.68,24430
2025-10-13,RDNW,3.59,3.86,3.55,3.57,28126
2025-10-10,RDNW,3.6,3.7,3.38,3.43,23590
2025-10-09,RDNW,3.59,3.87,3.52,3.6,17600
2025-10-08,RDNW,3.82,3.88,3.5,3.58,66082
2025-10-07,RDNW,4.29,4.3,3.72,3.81,57298
2025-12-05,GIFI,11.94,11.94,11.9,11.9,84500
2025-12-04,GIFI,11.9,11.92,11.9,11.9,244100
2025-12-03,GIFI,11.87,11.89,11.87,11.88,40247
2025-12-02,GIFI,11.86,11.89,11.86,11.87,41234
2025-12-01,GIFI,11.86,11.89,11.86,11.87,43132
2025-11-28,GIFI,11.86,11.88,11.86,11.88,24300
2025-11-26,GIFI,11.85,11.88,11.82,11.86,49507
2025-11-25,GIFI,11.83,11.86,11.83,11.85,66000
2025-11-24,GIFI,11.78,11.86,11.77,11.82,108729
2025-11-21,GIFI,11.77,11.78,11.77,11.78,248310
2025-11-20,GIFI,11.78,11.78,11.77,11.78,104900
2025-11-19,GIFI,11.76,11.78,11.76,11.78,197646
2025-11-18,GIFI,11.76,11.78,11.76,11.76,188540
2025-11-17,GIFI,11.76,11.78,11.76,11.78,172099
2025-11-14,GIFI,11.76,11.78,11.76,11.77,146000
2025-11-13,GIFI,11.77,11.78,11.76,11.77,315537
2025-11-12,GIFI,11.77,11.78,11.77,11.78,441800
2025-11-11,GIFI,11.77,11.79,11.77,11.79,184800
2025-11-10,GIFI,11.77,11.78,11.76,11.77,846839
2025-11-07,GIFI,11.77,11.83,11.75,11.78,1001312
2025-11-06,GIFI,7.91,8.06,7.87,7.87,38031
2025-11-05,GIFI,8.04,8.11,7.87,7.99,52600
2025-11-04,GIFI,8.01,8.01,7.75,7.96,23800
2025-11-03,GIFI,7.86,8.1,7.81,8.0,47146
2025-10-31,GIFI,8.0,8.01,7.78,7.81,13916
2025-10-30,GIFI,7.81,8.05,7.8,7.99,41721
2025-10-29,GIFI,7.73,7.86,7.7,7.81,17900
2025-10-28,GIFI,7.9,7.97,7.7,7.78,7700
2025-10-27,GIFI,8.13,8.23,7.84,7.84,46435
2025-10-24,GIFI,7.88,8.23,7.85,8.0,91827
2025-10-23,GIFI,7.41,7.88,7.35,7.74,72600
2025-10-22,GIFI,7.36,7.41,7.33,7.34,7300
2025-10-21,GIFI,7.38,7.44,7.34,7.4,19100
2025-10-20,GIFI,7.49,7.5,7.34,7.43,28315
2025-10-17,GIFI,7.25,7.46,7.18,7.41,44800
2025-10-16,GIFI,7.32,7.35,7.19,7.25,59800
2025-10-15,GIFI,7.29,7.35,7.26,7.34,41709
2025-10-14,GIFI,7.14,7.3,7.14,7.25,70000
2025-10-13,GIFI,7.28,7.64,7.22,7.26,55841
2025-10-10,GIFI,7.36,7.5,7.25,7.27,35619
2025-10-09,GIFI,7.34,7.77,7.26,7.43,64639
2025-10-08,GIFI,7.44,7.59,7.3,7.37,36222
2025-10-07,GIFI,7.51,7.62,7.34,7.35,35000
2025-12-05,LODE,3.73,3.73,3.32,3.39,715977
2025-12-04,LODE,3.47,3.75,3.44,3.75,938023
2025-12-03,LODE,3.4,3.49,3.31,3.48,730800
2025-12-02,LODE,3.45,3.58,3.41,3.43,559600
2025-12-01,LODE,3.49,3.49,3.36,3.41,530675
2025-11-28,LODE,3.65,3.68,3.55,3.58,465319
2025-11-26,LODE,3.46,3.65,3.43,3.62,586800
2025-11-25,LODE,3.27,3.5,3.27,3.47,737071
2025-11-24,LODE,3.2,3.28,3.04,3.27,1122500
2025-11-21,LODE,3.31,3.4,3.13,3.38,1038237
2025-11-20,LODE,3.4,3.61,3.22,3.28,1419731
2025-11-19,LODE,3.22,3.38,3.17,3.38,926310
2025-11-18,LODE,3.26,3.27,3.1,3.22,984706
2025-11-17,LODE,2.93,3.34,2.9,3.24,1624500
2025-11-14,LODE,2.81,3.06,2.78,2.97,781100
2025-11-13,LODE,2.99,3.1,2.81,2.85,852300
2025-11-12,LODE,3.05,3.14,2.95,3.02,1099892
2025-11-11,LODE,2.99,3.05,2.92,3.04,660044
2025-11-10,LODE,2.86,3.02,2.8,2.98,1083025
2025-11-07,LODE,2.69,2.78,2.61,2.75,1046507
2025-11-06,LODE,2.77,2.8,2.67,2.71,743800
2025-11-05,LODE,2.76,2.86,2.74,2.76,555441
2025-11-04,LODE,2.94,3.05,2.71,2.76,1305425
2025-11-03,LODE,3.12,3.13,2.85,2.95,783500
2025-10-31,LODE,3.23,3.27,2.98,3.1,788400
2025-10-30,LODE,3.13,3.48,3.06,3.16,1248100
2025-10-29,LODE,3.03,3.13,2.96,2.99,795484
2025-10-28,LODE,3.01,3.17,2.97,3.04,908631
2025-10-27,LODE,3.19,3.19,2.99,3.04,1034637
2025-10-24,LODE,3.01,3.2,3.01,3.14,1234901
2025-10-23,LODE,3.08,3.15,2.94,2.97,1446438
2025-10-22,LODE,3.23,3.27,3.02,3.09,2015200
2025-10-21,LODE,3.48,3.53,3.18,3.28,1249200
2025-10-20,LODE,3.49,3.61,3.33,3.47,1219900
2025-10-17,LODE,3.86,3.9,3.49,3.52,1833900
2025-10-16,LODE,4.31,4.31,3.78,3.89,2146900
2025-10-15,LODE,4.68,4.75,4.01,4.23,3474500
2025-10-14,LODE,4.0,4.6,4.0,4.38,4457700
2025-10-13,LODE,3.53,3.93,3.52,3.88,1678616
2025-10-10,LODE,3.82,3.83,3.4,3.41,1113900
2025-10-09,LODE,3.59,3.8,3.55,3.79,1197700
2025-10-08,LODE,3.56,3.65,3.51,3.58,753014
2025-10-07,LODE,3.78,3.8,3.48,3.53,1005561
2025-12-05,VOR,8.43,8.43,7.91,8.18,246114
2025-12-04,VOR,8.41,8.49,8.03,8.33,435614
2025-12-03,VOR,7.8,8.6,7.6,8.51,537205
2025-12-02,VOR,7.45,7.99,7.21,7.53,422719
2025-12-01,VOR,8.33,8.33,7.52,7.68,427000
2025-11-28,VOR,8.32,8.66,8.12,8.33,293612
2025-11-26,VOR,8.2,8.27,7.6,7.95,333106
2025-11-25,VOR,8.31,8.68,7.9,7.96,508603
2025-11-24,VOR,7.82,8.77,7.82,8.36,918100
2025-11-21,VOR,6.77,7.6,6.69,7.45,735700
2025-11-20,VOR,7.82,8.16,6.5,6.86,1087643
2025-11-19,VOR,8.9,9.21,7.76,7.82,794420
2025-11-18,VOR,9.95,10.15,9.0,9.12,1011410
2025-11-17,VOR,10.0,10.25,9.69,10.02,778737
2025-11-14,VOR,9.5,10.35,9.5,10.01,523663
2025-11-13,VOR,9.96,10.45,9.5,9.75,869200
2025-11-12,VOR,10.0,10.5,9.72,10.06,1325900
2025-11-11,VOR,9.51,10.21,9.0,9.84,9187147
2025-11-10,VOR,19.21,20.0,18.68,18.8,437000
2025-11-07,VOR,18.82,19.95,18.39,18.7,331887
2025-11-06,VOR,20.8,21.3,18.79,18.97,266814
2025-11-05,VOR,20.27,21.71,20.27,20.91,220839
2025-11-04,VOR,21.96,22.0,19.62,20.56,424943
2025-11-03,VOR,24.16,24.5,22.31,22.41,255260
2025-10-31,VOR,25.22,26.76,24.05,24.11,224541
2025-10-30,VOR,25.16,25.56,24.59,25.0,204049
2025-10-29,VOR,26.79,26.8,23.12,25.5,954615
2025-10-28,VOR,27.89,28.66,26.8,26.93,373249
2025-10-27,VOR,27.2,28.47,26.0,28.13,366267
2025-10-24,VOR,27.36,28.22,27.05,27.19,276938
2025-10-23,VOR,25.76,28.31,25.6,27.76,292600
2025-10-22,VOR,27.0,27.45,25.95,26.5,295800
2025-10-21,VOR,30.08,30.38,27.41,27.77,349442
2025-10-20,VOR,29.95,30.4,29.0,29.43,331642
2025-10-17,VOR,28.66,31.31,28.65,29.0,627519
2025-10-16,VOR,30.68,30.97,28.95,29.06,418300
2025-10-15,VOR,32.93,33.42,30.1,30.22,725900
2025-10-14,VOR,33.03,33.03,29.2,30.81,615000
2025-10-13,VOR,31.5,33.17,31.5,32.29,292600
2025-10-10,VOR,30.48,33.5,30.48,31.23,402021
2025-10-09,VOR,33.02,33.2,31.26,31.72,424100
2025-10-08,VOR,34.12,34.63,33.2,33.4,436500
2025-10-07,VOR,35.37,35.82,33.7,33.8,381542
2025-12-05,ENJ,21.73,21.94,21.73,21.9,4437
2025-12-04,ENJ,22.29,22.29,21.89,22.04,5740
2025-12-03,ENJ,21.52,22.48,21.52,21.8,4040
2025-12-02,ENJ,21.27,21.59,21.05,21.52,7131
2025-12-01,ENJ,21.17,21.17,21.07,21.07,602
2025-11-28,ENJ,21.29,21.32,21.29,21.32,1500
2025-11-26,ENJ,21.1,21.5,21.0,21.42,5824
2025-11-25,ENJ,21.08,21.36,20.69,21.24,9900
2025-11-24,ENJ,21.37,21.37,21.37,21.37,29
2025-11-21,ENJ,21.4,21.5,21.34,21.37,2274
2025-11-20,ENJ,21.15,21.2,21.15,21.15,4500
2025-11-19,ENJ,21.35,21.35,21.35,21.35,300
2025-11-18,ENJ,21.67,21.67,21.04,21.5,3608
2025-11-17,ENJ,21.99,21.99,21.89,21.89,1022
2025-11-14,ENJ,21.44,21.9,21.44,21.9,900
2025-11-13,ENJ,21.93,21.93,21.9,21.9,451
2025-11-12,ENJ,21.95,21.95,21.95,21.95,950
2025-11-11,ENJ,22.0,22.2,21.91,22.2,1000
2025-11-10,ENJ,22.17,22.25,22.15,22.25,600
2025-11-07,ENJ,21.99,22.19,21.99,22.11,2022
2025-11-06,ENJ,22.07,22.2,22.07,22.2,200
2025-11-05,ENJ,22.16,22.16,22.13,22.13,300
2025-11-04,ENJ,21.95,22.44,21.95,22.1,4201
2025-11-03,ENJ,22.24,22.45,22.08,22.3,3429
2025-10-31,ENJ,22.2,22.25,22.19,22.25,2000
2025-10-30,ENJ,22.45,22.46,22.22,22.22,2043
2025-10-29,ENJ,22.43,22.43,22.43,22.43,0
2025-10-28,ENJ,22.43,22.43,22.43,22.43,3428
2025-10-27,ENJ,22.5,22.51,22.43,22.43,3428
2025-10-24,ENJ,22.68,22.81,22.58,22.68,2846
2025-10-23,ENJ,22.33,22.33,22.33,22.33,639
2025-10-22,ENJ,21.95,22.1,21.95,22.1,3826
2025-10-21,ENJ,21.83,21.97,21.83,21.97,508
2025-10-20,ENJ,21.82,21.82,21.82,21.82,111
2025-10-17,ENJ,21.82,21.82,21.82,21.82,111
2025-10-16,ENJ,21.93,21.93,21.93,21.93,201
2025-10-15,ENJ,21.82,21.93,21.82,21.93,201
2025-10-14,ENJ,21.83,21.83,21.82,21.82,405
2025-10-13,ENJ,21.9,21.98,21.9,21.98,427
2025-10-10,ENJ,21.89,22.0,21.7,22.0,6340
2025-10-09,ENJ,21.58,21.88,21.58,21.88,5244
2025-10-08,ENJ,21.71,21.88,21.71,21.88,1800
2025-10-07,ENJ,21.76,21.76,21.76,21.76,500
2025-12-05,CATX,2.39,2.45,2.29,2.4,1393821
2025-12-04,CATX,2.22,2.41,2.17,2.39,1930692
2025-12-03,CATX,2.05,2.22,2.05,2.21,1542800
2025-12-02,CATX,2.18,2.19,2.05,2.05,1085939
2025-12-01,CATX,2.33,2.36,2.15,2.19,1387828
2025-11-28,CATX,2.25,2.39,2.25,2.35,742908
2025-11-26,CATX,2.22,2.27,2.17,2.23,1247700
2025-11-25,CATX,2.21,2.29,2.07,2.19,2020120
2025-11-24,CATX,2.16,2.31,2.14,2.17,1669541
2025-11-21,CATX,2.12,2.17,1.96,2.09,1928715
2025-11-20,CATX,2.35,2.41,2.1,2.12,1837909
2025-11-19,CATX,2.31,2.54,2.29,2.3,3029700
2025-11-18,CATX,2.18,2.37,2.17,2.28,2295891
2025-11-17,CATX,2.11,2.32,2.08,2.21,3180634
2025-11-14,CATX,2.1,2.23,2.04,2.08,4990900
2025-11-13,CATX,2.14,2.18,2.0,2.07,2462300
2025-11-12,CATX,2.24,2.26,2.1,2.12,1446000
2025-11-11,CATX,2.15,2.31,2.07,2.22,1298200
2025-11-10,CATX,2.25,2.3,2.15,2.22,2301500
2025-11-07,CATX,2.18,2.28,2.12,2.19,1608347
2025-11-06,CATX,2.31,2.34,2.17,2.23,2847408
2025-11-05,CATX,2.34,2.43,2.29,2.33,851400
2025-11-04,CATX,2.55,2.57,2.33,2.33,1280100
2025-11-03,CATX,2.77,2.77,2.57,2.6,1205000
2025-10-31,CATX,2.67,2.81,2.62,2.73,1245300
2025-10-30,CATX,2.71,2.75,2.6,2.64,1030439
2025-10-29,CATX,2.87,2.9,2.71,2.73,1093185
2025-10-28,CATX,3.08,3.1,2.83,2.87,1443200
2025-10-27,CATX,3.05,3.15,3.01,3.1,1910532
2025-10-24,CATX,2.94,3.04,2.88,2.99,1361200
2025-10-23,CATX,3.03,3.03,2.85,2.88,1093600
2025-10-22,CATX,3.11,3.19,2.89,3.01,1619028
2025-10-21,CATX,3.3,3.46,2.9,3.11,2434928
2025-10-20,CATX,4.4,4.45,2.95,3.19,5814900
2025-10-17,CATX,4.64,4.83,4.38,4.49,1379962
2025-10-16,CATX,5.01,5.14,4.73,4.75,1162724
2025-10-15,CATX,4.9,5.12,4.86,4.98,1024439
2025-10-14,CATX,4.75,4.98,4.66,4.84,1008018
2025-10-13,CATX,5.2,5.39,4.77,4.83,1770300
2025-10-10,CATX,4.2,5.3,4.08,4.86,5623611
2025-10-09,CATX,3.84,4.0,3.82,3.86,990797
2025-10-08,CATX,3.5,3.89,3.49,3.86,1007204
2025-10-07,CATX,3.58,3.65,3.37,3.47,739900
2025-12-05,RANG,10.45,10.48,10.45,10.48,1501
2025-12-04,RANG,10.44,10.44,10.44,10.44,26405
2025-12-03,RANG,10.44,10.44,10.44,10.44,26405
2025-12-02,RANG,10.43,10.43,10.43,10.43,0
2025-12-01,RANG,10.43,10.43,10.43,10.43,9800
2025-11-28,RANG,10.43,10.43,10.43,10.43,29
2025-11-26,RANG,10.43,10.43,10.43,10.43,100
2025-11-25,RANG,10.42,10.42,10.42,10.42,323
2025-11-24,RANG,10.42,10.42,10.42,10.42,324
2025-11-21,RANG,10.43,10.43,10.43,10.43,22500
2025-11-20,RANG,10.44,10.44,10.44,10.44,1600
2025-11-19,RANG,10.46,10.46,10.46,10.46,5000
2025-11-18,RANG,10.47,10.47,10.47,10.47,14202
2025-11-17,RANG,10.53,10.53,10.53,10.53,25202
2025-11-14,RANG,10.53,10.54,10.5,10.5,6009
2025-11-13,RANG,10.5,10.53,10.5,10.53,5601
2025-11-12,RANG,10.53,10.53,10.53,10.53,0
2025-11-11,RANG,10.53,10.53,10.53,10.53,0
2025-11-10,RANG,10.53,10.53,10.53,10.53,0
2025-11-07,RANG,10.53,10.53,10.53,10.53,2100
2025-11-06,RANG,10.53,10.53,10.53,10.53,3100
2025-11-05,RANG,10.53,10.55,10.53,10.55,3400
2025-11-04,RANG,10.53,10.53,10.53,10.53,1
2025-11-03,RANG,10.53,10.53,10.53,10.53,1
2025-10-31,RANG,10.53,10.53,10.53,10.53,0
2025-10-30,RANG,10.53,10.53,10.53,10.53,2
2025-10-29,RANG,10.53,10.53,10.53,10.53,502
2025-10-28,RANG,10.53,10.6,10.53,10.53,12249
2025-10-27,RANG,10.53,10.53,10.53,10.53,1800
2025-10-24,RANG,10.54,10.54,10.53,10.53,600
2025-10-23,RANG,10.55,10.7,10.55,10.66,3500
2025-10-22,RANG,10.53,10.53,10.53,10.53,38600
2025-10-21,RANG,10.53,10.53,10.53,10.53,5709
2025-10-20,RANG,10.53,10.53,10.53,10.53,2200
2025-10-17,RANG,10.52,10.55,10.52,10.54,171900
2025-10-16,RANG,10.47,10.55,10.47,10.53,522336
2025-10-15,RANG,10.48,10.55,10.48,10.55,8225
2025-10-14,RANG,10.7,10.7,10.59,10.61,6700
2025-10-13,RANG,10.85,11.13,10.48,10.73,10534
2025-10-10,RANG,10.44,10.7,10.4,10.46,18200
2025-10-09,RANG,10.42,10.46,10.42,10.46,14000
2025-10-08,RANG,10.42,10.44,10.4,10.41,12600
2025-10-07,RANG,10.42,10.43,10.4,10.4,8626
2025-12-05,UIS,2.81,2.88,2.77,2.82,673066
2025-12-04,UIS,2.76,2.83,2.71,2.81,634100
2025-12-03,UIS,2.65,2.76,2.65,2.76,1044441
2025-12-02,UIS,2.7,2.71,2.62,2.63,450204
2025-12-01,UIS,2.64,2.71,2.6,2.65,602126
2025-11-28,UIS,2.65,2.69,2.62,2.68,354120
2025-11-26,UIS,2.54,2.67,2.51,2.64,726100
2025-11-25,UIS,2.5,2.56,2.48,2.54,507331
2025-11-24,UIS,2.5,2.55,2.46,2.5,841265
2025-11-21,UIS,2.38,2.53,2.38,2.49,914746
2025-11-20,UIS,2.51,2.54,2.37,2.39,603508
2025-11-19,UIS,2.54,2.56,2.46,2.47,626927
2025-11-18,UIS,2.52,2.59,2.51,2.54,563349
2025-11-17,UIS,2.65,2.68,2.54,2.55,649258
2025-11-14,UIS,2.65,2.69,2.6,2.64,621400
2025-11-13,UIS,2.76,2.79,2.68,2.68,506600
2025-11-12,UIS,2.79,2.86,2.77,2.79,412300
2025-11-11,UIS,2.78,2.94,2.78,2.82,742700
2025-11-10,UIS,2.74,2.92,2.73,2.8,1037819
2025-11-07,UIS,2.7,2.78,2.65,2.72,1255407
2025-11-06,UIS,2.72,2.86,2.63,2.69,2673132
2025-11-05,UIS,3.4,3.44,3.34,3.37,930800
2025-11-04,UIS,3.41,3.47,3.37,3.37,512100
2025-11-03,UIS,3.57,3.6,3.46,3.47,460481
2025-10-31,UIS,3.46,3.57,3.43,3.57,365914
2025-10-30,UIS,3.52,3.59,3.42,3.49,481098
2025-10-29,UIS,3.7,3.71,3.52,3.53,764718
2025-10-28,UIS,3.73,3.78,3.67,3.7,388945
2025-10-27,UIS,3.9,3.9,3.73,3.76,430280
2025-10-24,UIS,3.79,3.88,3.73,3.86,532059
2025-10-23,UIS,3.79,3.84,3.73,3.74,367042
2025-10-22,UIS,3.73,3.81,3.69,3.78,402704
2025-10-21,UIS,3.68,3.86,3.65,3.78,633628
2025-10-20,UIS,3.57,3.68,3.55,3.68,587544
2025-10-17,UIS,3.54,3.61,3.51,3.52,507800
2025-10-16,UIS,3.71,3.76,3.58,3.58,512671
2025-10-15,UIS,3.67,3.75,3.65,3.71,468200
2025-10-14,UIS,3.63,3.71,3.58,3.65,606900
2025-10-13,UIS,3.78,3.79,3.66,3.68,567719
2025-10-10,UIS,3.94,3.99,3.69,3.69,1060000
2025-10-09,UIS,3.87,4.09,3.86,3.95,1088420
2025-10-08,UIS,3.79,3.82,3.75,3.8,494429
2025-10-07,UIS,3.91,3.92,3.75,3.75,605300
2025-12-05,EMIS,9.93,10.02,9.93,10.02,207
2025-12-04,EMIS,10.0,10.0,9.97,9.97,10403
2025-12-03,EMIS,9.96,9.99,9.94,9.99,35900
2025-12-02,EMIS,9.95,9.95,9.95,9.95,101
2025-12-01,EMIS,9.96,9.96,9.94,9.94,33900
2025-11-28,EMIS,9.96,9.96,9.96,9.96,124
2025-11-26,EMIS,9.96,9.96,9.96,9.96,0
2025-11-25,EMIS,9.92,9.96,9.92,9.96,823
2025-11-24,EMIS,9.92,9.92,9.92,9.92,0
2025-11-21,EMIS,9.92,9.92,9.92,9.92,0
2025-11-20,EMIS,9.93,9.94,9.92,9.92,100100
2025-11-19,EMIS,9.93,9.93,9.93,9.93,1000
2025-11-18,EMIS,9.95,9.95,9.95,9.95,0
2025-11-17,EMIS,9.95,9.95,9.95,9.95,0
2025-11-14,EMIS,9.95,9.95,9.95,9.95,2
2025-11-13,EMIS,9.95,9.95,9.95,9.95,2
2025-11-12,EMIS,9.95,9.95,9.95,9.95,0
2025-11-11,EMIS,9.95,9.95,9.95,9.95,0
2025-11-10,EMIS,9.95,9.95,9.95,9.95,18
2025-11-07,EMIS,9.95,9.95,9.95,9.95,0
2025-11-06,EMIS,9.94,9.96,9.94,9.95,10100
2025-11-05,EMIS,9.95,9.95,9.94,9.94,252206
2025-11-04,EMIS,9.94,9.95,9.93,9.94,710514
2025-11-03,EMIS,9.93,9.94,9.93,9.93,4000
2025-10-31,EMIS,9.94,9.94,9.94,9.94,211300
2025-10-30,EMIS,9.93,9.94,9.92,9.94,141900
2025-10-29,EMIS,9.93,9.94,9.92,9.94,55900
2025-10-28,EMIS,9.92,9.93,9.92,9.93,177535
2025-10-27,EMIS,9.93,9.93,9.91,9.91,69324
2025-10-24,EMIS,9.94,9.94,9.9,9.9,7300
2025-10-23,EMIS,9.9,9.94,9.9,9.94,841600
2025-10-22,EMIS,9.91,9.95,9.9,9.95,83500
2025-12-05,ETHM,10.27,10.31,10.26,10.28,171401
2025-12-04,ETHM,10.25,10.28,10.25,10.28,176310
2025-12-03,ETHM,10.26,10.28,10.26,10.26,76255
2025-12-02,ETHM,10.25,10.27,10.25,10.26,235605
2025-12-01,ETHM,10.25,10.26,10.25,10.25,202530
2025-11-28,ETHM,10.26,10.26,10.25,10.25,47900
2025-11-26,ETHM,10.26,10.27,10.25,10.26,97900
2025-11-25,ETHM,10.25,10.26,10.25,10.26,127766
2025-11-24,ETHM,10.24,10.27,10.24,10.25,424600
2025-11-21,ETHM,10.24,10.26,10.24,10.25,300816
2025-11-20,ETHM,10.26,10.27,10.25,10.25,148536
2025-11-19,ETHM,10.24,10.26,10.24,10.26,201047
2025-11-18,ETHM,10.26,10.26,10.25,10.25,445900
2025-11-17,ETHM,10.26,10.27,10.25,10.25,492403
2025-11-14,ETHM,10.28,10.3,10.25,10.26,201000
2025-11-13,ETHM,10.3,10.31,10.28,10.29,217789
2025-11-12,ETHM,10.31,10.34,10.29,10.3,102444
2025-11-11,ETHM,10.34,10.34,10.31,10.31,59390
2025-11-10,ETHM,10.32,10.35,10.3,10.32,105115
2025-11-07,ETHM,10.34,10.34,10.26,10.32,156439
2025-11-06,ETHM,10.33,10.39,10.32,10.32,142100
2025-11-05,ETHM,10.31,10.34,10.31,10.32,171100
2025-11-04,ETHM,10.3,10.34,10.25,10.31,819352
2025-11-03,ETHM,10.4,10.43,10.3,10.33,289526
2025-10-31,ETHM,10.43,10.47,10.37,10.39,241400
2025-10-30,ETHM,10.42,10.48,10.41,10.43,484002
2025-10-29,ETHM,10.46,10.49,10.44,10.46,137636
2025-10-28,ETHM,10.5,10.54,10.45,10.46,106530
2025-10-27,ETHM,10.53,10.57,10.46,10.51,248539
2025-10-24,ETHM,10.52,10.52,10.46,10.46,124400
2025-10-23,ETHM,10.43,10.5,10.43,10.48,90517
2025-10-22,ETHM,10.45,10.48,10.4,10.46,489633
2025-10-21,ETHM,10.43,10.51,10.4,10.45,252090
2025-10-20,ETHM,10.44,10.46,10.41,10.43,304923
2025-10-17,ETHM,10.45,10.49,10.42,10.46,266737
2025-10-16,ETHM,10.48,10.49,10.4,10.46,444300
2025-10-15,ETHM,10.45,10.5,10.4,10.46,303031
2025-10-14,ETHM,10.51,10.51,10.42,10.48,362524
2025-10-13,ETHM,10.45,10.62,10.45,10.56,186722
2025-10-10,ETHM,10.5,10.55,10.42,10.45,432943
2025-10-09,ETHM,10.53,10.58,10.43,10.55,194110
2025-10-08,ETHM,10.53,10.63,10.46,10.53,308000
2025-10-07,ETHM,10.75,10.8,10.52,10.58,263700
2025-12-05,LKSP,9.92,9.92,9.9,9.9,4819
2025-12-04,LKSP,9.92,9.92,9.92,9.92,2501
2025-12-03,LKSP,9.93,9.93,9.93,9.93,1642
2025-12-02,LKSP,9.91,9.91,9.91,9.91,400
2025-12-01,LKSP,9.92,9.92,9.92,9.92,110624
2025-11-28,LKSP,9.91,9.91,9.91,9.91,224
2025-11-26,LKSP,9.92,9.93,9.92,9.92,231704
2025-11-25,LKSP,9.9,9.9,9.9,9.9,769
2025-11-24,LKSP,9.9,9.9,9.9,9.9,800
2025-11-21,LKSP,9.95,9.95,9.9,9.9,8500
2025-11-20,LKSP,9.93,9.94,9.92,9.92,8546
2025-11-19,LKSP,9.94,9.94,9.92,9.92,5800
2025-11-18,LKSP,9.91,9.94,9.91,9.93,38938
2025-11-17,LKSP,9.91,9.93,9.91,9.93,1433
2025-11-14,LKSP,9.94,9.94,9.92,9.93,115800
2025-11-13,LKSP,9.94,9.94,9.93,9.94,430300
2025-11-12,LKSP,9.94,9.94,9.93,9.93,13938
2025-11-11,LKSP,9.94,9.95,9.94,9.95,469002
2025-11-10,LKSP,9.94,9.94,9.93,9.93,25815
2025-11-07,LKSP,9.93,9.94,9.93,9.93,582100
2025-11-06,LKSP,9.89,9.96,9.89,9.93,1898900
2025-12-05,TRVG,3.16,3.18,3.11,3.11,10852
2025-12-04,TRVG,3.12,3.18,3.12,3.14,12440
2025-12-03,TRVG,3.12,3.16,3.1,3.16,11749
2025-12-02,TRVG,3.15,3.21,3.09,3.12,78700
2025-12-01,TRVG,3.1,3.25,3.02,3.17,81010
2025-11-28,TRVG,2.94,3.08,2.94,3.07,80845
2025-11-26,TRVG,2.81,2.93,2.8,2.92,135641
2025-11-25,TRVG,2.75,2.8,2.74,2.79,31002
2025-11-24,TRVG,2.81,2.83,2.71,2.8,157200
2025-11-21,TRVG,2.8,2.84,2.75,2.77,23745
2025-11-20,TRVG,2.9,2.9,2.8,2.8,28024
2025-11-19,TRVG,2.89,2.93,2.85,2.85,10436
2025-11-18,TRVG,2.93,2.96,2.81,2.9,48300
2025-11-17,TRVG,3.04,3.09,2.91,2.95,57700
2025-11-14,TRVG,3.0,3.1,3.0,3.0,60714
2025-11-13,TRVG,3.21,3.21,3.03,3.06,24729
2025-11-12,TRVG,3.04,3.25,2.94,3.2,160500
2025-11-11,TRVG,3.1,3.14,2.94,3.07,149021
2025-11-10,TRVG,3.18,3.19,3.11,3.11,24213
2025-11-07,TRVG,3.09,3.14,3.05,3.14,25507
2025-11-06,TRVG,3.1,3.16,3.05,3.09,19785
2025-11-05,TRVG,3.03,3.13,2.95,3.09,86900
2025-11-04,TRVG,3.04,3.11,3.0,3.05,38000
2025-11-03,TRVG,3.18,3.18,3.01,3.02,41524
2025-10-31,TRVG,3.28,3.28,3.14,3.22,31007
2025-10-30,TRVG,3.22,3.29,3.22,3.24,26999
2025-10-29,TRVG,3.14,3.26,3.12,3.25,40524
2025-10-28,TRVG,3.14,3.19,3.1,3.14,32000
2025-10-27,TRVG,3.07,3.17,3.07,3.17,16001
2025-10-24,TRVG,3.05,3.2,3.05,3.07,98500
2025-10-23,TRVG,3.01,3.08,3.01,3.07,13301
2025-10-22,TRVG,3.0,3.02,2.99,3.02,15828
2025-10-21,TRVG,3.02,3.06,3.0,3.03,27323
2025-10-20,TRVG,3.05,3.08,3.0,3.0,16086
2025-10-17,TRVG,3.07,3.1,3.03,3.08,23800
2025-10-16,TRVG,3.1,3.12,3.08,3.08,51800
2025-10-15,TRVG,3.14,3.17,3.12,3.12,24688
2025-10-14,TRVG,3.13,3.18,3.12,3.13,18401
2025-10-13,TRVG,3.19,3.19,3.12,3.14,22841
2025-10-10,TRVG,3.24,3.27,3.12,3.14,54693
2025-10-09,TRVG,3.2,3.29,3.19,3.29,15201
2025-10-08,TRVG,3.25,3.26,3.19,3.21,37700
2025-10-07,TRVG,3.16,3.24,3.15,3.16,46800
2025-12-05,NKSH,30.46,30.67,29.79,29.79,3400
2025-12-04,NKSH,30.72,30.72,30.23,30.23,8800
2025-12-03,NKSH,29.76,30.55,29.76,30.54,13600
2025-12-02,NKSH,29.7,29.7,29.27,29.27,4737
2025-12-01,NKSH,29.58,30.84,29.38,29.51,9038
2025-11-28,NKSH,29.56,29.64,29.27,29.53,6200
2025-11-26,NKSH,29.25,29.51,29.25,29.38,8222
2025-11-25,NKSH,28.83,29.83,28.8,29.52,17500
2025-11-24,NKSH,29.34,30.14,28.55,29.08,18500
2025-11-21,NKSH,28.85,30.85,28.85,30.35,27647
2025-11-20,NKSH,28.85,29.71,28.85,28.91,9846
2025-11-19,NKSH,29.27,29.27,28.5,28.84,8408
2025-11-18,NKSH,29.31,29.31,28.67,28.68,6900
2025-11-17,NKSH,29.64,29.75,28.35,28.66,21400
2025-11-14,NKSH,29.3,29.98,29.3,29.97,12938
2025-11-13,NKSH,30.09,30.35,29.38,30.05,21716
2025-11-12,NKSH,29.9,30.1,29.9,29.96,5300
2025-11-11,NKSH,29.79,30.04,29.79,30.0,2919
2025-11-10,NKSH,30.0,30.1,29.95,29.95,5100
2025-11-07,NKSH,29.71,30.09,29.4,29.8,12100
2025-11-06,NKSH,29.6,30.0,29.37,29.64,8400
2025-11-05,NKSH,29.38,29.76,29.27,29.61,6800
2025-11-04,NKSH,28.94,29.69,28.93,28.97,10900
2025-11-03,NKSH,28.73,29.87,28.73,29.17,5126
2025-10-31,NKSH,27.7,28.87,27.7,28.63,14900
2025-10-30,NKSH,27.24,28.34,27.24,28.01,28200
2025-10-29,NKSH,28.49,29.23,27.0,27.18,13425
2025-10-28,NKSH,28.25,29.03,27.8,28.49,12827
2025-10-27,NKSH,29.14,29.35,28.87,28.87,7300
2025-10-24,NKSH,28.91,29.33,28.64,29.14,3600
2025-10-23,NKSH,29.25,29.48,28.69,28.69,5300
2025-10-22,NKSH,29.01,29.37,29.01,29.32,6140
2025-10-21,NKSH,28.96,29.09,28.87,29.09,4207
2025-10-20,NKSH,28.92,29.37,28.59,28.89,5800
2025-10-17,NKSH,28.52,28.8,28.52,28.8,4802
2025-10-16,NKSH,29.39,29.39,28.52,28.52,5912
2025-10-15,NKSH,30.03,30.1,29.39,29.86,4747
2025-10-14,NKSH,28.4,29.94,28.4,29.94,7600
2025-10-13,NKSH,28.03,28.74,28.03,28.74,5121
2025-10-10,NKSH,29.27,29.27,27.66,27.66,14800
2025-10-09,NKSH,28.21,28.73,28.21,28.64,4000
2025-10-08,NKSH,29.02,29.3,28.62,28.62,6600
2025-10-07,NKSH,29.38,29.45,28.81,29.0,5302
2025-12-05,BCIC,13.0,13.32,13.0,13.09,119222
2025-12-04,BCIC,13.06,13.13,13.03,13.05,51100
2025-12-03,BCIC,13.02,13.13,12.98,12.98,75527
2025-12-02,BCIC,13.02,13.07,12.95,12.99,72021
2025-12-01,BCIC,12.95,13.14,12.85,13.0,60000
2025-11-28,BCIC,12.85,13.14,12.85,13.03,40542
2025-11-26,BCIC,13.0,13.14,12.81,12.9,63603
2025-11-25,BCIC,12.74,13.12,12.66,13.05,83200
2025-11-24,BCIC,12.63,12.8,12.63,12.66,91622
2025-11-21,BCIC,12.5,12.65,12.33,12.58,143542
2025-11-20,BCIC,12.68,12.81,12.38,12.38,105200
2025-11-19,BCIC,12.69,12.84,12.6,12.6,54800
2025-11-18,BCIC,12.5,12.75,12.48,12.64,107700
2025-11-17,BCIC,12.81,13.1,12.46,12.5,125800
2025-11-14,BCIC,12.64,12.92,12.64,12.75,87014
2025-11-13,BCIC,13.22,13.25,12.51,12.51,93510
2025-11-12,BCIC,12.9,13.5,12.9,13.15,108721
2025-11-11,BCIC,12.65,13.01,12.6,12.98,50925
2025-11-10,BCIC,12.5,12.8,12.5,12.78,103294
2025-11-07,BCIC,12.39,12.79,12.38,12.62,150203
2025-11-06,BCIC,12.08,12.22,11.9,12.13,62000
2025-11-05,BCIC,11.86,12.09,11.8,12.08,41400
2025-11-04,BCIC,11.8,12.04,11.8,11.88,36807
2025-11-03,BCIC,11.78,12.07,11.78,11.81,39900
2025-10-31,BCIC,11.63,11.91,11.63,11.77,44600
2025-10-30,BCIC,11.52,11.79,11.47,11.57,25400
2025-10-29,BCIC,11.64,11.8,11.51,11.56,49400
2025-10-28,BCIC,11.59,11.76,11.59,11.75,38439
2025-10-27,BCIC,11.67,11.68,11.56,11.65,48919
2025-10-24,BCIC,11.61,11.7,11.45,11.66,51211
2025-10-23,BCIC,11.52,11.69,11.45,11.45,29629
2025-10-22,BCIC,11.3,11.68,11.3,11.62,38316
2025-10-21,BCIC,11.3,11.55,11.3,11.35,49400
2025-10-20,BCIC,11.27,11.5,11.27,11.37,54929
2025-10-17,BCIC,11.41,11.5,11.26,11.27,29446
2025-10-16,BCIC,11.36,11.47,11.16,11.47,56300
2025-10-15,BCIC,11.4,11.5,11.32,11.35,24800
2025-10-14,BCIC,11.16,11.41,11.16,11.33,16400
2025-10-13,BCIC,11.2,11.38,11.16,11.2,109700
2025-10-10,BCIC,11.35,11.48,11.12,11.17,59950
2025-10-09,BCIC,11.59,11.68,11.29,11.33,70509
2025-10-08,BCIC,11.56,11.69,11.54,11.59,31194
2025-10-07,BCIC,11.66,11.77,11.53,11.55,70402
2025-12-05,KULR,3.95,3.95,3.78,3.93,1359428
2025-12-04,KULR,3.4,4.0,3.37,3.95,3110000
2025-12-03,KULR,3.18,3.5,3.08,3.47,1561842
2025-12-02,KULR,3.06,3.27,3.01,3.17,1503300
2025-12-01,KULR,3.14,3.18,2.95,3.02,1666731
2025-11-28,KULR,2.93,3.28,2.85,3.24,2795239
2025-11-26,KULR,2.62,2.89,2.6,2.81,1775200
2025-11-25,KULR,2.43,2.57,2.33,2.54,1412000
2025-11-24,KULR,2.33,2.43,2.28,2.41,1515500
2025-11-21,KULR,2.27,2.33,2.15,2.29,1888331
2025-11-20,KULR,2.58,2.6,2.25,2.28,2612100
2025-11-19,KULR,2.47,2.63,2.4,2.48,2111901
2025-11-18,KULR,2.5,2.76,2.5,2.7,3039219
2025-11-17,KULR,2.63,2.65,2.5,2.54,1700611
2025-11-14,KULR,2.69,2.76,2.63,2.66,1194800
2025-11-13,KULR,2.94,2.97,2.74,2.77,1629527
2025-11-12,KULR,3.0,3.08,2.94,2.98,1263026
2025-11-11,KULR,3.03,3.06,2.94,2.99,914312
2025-11-10,KULR,3.25,3.3,3.0,3.02,1708000
2025-11-07,KULR,2.93,3.14,2.85,3.14,1626733
2025-11-06,KULR,3.25,3.27,2.97,3.03,2284026
2025-11-05,KULR,3.3,3.34,3.24,3.3,1546500
2025-11-04,KULR,3.38,3.47,3.27,3.3,1737905
2025-11-03,KULR,3.8,3.81,3.51,3.52,1668230
2025-10-31,KULR,3.71,3.86,3.7,3.83,1276536
2025-10-30,KULR,3.8,3.86,3.7,3.74,1570320
2025-10-29,KULR,3.84,4.02,3.77,3.9,1891700
2025-10-28,KULR,4.07,4.13,3.84,3.84,2263900
2025-10-27,KULR,4.26,4.29,4.06,4.09,1679416
2025-10-24,KULR,4.2,4.35,4.14,4.18,1626349
2025-10-23,KULR,4.06,4.15,4.0,4.13,1324500
2025-10-22,KULR,4.1,4.15,3.88,4.05,2636700
2025-10-21,KULR,4.36,4.39,4.13,4.16,1764126
2025-10-20,KULR,4.37,4.45,4.27,4.4,1970600
2025-10-17,KULR,4.47,4.52,4.22,4.24,1992307
2025-10-16,KULR,5.11,5.18,4.45,4.49,4378800
2025-10-15,KULR,5.28,5.51,4.93,5.09,3449131
2025-10-14,KULR,5.2,5.41,4.91,5.18,3619300
2025-10-13,KULR,4.88,5.42,4.88,5.3,3658700
2025-10-10,KULR,5.3,5.64,4.73,4.76,5702605
2025-10-09,KULR,5.03,5.5,4.96,5.22,3433200
2025-10-08,KULR,5.05,5.23,4.96,5.01,2448140
2025-10-07,KULR,5.53,5.53,4.94,5.02,4091700
2025-12-05,REKR,1.92,1.94,1.88,1.89,2072278
2025-12-04,REKR,1.8,1.94,1.78,1.93,2693500
2025-12-03,REKR,1.73,1.81,1.68,1.79,1662101
2025-12-02,REKR,1.7,1.78,1.7,1.73,1217610
2025-12-01,REKR,1.74,1.76,1.66,1.7,3467400
2025-11-28,REKR,1.75,1.8,1.74,1.76,1291128
2025-11-26,REKR,1.73,1.74,1.66,1.71,3236500
2025-11-25,REKR,1.71,1.73,1.66,1.72,2307039
2025-11-24,REKR,1.74,1.77,1.68,1.73,2946209
2025-11-21,REKR,1.74,1.77,1.63,1.73,4414331
2025-11-20,REKR,1.97,1.99,1.73,1.75,3416700
2025-11-19,REKR,1.99,2.04,1.88,1.91,2586800
2025-11-18,REKR,1.89,2.01,1.84,2.0,3374300
2025-11-17,REKR,2.14,2.15,1.89,1.93,3975505
2025-11-14,REKR,1.95,2.27,1.92,2.14,8335601
2025-11-13,REKR,2.19,2.19,1.94,2.04,5974700
2025-11-12,REKR,2.2,2.24,2.11,2.2,3052500
2025-11-11,REKR,2.15,2.23,2.12,2.18,3590344
2025-11-10,REKR,2.35,2.35,2.12,2.17,3158547
2025-11-07,REKR,2.08,2.24,2.01,2.23,4505500
2025-11-06,REKR,2.32,2.32,2.14,2.16,2675100
2025-11-05,REKR,2.31,2.35,2.24,2.31,2339900
2025-11-04,REKR,2.37,2.45,2.28,2.31,4091320
2025-11-03,REKR,2.57,2.6,2.44,2.51,2626700
2025-10-31,REKR,2.49,2.56,2.4,2.53,2938733
2025-10-30,REKR,2.43,2.51,2.4,2.45,3601300
2025-10-29,REKR,2.71,2.72,2.49,2.56,5772000
2025-10-28,REKR,2.9,2.9,2.66,2.73,5668611
2025-10-27,REKR,2.97,3.01,2.81,2.93,7124800
2025-10-24,REKR,2.82,2.98,2.75,2.84,7481800
2025-10-23,REKR,2.7,2.79,2.6,2.65,4783200
2025-10-22,REKR,2.78,2.85,2.56,2.66,8737900
2025-10-21,REKR,3.09,3.11,2.86,2.9,8168200
2025-10-20,REKR,3.42,3.42,2.92,3.05,16318308
2025-10-17,REKR,2.56,3.25,2.53,3.2,25181000
2025-10-16,REKR,2.69,2.99,2.52,2.6,13730443
2025-10-15,REKR,2.68,2.72,2.36,2.62,11299600
2025-10-14,REKR,2.39,2.7,2.18,2.52,26440400
2025-10-13,REKR,2.07,2.09,1.96,2.08,4576740
2025-10-10,REKR,2.02,2.23,1.99,2.03,10773922
2025-10-09,REKR,2.11,2.18,1.94,1.96,8359700
2025-10-08,REKR,2.11,2.23,1.86,1.99,10035900
2025-10-07,REKR,2.18,2.33,2.02,2.11,23840300
2025-12-05,SRG,3.42,3.44,3.32,3.33,353317
2025-12-04,SRG,3.52,3.52,3.4,3.42,116700
2025-12-03,SRG,3.54,3.56,3.48,3.52,101225
2025-12-02,SRG,3.73,3.73,3.54,3.54,112924
2025-12-01,SRG,3.69,3.78,3.69,3.72,129400
2025-11-28,SRG,3.76,3.77,3.72,3.74,39200
2025-11-26,SRG,3.67,3.86,3.62,3.77,282722
2025-11-25,SRG,3.47,3.58,3.46,3.55,121127
2025-11-24,SRG,3.4,3.49,3.38,3.46,326900
2025-11-21,SRG,3.44,3.49,3.41,3.41,159312
2025-11-20,SRG,3.48,3.55,3.44,3.44,152600
2025-11-19,SRG,3.54,3.56,3.46,3.5,193700
2025-11-18,SRG,3.7,3.72,3.54,3.56,345229
2025-11-17,SRG,4.14,4.16,3.67,3.72,520803
2025-11-14,SRG,3.97,4.18,3.97,4.16,67844
2025-11-13,SRG,4.2,4.2,4.03,4.1,176400
2025-11-12,SRG,4.16,4.23,4.14,4.21,97500
2025-11-11,SRG,4.1,4.16,4.08,4.15,108827
2025-11-10,SRG,4.05,4.14,4.0,4.11,149200
2025-11-07,SRG,4.0,4.08,4.0,4.03,124900
2025-11-06,SRG,4.02,4.05,3.97,4.02,86015
2025-11-05,SRG,4.04,4.08,4.0,4.03,131300
2025-11-04,SRG,4.05,4.06,4.02,4.03,37623
2025-11-03,SRG,4.05,4.13,4.0,4.07,126649
2025-10-31,SRG,4.1,4.13,4.03,4.06,61800
2025-10-30,SRG,4.01,4.14,3.99,4.06,179500
2025-10-29,SRG,4.11,4.15,4.0,4.07,161500
2025-10-28,SRG,4.2,4.23,4.1,4.13,112625
2025-10-27,SRG,4.28,4.33,4.2,4.22,142500
2025-10-24,SRG,4.24,4.38,4.24,4.27,143400
2025-10-23,SRG,4.11,4.28,4.08,4.19,162906
2025-10-22,SRG,4.21,4.24,4.07,4.1,77808
2025-10-21,SRG,4.1,4.2,4.09,4.2,46036
2025-10-20,SRG,4.11,4.16,4.05,4.11,99200
2025-10-17,SRG,3.99,4.11,3.95,4.07,153149
2025-10-16,SRG,4.05,4.2,3.97,3.99,124900
2025-10-15,SRG,4.11,4.21,4.04,4.05,77400
2025-10-14,SRG,4.05,4.21,4.01,4.09,40500
2025-10-13,SRG,3.95,4.11,3.92,4.08,111220
2025-10-10,SRG,4.13,4.16,3.88,3.9,165700
2025-10-09,SRG,4.21,4.29,4.1,4.14,98200
2025-10-08,SRG,4.33,4.37,4.22,4.22,39633
2025-10-07,SRG,4.3,4.34,4.22,4.3,81900
2025-12-05,FFAI,1.19,1.19,1.12,1.13,4563750
2025-12-04,FFAI,1.12,1.2,1.1,1.2,6634200
2025-12-03,FFAI,1.07,1.11,1.06,1.11,3209119
2025-12-02,FFAI,1.06,1.11,1.05,1.07,3784900
2025-12-01,FFAI,1.12,1.13,1.05,1.05,4704440
2025-11-28,FFAI,1.18,1.22,1.13,1.15,4757312
2025-11-26,FFAI,1.15,1.2,1.13,1.18,4586514
2025-11-25,FFAI,1.16,1.17,1.12,1.15,3765700
2025-11-24,FFAI,1.13,1.19,1.12,1.18,5468800
2025-11-21,FFAI,1.03,1.14,1.01,1.12,6888500
2025-11-20,FFAI,1.05,1.11,1.03,1.04,6768100
2025-11-19,FFAI,1.15,1.15,1.02,1.02,5783200
2025-11-18,FFAI,1.07,1.15,1.0,1.11,6877900
2025-11-17,FFAI,1.02,1.12,0.942,1.02,11933839
2025-11-14,FFAI,1.0,1.09,1.0,1.01,7316800
2025-11-13,FFAI,1.13,1.22,1.03,1.06,11702808
2025-11-12,FFAI,1.12,1.15,1.08,1.11,4727724
2025-11-11,FFAI,1.16,1.17,1.11,1.12,4842647
2025-11-10,FFAI,1.21,1.23,1.11,1.16,6314800
2025-11-07,FFAI,1.14,1.21,1.09,1.19,8456400
2025-11-06,FFAI,1.26,1.26,1.16,1.16,8203200
2025-11-05,FFAI,1.24,1.29,1.23,1.27,5032644
2025-11-04,FFAI,1.28,1.31,1.22,1.24,7237449
2025-11-03,FFAI,1.39,1.42,1.29,1.31,6488000
2025-10-31,FFAI,1.39,1.39,1.33,1.38,3996000
2025-10-30,FFAI,1.37,1.41,1.35,1.35,4426937
2025-10-29,FFAI,1.44,1.45,1.36,1.37,5373101
2025-10-28,FFAI,1.56,1.57,1.42,1.43,6290932
2025-10-27,FFAI,1.54,1.57,1.45,1.55,6843700
2025-10-24,FFAI,1.48,1.52,1.46,1.49,6180617
2025-10-23,FFAI,1.4,1.45,1.37,1.44,3403935
2025-10-22,FFAI,1.39,1.43,1.33,1.38,5202916
2025-10-21,FFAI,1.46,1.46,1.37,1.4,5547611
2025-10-20,FFAI,1.38,1.49,1.38,1.46,5280800
2025-10-17,FFAI,1.41,1.41,1.33,1.35,7279804
2025-10-16,FFAI,1.47,1.57,1.4,1.41,6401700
2025-10-15,FFAI,1.5,1.52,1.43,1.47,3507400
2025-10-14,FFAI,1.42,1.52,1.4,1.5,6437100
2025-10-13,FFAI,1.39,1.5,1.39,1.48,7023900
2025-10-10,FFAI,1.42,1.44,1.35,1.35,7364000
2025-10-09,FFAI,1.52,1.54,1.38,1.44,11002127
2025-10-08,FFAI,1.5,1.58,1.5,1.51,6436200
2025-10-07,FFAI,1.64,1.64,1.45,1.47,10229812
2025-12-05,LFMD,3.75,3.75,3.47,3.5,1252432
2025-12-04,LFMD,3.74,3.84,3.65,3.73,1241900
2025-12-03,LFMD,3.56,3.72,3.43,3.72,1537331
2025-12-02,LFMD,3.62,3.62,3.46,3.56,1166128
2025-12-01,LFMD,3.73,3.73,3.56,3.57,1383213
2025-11-28,LFMD,3.86,3.94,3.79,3.83,626421
2025-11-26,LFMD,3.97,3.97,3.78,3.84,1063400
2025-11-25,LFMD,3.97,4.04,3.9,3.93,1225400
2025-11-24,LFMD,3.91,4.06,3.91,3.97,1115114
2025-11-21,LFMD,3.71,3.89,3.62,3.85,1133080
2025-11-20,LFMD,4.09,4.16,3.68,3.71,2221600
2025-11-19,LFMD,4.09,4.21,3.88,3.99,1977300
2025-11-18,LFMD,3.48,4.11,3.43,4.09,8120124
2025-11-17,LFMD,4.9,4.97,4.51,4.73,3395414
2025-11-14,LFMD,4.5,4.76,4.49,4.63,1104800
2025-11-13,LFMD,5.0,5.08,4.61,4.62,2209824
2025-11-12,LFMD,5.11,5.17,5.01,5.07,1053468
2025-11-11,LFMD,5.13,5.14,4.97,5.06,775792
2025-11-10,LFMD,5.37,5.44,5.11,5.13,848600
2025-11-07,LFMD,5.2,5.3,4.93,5.24,1660602
2025-11-06,LFMD,5.55,5.55,5.23,5.26,1204036
2025-11-05,LFMD,5.44,5.73,5.42,5.63,799147
2025-11-04,LFMD,5.62,5.69,5.39,5.42,1022708
2025-11-03,LFMD,5.96,5.96,5.69,5.74,740820
2025-10-31,LFMD,5.82,6.03,5.8,5.91,612400
2025-10-30,LFMD,6.02,6.09,5.76,5.8,769219
2025-10-29,LFMD,6.16,6.2,6.01,6.12,835600
2025-10-28,LFMD,6.15,6.24,6.11,6.15,427100
2025-10-27,LFMD,6.35,6.42,6.13,6.14,582049
2025-10-24,LFMD,6.36,6.44,6.28,6.3,507414
2025-10-23,LFMD,6.2,6.29,6.16,6.23,506149
2025-10-22,LFMD,6.1,6.22,5.97,6.15,913700
2025-10-21,LFMD,6.19,6.27,6.07,6.17,492343
2025-10-20,LFMD,6.18,6.28,6.12,6.22,642600
2025-10-17,LFMD,6.25,6.39,6.05,6.08,950310
2025-10-16,LFMD,6.45,6.53,6.2,6.43,1078846
2025-10-15,LFMD,6.32,6.44,6.17,6.43,1035408
2025-10-14,LFMD,6.06,6.44,6.04,6.35,795300
2025-10-13,LFMD,6.25,6.28,6.06,6.15,948400
2025-10-10,LFMD,6.56,6.68,6.15,6.17,1271200
2025-10-09,LFMD,6.66,6.69,6.42,6.54,635547
2025-10-08,LFMD,6.67,6.83,6.6,6.64,714014
2025-10-07,LFMD,6.94,6.99,6.45,6.63,1095527
2025-12-05,VLN,1.69,1.75,1.66,1.68,413006
2025-12-04,VLN,1.66,1.7,1.65,1.68,368529
2025-12-03,VLN,1.6,1.67,1.58,1.67,475841
2025-12-02,VLN,1.59,1.65,1.57,1.58,477425
2025-12-01,VLN,1.58,1.61,1.55,1.57,450904
2025-11-28,VLN,1.59,1.62,1.57,1.6,234112
2025-11-26,VLN,1.53,1.58,1.53,1.57,314527
2025-11-25,VLN,1.56,1.56,1.51,1.54,183231
2025-11-24,VLN,1.53,1.59,1.47,1.53,551707
2025-11-21,VLN,1.42,1.52,1.37,1.5,905174
2025-11-20,VLN,1.48,1.52,1.42,1.42,963500
2025-11-19,VLN,1.52,1.54,1.42,1.45,827900
2025-11-18,VLN,1.53,1.56,1.5,1.52,644700
2025-11-17,VLN,1.71,1.73,1.55,1.56,752940
2025-11-14,VLN,1.65,1.78,1.65,1.74,845308
2025-11-13,VLN,1.71,1.74,1.65,1.72,900400
2025-11-12,VLN,1.8,1.87,1.68,1.7,2606600
2025-11-11,VLN,1.6,1.84,1.58,1.8,3076644
2025-11-10,VLN,1.61,1.64,1.57,1.6,552327
2025-11-07,VLN,1.55,1.58,1.49,1.58,734000
2025-11-06,VLN,1.66,1.66,1.55,1.56,700000
2025-11-05,VLN,1.62,1.66,1.59,1.66,411365
2025-11-04,VLN,1.69,1.7,1.58,1.59,1203100
2025-11-03,VLN,1.79,1.82,1.72,1.72,494216
2025-10-31,VLN,1.72,1.85,1.69,1.83,780700
2025-10-30,VLN,1.7,1.71,1.66,1.7,489143
2025-10-29,VLN,1.75,1.75,1.69,1.71,633800
2025-10-28,VLN,1.76,1.8,1.74,1.76,356618
2025-10-27,VLN,1.78,1.79,1.75,1.75,379045
2025-10-24,VLN,1.8,1.82,1.76,1.78,524918
2025-10-23,VLN,1.71,1.79,1.71,1.76,463219
2025-10-22,VLN,1.76,1.79,1.67,1.73,1048300
2025-10-21,VLN,1.8,1.8,1.74,1.77,711139
2025-10-20,VLN,1.76,1.81,1.73,1.8,792440
2025-10-17,VLN,1.79,1.79,1.7,1.71,781600
2025-10-16,VLN,1.87,1.9,1.74,1.77,1522033
2025-10-15,VLN,1.82,1.92,1.81,1.84,1500220
2025-10-14,VLN,1.8,1.85,1.74,1.82,811516
2025-10-13,VLN,1.72,1.82,1.69,1.81,1195800
2025-10-10,VLN,1.85,1.88,1.67,1.67,2143800
2025-10-09,VLN,1.9,1.92,1.81,1.84,1418100
2025-10-08,VLN,1.82,1.92,1.81,1.9,724936
2025-10-07,VLN,1.94,1.95,1.8,1.8,1136346
2025-12-05,STEM,18.5,19.1,17.86,18.3,218789
2025-12-04,STEM,16.95,18.81,16.95,18.67,197900
2025-12-03,STEM,17.3,17.3,16.57,17.24,151453
2025-12-02,STEM,16.85,17.28,16.7,17.2,120919
2025-12-01,STEM,16.79,17.4,16.17,16.7,179200
2025-11-28,STEM,16.84,17.65,16.64,17.3,102800
2025-11-26,STEM,16.05,17.35,15.58,16.37,196365
2025-11-25,STEM,15.0,16.35,14.51,16.02,212658
2025-11-24,STEM,14.31,15.19,13.96,14.95,190279
2025-11-21,STEM,13.77,14.7,13.43,14.32,196100
2025-11-20,STEM,16.04,16.16,13.82,13.85,235658
2025-11-19,STEM,16.02,16.5,15.23,15.4,113930
2025-11-18,STEM,15.06,16.6,14.65,16.17,163906
2025-11-17,STEM,15.84,16.64,15.37,15.57,184224
2025-11-14,STEM,15.93,17.39,15.7,16.69,195600
2025-11-13,STEM,17.62,17.63,15.99,16.5,250000
2025-11-12,STEM,18.97,19.06,17.75,17.78,179843
2025-11-11,STEM,18.0,18.9,17.56,18.63,251729
2025-11-10,STEM,19.24,19.35,17.14,18.67,393272
2025-11-07,STEM,17.1,18.53,16.46,18.44,291315
2025-11-06,STEM,19.85,20.25,17.16,17.33,314700
2025-11-05,STEM,17.69,20.3,17.66,19.58,302700
2025-11-04,STEM,17.89,18.99,17.16,17.67,272200
2025-11-03,STEM,20.31,20.55,18.99,18.99,300803
2025-10-31,STEM,17.78,19.75,17.77,19.61,545237
2025-10-30,STEM,21.21,21.49,16.79,16.94,880400
2025-10-29,STEM,23.98,25.18,22.79,23.1,425315
2025-10-28,STEM,22.98,23.75,22.3,23.46,284700
2025-10-27,STEM,24.48,24.62,21.59,22.52,366900
2025-10-24,STEM,21.3,24.09,21.3,23.82,396129
2025-10-23,STEM,20.85,21.36,20.04,20.7,224673
2025-10-22,STEM,22.94,23.0,19.76,20.75,458100
2025-10-21,STEM,24.61,25.43,23.15,23.65,279216
2025-10-20,STEM,25.59,26.3,23.81,24.59,362803
2025-10-17,STEM,25.75,26.21,23.5,23.66,370682
2025-10-16,STEM,30.0,30.0,25.52,25.91,566716
2025-10-15,STEM,30.91,32.23,28.28,29.79,985333
2025-10-14,STEM,23.02,28.39,21.97,27.52,750346
2025-10-13,STEM,22.0,24.64,21.81,23.68,514731
2025-10-10,STEM,23.2,26.1,20.68,20.83,795500
2025-10-09,STEM,23.47,24.63,22.3,22.98,240798
2025-10-08,STEM,23.8,24.96,22.75,23.4,406039
2025-10-07,STEM,21.5,23.5,21.25,23.01,315824
2025-12-05,MPTI,52.42,52.5,51.13,51.5,23400
2025-12-04,MPTI,52.26,52.99,51.06,51.43,27700
2025-12-03,MPTI,50.5,52.66,50.03,52.66,31300
2025-12-02,MPTI,49.5,51.26,49.5,50.33,12400
2025-12-01,MPTI,51.0,51.8,50.19,50.98,20300
2025-11-28,MPTI,51.75,51.75,51.0,51.67,7249
2025-11-26,MPTI,51.44,51.75,51.08,51.25,25533
2025-11-25,MPTI,50.08,51.99,49.58,51.67,23900
2025-11-24,MPTI,49.44,50.56,49.05,49.63,35600
2025-11-21,MPTI,44.11,49.6,44.11,48.76,98943
2025-11-20,MPTI,46.38,47.53,43.55,43.64,53400
2025-11-19,MPTI,47.64,47.64,45.26,46.0,28500
2025-11-18,MPTI,49.23,49.23,45.24,47.13,42245
2025-11-17,MPTI,51.36,51.36,49.21,49.23,42300
2025-11-14,MPTI,50.19,53.14,50.0,50.89,25300
2025-11-13,MPTI,51.9,52.62,48.44,51.0,54906
2025-11-12,MPTI,54.19,55.31,53.0,53.45,20046
2025-11-11,MPTI,54.94,54.99,53.84,54.19,9515
2025-11-10,MPTI,54.03,55.28,53.5,54.44,12390
2025-11-07,MPTI,52.37,54.02,51.47,53.01,31132
2025-11-06,MPTI,52.88,53.38,52.29,53.16,16638
2025-11-05,MPTI,53.52,54.0,51.86,53.0,31600
2025-11-04,MPTI,54.72,55.5,51.78,54.59,28314
2025-11-03,MPTI,54.57,56.64,50.26,55.79,42806
2025-10-31,MPTI,55.42,55.98,52.0,55.12,19831
2025-10-30,MPTI,55.51,55.58,53.98,55.38,17100
2025-10-29,MPTI,54.0,60.39,53.36,56.45,58333
2025-10-28,MPTI,53.78,54.0,52.96,54.0,38035
2025-10-27,MPTI,54.91,55.61,53.19,53.9,43731
2025-10-24,MPTI,54.92,55.0,54.0,54.7,35900
2025-10-23,MPTI,54.0,54.99,53.85,54.92,30937
2025-10-22,MPTI,53.37,54.24,51.03,54.23,23136
2025-10-21,MPTI,54.23,54.8,52.72,53.21,14300
2025-10-20,MPTI,55.16,55.16,53.63,54.68,16100
2025-10-17,MPTI,55.53,55.53,52.35,54.59,20500
2025-10-16,MPTI,56.09,56.89,55.81,55.82,10500
2025-10-15,MPTI,56.05,56.99,55.53,56.79,11900
2025-10-14,MPTI,53.55,55.76,53.5,55.11,15744
2025-10-13,MPTI,53.93,54.87,52.5,54.16,14108
2025-10-10,MPTI,53.88,55.78,50.86,53.57,45729
2025-10-09,MPTI,55.8,57.7,55.61,55.86,37300
2025-10-08,MPTI,54.87,55.8,53.11,55.59,17200
2025-10-07,MPTI,54.52,55.09,53.72,54.5,27252
2025-12-05,CMT,18.81,19.06,18.66,18.75,10700
2025-12-04,CMT,19.05,19.05,18.68,18.74,9000
2025-12-03,CMT,18.59,19.25,18.59,19.2,27500
2025-12-02,CMT,18.6,18.92,18.44,18.69,20718
2025-12-01,CMT,18.82,19.25,18.53,18.6,31300
2025-11-28,CMT,18.7,19.24,18.7,18.9,10126
2025-11-26,CMT,18.88,19.42,18.72,18.86,13200
2025-11-25,CMT,18.78,19.33,18.78,19.23,11500
2025-11-24,CMT,18.8,18.8,17.87,18.53,13001
2025-11-21,CMT,18.43,19.17,18.18,18.78,19013
2025-11-20,CMT,18.35,18.72,17.92,18.5,24049
2025-11-19,CMT,17.98,18.4,17.67,18.1,31000
2025-11-18,CMT,17.36,18.07,17.36,17.87,24926
2025-11-17,CMT,18.11,18.45,17.55,17.56,42206
2025-11-14,CMT,18.8,19.07,18.54,18.54,8500
2025-11-13,CMT,18.7,19.2,18.7,19.2,12100
2025-11-12,CMT,18.47,19.22,18.35,19.12,26600
2025-11-11,CMT,19.44,19.87,18.56,18.85,18317
2025-11-10,CMT,19.13,19.89,19.03,19.73,28800
2025-11-07,CMT,18.93,20.3,18.69,19.24,15600
2025-11-06,CMT,18.66,19.07,18.66,19.06,16500
2025-11-05,CMT,18.35,18.9,18.34,18.86,31237
2025-11-04,CMT,17.0,18.54,16.6,18.31,27041
2025-11-03,CMT,17.93,18.56,17.93,18.34,20700
2025-10-31,CMT,17.7,18.03,17.7,17.91,9647
2025-10-30,CMT,18.07,18.42,17.79,17.79,13400
2025-10-29,CMT,18.19,18.66,17.85,18.3,23600
2025-10-28,CMT,18.29,18.67,18.25,18.32,25600
2025-10-27,CMT,19.25,19.25,18.12,18.13,25700
2025-10-24,CMT,19.55,19.84,19.0,19.11,10934
2025-10-23,CMT,19.24,19.3,19.06,19.17,8330
2025-10-22,CMT,18.81,19.19,18.7,19.19,15437
2025-10-21,CMT,18.56,19.45,18.56,18.8,16800
2025-10-20,CMT,18.31,18.8,18.31,18.66,17600
2025-10-17,CMT,18.41,18.84,18.41,18.49,15000
2025-10-16,CMT,18.8,18.88,18.59,18.61,14913
2025-10-15,CMT,18.25,18.98,18.25,18.82,15700
2025-10-14,CMT,18.03,18.49,17.88,18.24,21100
2025-10-13,CMT,17.91,18.74,17.5,18.23,17200
2025-10-10,CMT,18.44,18.76,18.0,18.05,22949
2025-10-09,CMT,18.82,18.89,18.31,18.31,16200
2025-10-08,CMT,18.82,19.16,18.38,18.78,10220
2025-10-07,CMT,19.2,19.2,18.43,18.68,27122
2025-12-05,MCGA,10.12,10.13,10.12,10.12,86500
2025-12-04,MCGA,10.11,10.13,10.11,10.12,276430
2025-12-03,MCGA,10.12,10.13,10.1,10.11,86208
2025-12-02,MCGA,10.14,10.14,10.12,10.12,280800
2025-12-01,MCGA,10.13,10.13,10.11,10.13,385206
2025-11-28,MCGA,10.14,10.14,10.13,10.13,115401
2025-11-26,MCGA,10.14,10.14,10.13,10.13,178900
2025-11-25,MCGA,10.13,10.14,10.12,10.13,212715
2025-11-24,MCGA,10.13,10.14,10.12,10.12,95800
2025-11-21,MCGA,10.12,10.13,10.11,10.13,124300
2025-11-20,MCGA,10.12,10.14,10.12,10.12,88700
2025-11-19,MCGA,10.13,10.13,10.12,10.12,112400
2025-11-18,MCGA,10.12,10.14,10.11,10.13,69851
2025-11-17,MCGA,10.18,10.18,10.1,10.11,285000
2025-11-14,MCGA,10.17,10.18,10.15,10.18,789800
2025-11-13,MCGA,10.25,10.26,10.18,10.18,182900
2025-11-12,MCGA,10.3,10.3,10.24,10.25,140092
2025-11-11,MCGA,10.36,10.36,10.3,10.31,36809
2025-11-10,MCGA,10.35,10.36,10.33,10.33,126604
2025-11-07,MCGA,10.3,10.35,10.28,10.31,85417
2025-11-06,MCGA,10.31,10.34,10.3,10.32,20355
2025-11-05,MCGA,10.3,10.35,10.25,10.3,57600
2025-11-04,MCGA,10.35,10.36,10.25,10.27,100200
2025-11-03,MCGA,10.35,10.38,10.35,10.35,27600
2025-10-31,MCGA,10.44,10.44,10.35,10.35,26623
2025-10-30,MCGA,10.42,10.44,10.35,10.38,100421
2025-10-29,MCGA,10.45,10.46,10.42,10.42,35023
2025-10-28,MCGA,10.44,10.46,10.42,10.46,28200
2025-10-27,MCGA,10.4,10.42,10.35,10.39,174456
2025-10-24,MCGA,10.4,10.43,10.38,10.4,35900
2025-10-23,MCGA,10.42,10.45,10.38,10.42,23245
2025-10-22,MCGA,10.48,10.48,10.37,10.37,102600
2025-10-21,MCGA,10.44,10.47,10.4,10.47,171236
2025-10-20,MCGA,10.55,10.57,10.42,10.46,106500
2025-10-17,MCGA,10.55,10.6,10.45,10.54,211024
2025-10-16,MCGA,10.62,10.66,10.57,10.64,163421
2025-10-15,MCGA,10.69,10.69,10.62,10.62,124634
2025-10-14,MCGA,10.6,10.69,10.6,10.65,290000
2025-10-13,MCGA,10.71,10.78,10.62,10.65,184467
2025-10-10,MCGA,10.7,10.83,10.66,10.8,133100
2025-10-09,MCGA,10.78,10.8,10.7,10.76,137302
2025-10-08,MCGA,10.65,10.81,10.65,10.75,230578
2025-10-07,MCGA,10.68,10.7,10.62,10.69,177100
2025-12-05,STXS,2.45,2.45,2.38,2.41,207669
2025-12-04,STXS,2.35,2.46,2.32,2.43,364800
2025-12-03,STXS,2.26,2.34,2.21,2.33,688128
2025-12-02,STXS,2.35,2.36,2.21,2.25,540000
2025-12-01,STXS,2.44,2.45,2.33,2.34,361013
2025-11-28,STXS,2.42,2.46,2.4,2.46,188000
2025-11-26,STXS,2.48,2.48,2.4,2.43,373622
2025-11-25,STXS,2.36,2.5,2.36,2.47,365025
2025-11-24,STXS,2.3,2.4,2.26,2.36,431618
2025-11-21,STXS,2.24,2.35,2.2,2.32,554123
2025-11-20,STXS,2.3,2.37,2.22,2.24,596946
2025-11-19,STXS,2.27,2.38,2.24,2.24,532119
2025-11-18,STXS,2.1,2.32,2.09,2.29,801900
2025-11-17,STXS,2.2,2.2,2.1,2.12,629900
2025-11-14,STXS,2.21,2.29,2.12,2.22,1159100
2025-11-13,STXS,2.37,2.39,2.23,2.24,1183449
2025-11-12,STXS,2.55,2.56,2.27,2.43,2169042
2025-11-11,STXS,2.79,2.89,2.72,2.85,1217226
2025-11-10,STXS,2.88,2.88,2.71,2.79,1159700
2025-11-07,STXS,2.67,2.74,2.62,2.72,347456
2025-11-06,STXS,2.83,2.85,2.67,2.68,515334
2025-11-05,STXS,2.74,2.83,2.71,2.81,290965
2025-11-04,STXS,2.7,2.78,2.68,2.7,378400
2025-11-03,STXS,2.93,2.93,2.7,2.78,811204
2025-10-31,STXS,2.92,2.98,2.89,2.91,287739
2025-10-30,STXS,2.9,2.98,2.9,2.92,200623
2025-10-29,STXS,2.98,3.04,2.9,2.92,667946
2025-10-28,STXS,3.04,3.08,2.96,2.97,379359
2025-10-27,STXS,3.11,3.14,3.04,3.05,415516
2025-10-24,STXS,3.13,3.15,3.07,3.09,468344
2025-10-23,STXS,3.06,3.12,3.0,3.1,296358
2025-10-22,STXS,3.01,3.1,2.95,3.04,437200
2025-10-21,STXS,3.11,3.11,3.01,3.05,287836
2025-10-20,STXS,3.01,3.13,2.99,3.1,338649
2025-10-17,STXS,3.01,3.03,2.94,2.99,384947
2025-10-16,STXS,3.15,3.19,3.02,3.03,602900
2025-10-15,STXS,3.12,3.2,3.01,3.15,617078
2025-10-14,STXS,3.02,3.11,2.94,3.05,558609
2025-10-13,STXS,3.15,3.2,3.01,3.07,547284
2025-10-10,STXS,3.38,3.42,3.07,3.07,803515
2025-10-09,STXS,3.59,3.59,3.36,3.37,464118
2025-10-08,STXS,3.22,3.58,3.16,3.57,1478900
2025-10-07,STXS,3.31,3.37,3.17,3.18,694700
2025-12-05,DSX,1.98,2.0,1.93,1.93,606596
2025-12-04,DSX,2.03,2.03,1.95,1.96,672595
2025-12-03,DSX,1.91,2.04,1.91,2.0,1782126
2025-12-02,DSX,1.9,1.93,1.87,1.88,407100
2025-12-01,DSX,1.93,1.94,1.89,1.92,521400
2025-11-28,DSX,1.81,1.98,1.81,1.97,1046714
2025-11-26,DSX,1.75,1.82,1.75,1.8,455972
2025-11-25,DSX,1.8,1.8,1.71,1.73,438788
2025-11-24,DSX,1.68,1.79,1.68,1.78,1030316
2025-11-21,DSX,1.69,1.72,1.68,1.68,247803
2025-11-20,DSX,1.71,1.75,1.67,1.68,404647
2025-11-19,DSX,1.73,1.76,1.72,1.76,136278
2025-11-18,DSX,1.76,1.76,1.7,1.74,332400
2025-11-17,DSX,1.77,1.8,1.76,1.78,185800
2025-11-14,DSX,1.76,1.79,1.74,1.79,260800
2025-11-13,DSX,1.8,1.84,1.76,1.78,470676
2025-11-12,DSX,1.77,1.81,1.77,1.77,157700
2025-11-11,DSX,1.82,1.83,1.75,1.8,198761
2025-11-10,DSX,1.73,1.82,1.7,1.81,429653
2025-11-07,DSX,1.63,1.71,1.63,1.7,260907
2025-11-06,DSX,1.65,1.68,1.61,1.65,586700
2025-11-05,DSX,1.64,1.7,1.64,1.68,136900
2025-11-04,DSX,1.7,1.7,1.63,1.64,163900
2025-11-03,DSX,1.73,1.74,1.7,1.71,157827
2025-10-31,DSX,1.72,1.76,1.69,1.75,193600
2025-10-30,DSX,1.72,1.75,1.72,1.73,145020
2025-10-29,DSX,1.74,1.77,1.71,1.71,125800
2025-10-28,DSX,1.69,1.77,1.67,1.74,415343
2025-10-27,DSX,1.71,1.72,1.68,1.68,139200
2025-10-24,DSX,1.71,1.73,1.69,1.71,209435
2025-10-23,DSX,1.65,1.71,1.65,1.69,263100
2025-10-22,DSX,1.62,1.67,1.6,1.65,141326
2025-10-21,DSX,1.7,1.71,1.62,1.63,205148
2025-10-20,DSX,1.68,1.73,1.65,1.69,279401
2025-10-17,DSX,1.73,1.78,1.68,1.69,249231
2025-10-16,DSX,1.65,1.8,1.65,1.75,599305
2025-10-15,DSX,1.66,1.69,1.64,1.66,237408
2025-10-14,DSX,1.6,1.66,1.58,1.65,326023
2025-10-13,DSX,1.58,1.65,1.58,1.62,261614
2025-10-10,DSX,1.65,1.68,1.57,1.57,475500
2025-10-09,DSX,1.68,1.7,1.66,1.66,210800
2025-10-08,DSX,1.69,1.73,1.66,1.68,194670
2025-10-07,DSX,1.77,1.78,1.69,1.7,221300
2025-12-05,SWKH,16.72,17.27,16.72,17.04,3000
2025-12-04,SWKH,17.6,17.6,17.14,17.14,7900
2025-12-03,SWKH,16.96,17.75,16.69,17.75,28100
2025-12-02,SWKH,16.9,16.9,16.73,16.75,28700
2025-12-01,SWKH,16.86,16.94,16.78,16.84,10500
2025-11-28,SWKH,16.9,16.98,16.9,16.98,1935
2025-11-26,SWKH,16.89,16.9,16.56,16.81,7300
2025-11-25,SWKH,16.65,16.83,16.51,16.83,5911
2025-11-24,SWKH,16.65,16.65,16.5,16.65,3900
2025-11-21,SWKH,16.32,16.65,16.32,16.65,13833
2025-11-20,SWKH,16.59,16.65,16.32,16.39,15430
2025-11-19,SWKH,16.41,16.64,16.38,16.51,26631
2025-11-18,SWKH,16.42,16.45,16.41,16.42,4821
2025-11-17,SWKH,16.51,16.6,16.46,16.56,4316
2025-11-14,SWKH,16.64,16.64,16.28,16.51,7322
2025-11-13,SWKH,16.9,16.98,16.71,16.79,3915
2025-11-12,SWKH,16.68,17.0,16.68,16.94,6104
2025-11-11,SWKH,16.69,16.94,16.69,16.8,17917
2025-11-10,SWKH,16.41,16.64,16.41,16.64,3523
2025-11-07,SWKH,16.59,16.59,16.41,16.46,5609
2025-11-06,SWKH,16.35,17.08,16.34,16.68,51241
2025-11-05,SWKH,16.34,16.49,16.21,16.33,40802
2025-11-04,SWKH,16.2,16.21,16.11,16.14,7900
2025-11-03,SWKH,16.27,16.35,16.1,16.16,23000
2025-10-31,SWKH,16.01,16.33,16.01,16.19,9700
2025-10-30,SWKH,16.2,16.23,16.06,16.15,8347
2025-10-29,SWKH,16.02,16.2,16.02,16.02,15234
2025-10-28,SWKH,16.02,16.28,16.02,16.12,21192
2025-10-27,SWKH,16.11,16.32,16.11,16.2,16335
2025-10-24,SWKH,16.24,16.62,16.24,16.31,17616
2025-10-23,SWKH,16.2,16.32,16.12,16.16,14545
2025-10-22,SWKH,16.17,16.45,16.12,16.18,25200
2025-10-21,SWKH,16.27,16.36,16.09,16.21,19319
2025-10-20,SWKH,16.34,16.44,16.27,16.34,18300
2025-10-17,SWKH,16.38,16.69,16.34,16.5,71200
2025-10-16,SWKH,16.6,16.8,16.51,16.52,48859
2025-10-15,SWKH,16.62,16.8,16.62,16.75,69900
2025-10-14,SWKH,16.28,16.69,16.28,16.65,40709
2025-10-13,SWKH,16.34,16.87,16.22,16.65,61300
2025-10-10,SWKH,16.35,17.9,16.35,16.66,778707
2025-10-09,SWKH,14.39,14.4,14.21,14.4,57600
2025-10-08,SWKH,14.77,14.77,14.43,14.45,3633
2025-10-07,SWKH,14.41,14.48,14.41,14.41,4100
2025-12-05,GSIT,7.22,7.4,6.66,6.75,828360
2025-12-04,GSIT,6.61,7.16,6.52,7.15,1098100
2025-12-03,GSIT,6.13,6.73,5.96,6.68,651203
2025-12-02,GSIT,6.12,6.43,6.12,6.12,592014
2025-12-01,GSIT,6.21,6.33,6.06,6.07,568600
2025-11-28,GSIT,6.31,6.68,6.27,6.36,497640
2025-11-26,GSIT,6.06,6.3,5.96,6.29,895534
2025-11-25,GSIT,6.04,6.1,5.63,6.0,1154900
2025-11-24,GSIT,6.11,6.15,5.77,6.07,1199108
2025-11-21,GSIT,6.75,6.95,6.04,6.11,1759000
2025-11-20,GSIT,7.35,7.77,6.86,6.87,887800
2025-11-19,GSIT,7.41,7.65,7.04,7.07,731438
2025-11-18,GSIT,7.26,7.75,7.25,7.34,766545
2025-11-17,GSIT,7.33,7.53,7.19,7.4,646948
2025-11-14,GSIT,7.0,7.6,6.72,7.53,1463800
2025-11-13,GSIT,8.24,8.24,7.36,7.51,1511105
2025-11-12,GSIT,8.07,8.45,7.86,8.36,1177700
2025-11-11,GSIT,8.35,8.35,7.84,7.99,1115200
2025-11-10,GSIT,8.82,8.84,8.04,8.32,1263034
2025-11-07,GSIT,8.06,8.63,7.9,8.63,1270000
2025-11-06,GSIT,9.01,9.15,8.08,8.39,1608900
2025-11-05,GSIT,8.8,9.02,8.03,8.98,1692600
2025-11-04,GSIT,9.1,9.39,8.73,8.76,2265700
2025-11-03,GSIT,8.95,9.73,8.28,9.7,3482705
2025-10-31,GSIT,10.0,10.53,8.96,9.09,6022111
2025-10-30,GSIT,11.37,12.63,10.4,11.06,8078416
2025-10-29,GSIT,11.76,13.3,10.7,11.6,9443500
2025-10-28,GSIT,11.65,12.2,11.01,11.43,6121400
2025-10-27,GSIT,10.0,13.13,9.9,12.05,21303514
2025-10-24,GSIT,10.79,11.68,9.15,9.23,7805000
2025-10-23,GSIT,12.13,12.13,10.62,11.42,9050200
2025-10-22,GSIT,10.19,13.7,10.11,12.89,27602300
2025-10-21,GSIT,15.68,17.14,10.59,10.86,61718933
2025-10-20,GSIT,7.5,18.15,7.34,12.97,115841100
2025-10-17,GSIT,4.82,5.1,4.8,5.08,421311
2025-10-16,GSIT,5.41,5.5,4.81,4.95,453523
2025-10-15,GSIT,4.67,5.36,4.6,5.31,608815
2025-10-14,GSIT,4.62,4.8,4.51,4.65,208200
2025-10-13,GSIT,4.73,4.83,4.56,4.83,131210
2025-10-10,GSIT,4.91,5.03,4.54,4.56,169326
2025-10-09,GSIT,5.01,5.01,4.71,4.91,192300
2025-10-08,GSIT,4.69,5.05,4.54,5.01,392044
2025-10-07,GSIT,4.87,4.96,4.57,4.62,315500
2025-12-05,OXSQ,1.85,1.87,1.83,1.83,701642
2025-12-04,OXSQ,1.84,1.85,1.84,1.84,582149
2025-12-03,OXSQ,1.84,1.85,1.82,1.84,524901
2025-12-02,OXSQ,1.85,1.86,1.82,1.83,659725
2025-12-01,OXSQ,1.85,1.86,1.83,1.84,1092144
2025-11-28,OXSQ,1.85,1.87,1.83,1.85,849808
2025-11-26,OXSQ,1.83,1.85,1.82,1.85,478300
2025-11-25,OXSQ,1.83,1.86,1.82,1.84,611061
2025-11-24,OXSQ,1.81,1.87,1.81,1.84,725110
2025-11-21,OXSQ,1.8,1.87,1.8,1.84,608200
2025-11-20,OXSQ,1.89,1.91,1.8,1.8,670635
2025-11-19,OXSQ,1.89,1.9,1.86,1.88,351830
2025-11-18,OXSQ,1.86,1.89,1.84,1.89,464089
2025-11-17,OXSQ,1.88,1.9,1.85,1.86,589106
2025-11-14,OXSQ,1.9,1.93,1.87,1.88,647515
2025-11-13,OXSQ,1.99,1.99,1.95,1.95,1268500
2025-11-12,OXSQ,1.98,2.01,1.97,1.97,1133630
2025-11-11,OXSQ,1.98,2.01,1.95,1.97,800600
2025-11-10,OXSQ,1.94,2.05,1.93,1.99,1386800
2025-11-07,OXSQ,1.88,1.93,1.86,1.91,518006
2025-11-06,OXSQ,1.93,1.94,1.88,1.88,542800
2025-11-05,OXSQ,1.91,1.95,1.88,1.92,703400
2025-11-04,OXSQ,1.91,1.93,1.86,1.88,528504
2025-11-03,OXSQ,1.9,1.91,1.83,1.89,1075883
2025-10-31,OXSQ,1.86,1.9,1.83,1.9,659300
2025-10-30,OXSQ,1.85,1.87,1.82,1.83,349424
2025-10-29,OXSQ,1.85,1.89,1.83,1.86,495432
2025-10-28,OXSQ,1.86,1.86,1.84,1.85,351833
2025-10-27,OXSQ,1.87,1.9,1.85,1.86,561100
2025-10-24,OXSQ,1.85,1.88,1.83,1.85,499274
2025-10-23,OXSQ,1.79,1.86,1.78,1.85,946500
2025-10-22,OXSQ,1.75,1.79,1.74,1.78,759739
2025-10-21,OXSQ,1.74,1.78,1.71,1.76,496706
2025-10-20,OXSQ,1.79,1.8,1.68,1.73,1093926
2025-10-17,OXSQ,1.81,1.85,1.75,1.75,959123
2025-10-16,OXSQ,1.92,1.93,1.86,1.86,1440893
2025-10-15,OXSQ,1.86,1.94,1.85,1.93,1074802
2025-10-14,OXSQ,1.87,1.89,1.82,1.83,918400
2025-10-13,OXSQ,1.78,1.87,1.77,1.86,1187740
2025-10-10,OXSQ,1.75,1.8,1.73,1.74,955218
2025-10-09,OXSQ,1.75,1.78,1.72,1.72,896900
2025-10-08,OXSQ,1.69,1.75,1.68,1.74,773400
2025-10-07,OXSQ,1.66,1.69,1.64,1.68,822534
2025-12-05,BPRN,34.37,34.48,33.33,33.33,6700
2025-12-04,BPRN,34.1,34.25,33.84,33.84,4800
2025-12-03,BPRN,33.51,34.02,33.44,33.96,9103
2025-12-02,BPRN,34.05,34.31,33.41,33.41,5720
2025-12-01,BPRN,34.41,34.41,33.75,33.75,12000
2025-11-28,BPRN,35.0,35.0,34.39,34.39,3210
2025-11-26,BPRN,34.0,35.0,33.75,34.51,17919
2025-11-25,BPRN,33.52,34.0,33.52,33.73,6700
2025-11-24,BPRN,33.2,33.2,33.08,33.08,3208
2025-11-21,BPRN,32.62,33.95,32.62,33.38,11800
2025-11-20,BPRN,32.3,32.61,32.29,32.61,7600
2025-11-19,BPRN,32.25,32.62,32.2,32.25,7627
2025-11-18,BPRN,32.52,32.52,31.71,32.22,9200
2025-11-17,BPRN,33.49,33.49,32.17,32.28,8000
2025-11-14,BPRN,33.47,33.47,33.17,33.43,5300
2025-11-13,BPRN,32.75,33.5,32.75,33.47,6800
2025-11-12,BPRN,33.4,33.4,32.58,32.93,20135
2025-11-11,BPRN,33.69,33.69,33.4,33.46,3800
2025-11-10,BPRN,33.2,33.55,32.25,33.5,6400
2025-11-07,BPRN,32.75,33.33,32.75,33.2,7700
2025-11-06,BPRN,33.0,33.67,32.99,33.3,8933
2025-11-05,BPRN,32.8,33.0,32.25,32.97,9001
2025-11-04,BPRN,32.25,32.27,31.89,32.13,8119
2025-11-03,BPRN,31.19,32.3,31.19,32.2,8932
2025-10-31,BPRN,31.06,31.18,30.92,31.08,7200
2025-10-30,BPRN,31.02,31.8,30.76,31.16,25000
2025-10-29,BPRN,30.38,31.3,30.38,30.59,15245
2025-10-28,BPRN,30.24,30.56,30.24,30.51,3900
2025-10-27,BPRN,30.76,30.81,30.33,30.46,14129
2025-10-24,BPRN,30.65,30.88,30.63,30.82,5611
2025-10-23,BPRN,30.6,30.66,30.6,30.62,4200
2025-10-22,BPRN,30.93,31.16,30.54,30.78,18000
2025-10-21,BPRN,30.31,30.91,30.31,30.75,15100
2025-10-20,BPRN,30.4,30.81,30.04,30.47,17600
2025-10-17,BPRN,30.02,30.48,29.76,29.93,10000
2025-10-16,BPRN,31.11,31.11,29.7,29.75,12000
2025-10-15,BPRN,30.59,30.97,30.45,30.87,4900
2025-10-14,BPRN,30.0,31.0,30.0,30.91,16348
2025-10-13,BPRN,30.56,30.56,30.02,30.42,5600
2025-10-10,BPRN,31.0,31.0,29.96,30.27,22742
2025-10-09,BPRN,30.68,30.9,30.68,30.73,5300
2025-10-08,BPRN,31.08,31.28,30.72,30.89,7222
2025-10-07,BPRN,30.97,31.06,30.93,31.04,8531
2025-12-05,HUMA,1.29,1.31,1.23,1.23,3958553
2025-12-04,HUMA,1.29,1.33,1.26,1.3,3084900
2025-12-03,HUMA,1.29,1.31,1.23,1.29,3269800
2025-12-02,HUMA,1.3,1.31,1.25,1.26,3364000
2025-12-01,HUMA,1.33,1.34,1.26,1.28,3767818
2025-11-28,HUMA,1.34,1.38,1.32,1.35,2269100
2025-11-26,HUMA,1.31,1.35,1.3,1.33,3307600
2025-11-25,HUMA,1.27,1.32,1.24,1.32,3064806
2025-11-24,HUMA,1.23,1.29,1.21,1.28,5401900
2025-11-21,HUMA,1.11,1.25,1.09,1.22,6038626
2025-11-20,HUMA,1.19,1.26,1.1,1.12,6450000
2025-11-19,HUMA,1.23,1.23,1.13,1.17,4708100
2025-11-18,HUMA,1.12,1.21,1.12,1.2,4036400
2025-11-17,HUMA,1.21,1.21,1.12,1.13,7671816
2025-11-14,HUMA,1.15,1.28,1.13,1.23,5901018
2025-11-13,HUMA,1.23,1.27,1.17,1.19,7169139
2025-11-12,HUMA,1.43,1.43,1.22,1.25,8180144
2025-11-11,HUMA,1.36,1.37,1.28,1.28,5139112
2025-11-10,HUMA,1.39,1.42,1.32,1.35,3917500
2025-11-07,HUMA,1.3,1.34,1.22,1.33,5847600
2025-11-06,HUMA,1.47,1.47,1.26,1.31,6368700
2025-11-05,HUMA,1.49,1.49,1.42,1.45,3297036
2025-11-04,HUMA,1.55,1.56,1.46,1.46,4353648
2025-11-03,HUMA,1.68,1.68,1.58,1.59,3321800
2025-10-31,HUMA,1.65,1.67,1.6,1.67,3262612
2025-10-30,HUMA,1.68,1.7,1.6,1.62,3644800
2025-10-29,HUMA,1.7,1.78,1.68,1.69,4694100
2025-10-28,HUMA,1.68,1.74,1.65,1.7,2894013
2025-10-27,HUMA,1.72,1.74,1.66,1.68,2269425
2025-10-24,HUMA,1.72,1.73,1.68,1.71,2691800
2025-10-23,HUMA,1.64,1.73,1.64,1.69,3057138
2025-10-22,HUMA,1.72,1.75,1.61,1.62,6344118
2025-10-21,HUMA,1.8,1.8,1.71,1.73,3856500
2025-10-20,HUMA,1.79,1.9,1.77,1.81,8110100
2025-10-17,HUMA,1.67,1.75,1.64,1.72,4412900
2025-10-16,HUMA,1.77,1.79,1.67,1.7,4325412
2025-10-15,HUMA,1.8,1.82,1.7,1.77,4608221
2025-10-14,HUMA,1.71,1.82,1.67,1.79,9330634
2025-10-13,HUMA,1.6,1.77,1.59,1.76,9527305
2025-10-10,HUMA,1.63,1.64,1.55,1.56,7477400
2025-10-09,HUMA,1.67,1.68,1.58,1.64,9300200
2025-10-08,HUMA,1.68,1.71,1.62,1.69,13189032
2025-10-07,HUMA,1.97,1.97,1.61,1.65,36320700
2025-12-05,TNYA,1.4,1.42,1.36,1.41,1533062
2025-12-04,TNYA,1.31,1.42,1.31,1.38,2084900
2025-12-03,TNYA,1.25,1.34,1.23,1.33,1621800
2025-12-02,TNYA,1.29,1.3,1.21,1.22,1719411
2025-12-01,TNYA,1.37,1.38,1.26,1.28,1602210
2025-11-28,TNYA,1.38,1.43,1.36,1.4,1380600
2025-11-26,TNYA,1.23,1.4,1.22,1.36,2230000
2025-11-25,TNYA,1.23,1.25,1.18,1.23,1304548
2025-11-24,TNYA,1.23,1.26,1.19,1.22,1630200
2025-11-21,TNYA,1.17,1.28,1.16,1.23,2357824
2025-11-20,TNYA,1.17,1.27,1.15,1.16,2304400
2025-11-19,TNYA,1.25,1.27,1.17,1.19,2037900
2025-11-18,TNYA,1.25,1.28,1.22,1.28,2387914
2025-11-17,TNYA,1.34,1.36,1.24,1.26,2778447
2025-11-14,TNYA,1.31,1.37,1.3,1.33,1925100
2025-11-13,TNYA,1.53,1.54,1.33,1.37,3229704
2025-11-12,TNYA,1.42,1.56,1.41,1.54,3148300
2025-11-11,TNYA,1.43,1.47,1.38,1.42,2123200
2025-11-10,TNYA,1.2,1.48,1.2,1.43,6444700
2025-11-07,TNYA,1.31,1.34,1.25,1.28,5195616
2025-11-06,TNYA,1.38,1.43,1.33,1.35,2162426
2025-11-05,TNYA,1.4,1.47,1.37,1.38,2823412
2025-11-04,TNYA,1.37,1.48,1.36,1.38,2476321
2025-11-03,TNYA,1.5,1.54,1.37,1.43,5736800
2025-10-31,TNYA,1.24,1.48,1.24,1.44,5157041
2025-10-30,TNYA,1.37,1.45,1.22,1.26,6867800
2025-10-29,TNYA,1.53,1.54,1.4,1.43,6424300
2025-10-28,TNYA,1.64,1.65,1.55,1.56,4327045
2025-10-27,TNYA,1.65,1.7,1.55,1.66,4279400
2025-10-24,TNYA,1.7,1.72,1.65,1.66,2445300
2025-10-23,TNYA,1.7,1.74,1.66,1.68,2363800
2025-10-22,TNYA,1.81,1.84,1.65,1.7,5511000
2025-10-21,TNYA,1.95,1.96,1.81,1.83,3096400
2025-10-20,TNYA,1.85,2.02,1.84,1.97,4648104
2025-10-17,TNYA,1.83,1.86,1.77,1.81,3363000
2025-10-16,TNYA,1.91,2.02,1.85,1.86,3520341
2025-10-15,TNYA,2.03,2.04,1.8,1.9,6748800
2025-10-14,TNYA,1.98,2.07,1.88,2.0,6154300
2025-10-13,TNYA,2.17,2.2,1.93,1.98,8313417
2025-10-10,TNYA,2.22,2.35,2.02,2.1,10064700
2025-10-09,TNYA,1.88,2.03,1.86,2.02,7926848
2025-10-08,TNYA,1.8,1.86,1.72,1.83,4171808
2025-10-07,TNYA,1.8,1.84,1.68,1.77,4821742
2025-12-05,TKNO,4.8,4.81,4.53,4.8,166500
2025-12-04,TKNO,4.86,4.87,4.7,4.83,66100
2025-12-03,TKNO,4.42,4.82,4.42,4.81,96800
2025-12-02,TKNO,4.69,4.72,4.41,4.42,64626
2025-12-01,TKNO,4.76,4.76,4.5,4.66,175462
2025-11-28,TKNO,4.76,4.76,4.61,4.68,71700
2025-11-26,TKNO,4.67,4.81,4.6,4.75,90220
2025-11-25,TKNO,4.66,4.72,4.57,4.65,110800
2025-11-24,TKNO,4.29,4.79,4.25,4.63,192400
2025-11-21,TKNO,4.34,4.54,4.28,4.3,240001
2025-11-20,TKNO,4.54,4.61,4.16,4.43,227740
2025-11-19,TKNO,4.41,4.61,4.3,4.42,128600
2025-11-18,TKNO,4.24,4.52,4.15,4.41,227778
2025-11-17,TKNO,4.41,4.55,4.25,4.28,284400
2025-11-14,TKNO,4.36,4.54,4.31,4.45,159300
2025-11-13,TKNO,4.46,4.5,4.26,4.43,120949
2025-11-12,TKNO,4.92,4.92,4.43,4.46,132211
2025-11-11,TKNO,4.53,5.0,4.53,4.9,176200
2025-11-10,TKNO,4.84,4.86,4.53,4.61,217100
2025-11-07,TKNO,4.51,4.96,4.36,4.71,256025
2025-11-06,TKNO,4.92,5.05,4.77,4.81,354600
2025-11-05,TKNO,4.79,4.96,4.56,4.95,205419
2025-11-04,TKNO,4.93,5.01,4.61,4.75,232400
2025-11-03,TKNO,5.2,5.32,4.69,5.08,529130
2025-10-31,TKNO,5.12,5.26,5.08,5.25,62345
2025-10-30,TKNO,5.33,5.38,5.03,5.06,76500
2025-10-29,TKNO,5.37,5.67,5.3,5.38,130726
2025-10-28,TKNO,5.45,5.63,5.32,5.38,69765
2025-10-27,TKNO,5.71,5.89,5.38,5.45,136021
2025-10-24,TKNO,5.76,5.88,5.64,5.68,135840
2025-10-23,TKNO,5.61,5.79,5.52,5.76,195400
2025-10-22,TKNO,5.63,5.72,5.41,5.55,182817
2025-10-21,TKNO,5.78,5.88,5.58,5.62,159100
2025-10-20,TKNO,5.23,5.79,5.22,5.75,274057
2025-10-17,TKNO,5.17,5.22,4.96,5.13,146202
2025-10-16,TKNO,5.46,5.54,5.19,5.26,128600
2025-10-15,TKNO,5.21,5.54,5.2,5.39,188016
2025-10-14,TKNO,4.94,5.24,4.9,5.15,176267
2025-10-13,TKNO,5.04,5.08,4.89,5.01,129511
2025-10-10,TKNO,5.1,5.19,4.84,4.96,215800
2025-10-09,TKNO,5.3,5.32,4.78,5.05,654179
2025-10-08,TKNO,5.21,5.41,5.12,5.31,156100
2025-10-07,TKNO,5.65,5.74,5.21,5.24,314300
2025-12-05,VGZ,1.97,2.08,1.92,1.93,1368600
2025-12-04,VGZ,1.98,1.99,1.91,1.94,681708
2025-12-03,VGZ,1.99,2.0,1.94,1.99,851600
2025-12-02,VGZ,1.97,1.98,1.89,1.96,789461
2025-12-01,VGZ,1.99,2.0,1.91,1.97,1174300
2025-11-28,VGZ,1.91,2.03,1.91,1.97,1218300
2025-11-26,VGZ,1.7,1.87,1.69,1.87,1070478
2025-11-25,VGZ,1.69,1.7,1.65,1.7,724574
2025-11-24,VGZ,1.63,1.71,1.6,1.7,593110
2025-11-21,VGZ,1.69,1.69,1.57,1.61,876200
2025-11-20,VGZ,1.8,1.85,1.66,1.69,1121000
2025-11-19,VGZ,1.76,1.88,1.76,1.82,1362040
2025-11-18,VGZ,1.74,1.75,1.69,1.74,537727
2025-11-17,VGZ,1.74,1.78,1.69,1.73,967337
2025-11-14,VGZ,1.82,1.82,1.67,1.77,1349718
2025-11-13,VGZ,1.75,1.89,1.7,1.83,2123971
2025-11-12,VGZ,1.75,1.83,1.7,1.7,4070631
2025-11-11,VGZ,1.78,1.8,1.69,1.75,1127900
2025-11-10,VGZ,1.69,1.8,1.69,1.77,1686400
2025-11-07,VGZ,1.62,1.65,1.53,1.65,663243
2025-11-06,VGZ,1.58,1.63,1.56,1.61,1056147
2025-11-05,VGZ,1.48,1.57,1.43,1.53,1482730
2025-11-04,VGZ,1.59,1.63,1.52,1.55,1501700
2025-11-03,VGZ,1.66,1.68,1.6,1.61,968645
2025-10-31,VGZ,1.69,1.69,1.65,1.67,642441
2025-10-30,VGZ,1.67,1.73,1.66,1.69,601725
2025-10-29,VGZ,1.75,1.75,1.64,1.68,807500
2025-10-28,VGZ,1.66,1.76,1.63,1.7,1525000
2025-10-27,VGZ,1.69,1.71,1.6,1.69,1698900
2025-10-24,VGZ,1.7,1.8,1.69,1.74,1202300
2025-10-23,VGZ,1.81,1.84,1.71,1.73,1441929
2025-10-22,VGZ,1.73,1.8,1.71,1.78,1567734
2025-10-21,VGZ,1.85,1.86,1.67,1.8,3168133
2025-10-20,VGZ,2.0,2.02,1.85,1.96,2977600
2025-10-17,VGZ,2.17,2.17,1.9,1.98,3029211
2025-10-16,VGZ,2.25,2.32,2.15,2.17,3220333
2025-10-15,VGZ,2.2,2.24,2.15,2.23,2570929
2025-10-14,VGZ,2.12,2.23,2.11,2.17,2213100
2025-10-13,VGZ,2.2,2.27,2.15,2.2,2295400
2025-10-10,VGZ,2.12,2.14,2.02,2.06,2135200
2025-10-09,VGZ,2.35,2.38,2.05,2.08,4204632
2025-10-08,VGZ,2.3,2.46,2.25,2.33,4445400
2025-10-07,VGZ,2.22,2.22,2.15,2.2,1295249
2025-12-05,EARN,5.33,5.42,5.32,5.36,295435
2025-12-04,EARN,5.31,5.33,5.28,5.33,151390
2025-12-03,EARN,5.27,5.33,5.26,5.29,355200
2025-12-02,EARN,5.3,5.36,5.25,5.26,306805
2025-12-01,EARN,5.38,5.4,5.3,5.3,338100
2025-11-28,EARN,5.5,5.5,5.39,5.42,245600
2025-11-26,EARN,5.42,5.55,5.42,5.51,513149
2025-11-25,EARN,5.4,5.44,5.38,5.43,264926
2025-11-24,EARN,5.38,5.38,5.32,5.38,313336
2025-11-21,EARN,5.11,5.31,5.1,5.29,381520
2025-11-20,EARN,5.14,5.19,5.08,5.13,469400
2025-11-19,EARN,5.17,5.24,5.09,5.1,295869
2025-11-18,EARN,5.16,5.2,5.12,5.17,171123
2025-11-17,EARN,5.27,5.29,5.16,5.21,267051
2025-11-14,EARN,5.22,5.3,5.15,5.25,169407
2025-11-13,EARN,5.21,5.29,5.18,5.18,164810
2025-11-12,EARN,5.3,5.32,5.27,5.28,163519
2025-11-11,EARN,5.23,5.3,5.23,5.28,206700
2025-11-10,EARN,5.27,5.27,5.17,5.22,366500
2025-11-07,EARN,5.14,5.28,5.13,5.27,421500
2025-11-06,EARN,5.07,5.14,5.06,5.11,273423
2025-11-05,EARN,5.15,5.15,5.03,5.07,608055
2025-11-04,EARN,5.05,5.17,5.02,5.15,499705
2025-11-03,EARN,5.13,5.14,5.02,5.05,505782
2025-10-31,EARN,5.13,5.15,5.03,5.09,693610
2025-10-30,EARN,5.23,5.26,5.16,5.2,392709
2025-10-29,EARN,5.35,5.38,5.23,5.25,294400
2025-10-28,EARN,5.38,5.4,5.34,5.36,307144
2025-10-27,EARN,5.33,5.39,5.33,5.35,222859
2025-10-24,EARN,5.3,5.37,5.28,5.33,231822
2025-10-23,EARN,5.35,5.35,5.28,5.28,302398
2025-10-22,EARN,5.27,5.36,5.25,5.35,427200
2025-10-21,EARN,5.21,5.31,5.21,5.24,297900
2025-10-20,EARN,5.14,5.23,5.14,5.2,288100
2025-10-17,EARN,5.1,5.15,5.1,5.14,220446
2025-10-16,EARN,5.12,5.2,5.12,5.13,286400
2025-10-15,EARN,5.06,5.12,5.06,5.11,264430
2025-10-14,EARN,5.01,5.1,5.01,5.05,508686
2025-10-13,EARN,5.06,5.13,5.04,5.13,280156
2025-10-10,EARN,5.13,5.17,5.01,5.02,458949
2025-10-09,EARN,5.15,5.18,5.11,5.13,324645
2025-10-08,EARN,5.15,5.2,5.11,5.18,347928
2025-10-07,EARN,5.23,5.23,5.13,5.15,544676
2025-12-05,EPM,4.17,4.26,4.17,4.21,309347
2025-12-04,EPM,4.16,4.2,4.12,4.19,275324
2025-12-03,EPM,4.04,4.17,4.0,4.13,293906
2025-12-02,EPM,4.02,4.06,3.95,3.95,317400
2025-12-01,EPM,3.92,4.06,3.92,4.04,323320
2025-11-28,EPM,3.88,3.95,3.87,3.93,121200
2025-11-26,EPM,3.8,3.9,3.8,3.86,287200
2025-11-25,EPM,3.82,3.85,3.77,3.8,298900
2025-11-24,EPM,3.83,3.86,3.77,3.81,382740
2025-11-21,EPM,3.72,3.84,3.71,3.82,498172
2025-11-20,EPM,3.88,3.92,3.71,3.72,768500
2025-11-19,EPM,4.02,4.05,3.85,3.86,597437
2025-11-18,EPM,4.06,4.11,4.02,4.06,552028
2025-11-17,EPM,4.25,4.3,4.06,4.07,478700
2025-11-14,EPM,4.32,4.32,4.23,4.26,632242
2025-11-13,EPM,4.41,4.45,4.32,4.34,711900
2025-11-12,EPM,4.5,4.55,4.37,4.39,507847
2025-11-11,EPM,4.48,4.6,4.48,4.59,249337
2025-11-10,EPM,4.48,4.49,4.43,4.45,260003
2025-11-07,EPM,4.39,4.47,4.38,4.45,271700
2025-11-06,EPM,4.38,4.42,4.35,4.36,231567
2025-11-05,EPM,4.42,4.42,4.35,4.38,188300
2025-11-04,EPM,4.38,4.41,4.33,4.38,289218
2025-11-03,EPM,4.37,4.44,4.31,4.42,364800
2025-10-31,EPM,4.4,4.44,4.37,4.38,333900
2025-10-30,EPM,4.4,4.46,4.39,4.41,338123
2025-10-29,EPM,4.44,4.51,4.4,4.41,309000
2025-10-28,EPM,4.52,4.54,4.41,4.43,244500
2025-10-27,EPM,4.56,4.58,4.51,4.51,291900
2025-10-24,EPM,4.6,4.67,4.51,4.55,179463
2025-10-23,EPM,4.58,4.62,4.56,4.57,194800
2025-10-22,EPM,4.49,4.54,4.47,4.51,329000
2025-10-21,EPM,4.53,4.55,4.47,4.47,284738
2025-10-20,EPM,4.54,4.6,4.46,4.51,278329
2025-10-17,EPM,4.53,4.56,4.46,4.53,329600
2025-10-16,EPM,4.72,4.73,4.5,4.54,513707
2025-10-15,EPM,4.73,4.74,4.64,4.71,408509
2025-10-14,EPM,4.74,4.74,4.63,4.66,213778
2025-10-13,EPM,4.73,4.8,4.66,4.79,222400
2025-10-10,EPM,4.86,4.94,4.65,4.66,706401
2025-10-09,EPM,4.86,4.93,4.8,4.93,221300
2025-10-08,EPM,4.84,4.88,4.82,4.85,224432
2025-10-07,EPM,4.84,4.88,4.8,4.83,250086
2025-12-05,ANVS,4.66,4.76,4.4,4.55,604031
2025-12-04,ANVS,4.68,4.82,4.6,4.65,499700
2025-12-03,ANVS,4.35,4.76,4.32,4.65,1358100
2025-12-02,ANVS,4.46,4.71,4.01,4.41,1604100
2025-12-01,ANVS,5.04,5.1,4.32,4.51,1854721
2025-11-28,ANVS,5.05,5.5,4.9,5.1,1291800
2025-11-26,ANVS,5.02,5.25,4.57,4.92,2925600
2025-11-25,ANVS,4.08,4.83,4.01,4.82,2367500
2025-11-24,ANVS,3.84,4.48,3.82,4.09,3310700
2025-11-21,ANVS,3.91,4.0,3.47,3.79,1969300
2025-11-20,ANVS,3.44,3.98,3.39,3.88,3595932
2025-11-19,ANVS,3.51,3.69,3.25,3.38,2411716
2025-11-18,ANVS,2.98,3.82,2.98,3.37,7205610
2025-11-17,ANVS,2.37,4.0,2.36,3.03,44362601
2025-11-14,ANVS,2.11,2.42,2.11,2.34,617691
2025-11-13,ANVS,2.38,2.43,2.23,2.29,555900
2025-11-12,ANVS,2.17,2.49,2.17,2.43,1712900
2025-11-11,ANVS,2.0,2.11,1.96,2.11,168835
2025-11-10,ANVS,2.08,2.08,1.96,1.99,114700
2025-11-07,ANVS,1.91,2.05,1.9,2.0,242400
2025-11-06,ANVS,2.05,2.08,1.92,1.99,192210
2025-11-05,ANVS,1.92,2.17,1.9,2.04,220525
2025-11-04,ANVS,1.95,2.03,1.89,1.89,246609
2025-11-03,ANVS,2.08,2.09,1.95,2.02,275200
2025-10-31,ANVS,2.08,2.15,2.03,2.1,174100
2025-10-30,ANVS,2.19,2.25,2.07,2.08,202506
2025-10-29,ANVS,2.08,2.29,2.08,2.2,724500
2025-10-28,ANVS,2.12,2.14,2.07,2.1,257893
2025-10-27,ANVS,2.11,2.24,2.06,2.15,1339610
2025-10-24,ANVS,2.05,2.07,2.02,2.05,268000
2025-10-23,ANVS,2.0,2.08,2.0,2.02,138858
2025-10-22,ANVS,2.1,2.15,1.97,2.03,477700
2025-10-21,ANVS,2.1,2.23,2.01,2.17,820100
2025-10-20,ANVS,1.9,2.08,1.9,2.07,529916
2025-10-17,ANVS,1.99,2.06,1.94,1.98,476014
2025-10-16,ANVS,1.89,2.21,1.88,2.03,2936337
2025-10-15,ANVS,1.62,1.85,1.62,1.81,857600
2025-10-14,ANVS,1.61,1.72,1.6,1.68,662400
2025-10-13,ANVS,1.74,1.76,1.57,1.66,1447619
2025-10-10,ANVS,1.61,1.8,1.6,1.7,7806000
2025-10-09,ANVS,2.49,2.6,2.11,2.2,8698000
2025-10-08,ANVS,2.25,2.29,2.22,2.27,228522
2025-10-07,ANVS,2.27,2.29,2.24,2.26,182239
2025-12-05,GRO,2.28,2.34,2.21,2.23,261595
2025-12-04,GRO,2.39,2.4,2.29,2.3,299628
2025-12-03,GRO,2.41,2.5,2.37,2.4,317459
2025-12-02,GRO,2.35,2.38,2.25,2.29,482300
2025-12-01,GRO,2.45,2.45,2.25,2.3,1077042
2025-11-28,GRO,2.39,2.64,2.39,2.49,390000
2025-11-26,GRO,2.26,2.4,2.23,2.38,282500
2025-11-25,GRO,2.15,2.28,2.11,2.28,204347
2025-11-24,GRO,2.1,2.15,2.05,2.15,91101
2025-11-21,GRO,2.02,2.13,1.96,2.13,243034
2025-11-20,GRO,2.1,2.18,1.98,2.0,314000
2025-11-19,GRO,2.03,2.22,1.99,2.1,473320
2025-11-18,GRO,2.01,2.07,1.99,2.03,248400
2025-11-17,GRO,2.08,2.14,2.02,2.02,257034
2025-11-14,GRO,1.86,2.14,1.86,2.1,485000
2025-11-13,GRO,2.02,2.04,1.89,1.93,715100
2025-11-12,GRO,2.2,2.25,1.98,2.08,6419419
2025-11-11,GRO,2.15,2.22,2.13,2.19,100611
2025-11-10,GRO,2.29,2.3,2.14,2.17,173600
2025-11-07,GRO,2.26,2.26,2.07,2.2,255530
2025-11-06,GRO,2.18,2.25,2.11,2.15,229846
2025-11-05,GRO,2.16,2.23,2.14,2.18,203600
2025-11-04,GRO,2.25,2.25,2.06,2.12,503211
2025-11-03,GRO,2.48,2.48,2.22,2.25,532247
2025-10-31,GRO,2.5,2.5,2.35,2.48,330449
2025-10-30,GRO,2.65,2.66,2.4,2.46,395400
2025-10-29,GRO,2.65,2.77,2.56,2.61,559700
2025-10-28,GRO,2.63,3.1,2.61,2.75,1808700
2025-10-27,GRO,2.52,2.69,2.5,2.56,261241
2025-10-24,GRO,2.61,2.65,2.48,2.53,360022
2025-10-23,GRO,2.51,2.73,2.51,2.6,398492
2025-10-22,GRO,2.46,2.6,2.4,2.52,353747
2025-10-21,GRO,2.62,2.7,2.45,2.48,418346
2025-10-20,GRO,2.37,2.72,2.19,2.65,854700
2025-10-17,GRO,2.4,2.46,2.21,2.33,1378700
2025-10-16,GRO,2.9,2.91,2.62,2.65,398800
2025-10-15,GRO,3.15,3.36,2.71,2.95,938264
2025-10-14,GRO,2.36,2.92,2.36,2.92,895400
2025-10-13,GRO,2.22,2.44,2.16,2.44,373400
2025-10-10,GRO,2.24,2.32,2.1,2.15,411400
2025-10-09,GRO,2.34,2.43,2.2,2.2,403200
2025-10-08,GRO,2.36,2.43,2.31,2.36,257631
2025-10-07,GRO,2.46,2.5,2.26,2.4,430500
2025-12-05,SRFM,2.42,2.45,2.23,2.25,3367356
2025-12-04,SRFM,2.48,2.53,2.33,2.47,6522500
2025-12-03,SRFM,2.06,2.31,2.01,2.3,3935800
2025-12-02,SRFM,2.04,2.26,2.0,2.08,4648900
2025-12-01,SRFM,2.01,2.04,1.91,1.94,3039244
2025-11-28,SRFM,2.19,2.21,2.04,2.05,2398817
2025-11-26,SRFM,2.08,2.33,2.07,2.14,4646722
2025-11-25,SRFM,2.07,2.1,1.99,2.03,1710628
2025-11-24,SRFM,2.1,2.12,2.02,2.09,1937634
2025-11-21,SRFM,2.08,2.08,1.94,2.07,2771400
2025-11-20,SRFM,2.35,2.53,2.06,2.06,4389500
2025-11-19,SRFM,2.37,2.39,2.17,2.22,3073428
2025-11-18,SRFM,2.42,2.56,2.36,2.38,2462735
2025-11-17,SRFM,2.6,2.6,2.45,2.51,3069615
2025-11-14,SRFM,2.56,2.72,2.55,2.63,2442312
2025-11-13,SRFM,2.7,2.95,2.6,2.69,3086500
2025-11-12,SRFM,3.06,3.16,2.89,2.94,3343336
2025-11-11,SRFM,3.15,3.2,2.96,3.04,3009700
2025-11-10,SRFM,3.73,3.73,3.1,3.14,7088836
2025-11-07,SRFM,3.2,3.4,3.04,3.32,2790500
2025-11-06,SRFM,3.51,3.56,3.29,3.31,1441132
2025-11-05,SRFM,3.46,3.58,3.45,3.52,1660200
2025-11-04,SRFM,3.72,3.78,3.41,3.44,2480147
2025-11-03,SRFM,4.0,4.05,3.82,3.85,1684012
2025-10-31,SRFM,3.88,4.09,3.84,4.06,1587724
2025-10-30,SRFM,3.99,4.0,3.84,3.87,1848726
2025-10-29,SRFM,4.07,4.09,3.95,3.96,2547937
2025-10-28,SRFM,4.2,4.25,4.04,4.04,2275902
2025-10-27,SRFM,4.49,4.5,4.18,4.22,2193900
2025-10-24,SRFM,4.4,4.47,4.32,4.36,1351900
2025-10-23,SRFM,4.36,4.39,4.16,4.27,1626100
2025-10-22,SRFM,4.51,4.51,4.07,4.28,2765200
2025-10-21,SRFM,4.78,4.92,4.52,4.59,2369600
2025-10-20,SRFM,4.78,4.97,4.68,4.85,2091200
2025-10-17,SRFM,4.97,5.0,4.58,4.63,2239000
2025-10-16,SRFM,5.53,5.56,4.88,4.96,4071100
2025-10-15,SRFM,5.32,5.85,5.17,5.43,6271619
2025-10-14,SRFM,4.84,5.16,4.45,5.09,4973600
2025-10-13,SRFM,5.2,5.3,4.85,5.13,4580700
2025-10-10,SRFM,5.63,6.17,4.91,5.0,8292835
2025-10-09,SRFM,5.61,5.65,5.32,5.39,2874825
2025-10-08,SRFM,5.08,5.54,5.07,5.45,4869923
2025-10-07,SRFM,5.25,5.25,4.82,4.95,3028615
2025-12-05,WWR,1.1,1.18,1.03,1.04,4859766
2025-12-04,WWR,0.8844,1.08,0.8844,1.03,3492246
2025-12-03,WWR,0.9197,0.9197,0.878,0.8913,1098747
2025-12-02,WWR,0.8533,0.95,0.8533,0.9101,1537936
2025-12-01,WWR,0.99,0.9963,0.8501,0.8501,1505545
2025-11-28,WWR,0.88,0.99,0.88,0.9503,1389109
2025-11-26,WWR,0.87,0.8999,0.8415,0.8761,1502800
2025-11-25,WWR,0.9022,0.925,0.832,0.85,1649200
2025-11-24,WWR,0.8874,0.9141,0.8845,0.8968,1339300
2025-11-21,WWR,0.8719,0.895,0.8207,0.8752,2584000
2025-11-20,WWR,1.04,1.05,0.85,0.8779,4120230
2025-11-19,WWR,1.02,1.1,1.02,1.03,2197700
2025-11-18,WWR,0.9667,1.04,0.9609,1.02,1453432
2025-11-17,WWR,0.9772,1.04,0.96,0.97,1799208
2025-11-14,WWR,0.9651,1.06,0.95,0.9802,2729137
2025-11-13,WWR,1.06,1.1,0.98,1.01,4028423
2025-11-12,WWR,1.1,1.13,1.04,1.08,1632400
2025-11-11,WWR,1.05,1.13,1.04,1.09,2355742
2025-11-10,WWR,1.02,1.14,1.01,1.06,5811423
2025-11-07,WWR,1.06,1.24,1.02,1.23,5591800
2025-11-06,WWR,1.16,1.18,1.09,1.1,2801600
2025-11-05,WWR,1.18,1.2,1.14,1.18,2295823
2025-11-04,WWR,1.14,1.24,1.1,1.17,6055849
2025-11-03,WWR,1.35,1.38,1.24,1.27,5223100
2025-10-31,WWR,1.46,1.51,1.35,1.38,5638033
2025-10-30,WWR,1.42,1.54,1.35,1.44,5810647
2025-10-29,WWR,1.39,1.44,1.33,1.36,3972645
2025-10-28,WWR,1.39,1.56,1.39,1.45,5569200
2025-10-27,WWR,1.33,1.57,1.31,1.42,11214009
2025-10-24,WWR,1.58,1.67,1.53,1.64,5884900
2025-10-23,WWR,1.53,1.74,1.53,1.56,6659848
2025-10-22,WWR,1.65,1.74,1.37,1.54,14203200
2025-10-21,WWR,1.88,2.0,1.71,1.83,8122021
2025-10-20,WWR,1.88,2.09,1.78,2.03,13119446
2025-10-17,WWR,1.72,2.11,1.71,2.06,14217400
2025-10-16,WWR,2.5,2.54,1.95,2.1,23555900
2025-10-15,WWR,3.3,3.3,2.07,2.47,39579700
2025-10-14,WWR,2.89,3.75,2.29,3.48,45459900
2025-10-13,WWR,2.22,2.64,2.13,2.56,27167646
2025-10-10,WWR,2.17,2.28,1.88,1.98,27901900
2025-10-09,WWR,1.71,2.07,1.66,1.98,25781741
2025-10-08,WWR,1.51,1.56,1.44,1.53,6490408
2025-10-07,WWR,1.56,1.6,1.4,1.46,12111800
2025-12-05,BIOX,1.59,1.61,1.5,1.5,255400
2025-12-04,BIOX,1.57,1.61,1.55,1.58,180521
2025-12-03,BIOX,1.61,1.67,1.57,1.59,643300
2025-12-02,BIOX,1.65,1.65,1.6,1.62,141014
2025-12-01,BIOX,1.69,1.73,1.61,1.62,259643
2025-11-28,BIOX,1.62,1.73,1.58,1.72,194700
2025-11-26,BIOX,1.54,1.64,1.53,1.62,505818
2025-11-25,BIOX,1.55,1.58,1.51,1.54,245319
2025-11-24,BIOX,1.5,1.66,1.42,1.55,805130
2025-11-21,BIOX,1.44,1.52,1.4,1.49,229544
2025-11-20,BIOX,1.59,1.61,1.42,1.43,416626
2025-11-19,BIOX,1.6,1.65,1.57,1.57,219034
2025-11-18,BIOX,1.51,1.65,1.5,1.63,465032
2025-11-17,BIOX,1.66,1.69,1.54,1.55,508000
2025-11-14,BIOX,1.71,1.75,1.66,1.68,499800
2025-11-13,BIOX,1.88,1.88,1.7,1.71,639600
2025-11-12,BIOX,1.94,2.03,1.74,1.87,1185841
2025-11-11,BIOX,1.74,1.97,1.74,1.93,585339
2025-11-10,BIOX,1.82,1.85,1.72,1.74,346543
2025-11-07,BIOX,1.67,1.79,1.64,1.79,442950
2025-11-06,BIOX,1.75,1.84,1.65,1.66,307834
2025-11-05,BIOX,1.77,1.91,1.74,1.76,393194
2025-11-04,BIOX,1.83,1.93,1.77,1.77,370603
2025-11-03,BIOX,2.03,2.04,1.84,1.86,865653
2025-10-31,BIOX,1.7,2.1,1.62,2.03,2070200
2025-10-30,BIOX,1.85,1.9,1.72,1.72,538740
2025-10-29,BIOX,1.98,1.98,1.8,1.92,1169518
2025-10-28,BIOX,2.0,2.01,1.89,2.0,727974
2025-10-27,BIOX,1.95,2.19,1.91,2.0,1869307
2025-10-24,BIOX,1.99,2.01,1.82,1.84,532419
2025-10-23,BIOX,1.9,2.1,1.89,1.99,1257800
2025-10-22,BIOX,1.71,2.14,1.7,1.91,3119200
2025-10-21,BIOX,1.64,1.78,1.58,1.76,1058915
2025-10-20,BIOX,1.7,1.75,1.6,1.64,708629
2025-10-17,BIOX,1.77,1.98,1.7,1.7,1597800
2025-10-16,BIOX,2.02,2.1,1.72,1.84,2626914
2025-10-15,BIOX,1.61,2.02,1.58,1.98,4381038
2025-10-14,BIOX,1.4,1.55,1.34,1.54,1197247
2025-10-13,BIOX,1.49,1.51,1.38,1.41,1262200
2025-10-10,BIOX,1.45,1.76,1.38,1.43,3073500
2025-10-09,BIOX,1.34,1.44,1.3,1.42,911605
2025-10-08,BIOX,1.28,1.37,1.23,1.33,754684
2025-10-07,BIOX,1.39,1.46,1.28,1.3,533840
2025-12-05,EP,3.23,3.37,3.11,3.14,42300
2025-12-04,EP,3.23,3.25,3.04,3.16,18604
2025-12-03,EP,3.08,3.23,3.05,3.23,29300
2025-12-02,EP,3.1,3.1,2.86,3.03,35214
2025-12-01,EP,3.01,3.17,2.96,3.04,21000
2025-11-28,EP,3.05,3.09,3.0,3.0,10545
2025-11-26,EP,3.05,3.12,2.99,3.0,24100
2025-11-25,EP,3.02,3.15,2.99,3.05,14000
2025-11-24,EP,3.31,3.38,3.04,3.04,38900
2025-11-21,EP,2.93,3.33,2.93,3.26,47034
2025-11-20,EP,3.1,3.24,2.91,2.91,25639
2025-11-19,EP,3.14,3.26,3.03,3.03,26200
2025-11-18,EP,2.95,3.35,2.95,3.21,34883
2025-11-17,EP,2.9,3.28,2.9,2.94,37442
2025-11-14,EP,3.04,3.29,2.78,2.86,105400
2025-11-13,EP,3.11,3.42,3.0,3.1,27500
2025-11-12,EP,3.35,3.54,3.1,3.15,41406
2025-11-11,EP,3.59,3.61,3.3,3.34,45338
2025-11-10,EP,3.35,3.54,3.16,3.49,25842
2025-11-07,EP,3.12,3.22,3.02,3.16,30344
2025-11-06,EP,3.11,3.22,3.01,3.13,45843
2025-11-05,EP,3.1,3.2,3.0,3.18,34643
2025-11-04,EP,3.06,3.16,3.0,3.09,36361
2025-11-03,EP,3.01,3.13,2.8,3.05,113634
2025-10-31,EP,2.99,3.09,2.92,3.01,37987
2025-10-30,EP,3.26,3.39,2.9,2.93,37836
2025-10-29,EP,3.45,3.55,3.22,3.25,47749
2025-10-28,EP,3.59,3.65,3.38,3.45,37700
2025-10-27,EP,3.86,3.86,3.56,3.57,13000
2025-10-24,EP,3.91,4.08,3.73,3.83,21310
2025-10-23,EP,3.97,4.0,3.8,3.83,19416
2025-10-22,EP,3.67,3.99,3.6,3.93,43576
2025-10-21,EP,3.75,3.82,3.6,3.61,35636
2025-10-20,EP,3.68,3.76,3.5,3.72,40905
2025-10-17,EP,3.55,3.69,3.55,3.61,61140
2025-10-16,EP,3.93,3.93,3.51,3.52,66700
2025-10-15,EP,3.75,3.95,3.7,3.91,45734
2025-10-14,EP,3.89,4.03,3.8,3.82,26700
2025-10-13,EP,3.9,4.03,3.77,4.03,22538
2025-10-10,EP,4.13,4.2,3.67,3.77,73500
2025-10-09,EP,4.16,4.52,4.08,4.16,57517
2025-10-08,EP,4.09,4.44,4.09,4.14,33100
2025-10-07,EP,4.26,4.38,4.04,4.04,43100
2025-12-05,HAIN,1.07,1.09,1.03,1.03,1165406
2025-12-04,HAIN,1.07,1.1,1.03,1.07,1569700
2025-12-03,HAIN,1.07,1.11,1.04,1.07,1195358
2025-12-02,HAIN,1.1,1.1,1.05,1.07,1499900
2025-12-01,HAIN,1.1,1.13,1.07,1.08,1594900
2025-11-28,HAIN,1.1,1.12,1.07,1.1,997300
2025-11-26,HAIN,1.08,1.11,1.06,1.07,1464900
2025-11-25,HAIN,1.09,1.13,1.06,1.08,1155600
2025-11-24,HAIN,1.2,1.24,1.08,1.08,2231539
2025-11-21,HAIN,1.12,1.19,1.11,1.15,1562700
2025-11-20,HAIN,1.24,1.26,1.1,1.11,2013103
2025-11-19,HAIN,1.19,1.21,1.13,1.2,1208929
2025-11-18,HAIN,1.27,1.27,1.17,1.2,1165029
2025-11-17,HAIN,1.37,1.37,1.25,1.26,1007925
2025-11-14,HAIN,1.33,1.39,1.31,1.36,1090014
2025-11-13,HAIN,1.41,1.44,1.36,1.39,1238652
2025-11-12,HAIN,1.27,1.46,1.27,1.42,2092800
2025-11-11,HAIN,1.26,1.3,1.24,1.27,987370
2025-11-10,HAIN,1.2,1.31,1.14,1.26,4614300
2025-11-07,HAIN,1.12,1.22,1.01,1.2,4341001
2025-11-06,HAIN,1.11,1.13,1.03,1.07,2302716
2025-11-05,HAIN,1.12,1.14,1.08,1.11,1272203
2025-11-04,HAIN,1.11,1.18,1.08,1.11,2480800
2025-11-03,HAIN,1.16,1.2,1.1,1.11,1530425
2025-10-31,HAIN,1.28,1.28,1.14,1.16,3130114
2025-10-30,HAIN,1.3,1.34,1.27,1.29,1444293
2025-10-29,HAIN,1.33,1.37,1.3,1.31,1194132
2025-10-28,HAIN,1.4,1.41,1.34,1.35,1015000
2025-10-27,HAIN,1.44,1.47,1.38,1.4,1217900
2025-10-24,HAIN,1.52,1.52,1.44,1.44,746900
2025-10-23,HAIN,1.5,1.5,1.42,1.5,1368100
2025-10-22,HAIN,1.38,1.64,1.38,1.5,6852200
2025-10-21,HAIN,1.35,1.41,1.32,1.38,1396069
2025-10-20,HAIN,1.31,1.35,1.3,1.35,1194700
2025-10-17,HAIN,1.33,1.34,1.3,1.31,781142
2025-10-16,HAIN,1.39,1.45,1.33,1.33,1557400
2025-10-15,HAIN,1.33,1.41,1.33,1.38,1025600
2025-10-14,HAIN,1.33,1.34,1.29,1.33,1992524
2025-10-13,HAIN,1.34,1.38,1.31,1.34,1286020
2025-10-10,HAIN,1.41,1.43,1.33,1.34,1511800
2025-10-09,HAIN,1.4,1.47,1.38,1.4,1406900
2025-10-08,HAIN,1.43,1.45,1.39,1.42,1538329
2025-10-07,HAIN,1.49,1.49,1.42,1.43,1987244
2025-12-05,SOHO,2.17,2.19,2.17,2.17,59100
2025-12-04,SOHO,2.17,2.18,2.17,2.18,38339
2025-12-03,SOHO,2.18,2.19,2.17,2.17,114136
2025-12-02,SOHO,2.17,2.18,2.17,2.18,70200
2025-12-01,SOHO,2.16,2.17,2.16,2.16,24807
2025-11-28,SOHO,2.17,2.18,2.16,2.16,11500
2025-11-26,SOHO,2.17,2.18,2.16,2.16,61700
2025-11-25,SOHO,2.16,2.18,2.16,2.17,20611
2025-11-24,SOHO,2.15,2.17,2.15,2.17,44908
2025-11-21,SOHO,2.16,2.17,2.15,2.17,76043
2025-11-20,SOHO,2.15,2.17,2.15,2.15,79700
2025-11-19,SOHO,2.16,2.16,2.15,2.16,151106
2025-11-18,SOHO,2.15,2.16,2.15,2.16,172900
2025-11-17,SOHO,2.16,2.17,2.15,2.15,566090
2025-11-14,SOHO,2.16,2.18,2.15,2.16,630800
2025-11-13,SOHO,2.15,2.17,2.15,2.16,158071
2025-11-12,SOHO,2.15,2.17,2.15,2.15,349109
2025-11-11,SOHO,2.16,2.16,2.15,2.16,172914
2025-11-10,SOHO,2.15,2.17,2.15,2.16,541293
2025-11-07,SOHO,2.15,2.17,2.15,2.15,280727
2025-11-06,SOHO,2.14,2.17,2.14,2.15,424659
2025-11-05,SOHO,2.15,2.16,2.14,2.14,596310
2025-11-04,SOHO,2.14,2.15,2.14,2.15,120481
2025-11-03,SOHO,2.12,2.15,2.12,2.13,601200
2025-10-31,SOHO,2.12,2.13,2.12,2.12,293604
2025-10-30,SOHO,2.12,2.13,2.12,2.12,407010
2025-10-29,SOHO,2.14,2.14,2.11,2.13,1110251
2025-10-28,SOHO,2.14,2.15,2.13,2.14,1206700
2025-10-27,SOHO,2.13,2.15,2.12,2.15,10532700
2025-10-24,SOHO,0.90315,0.9239,0.8812,0.8903,16226
2025-10-23,SOHO,0.872,0.94,0.872,0.9218,70138
2025-10-22,SOHO,0.8683,0.8998,0.8683,0.8742,25200
2025-10-21,SOHO,0.8723,0.91645,0.872,0.8848,98710
2025-10-20,SOHO,0.8712,0.91485,0.8712,0.874,43980
2025-10-17,SOHO,0.8915,0.9342,0.8723,0.8878,84628
2025-10-16,SOHO,0.9115,0.93,0.8737,0.8907,60711
2025-10-15,SOHO,0.9312,0.9499,0.9004,0.9105,27943
2025-10-14,SOHO,0.87,0.9598,0.87,0.9497,132530
2025-10-13,SOHO,0.84,0.89,0.83,0.8862,338704
2025-10-10,SOHO,0.8012,0.8265,0.79,0.792,83300
2025-10-09,SOHO,0.8191,0.8227,0.7928,0.8051,9700
2025-10-08,SOHO,0.8101,0.8119,0.7909,0.7942,95424
2025-10-07,SOHO,0.8146,0.8396,0.8141,0.8154,12600
2025-12-05,SPWH,1.96,1.96,1.6,1.72,7325035
2025-12-04,SPWH,2.44,2.56,2.35,2.45,1274300
2025-12-03,SPWH,2.29,2.43,2.27,2.41,313535
2025-12-02,SPWH,2.39,2.47,2.27,2.3,434248
2025-12-01,SPWH,2.23,2.44,2.22,2.39,877117
2025-11-28,SPWH,2.15,2.24,2.1,2.23,166700
2025-11-26,SPWH,2.08,2.23,2.08,2.13,325200
2025-11-25,SPWH,1.97,2.13,1.97,2.08,231200
2025-11-24,SPWH,1.9,1.98,1.87,1.96,189500
2025-11-21,SPWH,1.79,1.94,1.75,1.9,156300
2025-11-20,SPWH,1.84,1.9,1.76,1.77,381000
2025-11-19,SPWH,1.88,1.91,1.79,1.81,500836
2025-11-18,SPWH,1.91,1.97,1.85,1.88,291348
2025-11-17,SPWH,2.01,2.02,1.9,1.9,262700
2025-11-14,SPWH,2.01,2.03,1.97,2.0,114709
2025-11-13,SPWH,2.07,2.09,1.96,2.03,559061
2025-11-12,SPWH,2.2,2.23,2.07,2.08,272800
2025-11-11,SPWH,2.11,2.19,2.09,2.18,176942
2025-11-10,SPWH,2.04,2.23,2.04,2.11,327242
2025-11-07,SPWH,2.1,2.1,1.99,2.02,580147
2025-11-06,SPWH,2.32,2.32,2.04,2.1,717738
2025-11-05,SPWH,2.29,2.37,2.29,2.33,207300
2025-11-04,SPWH,2.35,2.35,2.26,2.28,300700
2025-11-03,SPWH,2.48,2.48,2.36,2.37,159772
2025-10-31,SPWH,2.45,2.51,2.4,2.47,271914
2025-10-30,SPWH,2.6,2.62,2.4,2.46,564222
2025-10-29,SPWH,2.8,2.8,2.62,2.63,462434
2025-10-28,SPWH,2.71,2.82,2.7,2.8,130488
2025-10-27,SPWH,2.72,2.76,2.65,2.71,184500
2025-10-24,SPWH,2.74,2.79,2.65,2.66,197400
2025-10-23,SPWH,2.65,2.78,2.65,2.71,92016
2025-10-22,SPWH,2.74,2.79,2.62,2.64,220662
2025-10-21,SPWH,2.77,2.85,2.73,2.75,119200
2025-10-20,SPWH,2.84,2.87,2.74,2.77,124710
2025-10-17,SPWH,2.79,2.82,2.69,2.8,332300
2025-10-16,SPWH,2.97,2.97,2.77,2.78,168800
2025-10-15,SPWH,2.9,3.01,2.89,2.98,161304
2025-10-14,SPWH,2.72,2.85,2.69,2.84,419800
2025-10-13,SPWH,2.81,2.88,2.73,2.78,279234
2025-10-10,SPWH,2.9,2.97,2.77,2.78,290800
2025-10-09,SPWH,3.1,3.11,2.86,2.91,369796
2025-10-08,SPWH,3.2,3.31,3.02,3.08,555920
2025-10-07,SPWH,3.23,3.35,3.07,3.19,595937
2025-12-05,HUSA,2.19,2.26,2.12,2.16,388990
2025-12-04,HUSA,2.26,2.26,2.08,2.14,509700
2025-12-03,HUSA,2.1,2.34,2.05,2.27,411513
2025-12-02,HUSA,2.15,2.18,1.96,2.12,623810
2025-12-01,HUSA,2.19,2.3,2.05,2.22,508756
2025-11-28,HUSA,2.27,2.35,2.15,2.2,212523
2025-11-26,HUSA,2.6,2.64,2.21,2.25,558600
2025-11-25,HUSA,2.82,2.83,2.52,2.53,261419
2025-11-24,HUSA,2.94,2.96,2.73,2.86,210600
2025-11-21,HUSA,3.56,3.6,2.74,3.02,452957
2025-11-20,HUSA,3.77,3.97,3.5,3.53,646723
2025-11-19,HUSA,5.17,5.21,4.86,4.95,55744
2025-11-18,HUSA,4.97,5.37,4.92,5.23,93336
2025-11-17,HUSA,5.37,5.44,4.91,4.96,109971
2025-11-14,HUSA,5.32,5.51,5.2,5.36,202900
2025-11-13,HUSA,5.28,5.56,5.21,5.34,122400
2025-11-12,HUSA,5.25,5.6,5.18,5.26,122380
2025-11-11,HUSA,5.34,5.63,5.27,5.37,102730
2025-11-10,HUSA,5.01,5.35,4.94,5.34,119200
2025-11-07,HUSA,4.9,5.16,4.9,5.0,106310
2025-11-06,HUSA,5.03,5.1,4.8,4.97,101700
2025-11-05,HUSA,4.94,5.07,4.8,5.01,114496
2025-11-04,HUSA,5.18,5.2,4.79,4.84,267200
2025-11-03,HUSA,5.65,5.65,5.28,5.33,127700
2025-10-31,HUSA,5.1,5.8,5.08,5.79,381340
2025-10-30,HUSA,5.2,5.2,4.95,5.0,137300
2025-10-29,HUSA,5.2,5.62,5.11,5.26,306900
2025-10-28,HUSA,5.5,5.52,5.15,5.2,248424
2025-10-27,HUSA,5.72,5.89,5.6,5.62,98700
2025-10-24,HUSA,5.99,6.01,5.62,5.66,248700
2025-10-23,HUSA,6.4,6.7,5.77,5.98,989929
2025-10-22,HUSA,5.59,5.95,5.3,5.72,611800
2025-10-21,HUSA,5.51,5.64,5.25,5.51,131530
2025-10-20,HUSA,5.25,5.54,5.1,5.43,88503
2025-10-17,HUSA,5.31,5.42,5.14,5.17,85944
2025-10-16,HUSA,5.65,5.73,5.31,5.36,91700
2025-10-15,HUSA,5.77,5.82,5.58,5.6,97700
2025-10-14,HUSA,5.68,5.88,5.52,5.77,91763
2025-10-13,HUSA,5.73,5.84,5.57,5.78,118104
2025-10-10,HUSA,6.07,6.07,5.5,5.6,246900
2025-10-09,HUSA,6.21,6.33,6.08,6.1,109019
2025-10-08,HUSA,6.25,6.37,6.11,6.16,85601
2025-10-07,HUSA,6.22,6.3,6.13,6.25,89200
2025-12-05,BCBP,8.08,8.12,8.05,8.06,55300
2025-12-04,BCBP,8.23,8.25,8.11,8.13,77636
2025-12-03,BCBP,8.04,8.25,8.04,8.25,81000
2025-12-02,BCBP,8.11,8.11,8.01,8.01,44819
2025-12-01,BCBP,8.02,8.11,7.98,8.06,72547
2025-11-28,BCBP,8.07,8.07,7.92,7.99,50200
2025-11-26,BCBP,8.01,8.06,7.85,8.0,115425
2025-11-25,BCBP,7.88,8.12,7.88,8.06,82500
2025-11-24,BCBP,7.83,7.89,7.71,7.82,70123
2025-11-21,BCBP,7.54,7.93,7.54,7.77,117100
2025-11-20,BCBP,7.53,7.7,7.53,7.53,83900
2025-11-19,BCBP,7.56,7.62,7.51,7.53,61100
2025-11-18,BCBP,7.45,7.64,7.41,7.55,79200
2025-11-17,BCBP,7.7,7.71,7.43,7.45,112900
2025-11-14,BCBP,7.66,7.72,7.61,7.69,85400
2025-11-13,BCBP,7.66,7.76,7.62,7.68,83676
2025-11-12,BCBP,7.76,7.89,7.66,7.67,79600
2025-11-11,BCBP,7.73,7.8,7.7,7.79,88800
2025-11-10,BCBP,7.8,7.8,7.61,7.73,70400
2025-11-07,BCBP,7.66,7.78,7.65,7.76,109913
2025-11-06,BCBP,7.81,7.9,7.66,7.67,65359
2025-11-05,BCBP,7.77,7.89,7.76,7.79,55317
2025-11-04,BCBP,7.79,7.87,7.75,7.77,104743
2025-11-03,BCBP,7.95,7.95,7.79,7.82,71435
2025-10-31,BCBP,7.95,7.97,7.82,7.94,90349
2025-10-30,BCBP,8.03,8.1,7.91,7.99,100100
2025-10-29,BCBP,8.15,8.15,7.77,7.92,92200
2025-10-28,BCBP,8.46,8.46,8.15,8.16,66913
2025-10-27,BCBP,8.23,8.68,8.17,8.38,119400
2025-10-24,BCBP,7.97,8.21,7.94,8.21,64900
2025-10-23,BCBP,7.98,8.04,7.87,7.88,72949
2025-10-22,BCBP,8.1,8.18,7.96,7.98,90416
2025-10-21,BCBP,8.02,8.09,7.95,8.07,70276
2025-10-20,BCBP,7.95,8.07,7.87,8.06,54632
2025-10-17,BCBP,7.86,8.06,7.85,7.92,68220
2025-10-16,BCBP,8.09,8.18,7.71,7.83,89844
2025-10-15,BCBP,8.17,8.2,8.03,8.1,74600
2025-10-14,BCBP,7.9,8.13,7.86,8.12,73600
2025-10-13,BCBP,8.02,8.17,7.92,8.0,71300
2025-10-10,BCBP,8.2,8.28,7.92,7.94,62906
2025-10-09,BCBP,8.3,8.3,8.19,8.2,52310
2025-10-08,BCBP,8.44,8.44,8.28,8.34,39900
2025-10-07,BCBP,8.47,8.57,8.42,8.44,41404
2025-12-05,CHPG,10.17,10.17,10.17,10.17,5060
2025-12-04,CHPG,10.18,10.18,10.18,10.18,5110
2025-12-03,CHPG,10.15,10.15,10.15,10.15,106
2025-12-02,CHPG,10.16,10.16,10.16,10.16,0
2025-12-01,CHPG,10.16,10.16,10.16,10.16,22
2025-11-28,CHPG,10.16,10.16,10.16,10.16,2
2025-11-26,CHPG,10.16,10.16,10.16,10.16,0
2025-11-25,CHPG,10.16,10.16,10.16,10.16,14
2025-11-24,CHPG,10.16,10.16,10.16,10.16,15
2025-11-21,CHPG,10.16,10.16,10.16,10.16,18
2025-11-20,CHPG,10.16,10.16,10.16,10.16,0
2025-11-19,CHPG,10.16,10.16,10.16,10.16,3
2025-11-18,CHPG,10.16,10.16,10.16,10.16,1631
2025-11-17,CHPG,10.17,10.17,10.17,10.17,0
2025-11-14,CHPG,10.17,10.17,10.17,10.17,0
2025-11-13,CHPG,10.17,10.17,10.17,10.17,0
2025-11-12,CHPG,10.17,10.17,10.17,10.17,1023
2025-11-11,CHPG,10.15,10.16,10.15,10.15,7229
2025-11-10,CHPG,10.13,10.13,10.13,10.13,3
2025-11-07,CHPG,10.13,10.13,10.13,10.13,10
2025-11-06,CHPG,10.13,10.13,10.13,10.13,2
2025-11-05,CHPG,10.13,10.13,10.13,10.13,13
2025-11-04,CHPG,10.13,10.13,10.13,10.13,10020
2025-11-03,CHPG,10.17,10.17,10.17,10.17,200
2025-10-31,CHPG,10.15,10.15,10.15,10.15,20
2025-10-30,CHPG,10.14,10.15,10.14,10.15,9600
2025-10-29,CHPG,10.14,10.15,10.14,10.14,22700
2025-10-28,CHPG,10.13,10.14,10.13,10.14,2474
2025-10-27,CHPG,10.12,10.14,10.11,10.13,100300
2025-10-24,CHPG,10.14,10.14,10.14,10.14,1500
2025-10-23,CHPG,10.13,10.14,10.13,10.13,10304
2025-10-22,CHPG,10.13,10.13,10.13,10.13,1700
2025-10-21,CHPG,10.13,10.13,10.13,10.13,1115
2025-10-20,CHPG,10.13,10.13,10.13,10.13,0
2025-10-17,CHPG,10.13,10.13,10.13,10.13,2
2025-10-16,CHPG,10.13,10.13,10.13,10.13,200
2025-10-15,CHPG,10.12,10.12,10.12,10.12,17300
2025-10-14,CHPG,10.12,10.12,10.12,10.12,0
2025-10-13,CHPG,10.12,10.12,10.12,10.12,0
2025-10-10,CHPG,10.12,10.12,10.12,10.12,7
2025-10-09,CHPG,10.1,10.12,10.1,10.12,10110
2025-10-08,CHPG,10.06,10.06,10.06,10.06,0
2025-10-07,CHPG,10.06,10.06,10.06,10.06,900
2025-12-05,FATE,1.08,1.12,1.06,1.08,739797
2025-12-04,FATE,1.07,1.12,1.05,1.1,1414275
2025-12-03,FATE,1.0,1.09,0.9925,1.08,1109589
2025-12-02,FATE,1.04,1.06,1.0,1.0,917100
2025-12-01,FATE,1.14,1.15,1.02,1.03,1411623
2025-11-28,FATE,1.1,1.16,1.1,1.14,772500
2025-11-26,FATE,1.08,1.1,1.05,1.1,754838
2025-11-25,FATE,1.1,1.13,1.04,1.06,939327
2025-11-24,FATE,1.05,1.1,1.05,1.08,915848
2025-11-21,FATE,1.0,1.05,0.9651,1.03,1071125
2025-11-20,FATE,1.06,1.11,0.9937,1.0,1206700
2025-11-19,FATE,0.9815,1.08,0.98,1.05,1538535
2025-11-18,FATE,0.99,1.03,0.9609,1.02,980800
2025-11-17,FATE,0.98,1.06,0.96,0.973,1758200
2025-11-14,FATE,0.985,1.05,0.95,0.964,2845208
2025-11-13,FATE,1.04,1.1,0.98,0.9923,2261100
2025-11-12,FATE,1.11,1.16,1.03,1.04,2016429
2025-11-11,FATE,1.09,1.13,1.06,1.12,790100
2025-11-10,FATE,1.1,1.12,1.05,1.09,1056920
2025-11-07,FATE,1.02,1.1,1.0,1.07,1689829
2025-11-06,FATE,1.08,1.14,1.03,1.04,2586715
2025-11-05,FATE,1.19,1.2,1.08,1.09,3035100
2025-11-04,FATE,1.24,1.31,1.19,1.19,1983900
2025-11-03,FATE,1.39,1.4,1.23,1.26,1921000
2025-10-31,FATE,1.4,1.51,1.34,1.35,1548500
2025-10-30,FATE,1.35,1.38,1.28,1.29,801500
2025-10-29,FATE,1.48,1.49,1.31,1.34,2222328
2025-10-28,FATE,1.53,1.57,1.47,1.49,1604500
2025-10-27,FATE,1.75,1.94,1.49,1.55,8620213
2025-10-24,FATE,1.5,1.7,1.47,1.65,3711100
2025-10-23,FATE,1.5,1.55,1.42,1.52,1088503
2025-10-22,FATE,1.53,1.58,1.44,1.49,1442410
2025-10-21,FATE,1.52,1.56,1.43,1.53,1096307
2025-10-20,FATE,1.5,1.56,1.47,1.54,1065305
2025-10-17,FATE,1.52,1.53,1.45,1.47,1504933
2025-10-16,FATE,1.52,1.65,1.48,1.54,1916600
2025-10-15,FATE,1.51,1.53,1.44,1.53,1824200
2025-10-14,FATE,1.38,1.5,1.3,1.5,2623048
2025-10-13,FATE,1.61,1.63,1.38,1.39,2337000
2025-10-10,FATE,1.63,1.66,1.44,1.64,4325923
2025-10-09,FATE,1.52,1.66,1.43,1.61,6095620
2025-10-08,FATE,1.38,1.51,1.36,1.51,2595600
2025-10-07,FATE,1.4,1.41,1.27,1.39,2593715
2025-12-05,FBIO,2.83,2.87,2.77,2.83,286258
2025-12-04,FBIO,2.66,2.85,2.63,2.75,589401
2025-12-03,FBIO,2.55,2.76,2.49,2.69,633820
2025-12-02,FBIO,2.72,2.72,2.56,2.57,189115
2025-12-01,FBIO,2.82,2.85,2.71,2.72,331200
2025-11-28,FBIO,2.76,2.86,2.76,2.82,243700
2025-11-26,FBIO,2.69,2.78,2.6,2.76,295125
2025-11-25,FBIO,2.54,2.7,2.54,2.69,219631
2025-11-24,FBIO,2.59,2.64,2.5,2.55,308304
2025-11-21,FBIO,2.51,2.61,2.5,2.59,180718
2025-11-20,FBIO,2.62,2.67,2.52,2.53,335544
2025-11-19,FBIO,2.7,2.7,2.55,2.6,326460
2025-11-18,FBIO,2.56,2.76,2.56,2.67,334586
2025-11-17,FBIO,2.65,2.73,2.53,2.61,505143
2025-11-14,FBIO,2.47,2.64,2.45,2.62,435052
2025-11-13,FBIO,2.57,2.58,2.4,2.49,672955
2025-11-12,FBIO,2.68,2.7,2.58,2.62,217700
2025-11-11,FBIO,2.57,2.72,2.55,2.68,233647
2025-11-10,FBIO,2.68,2.7,2.58,2.59,230805
2025-11-07,FBIO,2.49,2.61,2.46,2.61,187130
2025-11-06,FBIO,2.47,2.55,2.43,2.52,286891
2025-11-05,FBIO,2.45,2.53,2.44,2.48,295200
2025-11-04,FBIO,2.41,2.54,2.38,2.47,540500
2025-11-03,FBIO,2.57,2.57,2.39,2.44,533335
2025-10-31,FBIO,2.58,2.65,2.52,2.56,291226
2025-10-30,FBIO,2.52,2.59,2.48,2.57,400347
2025-10-29,FBIO,2.56,2.56,2.48,2.52,380616
2025-10-28,FBIO,2.59,2.59,2.51,2.56,225900
2025-10-27,FBIO,2.53,2.61,2.47,2.57,376700
2025-10-24,FBIO,2.54,2.59,2.5,2.51,366175
2025-10-23,FBIO,2.64,2.65,2.51,2.52,552854
2025-10-22,FBIO,2.75,2.79,2.52,2.54,625425
2025-10-21,FBIO,2.73,2.87,2.71,2.77,386100
2025-10-20,FBIO,2.79,2.82,2.66,2.76,579906
2025-10-17,FBIO,2.72,2.76,2.67,2.7,355240
2025-10-16,FBIO,2.84,2.9,2.7,2.74,728617
2025-10-15,FBIO,2.76,2.84,2.7,2.82,391546
2025-10-14,FBIO,2.7,2.78,2.59,2.73,489626
2025-10-13,FBIO,2.71,2.83,2.7,2.8,416925
2025-10-10,FBIO,2.81,2.83,2.7,2.71,768900
2025-10-09,FBIO,2.87,2.89,2.76,2.8,648833
2025-10-08,FBIO,3.07,3.07,2.89,2.91,651100
2025-10-07,FBIO,3.15,3.24,3.01,3.05,852114
2025-12-05,PEW,3.61,3.61,3.46,3.52,357000
2025-12-04,PEW,3.6,3.64,3.43,3.62,421307
2025-12-03,PEW,3.37,3.59,3.34,3.56,696401
2025-12-02,PEW,3.34,3.41,3.31,3.32,409142
2025-12-01,PEW,3.41,3.43,3.33,3.37,306081
2025-11-28,PEW,3.47,3.54,3.45,3.5,132400
2025-11-26,PEW,3.45,3.53,3.41,3.45,267500
2025-11-25,PEW,3.36,3.52,3.29,3.44,667281
2025-11-24,PEW,3.4,3.51,3.31,3.37,533040
2025-11-21,PEW,3.7,3.75,3.26,3.37,2297200
2025-11-20,PEW,3.68,3.85,3.58,3.63,656100
2025-11-19,PEW,3.92,3.97,3.6,3.65,896421
2025-11-18,PEW,3.71,3.78,3.6,3.71,461739
2025-11-17,PEW,3.72,3.96,3.7,3.76,610210
2025-11-14,PEW,3.83,4.02,3.51,3.78,1034700
2025-11-13,PEW,4.29,4.29,4.07,4.15,598900
2025-11-12,PEW,4.32,4.45,4.28,4.3,319709
2025-11-11,PEW,4.36,4.41,4.28,4.35,433522
2025-11-10,PEW,4.39,4.45,4.29,4.42,351500
2025-11-07,PEW,4.27,4.41,4.17,4.34,367427
2025-11-06,PEW,4.5,4.5,4.3,4.31,354600
2025-11-05,PEW,4.36,4.58,4.33,4.54,287200
2025-11-04,PEW,4.38,4.54,4.3,4.36,401641
2025-11-03,PEW,4.55,4.55,4.43,4.45,278505
2025-10-31,PEW,4.57,4.62,4.45,4.6,265600
2025-10-30,PEW,4.78,4.79,4.52,4.59,489200
2025-10-29,PEW,4.8,5.18,4.74,4.83,1470800
2025-10-28,PEW,4.78,4.9,4.68,4.83,187512
2025-10-27,PEW,4.9,4.97,4.69,4.79,316900
2025-10-24,PEW,4.75,4.88,4.61,4.86,411633
2025-10-23,PEW,4.52,4.71,4.45,4.66,435500
2025-10-22,PEW,4.45,4.57,4.35,4.49,562698
2025-10-21,PEW,4.55,4.58,4.41,4.51,436158
2025-10-20,PEW,4.41,4.63,4.37,4.55,432726
2025-10-17,PEW,4.55,4.65,4.26,4.37,802800
2025-10-16,PEW,4.77,4.84,4.56,4.56,471125
2025-10-15,PEW,4.74,4.85,4.6,4.73,602600
2025-10-14,PEW,4.55,4.72,4.54,4.7,695200
2025-10-13,PEW,4.6,4.67,4.54,4.63,482439
2025-10-10,PEW,4.85,4.87,4.55,4.55,810241
2025-10-09,PEW,4.97,4.98,4.7,4.76,462800
2025-10-08,PEW,4.91,4.92,4.77,4.85,446300
2025-10-07,PEW,5.03,5.07,4.86,4.89,625200
2025-12-05,SOL,1.76,1.82,1.76,1.8,279972
2025-12-04,SOL,1.76,1.76,1.73,1.75,87226
2025-12-03,SOL,1.69,1.76,1.69,1.73,160674
2025-12-02,SOL,1.71,1.73,1.66,1.7,290100
2025-12-01,SOL,1.7,1.73,1.7,1.71,173572
2025-11-28,SOL,1.79,1.79,1.71,1.73,267600
2025-11-26,SOL,1.78,1.79,1.75,1.75,180843
2025-11-25,SOL,1.78,1.79,1.77,1.78,103216
2025-11-24,SOL,1.79,1.82,1.78,1.78,105516
2025-11-21,SOL,1.8,1.82,1.76,1.79,213503
2025-11-20,SOL,1.85,1.85,1.8,1.81,144087
2025-11-19,SOL,1.83,1.84,1.8,1.83,222000
2025-11-18,SOL,1.82,1.88,1.81,1.85,227820
2025-11-17,SOL,1.86,1.86,1.83,1.84,106638
2025-11-14,SOL,1.82,1.86,1.81,1.86,101872
2025-11-13,SOL,1.84,1.85,1.82,1.83,139950
2025-11-12,SOL,1.85,1.87,1.84,1.84,66300
2025-11-11,SOL,1.84,1.88,1.84,1.87,127500
2025-11-10,SOL,1.89,1.9,1.87,1.88,80532
2025-11-07,SOL,1.88,1.89,1.84,1.89,126028
2025-11-06,SOL,1.88,1.9,1.87,1.89,215414
2025-11-05,SOL,1.85,1.88,1.85,1.87,215131
2025-11-04,SOL,1.87,1.89,1.86,1.87,114901
2025-11-03,SOL,1.85,1.88,1.85,1.87,285358
2025-10-31,SOL,1.83,1.87,1.83,1.86,102808
2025-10-30,SOL,1.82,1.85,1.82,1.84,138959
2025-10-29,SOL,1.84,1.86,1.83,1.84,166968
2025-10-28,SOL,1.83,1.86,1.83,1.85,131234
2025-10-27,SOL,1.85,1.86,1.84,1.84,155718
2025-10-24,SOL,1.86,1.87,1.84,1.86,98445
2025-10-23,SOL,1.86,1.87,1.84,1.86,121600
2025-10-22,SOL,1.83,1.87,1.83,1.85,148636
2025-10-21,SOL,1.86,1.87,1.85,1.87,90997
2025-10-20,SOL,1.82,1.86,1.82,1.86,242316
2025-10-17,SOL,1.83,1.84,1.81,1.82,228300
2025-10-16,SOL,1.84,1.86,1.83,1.84,168900
2025-10-15,SOL,1.84,1.87,1.84,1.85,167630
2025-10-14,SOL,1.83,1.86,1.82,1.86,262700
2025-10-13,SOL,1.85,1.86,1.82,1.82,298400
2025-10-10,SOL,1.86,1.88,1.82,1.83,277423
2025-10-09,SOL,1.86,1.88,1.86,1.86,137747
2025-10-08,SOL,1.88,1.88,1.86,1.87,171348
2025-10-07,SOL,1.91,1.92,1.88,1.89,202441
2025-11-03,CFSB,14.25,14.25,14.25,14.25,0
2025-10-31,CFSB,14.25,14.25,14.24,14.25,12400
2025-10-30,CFSB,14.24,14.25,14.24,14.25,37343
2025-10-29,CFSB,14.24,14.24,14.14,14.23,21504
2025-10-28,CFSB,14.23,14.24,14.23,14.24,51846
2025-10-27,CFSB,14.22,14.24,14.22,14.23,14317
2025-10-24,CFSB,14.22,14.23,14.22,14.23,42900
2025-10-23,CFSB,14.22,14.22,14.22,14.22,50545
2025-10-22,CFSB,14.14,14.24,14.14,14.22,57200
2025-10-21,CFSB,14.14,14.14,14.14,14.14,419
2025-10-20,CFSB,14.14,14.14,14.13,14.14,2549
2025-10-17,CFSB,14.13,14.13,14.13,14.13,3
2025-10-16,CFSB,14.13,14.13,14.11,14.13,6400
2025-10-15,CFSB,14.1,14.1,14.1,14.1,3
2025-10-14,CFSB,14.11,14.14,13.93,14.1,10000
2025-10-13,CFSB,14.12,14.12,14.11,14.11,1500
2025-10-10,CFSB,14.11,14.14,14.11,14.12,10200
2025-10-09,CFSB,14.12,14.12,14.12,14.12,3
2025-10-08,CFSB,14.12,14.12,14.12,14.12,2
2025-10-07,CFSB,14.11,14.12,14.11,14.12,708
2025-12-05,PELI,10.14,10.14,10.14,10.14,38400
2025-12-04,PELI,10.12,10.15,10.09,10.14,41800
2025-12-03,PELI,10.13,10.13,10.13,10.13,200
2025-12-02,PELI,10.17,10.17,10.15,10.15,211
2025-12-01,PELI,10.17,10.17,10.17,10.17,115
2025-11-28,PELI,10.12,10.12,10.12,10.12,300
2025-11-26,PELI,10.14,10.14,10.13,10.13,400
2025-11-25,PELI,10.13,10.13,10.13,10.13,2623
2025-11-24,PELI,10.12,10.14,10.12,10.13,2623
2025-11-21,PELI,10.17,10.17,10.13,10.13,9622
2025-11-20,PELI,10.13,10.13,10.13,10.13,1512
2025-11-19,PELI,10.14,10.14,10.13,10.14,2501
2025-11-18,PELI,10.12,10.13,10.12,10.13,1200
2025-11-17,PELI,10.17,10.18,10.14,10.14,100432
2025-11-14,PELI,10.17,10.17,10.15,10.16,44703
2025-11-13,PELI,10.15,10.15,10.15,10.15,1318
2025-11-12,PELI,10.18,10.19,10.18,10.18,160710
2025-11-11,PELI,10.17,10.19,10.17,10.17,221800
2025-11-10,PELI,10.14,10.17,10.14,10.17,128125
2025-11-07,PELI,10.15,10.19,10.15,10.18,178544
2025-11-06,PELI,10.14,10.15,10.13,10.15,25000
2025-11-05,PELI,10.13,10.13,10.13,10.13,1143
2025-11-04,PELI,10.12,10.12,10.12,10.12,3614
2025-11-03,PELI,10.11,10.12,10.11,10.11,4800
2025-10-31,PELI,10.12,10.12,10.11,10.11,17700
2025-10-30,PELI,10.08,10.09,10.08,10.09,7843
2025-10-29,PELI,10.1,10.1,10.1,10.1,2
2025-10-28,PELI,10.12,10.12,10.09,10.1,4734
2025-10-27,PELI,10.09,10.12,10.09,10.12,8114
2025-10-24,PELI,10.1,10.11,10.1,10.11,700
2025-10-23,PELI,10.1,10.11,10.1,10.11,429
2025-10-22,PELI,10.11,10.12,10.11,10.11,75914
2025-10-21,PELI,10.09,10.11,10.09,10.11,1600
2025-10-20,PELI,10.09,10.11,10.09,10.1,38120
2025-10-17,PELI,10.09,10.11,10.09,10.11,13346
2025-10-16,PELI,10.09,10.11,10.09,10.11,5500
2025-10-15,PELI,10.09,10.09,10.08,10.09,10816
2025-10-14,PELI,10.09,10.11,10.07,10.1,25900
2025-10-13,PELI,10.06,10.06,10.06,10.06,300
2025-10-10,PELI,10.09,10.09,10.06,10.09,2318
2025-10-09,PELI,10.06,10.06,10.06,10.06,5180
2025-10-08,PELI,10.07,10.07,10.06,10.06,5300
2025-10-07,PELI,10.07,10.08,10.07,10.08,11404
2025-12-05,IZEA,5.0,5.06,4.82,4.91,142500
2025-12-04,IZEA,4.97,5.15,4.94,5.02,70100
2025-12-03,IZEA,4.84,5.02,4.84,5.01,43000
2025-12-02,IZEA,4.95,5.0,4.84,4.84,80248
2025-12-01,IZEA,5.01,5.13,4.95,4.95,50700
2025-11-28,IZEA,4.97,5.1,4.97,5.03,34029
2025-11-26,IZEA,5.04,5.09,4.96,4.96,120107
2025-11-25,IZEA,4.93,5.1,4.9,5.04,93100
2025-11-24,IZEA,5.13,5.16,4.83,4.92,288325
2025-11-21,IZEA,4.85,5.15,4.82,5.12,215481
2025-11-20,IZEA,5.12,5.34,4.78,4.81,107200
2025-11-19,IZEA,5.24,5.47,5.02,5.03,158243
2025-11-18,IZEA,4.98,5.5,4.98,5.25,218630
2025-11-17,IZEA,5.12,5.21,4.85,5.02,274302
2025-11-14,IZEA,4.77,5.29,4.77,5.22,321700
2025-11-13,IZEA,4.64,5.1,4.31,4.89,627800
2025-11-12,IZEA,5.23,5.25,4.7,4.97,253900
2025-11-11,IZEA,5.12,5.35,5.06,5.3,125152
2025-11-10,IZEA,5.19,5.29,5.0,5.09,124605
2025-11-07,IZEA,4.88,5.23,4.8,5.14,133100
2025-11-06,IZEA,4.91,5.06,4.83,4.89,79100
2025-11-05,IZEA,4.79,5.09,4.72,4.95,146300
2025-11-04,IZEA,5.0,5.13,4.75,4.79,242754
2025-11-03,IZEA,5.15,5.29,5.09,5.21,43100
2025-10-31,IZEA,5.13,5.27,5.03,5.15,112600
2025-10-30,IZEA,5.18,5.3,5.05,5.05,102900
2025-10-29,IZEA,5.16,5.37,5.16,5.24,86400
2025-10-28,IZEA,5.28,5.55,5.15,5.17,211600
2025-10-27,IZEA,5.48,5.6,5.21,5.27,174509
2025-10-24,IZEA,5.24,5.6,5.24,5.43,165650
2025-10-23,IZEA,5.2,5.37,5.15,5.24,200046
2025-10-22,IZEA,5.26,5.35,5.1,5.1,177500
2025-10-21,IZEA,5.45,5.45,5.22,5.27,135410
2025-10-20,IZEA,5.77,5.78,5.35,5.45,182605
2025-10-17,IZEA,5.25,5.7,5.25,5.6,311029
2025-10-16,IZEA,5.81,5.86,5.2,5.32,397000
2025-10-15,IZEA,5.16,5.79,5.15,5.7,511316
2025-10-14,IZEA,5.08,5.22,4.95,5.1,400504
2025-10-13,IZEA,4.9,5.14,4.68,5.04,872600
2025-10-10,IZEA,3.9,5.25,3.86,4.9,1832700
2025-10-09,IZEA,3.93,3.97,3.87,3.9,22209
2025-10-08,IZEA,3.95,4.04,3.82,3.97,53632
2025-10-07,IZEA,4.02,4.09,3.75,3.94,59300
2025-12-05,CNTX,1.04,1.07,1.03,1.05,163100
2025-12-04,CNTX,1.09,1.1,1.0,1.03,1568900
2025-12-03,CNTX,1.06,1.1,1.02,1.09,421676
2025-12-02,CNTX,1.1,1.12,1.04,1.06,756210
2025-12-01,CNTX,1.13,1.16,1.07,1.07,142508
2025-11-28,CNTX,1.17,1.18,1.12,1.12,94600
2025-11-26,CNTX,1.12,1.17,1.08,1.13,932145
2025-11-25,CNTX,1.14,1.16,1.07,1.12,377952
2025-11-24,CNTX,1.09,1.16,1.03,1.15,354604
2025-11-21,CNTX,1.14,1.14,0.9999,1.09,716534
2025-11-20,CNTX,1.19,1.25,1.1,1.14,545000
2025-11-19,CNTX,1.11,1.2,1.05,1.17,214411
2025-11-18,CNTX,1.14,1.16,1.08,1.08,145910
2025-11-17,CNTX,1.17,1.19,1.13,1.15,191530
2025-11-14,CNTX,1.12,1.19,1.09,1.16,420100
2025-11-13,CNTX,1.17,1.22,1.07,1.15,117836
2025-11-12,CNTX,1.19,1.2,1.15,1.18,61082
2025-11-11,CNTX,1.2,1.2,1.15,1.19,84350
2025-11-10,CNTX,1.16,1.22,1.12,1.2,230500
2025-11-07,CNTX,1.07,1.13,1.04,1.12,198861
2025-11-06,CNTX,1.11,1.14,1.05,1.07,274900
2025-11-05,CNTX,1.11,1.14,1.06,1.13,349005
2025-11-04,CNTX,1.07,1.15,1.04,1.11,277746
2025-11-03,CNTX,1.1,1.12,1.05,1.08,120295
2025-10-31,CNTX,1.13,1.15,1.05,1.09,217995
2025-10-30,CNTX,1.15,1.18,1.13,1.13,162900
2025-10-29,CNTX,1.18,1.18,1.11,1.15,189300
2025-10-28,CNTX,1.25,1.26,1.16,1.17,520002
2025-10-27,CNTX,1.25,1.34,1.23,1.23,1003700
2025-10-24,CNTX,1.3,1.35,1.24,1.26,110842
2025-10-23,CNTX,1.2,1.29,1.2,1.28,155800
2025-10-22,CNTX,1.26,1.31,1.19,1.21,211500
2025-10-21,CNTX,1.36,1.37,1.22,1.27,366606
2025-10-20,CNTX,1.51,1.51,1.33,1.37,1483943
2025-10-17,CNTX,1.3,1.45,1.27,1.44,659727
2025-10-16,CNTX,1.36,1.43,1.23,1.26,904047
2025-10-15,CNTX,1.38,1.44,1.34,1.34,745493
2025-10-14,CNTX,1.4,1.46,1.35,1.38,429355
2025-10-13,CNTX,1.44,1.52,1.37,1.41,425977
2025-10-10,CNTX,1.47,1.55,1.35,1.4,933731
2025-10-09,CNTX,1.16,1.44,1.16,1.4,749620
2025-10-08,CNTX,1.17,1.22,1.14,1.14,237500
2025-10-07,CNTX,1.23,1.28,1.09,1.13,451200
2025-12-05,DTSQ,10.73,10.73,10.67,10.72,1900
2025-12-04,DTSQ,10.69,10.73,10.69,10.73,700
2025-12-03,DTSQ,10.76,10.76,10.76,10.76,200
2025-12-02,DTSQ,10.65,10.68,10.64,10.67,3500
2025-12-01,DTSQ,10.64,10.64,10.64,10.64,1000
2025-11-28,DTSQ,10.79,10.79,10.79,10.79,200
2025-11-26,DTSQ,10.79,10.79,10.79,10.79,113
2025-11-25,DTSQ,10.79,10.79,10.79,10.79,232
2025-11-24,DTSQ,10.78,10.78,10.78,10.78,200
2025-11-21,DTSQ,10.7,10.71,10.65,10.65,39400
2025-11-20,DTSQ,10.65,10.67,10.65,10.66,25200
2025-11-19,DTSQ,10.78,10.78,10.78,10.78,13
2025-11-18,DTSQ,10.78,10.78,10.78,10.78,200
2025-11-17,DTSQ,10.76,10.76,10.69,10.7,2430
2025-11-14,DTSQ,10.6,10.6,10.6,10.6,3600
2025-11-13,DTSQ,10.75,10.75,10.6,10.6,3600
2025-11-12,DTSQ,10.75,10.75,10.75,10.75,14
2025-11-11,DTSQ,10.75,10.75,10.75,10.75,400
2025-11-10,DTSQ,10.85,10.85,10.85,10.85,907
2025-11-07,DTSQ,10.85,10.85,10.85,10.85,900
2025-11-06,DTSQ,10.85,10.85,10.85,10.85,187
2025-11-05,DTSQ,10.85,10.85,10.85,10.85,1200
2025-11-04,DTSQ,10.76,10.76,10.76,10.76,445
2025-11-03,DTSQ,10.77,10.77,10.67,10.67,1300
2025-10-31,DTSQ,10.72,10.75,10.72,10.75,9300
2025-10-30,DTSQ,10.68,10.68,10.68,10.68,120
2025-10-29,DTSQ,10.69,10.92,10.69,10.86,4600
2025-10-28,DTSQ,10.61,11.04,10.61,10.69,10547
2025-10-27,DTSQ,10.54,10.57,10.5,10.57,278800
2025-10-24,DTSQ,10.48,10.48,10.48,10.48,303
2025-10-23,DTSQ,10.59,10.59,10.59,10.59,600
2025-10-22,DTSQ,10.52,10.52,10.52,10.52,98
2025-10-21,DTSQ,10.51,10.52,10.49,10.52,2625
2025-10-20,DTSQ,10.48,10.48,10.48,10.48,239
2025-10-17,DTSQ,10.48,10.48,10.48,10.48,300
2025-10-16,DTSQ,10.48,10.48,10.48,10.48,57
2025-10-15,DTSQ,10.48,10.48,10.48,10.48,1
2025-10-14,DTSQ,10.48,10.48,10.48,10.48,0
2025-10-13,DTSQ,10.52,10.63,10.48,10.48,4801
2025-10-10,DTSQ,10.47,10.47,10.47,10.47,1
2025-10-09,DTSQ,10.47,10.47,10.47,10.47,30
2025-10-08,DTSQ,10.47,10.47,10.47,10.47,10
2025-10-07,DTSQ,10.47,10.47,10.47,10.47,1503
2025-12-05,LUCD,1.08,1.08,1.02,1.03,714128
2025-12-04,LUCD,1.04,1.07,1.03,1.06,655710
2025-12-03,LUCD,1.01,1.04,0.9923,1.04,738609
2025-12-02,LUCD,1.03,1.04,1.01,1.01,491332
2025-12-01,LUCD,1.05,1.08,1.01,1.01,534872
2025-11-28,LUCD,1.06,1.1,1.05,1.06,387002
2025-11-26,LUCD,1.07,1.08,1.04,1.07,757235
2025-11-25,LUCD,1.06,1.1,1.03,1.09,1034283
2025-11-24,LUCD,1.06,1.08,1.03,1.06,638293
2025-11-21,LUCD,1.01,1.07,1.0,1.06,1099116
2025-11-20,LUCD,1.04,1.07,1.01,1.02,878800
2025-11-19,LUCD,1.06,1.07,1.02,1.02,523900
2025-11-18,LUCD,1.07,1.08,1.04,1.05,524436
2025-11-17,LUCD,1.05,1.1,1.05,1.07,639200
2025-11-14,LUCD,1.05,1.09,1.04,1.07,677509
2025-11-13,LUCD,1.11,1.12,1.06,1.07,682900
2025-11-12,LUCD,1.04,1.14,1.04,1.11,943700
2025-11-11,LUCD,1.07,1.09,1.03,1.04,533900
2025-11-10,LUCD,1.09,1.09,1.05,1.05,328024
2025-11-07,LUCD,1.08,1.11,1.06,1.08,436272
2025-11-06,LUCD,1.09,1.12,1.06,1.07,524400
2025-11-05,LUCD,1.12,1.13,1.06,1.09,672414
2025-11-04,LUCD,1.19,1.2,1.09,1.11,861037
2025-11-03,LUCD,1.2,1.23,1.19,1.21,529840
2025-10-31,LUCD,1.2,1.22,1.19,1.21,504523
2025-10-30,LUCD,1.23,1.25,1.19,1.2,477120
2025-10-29,LUCD,1.26,1.28,1.23,1.25,843400
2025-10-28,LUCD,1.28,1.28,1.24,1.27,637352
2025-10-27,LUCD,1.28,1.29,1.25,1.26,637100
2025-10-24,LUCD,1.25,1.29,1.23,1.28,726800
2025-10-23,LUCD,1.2,1.23,1.19,1.23,584838
2025-10-22,LUCD,1.23,1.23,1.19,1.22,535023
2025-10-21,LUCD,1.24,1.26,1.19,1.21,825100
2025-10-20,LUCD,1.21,1.27,1.19,1.25,890800
2025-10-17,LUCD,1.23,1.23,1.17,1.18,599345
2025-10-16,LUCD,1.25,1.27,1.19,1.23,800700
2025-10-15,LUCD,1.2,1.27,1.19,1.26,1286700
2025-10-14,LUCD,1.18,1.21,1.15,1.19,757400
2025-10-13,LUCD,1.16,1.27,1.14,1.18,1272500
2025-10-10,LUCD,1.23,1.25,1.15,1.15,1857700
2025-10-09,LUCD,1.22,1.25,1.2,1.23,1582200
2025-10-08,LUCD,1.06,1.23,1.06,1.22,3958813
2025-10-07,LUCD,1.04,1.06,1.02,1.05,2518800
2025-12-05,NEOV,3.84,3.94,3.58,3.72,394883
2025-12-04,NEOV,4.14,4.2,3.81,3.87,187500
2025-12-03,NEOV,3.86,4.2,3.86,4.15,172321
2025-12-02,NEOV,3.85,4.12,3.85,3.85,129800
2025-12-01,NEOV,4.16,4.16,3.86,3.87,111722
2025-11-28,NEOV,3.95,4.1,3.94,4.06,88128
2025-11-26,NEOV,3.63,4.05,3.63,3.97,252955
2025-11-25,NEOV,3.92,4.0,3.56,3.64,325015
2025-11-24,NEOV,4.32,4.5,3.86,3.9,309683
2025-11-21,NEOV,4.52,4.56,4.18,4.31,209521
2025-11-20,NEOV,5.17,5.3,4.41,4.49,277775
2025-11-19,NEOV,4.87,5.25,4.87,5.16,287400
2025-11-18,NEOV,4.98,5.08,4.72,4.88,215904
2025-11-17,NEOV,4.8,5.09,4.69,5.05,263020
2025-11-14,NEOV,4.99,5.18,4.77,4.85,433737
2025-11-13,NEOV,4.95,5.05,4.72,5.01,382400
2025-11-12,NEOV,4.87,4.95,4.64,4.89,282613
2025-11-11,NEOV,4.35,4.86,4.26,4.79,649818
2025-11-10,NEOV,4.24,4.39,4.12,4.2,246600
2025-11-07,NEOV,4.04,4.32,3.96,4.24,304000
2025-11-06,NEOV,4.16,4.22,3.92,4.03,389300
2025-11-05,NEOV,4.15,4.29,4.08,4.16,287327
2025-11-04,NEOV,4.49,4.58,3.93,3.98,464509
2025-11-03,NEOV,4.41,4.6,4.14,4.54,789500
2025-10-31,NEOV,4.17,4.47,4.13,4.4,345541
2025-10-30,NEOV,4.11,4.37,3.94,4.03,188500
2025-10-29,NEOV,4.18,4.43,4.05,4.14,594200
2025-10-28,NEOV,4.05,4.47,4.05,4.19,236211
2025-10-27,NEOV,4.23,4.34,4.0,4.04,184300
2025-10-24,NEOV,4.19,4.33,4.13,4.19,246943
2025-10-23,NEOV,4.49,4.49,3.87,4.19,691748
2025-10-22,NEOV,4.09,4.26,3.83,4.0,485673
2025-10-21,NEOV,4.23,4.37,4.06,4.14,253112
2025-10-20,NEOV,4.4,4.58,4.22,4.25,218242
2025-10-17,NEOV,4.32,4.42,4.16,4.33,207043
2025-10-16,NEOV,5.01,5.24,4.25,4.31,462215
2025-10-15,NEOV,5.66,5.88,4.92,4.99,389000
2025-10-14,NEOV,5.38,5.59,5.11,5.51,384302
2025-10-13,NEOV,5.5,5.74,5.32,5.37,296000
2025-10-10,NEOV,6.03,6.03,5.3,5.43,387300
2025-10-09,NEOV,5.99,6.19,5.78,6.06,458415
2025-10-08,NEOV,5.8,6.15,5.61,5.89,557241
2025-10-07,NEOV,5.33,5.73,5.16,5.72,719500
2025-12-05,PROP,1.82,1.88,1.78,1.79,707363
2025-12-04,PROP,1.8,1.84,1.76,1.84,704404
2025-12-03,PROP,1.72,1.81,1.67,1.81,1215600
2025-12-02,PROP,1.79,1.81,1.7,1.7,1203208
2025-12-01,PROP,1.92,1.92,1.77,1.78,1437012
2025-11-28,PROP,1.82,1.9,1.81,1.87,652400
2025-11-26,PROP,1.8,1.82,1.76,1.81,692420
2025-11-25,PROP,1.78,1.8,1.73,1.79,635200
2025-11-24,PROP,1.75,1.79,1.7,1.77,978231
2025-11-21,PROP,1.67,1.77,1.65,1.75,1328100
2025-11-20,PROP,1.73,1.75,1.66,1.67,1828097
2025-11-19,PROP,1.82,1.82,1.7,1.72,1042500
2025-11-18,PROP,1.74,1.83,1.73,1.81,1020852
2025-11-17,PROP,1.72,1.93,1.72,1.75,1698779
2025-11-14,PROP,1.67,1.77,1.67,1.74,1873200
2025-11-13,PROP,1.74,1.74,1.67,1.72,1159348
2025-11-12,PROP,1.85,1.87,1.72,1.72,1361733
2025-11-11,PROP,1.87,1.89,1.83,1.85,775535
2025-11-10,PROP,1.92,1.93,1.85,1.86,992431
2025-11-07,PROP,1.84,1.93,1.75,1.92,837226
2025-11-06,PROP,1.84,1.89,1.81,1.84,957623
2025-11-05,PROP,1.88,1.93,1.83,1.83,1040400
2025-11-04,PROP,1.88,1.92,1.81,1.91,1775813
2025-11-03,PROP,2.04,2.04,1.88,1.91,1555100
2025-10-31,PROP,2.01,2.1,1.96,2.05,1173200
2025-10-30,PROP,1.96,2.05,1.92,1.99,1081344
2025-10-29,PROP,2.0,2.07,1.96,1.97,1451100
2025-10-28,PROP,2.07,2.08,1.95,1.99,1621439
2025-10-27,PROP,2.21,2.25,2.07,2.07,3111811
2025-10-24,PROP,1.93,2.18,1.91,2.11,4488500
2025-10-23,PROP,1.78,1.97,1.77,1.95,1974400
2025-10-22,PROP,1.85,1.85,1.7,1.75,1680600
2025-10-21,PROP,1.81,1.89,1.77,1.85,1163800
2025-10-20,PROP,1.78,1.84,1.76,1.81,1711740
2025-10-17,PROP,1.66,1.77,1.64,1.76,1421500
2025-10-16,PROP,1.82,1.82,1.67,1.67,1977623
2025-10-15,PROP,1.9,1.94,1.77,1.77,1879542
2025-10-14,PROP,1.8,1.94,1.77,1.89,1591100
2025-10-13,PROP,1.84,1.87,1.77,1.86,1986901
2025-10-10,PROP,1.95,2.01,1.8,1.8,2531136
2025-10-09,PROP,2.03,2.1,1.91,1.94,2137200
2025-10-08,PROP,2.0,2.02,1.96,2.02,777000
2025-10-07,PROP,2.02,2.05,1.92,1.99,1731800
2025-12-05,ELBM,1.07,1.1,1.0,1.02,925545
2025-12-04,ELBM,1.0,1.06,0.98,1.04,1189400
2025-12-03,ELBM,0.93,1.01,0.93,0.9987,792027
2025-12-02,ELBM,0.96,0.9654,0.9301,0.935,617200
2025-12-01,ELBM,0.98,0.9949,0.9501,0.9558,651507
2025-11-28,ELBM,0.94,1.02,0.93,1.0,994200
2025-11-26,ELBM,0.9815,0.99,0.914,0.935,1061800
2025-11-25,ELBM,0.945,0.98,0.9001,0.9702,1323338
2025-11-24,ELBM,0.8625,0.944,0.8501,0.922,1378800
2025-11-21,ELBM,0.88,0.9,0.836,0.8495,1331801
2025-11-20,ELBM,0.9747,1.01,0.88,0.8888,1420521
2025-11-19,ELBM,0.9,0.95,0.88,0.9459,1216140
2025-11-18,ELBM,0.8689,0.9101,0.8684,0.9,1256818
2025-11-17,ELBM,0.9325,0.958,0.8649,0.87,1533244
2025-11-14,ELBM,0.92,0.9499,0.9,0.9389,2169736
2025-11-13,ELBM,1.03,1.03,0.9514,0.9628,1893426
2025-11-12,ELBM,1.02,1.04,1.0,1.03,1772200
2025-11-11,ELBM,1.06,1.08,1.0,1.03,2406100
2025-11-10,ELBM,1.1,1.15,1.06,1.1,5400024
2025-11-07,ELBM,0.9348,1.06,0.92,1.04,3357815
2025-11-06,ELBM,1.02,1.02,0.92,0.9483,4228700
2025-11-05,ELBM,1.08,1.12,1.02,1.05,6484900
2025-11-04,ELBM,1.0,1.04,0.97,0.981,3365240
2025-11-03,ELBM,1.27,1.28,1.01,1.04,7097700
2025-10-31,ELBM,1.39,1.4,1.24,1.28,3977737
2025-10-30,ELBM,1.45,1.48,1.33,1.4,4683700
2025-10-29,ELBM,1.42,1.52,1.37,1.47,4381124
2025-10-28,ELBM,1.44,1.46,1.35,1.41,3408445
2025-10-27,ELBM,1.53,1.54,1.31,1.5,9032500
2025-10-24,ELBM,1.64,1.65,1.43,1.48,12442240
2025-10-23,ELBM,1.84,1.91,1.56,1.72,22352900
2025-10-22,ELBM,1.5,1.81,1.45,1.66,15440500
2025-10-21,ELBM,1.75,1.81,1.6,1.65,9814100
2025-10-20,ELBM,2.17,2.5,1.88,2.08,11586212
2025-10-17,ELBM,2.64,2.65,1.85,2.22,61264615
2025-10-16,ELBM,2.35,2.45,1.6,1.64,26916300
2025-10-15,ELBM,4.27,4.28,2.17,2.31,25420500
2025-10-14,ELBM,6.22,6.32,4.21,4.71,21283800
2025-10-13,ELBM,3.3,8.7,3.27,7.02,197012300
2025-10-10,ELBM,2.05,2.32,1.64,1.65,3138937
2025-10-09,ELBM,2.07,2.34,1.83,1.89,2769800
2025-10-08,ELBM,1.68,2.39,1.68,2.25,5933016
2025-10-07,ELBM,1.49,1.65,1.48,1.64,3951600
2025-12-05,GCTS,1.46,1.48,1.38,1.42,150139
2025-12-04,GCTS,1.38,1.46,1.38,1.45,96104
2025-12-03,GCTS,1.38,1.43,1.37,1.42,107400
2025-12-02,GCTS,1.36,1.37,1.35,1.37,64009
2025-12-01,GCTS,1.33,1.36,1.33,1.35,76100
2025-11-28,GCTS,1.38,1.38,1.31,1.32,94146
2025-11-26,GCTS,1.32,1.36,1.32,1.32,89400
2025-11-25,GCTS,1.42,1.42,1.28,1.31,166112
2025-11-24,GCTS,1.31,1.35,1.31,1.35,98500
2025-11-21,GCTS,1.32,1.32,1.28,1.31,242331
2025-11-20,GCTS,1.39,1.39,1.28,1.34,204800
2025-11-19,GCTS,1.37,1.38,1.35,1.36,87300
2025-11-18,GCTS,1.3,1.36,1.3,1.36,54200
2025-11-17,GCTS,1.35,1.35,1.3,1.34,198300
2025-11-14,GCTS,1.25,1.35,1.24,1.34,145200
2025-11-13,GCTS,1.41,1.41,1.25,1.27,548800
2025-11-12,GCTS,1.4,1.48,1.36,1.45,333148
2025-11-11,GCTS,1.38,1.4,1.32,1.36,135540
2025-11-10,GCTS,1.41,1.42,1.32,1.35,283378
2025-11-07,GCTS,1.37,1.41,1.32,1.41,132800
2025-11-06,GCTS,1.33,1.39,1.31,1.39,223936
2025-11-05,GCTS,1.34,1.39,1.33,1.33,165542
2025-11-04,GCTS,1.42,1.42,1.32,1.34,343900
2025-11-03,GCTS,1.41,1.45,1.4,1.43,263400
2025-10-31,GCTS,1.49,1.53,1.38,1.45,751200
2025-10-30,GCTS,1.44,1.75,1.43,1.6,2830300
2025-10-29,GCTS,1.44,1.45,1.41,1.44,150500
2025-10-28,GCTS,1.45,1.45,1.42,1.43,76300
2025-10-27,GCTS,1.47,1.47,1.39,1.45,233695
2025-10-24,GCTS,1.44,1.5,1.44,1.47,239200
2025-10-23,GCTS,1.45,1.45,1.42,1.43,84254
2025-10-22,GCTS,1.46,1.48,1.4,1.45,153535
2025-10-21,GCTS,1.42,1.51,1.42,1.48,197049
2025-10-20,GCTS,1.4,1.44,1.36,1.42,487417
2025-10-17,GCTS,1.43,1.47,1.43,1.45,98560
2025-10-16,GCTS,1.5,1.52,1.43,1.45,238806
2025-10-15,GCTS,1.54,1.54,1.42,1.49,327577
2025-10-14,GCTS,1.48,1.55,1.44,1.53,210871
2025-10-13,GCTS,1.42,1.47,1.42,1.47,200806
2025-10-10,GCTS,1.53,1.54,1.41,1.42,243000
2025-10-09,GCTS,1.54,1.55,1.49,1.51,140100
2025-10-08,GCTS,1.5,1.53,1.48,1.53,174300
2025-10-07,GCTS,1.59,1.59,1.44,1.47,297619
2025-12-05,AFCG,2.89,3.0,2.86,2.88,137100
2025-12-04,AFCG,3.0,3.02,2.88,2.89,136147
2025-12-03,AFCG,2.86,2.97,2.86,2.96,276200
2025-12-02,AFCG,2.8,2.95,2.8,2.88,208848
2025-12-01,AFCG,2.9,2.94,2.8,2.8,444020
2025-11-28,AFCG,2.94,2.96,2.85,2.92,94033
2025-11-26,AFCG,2.78,2.93,2.78,2.91,159046
2025-11-25,AFCG,2.74,2.82,2.73,2.82,108700
2025-11-24,AFCG,2.66,2.75,2.64,2.73,202715
2025-11-21,AFCG,2.54,2.78,2.53,2.66,403011
2025-11-20,AFCG,2.75,2.75,2.52,2.53,309171
2025-11-19,AFCG,2.85,2.85,2.69,2.74,260500
2025-11-18,AFCG,3.03,3.06,2.75,2.82,333100
2025-11-17,AFCG,3.1,3.12,3.02,3.02,146058
2025-11-14,AFCG,3.09,3.14,3.05,3.13,99993
2025-11-13,AFCG,3.35,3.35,3.1,3.1,216345
2025-11-12,AFCG,3.25,3.34,3.15,3.26,235614
2025-11-11,AFCG,3.11,3.26,3.11,3.24,180107
2025-11-10,AFCG,3.15,3.19,3.09,3.13,132117
2025-11-07,AFCG,3.11,3.14,3.04,3.12,122300
2025-11-06,AFCG,3.21,3.21,3.04,3.08,190324
2025-11-05,AFCG,3.18,3.25,3.15,3.21,99583
2025-11-04,AFCG,3.2,3.26,3.11,3.18,117740
2025-11-03,AFCG,3.24,3.3,3.12,3.26,210600
2025-10-31,AFCG,3.2,3.29,3.1,3.25,156936
2025-10-30,AFCG,3.27,3.34,3.18,3.2,193600
2025-10-29,AFCG,3.32,3.41,3.28,3.28,150308
2025-10-28,AFCG,3.39,3.42,3.32,3.34,95528
2025-10-27,AFCG,3.4,3.44,3.35,3.4,180804
2025-10-24,AFCG,3.43,3.49,3.35,3.42,116302
2025-10-23,AFCG,3.43,3.44,3.35,3.42,120300
2025-10-22,AFCG,3.44,3.47,3.39,3.43,75700
2025-10-21,AFCG,3.43,3.54,3.39,3.44,99408
2025-10-20,AFCG,3.4,3.49,3.4,3.44,120000
2025-10-17,AFCG,3.36,3.5,3.35,3.39,148700
2025-10-16,AFCG,3.62,3.69,3.4,3.43,164200
2025-10-15,AFCG,3.57,3.77,3.52,3.57,267400
2025-10-14,AFCG,3.31,3.57,3.3,3.55,195540
2025-10-13,AFCG,3.5,3.6,3.2,3.32,609940
2025-10-10,AFCG,3.61,3.64,3.42,3.44,245100
2025-10-09,AFCG,3.76,3.8,3.61,3.61,216500
2025-10-08,AFCG,3.71,3.82,3.7,3.8,89014
2025-10-07,AFCG,3.75,3.78,3.69,3.73,137311
2025-12-05,UAVS,1.34,1.34,1.23,1.26,1826480
2025-12-04,UAVS,1.29,1.39,1.26,1.36,1968400
2025-12-03,UAVS,1.2,1.29,1.16,1.29,1322900
2025-12-02,UAVS,1.18,1.23,1.18,1.19,573100
2025-12-01,UAVS,1.27,1.28,1.18,1.18,1470047
2025-11-28,UAVS,1.32,1.37,1.28,1.32,530241
2025-11-26,UAVS,1.26,1.33,1.24,1.28,1115639
2025-11-25,UAVS,1.26,1.32,1.19,1.27,1130718
2025-11-24,UAVS,1.19,1.26,1.16,1.24,1050633
2025-11-21,UAVS,1.06,1.21,1.05,1.18,1714319
2025-11-20,UAVS,1.14,1.19,1.06,1.06,1618500
2025-11-19,UAVS,1.15,1.2,1.1,1.11,1298800
2025-11-18,UAVS,1.11,1.19,1.07,1.15,1186123
2025-11-17,UAVS,1.26,1.28,1.13,1.14,1359644
2025-11-14,UAVS,1.17,1.28,1.16,1.24,1116240
2025-11-13,UAVS,1.31,1.33,1.18,1.23,1722100
2025-11-12,UAVS,1.38,1.45,1.3,1.33,1918429
2025-11-11,UAVS,1.4,1.42,1.36,1.39,854613
2025-11-10,UAVS,1.4,1.44,1.32,1.41,1502600
2025-11-07,UAVS,1.28,1.39,1.25,1.35,2405900
2025-11-06,UAVS,1.62,1.65,1.29,1.31,3679100
2025-11-05,UAVS,1.64,1.73,1.62,1.7,1175000
2025-11-04,UAVS,1.62,1.74,1.62,1.64,1609208
2025-11-03,UAVS,1.89,1.9,1.75,1.75,1678500
2025-10-31,UAVS,1.83,1.93,1.82,1.91,1493400
2025-10-30,UAVS,1.83,1.92,1.81,1.86,2653334
2025-10-29,UAVS,1.9,1.96,1.81,1.83,2123314
2025-10-28,UAVS,2.01,2.03,1.88,1.9,1863835
2025-10-27,UAVS,2.1,2.13,2.01,2.01,1695500
2025-10-24,UAVS,2.14,2.18,2.04,2.08,2510501
2025-10-23,UAVS,1.99,2.13,1.98,2.1,1799602
2025-10-22,UAVS,2.03,2.09,1.89,1.96,2408800
2025-10-21,UAVS,2.16,2.18,2.0,2.03,2585634
2025-10-20,UAVS,2.17,2.25,2.12,2.18,2860603
2025-10-17,UAVS,2.09,2.13,1.95,2.11,4607500
2025-10-16,UAVS,2.35,2.59,2.14,2.16,5144037
2025-10-15,UAVS,2.57,2.6,2.27,2.34,3526306
2025-10-14,UAVS,2.22,2.51,2.13,2.44,5399921
2025-10-13,UAVS,2.18,2.4,2.1,2.34,4359421
2025-10-10,UAVS,2.31,2.42,2.1,2.1,4276915
2025-10-09,UAVS,2.46,2.63,2.2,2.24,6097800
2025-10-08,UAVS,2.65,2.67,2.4,2.45,3764800
2025-10-07,UAVS,2.89,2.92,2.44,2.61,8447000
2025-12-05,IRBT,3.61,4.95,3.46,3.69,145733679
2025-12-04,IRBT,3.02,3.25,2.83,3.03,37304000
2025-12-03,IRBT,2.17,3.5,2.12,3.39,228605100
2025-12-02,IRBT,1.59,2.1,1.57,1.95,14701103
2025-12-01,IRBT,1.78,2.52,1.62,1.69,40096300
2025-11-28,IRBT,1.71,1.72,1.56,1.58,1212604
2025-11-26,IRBT,1.55,1.68,1.52,1.65,1722716
2025-11-25,IRBT,1.54,1.58,1.47,1.53,1057803
2025-11-24,IRBT,1.5,1.56,1.45,1.56,2165431
2025-11-21,IRBT,1.43,1.55,1.4,1.5,2613211
2025-11-20,IRBT,1.71,1.83,1.4,1.42,3131723
2025-11-19,IRBT,1.78,1.81,1.63,1.65,1991700
2025-11-18,IRBT,1.75,1.88,1.74,1.77,1478236
2025-11-17,IRBT,1.93,2.0,1.76,1.76,2028000
2025-11-14,IRBT,1.92,2.1,1.91,1.95,1579129
2025-11-13,IRBT,2.05,2.05,1.95,1.98,1951300
2025-11-12,IRBT,2.14,2.25,2.06,2.1,2045432
2025-11-11,IRBT,2.23,2.25,2.01,2.14,2992800
2025-11-10,IRBT,2.26,2.45,2.13,2.33,3482500
2025-11-07,IRBT,2.01,2.23,1.92,2.2,4418333
2025-11-06,IRBT,2.73,2.74,2.3,2.32,2580500
2025-11-05,IRBT,2.71,2.74,2.55,2.7,1942600
2025-11-04,IRBT,2.78,2.89,2.68,2.68,1577923
2025-11-03,IRBT,3.2,3.2,2.76,2.89,3014900
2025-10-31,IRBT,3.09,3.18,3.08,3.18,1770739
2025-10-30,IRBT,3.23,3.23,2.94,3.08,3269246
2025-10-29,IRBT,3.07,3.48,3.05,3.27,6758420
2025-10-28,IRBT,3.69,3.69,3.04,3.05,8045526
2025-10-27,IRBT,4.86,4.93,3.57,3.69,17845922
2025-10-24,IRBT,4.86,5.84,4.62,5.58,9586300
2025-10-23,IRBT,4.42,4.92,4.37,4.69,3360200
2025-10-22,IRBT,4.51,5.31,4.14,4.5,8862600
2025-10-21,IRBT,4.52,4.52,4.2,4.34,2079500
2025-10-20,IRBT,4.71,4.94,4.5,4.52,2991906
2025-10-17,IRBT,4.83,4.83,4.36,4.5,3414400
2025-10-16,IRBT,5.44,5.9,4.75,4.89,7093000
2025-10-15,IRBT,4.14,6.1,4.13,5.37,25762331
2025-10-14,IRBT,3.86,4.03,3.7,3.93,906200
2025-10-13,IRBT,3.9,4.13,3.89,3.94,1003436
2025-10-10,IRBT,4.15,4.17,3.77,3.79,1440600
2025-10-09,IRBT,4.15,4.34,4.02,4.1,1319100
2025-10-08,IRBT,4.25,4.33,4.08,4.15,1033146
2025-10-07,IRBT,4.56,4.56,4.08,4.16,2331315
2025-12-05,BRIA,1.79,1.79,1.75,1.79,6455
2025-12-04,BRIA,1.78,1.82,1.76,1.8,3200
2025-12-03,BRIA,1.8,1.84,1.75,1.8,3133
2025-12-02,BRIA,1.87,1.87,1.78,1.78,4925
2025-12-01,BRIA,1.83,1.86,1.8,1.8,1537
2025-11-28,BRIA,1.85,1.87,1.79,1.8,7800
2025-11-26,BRIA,1.79,1.81,1.79,1.8,2200
2025-11-25,BRIA,1.8,1.81,1.79,1.79,1721
2025-11-24,BRIA,1.79,1.85,1.75,1.75,4573
2025-11-21,BRIA,1.73,1.75,1.71,1.75,7300
2025-11-20,BRIA,1.73,1.84,1.73,1.75,12346
2025-11-19,BRIA,1.78,1.86,1.75,1.75,16300
2025-11-18,BRIA,1.9,1.91,1.81,1.81,22200
2025-11-17,BRIA,1.84,1.91,1.82,1.82,7117
2025-11-14,BRIA,1.57,1.88,1.57,1.88,17617
2025-11-13,BRIA,1.86,1.87,1.8,1.87,2646
2025-11-12,BRIA,1.87,1.87,1.8,1.8,3825
2025-11-11,BRIA,1.78,1.84,1.75,1.81,10401
2025-11-10,BRIA,1.8,1.83,1.77,1.78,8300
2025-11-07,BRIA,1.87,1.87,1.78,1.8,7142
2025-11-06,BRIA,1.87,1.87,1.77,1.87,5537
2025-11-05,BRIA,1.89,1.89,1.81,1.87,13100
2025-11-04,BRIA,1.76,1.84,1.75,1.83,22079
2025-11-03,BRIA,1.85,1.88,1.8,1.8,10395
2025-10-31,BRIA,1.85,1.9,1.85,1.86,7026
2025-10-30,BRIA,1.94,1.94,1.86,1.86,6804
2025-10-29,BRIA,1.98,1.98,1.85,1.9,7800
2025-10-28,BRIA,1.92,2.0,1.9,1.91,7208
2025-10-27,BRIA,1.94,1.98,1.94,1.94,9534
2025-10-24,BRIA,1.95,1.98,1.9,1.91,9900
2025-10-23,BRIA,1.88,1.97,1.87,1.91,17100
2025-10-22,BRIA,1.92,2.0,1.83,1.89,30058
2025-10-21,BRIA,1.94,2.04,1.9,1.9,18297
2025-10-20,BRIA,1.96,2.04,1.96,1.97,11042
2025-10-17,BRIA,1.91,1.99,1.87,1.97,45620
2025-10-16,BRIA,2.01,2.01,1.91,1.91,9000
2025-10-15,BRIA,2.04,2.04,1.9,1.91,30417
2025-10-14,BRIA,1.96,2.0,1.96,1.98,8921
2025-10-13,BRIA,2.1,2.1,1.92,1.93,41046
2025-10-10,BRIA,2.12,2.14,2.0,2.0,25600
2025-10-09,BRIA,2.1,2.19,2.1,2.11,13404
2025-10-08,BRIA,2.1,2.17,2.09,2.11,17855
2025-10-07,BRIA,2.15,2.17,2.04,2.04,68800
2025-12-05,PHUN,2.16,2.18,2.07,2.07,103067
2025-12-04,PHUN,2.18,2.19,2.13,2.18,111600
2025-12-03,PHUN,2.06,2.19,2.04,2.18,164200
2025-12-02,PHUN,2.0,2.1,2.0,2.08,113700
2025-12-01,PHUN,2.03,2.05,2.0,2.03,102399
2025-11-28,PHUN,2.11,2.13,2.05,2.07,65621
2025-11-26,PHUN,2.03,2.13,2.01,2.12,173711
2025-11-25,PHUN,2.0,2.04,1.99,2.03,171786
2025-11-24,PHUN,1.92,2.03,1.9,2.01,153318
2025-11-21,PHUN,1.89,1.95,1.83,1.91,257443
2025-11-20,PHUN,1.92,2.04,1.86,1.89,336600
2025-11-19,PHUN,2.03,2.08,1.86,1.9,274115
2025-11-18,PHUN,2.02,2.08,2.0,2.03,149600
2025-11-17,PHUN,2.19,2.22,2.0,2.06,276996
2025-11-14,PHUN,2.17,2.24,2.17,2.19,159991
2025-11-13,PHUN,2.29,2.33,2.21,2.24,195039
2025-11-12,PHUN,2.32,2.35,2.26,2.28,174300
2025-11-11,PHUN,2.33,2.35,2.28,2.3,102800
2025-11-10,PHUN,2.32,2.4,2.29,2.35,129812
2025-11-07,PHUN,2.28,2.32,2.21,2.28,169100
2025-11-06,PHUN,2.35,2.35,2.23,2.27,208019
2025-11-05,PHUN,2.31,2.37,2.31,2.36,95736
2025-11-04,PHUN,2.43,2.47,2.28,2.3,345017
2025-11-03,PHUN,2.52,2.56,2.44,2.45,190401
2025-10-31,PHUN,2.52,2.59,2.51,2.57,114047
2025-10-30,PHUN,2.56,2.58,2.49,2.51,196627
2025-10-29,PHUN,2.69,2.73,2.49,2.54,392100
2025-10-28,PHUN,2.79,2.82,2.68,2.69,129827
2025-10-27,PHUN,2.77,2.84,2.76,2.79,170470
2025-10-24,PHUN,2.76,2.8,2.73,2.76,110900
2025-10-23,PHUN,2.62,2.73,2.62,2.72,134300
2025-10-22,PHUN,2.77,2.78,2.57,2.62,291200
2025-10-21,PHUN,2.78,2.86,2.73,2.79,233130
2025-10-20,PHUN,2.69,2.87,2.68,2.81,214778
2025-10-17,PHUN,2.7,2.73,2.63,2.69,168600
2025-10-16,PHUN,2.87,2.92,2.7,2.73,232136
2025-10-15,PHUN,3.04,3.04,2.83,2.86,197937
2025-10-14,PHUN,2.9,3.04,2.83,2.96,203123
2025-10-13,PHUN,2.87,3.0,2.87,2.98,232326
2025-10-10,PHUN,3.0,3.05,2.8,2.82,304142
2025-10-09,PHUN,3.02,3.1,2.98,3.0,314032
2025-10-08,PHUN,2.91,3.1,2.91,3.01,517900
2025-10-07,PHUN,3.1,3.1,2.84,2.89,356975
2025-12-05,LTRN,3.8,3.9,3.62,3.75,70600
2025-12-04,LTRN,3.61,3.77,3.53,3.77,46600
2025-12-03,LTRN,3.48,3.61,3.34,3.54,279877
2025-12-02,LTRN,3.52,3.72,3.42,3.47,35316
2025-12-01,LTRN,3.58,3.64,3.45,3.51,22610
2025-11-28,LTRN,3.82,3.87,3.61,3.62,54400
2025-11-26,LTRN,3.93,3.93,3.67,3.8,75900
2025-11-25,LTRN,3.46,3.84,3.43,3.83,108352
2025-11-24,LTRN,3.29,3.49,3.22,3.37,164900
2025-11-21,LTRN,3.0,3.23,2.86,3.02,85300
2025-11-20,LTRN,3.23,3.42,3.0,3.0,67950
2025-11-19,LTRN,3.21,3.41,3.16,3.27,58700
2025-11-18,LTRN,3.28,3.39,3.16,3.21,40600
2025-11-17,LTRN,3.44,3.55,3.2,3.36,58455
2025-11-14,LTRN,3.37,3.53,3.36,3.38,34227
2025-11-13,LTRN,3.58,3.7,3.4,3.46,59100
2025-11-12,LTRN,3.55,3.6,3.45,3.48,62833
2025-11-11,LTRN,3.51,3.6,3.42,3.54,28332
2025-11-10,LTRN,3.66,3.69,3.5,3.55,71900
2025-11-07,LTRN,3.26,3.51,3.02,3.42,93500
2025-11-06,LTRN,3.53,3.58,3.36,3.36,96510
2025-11-05,LTRN,3.59,3.7,3.53,3.55,88363
2025-11-04,LTRN,3.75,3.91,3.55,3.63,93727
2025-11-03,LTRN,3.96,4.0,3.8,3.82,54479
2025-10-31,LTRN,3.93,4.09,3.85,4.01,32316
2025-10-30,LTRN,3.81,4.07,3.81,3.97,78900
2025-10-29,LTRN,3.9,3.95,3.75,3.82,117243
2025-10-28,LTRN,4.03,4.11,3.8,3.98,290247
2025-10-27,LTRN,4.19,4.28,3.91,4.05,423528
2025-10-24,LTRN,3.88,4.2,3.77,4.08,124000
2025-10-23,LTRN,3.88,3.96,3.7,3.7,80346
2025-10-22,LTRN,4.11,4.34,3.8,3.89,127322
2025-10-21,LTRN,4.06,4.12,3.93,3.98,101200
2025-10-20,LTRN,4.03,4.22,3.95,4.12,91738
2025-10-17,LTRN,4.21,4.27,3.89,3.97,211852
2025-10-16,LTRN,4.45,4.58,4.21,4.32,85400
2025-10-15,LTRN,4.35,4.49,4.29,4.42,65800
2025-10-14,LTRN,4.4,4.45,4.07,4.37,70318
2025-10-13,LTRN,4.43,4.53,4.3,4.41,89148
2025-10-10,LTRN,4.68,4.68,4.27,4.34,102900
2025-10-09,LTRN,4.64,4.69,4.52,4.62,69501
2025-10-08,LTRN,4.67,4.7,4.41,4.59,127900
2025-10-07,LTRN,4.43,4.55,4.32,4.55,187400
2025-12-05,OPHC,4.07,4.13,4.04,4.1,68700
2025-12-04,OPHC,4.15,4.15,4.05,4.05,64600
2025-12-03,OPHC,4.17,4.17,4.15,4.15,17400
2025-12-02,OPHC,4.16,4.17,4.15,4.15,18733
2025-12-01,OPHC,4.18,4.18,4.13,4.16,17200
2025-11-28,OPHC,4.2,4.22,4.15,4.15,26400
2025-11-26,OPHC,4.17,4.21,4.17,4.18,45900
2025-11-25,OPHC,4.17,4.21,4.17,4.17,35210
2025-11-24,OPHC,4.13,4.19,4.13,4.16,8400
2025-11-21,OPHC,4.15,4.17,4.13,4.14,19300
2025-11-20,OPHC,4.17,4.17,4.12,4.12,16700
2025-11-19,OPHC,4.15,4.15,4.11,4.15,9400
2025-11-18,OPHC,4.17,4.2,4.14,4.15,18943
2025-11-17,OPHC,4.19,4.24,4.14,4.14,44600
2025-11-14,OPHC,4.1,4.22,4.1,4.2,102700
2025-11-13,OPHC,4.15,4.17,4.06,4.11,26100
2025-11-12,OPHC,4.07,4.15,4.07,4.13,6300
2025-11-11,OPHC,4.0,4.08,4.0,4.08,6800
2025-11-10,OPHC,4.01,4.01,3.97,4.0,4800
2025-11-07,OPHC,3.96,3.99,3.94,3.99,17300
2025-11-06,OPHC,3.97,3.97,3.95,3.96,13200
2025-11-05,OPHC,4.01,4.01,3.92,3.95,75700
2025-11-04,OPHC,4.1,4.1,4.01,4.03,18329
2025-11-03,OPHC,4.09,4.1,4.07,4.1,20600
2025-10-31,OPHC,4.07,4.09,4.07,4.09,8800
2025-10-30,OPHC,4.09,4.09,4.06,4.08,12700
2025-10-29,OPHC,4.11,4.13,4.06,4.07,20502
2025-10-28,OPHC,4.1,4.15,4.08,4.1,32800
2025-10-27,OPHC,4.05,4.15,4.05,4.11,23000
2025-10-24,OPHC,3.98,4.05,3.95,4.04,24533
2025-10-23,OPHC,4.0,4.05,3.94,3.94,65500
2025-10-22,OPHC,3.95,3.98,3.94,3.95,14826
2025-10-21,OPHC,4.01,4.01,3.91,3.91,37100
2025-10-20,OPHC,3.94,4.01,3.94,3.99,323900
2025-10-17,OPHC,4.0,4.0,3.94,3.94,44400
2025-10-16,OPHC,4.09,4.09,3.95,3.98,13504
2025-10-15,OPHC,3.98,4.07,3.98,4.07,2500
2025-10-14,OPHC,3.96,4.04,3.96,4.02,8518
2025-10-13,OPHC,4.08,4.08,3.97,3.97,7900
2025-10-10,OPHC,4.13,4.13,4.05,4.05,6100
2025-10-09,OPHC,4.15,4.23,4.11,4.11,2600
2025-10-08,OPHC,4.16,4.21,4.16,4.19,10938
2025-10-07,OPHC,4.26,4.26,4.15,4.15,6511
2025-12-05,OPAD,1.97,1.98,1.81,1.83,661350
2025-12-04,OPAD,1.89,2.06,1.83,1.98,1261819
2025-12-03,OPAD,1.76,1.83,1.72,1.83,440531
2025-12-02,OPAD,1.77,1.85,1.73,1.73,494416
2025-12-01,OPAD,1.88,1.89,1.72,1.76,749569
2025-11-28,OPAD,1.98,2.01,1.9,1.93,372800
2025-11-26,OPAD,1.97,2.03,1.92,1.92,497086
2025-11-25,OPAD,1.94,2.05,1.86,1.97,1290138
2025-11-24,OPAD,1.89,1.94,1.81,1.93,936400
2025-11-21,OPAD,1.7,1.93,1.7,1.9,1156429
2025-11-20,OPAD,1.83,1.93,1.68,1.68,658341
2025-11-19,OPAD,1.87,1.89,1.74,1.76,701732
2025-11-18,OPAD,1.71,1.93,1.69,1.86,831700
2025-11-17,OPAD,1.83,1.85,1.73,1.73,918390
2025-11-14,OPAD,1.77,1.9,1.75,1.85,711600
2025-11-13,OPAD,2.11,2.13,1.84,1.91,1689811
2025-11-12,OPAD,2.11,2.19,1.95,2.19,1687200
2025-11-11,OPAD,2.03,2.15,1.96,2.1,1599339
2025-11-10,OPAD,1.86,2.05,1.86,2.0,2373400
2025-11-07,OPAD,1.68,1.82,1.64,1.8,1053700
2025-11-06,OPAD,1.83,1.84,1.73,1.77,942911
2025-11-05,OPAD,1.73,1.9,1.73,1.82,1324700
2025-11-04,OPAD,1.9,2.0,1.67,1.73,2474400
2025-11-03,OPAD,2.32,2.37,2.19,2.3,2206427
2025-10-31,OPAD,2.36,2.42,2.26,2.34,1145200
2025-10-30,OPAD,2.45,2.47,2.31,2.36,979800
2025-10-29,OPAD,2.69,2.7,2.43,2.46,1737600
2025-10-28,OPAD,2.8,2.86,2.65,2.7,2035400
2025-10-27,OPAD,2.93,2.97,2.7,2.78,2354700
2025-10-24,OPAD,2.65,2.98,2.61,2.75,4307515
2025-10-23,OPAD,2.52,2.64,2.48,2.57,1308500
2025-10-22,OPAD,2.75,2.8,2.48,2.53,2691800
2025-10-21,OPAD,2.98,2.99,2.73,2.86,1713032
2025-10-20,OPAD,2.94,3.13,2.91,3.03,2768210
2025-10-17,OPAD,2.91,2.95,2.8,2.92,908416
2025-10-16,OPAD,2.98,2.99,2.8,2.92,1541443
2025-10-15,OPAD,3.28,3.32,2.91,2.94,2336210
2025-10-14,OPAD,2.92,3.25,2.85,3.13,2061617
2025-10-13,OPAD,2.91,3.03,2.75,3.0,1982200
2025-10-10,OPAD,3.05,3.1,2.82,2.88,3879121
2025-10-09,OPAD,3.36,3.39,3.02,3.07,3366909
2025-10-08,OPAD,3.82,3.84,3.19,3.26,5475500
2025-10-07,OPAD,4.06,4.09,3.58,3.81,4197800
2025-12-05,JRSH,3.1,3.17,3.05,3.1,46100
2025-12-04,JRSH,3.11,3.14,3.07,3.09,49100
2025-12-03,JRSH,3.08,3.13,3.06,3.11,17900
2025-12-02,JRSH,3.02,3.1,3.02,3.08,35501
2025-12-01,JRSH,3.15,3.15,3.04,3.05,179148
2025-11-28,JRSH,3.15,3.15,3.04,3.08,176114
2025-11-26,JRSH,3.13,3.2,3.06,3.1,235947
2025-11-25,JRSH,3.02,3.16,3.02,3.13,54843
2025-11-24,JRSH,3.13,3.16,3.01,3.08,70500
2025-11-21,JRSH,3.13,3.13,3.07,3.09,22100
2025-11-20,JRSH,3.17,3.18,3.08,3.08,60608
2025-11-19,JRSH,3.1,3.19,3.1,3.15,44312
2025-11-18,JRSH,3.29,3.29,3.11,3.17,39527
2025-11-17,JRSH,3.22,3.25,3.16,3.18,42900
2025-11-14,JRSH,3.35,3.35,3.22,3.22,50800
2025-11-13,JRSH,3.31,3.31,3.18,3.21,24717
2025-11-12,JRSH,3.25,3.36,3.2,3.27,59200
2025-11-11,JRSH,3.31,3.32,3.25,3.26,17519
2025-11-10,JRSH,3.26,3.35,3.24,3.26,21800
2025-11-07,JRSH,3.22,3.3,3.22,3.26,10900
2025-11-06,JRSH,3.29,3.29,3.22,3.23,13149
2025-11-05,JRSH,3.26,3.33,3.26,3.29,13639
2025-11-04,JRSH,3.36,3.36,3.26,3.27,13200
2025-11-03,JRSH,3.36,3.38,3.35,3.36,30900
2025-10-31,JRSH,3.27,3.4,3.27,3.39,237312
2025-10-30,JRSH,3.38,3.41,3.33,3.39,183800
2025-10-29,JRSH,3.47,3.47,3.35,3.4,324500
2025-10-28,JRSH,3.42,3.48,3.33,3.46,146300
2025-10-27,JRSH,3.41,3.47,3.34,3.43,157948
2025-10-24,JRSH,3.35,3.42,3.29,3.41,162900
2025-10-23,JRSH,3.29,3.4,3.28,3.33,222375
2025-10-22,JRSH,3.29,3.3,3.24,3.28,364700
2025-10-21,JRSH,3.34,3.35,3.25,3.28,298300
2025-10-20,JRSH,3.25,3.3,3.24,3.28,165800
2025-10-17,JRSH,3.24,3.27,3.22,3.26,214900
2025-10-16,JRSH,3.28,3.3,3.22,3.25,114900
2025-10-15,JRSH,3.29,3.3,3.21,3.26,724742
2025-10-14,JRSH,3.21,3.28,3.2,3.25,581900
2025-10-13,JRSH,3.22,3.29,3.22,3.23,580100
2025-10-10,JRSH,3.29,3.3,3.21,3.24,64031
2025-10-09,JRSH,3.3,3.32,3.25,3.28,268300
2025-10-08,JRSH,3.31,3.31,3.24,3.29,324700
2025-10-07,JRSH,3.31,3.32,3.23,3.28,380134
2025-12-05,STG,5.6,5.93,5.6,5.93,7300
2025-12-04,STG,5.79,5.79,5.58,5.59,5835
2025-12-03,STG,5.41,5.41,5.41,5.41,248
2025-12-02,STG,5.64,5.64,5.41,5.41,1600
2025-12-01,STG,5.8,5.85,5.64,5.64,6100
2025-11-28,STG,5.78,5.8,5.54,5.8,2000
2025-11-26,STG,5.72,5.72,5.5,5.6,4200
2025-11-25,STG,5.49,5.99,5.48,5.75,9402
2025-11-24,STG,5.28,5.84,5.28,5.48,14100
2025-11-21,STG,5.52,5.69,4.84,5.12,49600
2025-11-20,STG,6.98,6.98,5.1,5.74,39400
2025-11-19,STG,5.99,6.86,5.99,6.62,8749
2025-11-18,STG,5.46,5.46,5.46,5.46,200
2025-11-17,STG,5.8,5.8,5.8,5.8,239
2025-11-14,STG,5.72,5.72,5.72,5.72,301
2025-11-13,STG,5.77,5.98,5.77,5.98,1219
2025-11-12,STG,5.75,5.75,5.75,5.75,800
2025-11-11,STG,5.74,5.74,5.74,5.74,209
2025-11-10,STG,5.67,5.74,5.46,5.74,4240
2025-11-07,STG,5.46,5.66,5.46,5.66,1831
2025-11-06,STG,5.88,5.88,5.88,5.88,1042
2025-11-05,STG,6.22,6.22,5.88,5.88,6600
2025-11-04,STG,6.37,6.37,6.37,6.37,700
2025-11-03,STG,6.29,6.5,6.2,6.5,1262
2025-10-31,STG,6.98,6.98,6.49,6.5,2114
2025-10-30,STG,6.7,6.7,6.69,6.7,1212
2025-10-29,STG,6.66,6.7,6.66,6.7,1000
2025-10-28,STG,6.79,6.98,6.79,6.98,3437
2025-10-27,STG,6.85,6.85,6.8,6.8,1547
2025-10-24,STG,6.7,6.99,6.55,6.65,5733
2025-10-23,STG,6.8,6.84,6.8,6.84,828
2025-10-22,STG,6.98,6.98,6.83,6.96,2113
2025-10-21,STG,6.91,6.96,6.91,6.96,6700
2025-10-20,STG,6.94,7.0,6.82,6.9,1720
2025-10-17,STG,7.02,7.28,6.93,7.26,11303
2025-10-16,STG,7.38,7.38,7.38,7.38,212
2025-10-15,STG,7.28,7.41,7.28,7.41,1135
2025-10-14,STG,7.28,7.28,7.28,7.28,423
2025-10-13,STG,7.31,7.34,7.31,7.34,1026
2025-10-10,STG,7.75,7.75,7.01,7.4,14141
2025-10-09,STG,7.96,7.96,7.69,7.77,7100
2025-10-08,STG,8.2,8.2,8.08,8.09,7000
2025-10-07,STG,8.23,8.23,8.1,8.12,3100
2025-12-05,YXT,1.01,1.1,0.85,1.0,100400
2025-12-04,YXT,0.92,1.05,0.92,1.05,96994
2025-12-03,YXT,0.8,0.9833,0.79,0.973,42115
2025-12-02,YXT,0.8014,0.93,0.72945,0.8535,93535
2025-12-01,YXT,0.6,0.8693,0.6,0.8262,533723
2025-11-28,YXT,0.595,0.6496,0.5433,0.64,86700
2025-11-26,YXT,0.59,1.0,0.5,0.595,2279800
2025-11-25,YXT,0.5205,0.62,0.5205,0.5643,2622
2025-11-24,YXT,0.606,0.65,0.51,0.52,6309
2025-11-21,YXT,0.7,0.72,0.4751,0.63,122225
2025-11-20,YXT,0.8539,0.8699,0.7001,0.7001,3800
2025-11-19,YXT,0.7838,0.794,0.75,0.7501,10607
2025-11-18,YXT,0.7527,0.8799,0.7527,0.825,10416
2025-11-17,YXT,0.903,0.963,0.8,0.8625,32848
2025-11-14,YXT,0.7501,0.82,0.75,0.82,3432
2025-11-13,YXT,0.7502,0.7559,0.75,0.75,12339
2025-11-12,YXT,0.751,0.7962,0.7505,0.7962,7717
2025-11-11,YXT,0.8383,0.8383,0.7252,0.7999,33400
2025-11-10,YXT,0.8356,0.8998,0.7769,0.8822,42539
2025-11-07,YXT,0.8817,0.9221,0.831,0.89,8013
2025-11-06,YXT,0.9805,1.04,0.9117,0.92,53300
2025-11-05,YXT,1.04,1.04,0.9665,1.0,30031
2025-11-04,YXT,1.03,1.03,1.0,1.02,4300
2025-11-03,YXT,0.97,1.03,0.9511,1.01,12164
2025-10-31,YXT,0.98072,1.05,0.88,1.02,28932
2025-10-30,YXT,1.1,1.1,0.9932,1.0,13200
2025-10-29,YXT,1.01,1.07,0.97,1.02,31737
2025-10-28,YXT,1.07,1.07,0.9771,0.9771,20237
2025-10-27,YXT,1.01,1.08,1.01,1.01,16104
2025-10-24,YXT,1.1,1.14,1.01,1.02,55800
2025-10-23,YXT,1.06,1.08,1.01,1.01,18100
2025-10-22,YXT,1.06,1.08,1.02,1.06,9400
2025-10-21,YXT,1.07,1.08,1.06,1.06,4429
2025-10-20,YXT,1.06,1.09,1.06,1.07,12300
2025-10-17,YXT,1.06,1.06,1.01,1.05,254200
2025-10-16,YXT,1.07,1.09,1.06,1.07,9144
2025-10-15,YXT,1.08,1.09,1.03,1.09,11572
2025-10-14,YXT,1.05,1.07,1.03,1.07,5901
2025-10-13,YXT,1.0,1.07,0.99,1.05,286400
2025-10-10,YXT,0.9201,1.04,0.9201,1.03,337500
2025-10-09,YXT,1.05,1.06,1.01,1.04,203419
2025-10-08,YXT,1.06,1.11,1.02,1.04,115143
2025-10-07,YXT,1.0,1.15,0.9997,1.11,77216
2025-12-05,RFL,1.25,1.26,1.21,1.23,36531
2025-12-04,RFL,1.24,1.26,1.22,1.22,36350
2025-12-03,RFL,1.23,1.25,1.2,1.25,70500
2025-12-02,RFL,1.29,1.29,1.23,1.23,71400
2025-12-01,RFL,1.19,1.26,1.19,1.22,148310
2025-11-28,RFL,1.22,1.24,1.18,1.18,101200
2025-11-26,RFL,1.19,1.26,1.17,1.22,208239
2025-11-25,RFL,1.24,1.24,1.2,1.21,23665
2025-11-24,RFL,1.24,1.24,1.22,1.24,39800
2025-11-21,RFL,1.28,1.28,1.19,1.24,67919
2025-11-20,RFL,1.27,1.28,1.2,1.24,69218
2025-11-19,RFL,1.27,1.28,1.19,1.24,37600
2025-11-18,RFL,1.2,1.25,1.19,1.23,122624
2025-11-17,RFL,1.23,1.29,1.2,1.22,106318
2025-11-14,RFL,1.24,1.28,1.2,1.22,318100
2025-11-13,RFL,1.27,1.3,1.24,1.26,174532
2025-11-12,RFL,1.26,1.29,1.26,1.27,55012
2025-11-11,RFL,1.3,1.32,1.26,1.27,17081
2025-11-10,RFL,1.29,1.3,1.28,1.3,17703
2025-11-07,RFL,1.3,1.31,1.22,1.29,132838
2025-11-06,RFL,1.31,1.32,1.26,1.3,148513
2025-11-05,RFL,1.35,1.36,1.33,1.33,30903
2025-11-04,RFL,1.31,1.33,1.3,1.33,63926
2025-11-03,RFL,1.36,1.36,1.32,1.35,57746
2025-10-31,RFL,1.36,1.37,1.31,1.36,92428
2025-10-30,RFL,1.34,1.36,1.33,1.35,79318
2025-10-29,RFL,1.34,1.37,1.33,1.34,98700
2025-10-28,RFL,1.34,1.36,1.33,1.34,45039
2025-10-27,RFL,1.34,1.38,1.32,1.35,68100
2025-10-24,RFL,1.38,1.38,1.32,1.35,42498
2025-10-23,RFL,1.38,1.4,1.35,1.36,21800
2025-10-22,RFL,1.38,1.43,1.37,1.38,32424
2025-10-21,RFL,1.4,1.44,1.37,1.38,97058
2025-10-20,RFL,1.35,1.43,1.35,1.39,79717
2025-10-17,RFL,1.33,1.38,1.32,1.32,50537
2025-10-16,RFL,1.4,1.4,1.33,1.33,101823
2025-10-15,RFL,1.31,1.4,1.31,1.37,149533
2025-10-14,RFL,1.37,1.37,1.3,1.3,141200
2025-10-13,RFL,1.41,1.41,1.31,1.33,110440
2025-10-10,RFL,1.36,1.36,1.31,1.34,83842
2025-10-09,RFL,1.37,1.39,1.33,1.33,40046
2025-10-08,RFL,1.34,1.37,1.32,1.35,49457
2025-10-07,RFL,1.38,1.38,1.31,1.31,122806
2025-12-05,RCON,1.31,1.37,1.28,1.3,5206
2025-12-04,RCON,1.3,1.33,1.27,1.33,1600
2025-12-03,RCON,1.33,1.4,1.26,1.27,6400
2025-12-02,RCON,1.46,1.46,1.32,1.32,1200
2025-12-01,RCON,1.32,1.46,1.28,1.41,3400
2025-11-28,RCON,1.25,1.44,1.25,1.32,5434
2025-11-26,RCON,1.17,1.44,1.17,1.25,22131
2025-11-25,RCON,1.16,1.21,1.16,1.21,733
2025-11-24,RCON,1.15,1.15,1.15,1.15,607
2025-11-21,RCON,1.15,1.21,1.13,1.17,12712
2025-11-20,RCON,1.25,1.25,1.15,1.16,20100
2025-11-19,RCON,1.29,1.29,1.2,1.2,12700
2025-11-18,RCON,1.25,1.36,1.23,1.27,6000
2025-11-17,RCON,1.25,1.33,1.25,1.29,22241
2025-11-14,RCON,1.38,1.38,1.3,1.32,3700
2025-11-13,RCON,1.42,1.42,1.35,1.35,14000
2025-11-12,RCON,1.42,1.43,1.42,1.42,3300
2025-11-11,RCON,1.39,1.39,1.34,1.36,2054
2025-11-10,RCON,1.39,1.41,1.27,1.34,33500
2025-11-07,RCON,1.42,1.46,1.25,1.38,83500
2025-11-06,RCON,1.54,1.54,1.4,1.4,22879
2025-11-05,RCON,1.52,1.58,1.45,1.46,20306
2025-11-04,RCON,1.67,1.67,1.45,1.45,77941
2025-11-03,RCON,1.69,1.72,1.65,1.67,27000
2025-10-31,RCON,1.76,1.85,1.71,1.75,12206
2025-10-30,RCON,1.74,1.76,1.72,1.72,4700
2025-10-29,RCON,1.78,1.8,1.74,1.77,13100
2025-10-28,RCON,1.77,1.88,1.75,1.77,17046
2025-10-27,RCON,1.78,1.84,1.7,1.78,51400
2025-10-24,RCON,1.86,1.95,1.79,1.87,161754
2025-10-23,RCON,1.8,1.85,1.72,1.76,11835
2025-10-22,RCON,1.75,1.81,1.71,1.71,6000
2025-10-21,RCON,1.78,1.83,1.75,1.75,4735
2025-10-20,RCON,1.81,1.87,1.8,1.85,16754
2025-10-17,RCON,1.83,1.87,1.76,1.78,26200
2025-10-16,RCON,1.94,1.99,1.86,1.87,31800
2025-10-15,RCON,2.03,2.03,1.92,1.92,24213
2025-10-14,RCON,1.91,2.07,1.91,2.04,30937
2025-10-13,RCON,2.02,2.02,1.91,1.96,14440
2025-10-10,RCON,1.96,2.03,1.91,2.0,29900
2025-10-09,RCON,1.93,1.96,1.91,1.96,16629
2025-10-08,RCON,1.98,1.98,1.9,1.97,20812
2025-10-07,RCON,1.93,1.98,1.93,1.95,17149
2025-12-05,RNTX,1.37,1.38,1.34,1.36,163231
2025-12-04,RNTX,1.35,1.43,1.35,1.39,195049
2025-12-03,RNTX,1.47,1.47,1.35,1.38,322024
2025-12-02,RNTX,1.47,1.5,1.39,1.48,144454
2025-12-01,RNTX,1.57,1.57,1.4,1.5,145718
2025-11-28,RNTX,1.52,1.58,1.47,1.57,85025
2025-11-26,RNTX,1.45,1.56,1.45,1.54,255804
2025-11-25,RNTX,1.48,1.52,1.43,1.46,250500
2025-11-24,RNTX,1.41,1.51,1.41,1.5,82443
2025-11-21,RNTX,1.4,1.52,1.36,1.48,238544
2025-11-20,RNTX,1.3,1.42,1.3,1.38,248248
2025-11-19,RNTX,1.22,1.3,1.22,1.26,139074
2025-11-18,RNTX,1.18,1.23,1.15,1.22,256432
2025-11-17,RNTX,1.22,1.32,1.22,1.22,147026
2025-11-14,RNTX,1.24,1.28,1.15,1.25,342100
2025-11-13,RNTX,1.47,1.47,1.3,1.35,318165
2025-11-12,RNTX,1.48,1.6,1.45,1.45,480468
2025-11-11,RNTX,1.49,1.61,1.44,1.49,366003
2025-11-10,RNTX,1.57,1.65,1.5,1.54,240501
2025-11-07,RNTX,1.54,1.7,1.47,1.6,319500
2025-11-06,RNTX,1.54,1.71,1.5,1.56,409500
2025-11-05,RNTX,1.35,1.73,1.35,1.59,847811
2025-11-04,RNTX,1.5,1.64,1.42,1.42,728733
2025-11-03,RNTX,1.69,2.18,1.57,1.75,45875043
2025-10-31,RNTX,1.54,1.63,1.53,1.57,65469
2025-10-30,RNTX,1.57,1.75,1.51,1.55,240500
2025-10-29,RNTX,1.42,1.56,1.36,1.55,436200
2025-10-28,RNTX,1.38,1.45,1.3,1.32,312130
2025-10-27,RNTX,1.49,1.52,1.31,1.35,741139
2025-10-24,RNTX,1.26,1.46,1.26,1.44,115155
2025-10-23,RNTX,1.22,1.29,1.22,1.26,45726
2025-10-22,RNTX,1.28,1.29,1.22,1.22,24039
2025-10-21,RNTX,1.3,1.3,1.22,1.28,42400
2025-10-20,RNTX,1.25,1.3,1.25,1.28,50600
2025-10-17,RNTX,1.28,1.3,1.18,1.22,84800
2025-10-16,RNTX,1.3,1.36,1.27,1.28,67088
2025-10-15,RNTX,1.32,1.36,1.3,1.3,52759
2025-10-14,RNTX,1.33,1.34,1.3,1.34,42938
2025-10-13,RNTX,1.3,1.35,1.24,1.32,61522
2025-10-10,RNTX,1.36,1.38,1.28,1.3,61200
2025-10-09,RNTX,1.39,1.44,1.33,1.37,113973
2025-10-08,RNTX,1.41,1.43,1.35,1.39,116370
2025-10-07,RNTX,1.19,1.57,1.19,1.44,558900
2025-12-05,UHG,1.18,1.22,1.15,1.15,151582
2025-12-04,UHG,1.09,1.24,1.06,1.19,265128
2025-12-03,UHG,1.07,1.1,1.05,1.08,81220
2025-12-02,UHG,1.06,1.06,1.03,1.05,52409
2025-12-01,UHG,1.09,1.1,1.04,1.04,143106
2025-11-28,UHG,1.1,1.15,1.06,1.07,78127
2025-11-26,UHG,1.03,1.12,1.03,1.08,90645
2025-11-25,UHG,1.04,1.06,1.02,1.04,82256
2025-11-24,UHG,1.05,1.07,1.01,1.05,126914
2025-11-21,UHG,1.05,1.08,1.02,1.04,161716
2025-11-20,UHG,1.13,1.18,0.9873,1.03,240847
2025-11-19,UHG,1.17,1.19,1.13,1.13,130432
2025-11-18,UHG,1.25,1.27,1.16,1.17,232331
2025-11-17,UHG,1.28,1.31,1.21,1.24,161435
2025-11-14,UHG,1.3,1.35,1.25,1.26,291225
2025-11-13,UHG,1.32,1.37,1.3,1.3,118300
2025-11-12,UHG,1.44,1.48,1.33,1.34,181052
2025-11-11,UHG,1.39,1.48,1.38,1.44,155841
2025-11-10,UHG,1.3,1.44,1.3,1.38,289302
2025-11-07,UHG,1.32,1.34,1.26,1.29,265507
2025-11-06,UHG,1.47,1.49,1.34,1.34,382707
2025-11-05,UHG,1.42,1.48,1.37,1.45,127200
2025-11-04,UHG,1.42,1.51,1.35,1.4,365839
2025-11-03,UHG,1.53,1.55,1.4,1.42,389022
2025-10-31,UHG,1.6,1.61,1.5,1.51,503600
2025-10-30,UHG,1.64,1.66,1.59,1.59,249149
2025-10-29,UHG,1.64,1.69,1.6,1.63,334600
2025-10-28,UHG,1.75,1.75,1.66,1.69,508005
2025-10-27,UHG,1.79,1.8,1.65,1.73,575400
2025-10-24,UHG,1.79,1.82,1.72,1.76,410025
2025-10-23,UHG,1.85,1.87,1.72,1.74,448600
2025-10-22,UHG,1.7,1.92,1.7,1.82,1274002
2025-10-21,UHG,2.0,2.02,1.7,1.74,2762200
2025-10-20,UHG,2.66,2.7,1.98,2.03,5113143
2025-10-17,UHG,4.4,4.78,4.21,4.26,506500
2025-10-16,UHG,4.21,4.45,4.18,4.4,110224
2025-10-15,UHG,4.24,4.47,4.18,4.18,112931
2025-10-14,UHG,4.12,4.24,4.1,4.23,28711
2025-10-13,UHG,4.24,4.28,4.12,4.16,51525
2025-10-10,UHG,4.16,4.27,4.1,4.25,103043
2025-10-09,UHG,4.05,4.16,4.05,4.14,48900
2025-10-08,UHG,4.06,4.1,4.0,4.05,31641
2025-10-07,UHG,4.2,4.21,3.91,4.03,60705
2025-12-05,TPCS,4.57,4.68,4.49,4.56,2400
2025-12-04,TPCS,4.59,4.61,4.55,4.61,800
2025-12-03,TPCS,4.58,4.61,4.43,4.56,7400
2025-12-02,TPCS,4.57,4.61,4.41,4.55,24636
2025-12-01,TPCS,4.62,4.7,4.49,4.51,29700
2025-11-28,TPCS,4.5,4.68,4.41,4.54,22500
2025-11-26,TPCS,4.64,4.73,4.53,4.53,22300
2025-11-25,TPCS,4.66,4.66,4.51,4.64,19400
2025-11-24,TPCS,4.37,4.66,4.31,4.64,55300
2025-11-21,TPCS,4.2,4.51,4.11,4.34,64700
2025-11-20,TPCS,4.35,4.41,4.12,4.12,49400
2025-11-19,TPCS,4.3,4.49,4.23,4.25,35942
2025-11-18,TPCS,4.4,4.49,4.21,4.31,123300
2025-11-17,TPCS,5.0,5.0,4.42,4.49,26321
2025-11-14,TPCS,4.48,5.0,4.42,4.72,279530
2025-11-13,TPCS,4.47,4.62,4.37,4.48,90636
2025-11-12,TPCS,4.51,4.51,4.29,4.29,16200
2025-11-11,TPCS,4.67,4.75,4.41,4.42,41500
2025-11-10,TPCS,4.96,4.96,4.63,4.67,25308
2025-11-07,TPCS,4.28,4.75,4.28,4.73,49300
2025-11-06,TPCS,4.49,4.71,4.12,4.28,43620
2025-11-05,TPCS,4.6,4.72,4.51,4.52,28600
2025-11-04,TPCS,4.62,4.74,4.57,4.57,12803
2025-11-03,TPCS,4.86,4.9,4.62,4.7,30800
2025-10-31,TPCS,4.69,4.99,4.55,4.99,61842
2025-10-30,TPCS,4.55,4.74,4.5,4.69,18438
2025-10-29,TPCS,4.55,4.74,4.5,4.51,25622
2025-10-28,TPCS,5.02,5.02,4.56,4.57,39129
2025-10-27,TPCS,5.23,5.23,4.67,4.84,47843
2025-10-24,TPCS,4.88,5.22,4.88,5.09,33325
2025-10-23,TPCS,4.77,4.92,4.6,4.73,36646
2025-10-22,TPCS,4.82,4.99,4.75,4.75,10939
2025-10-21,TPCS,5.08,5.09,4.81,4.85,16372
2025-10-20,TPCS,5.0,5.15,4.85,4.96,48400
2025-10-17,TPCS,5.0,5.2,4.72,4.81,13661
2025-10-16,TPCS,5.1,5.32,4.96,5.0,63218
2025-10-15,TPCS,5.33,5.41,5.07,5.15,31900
2025-10-14,TPCS,5.21,5.27,5.09,5.23,12802
2025-10-13,TPCS,5.22,5.36,5.1,5.21,21244
2025-10-10,TPCS,5.56,5.56,5.14,5.17,45100
2025-10-09,TPCS,5.49,5.57,5.45,5.57,9100
2025-10-08,TPCS,5.45,5.64,5.32,5.53,17800
2025-10-07,TPCS,5.58,5.64,5.41,5.48,31300
2025-12-05,OSTX,1.89,1.93,1.8,1.92,530414
2025-12-04,OSTX,1.75,1.82,1.75,1.82,194400
2025-12-03,OSTX,1.65,1.76,1.65,1.75,210501
2025-12-02,OSTX,1.72,1.73,1.66,1.66,196900
2025-12-01,OSTX,1.77,1.79,1.71,1.71,199600
2025-11-28,OSTX,1.86,1.86,1.77,1.79,63800
2025-11-26,OSTX,1.82,1.85,1.79,1.85,249200
2025-11-25,OSTX,1.72,1.81,1.68,1.8,339900
2025-11-24,OSTX,1.69,1.74,1.64,1.72,129728
2025-11-21,OSTX,1.64,1.71,1.61,1.71,144217
2025-11-20,OSTX,1.7,1.7,1.6,1.62,220500
2025-11-19,OSTX,1.7,1.7,1.63,1.65,237727
2025-11-18,OSTX,1.73,1.75,1.67,1.73,173135
2025-11-17,OSTX,1.65,1.82,1.62,1.71,356700
2025-11-14,OSTX,1.8,1.85,1.74,1.8,639133
2025-11-13,OSTX,1.89,1.91,1.81,1.82,251000
2025-11-12,OSTX,1.93,1.94,1.85,1.92,259323
2025-11-11,OSTX,1.9,1.93,1.84,1.89,207300
2025-11-10,OSTX,1.86,1.94,1.85,1.94,340644
2025-11-07,OSTX,1.8,1.86,1.72,1.84,307700
2025-11-06,OSTX,1.79,1.85,1.79,1.82,189800
2025-11-05,OSTX,1.81,1.82,1.76,1.8,201513
2025-11-04,OSTX,1.83,1.85,1.78,1.78,234429
2025-11-03,OSTX,1.86,1.89,1.78,1.87,276600
2025-10-31,OSTX,1.78,1.86,1.78,1.86,183732
2025-10-30,OSTX,1.86,1.86,1.75,1.77,190617
2025-10-29,OSTX,1.9,1.92,1.85,1.9,207941
2025-10-28,OSTX,1.97,1.99,1.85,1.87,398300
2025-10-27,OSTX,1.92,1.97,1.86,1.96,456600
2025-10-24,OSTX,1.84,1.92,1.81,1.89,294300
2025-10-23,OSTX,1.82,1.86,1.8,1.81,201100
2025-10-22,OSTX,1.8,1.95,1.76,1.83,690600
2025-10-21,OSTX,1.81,1.82,1.74,1.8,254300
2025-10-20,OSTX,1.88,1.88,1.79,1.83,259207
2025-10-17,OSTX,1.88,1.93,1.74,1.85,733700
2025-10-16,OSTX,1.94,1.95,1.83,1.85,276121
2025-10-15,OSTX,1.95,1.97,1.9,1.95,217589
2025-10-14,OSTX,1.94,1.97,1.88,1.95,194172
2025-10-13,OSTX,1.94,2.01,1.91,1.95,260339
2025-10-10,OSTX,2.1,2.1,1.95,1.99,1465300
2025-10-09,OSTX,2.13,2.13,2.0,2.04,443129
2025-10-08,OSTX,2.05,2.09,2.02,2.04,201730
2025-10-07,OSTX,2.09,2.13,2.0,2.04,415128
2025-12-05,TACT,4.4,4.5,4.4,4.41,15100
2025-12-04,TACT,4.4,4.51,4.39,4.49,46600
2025-12-03,TACT,4.56,4.56,4.37,4.39,122142
2025-12-02,TACT,4.45,4.55,4.45,4.47,38300
2025-12-01,TACT,4.46,4.75,4.46,4.5,86000
2025-11-28,TACT,4.53,4.57,4.43,4.44,47500
2025-11-26,TACT,4.44,4.61,4.3,4.57,111300
2025-11-25,TACT,4.36,4.6,4.35,4.42,47130
2025-11-24,TACT,4.38,4.53,4.32,4.35,81421
2025-11-21,TACT,4.15,4.54,4.15,4.36,63039
2025-11-20,TACT,4.2,4.3,4.07,4.1,34100
2025-11-19,TACT,4.25,4.53,4.13,4.2,40500
2025-11-18,TACT,4.32,4.35,4.25,4.29,35800
2025-11-17,TACT,4.22,4.48,4.19,4.28,68917
2025-11-14,TACT,4.16,4.26,4.16,4.2,45722
2025-11-13,TACT,4.36,4.49,4.17,4.22,28311
2025-11-12,TACT,4.33,4.68,4.32,4.35,26617
2025-11-11,TACT,4.23,4.5,4.07,4.32,57103
2025-11-10,TACT,4.26,4.4,4.04,4.32,56500
2025-11-07,TACT,4.3,4.34,4.19,4.31,37449
2025-11-06,TACT,4.46,4.5,4.35,4.35,54300
2025-11-05,TACT,4.35,4.48,4.35,4.48,10300
2025-11-04,TACT,4.45,4.51,4.28,4.32,25109
2025-11-03,TACT,4.7,4.76,4.5,4.57,21500
2025-10-31,TACT,4.69,4.74,4.57,4.71,31800
2025-10-30,TACT,4.73,4.8,4.62,4.73,15017
2025-10-29,TACT,4.7,4.88,4.58,4.74,147995
2025-10-28,TACT,4.76,4.76,4.6,4.7,44700
2025-10-27,TACT,4.75,4.78,4.56,4.7,50446
2025-10-24,TACT,4.67,4.75,4.59,4.74,39119
2025-10-23,TACT,4.67,4.74,4.56,4.65,13500
2025-10-22,TACT,4.6,4.7,4.56,4.63,16900
2025-10-21,TACT,4.68,4.78,4.6,4.64,35400
2025-10-20,TACT,4.61,4.82,4.59,4.65,35400
2025-10-17,TACT,4.73,4.75,4.53,4.61,55347
2025-10-16,TACT,5.04,5.26,4.78,4.78,39900
2025-10-15,TACT,4.93,5.08,4.85,5.05,23714
2025-10-14,TACT,5.09,5.13,4.58,4.99,20324
2025-10-13,TACT,5.4,5.63,5.13,5.17,37720
2025-10-10,TACT,5.45,5.45,5.12,5.36,94111
2025-10-09,TACT,5.55,5.58,5.32,5.43,44324
2025-10-08,TACT,5.35,5.65,5.35,5.54,26411
2025-10-07,TACT,5.63,5.65,5.32,5.36,52732
2025-12-05,INDO,2.83,3.06,2.83,3.0,609031
2025-12-04,INDO,2.86,2.9,2.83,2.86,176225
2025-12-03,INDO,2.81,2.94,2.75,2.88,292643
2025-12-02,INDO,2.8,2.85,2.74,2.81,373500
2025-12-01,INDO,2.74,2.89,2.7,2.87,297900
2025-11-28,INDO,2.7,2.75,2.67,2.75,82628
2025-11-26,INDO,2.61,2.74,2.61,2.7,96405
2025-11-25,INDO,2.63,2.67,2.6,2.63,136116
2025-11-24,INDO,2.65,2.7,2.6,2.67,294604
2025-11-21,INDO,2.66,2.69,2.56,2.64,201240
2025-11-20,INDO,2.7,2.77,2.65,2.67,201539
2025-11-19,INDO,2.76,2.79,2.68,2.74,201958
2025-11-18,INDO,2.75,2.81,2.73,2.75,205004
2025-11-17,INDO,2.75,2.8,2.72,2.76,340983
2025-11-14,INDO,2.75,2.81,2.68,2.74,195216
2025-11-13,INDO,2.81,2.83,2.72,2.73,273027
2025-11-12,INDO,2.77,2.8,2.75,2.8,181330
2025-11-11,INDO,2.83,2.88,2.79,2.82,186025
2025-11-10,INDO,2.7,2.85,2.7,2.82,274899
2025-11-07,INDO,2.69,2.74,2.68,2.69,82716
2025-11-06,INDO,2.72,2.76,2.66,2.7,245400
2025-11-05,INDO,2.78,2.79,2.74,2.74,216820
2025-11-04,INDO,2.75,2.8,2.73,2.79,175343
2025-11-03,INDO,2.87,2.87,2.77,2.78,168547
2025-10-31,INDO,2.75,3.0,2.75,2.88,694900
2025-10-30,INDO,2.79,2.84,2.74,2.74,285532
2025-10-29,INDO,2.79,2.88,2.79,2.81,265549
2025-10-28,INDO,2.85,2.85,2.77,2.82,237642
2025-10-27,INDO,2.85,2.9,2.81,2.86,335822
2025-10-24,INDO,2.95,2.95,2.82,2.84,1224400
2025-10-23,INDO,3.08,3.15,2.92,2.97,1763020
2025-10-22,INDO,2.8,3.04,2.77,2.98,1688901
2025-10-21,INDO,2.76,2.82,2.68,2.77,264644
2025-10-20,INDO,2.71,2.75,2.63,2.73,277600
2025-10-17,INDO,2.71,2.76,2.66,2.7,274000
2025-10-16,INDO,2.85,2.85,2.71,2.71,226611
2025-10-15,INDO,2.81,2.87,2.77,2.85,315329
2025-10-14,INDO,2.81,2.88,2.79,2.8,241700
2025-10-13,INDO,2.93,2.93,2.81,2.84,317800
2025-10-10,INDO,2.98,3.03,2.92,2.93,349000
2025-10-09,INDO,3.04,3.09,2.99,3.04,231846
2025-10-08,INDO,3.01,3.08,2.99,3.04,226511
2025-10-07,INDO,3.01,3.03,2.94,3.03,189226
2025-12-05,TCBS,15.99,16.0,15.99,15.99,1600
2025-12-04,TCBS,16.0,16.0,15.98,16.0,900
2025-12-03,TCBS,16.01,16.01,15.92,16.01,1012
2025-12-02,TCBS,15.92,15.95,15.92,15.95,813
2025-12-01,TCBS,16.0,16.0,16.0,16.0,241
2025-11-28,TCBS,15.9,16.01,15.9,16.0,7522
2025-11-26,TCBS,15.94,15.94,15.9,15.9,900
2025-11-25,TCBS,15.9,15.9,15.9,15.9,300
2025-11-24,TCBS,15.9,15.9,15.9,15.9,200
2025-11-21,TCBS,15.75,15.95,15.75,15.88,6514
2025-11-20,TCBS,15.89,15.89,15.75,15.83,3600
2025-11-19,TCBS,15.84,15.85,15.75,15.82,1424
2025-11-18,TCBS,15.75,15.77,15.75,15.75,2734
2025-11-17,TCBS,15.96,15.96,15.78,15.79,5400
2025-11-14,TCBS,16.01,16.01,16.0,16.0,7009
2025-11-13,TCBS,15.9,15.95,15.9,15.95,940
2025-11-12,TCBS,16.0,16.0,15.97,15.97,1489
2025-11-11,TCBS,15.9,15.93,15.9,15.93,2006
2025-11-10,TCBS,15.91,15.91,15.91,15.91,1400
2025-11-07,TCBS,15.92,16.01,15.91,15.91,12532
2025-11-06,TCBS,16.01,16.01,15.91,15.91,7442
2025-11-05,TCBS,16.01,16.02,16.01,16.02,900
2025-11-04,TCBS,15.9,15.9,15.9,15.9,3
2025-11-03,TCBS,16.01,16.02,15.9,15.9,2007
2025-10-31,TCBS,16.14,16.19,16.1,16.15,7119
2025-10-30,TCBS,16.14,16.2,16.0,16.08,8200
2025-10-29,TCBS,16.2,16.2,16.2,16.2,500
2025-10-28,TCBS,16.13,16.18,16.05,16.05,3900
2025-10-27,TCBS,16.09,16.09,16.09,16.09,1
2025-10-24,TCBS,16.09,16.09,16.09,16.09,545
2025-10-23,TCBS,16.09,16.09,16.09,16.09,600
2025-10-22,TCBS,16.0,16.0,16.0,16.0,400
2025-10-21,TCBS,16.14,16.14,16.14,16.14,35
2025-10-20,TCBS,16.14,16.14,16.14,16.14,8656
2025-10-17,TCBS,16.0,16.18,16.0,16.14,8700
2025-10-16,TCBS,16.0,16.0,16.0,16.0,1300
2025-10-15,TCBS,16.1,16.1,16.1,16.1,1
2025-10-14,TCBS,16.1,16.1,16.1,16.1,1202
2025-10-13,TCBS,16.1,16.1,16.1,16.1,2
2025-10-10,TCBS,16.17,16.18,16.1,16.1,8335
2025-10-09,TCBS,16.11,16.11,16.11,16.11,1
2025-10-08,TCBS,16.11,16.11,16.11,16.11,1
2025-10-07,TCBS,16.1,16.11,16.1,16.11,533
2025-12-05,CATO,3.38,3.49,3.35,3.47,40809
2025-12-04,CATO,3.6,3.6,3.38,3.41,30861
2025-12-03,CATO,3.47,3.6,3.4,3.6,33960
2025-12-02,CATO,3.42,3.49,3.39,3.48,20600
2025-12-01,CATO,3.45,3.48,3.28,3.42,34115
2025-11-28,CATO,3.5,3.57,3.48,3.5,13127
2025-11-26,CATO,3.46,3.6,3.46,3.49,22111
2025-11-25,CATO,3.1,3.48,3.1,3.46,42300
2025-11-24,CATO,3.22,3.22,3.03,3.08,103400
2025-11-21,CATO,3.3,3.34,3.22,3.25,14869
2025-11-20,CATO,3.35,3.42,3.22,3.35,130300
2025-11-19,CATO,3.47,3.48,3.37,3.42,26642
2025-11-18,CATO,3.33,3.47,3.32,3.41,16900
2025-11-17,CATO,3.55,3.55,3.32,3.35,77700
2025-11-14,CATO,3.5,3.68,3.5,3.55,27831
2025-11-13,CATO,3.61,3.69,3.41,3.5,349140
2025-11-12,CATO,3.72,3.8,3.65,3.66,47400
2025-11-11,CATO,3.7,3.76,3.69,3.73,7900
2025-11-10,CATO,3.69,3.87,3.68,3.75,38868
2025-11-07,CATO,3.72,3.74,3.62,3.67,36004
2025-11-06,CATO,3.76,3.8,3.74,3.78,16900
2025-11-05,CATO,3.84,3.87,3.8,3.85,11900
2025-11-04,CATO,3.9,4.04,3.79,3.86,25300
2025-11-03,CATO,3.83,3.99,3.83,3.95,36200
2025-10-31,CATO,3.63,3.89,3.63,3.85,35836
2025-10-30,CATO,3.82,3.9,3.65,3.68,42600
2025-10-29,CATO,3.94,4.04,3.82,3.86,18209
2025-10-28,CATO,4.33,4.44,3.68,3.93,340500
2025-10-27,CATO,4.29,4.46,3.92,4.36,241405
2025-10-24,CATO,4.34,4.34,4.19,4.27,12100
2025-10-23,CATO,4.27,4.33,4.09,4.31,22800
2025-10-22,CATO,4.1,4.59,3.91,4.23,199540
2025-10-21,CATO,4.04,4.28,3.95,3.99,14000
2025-10-20,CATO,3.92,4.11,3.92,4.08,24100
2025-10-17,CATO,3.87,3.94,3.67,3.89,80200
2025-10-16,CATO,4.08,4.09,3.83,3.89,64130
2025-10-15,CATO,4.2,4.21,4.06,4.09,59624
2025-10-14,CATO,4.18,4.23,4.16,4.18,52123
2025-10-13,CATO,4.29,4.3,4.16,4.2,65513
2025-10-10,CATO,4.39,4.5,4.25,4.29,57100
2025-10-09,CATO,4.31,4.4,4.28,4.4,34600
2025-10-08,CATO,4.32,4.45,4.27,4.33,33710
2025-10-07,CATO,4.35,4.44,4.24,4.31,21500
2025-12-05,SACH,1.05,1.14,1.05,1.09,471700
2025-12-04,SACH,1.04,1.07,1.04,1.05,150641
2025-12-03,SACH,1.05,1.07,1.0,1.04,386713
2025-12-02,SACH,1.03,1.05,1.02,1.04,81059
2025-12-01,SACH,1.02,1.05,1.02,1.02,141513
2025-11-28,SACH,1.02,1.08,1.02,1.03,160400
2025-11-26,SACH,1.03,1.06,1.02,1.02,131903
2025-11-25,SACH,1.03,1.06,1.02,1.05,248518
2025-11-24,SACH,0.99,1.04,0.99,1.03,59528
2025-11-21,SACH,0.99,1.02,0.9799,0.9927,143797
2025-11-20,SACH,0.9739,1.01,0.9644,0.9727,248708
2025-11-19,SACH,1.02,1.02,0.96,0.9637,323800
2025-11-18,SACH,1.04,1.05,1.01,1.02,164388
2025-11-17,SACH,1.06,1.08,1.03,1.04,209936
2025-11-14,SACH,1.03,1.06,1.03,1.05,90700
2025-11-13,SACH,1.04,1.08,1.0,1.05,197623
2025-11-12,SACH,1.04,1.06,1.04,1.05,84303
2025-11-11,SACH,1.05,1.09,1.04,1.04,130087
2025-11-10,SACH,1.05,1.08,1.04,1.07,139350
2025-11-07,SACH,1.05,1.06,1.05,1.06,68997
2025-11-06,SACH,1.05,1.07,1.05,1.06,62430
2025-11-05,SACH,1.06,1.09,1.05,1.06,128709
2025-11-04,SACH,1.09,1.1,1.06,1.06,108280
2025-11-03,SACH,1.09,1.1,1.06,1.08,152400
2025-10-31,SACH,1.05,1.09,1.04,1.09,135222
2025-10-30,SACH,1.06,1.08,1.05,1.06,189004
2025-10-29,SACH,1.09,1.09,1.06,1.06,118315
2025-10-28,SACH,1.08,1.1,1.07,1.09,86100
2025-10-27,SACH,1.12,1.12,1.08,1.09,143067
2025-10-24,SACH,1.09,1.11,1.08,1.1,163401
2025-10-23,SACH,1.09,1.12,1.06,1.08,186035
2025-10-22,SACH,1.08,1.1,1.07,1.1,89961
2025-10-21,SACH,1.09,1.11,1.08,1.09,108290
2025-10-20,SACH,1.05,1.1,1.05,1.1,201950
2025-10-17,SACH,1.06,1.09,1.05,1.05,235029
2025-10-16,SACH,1.12,1.14,1.08,1.09,74695
2025-10-15,SACH,1.11,1.15,1.09,1.12,160805
2025-10-14,SACH,1.07,1.11,1.07,1.11,201018
2025-10-13,SACH,1.08,1.09,1.06,1.07,206184
2025-10-10,SACH,1.12,1.14,1.07,1.08,192848
2025-10-09,SACH,1.14,1.16,1.11,1.12,111683
2025-10-08,SACH,1.12,1.18,1.12,1.14,133900
2025-10-07,SACH,1.15,1.16,1.11,1.11,169400
2025-12-05,GWH,2.41,2.41,2.13,2.16,521948
2025-12-04,GWH,2.22,2.44,2.22,2.38,799211
2025-12-03,GWH,2.37,2.38,2.23,2.27,563632
2025-12-02,GWH,2.45,2.46,2.33,2.33,320022
2025-12-01,GWH,2.74,2.77,2.41,2.41,430000
2025-11-28,GWH,2.7,2.83,2.69,2.75,525100
2025-11-26,GWH,2.61,2.65,2.5,2.65,395417
2025-11-25,GWH,2.52,2.66,2.38,2.58,669524
2025-11-24,GWH,2.49,2.57,2.4,2.48,485833
2025-11-21,GWH,2.35,2.46,2.24,2.44,653048
2025-11-20,GWH,2.62,2.77,2.38,2.4,611700
2025-11-19,GWH,2.58,2.61,2.46,2.52,453600
2025-11-18,GWH,2.48,2.67,2.4,2.55,450600
2025-11-17,GWH,2.67,2.84,2.46,2.57,777316
2025-11-14,GWH,3.17,3.41,2.64,2.76,1901139
2025-11-13,GWH,4.41,4.67,4.19,4.25,1131200
2025-11-12,GWH,4.3,4.5,4.17,4.4,480811
2025-11-11,GWH,4.28,4.41,4.06,4.25,362430
2025-11-10,GWH,4.64,4.75,4.19,4.29,539400
2025-11-07,GWH,4.11,4.51,3.8,4.44,669218
2025-11-06,GWH,4.49,4.49,4.08,4.18,480608
2025-11-05,GWH,3.64,4.64,3.64,4.56,1388200
2025-11-04,GWH,3.59,3.82,3.5,3.62,483700
2025-11-03,GWH,4.02,4.26,3.78,3.78,584700
2025-10-31,GWH,4.21,4.29,3.84,4.13,648037
2025-10-30,GWH,4.44,4.44,4.0,4.0,595509
2025-10-29,GWH,4.61,4.66,4.33,4.35,920900
2025-10-28,GWH,5.11,5.29,4.53,4.7,1475006
2025-10-27,GWH,4.71,5.67,4.66,4.9,3330535
2025-10-24,GWH,4.71,4.9,4.48,4.51,1371124
2025-10-23,GWH,4.63,5.19,4.63,4.84,1261511
2025-10-22,GWH,4.14,4.84,4.04,4.74,2608300
2025-10-21,GWH,4.8,4.8,4.14,4.33,2570238
2025-10-20,GWH,5.05,5.47,4.75,4.78,3199343
2025-10-17,GWH,4.87,6.68,4.65,5.28,30573506
2025-10-16,GWH,5.39,5.67,4.53,4.55,6035044
2025-10-15,GWH,6.32,6.9,6.0,6.12,7798827
2025-10-14,GWH,10.65,10.77,6.58,7.58,30853000
2025-10-13,GWH,5.8,13.87,5.63,9.05,162649645
2025-10-10,GWH,3.63,5.33,3.04,4.16,280689218
2025-10-09,GWH,1.8,1.84,1.65,1.72,8558900
2025-10-08,GWH,2.0,2.0,1.75,1.79,568100
2025-10-07,GWH,1.96,2.1,1.76,1.89,1003549
2025-12-05,TELO,1.38,1.38,1.34,1.37,141918
2025-12-04,TELO,1.33,1.38,1.3,1.36,232900
2025-12-03,TELO,1.28,1.33,1.27,1.32,179834
2025-12-02,TELO,1.3,1.32,1.27,1.29,123600
2025-12-01,TELO,1.31,1.33,1.27,1.29,241712
2025-11-28,TELO,1.33,1.36,1.29,1.34,311524
2025-11-26,TELO,1.33,1.35,1.29,1.32,275412
2025-11-25,TELO,1.27,1.33,1.26,1.31,394100
2025-11-24,TELO,1.28,1.29,1.21,1.27,467603
2025-11-21,TELO,1.43,1.46,1.23,1.28,6095300
2025-11-20,TELO,1.46,1.47,1.38,1.39,336326
2025-11-19,TELO,1.42,1.45,1.39,1.43,163345
2025-11-18,TELO,1.4,1.44,1.35,1.43,215243
2025-11-17,TELO,1.37,1.4,1.33,1.4,224014
2025-11-14,TELO,1.3,1.38,1.27,1.35,381814
2025-11-13,TELO,1.32,1.37,1.3,1.3,307900
2025-11-12,TELO,1.4,1.47,1.34,1.35,1851108
2025-11-11,TELO,1.34,1.43,1.32,1.42,418610
2025-11-10,TELO,1.32,1.4,1.32,1.37,242600
2025-11-07,TELO,1.33,1.33,1.27,1.31,286600
2025-11-06,TELO,1.37,1.39,1.34,1.35,348400
2025-11-05,TELO,1.41,1.42,1.37,1.39,223500
2025-11-04,TELO,1.5,1.51,1.41,1.41,524241
2025-11-03,TELO,1.53,1.55,1.5,1.5,223700
2025-10-31,TELO,1.49,1.56,1.49,1.56,371706
2025-10-30,TELO,1.5,1.52,1.5,1.5,353200
2025-10-29,TELO,1.53,1.58,1.5,1.5,623325
2025-10-28,TELO,1.54,1.56,1.5,1.51,570400
2025-10-27,TELO,1.53,1.58,1.51,1.57,652900
2025-10-24,TELO,1.47,1.55,1.39,1.5,1251230
2025-10-23,TELO,1.39,1.57,1.39,1.48,7144144
2025-10-22,TELO,1.5,1.51,1.35,1.38,1534708
2025-10-21,TELO,1.63,1.7,1.5,1.5,2301714
2025-10-20,TELO,1.58,1.69,1.58,1.66,4996800
2025-10-17,TELO,1.56,1.64,1.52,1.57,544800
2025-10-16,TELO,1.71,1.75,1.61,1.62,924735
2025-10-15,TELO,1.65,1.75,1.63,1.73,1074645
2025-10-14,TELO,1.75,1.75,1.63,1.64,2214300
2025-10-13,TELO,1.54,1.65,1.53,1.6,976124
2025-10-10,TELO,1.79,1.82,1.6,1.65,2848400
2025-10-09,TELO,2.02,2.09,1.9,1.93,23092637
2025-10-08,TELO,1.7,1.74,1.57,1.65,10857807
2025-10-07,TELO,1.72,1.86,1.62,1.8,18443800
2025-12-05,MPU,1.2,1.31,1.2,1.26,164535
2025-12-04,MPU,1.2,1.24,1.16,1.2,57200
2025-12-03,MPU,1.16,1.26,1.14,1.19,119399
2025-12-02,MPU,1.01,1.16,0.98,1.15,208900
2025-12-01,MPU,1.33,1.33,1.21,1.26,284918
2025-11-28,MPU,1.4,1.4,1.23,1.34,406600
2025-11-26,MPU,1.07,1.31,1.05,1.25,614040
2025-11-25,MPU,0.85,1.06,0.85,1.03,518300
2025-11-24,MPU,0.8102,0.8684,0.78,0.813,118600
2025-11-21,MPU,0.7925,0.8319,0.75,0.8,71601
2025-11-20,MPU,0.83455,0.88,0.8085,0.8086,19800
2025-11-19,MPU,0.8893,0.8893,0.8495,0.85,50700
2025-11-18,MPU,0.9,0.9232,0.8801,0.8801,105900
2025-11-17,MPU,0.9285,0.9425,0.9,0.9002,72305
2025-11-14,MPU,0.9878,0.9878,0.9,0.9292,70546
2025-11-13,MPU,1.0,1.03,0.95,1.01,147612
2025-11-12,MPU,1.0,1.0,0.95,0.9964,134619
2025-11-11,MPU,1.03,1.05,1.0,1.0,31300
2025-11-10,MPU,0.99,1.05,0.99,1.03,21900
2025-11-07,MPU,1.05,1.08,0.96495,0.9801,198100
2025-11-06,MPU,1.09,1.12,1.03,1.05,88100
2025-11-05,MPU,1.1,1.13,1.02,1.05,120100
2025-11-04,MPU,1.09,1.16,1.05,1.11,78035
2025-11-03,MPU,1.11,1.12,1.04,1.09,148000
2025-10-31,MPU,1.11,1.17,1.07,1.12,126800
2025-10-30,MPU,1.12,1.14,1.02,1.08,202200
2025-10-29,MPU,1.26,1.26,1.15,1.15,109449
2025-10-28,MPU,1.25,1.27,1.23,1.24,72679
2025-10-27,MPU,1.21,1.27,1.21,1.25,91678
2025-10-24,MPU,1.18,1.2,1.15,1.19,45180
2025-10-23,MPU,1.09,1.19,1.08,1.18,89704
2025-10-22,MPU,1.11,1.12,1.06,1.09,91778
2025-10-21,MPU,1.14,1.15,1.1,1.11,64008
2025-10-20,MPU,1.14,1.15,1.09,1.15,124900
2025-10-17,MPU,1.02,1.19,1.02,1.09,96835
2025-10-16,MPU,1.18,1.18,1.06,1.06,95731
2025-10-15,MPU,1.11,1.19,1.1,1.19,284442
2025-10-14,MPU,1.08,1.12,1.06,1.11,74515
2025-10-13,MPU,0.9938,1.13,0.9938,1.11,254005
2025-10-10,MPU,1.12,1.15,0.9612,0.989,196616
2025-10-09,MPU,1.12,1.16,1.05,1.13,219424
2025-10-08,MPU,1.13,1.18,1.11,1.14,244517
2025-10-07,MPU,1.23,1.26,1.14,1.15,379000
2025-12-05,KOSS,4.89,4.9,4.82,4.82,19100
2025-12-04,KOSS,4.86,4.93,4.8,4.85,18305
2025-12-03,KOSS,4.9,4.97,4.81,4.94,21745
2025-12-02,KOSS,4.94,4.99,4.86,4.9,19860
2025-12-01,KOSS,4.92,4.98,4.83,4.85,11300
2025-11-28,KOSS,4.79,5.06,4.79,5.06,25044
2025-11-26,KOSS,4.83,4.92,4.71,4.81,28627
2025-11-25,KOSS,4.71,4.91,4.66,4.8,23160
2025-11-24,KOSS,4.62,4.74,4.62,4.62,24429
2025-11-21,KOSS,4.55,4.82,4.5,4.66,56500
2025-11-20,KOSS,4.62,4.72,4.52,4.57,14701
2025-11-19,KOSS,4.64,4.7,4.56,4.62,12823
2025-11-18,KOSS,4.74,4.74,4.61,4.64,12667
2025-11-17,KOSS,4.82,4.87,4.65,4.75,17633
2025-11-14,KOSS,4.74,4.99,4.74,4.82,11079
2025-11-13,KOSS,4.99,4.99,4.75,4.8,21569
2025-11-12,KOSS,4.98,5.07,4.88,4.92,22897
2025-11-11,KOSS,5.09,5.09,4.83,5.01,33613
2025-11-10,KOSS,4.58,5.1,4.58,5.09,71644
2025-11-07,KOSS,4.45,4.55,4.34,4.5,34308
2025-11-06,KOSS,4.72,4.78,4.46,4.54,25042
2025-11-05,KOSS,4.61,4.76,4.6,4.71,26703
2025-11-04,KOSS,4.71,4.88,4.59,4.61,52132
2025-11-03,KOSS,4.81,4.85,4.72,4.78,18469
2025-10-31,KOSS,5.19,5.19,4.81,4.83,41530
2025-10-30,KOSS,4.9,4.9,4.75,4.79,30121
2025-10-29,KOSS,5.01,5.02,4.86,4.89,26850
2025-10-28,KOSS,5.05,5.16,5.0,5.06,26945
2025-10-27,KOSS,5.15,5.3,5.04,5.08,54601
2025-10-24,KOSS,5.19,5.21,5.05,5.19,33100
2025-10-23,KOSS,4.99,5.12,4.98,5.04,29618
2025-10-22,KOSS,5.46,5.59,4.85,4.97,154147
2025-10-21,KOSS,5.0,5.5,5.0,5.48,122000
2025-10-20,KOSS,4.93,5.06,4.9,4.99,27275
2025-10-17,KOSS,5.18,5.27,4.72,4.91,87783
2025-10-16,KOSS,5.38,5.51,5.18,5.18,31285
2025-10-15,KOSS,5.17,5.7,5.16,5.4,241548
2025-10-14,KOSS,4.85,5.15,4.82,5.11,21612
2025-10-13,KOSS,4.91,5.1,4.88,4.94,30731
2025-10-10,KOSS,4.93,5.03,4.84,4.86,40146
2025-10-09,KOSS,4.98,4.99,4.85,4.89,55355
2025-10-08,KOSS,5.01,5.09,4.96,4.96,32013
2025-10-07,KOSS,5.08,5.18,4.96,5.03,30550
2025-12-05,ATNM,1.45,1.47,1.4,1.43,86058
2025-12-04,ATNM,1.45,1.54,1.41,1.45,82217
2025-12-03,ATNM,1.38,1.48,1.38,1.45,151031
2025-12-02,ATNM,1.37,1.4,1.33,1.38,112739
2025-12-01,ATNM,1.4,1.42,1.36,1.37,385800
2025-11-28,ATNM,1.44,1.44,1.38,1.38,58000
2025-11-26,ATNM,1.38,1.48,1.37,1.45,94529
2025-11-25,ATNM,1.38,1.4,1.32,1.4,53500
2025-11-24,ATNM,1.31,1.42,1.3,1.37,101139
2025-11-21,ATNM,1.28,1.34,1.25,1.33,118500
2025-11-20,ATNM,1.35,1.41,1.29,1.29,168557
2025-11-19,ATNM,1.44,1.44,1.33,1.36,123256
2025-11-18,ATNM,1.46,1.48,1.38,1.43,193709
2025-11-17,ATNM,1.38,1.6,1.35,1.45,1620603
2025-11-14,ATNM,1.24,1.34,1.24,1.27,63002
2025-11-13,ATNM,1.3,1.31,1.23,1.25,102200
2025-11-12,ATNM,1.28,1.32,1.28,1.3,71317
2025-11-11,ATNM,1.29,1.33,1.27,1.31,136056
2025-11-10,ATNM,1.28,1.33,1.26,1.33,87611
2025-11-07,ATNM,1.3,1.32,1.23,1.26,286600
2025-11-06,ATNM,1.36,1.4,1.3,1.32,145319
2025-11-05,ATNM,1.33,1.36,1.33,1.34,90731
2025-11-04,ATNM,1.35,1.4,1.33,1.35,273088
2025-11-03,ATNM,1.41,1.43,1.36,1.38,305800
2025-10-31,ATNM,1.41,1.44,1.4,1.43,97380
2025-10-30,ATNM,1.43,1.45,1.4,1.42,125673
2025-10-29,ATNM,1.47,1.48,1.41,1.46,221900
2025-10-28,ATNM,1.54,1.55,1.44,1.48,193901
2025-10-27,ATNM,1.68,1.69,1.53,1.53,584400
2025-10-24,ATNM,1.56,1.74,1.51,1.67,1888002
2025-10-23,ATNM,1.45,1.46,1.39,1.43,168911
2025-10-22,ATNM,1.5,1.5,1.4,1.44,281000
2025-10-21,ATNM,1.53,1.54,1.45,1.51,71710
2025-10-20,ATNM,1.49,1.53,1.45,1.52,142713
2025-10-17,ATNM,1.46,1.49,1.45,1.46,142000
2025-10-16,ATNM,1.55,1.57,1.45,1.46,219930
2025-10-15,ATNM,1.55,1.59,1.51,1.55,267403
2025-10-14,ATNM,1.61,1.61,1.53,1.56,192196
2025-10-13,ATNM,1.49,1.61,1.47,1.61,428400
2025-10-10,ATNM,1.52,1.53,1.48,1.49,136910
2025-10-09,ATNM,1.54,1.59,1.48,1.5,241700
2025-10-08,ATNM,1.57,1.59,1.53,1.54,125225
2025-10-07,ATNM,1.58,1.59,1.55,1.58,71941
2025-12-05,PMEC,1.06,1.09,1.01,1.03,29700
2025-12-04,PMEC,1.06,1.07,1.01,1.03,8000
2025-12-03,PMEC,0.965,1.1,0.965,1.06,77822
2025-12-02,PMEC,0.9901,0.995,0.9901,0.995,426
2025-12-01,PMEC,1.04,1.04,0.9801,0.99,20315
2025-11-28,PMEC,0.994,1.05,0.994,1.04,12506
2025-11-26,PMEC,1.03,1.03,1.02,1.02,4718
2025-11-25,PMEC,0.98,1.03,0.98,1.03,14700
2025-11-24,PMEC,1.0,1.04,0.9801,1.02,8700
2025-11-21,PMEC,0.9558,1.03,0.9558,0.99,12168
2025-11-20,PMEC,1.03,1.07,0.9506,0.9557,78600
2025-11-19,PMEC,1.01,1.02,0.98,1.01,36600
2025-11-18,PMEC,0.901,1.1,0.901,0.9985,162348
2025-11-17,PMEC,0.91,1.13,0.8888,0.8888,265800
2025-11-14,PMEC,0.9149,1.37,0.826,0.9856,2986613
2025-11-13,PMEC,1.1,1.1,0.8122,0.8394,110500
2025-11-12,PMEC,1.17,1.26,1.11,1.11,12337
2025-11-11,PMEC,1.19,1.25,1.17,1.18,10324
2025-11-10,PMEC,1.22,1.22,1.19,1.2,3928
2025-11-07,PMEC,1.17,1.25,1.17,1.24,7705
2025-11-06,PMEC,1.22,1.27,1.18,1.23,20031
2025-11-05,PMEC,1.32,1.38,1.22,1.22,28600
2025-11-04,PMEC,1.43,1.45,1.29,1.29,62435
2025-11-03,PMEC,1.62,1.62,1.43,1.43,64900
2025-10-31,PMEC,1.63,1.67,1.6,1.6,32033
2025-10-30,PMEC,1.69,1.73,1.65,1.65,32638
2025-10-29,PMEC,1.81,1.81,1.7,1.7,42200
2025-10-28,PMEC,1.8,1.89,1.58,1.88,345545
2025-10-27,PMEC,1.87,1.91,1.78,1.83,88900
2025-10-24,PMEC,2.02,2.02,1.84,1.87,145929
2025-10-23,PMEC,2.01,2.09,1.91,1.96,138739
2025-10-22,PMEC,2.2,2.25,2.0,2.1,170800
2025-10-21,PMEC,2.2,2.3,2.18,2.21,202601
2025-10-20,PMEC,2.19,2.28,2.09,2.15,255751
2025-10-17,PMEC,2.15,2.33,2.02,2.08,160667
2025-10-16,PMEC,2.05,2.44,2.0,2.22,416728
2025-10-15,PMEC,1.9,2.13,1.81,1.97,191700
2025-10-14,PMEC,1.7,1.9,1.66,1.87,147818
2025-10-13,PMEC,1.68,1.84,1.68,1.8,83000
2025-10-10,PMEC,1.7,1.7,1.66,1.66,7500
2025-10-09,PMEC,1.71,1.71,1.67,1.7,10333
2025-10-08,PMEC,1.72,1.72,1.66,1.68,6708
2025-10-07,PMEC,1.78,1.84,1.72,1.73,35287
2025-12-05,MSGY,2.8,2.85,2.76,2.83,272132
2025-12-04,MSGY,2.74,2.89,2.66,2.81,1810221
2025-12-03,MSGY,2.84,2.85,2.65,2.71,147700
2025-12-02,MSGY,2.88,3.09,2.75,2.9,1405948
2025-12-01,MSGY,2.74,2.86,2.64,2.86,370611
2025-11-28,MSGY,2.7,2.94,2.62,2.69,1870206
2025-11-26,MSGY,2.63,2.77,2.62,2.75,516737
2025-11-25,MSGY,2.65,2.72,2.52,2.61,1114116
2025-11-24,MSGY,2.48,2.64,2.38,2.55,117341
2025-11-21,MSGY,2.29,2.56,2.16,2.45,279600
2025-11-20,MSGY,2.24,2.43,2.02,2.23,214100
2025-11-19,MSGY,2.15,2.39,2.0,2.24,332200
2025-11-18,MSGY,1.71,2.16,1.7,2.08,461844
2025-11-17,MSGY,1.71,1.87,1.65,1.8,473009
2025-11-14,MSGY,1.38,1.79,1.38,1.71,900149
2025-11-13,MSGY,1.3,1.53,1.29,1.37,226115
2025-11-12,MSGY,1.21,1.45,1.21,1.35,280600
2025-11-11,MSGY,1.18,1.49,1.13,1.19,677142
2025-11-10,MSGY,1.25,1.7,1.18,1.46,21094200
2025-11-07,MSGY,1.4,1.42,0.83,0.95,1943600
2025-11-06,MSGY,1.44,1.55,1.41,1.42,13483
2025-11-05,MSGY,1.42,1.53,1.42,1.45,27219
2025-11-04,MSGY,1.42,1.55,1.4,1.45,34699
2025-11-03,MSGY,1.58,1.58,1.47,1.49,66222
2025-10-31,MSGY,1.51,1.65,1.51,1.58,45100
2025-10-30,MSGY,1.52,1.65,1.52,1.54,113195
2025-10-29,MSGY,1.5,1.59,1.5,1.53,69352
2025-10-28,MSGY,1.5,1.6,1.49,1.5,64400
2025-10-27,MSGY,1.54,1.66,1.51,1.53,159328
2025-10-24,MSGY,1.55,1.7,1.55,1.62,73521
2025-10-23,MSGY,1.55,1.68,1.55,1.59,48476
2025-10-22,MSGY,1.58,1.7,1.48,1.56,184198
2025-10-21,MSGY,1.66,1.75,1.66,1.68,46327
2025-10-20,MSGY,1.69,1.75,1.62,1.68,135100
2025-10-17,MSGY,1.67,1.81,1.66,1.69,161746
2025-10-16,MSGY,1.65,1.76,1.65,1.68,100347
2025-10-15,MSGY,1.78,1.78,1.62,1.66,140131
2025-10-14,MSGY,1.56,1.73,1.52,1.6,112200
2025-10-13,MSGY,1.59,1.64,1.51,1.56,99800
2025-10-10,MSGY,1.6,1.74,1.59,1.6,222800
2025-10-09,MSGY,1.55,1.78,1.55,1.62,470633
2025-10-08,MSGY,1.53,1.57,1.41,1.52,525000
2025-10-07,MSGY,1.93,1.94,1.61,1.61,633400
2025-12-05,CALC,4.57,4.57,4.26,4.37,61221
2025-12-04,CALC,4.64,4.75,4.47,4.57,40200
2025-12-03,CALC,4.51,4.82,4.23,4.69,39208
2025-12-02,CALC,4.26,4.6,4.23,4.6,47001
2025-12-01,CALC,4.26,4.39,4.21,4.29,35500
2025-11-28,CALC,4.16,4.27,3.92,4.27,36400
2025-11-26,CALC,3.65,4.15,3.65,4.1,38500
2025-11-25,CALC,4.09,4.49,3.88,3.95,124224
2025-11-24,CALC,3.31,4.21,3.2,4.19,1257500
2025-11-21,CALC,3.17,3.29,3.03,3.29,17357
2025-11-20,CALC,3.25,3.3,3.16,3.16,14113
2025-11-19,CALC,3.02,3.35,3.0,3.16,83800
2025-11-18,CALC,3.01,3.18,3.01,3.07,7600
2025-11-17,CALC,3.0,3.19,3.0,3.14,7800
2025-11-14,CALC,3.13,3.14,3.0,3.0,7900
2025-11-13,CALC,3.25,3.3,3.02,3.23,27426
2025-11-12,CALC,3.23,3.38,3.17,3.34,33800
2025-11-11,CALC,3.06,3.39,3.06,3.21,31434
2025-11-10,CALC,3.13,3.2,2.97,3.06,13700
2025-11-07,CALC,2.97,3.09,2.96,3.04,15100
2025-11-06,CALC,2.97,3.1,2.96,3.06,17400
2025-11-05,CALC,2.96,3.11,2.96,2.97,18422
2025-11-04,CALC,2.95,3.13,2.95,3.05,27200
2025-11-03,CALC,2.97,3.03,2.96,2.99,40100
2025-10-31,CALC,3.03,3.03,2.96,2.96,11100
2025-10-30,CALC,2.96,3.0,2.96,2.99,19221
2025-10-29,CALC,3.09,3.09,2.96,2.97,39500
2025-10-28,CALC,3.03,3.14,2.96,3.11,25203
2025-10-27,CALC,3.05,3.12,3.0,3.03,20700
2025-10-24,CALC,3.04,3.15,2.96,3.01,34837
2025-10-23,CALC,2.96,3.07,2.96,3.07,36000
2025-10-22,CALC,3.15,3.22,2.96,3.02,57138
2025-10-21,CALC,3.2,3.22,3.12,3.13,15212
2025-10-20,CALC,3.04,3.26,3.04,3.19,14000
2025-10-17,CALC,3.23,3.23,3.07,3.21,23600
2025-10-16,CALC,3.19,3.25,3.16,3.25,35236
2025-10-15,CALC,3.24,3.33,3.13,3.14,77000
2025-10-14,CALC,3.3,3.32,3.16,3.25,29741
2025-10-13,CALC,3.16,3.41,3.15,3.26,40914
2025-10-10,CALC,3.38,3.65,3.06,3.17,241690
2025-10-09,CALC,3.2,3.38,3.2,3.38,20438
2025-10-08,CALC,3.31,3.32,2.96,3.19,71315
2025-10-07,CALC,3.23,3.42,3.21,3.39,17500
2025-12-05,MDCX,2.01,2.1,1.93,2.05,370909
2025-12-04,MDCX,1.87,2.26,1.87,1.92,1158709
2025-12-03,MDCX,1.9,1.93,1.68,1.73,546466
2025-12-02,MDCX,2.0,2.01,1.91,1.92,191700
2025-12-01,MDCX,2.11,2.24,1.94,1.98,356312
2025-11-28,MDCX,2.1,2.28,2.05,2.2,167040
2025-11-26,MDCX,1.99,2.05,1.98,2.05,136232
2025-11-25,MDCX,1.98,2.04,1.9,1.98,226404
2025-11-24,MDCX,2.04,2.08,1.97,1.98,388900
2025-11-21,MDCX,2.04,2.14,2.04,2.13,118500
2025-11-20,MDCX,2.22,2.25,2.0,2.04,281300
2025-11-19,MDCX,2.22,2.28,2.15,2.24,266100
2025-11-18,MDCX,2.3,2.31,2.14,2.14,332378
2025-11-17,MDCX,2.3,2.55,2.25,2.3,830336
2025-11-14,MDCX,2.21,2.26,2.17,2.2,122730
2025-11-13,MDCX,2.39,2.42,2.16,2.26,363300
2025-11-12,MDCX,2.34,2.52,2.32,2.39,357700
2025-11-11,MDCX,2.35,2.4,2.25,2.25,155900
2025-11-10,MDCX,2.34,2.46,2.33,2.36,177600
2025-11-07,MDCX,2.4,2.45,2.28,2.39,136940
2025-11-06,MDCX,2.32,2.47,2.24,2.42,223139
2025-11-05,MDCX,2.29,2.34,2.23,2.3,97185
2025-11-04,MDCX,2.29,2.35,2.15,2.2,279606
2025-11-03,MDCX,2.4,2.45,2.3,2.34,199721
2025-10-31,MDCX,2.5,2.5,2.35,2.44,268939
2025-10-30,MDCX,2.37,2.6,2.32,2.47,251800
2025-10-29,MDCX,2.37,2.5,2.3,2.3,347600
2025-10-28,MDCX,2.37,2.44,2.3,2.41,251100
2025-10-27,MDCX,2.74,2.74,2.35,2.39,566100
2025-10-24,MDCX,2.6,2.78,2.57,2.7,886206
2025-10-23,MDCX,2.4,2.52,2.39,2.43,185732
2025-10-22,MDCX,2.44,2.48,2.34,2.38,139558
2025-10-21,MDCX,2.51,2.57,2.35,2.38,349900
2025-10-20,MDCX,2.5,2.71,2.38,2.49,841703
2025-10-17,MDCX,2.41,2.48,2.3,2.36,247464
2025-10-16,MDCX,2.31,2.48,2.28,2.41,176945
2025-10-15,MDCX,2.34,2.38,2.28,2.29,351605
2025-10-14,MDCX,2.35,2.4,2.28,2.38,276914
2025-10-13,MDCX,2.48,2.48,2.3,2.32,258600
2025-10-10,MDCX,2.56,2.7,2.4,2.48,461603
2025-10-09,MDCX,2.46,2.54,2.38,2.51,183200
2025-10-08,MDCX,2.38,2.5,2.36,2.46,159822
2025-10-07,MDCX,2.48,2.58,2.33,2.42,377700
2025-12-05,INCR,1.33,1.36,1.33,1.36,4036
2025-12-04,INCR,1.31,1.38,1.28,1.33,16334
2025-12-03,INCR,1.29,1.32,1.27,1.31,7100
2025-12-02,INCR,1.31,1.34,1.31,1.32,3601
2025-12-01,INCR,1.3,1.4,1.3,1.33,14228
2025-11-28,INCR,1.34,1.34,1.34,1.34,2323
2025-11-26,INCR,1.34,1.35,1.31,1.35,1700
2025-11-25,INCR,1.32,1.32,1.3,1.3,8800
2025-11-24,INCR,1.31,1.35,1.29,1.3,9600
2025-11-21,INCR,1.31,1.31,1.3,1.31,2047
2025-11-20,INCR,1.33,1.33,1.3,1.3,4244
2025-11-19,INCR,1.34,1.37,1.31,1.34,6222
2025-11-18,INCR,1.33,1.35,1.31,1.32,3400
2025-11-17,INCR,1.35,1.38,1.31,1.37,19100
2025-11-14,INCR,1.37,1.39,1.34,1.37,52000
2025-11-13,INCR,1.4,1.4,1.34,1.37,14800
2025-11-12,INCR,1.4,1.41,1.31,1.36,20300
2025-11-11,INCR,1.4,1.42,1.36,1.41,11700
2025-11-10,INCR,1.41,1.43,1.33,1.43,75390
2025-11-07,INCR,1.33,1.35,1.32,1.35,18547
2025-11-06,INCR,1.39,1.39,1.34,1.38,4506
2025-11-05,INCR,1.4,1.4,1.36,1.37,9213
2025-11-04,INCR,1.41,1.41,1.37,1.38,16800
2025-11-03,INCR,1.43,1.46,1.4,1.46,66848
2025-10-31,INCR,1.41,1.41,1.38,1.4,11609
2025-10-30,INCR,1.4,1.4,1.32,1.4,17276
2025-10-29,INCR,1.45,1.47,1.39,1.39,36109
2025-10-28,INCR,1.47,1.47,1.4,1.44,14707
2025-10-27,INCR,1.52,1.52,1.47,1.47,7263
2025-10-24,INCR,1.48,1.51,1.47,1.51,31242
2025-10-23,INCR,1.46,1.51,1.44,1.47,17211
2025-10-22,INCR,1.49,1.5,1.42,1.43,32840
2025-10-21,INCR,1.54,1.54,1.47,1.49,6644
2025-10-20,INCR,1.58,1.58,1.49,1.56,54900
2025-10-17,INCR,1.56,1.59,1.49,1.59,40328
2025-10-16,INCR,1.6,1.62,1.54,1.54,57300
2025-10-15,INCR,1.61,1.62,1.58,1.58,6715
2025-10-14,INCR,1.63,1.63,1.55,1.63,28800
2025-10-13,INCR,1.62,1.66,1.58,1.63,39300
2025-10-10,INCR,1.68,1.68,1.56,1.6,30100
2025-10-09,INCR,1.62,1.69,1.6,1.68,128800
2025-10-08,INCR,1.62,1.62,1.5,1.61,133700
2025-10-07,INCR,1.59,1.62,1.58,1.62,7217
2025-12-05,MAIA,1.2,1.21,1.15,1.2,241776
2025-12-04,MAIA,1.08,1.25,1.08,1.2,651633
2025-12-03,MAIA,1.14,1.2,1.08,1.12,430603
2025-12-02,MAIA,1.22,1.24,1.07,1.18,694808
2025-12-01,MAIA,1.3,1.46,1.12,1.2,4092200
2025-11-28,MAIA,1.13,1.18,1.08,1.18,217400
2025-11-26,MAIA,1.0,1.1,0.9863,1.06,382949
2025-11-25,MAIA,0.971,1.0,0.95,0.9699,154621
2025-11-24,MAIA,0.93,0.9899,0.8946,0.989,193525
2025-11-21,MAIA,0.8873,0.9473,0.8873,0.9115,151040
2025-11-20,MAIA,0.9,0.9748,0.87,0.871,175000
2025-11-19,MAIA,0.98,1.0,0.901,0.92,239558
2025-11-18,MAIA,0.99,1.05,0.9801,1.01,155117
2025-11-17,MAIA,1.01,1.09,0.98,1.0,186366
2025-11-14,MAIA,1.02,1.07,1.0,1.04,179300
2025-11-13,MAIA,1.07,1.09,0.9841,1.01,214700
2025-11-12,MAIA,1.13,1.15,1.06,1.07,188953
2025-11-11,MAIA,1.14,1.16,1.09,1.12,165632
2025-11-10,MAIA,1.13,1.15,1.1,1.15,128349
2025-11-07,MAIA,1.08,1.13,1.05,1.12,260100
2025-11-06,MAIA,1.12,1.14,1.08,1.1,208100
2025-11-05,MAIA,1.07,1.15,1.05,1.13,184921
2025-11-04,MAIA,1.16,1.16,1.09,1.1,267932
2025-11-03,MAIA,1.23,1.23,1.12,1.16,338400
2025-10-31,MAIA,1.34,1.35,1.22,1.24,504107
2025-10-30,MAIA,1.3,1.33,1.29,1.31,103751
2025-10-29,MAIA,1.41,1.43,1.26,1.3,495600
2025-10-28,MAIA,1.5,1.5,1.38,1.4,427406
2025-10-27,MAIA,1.43,1.57,1.42,1.5,1386902
2025-10-24,MAIA,1.48,1.5,1.4,1.43,527200
2025-10-23,MAIA,1.46,1.54,1.4,1.46,7403420
2025-10-22,MAIA,1.4,1.41,1.33,1.36,402600
2025-10-21,MAIA,1.33,1.37,1.28,1.36,282202
2025-10-20,MAIA,1.28,1.32,1.26,1.32,185117
2025-10-17,MAIA,1.34,1.35,1.27,1.28,248728
2025-10-16,MAIA,1.45,1.47,1.35,1.35,430533
2025-10-15,MAIA,1.48,1.52,1.41,1.44,375439
2025-10-14,MAIA,1.52,1.53,1.45,1.47,353400
2025-10-13,MAIA,1.59,1.59,1.52,1.57,563937
2025-10-10,MAIA,1.68,1.71,1.51,1.52,867003
2025-10-09,MAIA,1.82,1.82,1.68,1.72,494500
2025-10-08,MAIA,1.82,1.83,1.76,1.81,454922
2025-10-07,MAIA,1.88,1.97,1.76,1.79,2390734
2025-12-05,AXIL,5.02,5.03,5.02,5.03,3027
2025-12-04,AXIL,5.0,5.07,4.71,5.0,10939
2025-12-03,AXIL,5.2,5.2,5.03,5.1,2400
2025-12-02,AXIL,5.09,5.15,4.96,4.96,4400
2025-12-01,AXIL,5.0,5.13,5.0,5.04,13408
2025-11-28,AXIL,5.11,5.32,5.1,5.1,2207
2025-11-26,AXIL,5.05,5.21,5.0,5.0,38500
2025-11-25,AXIL,4.78,5.25,4.78,5.15,7503
2025-11-24,AXIL,5.18,5.18,4.8,4.9,12900
2025-11-21,AXIL,4.76,5.0,4.28,4.8,25512
2025-11-20,AXIL,5.0,5.27,4.75,4.75,7900
2025-11-19,AXIL,4.88,5.0,4.88,4.88,1000
2025-11-18,AXIL,4.9,4.95,4.9,4.95,900
2025-11-17,AXIL,4.9,5.03,4.88,4.88,3847
2025-11-14,AXIL,5.02,5.1,4.86,4.86,10300
2025-11-13,AXIL,4.95,5.68,4.95,5.2,11300
2025-11-12,AXIL,5.12,5.12,4.84,4.92,18000
2025-11-11,AXIL,5.07,5.07,5.07,5.07,704
2025-11-10,AXIL,5.17,5.43,4.9,4.99,10100
2025-11-07,AXIL,5.11,5.43,4.87,5.17,19506
2025-11-06,AXIL,5.4,5.7,5.2,5.26,4105
2025-11-05,AXIL,5.05,5.39,5.05,5.17,5603
2025-11-04,AXIL,5.42,5.42,5.01,5.01,3100
2025-11-03,AXIL,5.5,5.74,5.28,5.74,3210
2025-10-31,AXIL,5.2,5.63,5.2,5.59,5500
2025-10-30,AXIL,5.25,5.61,5.1,5.51,11110
2025-10-29,AXIL,5.28,5.74,5.16,5.16,9581
2025-10-28,AXIL,5.95,6.01,5.22,5.44,18333
2025-10-27,AXIL,5.67,6.24,5.04,6.24,17300
2025-10-24,AXIL,6.2,6.2,5.63,5.63,2400
2025-10-23,AXIL,6.2,6.6,6.2,6.2,2215
2025-10-22,AXIL,6.45,6.7,5.92,6.17,5549
2025-10-21,AXIL,6.57,6.75,6.52,6.53,7000
2025-10-20,AXIL,6.88,6.97,6.72,6.72,3482
2025-10-17,AXIL,6.16,6.88,6.16,6.88,12700
2025-10-16,AXIL,5.55,6.2,5.23,6.12,43671
2025-10-15,AXIL,5.46,5.46,5.3,5.3,5221
2025-10-14,AXIL,5.13,5.55,5.13,5.55,12338
2025-10-13,AXIL,5.28,5.8,5.01,5.4,7639
2025-10-10,AXIL,5.62,5.62,5.1,5.23,50632
2025-10-09,AXIL,5.45,5.69,5.31,5.67,8847
2025-10-08,AXIL,5.71,5.73,5.47,5.5,9300
2025-10-07,AXIL,5.85,6.0,5.67,5.89,24400
2025-12-05,MOGO,1.21,1.23,1.19,1.19,47200
2025-12-04,MOGO,1.21,1.24,1.2,1.21,61500
2025-12-03,MOGO,1.21,1.25,1.2,1.25,53601
2025-12-02,MOGO,1.22,1.23,1.18,1.22,53813
2025-12-01,MOGO,1.26,1.26,1.19,1.19,38500
2025-11-28,MOGO,1.29,1.3,1.27,1.29,68200
2025-11-26,MOGO,1.21,1.3,1.21,1.27,72238
2025-11-25,MOGO,1.22,1.25,1.18,1.21,77400
2025-11-24,MOGO,1.13,1.23,1.11,1.22,121391
2025-11-21,MOGO,1.13,1.19,1.12,1.16,170100
2025-11-20,MOGO,1.21,1.24,1.09,1.11,262000
2025-11-19,MOGO,1.23,1.25,1.16,1.17,126524
2025-11-18,MOGO,1.23,1.25,1.18,1.25,105200
2025-11-17,MOGO,1.22,1.26,1.18,1.2,111500
2025-11-14,MOGO,1.2,1.28,1.2,1.23,163176
2025-11-13,MOGO,1.32,1.36,1.24,1.25,214725
2025-11-12,MOGO,1.34,1.38,1.31,1.34,146217
2025-11-11,MOGO,1.34,1.34,1.3,1.34,131948
2025-11-10,MOGO,1.38,1.4,1.31,1.34,297700
2025-11-07,MOGO,1.37,1.45,1.31,1.4,244200
2025-11-06,MOGO,1.55,1.55,1.41,1.42,148400
2025-11-05,MOGO,1.52,1.54,1.48,1.53,110840
2025-11-04,MOGO,1.52,1.55,1.47,1.48,88200
2025-11-03,MOGO,1.57,1.59,1.53,1.56,120330
2025-10-31,MOGO,1.54,1.6,1.54,1.56,137404
2025-10-30,MOGO,1.58,1.6,1.54,1.56,109051
2025-10-29,MOGO,1.64,1.67,1.59,1.6,141539
2025-10-28,MOGO,1.69,1.69,1.61,1.65,176571
2025-10-27,MOGO,1.73,1.73,1.68,1.68,175130
2025-10-24,MOGO,1.75,1.75,1.7,1.73,122913
2025-10-23,MOGO,1.66,1.74,1.66,1.7,76151
2025-10-22,MOGO,1.75,1.76,1.66,1.68,249700
2025-10-21,MOGO,1.76,1.78,1.72,1.76,106086
2025-10-20,MOGO,1.78,1.79,1.74,1.77,104636
2025-10-17,MOGO,1.81,1.81,1.73,1.75,194200
2025-10-16,MOGO,1.85,1.87,1.76,1.82,241891
2025-10-15,MOGO,1.88,1.89,1.82,1.85,116200
2025-10-14,MOGO,1.81,1.89,1.78,1.85,124139
2025-10-13,MOGO,1.82,1.88,1.8,1.86,127800
2025-10-10,MOGO,1.91,1.92,1.8,1.82,266508
2025-10-09,MOGO,1.93,1.96,1.87,1.91,193300
2025-10-08,MOGO,1.97,1.99,1.93,1.94,185632
2025-10-07,MOGO,2.02,2.04,1.92,1.96,389400
2025-12-05,ZBAO,0.98,1.13,0.98,1.08,7316
2025-12-04,ZBAO,1.03,1.06,0.95,0.9872,29744
2025-12-03,ZBAO,1.15,1.17,0.98,1.08,76014
2025-12-02,ZBAO,1.17,1.2,1.05,1.18,100129
2025-12-01,ZBAO,0.908,1.34,0.893,1.27,357412
2025-11-28,ZBAO,0.9428,0.98,0.87,0.94,136500
2025-11-26,ZBAO,0.932,0.98,0.81,0.972,158005
2025-11-25,ZBAO,1.0,1.0,0.862,0.9305,88600
2025-11-24,ZBAO,0.96,1.01,0.96,0.9997,81100
2025-11-21,ZBAO,0.92,1.09,0.917,1.0,101064
2025-11-20,ZBAO,0.85,0.95,0.85,0.95,219400
2025-11-19,ZBAO,0.8537,0.945,0.8537,0.8933,115668
2025-11-18,ZBAO,0.9444,1.01,0.81,0.83,235390
2025-11-17,ZBAO,0.99,1.04,0.91,0.98,72600
2025-11-14,ZBAO,1.07,1.07,0.92,1.04,44800
2025-11-13,ZBAO,0.99,1.03,0.96,1.01,69900
2025-11-12,ZBAO,1.0,1.0,0.94,0.97,8800
2025-11-11,ZBAO,0.9654,0.97,0.9601,0.97,10548
2025-11-10,ZBAO,0.95,1.0,0.9363,0.95,9521
2025-11-07,ZBAO,0.93,0.95,0.905,0.95,7037
2025-11-06,ZBAO,0.95,0.95,0.91696,0.95,2119
2025-11-05,ZBAO,0.955,1.0,0.93,0.95,12200
2025-11-04,ZBAO,0.91,1.01,0.91,1.0,7100
2025-11-03,ZBAO,0.9755,1.01,0.9004,1.01,5835
2025-10-31,ZBAO,0.98,1.01,0.9086,0.9755,4425
2025-10-30,ZBAO,1.0,1.01,0.95,1.0,30629
2025-10-29,ZBAO,0.975,1.0,0.975,0.99,2100
2025-10-28,ZBAO,0.97,1.02,0.97,0.9912,6127
2025-10-27,ZBAO,0.9503,0.9999,0.9503,0.9557,5300
2025-10-24,ZBAO,1.03,1.03,0.981,1.01,4800
2025-10-23,ZBAO,1.01,1.03,0.95,1.0,24324
2025-10-22,ZBAO,1.01,1.01,0.96,0.98,4447
2025-10-21,ZBAO,1.0,1.01,0.979,0.9895,10489
2025-10-20,ZBAO,1.03,1.03,0.97,1.0,8846
2025-10-17,ZBAO,1.07,1.07,0.951,0.97,26439
2025-10-16,ZBAO,1.03,1.05,1.0,1.05,6501
2025-10-15,ZBAO,0.96,1.05,0.96,1.05,7974
2025-10-14,ZBAO,0.976,0.999,0.9401,0.999,20916
2025-10-13,ZBAO,1.01,1.01,0.96,0.97,28341
2025-10-10,ZBAO,0.97,0.99,0.94,0.99,11426
2025-10-09,ZBAO,0.96,0.99,0.9,0.9695,17900
2025-10-08,ZBAO,1.1,1.1,0.9,0.95648,92410
2025-10-07,ZBAO,1.09,1.09,1.08,1.08,2700
2025-12-05,ANTX,1.07,1.1,1.03,1.1,153068
2025-12-04,ANTX,1.08,1.11,1.05,1.07,70502
2025-12-03,ANTX,1.06,1.11,1.05,1.07,43932
2025-12-02,ANTX,1.07,1.09,1.04,1.06,22723
2025-12-01,ANTX,1.05,1.12,1.05,1.05,93106
2025-11-28,ANTX,1.06,1.11,1.01,1.09,149202
2025-11-26,ANTX,1.08,1.1,1.06,1.06,46087
2025-11-25,ANTX,1.08,1.12,1.08,1.1,20904
2025-11-24,ANTX,1.11,1.11,1.08,1.09,22925
2025-11-21,ANTX,1.06,1.1,1.06,1.09,22318
2025-11-20,ANTX,1.1,1.1,1.07,1.08,29600
2025-11-19,ANTX,1.09,1.1,1.08,1.08,23200
2025-11-18,ANTX,1.11,1.13,1.1,1.12,60800
2025-11-17,ANTX,1.13,1.17,1.12,1.12,31300
2025-11-14,ANTX,1.11,1.16,1.11,1.14,70600
2025-11-13,ANTX,1.11,1.19,1.11,1.13,37840
2025-11-12,ANTX,1.19,1.22,1.18,1.18,50200
2025-11-11,ANTX,1.18,1.2,1.13,1.2,106900
2025-11-10,ANTX,1.16,1.26,1.14,1.18,550603
2025-11-07,ANTX,1.12,1.15,1.11,1.14,32121
2025-11-06,ANTX,1.14,1.17,1.11,1.12,49122
2025-11-05,ANTX,1.14,1.17,1.11,1.14,34527
2025-11-04,ANTX,1.14,1.18,1.13,1.14,47936
2025-11-03,ANTX,1.24,1.24,1.12,1.15,92800
2025-10-31,ANTX,1.23,1.23,1.19,1.23,18248
2025-10-30,ANTX,1.28,1.28,1.21,1.24,75922
2025-10-29,ANTX,1.3,1.3,1.23,1.3,105900
2025-10-28,ANTX,1.34,1.35,1.25,1.29,165600
2025-10-27,ANTX,1.18,1.36,1.18,1.35,184006
2025-10-24,ANTX,1.15,1.2,1.14,1.17,106312
2025-10-23,ANTX,1.21,1.21,1.14,1.17,93500
2025-10-22,ANTX,1.2,1.22,1.15,1.16,23100
2025-10-21,ANTX,1.22,1.22,1.21,1.21,21661
2025-10-20,ANTX,1.21,1.25,1.2,1.22,41300
2025-10-17,ANTX,1.17,1.21,1.13,1.19,70518
2025-10-16,ANTX,1.23,1.25,1.16,1.18,65900
2025-10-15,ANTX,1.23,1.26,1.21,1.23,17028
2025-10-14,ANTX,1.24,1.3,1.21,1.24,22100
2025-10-13,ANTX,1.28,1.28,1.18,1.26,67800
2025-10-10,ANTX,1.25,1.31,1.25,1.26,82500
2025-10-09,ANTX,1.3,1.31,1.24,1.24,16535
2025-10-08,ANTX,1.3,1.33,1.29,1.29,22218
2025-10-07,ANTX,1.32,1.35,1.29,1.31,41300
2025-12-05,MYO,1.04,1.06,0.9968,1.03,883482
2025-12-04,MYO,0.9637,1.04,0.9615,1.02,1393412
2025-12-03,MYO,0.91,0.97425,0.8663,0.9621,672945
2025-12-02,MYO,0.9,0.9286,0.8706,0.89,405400
2025-12-01,MYO,0.89,0.9499,0.8723,0.8951,529147
2025-11-28,MYO,0.9,0.95,0.88,0.89,577605
2025-11-26,MYO,0.8652,0.91,0.845,0.8634,863700
2025-11-25,MYO,0.84,0.8655,0.8208,0.8379,457415
2025-11-24,MYO,0.809,0.8755,0.7773,0.84,888000
2025-11-21,MYO,0.72,0.7799,0.72,0.7658,501100
2025-11-20,MYO,0.7528,0.8449,0.72,0.72,1026102
2025-11-19,MYO,0.749,0.77,0.711,0.7222,717603
2025-11-18,MYO,0.77,0.77,0.7155,0.7204,1064900
2025-11-17,MYO,0.8382,0.8391,0.77,0.77,669900
2025-11-14,MYO,0.803,0.8315,0.78,0.8159,756619
2025-11-13,MYO,0.8505,0.8745,0.7979,0.8084,769538
2025-11-12,MYO,0.85,0.8993,0.85,0.85,451300
2025-11-11,MYO,0.95,0.97524,0.85,0.85,996900
2025-11-10,MYO,0.9134,0.93,0.86,0.917,1122201
2025-11-07,MYO,0.81,0.8537,0.7853,0.8537,884300
2025-11-06,MYO,0.88,0.88,0.801,0.817,1196644
2025-11-05,MYO,0.85,0.865,0.815,0.8629,567152
2025-11-04,MYO,0.8567,0.88,0.812,0.8405,684778
2025-11-03,MYO,0.95,0.9657,0.85,0.8678,898700
2025-10-31,MYO,0.9278,0.9575,0.9051,0.926,951609
2025-10-30,MYO,0.9674,0.98,0.91,0.93,1207049
2025-10-29,MYO,1.01,1.03,0.9524,0.9651,1465431
2025-10-28,MYO,1.08,1.1,1.0,1.02,1108400
2025-10-27,MYO,1.11,1.13,1.06,1.07,954407
2025-10-24,MYO,1.08,1.12,1.07,1.11,1190532
2025-10-23,MYO,1.07,1.08,1.04,1.05,917100
2025-10-22,MYO,1.1,1.16,1.05,1.09,1763908
2025-10-21,MYO,1.13,1.16,1.07,1.12,1149100
2025-10-20,MYO,1.07,1.13,1.05,1.12,1519000
2025-10-17,MYO,1.07,1.11,1.02,1.03,1422200
2025-10-16,MYO,1.14,1.15,1.07,1.08,1473417
2025-10-15,MYO,1.19,1.19,1.1,1.13,1510500
2025-10-14,MYO,1.03,1.2,1.02,1.16,2071622
2025-10-13,MYO,1.12,1.14,1.06,1.11,1840900
2025-10-10,MYO,1.19,1.28,1.05,1.08,4731100
2025-10-09,MYO,1.28,1.31,1.14,1.16,4222529
2025-10-08,MYO,1.06,1.31,1.05,1.18,8445100
2025-10-07,MYO,1.04,1.09,1.0,1.05,2808349
2025-12-05,NOTE,2.1,2.15,1.94,1.99,255848
2025-12-04,NOTE,2.04,2.13,1.95,2.1,320965
2025-12-03,NOTE,2.02,2.07,1.88,2.01,315800
2025-12-02,NOTE,2.21,2.37,1.97,2.03,257134
2025-12-01,NOTE,2.38,2.4,2.15,2.19,215435
2025-11-28,NOTE,2.36,2.4,2.23,2.35,141300
2025-11-26,NOTE,2.22,2.3,2.2,2.27,104516
2025-11-25,NOTE,2.09,2.24,2.08,2.22,159900
2025-11-24,NOTE,2.07,2.14,1.98,2.08,206600
2025-11-21,NOTE,2.01,2.08,1.91,2.0,160886
2025-11-20,NOTE,2.2,2.3,1.98,2.01,197300
2025-11-19,NOTE,2.25,2.32,2.08,2.13,169984
2025-11-18,NOTE,2.39,2.41,2.05,2.24,478521
2025-11-17,NOTE,2.5,2.59,2.34,2.38,265424
2025-11-14,NOTE,2.52,2.63,2.42,2.54,278900
2025-11-13,NOTE,2.63,2.7,2.46,2.53,280900
2025-11-12,NOTE,2.76,2.83,2.67,2.72,211534
2025-11-11,NOTE,3.01,3.05,2.71,2.76,278084
2025-11-10,NOTE,3.25,3.28,2.93,3.01,138597
2025-11-07,NOTE,2.71,3.12,2.5,3.06,468835
2025-11-06,NOTE,3.44,3.49,2.96,3.0,339300
2025-11-05,NOTE,3.57,3.74,3.22,3.31,456629
2025-11-04,NOTE,3.93,3.93,3.59,3.71,254602
2025-11-03,NOTE,4.09,4.19,4.01,4.01,158648
2025-10-31,NOTE,4.0,4.16,3.93,4.1,137846
2025-10-30,NOTE,3.99,4.15,3.92,3.99,190119
2025-10-29,NOTE,4.14,4.24,3.98,4.0,226300
2025-10-28,NOTE,4.3,4.38,4.09,4.15,168239
2025-10-27,NOTE,4.38,4.48,4.25,4.3,114878
2025-10-24,NOTE,4.48,4.54,4.35,4.37,200517
2025-10-23,NOTE,4.27,4.47,4.27,4.45,192644
2025-10-22,NOTE,4.5,4.5,4.15,4.24,190900
2025-10-21,NOTE,4.46,4.63,4.36,4.49,131800
2025-10-20,NOTE,4.37,4.48,4.32,4.45,187074
2025-10-17,NOTE,4.34,4.42,4.2,4.25,252235
2025-10-16,NOTE,4.68,4.77,4.36,4.39,371400
2025-10-15,NOTE,4.96,5.08,4.6,4.67,250050
2025-10-14,NOTE,4.54,4.88,4.45,4.73,242475
2025-10-13,NOTE,4.85,4.85,4.59,4.61,281235
2025-10-10,NOTE,4.93,5.0,4.64,4.66,365300
2025-10-09,NOTE,5.32,5.39,4.87,4.93,345431
2025-10-08,NOTE,5.1,5.5,5.1,5.29,263510
2025-10-07,NOTE,5.2,5.4,4.99,5.05,272600
2025-12-05,AUST,1.72,2.03,1.72,1.87,180529
2025-12-04,AUST,1.65,1.7,1.61,1.67,31600
2025-12-03,AUST,1.69,1.85,1.65,1.65,101400
2025-12-02,AUST,1.75,1.79,1.67,1.7,59126
2025-12-01,AUST,1.76,1.8,1.69,1.79,53278
2025-11-28,AUST,1.75,1.83,1.72,1.73,47100
2025-11-26,AUST,1.61,1.8,1.61,1.74,135725
2025-11-25,AUST,1.53,1.65,1.48,1.59,107255
2025-11-24,AUST,1.42,1.57,1.42,1.51,45815
2025-11-21,AUST,1.46,1.54,1.44,1.48,65900
2025-11-20,AUST,1.61,1.69,1.46,1.5,123000
2025-11-19,AUST,1.59,1.63,1.51,1.61,116732
2025-11-18,AUST,1.53,1.66,1.46,1.57,90988
2025-11-17,AUST,1.49,1.68,1.49,1.53,82719
2025-11-14,AUST,1.53,1.6,1.46,1.52,56100
2025-11-13,AUST,1.72,1.72,1.53,1.53,75000
2025-11-12,AUST,1.55,1.82,1.55,1.69,99100
2025-11-11,AUST,1.58,1.64,1.52,1.55,79900
2025-11-10,AUST,1.58,1.71,1.54,1.62,80400
2025-11-07,AUST,1.54,1.66,1.46,1.56,109600
2025-11-06,AUST,1.6,1.69,1.52,1.56,79663
2025-11-05,AUST,1.81,1.81,1.64,1.72,28363
2025-11-04,AUST,1.64,1.83,1.62,1.73,147300
2025-11-03,AUST,1.66,1.77,1.6,1.65,153642
2025-10-31,AUST,1.77,1.81,1.66,1.67,90800
2025-10-30,AUST,1.88,1.91,1.77,1.78,55612
2025-10-29,AUST,2.01,2.02,1.76,1.89,116700
2025-10-28,AUST,1.92,2.07,1.92,1.96,70600
2025-10-27,AUST,2.06,2.09,1.86,1.96,151700
2025-10-24,AUST,2.12,2.22,2.07,2.11,66108
2025-10-23,AUST,2.29,2.32,2.1,2.15,81730
2025-10-22,AUST,2.12,2.47,2.03,2.26,143943
2025-10-21,AUST,2.3,2.36,1.96,2.17,243906
2025-10-20,AUST,2.5,2.59,2.31,2.41,253535
2025-10-17,AUST,2.73,2.77,2.35,2.41,250665
2025-10-16,AUST,2.84,2.84,2.6,2.72,391243
2025-10-15,AUST,2.76,2.84,2.65,2.84,471925
2025-10-14,AUST,2.5,2.6,2.37,2.59,282100
2025-10-13,AUST,2.34,2.46,2.28,2.43,161109
2025-10-10,AUST,2.45,2.53,2.18,2.24,338634
2025-10-09,AUST,2.64,2.68,2.33,2.43,427811
2025-10-08,AUST,2.29,2.94,2.22,2.58,907200
2025-10-07,AUST,2.01,2.25,1.88,2.22,271300
2025-12-05,APVO,1.39,1.39,1.34,1.35,490998
2025-12-04,APVO,1.37,1.41,1.34,1.39,546100
2025-12-03,APVO,1.29,1.38,1.26,1.38,321500
2025-12-02,APVO,1.31,1.34,1.27,1.27,329549
2025-12-01,APVO,1.36,1.42,1.3,1.32,502500
2025-11-28,APVO,1.3,1.39,1.29,1.38,553200
2025-11-26,APVO,1.23,1.29,1.21,1.28,468900
2025-11-25,APVO,1.19,1.22,1.15,1.2,548949
2025-11-24,APVO,1.14,1.19,1.12,1.18,423418
2025-11-21,APVO,1.1,1.14,1.04,1.13,949901
2025-11-20,APVO,1.25,1.25,1.07,1.08,991300
2025-11-19,APVO,1.3,1.31,1.21,1.22,673200
2025-11-18,APVO,1.34,1.35,1.27,1.32,818905
2025-11-17,APVO,1.4,1.43,1.35,1.37,508300
2025-11-14,APVO,1.41,1.43,1.38,1.41,711617
2025-11-13,APVO,1.52,1.54,1.42,1.45,691823
2025-11-12,APVO,1.49,1.51,1.45,1.48,452602
2025-11-11,APVO,1.51,1.53,1.48,1.5,486521
2025-11-10,APVO,1.48,1.56,1.44,1.56,1193921
2025-11-07,APVO,1.41,1.5,1.39,1.47,1213800
2025-11-06,APVO,1.42,1.53,1.41,1.47,759800
2025-11-05,APVO,1.43,1.44,1.4,1.43,475321
2025-11-04,APVO,1.42,1.5,1.4,1.41,607200
2025-11-03,APVO,1.53,1.53,1.45,1.47,773743
2025-10-31,APVO,1.42,1.58,1.39,1.55,1887700
2025-10-30,APVO,1.4,1.42,1.4,1.4,446313
2025-10-29,APVO,1.47,1.47,1.41,1.42,744600
2025-10-28,APVO,1.5,1.5,1.46,1.46,725400
2025-10-27,APVO,1.51,1.54,1.5,1.5,572206
2025-10-24,APVO,1.54,1.57,1.5,1.52,706408
2025-10-23,APVO,1.5,1.55,1.49,1.53,829433
2025-10-22,APVO,1.56,1.56,1.48,1.51,1089524
2025-10-21,APVO,1.6,1.61,1.56,1.57,1052000
2025-10-20,APVO,1.62,1.65,1.57,1.62,897420
2025-10-17,APVO,1.5,1.58,1.49,1.58,888500
2025-10-16,APVO,1.57,1.59,1.5,1.5,1082200
2025-10-15,APVO,1.61,1.67,1.55,1.57,1553819
2025-10-14,APVO,1.53,1.64,1.53,1.63,1544400
2025-10-13,APVO,1.61,1.65,1.5,1.6,1960900
2025-10-10,APVO,1.69,1.73,1.56,1.57,2945800
2025-10-09,APVO,1.7,1.84,1.68,1.76,4507500
2025-10-08,APVO,1.79,1.83,1.62,1.71,5442900
2025-10-07,APVO,1.65,1.98,1.63,1.76,44891718
2025-12-04,MURA,2.03,2.04,2.03,2.04,127800
2025-12-03,MURA,2.03,2.04,2.03,2.04,637500
2025-12-02,MURA,2.02,2.03,2.02,2.03,269200
2025-12-01,MURA,2.02,2.03,2.02,2.03,99207
2025-11-28,MURA,2.02,2.03,2.02,2.03,92200
2025-11-26,MURA,2.03,2.03,2.02,2.02,2218500
2025-11-25,MURA,2.1,2.1,2.09,2.1,48909
2025-11-24,MURA,2.08,2.1,2.08,2.09,131222
2025-11-21,MURA,2.09,2.1,2.08,2.09,73100
2025-11-20,MURA,2.09,2.1,2.09,2.1,47213
2025-11-19,MURA,2.1,2.1,2.08,2.08,99300
2025-11-18,MURA,2.08,2.1,2.08,2.1,73300
2025-11-17,MURA,2.08,2.09,2.08,2.08,95447
2025-11-14,MURA,2.08,2.1,2.08,2.09,55704
2025-11-13,MURA,2.08,2.1,2.08,2.09,74423
2025-11-12,MURA,2.09,2.1,2.08,2.08,45218
2025-11-11,MURA,2.09,2.1,2.09,2.1,21419
2025-11-10,MURA,2.08,2.1,2.08,2.1,71743
2025-11-07,MURA,2.08,2.1,2.08,2.09,107013
2025-11-06,MURA,2.09,2.1,2.08,2.09,107200
2025-11-05,MURA,2.08,2.1,2.08,2.08,300922
2025-11-04,MURA,2.08,2.1,2.08,2.08,198500
2025-11-03,MURA,2.08,2.09,2.08,2.09,55900
2025-10-31,MURA,2.09,2.09,2.08,2.09,209747
2025-10-30,MURA,2.09,2.1,2.09,2.1,96674
2025-10-29,MURA,2.09,2.1,2.09,2.1,42400
2025-10-28,MURA,2.09,2.1,2.09,2.09,41931
2025-10-27,MURA,2.09,2.1,2.09,2.1,173424
2025-10-24,MURA,2.08,2.09,2.08,2.09,215800
2025-10-23,MURA,2.09,2.09,2.08,2.09,239300
2025-10-22,MURA,2.09,2.1,2.08,2.1,228300
2025-10-21,MURA,2.08,2.09,2.08,2.09,87200
2025-10-20,MURA,2.09,2.1,2.08,2.09,73301
2025-10-17,MURA,2.07,2.08,2.07,2.07,88749
2025-10-16,MURA,2.08,2.09,2.07,2.07,196929
2025-10-15,MURA,2.09,2.09,2.08,2.08,89232
2025-10-14,MURA,2.08,2.09,2.08,2.09,38893
2025-10-13,MURA,2.08,2.09,2.07,2.09,47100
2025-10-10,MURA,2.08,2.09,2.07,2.07,72226
2025-10-09,MURA,2.09,2.09,2.08,2.08,46300
2025-10-08,MURA,2.08,2.09,2.08,2.08,42000
2025-10-07,MURA,2.09,2.09,2.08,2.09,65315
2025-12-05,CVU,2.85,2.93,2.84,2.88,51300
2025-12-04,CVU,2.88,2.93,2.81,2.85,45500
2025-12-03,CVU,2.76,2.98,2.73,2.87,145110
2025-12-02,CVU,2.72,2.8,2.71,2.76,84611
2025-12-01,CVU,2.77,2.8,2.69,2.74,49460
2025-11-28,CVU,2.84,2.84,2.76,2.81,38311
2025-11-26,CVU,2.71,2.89,2.66,2.84,117892
2025-11-25,CVU,2.73,2.75,2.65,2.73,74542
2025-11-24,CVU,2.85,2.85,2.66,2.68,88876
2025-11-21,CVU,2.66,2.86,2.55,2.8,166530
2025-11-20,CVU,2.76,2.94,2.58,2.66,353246
2025-11-19,CVU,2.49,2.68,2.4,2.64,252183
2025-11-18,CVU,2.3,2.51,2.29,2.5,300700
2025-11-17,CVU,2.36,2.47,2.32,2.35,200000
2025-11-14,CVU,2.25,2.44,2.2,2.39,828100
2025-11-13,CVU,2.1,2.1,2.02,2.05,182205
2025-11-12,CVU,2.17,2.19,2.09,2.1,191900
2025-11-11,CVU,2.2,2.21,2.15,2.18,57130
2025-11-10,CVU,2.13,2.24,2.09,2.19,201091
2025-11-07,CVU,2.1,2.14,2.02,2.09,181116
2025-11-06,CVU,2.23,2.25,2.1,2.1,268800
2025-11-05,CVU,2.22,2.33,2.19,2.24,451900
2025-11-04,CVU,2.25,2.38,2.2,2.21,299917
2025-11-03,CVU,2.41,2.41,2.19,2.3,596900
2025-10-31,CVU,2.45,2.67,2.2,2.49,2110700
2025-10-30,CVU,3.66,4.65,2.55,2.65,116118626
2025-10-29,CVU,2.43,2.49,2.35,2.36,33119
2025-10-28,CVU,2.52,2.54,2.4,2.43,68378
2025-10-27,CVU,2.55,2.6,2.43,2.5,212100
2025-10-24,CVU,2.57,2.59,2.5,2.5,29282
2025-10-23,CVU,2.46,2.57,2.46,2.5,17000
2025-10-22,CVU,2.53,2.59,2.46,2.47,42902
2025-10-21,CVU,2.51,2.63,2.51,2.54,70846
2025-10-20,CVU,2.47,2.59,2.43,2.52,82711
2025-10-17,CVU,2.42,2.43,2.38,2.39,39714
2025-10-16,CVU,2.51,2.53,2.42,2.44,22500
2025-10-15,CVU,2.53,2.58,2.47,2.5,31028
2025-10-14,CVU,2.39,2.55,2.38,2.53,72270
2025-10-13,CVU,2.42,2.48,2.35,2.35,92914
2025-10-10,CVU,2.5,2.58,2.4,2.4,48600
2025-10-09,CVU,2.49,2.61,2.46,2.47,60200
2025-10-08,CVU,2.53,2.61,2.5,2.5,79744
2025-10-07,CVU,2.63,2.63,2.5,2.51,50504
2025-12-05,GIFT,1.09,1.12,1.09,1.12,24809
2025-12-04,GIFT,1.1,1.13,1.1,1.1,3215
2025-12-03,GIFT,1.16,1.16,1.09,1.12,22503
2025-12-02,GIFT,1.1,1.15,1.09,1.12,30200
2025-12-01,GIFT,1.1,1.12,1.07,1.07,7700
2025-11-28,GIFT,1.14,1.15,1.11,1.11,21807
2025-11-26,GIFT,1.06,1.15,1.06,1.09,20949
2025-11-25,GIFT,1.1,1.11,1.07,1.09,8400
2025-11-24,GIFT,1.09,1.11,1.08,1.11,12300
2025-11-21,GIFT,1.14,1.14,1.09,1.09,10400
2025-11-20,GIFT,1.1,1.12,1.1,1.1,19702
2025-11-19,GIFT,1.13,1.13,1.08,1.08,11628
2025-11-18,GIFT,1.1,1.13,1.07,1.12,58300
2025-11-17,GIFT,1.14,1.14,1.08,1.08,19200
2025-11-14,GIFT,1.14,1.16,1.07,1.11,47831
2025-11-13,GIFT,1.17,1.17,1.07,1.09,97510
2025-11-12,GIFT,1.12,1.15,1.08,1.11,58026
2025-11-11,GIFT,1.12,1.15,1.07,1.09,33600
2025-11-10,GIFT,1.1,1.12,1.04,1.12,17300
2025-11-07,GIFT,1.04,1.12,0.995,1.1,120847
2025-11-06,GIFT,1.04,1.07,0.9512,0.9672,37200
2025-11-05,GIFT,1.09,1.1,1.04,1.06,7541
2025-11-04,GIFT,1.1,1.1,1.05,1.08,22813
2025-11-03,GIFT,1.15,1.18,1.1,1.12,42015
2025-10-31,GIFT,1.16,1.17,1.1,1.15,35619
2025-10-30,GIFT,1.17,1.2,1.11,1.15,87827
2025-10-29,GIFT,1.22,1.22,1.1,1.14,8800
2025-10-28,GIFT,1.17,1.2,1.12,1.19,57744
2025-10-27,GIFT,1.15,1.22,1.08,1.17,101628
2025-10-24,GIFT,1.08,1.09,1.06,1.08,44200
2025-10-23,GIFT,1.05,1.1,1.05,1.07,21541
2025-10-22,GIFT,1.14,1.14,1.05,1.06,49868
2025-10-21,GIFT,1.12,1.17,1.03,1.17,167300
2025-10-20,GIFT,1.12,1.18,1.11,1.13,1161100
2025-10-17,GIFT,1.15,1.15,1.09,1.11,52329
2025-10-16,GIFT,1.13,1.16,1.09,1.12,55353
2025-10-15,GIFT,1.17,1.2,1.09,1.13,200740
2025-10-14,GIFT,1.09,1.1,1.07,1.07,66135
2025-10-13,GIFT,1.08,1.08,1.06,1.08,13144
2025-10-10,GIFT,1.08,1.08,1.06,1.07,15700
2025-10-09,GIFT,1.1,1.13,1.07,1.08,13831
2025-10-08,GIFT,1.08,1.18,1.05,1.05,119815
2025-10-07,GIFT,1.06,1.08,1.06,1.06,8700
2025-12-05,FRSX,1.8,1.89,1.8,1.88,153269
2025-12-04,FRSX,1.87,2.02,1.76,1.83,10633700
2025-12-03,FRSX,2.18,2.19,2.16,2.16,20900
2025-12-02,FRSX,2.18,2.2,2.18,2.19,5031
2025-12-01,FRSX,2.15,2.2,2.15,2.17,39900
2025-11-28,FRSX,2.21,2.21,2.15,2.17,4907
2025-11-26,FRSX,2.2,2.2,2.17,2.19,3817
2025-11-25,FRSX,2.11,2.16,2.11,2.14,6224
2025-11-24,FRSX,2.01,2.15,2.01,2.14,11570
2025-11-21,FRSX,2.01,2.26,2.0,2.05,17600
2025-11-20,FRSX,2.05,2.17,1.99,2.01,30400
2025-11-19,FRSX,2.12,2.16,2.05,2.05,20711
2025-11-18,FRSX,2.14,2.14,2.07,2.09,26800
2025-11-17,FRSX,2.15,2.16,2.12,2.14,14400
2025-11-14,FRSX,2.17,2.22,2.12,2.16,36200
2025-11-13,FRSX,2.29,2.3,2.18,2.19,22900
2025-11-12,FRSX,2.24,2.33,2.2,2.27,13500
2025-11-11,FRSX,2.22,2.24,2.21,2.21,5100
2025-11-10,FRSX,2.24,2.24,2.12,2.19,16000
2025-11-07,FRSX,2.2,2.31,2.16,2.2,21009
2025-11-06,FRSX,2.24,2.29,2.18,2.2,10719
2025-11-05,FRSX,2.22,2.3,2.17,2.27,12404
2025-11-04,FRSX,2.24,2.24,2.18,2.19,20881
2025-11-03,FRSX,2.26,2.26,2.21,2.26,11419
2025-10-31,FRSX,2.21,2.31,2.2,2.29,12742
2025-10-30,FRSX,2.27,2.28,2.21,2.25,26829
2025-10-29,FRSX,2.29,2.31,2.28,2.31,8600
2025-10-28,FRSX,2.33,2.36,2.31,2.31,8623
2025-10-27,FRSX,2.39,2.4,2.33,2.34,16519
2025-10-24,FRSX,2.39,2.58,2.35,2.36,16700
2025-10-23,FRSX,2.29,2.4,2.26,2.38,13265
2025-10-22,FRSX,2.33,2.39,2.24,2.32,26200
2025-10-21,FRSX,2.35,2.35,2.24,2.35,38619
2025-10-20,FRSX,2.29,2.37,2.28,2.37,71700
2025-10-17,FRSX,2.17,2.43,2.17,2.28,48628
2025-10-16,FRSX,2.57,2.64,2.14,2.17,221300
2025-10-15,FRSX,2.34,2.65,2.33,2.52,267449
2025-10-14,FRSX,2.33,2.37,2.25,2.34,24120
2025-10-13,FRSX,2.28,2.44,2.17,2.4,31523
2025-10-10,FRSX,2.48,2.48,2.25,2.26,130800
2025-10-09,FRSX,2.27,2.43,2.26,2.42,28200
2025-10-08,FRSX,2.27,2.3,2.22,2.28,11798
2025-10-07,FRSX,2.26,2.28,2.2,2.23,31400
2025-12-05,LATA,9.94,9.94,9.94,9.94,337
2025-12-04,LATA,9.97,9.97,9.96,9.96,50803
2025-12-03,LATA,9.97,9.97,9.96,9.96,23619
2025-12-02,LATA,9.94,9.95,9.94,9.95,4249
2025-12-01,LATA,9.98,9.98,9.97,9.97,94721
2025-11-28,LATA,9.98,9.98,9.98,9.98,1131
2025-11-26,LATA,9.97,9.97,9.97,9.97,0
2025-11-25,LATA,9.97,9.97,9.97,9.97,4100
2025-11-24,LATA,9.97,9.97,9.97,9.97,5202
2025-11-21,LATA,9.98,9.98,9.98,9.98,1
2025-11-20,LATA,9.95,9.98,9.95,9.98,75105
2025-11-19,LATA,9.95,9.95,9.95,9.95,1
2025-11-18,LATA,9.95,9.95,9.95,9.95,10
2025-11-17,LATA,9.95,9.95,9.95,9.95,36
2025-11-14,LATA,9.95,9.95,9.95,9.95,7813
2025-11-13,LATA,9.94,9.96,9.94,9.95,110200
2025-11-12,LATA,9.95,9.98,9.95,9.96,8900
2025-11-11,LATA,9.97,9.98,9.95,9.97,79049
2025-11-10,LATA,10.02,10.2,10.01,10.11,19650
2025-12-05,SVRN,1.41,1.45,1.38,1.39,59827
2025-12-04,SVRN,1.4,1.45,1.38,1.4,73904
2025-12-03,SVRN,1.39,1.46,1.36,1.42,122712
2025-12-02,SVRN,1.36,1.39,1.35,1.36,92809
2025-12-01,SVRN,1.46,1.47,1.37,1.38,267400
2025-11-28,SVRN,1.35,1.41,1.35,1.37,27025
2025-11-26,SVRN,1.35,1.39,1.35,1.36,51902
2025-11-25,SVRN,1.38,1.41,1.32,1.37,58274
2025-11-24,SVRN,1.36,1.42,1.33,1.4,90153
2025-11-21,SVRN,1.29,1.39,1.27,1.36,79423
2025-11-20,SVRN,1.4,1.44,1.3,1.33,208700
2025-11-19,SVRN,1.5,1.51,1.39,1.39,139717
2025-11-18,SVRN,1.34,1.61,1.31,1.52,390608
2025-11-17,SVRN,1.46,1.46,1.32,1.37,85200
2025-11-14,SVRN,1.28,1.4,1.27,1.38,135900
2025-11-13,SVRN,1.41,1.43,1.27,1.28,65704
2025-11-12,SVRN,1.42,1.48,1.42,1.43,63722
2025-11-11,SVRN,1.43,1.47,1.4,1.43,96749
2025-11-10,SVRN,1.42,1.47,1.41,1.44,129700
2025-11-07,SVRN,1.26,1.44,1.26,1.4,187100
2025-11-06,SVRN,1.3,1.3,1.24,1.27,140600
2025-11-05,SVRN,1.36,1.38,1.26,1.28,229500
2025-11-04,SVRN,1.32,1.38,1.3,1.35,134900
2025-11-03,SVRN,1.39,1.4,1.32,1.35,114700
2025-10-31,SVRN,1.31,1.4,1.3,1.39,191200
2025-10-30,SVRN,1.43,1.43,1.28,1.28,472100
2025-10-29,SVRN,1.77,1.79,1.6,1.6,598300
2025-10-28,SVRN,2.05,2.07,1.64,1.74,5562100
2025-10-27,SVRN,2.18,2.38,2.13,2.2,459600
2025-10-24,SVRN,1.99,2.17,1.99,2.12,510500
2025-10-23,SVRN,1.89,1.97,1.82,1.94,154200
2025-10-22,SVRN,1.95,2.01,1.82,1.87,287700
2025-10-21,SVRN,1.98,2.08,1.89,1.98,342600
2025-10-20,SVRN,1.63,2.06,1.63,2.02,632800
2025-12-05,CHMI-PB,23.63,23.7,23.45,23.62,2872
2025-12-04,CHMI-PB,23.74,23.8,23.63,23.63,3656
2025-12-03,CHMI-PB,23.77,23.79,23.58,23.61,2418
2025-12-02,CHMI-PB,23.65,23.75,23.5,23.75,662
2025-12-01,CHMI-PB,23.6,23.76,23.6,23.67,1774
2025-11-28,CHMI-PB,23.52,23.6,23.52,23.59,2594
2025-11-26,CHMI-PB,23.32,23.66,23.32,23.66,5730
2025-11-25,CHMI-PB,23.26,23.58,23.25,23.58,5611
2025-11-24,CHMI-PB,23.32,23.59,23.32,23.58,2005
2025-11-21,CHMI-PB,23.59,23.59,23.59,23.59,724
2025-11-20,CHMI-PB,23.55,23.98,23.0,23.45,9302
2025-11-19,CHMI-PB,23.77,23.77,23.75,23.75,408
2025-11-18,CHMI-PB,23.76,23.76,23.51,23.54,5711
2025-11-17,CHMI-PB,23.97,23.97,23.76,23.76,1656
2025-11-14,CHMI-PB,23.75,23.75,23.7,23.75,1525
2025-11-13,CHMI-PB,23.76,23.76,23.69,23.76,1587
2025-11-12,CHMI-PB,23.82,23.82,23.75,23.75,1476
2025-11-11,CHMI-PB,23.87,23.87,23.87,23.87,288
2025-11-10,CHMI-PB,23.73,23.74,23.64,23.65,4086
2025-11-07,CHMI-PB,23.8,23.84,23.74,23.75,1638
2025-11-06,CHMI-PB,23.8,23.8,23.6,23.61,1150
2025-11-05,CHMI-PB,23.63,23.77,23.63,23.66,1477
2025-11-04,CHMI-PB,23.73,23.8,23.65,23.65,1570
2025-11-03,CHMI-PB,23.62,23.77,23.62,23.72,2976
2025-10-31,CHMI-PB,23.9,23.9,23.7,23.7,7185
2025-10-30,CHMI-PB,24.0,24.0,24.0,24.0,391
2025-10-29,CHMI-PB,23.9,23.95,23.9,23.95,675
2025-10-28,CHMI-PB,23.99,24.03,23.99,24.02,925
2025-10-27,CHMI-PB,23.97,23.97,23.72,23.83,2663
2025-10-24,CHMI-PB,23.9,23.9,23.88,23.88,829
2025-10-23,CHMI-PB,23.9,23.98,23.9,23.93,980
2025-10-22,CHMI-PB,23.88,23.94,23.87,23.93,2013
2025-10-21,CHMI-PB,23.99,23.99,23.67,23.92,5481
2025-10-20,CHMI-PB,23.96,24.0,23.6,23.61,2486
2025-10-17,CHMI-PB,23.99,23.99,23.82,23.82,823
2025-10-16,CHMI-PB,23.77,23.99,23.71,23.86,3514
2025-10-15,CHMI-PB,23.67,23.98,23.67,23.78,6003
2025-10-14,CHMI-PB,23.68,23.68,23.5,23.5,1325
2025-10-13,CHMI-PB,23.63,23.63,23.54,23.62,750
2025-10-10,CHMI-PB,23.6,23.66,23.45,23.47,3559
2025-10-09,CHMI-PB,23.72,23.75,23.43,23.63,10372
2025-10-08,CHMI-PB,23.92,23.92,23.58,23.92,2666
2025-10-07,CHMI-PB,23.86,24.0,23.65,23.65,4436
2025-12-05,ENO,22.45,22.59,22.45,22.59,9439
2025-12-04,ENO,22.59,22.59,22.44,22.51,5948
2025-12-03,ENO,22.64,22.64,22.42,22.58,4100
2025-12-02,ENO,22.55,22.6,22.35,22.6,11404
2025-12-01,ENO,22.6,22.6,22.43,22.46,4104
2025-11-28,ENO,22.89,22.89,22.6,22.6,8927
2025-11-26,ENO,22.82,22.88,22.7,22.78,3800
2025-11-25,ENO,22.75,22.75,22.6,22.67,6900
2025-11-24,ENO,22.54,22.68,22.5,22.6,3121
2025-11-21,ENO,22.35,22.7,22.31,22.59,14100
2025-11-20,ENO,22.6,22.69,22.28,22.3,7108
2025-11-19,ENO,22.81,22.81,22.4,22.54,4817
2025-11-18,ENO,22.7,22.84,22.37,22.54,2108
2025-11-17,ENO,22.85,22.99,22.45,22.46,5223
2025-11-14,ENO,22.65,22.84,22.33,22.8,2900
2025-11-13,ENO,23.0,23.0,22.49,22.74,2000
2025-11-12,ENO,23.2,23.2,23.0,23.0,1500
2025-11-11,ENO,23.1,23.13,22.99,23.08,2137
2025-11-10,ENO,22.95,23.12,22.85,23.0,4800
2025-11-07,ENO,23.0,23.0,22.75,22.83,5037
2025-11-06,ENO,23.05,23.05,22.95,22.95,1244
2025-11-05,ENO,22.84,22.96,22.77,22.94,3100
2025-11-04,ENO,22.86,22.86,22.7,22.73,5300
2025-11-03,ENO,23.01,23.01,22.79,22.88,3715
2025-10-31,ENO,23.12,23.12,22.89,22.94,13600
2025-10-30,ENO,23.43,23.43,23.09,23.09,3747
2025-10-29,ENO,23.44,23.44,23.4,23.42,3624
2025-10-28,ENO,23.42,23.42,23.35,23.4,2800
2025-10-27,ENO,23.45,23.48,23.33,23.42,4100
2025-10-24,ENO,23.4,23.4,23.32,23.36,2000
2025-10-23,ENO,23.3,23.32,23.23,23.28,7400
2025-10-22,ENO,23.27,23.27,23.18,23.25,3000
2025-10-21,ENO,23.24,23.27,23.16,23.27,3118
2025-10-20,ENO,23.06,23.24,23.06,23.13,5622
2025-10-17,ENO,23.09,23.15,23.05,23.15,4431
2025-10-16,ENO,23.03,23.15,23.01,23.01,4700
2025-10-15,ENO,23.1,23.23,23.0,23.11,4300
2025-10-14,ENO,23.2,23.2,23.0,23.12,4827
2025-10-13,ENO,23.16,23.21,23.15,23.15,1844
2025-10-10,ENO,23.33,23.35,22.99,23.06,6200
2025-10-09,ENO,23.24,23.31,23.23,23.23,6500
2025-10-08,ENO,23.35,23.36,23.24,23.24,811
2025-10-07,ENO,23.28,23.3,23.17,23.21,4721
2025-12-05,NEWTI,25.01,25.07,24.95,25.07,5400
2025-12-04,NEWTI,25.02,25.2,25.02,25.03,2800
2025-12-03,NEWTI,25.03,25.18,25.0,25.17,2911
2025-12-02,NEWTI,25.35,25.35,24.9,24.93,8700
2025-12-01,NEWTI,25.17,25.21,25.17,25.21,600
2025-11-28,NEWTI,25.37,25.37,25.37,25.37,4
2025-11-26,NEWTI,25.37,25.37,25.37,25.37,200
2025-11-25,NEWTI,25.2,25.2,25.2,25.2,106
2025-11-24,NEWTI,25.2,25.2,25.2,25.2,125
2025-11-21,NEWTI,25.2,25.2,25.2,25.2,304
2025-11-20,NEWTI,25.15,25.6,25.15,25.44,1023
2025-11-19,NEWTI,25.05,25.1,25.05,25.1,846
2025-11-18,NEWTI,25.1,25.1,25.06,25.06,900
2025-11-17,NEWTI,25.1,25.1,25.03,25.1,5837
2025-11-14,NEWTI,25.0,25.37,24.95,25.37,3300
2025-11-13,NEWTI,25.5,25.5,25.5,25.5,210
2025-11-12,NEWTI,25.3,25.7,25.26,25.5,3000
2025-11-11,NEWTI,25.26,25.26,25.26,25.26,69
2025-11-10,NEWTI,25.43,25.43,25.21,25.26,348
2025-11-07,NEWTI,25.33,25.33,25.33,25.33,0
2025-11-06,NEWTI,25.33,25.33,25.33,25.33,0
2025-11-05,NEWTI,25.33,25.33,25.33,25.33,316
2025-11-04,NEWTI,25.2,25.33,25.16,25.18,1300
2025-11-03,NEWTI,25.44,25.44,25.44,25.44,253
2025-10-31,NEWTI,25.24,25.44,25.24,25.44,400
2025-10-30,NEWTI,25.25,25.25,25.24,25.24,900
2025-10-29,NEWTI,25.46,25.46,25.46,25.46,423
2025-10-28,NEWTI,25.46,25.49,25.46,25.46,423
2025-10-27,NEWTI,25.11,25.34,25.11,25.34,1502
2025-10-24,NEWTI,25.12,25.12,25.12,25.12,75
2025-10-23,NEWTI,25.11,25.13,25.11,25.12,1300
2025-10-22,NEWTI,25.18,25.18,25.18,25.18,30
2025-10-21,NEWTI,25.18,25.18,25.18,25.18,47
2025-10-20,NEWTI,25.18,25.18,25.18,25.18,300
2025-10-17,NEWTI,25.28,25.28,25.28,25.28,700
2025-10-16,NEWTI,25.28,25.28,25.28,25.28,420
2025-10-15,NEWTI,25.18,25.18,25.18,25.18,232
2025-10-14,NEWTI,25.24,25.24,25.03,25.03,1035
2025-10-13,NEWTI,25.12,25.2,25.12,25.2,400
2025-10-10,NEWTI,25.03,25.03,25.03,25.03,900
2025-10-09,NEWTI,25.03,25.1,24.98,24.98,2100
2025-10-08,NEWTI,24.95,25.04,24.95,25.04,1300
2025-10-07,NEWTI,25.05,25.05,24.98,24.98,901
2025-12-05,GECCI,25.49,25.55,25.49,25.55,800
2025-12-04,GECCI,25.55,25.55,25.43,25.5,6000
2025-12-03,GECCI,25.52,25.54,25.52,25.54,500
2025-12-02,GECCI,25.53,25.53,25.53,25.53,457
2025-12-01,GECCI,25.43,25.43,25.43,25.43,209
2025-11-28,GECCI,25.43,25.43,25.43,25.43,105
2025-11-26,GECCI,25.43,25.43,25.43,25.43,10
2025-11-25,GECCI,25.45,25.46,25.43,25.43,1200
2025-11-24,GECCI,25.5,25.5,25.5,25.5,907
2025-11-21,GECCI,25.5,25.5,25.5,25.5,1400
2025-11-20,GECCI,25.35,25.49,25.35,25.49,3000
2025-11-19,GECCI,25.35,25.4,25.3,25.35,4800
2025-11-18,GECCI,25.45,25.45,25.45,25.45,600
2025-11-17,GECCI,25.3,25.4,25.3,25.4,1003
2025-11-14,GECCI,25.3,25.37,25.3,25.3,701
2025-11-13,GECCI,25.3,25.3,25.3,25.3,200
2025-11-12,GECCI,25.31,25.31,25.3,25.3,625
2025-11-11,GECCI,25.3,25.35,25.3,25.35,1900
2025-11-10,GECCI,25.25,25.25,25.25,25.25,1
2025-11-07,GECCI,25.25,25.25,25.25,25.25,58
2025-11-06,GECCI,25.2,25.25,25.2,25.25,1323
2025-11-05,GECCI,25.25,25.25,25.2,25.2,500
2025-11-04,GECCI,25.38,25.38,25.38,25.38,216
2025-11-03,GECCI,25.38,25.38,25.38,25.38,232
2025-10-31,GECCI,25.35,25.35,25.27,25.27,600
2025-10-30,GECCI,25.3,25.3,25.3,25.3,3
2025-10-29,GECCI,25.21,25.3,25.21,25.3,2300
2025-10-28,GECCI,25.33,25.33,25.33,25.33,400
2025-10-27,GECCI,25.33,25.42,25.33,25.39,3619
2025-10-24,GECCI,25.3,25.3,25.3,25.3,2
2025-10-23,GECCI,25.3,25.3,25.3,25.3,100
2025-10-22,GECCI,25.3,25.3,25.3,25.3,2496
2025-10-21,GECCI,25.53,25.54,25.3,25.3,2496
2025-10-20,GECCI,25.47,25.53,25.28,25.28,700
2025-10-17,GECCI,25.5,25.5,25.5,25.5,5325
2025-10-16,GECCI,25.53,25.53,25.5,25.5,5325
2025-10-15,GECCI,25.49,25.49,25.49,25.49,529
2025-10-14,GECCI,25.33,25.33,25.16,25.18,13313
2025-10-13,GECCI,25.4,25.4,25.4,25.4,231
2025-10-10,GECCI,25.4,25.41,25.4,25.41,333
2025-10-09,GECCI,25.3,25.41,25.3,25.41,732
2025-10-08,GECCI,25.3,25.3,25.3,25.3,85
2025-10-07,GECCI,25.29,25.3,25.25,25.3,8700
2025-12-05,SPEGU,10.3,10.3,10.3,10.3,1
2025-12-04,SPEGU,10.3,10.3,10.3,10.3,2
2025-12-03,SPEGU,10.3,10.3,10.3,10.3,0
2025-12-02,SPEGU,10.35,10.35,10.3,10.3,10200
2025-12-01,SPEGU,10.4,10.4,10.4,10.4,1
2025-11-28,SPEGU,10.4,10.4,10.4,10.4,0
2025-11-26,SPEGU,10.4,10.4,10.4,10.4,0
2025-11-25,SPEGU,10.4,10.4,10.4,10.4,8
2025-11-24,SPEGU,10.4,10.4,10.4,10.4,1
2025-11-21,SPEGU,10.4,10.4,10.4,10.4,1
2025-11-20,SPEGU,10.4,10.4,10.4,10.4,1
2025-11-19,SPEGU,10.4,10.4,10.4,10.4,14
2025-11-18,SPEGU,10.4,10.4,10.4,10.4,2
2025-11-17,SPEGU,10.4,10.4,10.4,10.4,1
2025-11-14,SPEGU,10.4,10.4,10.4,10.4,78
2025-11-13,SPEGU,10.4,10.4,10.4,10.4,3
2025-11-12,SPEGU,10.4,10.4,10.4,10.4,0
2025-11-11,SPEGU,10.4,10.4,10.4,10.4,110
2025-11-10,SPEGU,10.69,10.75,10.3,10.52,2500
2025-11-07,SPEGU,10.4,10.4,10.4,10.4,1
2025-11-06,SPEGU,10.4,10.4,10.4,10.4,0
2025-11-05,SPEGU,10.4,10.4,10.4,10.4,46
2025-11-04,SPEGU,10.4,10.4,10.4,10.4,106
2025-11-03,SPEGU,10.4,10.4,10.4,10.4,8
2025-10-31,SPEGU,10.4,10.4,10.4,10.4,245
2025-10-30,SPEGU,10.5,10.5,10.4,10.4,2000
2025-10-29,SPEGU,10.28,10.28,10.28,10.28,1
2025-10-28,SPEGU,10.28,10.28,10.28,10.28,3
2025-10-27,SPEGU,10.28,10.28,10.28,10.28,2
2025-10-24,SPEGU,10.28,10.28,10.28,10.28,1
2025-10-23,SPEGU,10.28,10.28,10.28,10.28,1
2025-10-22,SPEGU,10.28,10.28,10.28,10.28,2
2025-10-21,SPEGU,10.28,10.28,10.28,10.28,0
2025-10-20,SPEGU,10.28,10.28,10.28,10.28,18
2025-10-17,SPEGU,10.28,10.28,10.28,10.28,18
2025-10-16,SPEGU,10.35,10.35,10.28,10.28,732
2025-10-15,SPEGU,10.25,10.25,10.25,10.25,2
2025-10-14,SPEGU,10.25,10.25,10.25,10.25,2
2025-10-13,SPEGU,10.25,10.25,10.25,10.25,218
2025-10-10,SPEGU,10.24,10.24,10.24,10.24,9960
2025-10-09,SPEGU,10.22,10.24,10.2,10.24,5735
2025-10-08,SPEGU,10.22,10.23,10.2,10.2,3308
2025-10-07,SPEGU,10.2,10.22,10.2,10.22,712
2025-12-05,ACR-PC,25.22,25.22,25.17,25.21,3452
2025-12-04,ACR-PC,25.17,25.22,25.17,25.22,2707
2025-12-03,ACR-PC,25.17,25.19,25.17,25.19,4810
2025-12-02,ACR-PC,25.2,25.2,25.13,25.18,7412
2025-12-01,ACR-PC,25.17,25.2,25.01,25.2,24766
2025-11-28,ACR-PC,25.11,25.19,25.11,25.17,2064
2025-11-26,ACR-PC,25.05,25.16,25.04,25.16,8264
2025-11-25,ACR-PC,25.06,25.17,25.06,25.16,3413
2025-11-24,ACR-PC,24.99,25.2,24.99,25.17,4621
2025-11-21,ACR-PC,24.9,25.18,24.9,25.13,7494
2025-11-20,ACR-PC,25.05,25.1,24.92,24.92,3886
2025-11-19,ACR-PC,25.0,25.15,25.0,25.07,4342
2025-11-18,ACR-PC,25.15,25.18,25.0,25.11,8890
2025-11-17,ACR-PC,25.17,25.18,25.08,25.15,6237
2025-11-14,ACR-PC,25.1,25.17,25.1,25.16,2151
2025-11-13,ACR-PC,25.11,25.16,25.11,25.13,3540
2025-11-12,ACR-PC,25.15,25.15,25.12,25.15,3361
2025-11-11,ACR-PC,25.1,25.15,25.1,25.13,2098
2025-11-10,ACR-PC,25.11,25.14,25.11,25.14,3470
2025-11-07,ACR-PC,25.06,25.14,25.06,25.14,8444
2025-11-06,ACR-PC,25.12,25.15,25.09,25.11,8256
2025-11-05,ACR-PC,25.15,25.15,25.11,25.15,1533
2025-11-04,ACR-PC,25.12,25.15,25.04,25.1,13056
2025-11-03,ACR-PC,25.1,25.14,25.1,25.12,5252
2025-10-31,ACR-PC,25.16,25.21,25.1,25.1,22100
2025-10-30,ACR-PC,25.19,25.2,25.1,25.13,10029
2025-10-29,ACR-PC,25.14,25.15,25.1,25.13,8413
2025-10-28,ACR-PC,25.13,25.15,25.07,25.12,2979
2025-10-27,ACR-PC,25.05,25.2,25.05,25.1,8156
2025-10-24,ACR-PC,25.05,25.05,24.91,25.04,1869
2025-10-23,ACR-PC,25.0,25.06,25.0,25.02,3454
2025-10-22,ACR-PC,25.02,25.02,24.9,24.9,3813
2025-10-21,ACR-PC,25.05,25.05,24.99,25.0,5060
2025-10-20,ACR-PC,24.98,25.05,24.95,25.03,11012
2025-10-17,ACR-PC,24.86,24.94,24.83,24.91,9991
2025-10-16,ACR-PC,24.9,24.9,24.75,24.75,3334
2025-10-15,ACR-PC,24.8,24.98,24.8,24.88,5874
2025-10-14,ACR-PC,24.8,24.87,24.77,24.8,5155
2025-10-13,ACR-PC,24.91,24.91,24.81,24.85,3012
2025-10-10,ACR-PC,24.92,24.92,24.76,24.89,8578
2025-10-09,ACR-PC,24.83,24.95,24.64,24.76,11889
2025-10-08,ACR-PC,24.86,24.97,24.81,24.89,6839
2025-10-07,ACR-PC,24.84,25.0,24.74,24.9,19833
2025-12-05,ACR-PD,22.17,22.17,22.17,22.17,540
2025-12-04,ACR-PD,22.03,22.2,21.98,22.2,6415
2025-12-03,ACR-PD,22.23,22.23,22.01,22.05,13213
2025-12-02,ACR-PD,21.98,22.17,21.98,22.17,4267
2025-12-01,ACR-PD,22.07,22.1,22.0,22.07,2858
2025-11-28,ACR-PD,21.96,22.05,21.96,22.05,2459
2025-11-26,ACR-PD,21.95,22.05,21.95,22.02,1653
2025-11-25,ACR-PD,21.93,22.02,21.93,22.0,3168
2025-11-24,ACR-PD,21.92,22.05,21.92,21.95,5881
2025-11-21,ACR-PD,21.98,22.04,21.92,22.0,3943
2025-11-20,ACR-PD,22.03,22.03,21.95,21.95,1601
2025-11-19,ACR-PD,21.97,22.09,21.97,22.09,962
2025-11-18,ACR-PD,21.95,22.08,21.95,22.0,3833
2025-11-17,ACR-PD,22.02,22.12,21.93,22.0,4455
2025-11-14,ACR-PD,22.01,22.1,21.81,22.06,2491
2025-11-13,ACR-PD,22.11,22.13,22.06,22.06,2381
2025-11-12,ACR-PD,22.15,22.2,22.14,22.17,5951
2025-11-11,ACR-PD,22.2,22.2,22.16,22.16,3226
2025-11-10,ACR-PD,22.01,22.2,22.01,22.2,1829
2025-11-07,ACR-PD,22.03,22.2,22.03,22.13,1247
2025-11-06,ACR-PD,22.05,22.05,22.05,22.05,400
2025-11-05,ACR-PD,22.15,22.19,22.15,22.19,6303
2025-11-04,ACR-PD,22.02,22.17,22.01,22.17,7350
2025-11-03,ACR-PD,22.02,22.08,22.02,22.06,1301
2025-10-31,ACR-PD,22.02,22.1,21.9,22.1,4087
2025-10-30,ACR-PD,22.04,22.04,21.88,21.92,5789
2025-10-29,ACR-PD,22.09,22.1,21.98,22.07,15509
2025-10-28,ACR-PD,21.97,22.07,21.96,22.07,4985
2025-10-27,ACR-PD,21.81,21.96,21.81,21.96,1202
2025-10-24,ACR-PD,21.96,21.96,21.87,21.87,1243
2025-10-23,ACR-PD,21.65,21.91,21.65,21.91,5104
2025-10-22,ACR-PD,21.7,21.86,21.65,21.85,5847
2025-10-21,ACR-PD,21.62,21.67,21.62,21.67,843
2025-10-20,ACR-PD,21.7,21.7,21.64,21.7,6764
2025-10-17,ACR-PD,21.76,21.81,21.73,21.73,3533
2025-10-16,ACR-PD,21.88,21.88,21.85,21.87,2583
2025-10-15,ACR-PD,21.91,21.91,21.8,21.87,1470
2025-10-14,ACR-PD,21.69,21.91,21.69,21.91,1443
2025-10-13,ACR-PD,21.51,21.8,21.38,21.68,5019
2025-10-10,ACR-PD,21.47,21.72,21.25,21.25,5348
2025-10-09,ACR-PD,21.53,21.66,21.28,21.33,9703
2025-10-08,ACR-PD,21.86,22.1,21.5,21.68,14521
2025-10-07,ACR-PD,21.94,22.1,21.55,21.87,20237
2025-12-05,FGBIP,15.38,15.38,15.38,15.38,42
2025-12-04,FGBIP,15.63,15.65,15.38,15.38,1400
2025-12-03,FGBIP,15.62,15.97,15.42,15.67,4004
2025-12-02,FGBIP,15.15,15.6,15.11,15.42,6000
2025-12-01,FGBIP,14.89,15.14,14.8,15.14,11327
2025-11-28,FGBIP,15.01,15.15,14.7,14.75,1400
2025-11-26,FGBIP,15.25,15.25,14.85,15.01,12037
2025-11-25,FGBIP,15.37,15.45,15.25,15.31,3800
2025-11-24,FGBIP,15.32,15.36,15.3,15.36,2800
2025-11-21,FGBIP,15.24,15.24,14.96,15.24,3300
2025-11-20,FGBIP,15.21,15.42,15.05,15.05,2638
2025-11-19,FGBIP,15.18,15.72,15.14,15.48,3800
2025-11-18,FGBIP,15.8,15.8,15.02,15.2,9734
2025-11-17,FGBIP,15.66,15.8,15.32,15.7,3016
2025-11-14,FGBIP,15.88,16.3,15.48,15.62,3600
2025-11-13,FGBIP,16.39,16.49,16.09,16.1,12326
2025-11-12,FGBIP,16.68,16.68,16.17,16.21,2445
2025-11-11,FGBIP,15.71,16.25,15.71,16.25,4746
2025-11-10,FGBIP,15.25,15.86,15.0,15.86,8711
2025-11-07,FGBIP,15.18,15.68,14.94,15.25,7748
2025-11-06,FGBIP,15.85,15.85,15.25,15.4,6000
2025-11-05,FGBIP,16.05,16.05,15.58,15.85,16529
2025-11-04,FGBIP,16.1,16.29,15.58,16.05,27100
2025-11-03,FGBIP,16.6,16.6,15.65,16.03,3954
2025-10-31,FGBIP,16.91,16.96,16.51,16.6,3900
2025-10-30,FGBIP,17.25,17.26,16.6,16.6,5500
2025-10-29,FGBIP,17.59,17.59,17.1,17.1,10100
2025-10-28,FGBIP,17.0,17.86,17.0,17.59,7100
2025-10-27,FGBIP,17.8,17.99,16.41,17.15,8900
2025-10-24,FGBIP,17.9,18.06,17.82,17.86,4300
2025-10-23,FGBIP,17.85,18.19,17.85,17.9,1400
2025-10-22,FGBIP,18.0,18.14,17.92,17.92,2623
2025-10-21,FGBIP,18.35,18.35,17.8,18.27,9400
2025-10-20,FGBIP,18.1,18.51,18.1,18.36,8121
2025-10-17,FGBIP,18.13,18.13,18.13,18.13,233
2025-10-16,FGBIP,18.19,18.69,18.09,18.13,9418
2025-10-15,FGBIP,19.16,19.41,17.2,18.21,7400
2025-10-14,FGBIP,19.26,19.52,19.26,19.27,1200
2025-10-13,FGBIP,19.54,19.54,19.25,19.25,1600
2025-10-10,FGBIP,19.73,19.73,19.53,19.54,800
2025-10-09,FGBIP,19.4,19.95,19.4,19.75,8600
2025-10-08,FGBIP,19.25,19.51,19.25,19.5,1478
2025-10-07,FGBIP,19.24,19.5,19.2,19.5,4709
2025-12-05,SVACU,10.4,10.48,10.12,10.45,1200
2025-12-04,SVACU,10.18,10.4,10.18,10.4,200
2025-12-03,SVACU,10.5,10.5,10.32,10.45,18800
2025-12-02,SVACU,10.43,10.43,10.43,10.43,612
2025-12-01,SVACU,10.53,10.53,10.43,10.45,13200
2025-11-28,SVACU,10.53,10.53,10.53,10.53,513
2025-11-26,SVACU,10.53,10.53,10.53,10.53,0
2025-11-25,SVACU,10.53,10.53,10.53,10.53,200
2025-11-24,SVACU,10.54,10.59,10.54,10.59,1135
2025-11-21,SVACU,10.43,10.43,10.43,10.43,0
2025-11-20,SVACU,10.58,10.58,10.43,10.43,23300
2025-11-19,SVACU,10.58,10.58,10.58,10.58,200
2025-11-18,SVACU,10.58,10.58,10.58,10.58,233
2025-11-17,SVACU,10.58,10.58,10.58,10.58,200
2025-11-14,SVACU,10.58,10.58,10.58,10.58,101
2025-11-13,SVACU,10.58,10.58,10.58,10.58,0
2025-11-12,SVACU,10.58,10.58,10.58,10.58,100
2025-11-11,SVACU,10.44,10.44,10.44,10.44,102
2025-11-10,SVACU,10.41,10.41,10.41,10.41,0
2025-11-07,SVACU,10.41,10.41,10.41,10.41,0
2025-11-06,SVACU,10.41,10.41,10.41,10.41,100
2025-11-05,SVACU,10.45,10.45,10.45,10.45,0
2025-11-04,SVACU,10.45,10.45,10.45,10.45,200
2025-11-03,SVACU,10.56,10.56,10.55,10.56,900
2025-10-31,SVACU,10.7,10.7,10.5,10.68,15800
2025-10-30,SVACU,10.52,10.52,10.52,10.52,0
2025-10-29,SVACU,10.52,10.52,10.52,10.52,200
2025-10-28,SVACU,10.68,10.68,10.68,10.68,0
2025-10-27,SVACU,10.7,10.7,10.51,10.68,2300
2025-10-24,SVACU,10.65,10.65,10.65,10.65,0
2025-10-23,SVACU,10.63,10.65,10.63,10.65,2941
2025-10-22,SVACU,10.65,10.65,10.65,10.65,9
2025-10-21,SVACU,10.67,10.67,10.65,10.65,1100
2025-10-20,SVACU,10.87,10.87,10.69,10.69,800
2025-10-17,SVACU,10.87,10.87,10.87,10.87,78
2025-10-16,SVACU,10.7,10.87,10.7,10.87,2307
2025-10-15,SVACU,10.45,10.79,10.45,10.7,3824
2025-10-14,SVACU,10.56,10.77,10.56,10.66,9420
2025-10-13,SVACU,10.46,10.52,10.46,10.52,2310
2025-10-10,SVACU,10.41,10.44,10.4,10.43,4746
2025-10-09,SVACU,10.43,10.46,10.31,10.44,396700
2025-10-08,SVACU,10.39,10.39,10.39,10.39,0
2025-10-07,SVACU,10.36,10.39,10.36,10.39,603
2025-12-05,HNNAZ,24.92,24.98,24.92,24.95,2200
2025-12-04,HNNAZ,24.92,24.96,24.91,24.91,2000
2025-12-03,HNNAZ,24.7,24.9,24.7,24.86,4800
2025-12-02,HNNAZ,25.01,25.01,24.51,24.53,9118
2025-12-01,HNNAZ,25.04,25.04,25.04,25.04,0
2025-11-28,HNNAZ,25.04,25.04,25.04,25.04,410
2025-11-26,HNNAZ,25.0,25.0,25.0,25.0,231
2025-11-25,HNNAZ,24.99,25.0,24.96,24.96,1600
2025-11-24,HNNAZ,25.2,25.2,25.2,25.2,0
2025-11-21,HNNAZ,25.15,25.2,25.15,25.2,300
2025-11-20,HNNAZ,25.0,25.0,25.0,25.0,800
2025-11-19,HNNAZ,24.96,24.96,24.96,24.96,134
2025-11-18,HNNAZ,24.9,24.9,24.9,24.9,40
2025-11-17,HNNAZ,24.91,24.91,24.9,24.9,5600
2025-11-14,HNNAZ,24.78,24.78,24.78,24.78,0
2025-11-13,HNNAZ,24.78,24.78,24.78,24.78,4
2025-11-12,HNNAZ,24.78,24.78,24.78,24.78,0
2025-11-11,HNNAZ,24.78,24.78,24.78,24.78,54
2025-11-10,HNNAZ,24.78,24.78,24.77,24.78,400
2025-11-07,HNNAZ,24.88,24.88,24.88,24.88,0
2025-11-06,HNNAZ,24.88,24.88,24.88,24.88,0
2025-11-05,HNNAZ,24.88,24.88,24.88,24.88,400
2025-11-04,HNNAZ,25.0,25.0,25.0,25.0,0
2025-11-03,HNNAZ,25.0,25.0,25.0,25.0,3
2025-10-31,HNNAZ,24.85,25.0,24.85,25.0,501
2025-10-30,HNNAZ,24.75,24.75,24.75,24.75,0
2025-10-29,HNNAZ,24.75,24.75,24.75,24.75,0
2025-10-28,HNNAZ,24.8,24.8,24.7,24.75,4548
2025-10-27,HNNAZ,24.99,24.99,24.99,24.99,200
2025-10-24,HNNAZ,24.81,24.81,24.81,24.81,129
2025-10-23,HNNAZ,24.85,24.85,24.68,24.69,2000
2025-10-22,HNNAZ,24.9,24.9,24.9,24.9,0
2025-10-21,HNNAZ,24.9,24.9,24.9,24.9,3
2025-10-20,HNNAZ,24.9,24.9,24.9,24.9,635
2025-10-17,HNNAZ,24.9,24.9,24.9,24.9,486
2025-10-16,HNNAZ,24.89,24.89,24.83,24.84,700
2025-10-15,HNNAZ,24.86,24.86,24.82,24.82,400
2025-10-14,HNNAZ,24.82,24.82,24.82,24.82,601
2025-10-13,HNNAZ,24.69,24.85,24.54,24.85,1340
2025-10-10,HNNAZ,24.76,24.85,24.25,24.85,2450
2025-10-09,HNNAZ,24.77,24.77,24.77,24.77,0
2025-10-08,HNNAZ,24.85,24.85,24.77,24.77,1000
2025-10-07,HNNAZ,24.72,24.72,24.72,24.72,9
2025-12-05,YCL,19.55,19.59,19.49,19.53,43458
2025-12-04,YCL,19.67,19.71,19.58,19.59,37700
2025-12-03,YCL,19.52,19.6,19.47,19.55,50957
2025-12-02,YCL,19.38,19.45,19.35,19.45,47751
2025-12-01,YCL,19.63,19.64,19.49,19.54,89842
2025-11-28,YCL,19.25,19.33,19.25,19.27,20000
2025-11-26,YCL,19.17,19.26,19.17,19.25,23992
2025-11-25,YCL,19.3,19.42,19.29,19.32,34633
2025-11-24,YCL,19.12,19.22,19.09,19.22,16000
2025-11-21,YCL,19.14,19.32,19.14,19.24,34535
2025-11-20,YCL,19.0,19.1,18.95,18.96,74768
2025-11-19,YCL,19.32,19.32,19.11,19.11,100921
2025-11-18,YCL,19.54,19.6,19.44,19.5,26654
2025-11-17,YCL,19.68,19.68,19.56,19.56,47207
2025-11-14,YCL,19.83,19.87,19.7,19.72,21500
2025-11-13,YCL,19.76,19.86,19.73,19.75,27611
2025-11-12,YCL,19.68,19.77,19.61,19.77,45839
2025-11-11,YCL,19.9,19.98,19.86,19.89,12200
2025-11-10,YCL,19.86,19.94,19.86,19.9,24334
2025-11-07,YCL,20.12,20.18,20.04,20.07,16500
2025-11-06,YCL,19.99,20.18,19.99,20.14,18367
2025-11-05,YCL,19.94,19.94,19.85,19.86,16932
2025-11-04,YCL,20.01,20.1,20.01,20.04,37707
2025-11-03,YCL,19.87,19.93,19.86,19.87,33423
2025-10-31,YCL,19.93,19.93,19.86,19.86,28937
2025-10-30,YCL,19.88,19.94,19.82,19.94,104635
2025-10-29,YCL,20.46,20.49,20.21,20.21,43427
2025-10-28,YCL,20.38,20.5,20.38,20.48,15218
2025-10-27,YCL,20.26,20.28,20.16,20.28,39712
2025-10-24,YCL,20.27,20.31,20.25,20.25,30823
2025-10-23,YCL,20.37,20.39,20.28,20.39,47815
2025-10-22,YCL,20.52,20.58,20.5,20.5,27300
2025-10-21,YCL,20.52,20.64,20.5,20.5,29921
2025-10-20,YCL,20.84,20.95,20.82,20.87,23324
2025-10-17,YCL,20.95,20.99,20.89,20.89,50232
2025-10-16,YCL,20.75,20.98,20.74,20.97,32584
2025-10-15,YCL,20.59,20.78,20.59,20.71,21726
2025-10-14,YCL,20.55,20.65,20.47,20.57,24800
2025-10-13,YCL,20.47,20.49,20.37,20.44,44821
2025-10-10,YCL,20.37,20.67,20.35,20.65,82800
2025-10-09,YCL,20.36,20.36,20.2,20.26,36300
2025-10-08,YCL,20.38,20.45,20.26,20.31,134000
2025-10-07,YCL,20.84,20.87,20.56,20.56,91554
2025-12-05,BWNB,24.6,24.65,24.56,24.6,4410
2025-12-04,BWNB,24.58,24.65,24.5,24.6,22030
2025-12-03,BWNB,24.6,24.6,24.5,24.51,2400
2025-12-02,BWNB,24.54,24.63,24.45,24.51,14400
2025-12-01,BWNB,24.34,24.55,24.34,24.5,53600
2025-11-28,BWNB,24.49,24.51,24.32,24.32,314931
2025-11-26,BWNB,24.5,24.58,24.42,24.49,42131
2025-11-25,BWNB,24.5,24.6,24.43,24.49,41700
2025-11-24,BWNB,24.5,24.57,24.43,24.53,25800
2025-11-21,BWNB,24.52,24.6,24.4,24.5,39800
2025-11-20,BWNB,24.35,24.61,24.25,24.53,68000
2025-11-19,BWNB,24.37,24.49,24.16,24.37,46913
2025-11-18,BWNB,24.53,24.67,24.4,24.42,41000
2025-11-17,BWNB,24.55,24.64,24.49,24.53,21600
2025-11-14,BWNB,24.67,24.67,24.54,24.55,4445
2025-11-13,BWNB,24.71,24.74,24.67,24.67,8743
2025-11-12,BWNB,24.6,24.74,24.55,24.72,27924
2025-11-11,BWNB,24.56,24.74,24.52,24.68,29742
2025-11-10,BWNB,24.4,24.54,24.25,24.54,24825
2025-11-07,BWNB,24.1,24.5,24.1,24.41,21700
2025-11-06,BWNB,24.15,24.23,24.05,24.14,21400
2025-11-05,BWNB,24.39,24.39,23.9,24.19,34600
2025-11-04,BWNB,23.25,23.25,23.11,23.25,10800
2025-11-03,BWNB,23.69,23.69,23.25,23.25,2300
2025-10-31,BWNB,23.32,23.4,23.31,23.31,8531
2025-10-30,BWNB,23.44,23.55,23.32,23.32,8700
2025-10-29,BWNB,23.6,23.6,23.32,23.32,10700
2025-10-28,BWNB,23.6,23.6,23.03,23.43,8900
2025-10-27,BWNB,23.43,23.55,23.19,23.47,9400
2025-10-24,BWNB,23.74,23.74,23.46,23.5,10200
2025-10-23,BWNB,23.65,23.8,23.3,23.58,7900
2025-10-22,BWNB,23.81,23.94,23.66,23.7,13246
2025-10-21,BWNB,23.87,23.95,23.65,23.92,17000
2025-10-20,BWNB,24.0,24.0,23.81,23.84,3929
2025-10-17,BWNB,24.0,24.0,23.85,23.98,3400
2025-10-16,BWNB,23.9,24.09,23.7,23.9,9000
2025-10-15,BWNB,23.48,23.9,23.48,23.72,9100
2025-10-14,BWNB,23.33,23.4,23.25,23.4,7000
2025-10-13,BWNB,23.01,23.28,23.01,23.1,8700
2025-10-10,BWNB,23.07,23.16,22.99,23.0,11126
2025-10-09,BWNB,23.12,23.22,23.07,23.22,20311
2025-10-08,BWNB,22.55,23.18,22.55,23.12,4029
2025-10-07,BWNB,23.17,23.17,23.0,23.07,21000
2025-12-05,SCO,18.62,18.63,18.18,18.3,1527608
2025-12-04,SCO,18.84,18.97,18.36,18.61,1758100
2025-12-03,SCO,18.77,18.99,18.52,18.87,1669900
2025-12-02,SCO,18.84,19.19,18.62,19.07,1261323
2025-12-01,SCO,18.85,18.85,18.51,18.59,893739
2025-11-28,SCO,18.84,18.84,18.48,18.64,1097814
2025-11-26,SCO,19.51,19.51,18.93,19.0,913207
2025-11-25,SCO,19.57,19.86,19.26,19.36,924600
2025-11-24,SCO,19.44,19.61,18.82,18.87,840225
2025-11-21,SCO,19.44,19.77,19.32,19.44,1812661
2025-11-20,SCO,18.58,19.12,18.33,19.08,1425320
2025-11-19,SCO,18.82,18.97,18.66,18.76,2115808
2025-11-18,SCO,18.38,18.54,17.85,17.92,1667400
2025-11-17,SCO,18.23,18.38,18.16,18.35,871555
2025-11-14,SCO,18.37,18.43,18.1,18.35,2723277
2025-11-13,SCO,18.66,18.95,18.63,18.91,2375141
2025-11-12,SCO,18.33,18.96,18.31,18.9,2317500
2025-11-11,SCO,17.85,17.85,17.56,17.67,2930800
2025-11-10,SCO,18.18,18.48,18.06,18.12,2186200
2025-11-07,SCO,18.34,18.53,18.26,18.28,1962506
2025-11-06,SCO,18.53,18.71,18.39,18.49,1814627
2025-11-05,SCO,18.21,18.45,17.88,18.43,1872226
2025-11-04,SCO,18.17,18.23,17.89,18.13,1044000
2025-11-03,SCO,17.95,18.14,17.68,17.86,1795813
2025-10-31,SCO,18.05,18.24,17.88,18.03,1287500
2025-10-30,SCO,18.43,18.53,18.0,18.27,1089336
2025-10-29,SCO,18.23,18.24,17.96,18.19,1087149
2025-10-28,SCO,18.24,18.56,18.15,18.42,933100
2025-10-27,SCO,17.93,18.06,17.74,17.92,735669
2025-10-24,SCO,17.89,18.02,17.68,17.97,1237131
2025-10-23,SCO,17.91,18.09,17.61,18.06,1990200
2025-10-22,SCO,19.01,19.07,18.33,18.55,2197300
2025-10-21,SCO,19.64,20.08,19.2,19.55,2130500
2025-10-20,SCO,20.04,20.05,19.65,19.72,1265241
2025-10-17,SCO,19.74,19.86,19.52,19.61,1698453
2025-10-16,SCO,19.22,19.99,19.18,19.83,2170209
2025-10-15,SCO,19.0,19.39,18.94,19.21,1052604
2025-10-14,SCO,19.23,19.47,19.02,19.27,1339513
2025-10-13,SCO,18.74,18.95,18.5,18.58,1080203
2025-10-10,SCO,18.64,19.26,18.41,19.24,3039733
2025-10-09,SCO,17.41,18.04,17.39,17.87,1160803
2025-10-08,SCO,17.52,17.63,17.33,17.52,1209444
2025-10-07,SCO,17.84,17.97,17.59,17.61,850303
2025-12-05,KOLD,20.77,20.97,19.0,20.79,21525212
2025-12-04,KOLD,23.99,24.64,22.61,22.79,9985800
2025-12-03,KOLD,23.88,23.99,23.05,23.4,10667328
2025-12-02,KOLD,24.23,25.42,24.0,25.14,7226500
2025-12-01,KOLD,24.94,25.73,24.0,24.29,8389600
2025-11-28,KOLD,26.57,26.78,25.57,26.04,5312100
2025-11-26,KOLD,28.35,28.82,27.58,28.0,6403729
2025-11-25,KOLD,30.5,30.74,29.2,29.78,6229546
2025-11-24,KOLD,27.95,28.15,27.27,27.56,4716902
2025-11-21,KOLD,27.26,27.41,26.0,26.71,8250700
2025-11-20,KOLD,27.35,27.75,26.07,27.57,7959943
2025-11-19,KOLD,26.8,27.13,25.95,26.52,6564632
2025-11-18,KOLD,29.23,30.24,28.29,28.44,7782604
2025-11-17,KOLD,27.49,29.04,26.91,28.89,6278200
2025-11-14,KOLD,27.4,28.59,26.45,27.27,7382300
2025-11-13,KOLD,26.73,27.03,25.41,26.34,8295946
2025-11-12,KOLD,27.01,27.69,26.5,26.94,7045500
2025-11-11,KOLD,28.69,28.69,26.56,27.21,8992900
2025-11-10,KOLD,29.82,30.21,28.81,28.89,5913017
2025-11-07,KOLD,29.56,30.06,28.78,29.47,5447000
2025-11-06,KOLD,29.95,31.11,28.47,28.78,8128827
2025-11-05,KOLD,29.97,30.94,29.14,30.79,6670201
2025-11-04,KOLD,30.57,30.71,28.64,29.55,8934700
2025-11-03,KOLD,32.04,32.52,30.05,30.23,6117300
2025-10-31,KOLD,33.19,34.21,32.06,32.31,5166435
2025-10-30,KOLD,35.89,36.5,34.47,34.57,5991043
2025-10-29,KOLD,37.22,37.4,35.99,37.26,3945642
2025-10-28,KOLD,36.08,36.59,35.84,36.54,5122700
2025-10-27,KOLD,34.17,34.52,33.27,34.04,5292610
2025-10-24,KOLD,33.5,35.08,33.03,33.51,4702435
2025-10-23,KOLD,33.37,33.74,32.32,33.5,4682604
2025-10-22,KOLD,32.61,33.53,32.4,33.17,4170700
2025-10-21,KOLD,33.72,34.02,32.47,32.63,4663505
2025-10-20,KOLD,35.41,35.47,33.14,33.55,4281300
2025-10-17,KOLD,40.56,40.6,38.17,38.46,2514800
2025-10-16,KOLD,40.1,40.73,38.74,40.59,3092327
2025-10-15,KOLD,39.54,40.19,39.33,39.63,2522100
2025-10-14,KOLD,38.83,39.1,38.17,38.89,2963700
2025-10-13,KOLD,38.2,38.56,37.18,37.64,2576400
2025-10-10,KOLD,36.34,37.46,35.87,36.69,2799542
2025-10-09,KOLD,33.26,35.28,33.2,35.24,3581600
2025-10-08,KOLD,31.93,33.74,31.92,33.58,3905000
2025-10-07,KOLD,32.11,32.4,30.48,30.74,5412700
2025-12-05,GLL,27.19,27.63,26.82,27.58,1370148
2025-12-04,GLL,27.49,27.71,27.34,27.46,717700
2025-12-03,GLL,27.26,27.65,27.04,27.51,814906
2025-12-02,GLL,27.24,28.06,27.22,27.45,1031520
2025-12-01,GLL,26.96,27.32,26.96,27.09,1514000
2025-11-28,GLL,27.59,27.75,27.34,27.36,615600
2025-11-26,GLL,28.32,28.4,27.93,28.07,2339518
2025-11-25,GLL,28.46,28.79,28.11,28.48,691500
2025-11-24,GLL,29.28,29.37,28.44,28.46,1048332
2025-11-21,GLL,29.4,29.56,28.87,29.39,1274741
2025-11-20,GLL,29.22,29.71,28.82,29.22,936713
2025-11-19,GLL,28.78,29.54,28.42,29.22,1102321
2025-11-18,GLL,29.28,29.76,29.16,29.36,861800
2025-11-17,GLL,29.38,30.26,29.16,29.78,1046000
2025-11-14,GLL,29.5,29.8,28.74,29.08,2245558
2025-11-13,GLL,27.38,28.26,27.3,28.02,1779562
2025-11-12,GLL,28.5,28.58,27.38,27.58,1226700
2025-11-11,GLL,28.52,28.96,28.44,28.5,816505
2025-11-10,GLL,29.12,29.3,28.68,28.78,860900
2025-11-07,GLL,30.42,30.68,30.0,30.36,799250
2025-11-06,GLL,30.56,30.94,30.38,30.72,1036824
2025-11-05,GLL,30.66,30.98,30.54,30.62,975850
2025-11-04,GLL,31.14,31.52,30.8,31.34,1499550
2025-11-03,GLL,30.22,30.46,29.9,30.22,779152
2025-10-31,GLL,29.98,30.82,29.94,30.36,1713400
2025-10-30,GLL,30.84,30.94,29.98,30.0,2037111
2025-10-29,GLL,30.04,31.48,29.98,31.16,3416400
2025-10-28,GLL,31.38,31.62,30.78,30.92,2823354
2025-10-27,GLL,29.9,30.72,29.8,30.46,3442150
2025-10-24,GLL,28.78,28.96,28.38,28.88,4615258
2025-10-23,GLL,28.26,28.7,28.14,28.68,2555600
2025-10-22,GLL,29.68,30.24,28.72,28.86,7608853
2025-10-21,GLL,27.82,29.24,27.52,28.84,9353350
2025-10-20,GLL,26.38,26.74,25.6,25.64,7319100
2025-10-17,GLL,26.62,28.2,26.58,27.62,9934450
2025-10-16,GLL,27.4,27.48,26.56,26.62,7381265
2025-10-15,GLL,28.14,28.32,27.88,27.92,2285069
2025-10-14,GLL,29.3,29.36,28.68,28.82,2531920
2025-10-13,GLL,29.56,29.7,29.16,29.28,2112700
2025-10-10,GLL,31.16,31.48,30.68,30.82,1826350
2025-10-09,GLL,30.24,31.92,30.2,31.44,3417150
2025-10-08,GLL,30.44,30.62,30.1,30.36,3950500
2025-10-07,GLL,31.28,31.64,31.14,31.34,1603000
2025-12-05,INBKZ,24.68,24.68,24.68,24.68,7
2025-12-04,INBKZ,24.61,24.68,24.61,24.68,600
2025-12-03,INBKZ,24.61,24.7,24.61,24.65,2348
2025-12-02,INBKZ,24.51,24.59,24.46,24.59,1602
2025-12-01,INBKZ,24.7,24.7,24.43,24.5,700
2025-11-28,INBKZ,24.37,24.68,24.37,24.6,427
2025-11-26,INBKZ,24.23,24.44,24.21,24.3,2200
2025-11-25,INBKZ,24.6,24.77,24.55,24.7,1715
2025-11-24,INBKZ,24.58,24.6,24.4,24.4,3200
2025-11-21,INBKZ,24.48,24.58,24.44,24.44,1143
2025-11-20,INBKZ,24.22,24.5,24.2,24.48,3710
2025-11-19,INBKZ,24.26,24.4,24.26,24.4,3000
2025-11-18,INBKZ,24.38,24.38,24.38,24.38,441
2025-11-17,INBKZ,24.44,24.44,24.4,24.4,904
2025-11-14,INBKZ,24.6,24.7,24.6,24.6,3644
2025-11-13,INBKZ,24.6,24.85,24.6,24.6,2200
2025-11-12,INBKZ,24.68,24.68,24.68,24.68,204
2025-11-11,INBKZ,24.97,24.97,24.81,24.85,1000
2025-11-10,INBKZ,24.45,24.79,24.45,24.7,4542
2025-11-07,INBKZ,24.74,24.74,24.34,24.54,3246
2025-11-06,INBKZ,24.7,24.7,24.55,24.6,2819
2025-11-05,INBKZ,24.7,24.7,24.41,24.7,4121
2025-11-04,INBKZ,24.7,24.7,24.51,24.59,915
2025-11-03,INBKZ,24.5,24.65,24.47,24.62,1600
2025-10-31,INBKZ,24.43,24.54,24.43,24.51,1321
2025-10-30,INBKZ,24.34,24.45,24.34,24.45,209
2025-10-29,INBKZ,24.3,24.8,24.3,24.8,3109
2025-10-28,INBKZ,24.75,24.75,23.48,24.3,3694
2025-10-27,INBKZ,24.68,24.71,24.65,24.7,5232
2025-10-24,INBKZ,24.47,24.68,24.25,24.6,1900
2025-10-23,INBKZ,24.55,24.55,23.8,24.25,19916
2025-10-22,INBKZ,24.95,24.95,24.61,24.61,1300
2025-10-21,INBKZ,24.75,24.93,24.7,24.8,4249
2025-10-20,INBKZ,24.63,24.75,24.63,24.75,1700
2025-10-17,INBKZ,24.93,24.93,24.43,24.43,10600
2025-10-16,INBKZ,24.93,24.98,24.88,24.88,3027
2025-10-15,INBKZ,24.75,24.95,24.75,24.9,3062
2025-10-14,INBKZ,24.63,24.63,24.63,24.63,0
2025-10-13,INBKZ,24.81,24.83,24.57,24.63,4352
2025-10-10,INBKZ,24.87,24.87,24.87,24.87,1100
2025-10-09,INBKZ,24.6,24.93,24.6,24.8,1711
2025-10-08,INBKZ,24.94,24.94,24.59,24.59,2801
2025-10-07,INBKZ,24.94,24.94,24.9,24.9,510
2025-12-05,QVCGP,3.4,3.42,3.18,3.4,57428
2025-12-04,QVCGP,3.4,3.45,3.34,3.38,29890
2025-12-03,QVCGP,3.36,3.45,3.34,3.42,40934
2025-12-02,QVCGP,3.45,3.47,3.35,3.36,14912
2025-12-01,QVCGP,3.4,3.49,3.26,3.43,100234
2025-11-28,QVCGP,3.67,3.67,3.4,3.4,42627
2025-11-26,QVCGP,3.56,3.63,3.4,3.62,74131
2025-11-25,QVCGP,3.74,3.75,3.26,3.37,122815
2025-11-24,QVCGP,3.85,3.85,3.6,3.7,48600
2025-11-21,QVCGP,3.66,4.09,3.48,3.84,77800
2025-11-20,QVCGP,3.81,3.85,3.33,3.57,109300
2025-11-19,QVCGP,3.9,4.28,3.6,3.79,66800
2025-11-18,QVCGP,3.82,3.99,3.5,3.9,77614
2025-11-17,QVCGP,3.91,3.95,3.64,3.85,49135
2025-11-14,QVCGP,3.92,4.03,3.52,3.92,157114
2025-11-13,QVCGP,4.28,4.4,3.69,3.9,110204
2025-11-12,QVCGP,4.68,4.75,4.15,4.26,80200
2025-11-11,QVCGP,4.89,4.89,4.3,4.76,70500
2025-11-10,QVCGP,4.78,4.92,4.66,4.9,34534
2025-11-07,QVCGP,4.66,4.88,4.61,4.79,59603
2025-11-06,QVCGP,4.71,5.07,4.6,4.7,70318
2025-11-05,QVCGP,4.98,5.2,4.4,4.71,169265
2025-11-04,QVCGP,5.55,5.75,5.36,5.48,79709
2025-11-03,QVCGP,5.5,5.61,5.44,5.59,40608
2025-10-31,QVCGP,5.69,5.69,5.42,5.5,38500
2025-10-30,QVCGP,5.7,5.8,5.45,5.6,61600
2025-10-29,QVCGP,5.5,5.67,5.31,5.57,57039
2025-10-28,QVCGP,5.5,5.53,5.4,5.48,27800
2025-10-27,QVCGP,5.75,5.75,5.43,5.57,91800
2025-10-24,QVCGP,5.49,5.75,5.35,5.75,32600
2025-10-23,QVCGP,5.39,5.45,5.3,5.41,36662
2025-10-22,QVCGP,5.52,5.67,5.35,5.39,42924
2025-10-21,QVCGP,5.74,5.74,5.4,5.49,77900
2025-10-20,QVCGP,5.5,5.91,5.37,5.69,25139
2025-10-17,QVCGP,5.54,5.7,5.41,5.49,40447
2025-10-16,QVCGP,5.59,5.75,5.15,5.15,66528
2025-10-15,QVCGP,5.88,5.93,5.62,5.68,31315
2025-10-14,QVCGP,5.87,6.14,5.65,5.88,33600
2025-10-13,QVCGP,5.97,6.19,5.48,5.87,53408
2025-10-10,QVCGP,6.35,6.61,5.95,6.04,48100
2025-10-09,QVCGP,6.4,6.44,6.1,6.39,31700
2025-10-08,QVCGP,6.35,6.67,6.35,6.41,44370
2025-10-07,QVCGP,6.69,6.7,6.11,6.34,61039
