CIK,Company,Ticker,Form,FilingDate,EventDate,DateOfReport,AccessionNo,FilingURL,FilingUrlTxt,PeriodOfReport,AcceptanceDateTime,HomepageURL,ItemsPresent,ItemsNormalized,HasPressRelease,HasExhibits,PrimaryEx99Docs,PrimaryEx10Docs,HasXBRL,EventType,EventTier,PrimarySourceURL,SecondarySourceURL,IsCatalyst,CatalystType,Tier1Type,Tier1Trigger,IsDilution,DilutionTags,IgnoreReason
0001576873,AMERICAN BATTERY TECHNOLOGY Co,ABAT,8-K,2025-11-17,2025-11-13,2025-11-13,0001493152-25-023902,https://www.sec.gov/Archives/edgar/data/1576873/000149315225023902/form8-k.htm,https://www.sec.gov/Archives/edgar/data/1576873/000149315225023902/form8-k.htm,2025-11-13,2025-11-17 16:45:44,https://www.sec.gov/Archives/edgar/data/1576873/0001493152-25-023902-index.html,Item 5.07; Item 7.01; Item 9.01,Item 5.07; Item 7.01; Item 9.01,True,True,ex99-1.htm,,True,OtherEvent,Tier-2,https://www.sec.gov/Archives/edgar/data/1576873/000149315225023902/form8-k.htm,,True,Tier-2,,,False,,
0002034334,Artius II Acquisition Inc.,AACB,8-K,2025-04-04,2025-04-04,2025-04-04,0001140361-25-012382,https://www.sec.gov/Archives/edgar/data/2034334/000114036125012382/ef20046903_8k.htm,https://www.sec.gov/Archives/edgar/data/2034334/000114036125012382/ef20046903_8k.htm,2025-04-04,2025-04-04 17:04:38,https://www.sec.gov/Archives/edgar/data/2034334/0001140361-25-012382-index.html,Item 8.01; Item 9.01,Item 8.01; Item 9.01,True,True,ef20046903_ex99-1.htm,,True,ATM,Tier-1,https://www.sec.gov/Archives/edgar/data/2034334/000114036125012382/ef20046903_8k.htm,,True,Tier-1,Financing,,True,offering,
0002034334,Artius II Acquisition Inc.,AACB,8-K,2025-02-14,2025-02-12,2025-02-12,0001140361-25-004746,https://www.sec.gov/Archives/edgar/data/2034334/000114036125004746/ny20034162x22_8k.htm,https://www.sec.gov/Archives/edgar/data/2034334/000114036125004746/ny20034162x22_8k.htm,2025-02-12,2025-02-14 16:01:37,https://www.sec.gov/Archives/edgar/data/2034334/0001140361-25-004746-index.html,Item 8.01; Item 9.01,Item 8.01; Item 9.01,True,True,ny20034162x22_ex99-1.htm,ny20034162x22_ex1-1.htm; ny20034162x22_ex10-1.htm; ny20034162x22_ex10-2.htm; ny20034162x22_ex10-3.htm; ny20034162x22_ex10-4.htm; ny20034162x22_ex10-5.htm; ny20034162x22_ex10-6.htm; ny20034162x22_ex10-7.htm,True,ATM,Tier-1,https://www.sec.gov/Archives/edgar/data/2034334/000114036125004746/ny20034162x22_8k.htm,,True,Tier-1,Financing,,True,purchase_agreement;underwriting_agreement;offering,
0002034334,Artius II Acquisition Inc.,AACB,8-K,2025-02-21,2025-02-14,2025-02-14,0001140361-25-005418,https://www.sec.gov/Archives/edgar/data/2034334/000114036125005418/ef20043975_8k.htm,https://www.sec.gov/Archives/edgar/data/2034334/000114036125005418/ef20043975_8k.htm,2025-02-14,2025-02-21 16:00:25,https://www.sec.gov/Archives/edgar/data/2034334/0001140361-25-005418-index.html,Item 8.01; Item 9.01,Item 8.01; Item 9.01,True,True,ef20043975_ex99-1.htm,,True,ATM,Tier-1,https://www.sec.gov/Archives/edgar/data/2034334/000114036125005418/ef20043975_8k.htm,,True,Tier-1,Financing,,True,underwriting_agreement;convertible;warrant;offering,
0001576873,AMERICAN BATTERY TECHNOLOGY Co,ABAT,8-K,2025-09-23,2025-09-22,2025-09-22,0001493152-25-014657,https://www.sec.gov/Archives/edgar/data/1576873/000149315225014657/form8-k.htm,https://www.sec.gov/Archives/edgar/data/1576873/000149315225014657/form8-k.htm,2025-09-22,2025-09-23 17:01:02,https://www.sec.gov/Archives/edgar/data/1576873/0001493152-25-014657-index.html,Item 2.02; Item 9.01,Item 2.02; Item 9.01,True,True,ex99-1.htm,,True,OtherEvent,Tier-2,https://www.sec.gov/Archives/edgar/data/1576873/000149315225014657/form8-k.htm,,True,Tier-2,,,False,,
0001576873,AMERICAN BATTERY TECHNOLOGY Co,ABAT,8-K,2025-10-14,2025-10-13,2025-10-13,0001493152-25-018037,https://www.sec.gov/Archives/edgar/data/1576873/000149315225018037/form8-k.htm,https://www.sec.gov/Archives/edgar/data/1576873/000149315225018037/form8-k.htm,2025-10-13,2025-10-14 17:00:31,https://www.sec.gov/Archives/edgar/data/1576873/0001493152-25-018037-index.html,Item 7.01; Item 9.01,Item 7.01; Item 9.01,True,True,ex99-1.htm,,True,FDA,Tier-1,https://www.sec.gov/Archives/edgar/data/1576873/000149315225018037/form8-k.htm,,True,Tier-2,,,False,,
0001576873,AMERICAN BATTERY TECHNOLOGY Co,ABAT,8-K,2025-09-19,2025-09-19,2025-09-19,0001493152-25-014321,https://www.sec.gov/Archives/edgar/data/1576873/000149315225014321/form8-k.htm,https://www.sec.gov/Archives/edgar/data/1576873/000149315225014321/form8-k.htm,2025-09-19,2025-09-19 17:20:09,https://www.sec.gov/Archives/edgar/data/1576873/0001493152-25-014321-index.html,Item 8.01,Item 8.01,False,True,,,True,ATM,Tier-1,https://www.sec.gov/Archives/edgar/data/1576873/000149315225014321/form8-k.htm,,True,Tier-1,Financing,,True,offering,
0001576873,AMERICAN BATTERY TECHNOLOGY Co,ABAT,8-K,2025-08-01,2025-07-28,2025-07-28,0001641172-25-021929,https://www.sec.gov/Archives/edgar/data/1576873/000164117225021929/form8-k.htm,https://www.sec.gov/Archives/edgar/data/1576873/000164117225021929/form8-k.htm,2025-07-28,2025-08-01 17:00:42,https://www.sec.gov/Archives/edgar/data/1576873/0001641172-25-021929-index.html,Item 1.02,Item 1.02,False,True,,,True,Financing,Tier-1,https://www.sec.gov/Archives/edgar/data/1576873/000164117225021929/form8-k.htm,,True,Tier-1,Financing,,True,purchase_agreement,
0001576873,AMERICAN BATTERY TECHNOLOGY Co,ABAT,8-K,2025-09-18,2025-09-18,2025-09-18,0001493152-25-014076,https://www.sec.gov/Archives/edgar/data/1576873/000149315225014076/form8-k.htm,https://www.sec.gov/Archives/edgar/data/1576873/000149315225014076/form8-k.htm,2025-09-18,2025-09-18 16:36:33,https://www.sec.gov/Archives/edgar/data/1576873/0001493152-25-014076-index.html,Item 2.02; Item 9.01,Item 2.02; Item 9.01,True,True,ex99-1.htm,,True,FDA,Tier-1,https://www.sec.gov/Archives/edgar/data/1576873/000149315225014076/form8-k.htm,,True,Tier-1,Financing,,True,purchase_agreement,
0001098972,AGENUS INC,AGEN,8-K,2025-10-09,2025-10-08,2025-10-08,0001193125-25-235819,https://www.sec.gov/Archives/edgar/data/1098972/000119312525235819/agen-20251008.htm,https://www.sec.gov/Archives/edgar/data/1098972/000119312525235819/agen-20251008.htm,2025-10-08,2025-10-09 16:05:27,https://www.sec.gov/Archives/edgar/data/1098972/0001193125-25-235819-index.html,Item 1.01; Item 2.03,Item 1.01; Item 2.03,False,True,,,True,ATM,Tier-1,https://www.sec.gov/Archives/edgar/data/1098972/000119312525235819/agen-20251008.htm,,True,Tier-1,Financing,,True,spa;purchase_agreement;warrant,
0001098972,AGENUS INC,AGEN,8-K,2025-11-10,2025-11-10,2025-11-10,0001193125-25-273266,https://www.sec.gov/Archives/edgar/data/1098972/000119312525273266/agen-20251110.htm,https://www.sec.gov/Archives/edgar/data/1098972/000119312525273266/agen-20251110.htm,2025-11-10,2025-11-10 07:32:25,https://www.sec.gov/Archives/edgar/data/1098972/0001193125-25-273266-index.html,Item 2.02; Item 9.01,Item 2.02; Item 9.01,True,True,agen-ex99_1.htm,,True,ATM,Tier-1,https://www.sec.gov/Archives/edgar/data/1098972/000119312525273266/agen-20251110.htm,,True,Tier-2,,,False,,
0001098972,AGENUS INC,AGEN,8-K,2025-09-23,2025-09-17,2025-09-17,0001193125-25-213574,https://www.sec.gov/Archives/edgar/data/1098972/000119312525213574/agen-20250917.htm,https://www.sec.gov/Archives/edgar/data/1098972/000119312525213574/agen-20250917.htm,2025-09-17,2025-09-23 17:12:12,https://www.sec.gov/Archives/edgar/data/1098972/0001193125-25-213574-index.html,Item 8.01,Item 8.01,False,True,,,True,Financing,Tier-1,https://www.sec.gov/Archives/edgar/data/1098972/000119312525213574/agen-20250917.htm,,True,Tier-1,Financing,,True,purchase_agreement,
0001098972,AGENUS INC,AGEN,8-K,2025-08-11,2025-08-11,2025-08-11,0000950170-25-106235,https://www.sec.gov/Archives/edgar/data/1098972/000095017025106235/agen-20250811.htm,https://www.sec.gov/Archives/edgar/data/1098972/000095017025106235/agen-20250811.htm,2025-08-11,2025-08-11 07:31:27,https://www.sec.gov/Archives/edgar/data/1098972/0000950170-25-106235-index.html,Item 2.02; Item 9.01,Item 2.02; Item 9.01,True,True,agen-ex99_1.htm,,True,ATM,Tier-1,https://www.sec.gov/Archives/edgar/data/1098972/000095017025106235/agen-20250811.htm,,True,Tier-1,Financing,,True,offering,
0001098972,AGENUS INC,AGEN,8-K,2025-06-04,2025-06-03,2025-06-03,0000950170-25-081674,https://www.sec.gov/Archives/edgar/data/1098972/000095017025081674/agen-20250603.htm,https://www.sec.gov/Archives/edgar/data/1098972/000095017025081674/agen-20250603.htm,2025-06-03,2025-06-04 16:37:44,https://www.sec.gov/Archives/edgar/data/1098972/0000950170-25-081674-index.html,Item 1.01; Item 7.01; Item 9.01,Item 1.01; Item 7.01; Item 9.01,True,True,agen-ex99_1.htm,,True,ATM,Tier-1,https://www.sec.gov/Archives/edgar/data/1098972/000095017025081674/agen-20250603.htm,,True,Tier-1,Financing,,True,spa;purchase_agreement;warrant,
0001098972,AGENUS INC,AGEN,8-K,2025-05-12,2025-05-12,2025-05-12,0000950170-25-068564,https://www.sec.gov/Archives/edgar/data/1098972/000095017025068564/agen-20250512.htm,https://www.sec.gov/Archives/edgar/data/1098972/000095017025068564/agen-20250512.htm,2025-05-12,2025-05-12 07:32:09,https://www.sec.gov/Archives/edgar/data/1098972/0000950170-25-068564-index.html,Item 2.02; Item 9.01,Item 2.02; Item 9.01,True,True,agen-ex99_1.htm,,True,ATM,Tier-1,https://www.sec.gov/Archives/edgar/data/1098972/000095017025068564/agen-20250512.htm,,True,Tier-2,,,False,,
0001098972,AGENUS INC,AGEN,8-K,2025-03-11,2025-03-11,2025-03-11,0000950170-25-036829,https://www.sec.gov/Archives/edgar/data/1098972/000095017025036829/agen-20250311.htm,https://www.sec.gov/Archives/edgar/data/1098972/000095017025036829/agen-20250311.htm,2025-03-11,2025-03-11 07:35:07,https://www.sec.gov/Archives/edgar/data/1098972/0000950170-25-036829-index.html,Item 2.02; Item 9.01,Item 2.02; Item 9.01,True,True,agen-ex99_1.htm,,True,ATM,Tier-1,https://www.sec.gov/Archives/edgar/data/1098972/000095017025036829/agen-20250311.htm,,True,Tier-2,,,False,,
0001098972,AGENUS INC,AGEN,8-K,2025-02-26,2025-02-20,2025-02-20,0000950170-25-027947,https://www.sec.gov/Archives/edgar/data/1098972/000095017025027947/agen-20250220.htm,https://www.sec.gov/Archives/edgar/data/1098972/000095017025027947/agen-20250220.htm,2025-02-20,2025-02-26 17:21:12,https://www.sec.gov/Archives/edgar/data/1098972/0000950170-25-027947-index.html,Item 1.01; Item 2.03; Item 3.02; Item 9.01,Item 1.01; Item 2.03; Item 3.02; Item 9.01,False,True,,,True,ATM,Tier-1,https://www.sec.gov/Archives/edgar/data/1098972/000095017025027947/agen-20250220.htm,,True,Tier-1,Financing,,True,warrant;offering,
0001870940,"Airsculpt Technologies, Inc.",AIRS,8-K,2025-11-18,2025-11-14,2025-11-14,0001104659-25-113294,https://www.sec.gov/Archives/edgar/data/1870940/000110465925113294/tm2531412d1_8k.htm,https://www.sec.gov/Archives/edgar/data/1870940/000110465925113294/tm2531412d1_8k.htm,2025-11-14,2025-11-17 18:10:40,https://www.sec.gov/Archives/edgar/data/1870940/0001104659-25-113294-index.html,Item 9.01,Item 9.01,True,True,tm2531412d1_ex99-1.htm,,True,ATM,Tier-1,https://www.sec.gov/Archives/edgar/data/1870940/000110465925113294/tm2531412d1_8k.htm,,True,Tier-1,Financing,,True,offering,
0001870940,"Airsculpt Technologies, Inc.",AIRS,8-K,2025-06-11,2025-06-09,2025-06-09,0001104659-25-058544,https://www.sec.gov/Archives/edgar/data/1870940/000110465925058544/tm2517716d1_8k.htm,https://www.sec.gov/Archives/edgar/data/1870940/000110465925058544/tm2517716d1_8k.htm,2025-06-09,2025-06-11 16:15:43,https://www.sec.gov/Archives/edgar/data/1870940/0001104659-25-058544-index.html,Item 1.01; Item 8.01; Item 9.01,Item 1.01; Item 8.01; Item 9.01,True,True,tm2517716d1_ex99-1.htm; tm2517716d1_ex99-2.htm; tm2517716d1_ex99-3.htm,tm2517716d1_ex1-1.htm,True,ATM,Tier-1,https://www.sec.gov/Archives/edgar/data/1870940/000110465925058544/tm2517716d1_8k.htm,,True,Tier-1,Financing,,True,underwriting_agreement;warrant;offering,
0001870940,"Airsculpt Technologies, Inc.",AIRS,8-K,2025-08-01,2025-08-01,2025-08-01,0001870940-25-000028,https://www.sec.gov/Archives/edgar/data/1870940/000187094025000028/airs-20250801.htm,https://www.sec.gov/Archives/edgar/data/1870940/000187094025000028/airs-20250801.htm,2025-08-01,2025-08-01 06:06:52,https://www.sec.gov/Archives/edgar/data/1870940/0001870940-25-000028-index.html,Item 2.02; Item 5.02,Item 2.02; Item 5.02,True,True,a8-kexhibit9916302025.htm,,True,ATM,Tier-1,https://www.sec.gov/Archives/edgar/data/1870940/000187094025000028/airs-20250801.htm,,True,Tier-1,Financing,,True,offering,
0001870940,"Airsculpt Technologies, Inc.",AIRS,8-K,2025-11-07,2025-11-07,2025-11-07,0001870940-25-000037,https://www.sec.gov/Archives/edgar/data/1870940/000187094025000037/airs-20251107.htm,https://www.sec.gov/Archives/edgar/data/1870940/000187094025000037/airs-20251107.htm,2025-11-07,2025-11-07 06:08:27,https://www.sec.gov/Archives/edgar/data/1870940/0001870940-25-000037-index.html,Item 2.02; Item 5.02,Item 2.02; Item 5.02,True,True,a8-kexhibit9919302025.htm,exhibit101michaelarthuremp.htm,True,ATM,Tier-1,https://www.sec.gov/Archives/edgar/data/1870940/000187094025000037/airs-20251107.htm,,True,Tier-2,,,False,,
0001870940,"Airsculpt Technologies, Inc.",AIRS,8-K,2025-01-13,2025-01-13,2025-01-13,0001104659-25-002837,https://www.sec.gov/Archives/edgar/data/1870940/000110465925002837/tm253016d1_8k.htm,https://www.sec.gov/Archives/edgar/data/1870940/000110465925002837/tm253016d1_8k.htm,2025-01-13,2025-01-13 06:52:12,https://www.sec.gov/Archives/edgar/data/1870940/0001104659-25-002837-index.html,Item 2.02; Item 9.01,Item 2.02; Item 9.01,True,True,tm253016d1_ex99-1.htm,,True,ATM,Tier-1,https://www.sec.gov/Archives/edgar/data/1870940/000110465925002837/tm253016d1_8k.htm,,True,Tier-2,,,False,,
0001870940,"Airsculpt Technologies, Inc.",AIRS,8-K,2025-05-02,2025-05-02,2025-05-02,0001870940-25-000019,https://www.sec.gov/Archives/edgar/data/1870940/000187094025000019/airs-20250502.htm,https://www.sec.gov/Archives/edgar/data/1870940/000187094025000019/airs-20250502.htm,2025-05-02,2025-05-02 06:01:26,https://www.sec.gov/Archives/edgar/data/1870940/0001870940-25-000019-index.html,Item 2.02,Item 2.02,True,True,a8-kexhibit9913312025.htm,,True,ATM,Tier-1,https://www.sec.gov/Archives/edgar/data/1870940/000187094025000019/airs-20250502.htm,,True,Tier-1,Financing,,True,offering,
0001870940,"Airsculpt Technologies, Inc.",AIRS,8-K,2025-03-14,2025-03-14,2025-03-14,0001870940-25-000003,https://www.sec.gov/Archives/edgar/data/1870940/000187094025000003/airs-20250314.htm,https://www.sec.gov/Archives/edgar/data/1870940/000187094025000003/airs-20250314.htm,2025-03-14,2025-03-14 06:02:00,https://www.sec.gov/Archives/edgar/data/1870940/0001870940-25-000003-index.html,Item 2.02,Item 2.02,True,True,a8-kexhibit99112312024.htm,,True,ATM,Tier-1,https://www.sec.gov/Archives/edgar/data/1870940/000187094025000003/airs-20250314.htm,,True,Tier-2,,,False,,
0001842566,"Airship AI Holdings, Inc.",AISP,8-K,2025-10-09,2025-10-08,2025-10-08,0001654954-25-011611,https://www.sec.gov/Archives/edgar/data/1842566/000165495425011611/airsp_8k.htm,https://www.sec.gov/Archives/edgar/data/1842566/000165495425011611/airsp_8k.htm,2025-10-08,2025-10-09 16:17:25,https://www.sec.gov/Archives/edgar/data/1842566/0001654954-25-011611-index.html,Item 1.01; Item 3.02; Item 3.03; Item 9.01,Item 1.01; Item 3.02; Item 3.03; Item 9.01,False,True,,airsp_ex101.htm,True,ATM,Tier-1,https://www.sec.gov/Archives/edgar/data/1842566/000165495425011611/airsp_8k.htm,,True,Tier-1,Financing,,True,warrant,
0001842566,"Airship AI Holdings, Inc.",AISP,8-K,2025-08-01,2025-07-31,2025-07-31,0001654954-25-008859,https://www.sec.gov/Archives/edgar/data/1842566/000165495425008859/airsp_8k.htm,https://www.sec.gov/Archives/edgar/data/1842566/000165495425008859/airsp_8k.htm,2025-07-31,2025-08-01 16:15:43,https://www.sec.gov/Archives/edgar/data/1842566/0001654954-25-008859-index.html,Item 8.01; Item 9.01,Item 8.01; Item 9.01,True,True,airsp_ex991.htm; airsp_ex992.htm; airsp_ex993.htm,,True,ATM,Tier-1,https://www.sec.gov/Archives/edgar/data/1842566/000165495425008859/airsp_8k.htm,,True,Tier-2,,,False,,
0001842566,"Airship AI Holdings, Inc.",AISP,8-K,2025-04-23,2025-04-23,2025-04-23,0001654954-25-004573,https://www.sec.gov/Archives/edgar/data/1842566/000165495425004573/airsp_8k.htm,https://www.sec.gov/Archives/edgar/data/1842566/000165495425004573/airsp_8k.htm,2025-04-23,2025-04-23 16:22:23,https://www.sec.gov/Archives/edgar/data/1842566/0001654954-25-004573-index.html,Item 1.01; Item 9.01,Item 1.01; Item 9.01,False,True,,airsp_ex101.htm,True,ATM,Tier-1,https://www.sec.gov/Archives/edgar/data/1842566/000165495425004573/airsp_8k.htm,,True,Tier-1,Financing,,True,warrant;offering,
0001842566,"Airship AI Holdings, Inc.",AISP,8-K,2025-11-17,2025-11-17,2025-11-17,0001654954-25-013123,https://www.sec.gov/Archives/edgar/data/1842566/000165495425013123/airsp_8k.htm,https://www.sec.gov/Archives/edgar/data/1842566/000165495425013123/airsp_8k.htm,2025-11-17,2025-11-17 09:01:28,https://www.sec.gov/Archives/edgar/data/1842566/0001654954-25-013123-index.html,Item 2.02; Item 7.01; Item 9.01,Item 2.02; Item 7.01; Item 9.01,True,True,airsp_ex991.htm,,True,ATM,Tier-1,https://www.sec.gov/Archives/edgar/data/1842566/000165495425013123/airsp_8k.htm,,True,Tier-1,Financing,,True,convertible;warrant;offering,
0001842566,"Airship AI Holdings, Inc.",AISP,8-K,2025-03-07,2025-03-04,2025-03-04,0001654954-25-002466,https://www.sec.gov/Archives/edgar/data/1842566/000165495425002466/airsp_8k.htm,https://www.sec.gov/Archives/edgar/data/1842566/000165495425002466/airsp_8k.htm,2025-03-04,2025-03-07 16:15:55,https://www.sec.gov/Archives/edgar/data/1842566/0001654954-25-002466-index.html,Item 5.02,Item 5.02,False,True,,,True,ATM,Tier-1,https://www.sec.gov/Archives/edgar/data/1842566/000165495425002466/airsp_8k.htm,,True,Tier-1,Financing,,True,warrant,
0001842566,"Airship AI Holdings, Inc.",AISP,8-K,2024-12-31,2024-12-30,2024-12-30,0001654954-24-016010,https://www.sec.gov/Archives/edgar/data/1842566/000165495424016010/airsp_8k.htm,https://www.sec.gov/Archives/edgar/data/1842566/000165495424016010/airsp_8k.htm,2024-12-30,2024-12-31 09:03:25,https://www.sec.gov/Archives/edgar/data/1842566/0001654954-24-016010-index.html,Item 8.01; Item 9.01,Item 8.01; Item 9.01,False,True,,,True,ATM,Tier-1,https://www.sec.gov/Archives/edgar/data/1842566/000165495424016010/airsp_8k.htm,,True,Tier-1,Financing,,True,warrant,
0001842566,"Airship AI Holdings, Inc.",AISP,8-K,2025-05-15,2025-05-15,2025-05-15,0001654954-25-005757,https://www.sec.gov/Archives/edgar/data/1842566/000165495425005757/airsp_8k.htm,https://www.sec.gov/Archives/edgar/data/1842566/000165495425005757/airsp_8k.htm,2025-05-15,2025-05-15 16:17:15,https://www.sec.gov/Archives/edgar/data/1842566/0001654954-25-005757-index.html,Item 2.02; Item 7.01; Item 9.01,Item 2.02; Item 7.01; Item 9.01,True,True,airsp_ex991.htm,,True,ATM,Tier-1,https://www.sec.gov/Archives/edgar/data/1842566/000165495425005757/airsp_8k.htm,,True,Tier-1,Financing,,True,convertible;warrant;offering,
0001842566,"Airship AI Holdings, Inc.",AISP,8-K,2024-12-26,2024-12-24,2024-12-24,0001654954-24-015876,https://www.sec.gov/Archives/edgar/data/1842566/000165495424015876/airsp_8k.htm,https://www.sec.gov/Archives/edgar/data/1842566/000165495424015876/airsp_8k.htm,2024-12-24,2024-12-26 08:01:47,https://www.sec.gov/Archives/edgar/data/1842566/0001654954-24-015876-index.html,Item 1.01; Item 3.02; Item 3.03; Item 9.01,Item 1.01; Item 3.02; Item 3.03; Item 9.01,False,True,,airsp_ex101.htm,True,ATM,Tier-1,https://www.sec.gov/Archives/edgar/data/1842566/000165495424015876/airsp_8k.htm,,True,Tier-1,Financing,,True,warrant,
0001842566,"Airship AI Holdings, Inc.",AISP,8-K,2024-11-20,2024-11-20,2024-11-20,0001654954-24-014706,https://www.sec.gov/Archives/edgar/data/1842566/000165495424014706/airsp_8k.htm,https://www.sec.gov/Archives/edgar/data/1842566/000165495424014706/airsp_8k.htm,2024-11-20,2024-11-20 16:15:42,https://www.sec.gov/Archives/edgar/data/1842566/0001654954-24-014706-index.html,Item 7.01; Item 9.01,Item 7.01; Item 9.01,False,True,,,True,ATM,Tier-1,https://www.sec.gov/Archives/edgar/data/1842566/000165495424014706/airsp_8k.htm,,True,Tier-1,Financing,,True,warrant,
0002031561,Aldel Financial II Inc.,ALDF,8-K,2024-10-29,2024-10-23,2024-10-23,0001104659-24-112204,https://www.sec.gov/Archives/edgar/data/2031561/000110465924112204/tm2426986d1_8k.htm,https://www.sec.gov/Archives/edgar/data/2031561/000110465924112204/tm2426986d1_8k.htm,2024-10-23,2024-10-29 15:43:20,https://www.sec.gov/Archives/edgar/data/2031561/0001104659-24-112204-index.html,Item 1.01; Item 9.01,Item 1.01; Item 9.01,True,True,tm2426986d1_ex99-1.htm,,False,ATM,Tier-1,https://www.sec.gov/Archives/edgar/data/2031561/000110465924112204/tm2426986d1_8k.htm,,True,Tier-1,Financing,,True,warrant;offering,
0000778164,"Alto Ingredients, Inc.",ALTO,8-K,2025-11-05,2025-11-05,2025-11-05,0001213900-25-106654,https://www.sec.gov/Archives/edgar/data/778164/000121390025106654/ea0264140-8k_altoingred.htm,https://www.sec.gov/Archives/edgar/data/778164/000121390025106654/ea0264140-8k_altoingred.htm,2025-11-05,2025-11-05 16:15:28,https://www.sec.gov/Archives/edgar/data/778164/0001213900-25-106654-index.html,Item 2.02; Item 9.01,Item 2.02; Item 9.01,True,True,ea026414001ex99-1_altoingred.htm,,True,GuidanceUp,Tier-1,https://www.sec.gov/Archives/edgar/data/778164/000121390025106654/ea0264140-8k_altoingred.htm,,True,Tier-2,,,False,,
0000778164,"Alto Ingredients, Inc.",ALTO,8-K,2025-08-06,2025-08-06,2025-08-06,0001213900-25-072564,https://www.sec.gov/Archives/edgar/data/778164/000121390025072564/ea0251984-8k_altoingred.htm,https://www.sec.gov/Archives/edgar/data/778164/000121390025072564/ea0251984-8k_altoingred.htm,2025-08-06,2025-08-06 16:19:40,https://www.sec.gov/Archives/edgar/data/778164/0001213900-25-072564-index.html,Item 2.02; Item 9.01,Item 2.02; Item 9.01,True,True,ea025198401ex99-1_altoingred.htm,,True,GuidanceUp,Tier-1,https://www.sec.gov/Archives/edgar/data/778164/000121390025072564/ea0251984-8k_altoingred.htm,,True,Tier-2,,,False,,
0000778164,"Alto Ingredients, Inc.",ALTO,8-K,2025-03-18,2025-03-17,2025-03-17,0001213900-25-024771,https://www.sec.gov/Archives/edgar/data/778164/000121390025024771/ea0234644-8k_altoingred.htm,https://www.sec.gov/Archives/edgar/data/778164/000121390025024771/ea0234644-8k_altoingred.htm,2025-03-17,2025-03-18 08:15:29,https://www.sec.gov/Archives/edgar/data/778164/0001213900-25-024771-index.html,Item 1.01,Item 1.01,True,True,ea023464401ex99-1_alto.htm; ea023464401ex99-2_alto.htm,ea023464401ex10-1_alto.htm,True,GuidanceUp,Tier-1,https://www.sec.gov/Archives/edgar/data/778164/000121390025024771/ea0234644-8k_altoingred.htm,,True,Tier-2,,,False,,
0000778164,"Alto Ingredients, Inc.",ALTO,8-K,2025-05-07,2025-05-07,2025-05-07,0001213900-25-040642,https://www.sec.gov/Archives/edgar/data/778164/000121390025040642/ea0241175-8k_altoingred.htm,https://www.sec.gov/Archives/edgar/data/778164/000121390025040642/ea0241175-8k_altoingred.htm,2025-05-07,2025-05-07 16:14:12,https://www.sec.gov/Archives/edgar/data/778164/0001213900-25-040642-index.html,Item 2.02; Item 9.01,Item 2.02; Item 9.01,True,True,ea024117501ex99-1_altoingred.htm,,True,GuidanceUp,Tier-1,https://www.sec.gov/Archives/edgar/data/778164/000121390025040642/ea0241175-8k_altoingred.htm,,True,Tier-2,,,False,,
0000738214,"AEMETIS, INC",AMTX,8-K,2025-10-21,2025-10-15,2025-10-15,0001437749-25-031431,https://www.sec.gov/Archives/edgar/data/738214/000143774925031431/amtx20251021_8k.htm,https://www.sec.gov/Archives/edgar/data/738214/000143774925031431/amtx20251021_8k.htm,2025-10-15,2025-10-21 17:02:28,https://www.sec.gov/Archives/edgar/data/738214/0001437749-25-031431-index.html,Item 1.01; Item 9.01,Item 1.01; Item 9.01,False,True,,ex_873375.htm,True,Financing,Tier-1,https://www.sec.gov/Archives/edgar/data/738214/000143774925031431/amtx20251021_8k.htm,,True,Tier-1,Financing,,True,purchase_agreement,
0000778164,"Alto Ingredients, Inc.",ALTO,8-K,2025-03-05,2025-03-05,2025-03-05,0001213900-25-020724,https://www.sec.gov/Archives/edgar/data/778164/000121390025020724/ea0233198-8k_alto.htm,https://www.sec.gov/Archives/edgar/data/778164/000121390025020724/ea0233198-8k_alto.htm,2025-03-05,2025-03-05 16:15:30,https://www.sec.gov/Archives/edgar/data/778164/0001213900-25-020724-index.html,Item 2.02; Item 9.01,Item 2.02; Item 9.01,True,True,ea023319801ex99-1_alto.htm,,True,GuidanceUp,Tier-1,https://www.sec.gov/Archives/edgar/data/778164/000121390025020724/ea0233198-8k_alto.htm,,True,Tier-2,,,False,,
0000738214,"AEMETIS, INC",AMTX,8-K,2025-11-06,2025-11-06,2025-11-06,0001437749-25-033473,https://www.sec.gov/Archives/edgar/data/738214/000143774925033473/amtx20251104_8k.htm,https://www.sec.gov/Archives/edgar/data/738214/000143774925033473/amtx20251104_8k.htm,2025-11-06,2025-11-06 08:30:09,https://www.sec.gov/Archives/edgar/data/738214/0001437749-25-033473-index.html,Item 2.02; Item 7.01; Item 9.01,Item 2.02; Item 7.01; Item 9.01,True,True,ex_882288.htm,,True,ContractAward,Tier-1,https://www.sec.gov/Archives/edgar/data/738214/000143774925033473/amtx20251104_8k.htm,,True,Tier-2,,,False,,
0000738214,"AEMETIS, INC",AMTX,8-K,2025-08-07,2025-08-07,2025-08-07,0001437749-25-025253,https://www.sec.gov/Archives/edgar/data/738214/000143774925025253/amtx20250806_8k.htm,https://www.sec.gov/Archives/edgar/data/738214/000143774925025253/amtx20250806_8k.htm,2025-08-07,2025-08-07 08:45:25,https://www.sec.gov/Archives/edgar/data/738214/0001437749-25-025253-index.html,Item 2.02; Item 7.01; Item 9.01,Item 2.02; Item 7.01; Item 9.01,True,True,ex_849490.htm,,True,ContractAward,Tier-1,https://www.sec.gov/Archives/edgar/data/738214/000143774925025253/amtx20250806_8k.htm,,True,Tier-2,,,False,,
0000738214,"AEMETIS, INC",AMTX,8-K,2025-02-28,2025-02-26,2025-02-26,0001437749-25-005737,https://www.sec.gov/Archives/edgar/data/738214/000143774925005737/amtx20250204_8k.htm,https://www.sec.gov/Archives/edgar/data/738214/000143774925005737/amtx20250204_8k.htm,2025-02-26,2025-02-28 16:41:20,https://www.sec.gov/Archives/edgar/data/738214/0001437749-25-005737-index.html,Item 1.01,Item 1.01,False,True,,,True,ATM,Tier-1,https://www.sec.gov/Archives/edgar/data/738214/000143774925005737/amtx20250204_8k.htm,,True,Tier-1,Financing,,True,purchase_agreement;warrant,
0000738214,"AEMETIS, INC",AMTX,8-K,2025-02-19,2025-02-12,2025-02-12,0001437749-25-004419,https://www.sec.gov/Archives/edgar/data/738214/000143774925004419/amtx20250219_8k.htm,https://www.sec.gov/Archives/edgar/data/738214/000143774925004419/amtx20250219_8k.htm,2025-02-12,2025-02-19 17:05:51,https://www.sec.gov/Archives/edgar/data/738214/0001437749-25-004419-index.html,Item 1.01; Item 9.01,Item 1.01; Item 9.01,False,True,,ex_780025.htm,True,ATM,Tier-1,https://www.sec.gov/Archives/edgar/data/738214/000143774925004419/amtx20250219_8k.htm,,True,Tier-1,Financing,,True,offering,
0000738214,"AEMETIS, INC",AMTX,8-K,2025-05-08,2025-05-08,2025-05-08,0001437749-25-015243,https://www.sec.gov/Archives/edgar/data/738214/000143774925015243/amtx20250507_8k.htm,https://www.sec.gov/Archives/edgar/data/738214/000143774925015243/amtx20250507_8k.htm,2025-05-08,2025-05-08 08:45:12,https://www.sec.gov/Archives/edgar/data/738214/0001437749-25-015243-index.html,Item 2.02; Item 7.01; Item 9.01,Item 2.02; Item 7.01; Item 9.01,True,True,ex_814297.htm,,True,FDA,Tier-1,https://www.sec.gov/Archives/edgar/data/738214/000143774925015243/amtx20250507_8k.htm,,True,Tier-2,,,False,,
0001576873,AMERICAN BATTERY TECHNOLOGY Co,ABAT,8-K,2025-10-16,2025-10-16,2025-10-16,0001493152-25-018287,https://www.sec.gov/Archives/edgar/data/1576873/000149315225018287/form8-k.htm,https://www.sec.gov/Archives/edgar/data/1576873/000149315225018287/form8-k.htm,2025-10-16,2025-10-16 14:58:14,https://www.sec.gov/Archives/edgar/data/1576873/0001493152-25-018287-index.html,Item 8.01,Item 8.01,True,True,ex96-1.htm; ex99-1.htm,ex23-1.htm; ex23-2.htm; ex23-3.htm,True,ATM,Tier-1,https://www.sec.gov/Archives/edgar/data/1576873/000149315225018287/form8-k.htm,,True,Tier-1,Financing,,True,warrant,
0000738214,"AEMETIS, INC",AMTX,8-K,2025-03-13,2025-03-13,2025-03-13,0001437749-25-007387,https://www.sec.gov/Archives/edgar/data/738214/000143774925007387/amtx20250312_8k.htm,https://www.sec.gov/Archives/edgar/data/738214/000143774925007387/amtx20250312_8k.htm,2025-03-13,2025-03-13 08:30:11,https://www.sec.gov/Archives/edgar/data/738214/0001437749-25-007387-index.html,Item 2.02; Item 7.01; Item 9.01,Item 2.02; Item 7.01; Item 9.01,True,True,ex_789236.htm,,True,ATM,Tier-1,https://www.sec.gov/Archives/edgar/data/738214/000143774925007387/amtx20250312_8k.htm,,True,Tier-1,Financing,,True,offering,
0000738214,"AEMETIS, INC",AMTX,8-K,2024-11-12,2024-11-12,2024-11-12,0001437749-24-034337,https://www.sec.gov/Archives/edgar/data/738214/000143774924034337/amtx20241111_8k.htm,https://www.sec.gov/Archives/edgar/data/738214/000143774924034337/amtx20241111_8k.htm,2024-11-12,2024-11-12 08:30:08,https://www.sec.gov/Archives/edgar/data/738214/0001437749-24-034337-index.html,Item 2.02; Item 7.01; Item 9.01,Item 2.02; Item 7.01; Item 9.01,True,True,ex_745779.htm,,True,FDA,Tier-1,https://www.sec.gov/Archives/edgar/data/738214/000143774924034337/amtx20241111_8k.htm,,True,Tier-2,,,False,,
0001477845,"Annovis Bio, Inc.",ANVS,8-K,2025-10-28,2025-10-26,2025-10-26,0001104659-25-103254,https://www.sec.gov/Archives/edgar/data/1477845/000110465925103254/tm2529544d2_8k.htm,https://www.sec.gov/Archives/edgar/data/1477845/000110465925103254/tm2529544d2_8k.htm,2025-10-26,2025-10-28 17:07:47,https://www.sec.gov/Archives/edgar/data/1477845/0001104659-25-103254-index.html,Item 1.01; Item 8.01; Item 9.01,Item 1.01; Item 8.01; Item 9.01,False,True,,tm2529544d2_ex10-1.htm; tm2529544d2_ex10-2.htm,True,ATM,Tier-1,https://www.sec.gov/Archives/edgar/data/1477845/000110465925103254/tm2529544d2_8k.htm,,True,Tier-1,Financing,,True,registered_direct;spa;purchase_agreement;subscription_agreement;warrant;offering,
0001477845,"Annovis Bio, Inc.",ANVS,8-K,2025-10-14,2025-10-10,2025-10-10,0001104659-25-099356,https://www.sec.gov/Archives/edgar/data/1477845/000110465925099356/tm2528502d2_8k.htm,https://www.sec.gov/Archives/edgar/data/1477845/000110465925099356/tm2528502d2_8k.htm,2025-10-10,2025-10-14 17:19:23,https://www.sec.gov/Archives/edgar/data/1477845/0001104659-25-099356-index.html,Item 1.01; Item 7.01; Item 8.01; Item 9.01,Item 1.01; Item 7.01; Item 8.01; Item 9.01,True,True,tm2528502d2_ex99-1.htm,tm2528502d2_ex10-1.htm; tm2528502d2_ex10-2.htm,True,ATM,Tier-1,https://www.sec.gov/Archives/edgar/data/1477845/000110465925099356/tm2528502d2_8k.htm,,True,Tier-1,Financing,,True,registered_direct;spa;purchase_agreement;convertible;warrant;offering,
0001477845,"Annovis Bio, Inc.",ANVS,8-K,2025-09-29,2025-09-25,2025-09-25,0001104659-25-094522,https://www.sec.gov/Archives/edgar/data/1477845/000110465925094522/tm2527170d1_8k.htm,https://www.sec.gov/Archives/edgar/data/1477845/000110465925094522/tm2527170d1_8k.htm,2025-09-25,2025-09-29 16:31:24,https://www.sec.gov/Archives/edgar/data/1477845/0001104659-25-094522-index.html,Item 5.02; Item 9.01,Item 5.02; Item 9.01,True,True,tm2527170d1_ex99-1.htm,,True,ATM,Tier-1,https://www.sec.gov/Archives/edgar/data/1477845/000110465925094522/tm2527170d1_8k.htm,,True,Tier-1,Financing,,True,registered_direct;atm;offering,
0001477845,"Annovis Bio, Inc.",ANVS,8-K,2025-11-13,2025-11-12,2025-11-12,0001104659-25-110548,https://www.sec.gov/Archives/edgar/data/1477845/000110465925110548/anvs-20251112x8k.htm,https://www.sec.gov/Archives/edgar/data/1477845/000110465925110548/anvs-20251112x8k.htm,2025-11-12,2025-11-12 17:49:26,https://www.sec.gov/Archives/edgar/data/1477845/0001104659-25-110548-index.html,Item 9.01,Item 9.01,True,True,anvs-20251112xex99.htm,,True,ATM,Tier-1,https://www.sec.gov/Archives/edgar/data/1477845/000110465925110548/anvs-20251112x8k.htm,,True,Tier-1,Financing,,True,registered_direct;warrant;offering,
0001477845,"Annovis Bio, Inc.",ANVS,8-K,2025-08-12,2025-08-12,2025-08-12,0001104659-25-076851,https://www.sec.gov/Archives/edgar/data/1477845/000110465925076851/tm2523281d1_8k.htm,https://www.sec.gov/Archives/edgar/data/1477845/000110465925076851/tm2523281d1_8k.htm,2025-08-12,2025-08-12 16:16:48,https://www.sec.gov/Archives/edgar/data/1477845/0001104659-25-076851-index.html,Item 2.02; Item 9.01,Item 2.02; Item 9.01,True,True,tm2523281d1_ex99-1.htm,,True,ATM,Tier-1,https://www.sec.gov/Archives/edgar/data/1477845/000110465925076851/tm2523281d1_8k.htm,,True,Tier-1,Financing,,True,warrant,
0001477845,"Annovis Bio, Inc.",ANVS,8-K,2025-06-20,2025-06-19,2025-06-19,0001104659-25-060784,https://www.sec.gov/Archives/edgar/data/1477845/000110465925060784/tm2518347d1_8k.htm,https://www.sec.gov/Archives/edgar/data/1477845/000110465925060784/tm2518347d1_8k.htm,2025-06-19,2025-06-20 06:01:32,https://www.sec.gov/Archives/edgar/data/1477845/0001104659-25-060784-index.html,Item 7.01; Item 9.01,Item 7.01; Item 9.01,True,True,tm2518347d1_ex99-1.htm,,True,ListingChange,Tier-1,https://www.sec.gov/Archives/edgar/data/1477845/000110465925060784/tm2518347d1_8k.htm,,True,Tier-2,,,False,,
0001477845,"Annovis Bio, Inc.",ANVS,8-K,2025-03-27,2025-03-26,2025-03-26,0001104659-25-028803,https://www.sec.gov/Archives/edgar/data/1477845/000110465925028803/tm2510633d1_8k.htm,https://www.sec.gov/Archives/edgar/data/1477845/000110465925028803/tm2510633d1_8k.htm,2025-03-26,2025-03-27 16:35:31,https://www.sec.gov/Archives/edgar/data/1477845/0001104659-25-028803-index.html,Item 7.01; Item 9.01,Item 7.01; Item 9.01,True,True,tm2510633d1_ex99-1.htm,,True,ListingChange,Tier-1,https://www.sec.gov/Archives/edgar/data/1477845/000110465925028803/tm2510633d1_8k.htm,,True,Tier-2,,,False,,
0001477845,"Annovis Bio, Inc.",ANVS,8-K,2025-05-13,2025-05-09,2025-05-09,0001104659-25-047871,https://www.sec.gov/Archives/edgar/data/1477845/000110465925047871/tm2514854d1_8k.htm,https://www.sec.gov/Archives/edgar/data/1477845/000110465925047871/tm2514854d1_8k.htm,2025-05-09,2025-05-13 16:41:14,https://www.sec.gov/Archives/edgar/data/1477845/0001104659-25-047871-index.html,Item 2.02; Item 9.01,Item 2.02; Item 9.01,True,True,tm2514854d1_ex99-1.htm,,True,ATM,Tier-1,https://www.sec.gov/Archives/edgar/data/1477845/000110465925047871/tm2514854d1_8k.htm,,True,Tier-1,Financing,,True,warrant,
0002043630,StoneBridge Acquisition II Corp,APACU,8-K,2025-11-18,2025-11-18,2025-11-18,0001829126-25-009283,https://www.sec.gov/Archives/edgar/data/2043630/000182912625009283/stonebridgeacq2_8k.htm,https://www.sec.gov/Archives/edgar/data/2043630/000182912625009283/stonebridgeacq2_8k.htm,2025-11-18,2025-11-18 16:38:56,https://www.sec.gov/Archives/edgar/data/2043630/0001829126-25-009283-index.html,Item 8.01; Item 9.01,Item 8.01; Item 9.01,True,True,stonebridgeacq2_ex99-1.htm,,True,ATM,Tier-1,https://www.sec.gov/Archives/edgar/data/2043630/000182912625009283/stonebridgeacq2_8k.htm,,True,Tier-1,Financing,,True,offering,
0002043630,StoneBridge Acquisition II Corp,APACU,8-K,2025-10-06,2025-09-30,2025-09-30,0001829126-25-007897,https://www.sec.gov/Archives/edgar/data/2043630/000182912625007897/stonebridgeacq2_8k.htm,https://www.sec.gov/Archives/edgar/data/2043630/000182912625007897/stonebridgeacq2_8k.htm,2025-09-30,2025-10-03 20:03:14,https://www.sec.gov/Archives/edgar/data/2043630/0001829126-25-007897-index.html,Item 1.01; Item 3.02; Item 8.01; Item 9.01,Item 1.01; Item 3.02; Item 8.01; Item 9.01,True,True,stonebridgeacq2_ex99-1.htm; stonebridgeacq2_ex99-2.htm,stonebridgeacq2_ex1-1.htm; stonebridgeacq2_ex10-1.htm; stonebridgeacq2_ex10-2.htm; stonebridgeacq2_ex10-3.htm; stonebridgeacq2_ex10-5.htm; stonebridgeacq2_ex10-6.htm; stonebridgeacq2_ex10-7.htm,True,ATM,Tier-1,https://www.sec.gov/Archives/edgar/data/2043630/000182912625007897/stonebridgeacq2_8k.htm,,True,Tier-1,Financing,,True,purchase_agreement;underwriting_agreement;subscription_agreement;offering,
0002043630,StoneBridge Acquisition II Corp,APACU,8-K,2025-10-07,2025-10-01,2025-10-01,0001829126-25-007939,https://www.sec.gov/Archives/edgar/data/2043630/000182912625007939/stonebridgeacq2_8k.htm,https://www.sec.gov/Archives/edgar/data/2043630/000182912625007939/stonebridgeacq2_8k.htm,2025-10-01,2025-10-07 15:33:03,https://www.sec.gov/Archives/edgar/data/2043630/0001829126-25-007939-index.html,Item 8.01; Item 9.01,Item 8.01; Item 9.01,True,True,stonebridgeacq2_ex99-1.htm,,True,ATM,Tier-1,https://www.sec.gov/Archives/edgar/data/2043630/000182912625007939/stonebridgeacq2_8k.htm,,True,Tier-1,Financing,,True,purchase_agreement;underwriting_agreement;subscription_agreement;convertible;warrant;offering,
0001894525,"Apimeds Pharmaceuticals US, Inc.",APUS,8-K,2025-07-16,2025-07-15,2025-07-15,0001213900-25-064446,https://www.sec.gov/Archives/edgar/data/1894525/000121390025064446/ea0249160-8k_apimeds.htm,https://www.sec.gov/Archives/edgar/data/1894525/000121390025064446/ea0249160-8k_apimeds.htm,2025-07-15,2025-07-16 06:29:09,https://www.sec.gov/Archives/edgar/data/1894525/0001213900-25-064446-index.html,Item 7.01; Item 9.01,Item 7.01; Item 9.01,True,True,ea024916001ex99-1_apimeds.htm,,True,ATM,Tier-1,https://www.sec.gov/Archives/edgar/data/1894525/000121390025064446/ea0249160-8k_apimeds.htm,,True,Tier-1,Financing,,True,offering,
0001894525,"Apimeds Pharmaceuticals US, Inc.",APUS,8-K,2025-05-20,2025-05-16,2025-05-16,0001213900-25-045643,https://www.sec.gov/Archives/edgar/data/1894525/000121390025045643/ea024276701-8k_apimed.htm,https://www.sec.gov/Archives/edgar/data/1894525/000121390025045643/ea024276701-8k_apimed.htm,2025-05-16,2025-05-20 07:37:50,https://www.sec.gov/Archives/edgar/data/1894525/0001213900-25-045643-index.html,Item 1.01; Item 9.01,Item 1.01; Item 9.01,False,True,,ea024276701ex10-1_apimed.htm,True,ATM,Tier-1,https://www.sec.gov/Archives/edgar/data/1894525/000121390025045643/ea024276701-8k_apimed.htm,,True,Tier-1,Financing,,True,offering,
0001894525,"Apimeds Pharmaceuticals US, Inc.",APUS,8-K,2025-05-12,2025-05-08,2025-05-08,0001213900-25-042122,https://www.sec.gov/Archives/edgar/data/1894525/000121390025042122/ea0241711-8k_apimeds.htm,https://www.sec.gov/Archives/edgar/data/1894525/000121390025042122/ea0241711-8k_apimeds.htm,2025-05-08,2025-05-12 17:24:09,https://www.sec.gov/Archives/edgar/data/1894525/0001213900-25-042122-index.html,Item 1.01; Item 3.02; Item 7.01; Item 9.01,Item 1.01; Item 3.02; Item 7.01; Item 9.01,True,True,ea024171101ex99-1_apimeds.htm; ea024171101ex99-2_apimeds.htm,ea024171101ex1-1_apimeds.htm; ea024171101ex10-1_apimeds.htm,True,ATM,Tier-1,https://www.sec.gov/Archives/edgar/data/1894525/000121390025042122/ea0241711-8k_apimeds.htm,,True,Tier-1,Financing,,True,underwriting_agreement;convertible;warrant;offering,
0001671584,Aptevo Therapeutics Inc.,APVO,8-K,2025-11-06,2025-11-06,2025-11-06,0001193125-25-269470,https://www.sec.gov/Archives/edgar/data/1671584/000119312525269470/apvo-20251106.htm,https://www.sec.gov/Archives/edgar/data/1671584/000119312525269470/apvo-20251106.htm,2025-11-06,2025-11-06 16:06:15,https://www.sec.gov/Archives/edgar/data/1671584/0001193125-25-269470-index.html,Item 2.02; Item 9.01,Item 2.02; Item 9.01,True,True,apvo-ex99_1.htm,,True,ATM,Tier-1,https://www.sec.gov/Archives/edgar/data/1671584/000119312525269470/apvo-20251106.htm,,True,Tier-1,Financing,,True,purchase_agreement;warrant,
0001671584,Aptevo Therapeutics Inc.,APVO,8-K,2025-09-16,2025-09-16,2025-09-16,0001193125-25-205107,https://www.sec.gov/Archives/edgar/data/1671584/000119312525205107/apvo-20250916.htm,https://www.sec.gov/Archives/edgar/data/1671584/000119312525205107/apvo-20250916.htm,2025-09-16,2025-09-16 17:07:43,https://www.sec.gov/Archives/edgar/data/1671584/0001193125-25-205107-index.html,Item 8.01; Item 9.01,Item 8.01; Item 9.01,True,True,apvo-ex99_1.htm,,True,ATM,Tier-1,https://www.sec.gov/Archives/edgar/data/1671584/000119312525205107/apvo-20250916.htm,,True,Tier-1,Financing,,True,offering,
0001671584,Aptevo Therapeutics Inc.,APVO,8-K,2025-09-04,2025-09-04,2025-09-04,0001671584-25-000005,https://www.sec.gov/Archives/edgar/data/1671584/000167158425000005/apvo-20250904.htm,https://www.sec.gov/Archives/edgar/data/1671584/000167158425000005/apvo-20250904.htm,2025-09-04,2025-09-04 16:19:47,https://www.sec.gov/Archives/edgar/data/1671584/0001671584-25-000005-index.html,Item 8.01; Item 9.01,Item 8.01; Item 9.01,True,True,apvo-ex99_1.htm,,True,ATM,Tier-1,https://www.sec.gov/Archives/edgar/data/1671584/000167158425000005/apvo-20250904.htm,,True,Tier-1,Financing,,True,offering,
0001671584,Aptevo Therapeutics Inc.,APVO,8-K,2025-08-11,2025-08-11,2025-08-11,0000950170-25-106246,https://www.sec.gov/Archives/edgar/data/1671584/000095017025106246/apvo-20250811.htm,https://www.sec.gov/Archives/edgar/data/1671584/000095017025106246/apvo-20250811.htm,2025-08-11,2025-08-11 08:11:40,https://www.sec.gov/Archives/edgar/data/1671584/0000950170-25-106246-index.html,Item 2.02; Item 9.01,Item 2.02; Item 9.01,True,True,apvo-ex99_1.htm,,True,ATM,Tier-1,https://www.sec.gov/Archives/edgar/data/1671584/000095017025106246/apvo-20250811.htm,,True,Tier-1,Financing,,True,equity_line;offering,
0001671584,Aptevo Therapeutics Inc.,APVO,8-K,2025-06-30,2025-06-30,2025-06-30,0000950170-25-091581,https://www.sec.gov/Archives/edgar/data/1671584/000095017025091581/apvo-20250630.htm,https://www.sec.gov/Archives/edgar/data/1671584/000095017025091581/apvo-20250630.htm,2025-06-30,2025-06-30 16:15:28,https://www.sec.gov/Archives/edgar/data/1671584/0000950170-25-091581-index.html,Item 8.01,Item 8.01,False,True,,,True,ATM,Tier-1,https://www.sec.gov/Archives/edgar/data/1671584/000095017025091581/apvo-20250630.htm,,True,Tier-1,Financing,,True,registered_direct;warrant;offering,
0001671584,Aptevo Therapeutics Inc.,APVO,8-K,2025-07-24,2025-07-24,2025-07-24,0000950170-25-098429,https://www.sec.gov/Archives/edgar/data/1671584/000095017025098429/apvo-20250724.htm,https://www.sec.gov/Archives/edgar/data/1671584/000095017025098429/apvo-20250724.htm,2025-07-24,2025-07-24 17:28:24,https://www.sec.gov/Archives/edgar/data/1671584/0000950170-25-098429-index.html,Item 5.07,Item 5.07,False,True,,,True,ATM,Tier-1,https://www.sec.gov/Archives/edgar/data/1671584/000095017025098429/apvo-20250724.htm,,True,Tier-1,Financing,,True,spa;purchase_agreement;warrant,
0001138723,ACCURAY INC,ARAY,8-K,2025-10-20,2025-10-17,2025-10-17,0001193125-25-243143,https://www.sec.gov/Archives/edgar/data/1138723/000119312525243143/d58913d8k.htm,https://www.sec.gov/Archives/edgar/data/1138723/000119312525243143/d58913d8k.htm,2025-10-17,2025-10-20 09:20:06,https://www.sec.gov/Archives/edgar/data/1138723/0001193125-25-243143-index.html,Item 2.02; Item 5.02; Item 9.01,Item 2.02; Item 5.02; Item 9.01,True,True,d58913dex991.htm,d58913dex101.htm; d58913dex102.htm; d58913dex103.htm; d58913dex104.htm,True,ATM,Tier-1,https://www.sec.gov/Archives/edgar/data/1138723/000119312525243143/d58913d8k.htm,,True,Tier-1,Financing,,True,offering,
0001138723,ACCURAY INC,ARAY,8-K,2025-11-05,2025-11-05,2025-11-05,0001193125-25-266940,https://www.sec.gov/Archives/edgar/data/1138723/000119312525266940/aray-20251105.htm,https://www.sec.gov/Archives/edgar/data/1138723/000119312525266940/aray-20251105.htm,2025-11-05,2025-11-05 16:11:03,https://www.sec.gov/Archives/edgar/data/1138723/0001193125-25-266940-index.html,Item 2.02; Item 7.01; Item 9.01,Item 2.02; Item 7.01; Item 9.01,True,True,aray-ex99_1.htm; aray-ex99_2.htm,,True,ATM,Tier-1,https://www.sec.gov/Archives/edgar/data/1138723/000119312525266940/aray-20251105.htm,,True,Tier-1,Financing,,True,warrant;offering,
0001138723,ACCURAY INC,ARAY,8-K,2025-06-06,2025-06-03,2025-06-03,0000950103-25-007090,https://www.sec.gov/Archives/edgar/data/1138723/000095010325007090/dp229846_8k.htm,https://www.sec.gov/Archives/edgar/data/1138723/000095010325007090/dp229846_8k.htm,2025-06-03,2025-06-06 07:36:36,https://www.sec.gov/Archives/edgar/data/1138723/0000950103-25-007090-index.html,Item 1.01; Item 1.02; Item 3.02; Item 8.01,Item 1.01; Item 1.02; Item 3.02; Item 8.01,True,True,dp229846_ex9901.htm,dp229846_ex1001.htm; dp229846_ex1002.htm,True,ATM,Tier-1,https://www.sec.gov/Archives/edgar/data/1138723/000095010325007090/dp229846_8k.htm,,True,Tier-1,Financing,,True,convertible;warrant,
0001138723,ACCURAY INC,ARAY,8-K,2025-04-30,2025-04-30,2025-04-30,0000950170-25-061055,https://www.sec.gov/Archives/edgar/data/1138723/000095017025061055/aray-20250430.htm,https://www.sec.gov/Archives/edgar/data/1138723/000095017025061055/aray-20250430.htm,2025-04-30,2025-04-30 16:10:13,https://www.sec.gov/Archives/edgar/data/1138723/0000950170-25-061055-index.html,Item 2.02; Item 7.01; Item 9.01,Item 2.02; Item 7.01; Item 9.01,True,True,aray-ex99_1.htm; aray-ex99_2.htm,,True,ATM,Tier-1,https://www.sec.gov/Archives/edgar/data/1138723/000095017025061055/aray-20250430.htm,,True,Tier-1,Financing,,True,offering,
0001138723,ACCURAY INC,ARAY,8-K,2025-08-13,2025-08-13,2025-08-13,0001193125-25-179806,https://www.sec.gov/Archives/edgar/data/1138723/000119312525179806/aray-20250813.htm,https://www.sec.gov/Archives/edgar/data/1138723/000119312525179806/aray-20250813.htm,2025-08-13,2025-08-13 16:05:11,https://www.sec.gov/Archives/edgar/data/1138723/0001193125-25-179806-index.html,Item 2.02; Item 7.01; Item 9.01,Item 2.02; Item 7.01; Item 9.01,True,True,aray-ex99_1.htm; aray-ex99_2.htm,,True,ATM,Tier-1,https://www.sec.gov/Archives/edgar/data/1138723/000119312525179806/aray-20250813.htm,,True,Tier-1,Financing,,True,warrant;offering,
0001145986,ASPEN AEROGELS INC,ASPN,8-K,2025-11-06,2025-11-06,2025-11-06,0001171843-25-007067,https://www.sec.gov/Archives/edgar/data/1145986/000117184325007067/f8k_110625.htm,https://www.sec.gov/Archives/edgar/data/1145986/000117184325007067/f8k_110625.htm,2025-11-06,2025-11-06 06:30:31,https://www.sec.gov/Archives/edgar/data/1145986/0001171843-25-007067-index.html,Item 2.02; Item 7.01; Item 9.01,Item 2.02; Item 7.01; Item 9.01,True,True,exh_991.htm,,True,ATM,Tier-1,https://www.sec.gov/Archives/edgar/data/1145986/000117184325007067/f8k_110625.htm,,True,Tier-1,Financing,,True,convertible,
0001138723,ACCURAY INC,ARAY,8-K,2025-02-05,2025-02-05,2025-02-05,0000950170-25-014445,https://www.sec.gov/Archives/edgar/data/1138723/000095017025014445/aray-20250205.htm,https://www.sec.gov/Archives/edgar/data/1138723/000095017025014445/aray-20250205.htm,2025-02-05,2025-02-05 16:03:12,https://www.sec.gov/Archives/edgar/data/1138723/0000950170-25-014445-index.html,Item 2.02; Item 7.01; Item 9.01,Item 2.02; Item 7.01; Item 9.01,True,True,aray-ex99_1.htm; aray-ex99_2.htm,,True,ATM,Tier-1,https://www.sec.gov/Archives/edgar/data/1138723/000095017025014445/aray-20250205.htm,,True,Tier-1,Financing,,True,offering,
0001145986,ASPEN AEROGELS INC,ASPN,8-K,2025-08-07,2025-08-07,2025-08-07,0001171843-25-005147,https://www.sec.gov/Archives/edgar/data/1145986/000117184325005147/f8k_080725.htm,https://www.sec.gov/Archives/edgar/data/1145986/000117184325005147/f8k_080725.htm,2025-08-07,2025-08-07 06:30:30,https://www.sec.gov/Archives/edgar/data/1145986/0001171843-25-005147-index.html,Item 2.02; Item 7.01; Item 9.01,Item 2.02; Item 7.01; Item 9.01,True,True,exh_991.htm,,True,ATM,Tier-1,https://www.sec.gov/Archives/edgar/data/1145986/000117184325005147/f8k_080725.htm,,True,Tier-1,Financing,,True,convertible,
0001145986,ASPEN AEROGELS INC,ASPN,8-K,2025-05-08,2025-05-08,2025-05-08,0001171843-25-002948,https://www.sec.gov/Archives/edgar/data/1145986/000117184325002948/f8k_050825.htm,https://www.sec.gov/Archives/edgar/data/1145986/000117184325002948/f8k_050825.htm,2025-05-08,2025-05-08 07:25:26,https://www.sec.gov/Archives/edgar/data/1145986/0001171843-25-002948-index.html,Item 2.02; Item 7.01; Item 9.01,Item 2.02; Item 7.01; Item 9.01,True,True,exh_991.htm,,True,ATM,Tier-1,https://www.sec.gov/Archives/edgar/data/1145986/000117184325002948/f8k_050825.htm,,True,Tier-1,Financing,,True,convertible,
0001145986,ASPEN AEROGELS INC,ASPN,8-K,2025-02-12,2025-02-12,2025-02-12,0001171843-25-000772,https://www.sec.gov/Archives/edgar/data/1145986/000117184325000772/f8k_021225.htm,https://www.sec.gov/Archives/edgar/data/1145986/000117184325000772/f8k_021225.htm,2025-02-12,2025-02-12 16:30:37,https://www.sec.gov/Archives/edgar/data/1145986/0001171843-25-000772-index.html,Item 2.02; Item 7.01; Item 9.01,Item 2.02; Item 7.01; Item 9.01,True,True,exh_991.htm,,True,ATM,Tier-1,https://www.sec.gov/Archives/edgar/data/1145986/000117184325000772/f8k_021225.htm,,True,Tier-1,Financing,,True,convertible,
0001145986,ASPEN AEROGELS INC,ASPN,8-K,2024-11-06,2024-11-06,2024-11-06,0001171843-24-006061,https://www.sec.gov/Archives/edgar/data/1145986/000117184324006061/f8k_110624.htm,https://www.sec.gov/Archives/edgar/data/1145986/000117184324006061/f8k_110624.htm,2024-11-06,2024-11-06 16:30:28,https://www.sec.gov/Archives/edgar/data/1145986/0001171843-24-006061-index.html,Item 2.02; Item 7.01; Item 9.01,Item 2.02; Item 7.01; Item 9.01,True,True,exh_991.htm,,True,ATM,Tier-1,https://www.sec.gov/Archives/edgar/data/1145986/000117184324006061/f8k_110624.htm,,True,Tier-1,Financing,,True,convertible;offering,
0001443575,"Avidbank Holdings, Inc.",AVBH,8-K,2025-08-13,2025-08-11,2025-08-11,0001829126-25-006211,https://www.sec.gov/Archives/edgar/data/1443575/000182912625006211/avidbankholdings_8k.htm,https://www.sec.gov/Archives/edgar/data/1443575/000182912625006211/avidbankholdings_8k.htm,2025-08-11,2025-08-13 17:00:42,https://www.sec.gov/Archives/edgar/data/1443575/0001829126-25-006211-index.html,Item 8.01,Item 8.01,False,True,,,True,ATM,Tier-1,https://www.sec.gov/Archives/edgar/data/1443575/000182912625006211/avidbankholdings_8k.htm,,True,Tier-1,Financing,,True,underwriting_agreement;offering,
0002057030,Axiom Intelligence Acquisition Corp 1,AXIN,8-K,2025-07-31,2025-07-31,2025-07-31,0001213900-25-069646,https://www.sec.gov/Archives/edgar/data/2057030/000121390025069646/ea0250578-8k_axiom1.htm,https://www.sec.gov/Archives/edgar/data/2057030/000121390025069646/ea0250578-8k_axiom1.htm,2025-07-31,2025-07-31 08:15:26,https://www.sec.gov/Archives/edgar/data/2057030/0001213900-25-069646-index.html,Item 8.01; Item 9.01,Item 8.01; Item 9.01,True,True,ea025057801ex99-1_axiom.htm,,True,ATM,Tier-1,https://www.sec.gov/Archives/edgar/data/2057030/000121390025069646/ea0250578-8k_axiom1.htm,,True,Tier-1,Financing,,True,offering,
0002057030,Axiom Intelligence Acquisition Corp 1,AXIN,8-K,2025-06-24,2025-06-17,2025-06-17,0001213900-25-057243,https://www.sec.gov/Archives/edgar/data/2057030/000121390025057243/ea0246675-8k_axiom1.htm,https://www.sec.gov/Archives/edgar/data/2057030/000121390025057243/ea0246675-8k_axiom1.htm,2025-06-17,2025-06-24 16:15:12,https://www.sec.gov/Archives/edgar/data/2057030/0001213900-25-057243-index.html,Item 1.01; Item 3.02; Item 8.01; Item 9.01,Item 1.01; Item 3.02; Item 8.01; Item 9.01,True,True,ea024667501ex99-1_axiom1.htm; ea024667501ex99-2_axiom1.htm,ea024667501ex1-1_axiom1.htm; ea024667501ex10-1_axiom1.htm; ea024667501ex10-2_axiom1.htm; ea024667501ex10-3_axiom1.htm; ea024667501ex10-4_axiom1.htm; ea024667501ex10-5_axiom1.htm; ea024667501ex10-6_axiom1.htm; ea024667501ex10-7_axiom1.htm,True,ATM,Tier-1,https://www.sec.gov/Archives/edgar/data/2057030/000121390025057243/ea0246675-8k_axiom1.htm,,True,Tier-1,Financing,,True,purchase_agreement;underwriting_agreement;offering,
0002057030,Axiom Intelligence Acquisition Corp 1,AXIN,8-K,2025-06-26,2025-06-20,2025-06-20,0001213900-25-058439,https://www.sec.gov/Archives/edgar/data/2057030/000121390025058439/ea0247081-8k_axiom1.htm,https://www.sec.gov/Archives/edgar/data/2057030/000121390025058439/ea0247081-8k_axiom1.htm,2025-06-20,2025-06-26 17:00:09,https://www.sec.gov/Archives/edgar/data/2057030/0001213900-25-058439-index.html,Item 8.01; Item 9.01,Item 8.01; Item 9.01,True,True,ea024708101ex99-1_axiom1.htm,,True,ATM,Tier-1,https://www.sec.gov/Archives/edgar/data/2057030/000121390025058439/ea0247081-8k_axiom1.htm,,True,Tier-1,Financing,,True,convertible;offering,
0001941536,"Bridger Aerospace Group Holdings, Inc.",BAER,8-K,2025-11-21,2025-11-18,2025-11-18,0001683168-25-008597,https://www.sec.gov/Archives/edgar/data/1941536/000168316825008597/bridger_8k.htm,https://www.sec.gov/Archives/edgar/data/1941536/000168316825008597/bridger_8k.htm,2025-11-18,2025-11-21 08:06:06,https://www.sec.gov/Archives/edgar/data/1941536/0001683168-25-008597-index.html,Item 5.02; Item 7.01; Item 9.01,Item 5.02; Item 7.01; Item 9.01,True,True,bridger_ex9901.htm,,True,GuidanceUp,Tier-1,https://www.sec.gov/Archives/edgar/data/1941536/000168316825008597/bridger_8k.htm,,True,Tier-2,,,False,,
0001941536,"Bridger Aerospace Group Holdings, Inc.",BAER,8-K,2025-11-24,2025-11-21,2025-11-21,0001683168-25-008629,https://www.sec.gov/Archives/edgar/data/1941536/000168316825008629/bridger_8k.htm,https://www.sec.gov/Archives/edgar/data/1941536/000168316825008629/bridger_8k.htm,2025-11-21,2025-11-24 08:05:47,https://www.sec.gov/Archives/edgar/data/1941536/0001683168-25-008629-index.html,Item 1.01; Item 7.01; Item 9.01,Item 1.01; Item 7.01; Item 9.01,True,True,bridger_ex9901.htm,bridger_ex1001.htm,True,ContractAward,Tier-1,https://www.sec.gov/Archives/edgar/data/1941536/000168316825008629/bridger_8k.htm,,True,Tier-1,Financing,,True,purchase_agreement,
0001941536,"Bridger Aerospace Group Holdings, Inc.",BAER,8-K,2025-11-10,2025-11-10,2025-11-10,0001683168-25-008097,https://www.sec.gov/Archives/edgar/data/1941536/000168316825008097/bridger_8k.htm,https://www.sec.gov/Archives/edgar/data/1941536/000168316825008097/bridger_8k.htm,2025-11-10,2025-11-10 08:15:03,https://www.sec.gov/Archives/edgar/data/1941536/0001683168-25-008097-index.html,Item 7.01; Item 9.01,Item 7.01; Item 9.01,True,True,bridger_ex9901.htm,,True,ATM,Tier-1,https://www.sec.gov/Archives/edgar/data/1941536/000168316825008097/bridger_8k.htm,,True,Tier-1,Financing,,True,warrant;offering,
0001941536,"Bridger Aerospace Group Holdings, Inc.",BAER,8-K,2025-11-06,2025-11-06,2025-11-06,0001171843-25-007096,https://www.sec.gov/Archives/edgar/data/1941536/000117184325007096/f8k_110625.htm,https://www.sec.gov/Archives/edgar/data/1941536/000117184325007096/f8k_110625.htm,2025-11-06,2025-11-06 16:12:44,https://www.sec.gov/Archives/edgar/data/1941536/0001171843-25-007096-index.html,Item 2.02; Item 9.01,Item 2.02; Item 9.01,True,True,exh_991.htm,,True,ATM,Tier-1,https://www.sec.gov/Archives/edgar/data/1941536/000117184325007096/f8k_110625.htm,,True,Tier-1,Financing,,True,registered_direct;atm;warrant;offering,
0001941536,"Bridger Aerospace Group Holdings, Inc.",BAER,8-K,2025-10-29,2025-10-27,2025-10-27,0001683168-25-007822,https://www.sec.gov/Archives/edgar/data/1941536/000168316825007822/bridger_8k.htm,https://www.sec.gov/Archives/edgar/data/1941536/000168316825007822/bridger_8k.htm,2025-10-27,2025-10-29 08:25:27,https://www.sec.gov/Archives/edgar/data/1941536/0001683168-25-007822-index.html,Item 1.01; Item 1.02; Item 2.01; Item 7.01; Item 9.01,Item 1.01; Item 1.02; Item 2.01; Item 7.01; Item 9.01,True,True,bridger_ex9901.htm; bridger_ex9902.htm,bridger_ex1001.htm,True,ContractAward,Tier-1,https://www.sec.gov/Archives/edgar/data/1941536/000168316825007822/bridger_8k.htm,,True,Tier-2,,,False,,
0001941536,"Bridger Aerospace Group Holdings, Inc.",BAER,8-K,2025-08-11,2025-08-11,2025-08-11,0001683168-25-005849,https://www.sec.gov/Archives/edgar/data/1941536/000168316825005849/bridger_8k.htm,https://www.sec.gov/Archives/edgar/data/1941536/000168316825005849/bridger_8k.htm,2025-08-11,2025-08-11 07:31:11,https://www.sec.gov/Archives/edgar/data/1941536/0001683168-25-005849-index.html,Item 7.01; Item 9.01,Item 7.01; Item 9.01,True,True,bridger_ex9901.htm,,True,ATM,Tier-1,https://www.sec.gov/Archives/edgar/data/1941536/000168316825005849/bridger_8k.htm,,True,Tier-1,Financing,,True,warrant;offering,
0001941536,"Bridger Aerospace Group Holdings, Inc.",BAER,8-K,2025-08-07,2025-08-07,2025-08-07,0001171843-25-005183,https://www.sec.gov/Archives/edgar/data/1941536/000117184325005183/f8k_080725.htm,https://www.sec.gov/Archives/edgar/data/1941536/000117184325005183/f8k_080725.htm,2025-08-07,2025-08-07 16:09:06,https://www.sec.gov/Archives/edgar/data/1941536/0001171843-25-005183-index.html,Item 2.02; Item 9.01,Item 2.02; Item 9.01,True,True,exh_991.htm,,True,ATM,Tier-1,https://www.sec.gov/Archives/edgar/data/1941536/000117184325005183/f8k_080725.htm,,True,Tier-1,Financing,,True,registered_direct;atm;warrant;offering,
0001941536,"Bridger Aerospace Group Holdings, Inc.",BAER,8-K,2025-05-27,2025-05-23,2025-05-23,0001683168-25-004013,https://www.sec.gov/Archives/edgar/data/1941536/000168316825004013/bridger_8k.htm,https://www.sec.gov/Archives/edgar/data/1941536/000168316825004013/bridger_8k.htm,2025-05-23,2025-05-27 08:10:26,https://www.sec.gov/Archives/edgar/data/1941536/0001683168-25-004013-index.html,Item 1.01; Item 7.01; Item 9.01,Item 1.01; Item 7.01; Item 9.01,True,True,bridger_ex9901.htm,bridger_ex0201.htm,True,FDA,Tier-1,https://www.sec.gov/Archives/edgar/data/1941536/000168316825004013/bridger_8k.htm,,True,Tier-2,,,False,,
0001941536,"Bridger Aerospace Group Holdings, Inc.",BAER,8-K,2025-05-08,2025-05-08,2025-05-08,0001171843-25-002985,https://www.sec.gov/Archives/edgar/data/1941536/000117184325002985/f8k_050825.htm,https://www.sec.gov/Archives/edgar/data/1941536/000117184325002985/f8k_050825.htm,2025-05-08,2025-05-08 16:10:30,https://www.sec.gov/Archives/edgar/data/1941536/0001171843-25-002985-index.html,Item 2.02; Item 9.01,Item 2.02; Item 9.01,True,True,exh_991.htm,,True,ATM,Tier-1,https://www.sec.gov/Archives/edgar/data/1941536/000117184325002985/f8k_050825.htm,,True,Tier-1,Financing,,True,atm;warrant;offering,
0001953984,"Binah Capital Group, Inc.",BCG,8-K,2025-11-13,2025-11-13,2025-11-13,0001104659-25-111478,https://www.sec.gov/Archives/edgar/data/1953984/000110465925111478/tm2531199d1_8k.htm,https://www.sec.gov/Archives/edgar/data/1953984/000110465925111478/tm2531199d1_8k.htm,2025-11-13,2025-11-13 17:08:31,https://www.sec.gov/Archives/edgar/data/1953984/0001104659-25-111478-index.html,Item 2.02; Item 9.01,Item 2.02; Item 9.01,True,True,tm2531199d1_ex99-1.htm,,True,ATM,Tier-1,https://www.sec.gov/Archives/edgar/data/1953984/000110465925111478/tm2531199d1_8k.htm,,True,Tier-1,Financing,,True,convertible,
0001953984,"Binah Capital Group, Inc.",BCG,8-K,2025-08-14,2025-08-13,2025-08-13,0001104659-25-077670,https://www.sec.gov/Archives/edgar/data/1953984/000110465925077670/tm2523359d1_8k.htm,https://www.sec.gov/Archives/edgar/data/1953984/000110465925077670/tm2523359d1_8k.htm,2025-08-13,2025-08-13 17:45:51,https://www.sec.gov/Archives/edgar/data/1953984/0001104659-25-077670-index.html,Item 2.02; Item 9.01,Item 2.02; Item 9.01,True,True,tm2523359d1_ex99-1.htm,,True,ATM,Tier-1,https://www.sec.gov/Archives/edgar/data/1953984/000110465925077670/tm2523359d1_8k.htm,,True,Tier-1,Financing,,True,convertible,
0001953984,"Binah Capital Group, Inc.",BCG,8-K,2025-05-15,2025-05-15,2025-05-15,0001104659-25-049619,https://www.sec.gov/Archives/edgar/data/1953984/000110465925049619/tm2515300d1_8k.htm,https://www.sec.gov/Archives/edgar/data/1953984/000110465925049619/tm2515300d1_8k.htm,2025-05-15,2025-05-15 17:25:09,https://www.sec.gov/Archives/edgar/data/1953984/0001104659-25-049619-index.html,Item 2.02; Item 9.01,Item 2.02; Item 9.01,True,True,tm2515300d1_ex99-1.htm,,True,ATM,Tier-1,https://www.sec.gov/Archives/edgar/data/1953984/000110465925049619/tm2515300d1_8k.htm,,True,Tier-1,Financing,,True,convertible,
0001953984,"Binah Capital Group, Inc.",BCG,8-K,2024-12-26,2024-12-23,2024-12-23,0001104659-24-131438,https://www.sec.gov/Archives/edgar/data/1953984/000110465924131438/tm2431922d1_8k.htm,https://www.sec.gov/Archives/edgar/data/1953984/000110465924131438/tm2431922d1_8k.htm,2024-12-23,2024-12-23 21:22:30,https://www.sec.gov/Archives/edgar/data/1953984/0001104659-24-131438-index.html,Item 1.01; Item 1.02; Item 3.03; Item 9.01,Item 1.01; Item 1.02; Item 3.03; Item 9.01,False,True,,tm2431922d1_ex10-1.htm,True,ATM,Tier-1,https://www.sec.gov/Archives/edgar/data/1953984/000110465924131438/tm2431922d1_8k.htm,,True,Tier-1,Financing,,True,subscription_agreement;convertible,
0001953984,"Binah Capital Group, Inc.",BCG,8-K,2025-03-31,2025-03-31,2025-03-31,0001104659-25-029871,https://www.sec.gov/Archives/edgar/data/1953984/000110465925029871/tm2510937d1_8k.htm,https://www.sec.gov/Archives/edgar/data/1953984/000110465925029871/tm2510937d1_8k.htm,2025-03-31,2025-03-31 16:15:23,https://www.sec.gov/Archives/edgar/data/1953984/0001104659-25-029871-index.html,Item 2.02; Item 9.01,Item 2.02; Item 9.01,True,True,tm2510937d1_ex99-1.htm,,True,ATM,Tier-1,https://www.sec.gov/Archives/edgar/data/1953984/000110465925029871/tm2510937d1_8k.htm,,True,Tier-1,Financing,,True,convertible,
0001443575,"Avidbank Holdings, Inc.",AVBH,8-K,2025-08-25,2025-08-25,2025-08-25,0001562762-25-000218,https://www.sec.gov/Archives/edgar/data/1443575/000156276225000218/avbh-20250825x8k.htm,https://www.sec.gov/Archives/edgar/data/1443575/000156276225000218/avbh-20250825x8k.htm,2025-08-25,2025-08-25 16:14:37,https://www.sec.gov/Archives/edgar/data/1443575/0001562762-25-000218-index.html,Item 2.02; Item 9.01,Item 2.02; Item 9.01,True,True,avbh-20250825xex99_1.htm,,True,ATM,Tier-1,https://www.sec.gov/Archives/edgar/data/1443575/000156276225000218/avbh-20250825x8k.htm,,True,Tier-1,Financing,,True,warrant;offering,
0001398805,Beam Global,BEEM,8-K,2025-11-14,2025-11-14,2025-11-14,0001437749-25-035217,https://www.sec.gov/Archives/edgar/data/1398805/000143774925035217/beem20250917_8k.htm,https://www.sec.gov/Archives/edgar/data/1398805/000143774925035217/beem20250917_8k.htm,2025-11-14,2025-11-14 16:33:34,https://www.sec.gov/Archives/edgar/data/1398805/0001437749-25-035217-index.html,Item 2.02; Item 9.01,Item 2.02; Item 9.01,True,True,ex_862554.htm,,True,ATM,Tier-1,https://www.sec.gov/Archives/edgar/data/1398805/000143774925035217/beem20250917_8k.htm,,True,Tier-1,Financing,,True,warrant,
0001398805,Beam Global,BEEM,8-K,2025-08-14,2025-08-14,2025-08-14,0001683168-25-006165,https://www.sec.gov/Archives/edgar/data/1398805/000168316825006165/beam_8k.htm,https://www.sec.gov/Archives/edgar/data/1398805/000168316825006165/beam_8k.htm,2025-08-14,2025-08-14 16:04:27,https://www.sec.gov/Archives/edgar/data/1398805/0001683168-25-006165-index.html,Item 2.02; Item 9.01,Item 2.02; Item 9.01,True,True,beam_ex9901.htm,,True,ATM,Tier-1,https://www.sec.gov/Archives/edgar/data/1398805/000168316825006165/beam_8k.htm,,True,Tier-1,Financing,,True,warrant,
0001398805,Beam Global,BEEM,8-K,2025-06-26,2025-06-20,2025-06-20,0001683168-25-004764,https://www.sec.gov/Archives/edgar/data/1398805/000168316825004764/beam_8k.htm,https://www.sec.gov/Archives/edgar/data/1398805/000168316825004764/beam_8k.htm,2025-06-20,2025-06-26 08:00:29,https://www.sec.gov/Archives/edgar/data/1398805/0001683168-25-004764-index.html,Item 1.01; Item 7.01; Item 9.01,Item 1.01; Item 7.01; Item 9.01,True,True,beam_ex9901.htm,beam_ex1001.htm,True,FDA,Tier-1,https://www.sec.gov/Archives/edgar/data/1398805/000168316825004764/beam_8k.htm,,True,Tier-2,,,False,,
0001398805,Beam Global,BEEM,8-K,2025-05-15,2025-05-15,2025-05-15,0001683168-25-003712,https://www.sec.gov/Archives/edgar/data/1398805/000168316825003712/beam_8k.htm,https://www.sec.gov/Archives/edgar/data/1398805/000168316825003712/beam_8k.htm,2025-05-15,2025-05-15 16:29:17,https://www.sec.gov/Archives/edgar/data/1398805/0001683168-25-003712-index.html,Item 2.02; Item 9.01,Item 2.02; Item 9.01,True,True,beam_ex9901.htm,,True,ATM,Tier-1,https://www.sec.gov/Archives/edgar/data/1398805/000168316825003712/beam_8k.htm,,True,Tier-1,Financing,,True,offering,
0001443575,"Avidbank Holdings, Inc.",AVBH,8-K,2025-10-23,2025-10-23,2025-10-23,0001443575-25-000034,https://www.sec.gov/Archives/edgar/data/1443575/000144357525000034/avbh-20251023x8k.htm,https://www.sec.gov/Archives/edgar/data/1443575/000144357525000034/avbh-20251023x8k.htm,2025-10-23,2025-10-23 16:06:07,https://www.sec.gov/Archives/edgar/data/1443575/0001443575-25-000034-index.html,Item 2.02; Item 7.01; Item 9.01,Item 2.02; Item 7.01; Item 9.01,True,True,avbh-20251023xex99_1.htm; avbh-20251023xex99_2.htm,,True,ATM,Tier-1,https://www.sec.gov/Archives/edgar/data/1443575/000144357525000034/avbh-20251023x8k.htm,,True,Tier-1,Financing,,True,warrant;offering,
0001398805,Beam Global,BEEM,8-K,2025-04-11,2025-04-11,2025-04-11,0001683168-25-002464,https://www.sec.gov/Archives/edgar/data/1398805/000168316825002464/beam_8k.htm,https://www.sec.gov/Archives/edgar/data/1398805/000168316825002464/beam_8k.htm,2025-04-11,2025-04-11 16:07:47,https://www.sec.gov/Archives/edgar/data/1398805/0001683168-25-002464-index.html,Item 2.02; Item 9.01,Item 2.02; Item 9.01,True,True,beam_ex9901.htm,,True,ContractAward,Tier-1,https://www.sec.gov/Archives/edgar/data/1398805/000168316825002464/beam_8k.htm,,True,Tier-2,,,False,,
0001474903,"BGSF, INC.",BGSF,8-K,2025-09-17,2025-09-16,2025-09-16,0001474903-25-000134,https://www.sec.gov/Archives/edgar/data/1474903/000147490325000134/bgsf-20250916.htm,https://www.sec.gov/Archives/edgar/data/1474903/000147490325000134/bgsf-20250916.htm,2025-09-16,2025-09-16 20:49:18,https://www.sec.gov/Archives/edgar/data/1474903/0001474903-25-000134-index.html,Item 8.01; Item 9.01,Item 8.01; Item 9.01,True,True,ex991pressreleasedividendu.htm,,True,ContractAward,Tier-1,https://www.sec.gov/Archives/edgar/data/1474903/000147490325000134/bgsf-20250916.htm,,True,Tier-2,,,False,,
0001474903,"BGSF, INC.",BGSF,8-K,2025-09-12,2025-09-08,2025-09-08,0001474903-25-000125,https://www.sec.gov/Archives/edgar/data/1474903/000147490325000125/bgsf-20250908.htm,https://www.sec.gov/Archives/edgar/data/1474903/000147490325000125/bgsf-20250908.htm,2025-09-08,2025-09-12 17:20:13,https://www.sec.gov/Archives/edgar/data/1474903/0001474903-25-000125-index.html,Item 1.02; Item 2.01; Item 7.01; Item 9.01,Item 1.02; Item 2.01; Item 7.01; Item 9.01,True,True,ex991pressreleaseinspyrclo.htm; ex992unauditedproformafina.htm,,True,ATM,Tier-1,https://www.sec.gov/Archives/edgar/data/1474903/000147490325000125/bgsf-20250908.htm,,True,Tier-1,Financing,,True,purchase_agreement;convertible;offering,
0001474903,"BGSF, INC.",BGSF,8-K,2025-11-07,2025-11-07,2025-11-07,0001474903-25-000141,https://www.sec.gov/Archives/edgar/data/1474903/000147490325000141/bgsf-20251107.htm,https://www.sec.gov/Archives/edgar/data/1474903/000147490325000141/bgsf-20251107.htm,2025-11-07,2025-11-07 08:33:36,https://www.sec.gov/Archives/edgar/data/1474903/0001474903-25-000141-index.html,Item 2.02; Item 7.01; Item 8.01; Item 9.01,Item 2.02; Item 7.01; Item 8.01; Item 9.01,True,True,ex991q32025earnings.htm,,True,ATM,Tier-1,https://www.sec.gov/Archives/edgar/data/1474903/000147490325000141/bgsf-20251107.htm,,True,Tier-1,Financing,,True,convertible;offering,
0001474903,"BGSF, INC.",BGSF,8-K,2025-09-11,2025-09-11,2025-09-11,0001474903-25-000122,https://www.sec.gov/Archives/edgar/data/1474903/000147490325000122/bgsf-20250911.htm,https://www.sec.gov/Archives/edgar/data/1474903/000147490325000122/bgsf-20250911.htm,2025-09-11,2025-09-11 17:26:16,https://www.sec.gov/Archives/edgar/data/1474903/0001474903-25-000122-index.html,Item 8.01; Item 9.01,Item 8.01; Item 9.01,True,True,ex991pressreleasespecialdi.htm,,True,ContractAward,Tier-1,https://www.sec.gov/Archives/edgar/data/1474903/000147490325000122/bgsf-20250911.htm,,True,Tier-2,,,False,,
0001474903,"BGSF, INC.",BGSF,8-K,2025-09-04,2025-09-04,2025-09-04,0001474903-25-000114,https://www.sec.gov/Archives/edgar/data/1474903/000147490325000114/bgsf-20250904.htm,https://www.sec.gov/Archives/edgar/data/1474903/000147490325000114/bgsf-20250904.htm,2025-09-04,2025-09-04 17:28:09,https://www.sec.gov/Archives/edgar/data/1474903/0001474903-25-000114-index.html,Item 5.07,Item 5.07,False,True,,,True,Financing,Tier-1,https://www.sec.gov/Archives/edgar/data/1474903/000147490325000114/bgsf-20250904.htm,,True,Tier-1,Financing,,True,purchase_agreement,
0001474903,"BGSF, INC.",BGSF,8-K,2025-08-07,2025-08-06,2025-08-06,0001474903-25-000086,https://www.sec.gov/Archives/edgar/data/1474903/000147490325000086/bgsf-20250806.htm,https://www.sec.gov/Archives/edgar/data/1474903/000147490325000086/bgsf-20250806.htm,2025-08-06,2025-08-06 17:55:07,https://www.sec.gov/Archives/edgar/data/1474903/0001474903-25-000086-index.html,Item 2.02; Item 7.01; Item 9.01,Item 2.02; Item 7.01; Item 9.01,True,True,ex991q22025earnings.htm,,True,ATM,Tier-1,https://www.sec.gov/Archives/edgar/data/1474903/000147490325000086/bgsf-20250806.htm,,True,Tier-1,Financing,,True,purchase_agreement;convertible;offering,
0001474903,"BGSF, INC.",BGSF,8-K,2025-06-17,2025-06-16,2025-06-16,0001474903-25-000047,https://www.sec.gov/Archives/edgar/data/1474903/000147490325000047/bgsf-20250616.htm,https://www.sec.gov/Archives/edgar/data/1474903/000147490325000047/bgsf-20250616.htm,2025-06-16,2025-06-16 17:58:37,https://www.sec.gov/Archives/edgar/data/1474903/0001474903-25-000047-index.html,Item 8.01; Item 9.01,Item 8.01; Item 9.01,True,True,ex991pressrelease.htm,,True,ATM,Tier-1,https://www.sec.gov/Archives/edgar/data/1474903/000147490325000047/bgsf-20250616.htm,,True,Tier-1,Financing,,True,offering,
0001474903,"BGSF, INC.",BGSF,8-K,2025-06-23,2025-06-20,2025-06-20,0001474903-25-000076,https://www.sec.gov/Archives/edgar/data/1474903/000147490325000076/bgsf-20250620.htm,https://www.sec.gov/Archives/edgar/data/1474903/000147490325000076/bgsf-20250620.htm,2025-06-20,2025-06-20 19:32:49,https://www.sec.gov/Archives/edgar/data/1474903/0001474903-25-000076-index.html,Item 1.01; Item 5.02; Item 9.01,Item 1.01; Item 5.02; Item 9.01,False,True,,ex21equitypurchaseagreement.htm; ex101separationagreement.htm,True,Financing,Tier-1,https://www.sec.gov/Archives/edgar/data/1474903/000147490325000076/bgsf-20250620.htm,,True,Tier-1,Financing,,True,purchase_agreement,
0001474903,"BGSF, INC.",BGSF,8-K,2025-05-07,2025-05-07,2025-05-07,0001474903-25-000031,https://www.sec.gov/Archives/edgar/data/1474903/000147490325000031/bgsf-20250507.htm,https://www.sec.gov/Archives/edgar/data/1474903/000147490325000031/bgsf-20250507.htm,2025-05-07,2025-05-07 16:38:47,https://www.sec.gov/Archives/edgar/data/1474903/0001474903-25-000031-index.html,Item 2.02; Item 7.01; Item 9.01,Item 2.02; Item 7.01; Item 9.01,True,True,ex991q12025earnings.htm,,True,ATM,Tier-1,https://www.sec.gov/Archives/edgar/data/1474903/000147490325000031/bgsf-20250507.htm,,True,Tier-1,Financing,,True,convertible,
0001846017,Blue Foundry Bancorp,BLFY,8-K,2025-11-25,2025-11-24,2025-11-24,0001193125-25-294478,https://www.sec.gov/Archives/edgar/data/1846017/000119312525294478/d922774d8k.htm,https://www.sec.gov/Archives/edgar/data/1846017/000119312525294478/d922774d8k.htm,2025-11-24,2025-11-25 06:30:29,https://www.sec.gov/Archives/edgar/data/1846017/0001193125-25-294478-index.html,Item 1.01; Item 5.02; Item 7.01; Item 9.01,Item 1.01; Item 5.02; Item 7.01; Item 9.01,True,True,d922774dex991.htm; d922774dex992.htm,d922774dex21.htm; d922774dex101.htm; d922774dex102.htm; d922774dex103.htm,True,ATM,Tier-1,https://www.sec.gov/Archives/edgar/data/1846017/000119312525294478/d922774d8k.htm,,True,Tier-1,Financing,,True,warrant,
0001846017,Blue Foundry Bancorp,BLFY,8-K,2025-06-24,2025-06-18,2025-06-18,0001628280-25-032668,https://www.sec.gov/Archives/edgar/data/1846017/000162828025032668/blue-20250618.htm,https://www.sec.gov/Archives/edgar/data/1846017/000162828025032668/blue-20250618.htm,2025-06-18,2025-06-23 17:46:13,https://www.sec.gov/Archives/edgar/data/1846017/0001628280-25-032668-index.html,Item 8.01; Item 9.01,Item 8.01; Item 9.01,True,True,a2025-06stockrepurchaseann.htm,,True,ListingChange,Tier-1,https://www.sec.gov/Archives/edgar/data/1846017/000162828025032668/blue-20250618.htm,,True,Tier-2,,,False,,
0001846017,Blue Foundry Bancorp,BLFY,8-K,2025-10-29,2025-10-29,2025-10-29,0001628280-25-046959,https://www.sec.gov/Archives/edgar/data/1846017/000162828025046959/blue-20251029.htm,https://www.sec.gov/Archives/edgar/data/1846017/000162828025046959/blue-20251029.htm,2025-10-29,2025-10-29 10:12:01,https://www.sec.gov/Archives/edgar/data/1846017/0001628280-25-046959-index.html,Item 2.02; Item 9.01,Item 2.02; Item 9.01,True,True,a2025-3qearningsrelease.htm,,True,ContractAward,Tier-1,https://www.sec.gov/Archives/edgar/data/1846017/000162828025046959/blue-20251029.htm,,True,Tier-2,,,False,,
0001846017,Blue Foundry Bancorp,BLFY,8-K,2025-07-30,2025-07-30,2025-07-30,0001628280-25-036585,https://www.sec.gov/Archives/edgar/data/1846017/000162828025036585/blue-20250730.htm,https://www.sec.gov/Archives/edgar/data/1846017/000162828025036585/blue-20250730.htm,2025-07-30,2025-07-30 10:04:58,https://www.sec.gov/Archives/edgar/data/1846017/0001628280-25-036585-index.html,Item 2.02; Item 9.01,Item 2.02; Item 9.01,True,True,a2025-2qearningsrelease.htm,,True,ContractAward,Tier-1,https://www.sec.gov/Archives/edgar/data/1846017/000162828025036585/blue-20250730.htm,,True,Tier-2,,,False,,
0001846017,Blue Foundry Bancorp,BLFY,8-K,2024-11-12,2024-11-12,2024-11-12,0001628280-24-047020,https://www.sec.gov/Archives/edgar/data/1846017/000162828024047020/blue-20241112.htm,https://www.sec.gov/Archives/edgar/data/1846017/000162828024047020/blue-20241112.htm,2024-11-12,2024-11-12 13:55:12,https://www.sec.gov/Archives/edgar/data/1846017/0001628280-24-047020-index.html,Item 8.01; Item 9.01,Item 8.01; Item 9.01,True,True,a2024-11stockrepurchaseann.htm,,True,ATM,Tier-1,https://www.sec.gov/Archives/edgar/data/1846017/000162828024047020/blue-20241112.htm,,True,Tier-1,Financing,,True,offering,
0001846017,Blue Foundry Bancorp,BLFY,8-K,2025-04-30,2025-04-30,2025-04-30,0001628280-25-020845,https://www.sec.gov/Archives/edgar/data/1846017/000162828025020845/blue-20250430.htm,https://www.sec.gov/Archives/edgar/data/1846017/000162828025020845/blue-20250430.htm,2025-04-30,2025-04-30 09:59:57,https://www.sec.gov/Archives/edgar/data/1846017/0001628280-25-020845-index.html,Item 2.02; Item 9.01,Item 2.02; Item 9.01,True,True,a2025-1qearningsrelease.htm,,True,ContractAward,Tier-1,https://www.sec.gov/Archives/edgar/data/1846017/000162828025020845/blue-20250430.htm,,True,Tier-2,,,False,,
0001429764,Blink Charging Co.,BLNK,8-K,2025-09-11,2025-09-09,2025-09-09,0001641172-25-027095,https://www.sec.gov/Archives/edgar/data/1429764/000164117225027095/form8-k.htm,https://www.sec.gov/Archives/edgar/data/1429764/000164117225027095/form8-k.htm,2025-09-09,2025-09-11 08:00:29,https://www.sec.gov/Archives/edgar/data/1429764/0001641172-25-027095-index.html,Item 3.01; Item 7.01; Item 9.01,Item 3.01; Item 7.01; Item 9.01,True,True,ex99-1.htm,,True,ListingChange,Tier-1,https://www.sec.gov/Archives/edgar/data/1429764/000164117225027095/form8-k.htm,,True,Tier-2,,,False,,
0001846017,Blue Foundry Bancorp,BLFY,8-K,2025-01-29,2025-01-29,2025-01-29,0001628280-25-002929,https://www.sec.gov/Archives/edgar/data/1846017/000162828025002929/blue-20250129.htm,https://www.sec.gov/Archives/edgar/data/1846017/000162828025002929/blue-20250129.htm,2025-01-29,2025-01-29 09:23:07,https://www.sec.gov/Archives/edgar/data/1846017/0001628280-25-002929-index.html,Item 2.02; Item 9.01,Item 2.02; Item 9.01,True,True,a2024-4qearningsrelease.htm,,True,ListingChange,Tier-1,https://www.sec.gov/Archives/edgar/data/1846017/000162828025002929/blue-20250129.htm,,True,Tier-2,,,False,,
0001846017,Blue Foundry Bancorp,BLFY,8-K/A,2025-07-30,2025-07-30,2025-07-30,0001628280-25-036756,https://www.sec.gov/Archives/edgar/data/1846017/000162828025036756/blue-20250730.htm,https://www.sec.gov/Archives/edgar/data/1846017/000162828025036756/blue-20250730.htm,2025-07-30,2025-07-30 17:04:17,https://www.sec.gov/Archives/edgar/data/1846017/0001628280-25-036756-index.html,Item 2.02; Item 9.01,Item 2.02; Item 9.01,True,True,a2025-2qearningsrelease.htm,,True,ContractAward,Tier-1,https://www.sec.gov/Archives/edgar/data/1846017/000162828025036756/blue-20250730.htm,,True,Tier-2,,,False,,
0001429764,Blink Charging Co.,BLNK,8-K,2025-11-06,2025-11-06,2025-11-06,0001493152-25-021067,https://www.sec.gov/Archives/edgar/data/1429764/000149315225021067/form8-k.htm,https://www.sec.gov/Archives/edgar/data/1429764/000149315225021067/form8-k.htm,2025-11-06,2025-11-06 16:07:03,https://www.sec.gov/Archives/edgar/data/1429764/0001493152-25-021067-index.html,Item 2.02; Item 9.01,Item 2.02; Item 9.01,True,True,ex99-1.htm,,True,ATM,Tier-1,https://www.sec.gov/Archives/edgar/data/1429764/000149315225021067/form8-k.htm,,True,Tier-1,Financing,,True,warrant;offering,
0001429764,Blink Charging Co.,BLNK,8-K,2025-09-09,2025-09-09,2025-09-09,0001641172-25-026972,https://www.sec.gov/Archives/edgar/data/1429764/000164117225026972/form8-k.htm,https://www.sec.gov/Archives/edgar/data/1429764/000164117225026972/form8-k.htm,2025-09-09,2025-09-09 16:15:59,https://www.sec.gov/Archives/edgar/data/1429764/0001641172-25-026972-index.html,Item 7.01; Item 9.01,Item 7.01; Item 9.01,True,True,ex99-1.htm,,True,OtherEvent,Tier-2,https://www.sec.gov/Archives/edgar/data/1429764/000164117225026972/form8-k.htm,,True,Tier-2,,,False,,
0001429764,Blink Charging Co.,BLNK,8-K,2025-09-02,2025-09-02,2025-09-02,0001641172-25-026230,https://www.sec.gov/Archives/edgar/data/1429764/000164117225026230/form8-k.htm,https://www.sec.gov/Archives/edgar/data/1429764/000164117225026230/form8-k.htm,2025-09-02,2025-09-02 17:14:45,https://www.sec.gov/Archives/edgar/data/1429764/0001641172-25-026230-index.html,Item 8.01; Item 9.01,Item 8.01; Item 9.01,True,True,ex99-1.htm; ex99-2.htm,,True,FDA,Tier-1,https://www.sec.gov/Archives/edgar/data/1429764/000164117225026230/form8-k.htm,,True,Tier-2,,,False,,
0001429764,Blink Charging Co.,BLNK,8-K,2025-08-29,2025-08-26,2025-08-26,0001641172-25-025995,https://www.sec.gov/Archives/edgar/data/1429764/000164117225025995/form8-k.htm,https://www.sec.gov/Archives/edgar/data/1429764/000164117225025995/form8-k.htm,2025-08-26,2025-08-29 16:28:24,https://www.sec.gov/Archives/edgar/data/1429764/0001641172-25-025995-index.html,Item 1.01; Item 3.02; Item 9.01,Item 1.01; Item 3.02; Item 9.01,False,True,,,True,ATM,Tier-1,https://www.sec.gov/Archives/edgar/data/1429764/000164117225025995/form8-k.htm,,True,Tier-1,Financing,,True,warrant,
0001429764,Blink Charging Co.,BLNK,8-K,2025-08-06,2025-08-04,2025-08-04,0001641172-25-022447,https://www.sec.gov/Archives/edgar/data/1429764/000164117225022447/form8-k.htm,https://www.sec.gov/Archives/edgar/data/1429764/000164117225022447/form8-k.htm,2025-08-04,2025-08-06 17:00:21,https://www.sec.gov/Archives/edgar/data/1429764/0001641172-25-022447-index.html,Item 1.01; Item 9.01,Item 1.01; Item 9.01,True,True,ex99-1.htm,ex2-1.htm,True,ATM,Tier-1,https://www.sec.gov/Archives/edgar/data/1429764/000164117225022447/form8-k.htm,,True,Tier-1,Financing,,True,warrant;offering,
0001429764,Blink Charging Co.,BLNK,8-K,2025-08-18,2025-08-18,2025-08-18,0001641172-25-024621,https://www.sec.gov/Archives/edgar/data/1429764/000164117225024621/form8-k.htm,https://www.sec.gov/Archives/edgar/data/1429764/000164117225024621/form8-k.htm,2025-08-18,2025-08-18 16:26:05,https://www.sec.gov/Archives/edgar/data/1429764/0001641172-25-024621-index.html,Item 2.02; Item 9.01,Item 2.02; Item 9.01,True,True,ex99-1.htm,,True,ATM,Tier-1,https://www.sec.gov/Archives/edgar/data/1429764/000164117225024621/form8-k.htm,,True,Tier-1,Financing,,True,warrant;offering,
0001462056,"Backblaze, Inc.",BLZE,8-K,2025-11-06,2025-11-06,2025-11-06,0001628280-25-049848,https://www.sec.gov/Archives/edgar/data/1462056/000162828025049848/blze-20251106.htm,https://www.sec.gov/Archives/edgar/data/1462056/000162828025049848/blze-20251106.htm,2025-11-06,2025-11-06 07:03:20,https://www.sec.gov/Archives/edgar/data/1462056/0001628280-25-049848-index.html,Item 2.02; Item 8.01; Item 9.01,Item 2.02; Item 8.01; Item 9.01,True,True,ex991blze20250930earningsp.htm; q32025results.htm,,True,ATM,Tier-1,https://www.sec.gov/Archives/edgar/data/1462056/000162828025049848/blze-20251106.htm,,True,Tier-1,Financing,,True,offering,
0001462056,"Backblaze, Inc.",BLZE,8-K,2025-08-07,2025-08-07,2025-08-07,0001628280-25-038582,https://www.sec.gov/Archives/edgar/data/1462056/000162828025038582/blze-20250807.htm,https://www.sec.gov/Archives/edgar/data/1462056/000162828025038582/blze-20250807.htm,2025-08-07,2025-08-07 07:09:29,https://www.sec.gov/Archives/edgar/data/1462056/0001628280-25-038582-index.html,Item 1.01; Item 2.02; Item 8.01; Item 9.01,Item 1.01; Item 2.02; Item 8.01; Item 9.01,True,True,ex991blze20250630earningsp.htm; q22025results.htm,ex101-debtamendment0725.htm,True,ATM,Tier-1,https://www.sec.gov/Archives/edgar/data/1462056/000162828025038582/blze-20250807.htm,,True,Tier-1,Financing,,True,offering,
0001462056,"Backblaze, Inc.",BLZE,8-K,2025-05-07,2025-05-07,2025-05-07,0001628280-25-023132,https://www.sec.gov/Archives/edgar/data/1462056/000162828025023132/blze-20250507.htm,https://www.sec.gov/Archives/edgar/data/1462056/000162828025023132/blze-20250507.htm,2025-05-07,2025-05-07 16:02:19,https://www.sec.gov/Archives/edgar/data/1462056/0001628280-25-023132-index.html,Item 2.02; Item 9.01,Item 2.02; Item 9.01,True,True,ex991blze20250331earningsp.htm; firstquarter2025presenta.htm,,True,ATM,Tier-1,https://www.sec.gov/Archives/edgar/data/1462056/000162828025023132/blze-20250507.htm,,True,Tier-1,Financing,,True,offering,
0001462056,"Backblaze, Inc.",BLZE,8-K,2024-12-13,2024-12-10,2024-12-10,0001462056-24-000067,https://www.sec.gov/Archives/edgar/data/1462056/000146205624000067/blze-20241210.htm,https://www.sec.gov/Archives/edgar/data/1462056/000146205624000067/blze-20241210.htm,2024-12-10,2024-12-13 17:21:05,https://www.sec.gov/Archives/edgar/data/1462056/0001462056-24-000067-index.html,Item 1.02; Item 9.01,Item 1.02; Item 9.01,False,True,,,True,ATM,Tier-1,https://www.sec.gov/Archives/edgar/data/1462056/000146205624000067/blze-20241210.htm,,True,Tier-1,Financing,,True,offering,
0001462056,"Backblaze, Inc.",BLZE,8-K,2025-02-25,2025-02-25,2025-02-25,0001462056-25-000003,https://www.sec.gov/Archives/edgar/data/1462056/000146205625000003/blze-20250225.htm,https://www.sec.gov/Archives/edgar/data/1462056/000146205625000003/blze-20250225.htm,2025-02-25,2025-02-25 16:08:55,https://www.sec.gov/Archives/edgar/data/1462056/0001462056-25-000003-index.html,Item 2.02; Item 9.01,Item 2.02; Item 9.01,True,True,ex991blze20241231earningsp.htm,,True,ATM,Tier-1,https://www.sec.gov/Archives/edgar/data/1462056/000146205625000003/blze-20250225.htm,,True,Tier-1,Financing,,True,offering,
0001840439,"Biomea Fusion, Inc.",BMEA,8-K,2025-11-04,2025-11-04,2025-11-04,0001193125-25-264631,https://www.sec.gov/Archives/edgar/data/1840439/000119312525264631/bmea-20251104.htm,https://www.sec.gov/Archives/edgar/data/1840439/000119312525264631/bmea-20251104.htm,2025-11-04,2025-11-04 16:03:19,https://www.sec.gov/Archives/edgar/data/1840439/0001193125-25-264631-index.html,Item 2.02; Item 9.01,Item 2.02; Item 9.01,True,True,bmea-ex99_1.htm,,True,ATM,Tier-1,https://www.sec.gov/Archives/edgar/data/1840439/000119312525264631/bmea-20251104.htm,,True,Tier-1,Financing,,True,offering,
0001840439,"Biomea Fusion, Inc.",BMEA,8-K,2025-10-07,2025-10-06,2025-10-06,0001193125-25-233614,https://www.sec.gov/Archives/edgar/data/1840439/000119312525233614/d237219d8k.htm,https://www.sec.gov/Archives/edgar/data/1840439/000119312525233614/d237219d8k.htm,2025-10-06,2025-10-07 17:06:50,https://www.sec.gov/Archives/edgar/data/1840439/0001193125-25-233614-index.html,Item 1.01; Item 8.01; Item 9.01,Item 1.01; Item 8.01; Item 9.01,True,True,d237219dex991.htm; d237219dex992.htm,d237219dex11.htm,True,ATM,Tier-1,https://www.sec.gov/Archives/edgar/data/1840439/000119312525233614/d237219d8k.htm,,True,Tier-1,Financing,,True,underwriting_agreement;warrant;offering,
0001462056,"Backblaze, Inc.",BLZE,8-K/A,2025-08-07,2025-08-07,2025-08-07,0001628280-25-038639,https://www.sec.gov/Archives/edgar/data/1462056/000162828025038639/blze-20250807.htm,https://www.sec.gov/Archives/edgar/data/1462056/000162828025038639/blze-20250807.htm,2025-08-07,2025-08-07 09:23:45,https://www.sec.gov/Archives/edgar/data/1462056/0001628280-25-038639-index.html,Item 9.01,Item 9.01,True,True,ex991blze20250630earningsp.htm,,True,ATM,Tier-1,https://www.sec.gov/Archives/edgar/data/1462056/000162828025038639/blze-20250807.htm,,True,Tier-1,Financing,,True,offering,
0001840439,"Biomea Fusion, Inc.",BMEA,8-K,2025-08-05,2025-08-05,2025-08-05,0000950170-25-103023,https://www.sec.gov/Archives/edgar/data/1840439/000095017025103023/bmea-20250805.htm,https://www.sec.gov/Archives/edgar/data/1840439/000095017025103023/bmea-20250805.htm,2025-08-05,2025-08-05 16:06:31,https://www.sec.gov/Archives/edgar/data/1840439/0000950170-25-103023-index.html,Item 2.02; Item 9.01,Item 2.02; Item 9.01,True,True,bmea-ex99_1.htm,,True,ATM,Tier-1,https://www.sec.gov/Archives/edgar/data/1840439/000095017025103023/bmea-20250805.htm,,True,Tier-1,Financing,,True,offering,
0001840439,"Biomea Fusion, Inc.",BMEA,8-K,2025-07-24,2025-07-22,2025-07-22,0001193125-25-163815,https://www.sec.gov/Archives/edgar/data/1840439/000119312525163815/d57486d8k.htm,https://www.sec.gov/Archives/edgar/data/1840439/000119312525163815/d57486d8k.htm,2025-07-22,2025-07-24 07:13:53,https://www.sec.gov/Archives/edgar/data/1840439/0001193125-25-163815-index.html,Item 5.02; Item 9.01,Item 5.02; Item 9.01,True,True,d57486dex991.htm,,True,GuidanceUp,Tier-1,https://www.sec.gov/Archives/edgar/data/1840439/000119312525163815/d57486d8k.htm,,True,Tier-2,,,False,,
0001840439,"Biomea Fusion, Inc.",BMEA,8-K,2025-06-20,2025-06-17,2025-06-17,0001193125-25-143747,https://www.sec.gov/Archives/edgar/data/1840439/000119312525143747/d877313d8k.htm,https://www.sec.gov/Archives/edgar/data/1840439/000119312525143747/d877313d8k.htm,2025-06-17,2025-06-20 17:13:37,https://www.sec.gov/Archives/edgar/data/1840439/0001193125-25-143747-index.html,Item 1.01; Item 9.01,Item 1.01; Item 9.01,False,True,,d877313dex11.htm,True,ATM,Tier-1,https://www.sec.gov/Archives/edgar/data/1840439/000119312525143747/d877313d8k.htm,,True,Tier-1,Financing,,True,underwriting_agreement;warrant;offering,
0001840439,"Biomea Fusion, Inc.",BMEA,8-K,2025-06-18,2025-06-17,2025-06-17,0001193125-25-142830,https://www.sec.gov/Archives/edgar/data/1840439/000119312525142830/d44604d8k.htm,https://www.sec.gov/Archives/edgar/data/1840439/000119312525142830/d44604d8k.htm,2025-06-17,2025-06-18 17:30:11,https://www.sec.gov/Archives/edgar/data/1840439/0001193125-25-142830-index.html,Item 1.01; Item 8.01,Item 1.01; Item 8.01,True,True,d44604dex991.htm; d44604dex992.htm,d44604dex11.htm,True,ATM,Tier-1,https://www.sec.gov/Archives/edgar/data/1840439/000119312525142830/d44604d8k.htm,,True,Tier-1,Financing,,True,underwriting_agreement;warrant;offering,
0001840439,"Biomea Fusion, Inc.",BMEA,8-K,2025-05-05,2025-05-05,2025-05-05,0000950170-25-063523,https://www.sec.gov/Archives/edgar/data/1840439/000095017025063523/bmea-20250505.htm,https://www.sec.gov/Archives/edgar/data/1840439/000095017025063523/bmea-20250505.htm,2025-05-05,2025-05-05 16:05:08,https://www.sec.gov/Archives/edgar/data/1840439/0000950170-25-063523-index.html,Item 2.02; Item 9.01,Item 2.02; Item 9.01,True,True,bmea-ex99_1.htm,,True,ATM,Tier-1,https://www.sec.gov/Archives/edgar/data/1840439/000095017025063523/bmea-20250505.htm,,True,Tier-2,,,False,,
0001840439,"Biomea Fusion, Inc.",BMEA,8-K,2025-06-17,2025-06-17,2025-06-17,0001193125-25-142126,https://www.sec.gov/Archives/edgar/data/1840439/000119312525142126/d915732d8k.htm,https://www.sec.gov/Archives/edgar/data/1840439/000119312525142126/d915732d8k.htm,2025-06-17,2025-06-17 16:53:15,https://www.sec.gov/Archives/edgar/data/1840439/0001193125-25-142126-index.html,Item 7.01; Item 8.01; Item 9.01,Item 7.01; Item 8.01; Item 9.01,True,True,d915732dex991.htm,,True,ATM,Tier-1,https://www.sec.gov/Archives/edgar/data/1840439/000119312525142126/d915732d8k.htm,,True,Tier-2,,,False,,
0001436229,BTCS Inc.,BTCS,8-K,2025-08-18,2025-08-18,2025-08-18,0001493152-25-012108,https://www.sec.gov/Archives/edgar/data/1436229/000149315225012108/form8-k.htm,https://www.sec.gov/Archives/edgar/data/1436229/000149315225012108/form8-k.htm,2025-08-18,2025-08-18 07:00:50,https://www.sec.gov/Archives/edgar/data/1436229/0001493152-25-012108-index.html,Item 7.01; Item 8.01; Item 9.01,Item 7.01; Item 8.01; Item 9.01,True,True,ex99-1.htm; ex99-2.htm,,True,ATM,Tier-1,https://www.sec.gov/Archives/edgar/data/1436229/000149315225012108/form8-k.htm,,True,Tier-1,Financing,,True,offering,
0001436229,BTCS Inc.,BTCS,8-K,2025-11-14,2025-11-14,2025-11-14,0001493152-25-022605,https://www.sec.gov/Archives/edgar/data/1436229/000149315225022605/form8-k.htm,https://www.sec.gov/Archives/edgar/data/1436229/000149315225022605/form8-k.htm,2025-11-14,2025-11-14 08:30:56,https://www.sec.gov/Archives/edgar/data/1436229/0001493152-25-022605-index.html,Item 7.01; Item 9.01,Item 7.01; Item 9.01,True,True,ex99-1.htm; ex99-2.htm,,True,ATM,Tier-1,https://www.sec.gov/Archives/edgar/data/1436229/000149315225022605/form8-k.htm,,True,Tier-1,Financing,,True,atm;convertible;warrant;offering,
0001436229,BTCS Inc.,BTCS,8-K,2025-08-14,2025-08-14,2025-08-14,0001641172-25-023717,https://www.sec.gov/Archives/edgar/data/1436229/000164117225023717/form8-k.htm,https://www.sec.gov/Archives/edgar/data/1436229/000164117225023717/form8-k.htm,2025-08-14,2025-08-14 07:31:07,https://www.sec.gov/Archives/edgar/data/1436229/0001641172-25-023717-index.html,Item 7.01; Item 8.01; Item 9.01,Item 7.01; Item 8.01; Item 9.01,True,True,ex99-1.htm,,True,ContractAward,Tier-1,https://www.sec.gov/Archives/edgar/data/1436229/000164117225023717/form8-k.htm,,True,Tier-2,,,False,,
0001436229,BTCS Inc.,BTCS,8-K,2025-07-28,2025-07-22,2025-07-22,0001493152-25-011437,https://www.sec.gov/Archives/edgar/data/1436229/000149315225011437/form8-k.htm,https://www.sec.gov/Archives/edgar/data/1436229/000149315225011437/form8-k.htm,2025-07-22,2025-07-28 07:00:47,https://www.sec.gov/Archives/edgar/data/1436229/0001493152-25-011437-index.html,Item 2.03; Item 3.02; Item 9.01,Item 2.03; Item 3.02; Item 9.01,True,True,ex99-1.htm,,True,ATM,Tier-1,https://www.sec.gov/Archives/edgar/data/1436229/000149315225011437/form8-k.htm,,True,Tier-1,Financing,,True,atm;convertible;offering,
0001436229,BTCS Inc.,BTCS,8-K,2025-07-21,2025-07-21,2025-07-21,0001493152-25-011311,https://www.sec.gov/Archives/edgar/data/1436229/000149315225011311/form8-k.htm,https://www.sec.gov/Archives/edgar/data/1436229/000149315225011311/form8-k.htm,2025-07-21,2025-07-21 07:00:44,https://www.sec.gov/Archives/edgar/data/1436229/0001493152-25-011311-index.html,Item 2.03; Item 3.02; Item 9.01,Item 2.03; Item 3.02; Item 9.01,True,True,ex99-1.htm,ex10-1.htm; ex10-2.htm; ex10-3.htm,True,ATM,Tier-1,https://www.sec.gov/Archives/edgar/data/1436229/000149315225011311/form8-k.htm,,True,Tier-1,Financing,,True,spa;purchase_agreement;atm;convertible;warrant;offering,
0001436229,BTCS Inc.,BTCS,8-K,2025-07-14,2025-07-09,2025-07-09,0001641172-25-018876,https://www.sec.gov/Archives/edgar/data/1436229/000164117225018876/form8-k.htm,https://www.sec.gov/Archives/edgar/data/1436229/000164117225018876/form8-k.htm,2025-07-09,2025-07-14 06:30:31,https://www.sec.gov/Archives/edgar/data/1436229/0001641172-25-018876-index.html,Item 9.01,Item 9.01,True,True,ex99-1.htm,,True,ATM,Tier-1,https://www.sec.gov/Archives/edgar/data/1436229/000164117225018876/form8-k.htm,,True,Tier-1,Financing,,True,atm;convertible;warrant;offering,
0001901799,Bitcoin Depot Inc.,BTM,8-K,2025-11-21,2025-11-21,2025-11-21,0001193125-25-290629,https://www.sec.gov/Archives/edgar/data/1901799/000119312525290629/d845053d8k.htm,https://www.sec.gov/Archives/edgar/data/1901799/000119312525290629/d845053d8k.htm,2025-11-21,2025-11-21 08:00:38,https://www.sec.gov/Archives/edgar/data/1901799/0001193125-25-290629-index.html,Item 5.02; Item 7.01; Item 9.01,Item 5.02; Item 7.01; Item 9.01,True,True,d845053dex991.htm,,True,ATM,Tier-1,https://www.sec.gov/Archives/edgar/data/1901799/000119312525290629/d845053d8k.htm,,True,Tier-2,,,False,,
0001901799,Bitcoin Depot Inc.,BTM,8-K,2025-10-08,2025-10-06,2025-10-06,0001193125-25-233985,https://www.sec.gov/Archives/edgar/data/1901799/000119312525233985/d42449d8k.htm,https://www.sec.gov/Archives/edgar/data/1901799/000119312525233985/d42449d8k.htm,2025-10-06,2025-10-08 07:05:20,https://www.sec.gov/Archives/edgar/data/1901799/0001193125-25-233985-index.html,Item 1.01; Item 8.01; Item 9.01,Item 1.01; Item 8.01; Item 9.01,True,True,d42449dex991.htm,d42449dex101.htm,True,ATM,Tier-1,https://www.sec.gov/Archives/edgar/data/1901799/000119312525233985/d42449d8k.htm,,True,Tier-1,Financing,,True,registered_direct;spa;purchase_agreement;offering,
0001901799,Bitcoin Depot Inc.,BTM,8-K,2025-10-01,2025-10-01,2025-10-01,0001193125-25-225908,https://www.sec.gov/Archives/edgar/data/1901799/000119312525225908/btm-20251001.htm,https://www.sec.gov/Archives/edgar/data/1901799/000119312525225908/btm-20251001.htm,2025-10-01,2025-10-01 08:05:08,https://www.sec.gov/Archives/edgar/data/1901799/0001193125-25-225908-index.html,Item 2.02; Item 9.01,Item 2.02; Item 9.01,True,True,btm-ex99_1.htm,,True,ATM,Tier-1,https://www.sec.gov/Archives/edgar/data/1901799/000119312525225908/btm-20251001.htm,,True,Tier-2,,,False,,
0001901799,Bitcoin Depot Inc.,BTM,8-K,2025-11-13,2025-11-13,2025-11-13,0001193125-25-279033,https://www.sec.gov/Archives/edgar/data/1901799/000119312525279033/btm-20251113.htm,https://www.sec.gov/Archives/edgar/data/1901799/000119312525279033/btm-20251113.htm,2025-11-13,2025-11-13 08:03:13,https://www.sec.gov/Archives/edgar/data/1901799/0001193125-25-279033-index.html,Item 2.02; Item 9.01,Item 2.02; Item 9.01,True,True,btm-ex99_1.htm,,True,ATM,Tier-1,https://www.sec.gov/Archives/edgar/data/1901799/000119312525279033/btm-20251113.htm,,True,Tier-2,,,False,,
0001120370,"BROADWIND, INC.",BWEN,8-K,2025-09-10,2025-09-10,2025-09-10,0001437749-25-028777,https://www.sec.gov/Archives/edgar/data/1120370/000143774925028777/bwen20250909c_8k.htm,https://www.sec.gov/Archives/edgar/data/1120370/000143774925028777/bwen20250909c_8k.htm,2025-09-10,2025-09-10 16:43:12,https://www.sec.gov/Archives/edgar/data/1120370/0001437749-25-028777-index.html,Item 8.01; Item 9.01,Item 8.01; Item 9.01,True,True,ex_860350.htm,,True,ATM,Tier-1,https://www.sec.gov/Archives/edgar/data/1120370/000143774925028777/bwen20250909c_8k.htm,,True,Tier-1,Financing,,True,convertible,
0001120370,"BROADWIND, INC.",BWEN,8-K,2025-09-10,2025-09-08,2025-09-08,0001437749-25-028776,https://www.sec.gov/Archives/edgar/data/1120370/000143774925028776/bwen20250909_8k.htm,https://www.sec.gov/Archives/edgar/data/1120370/000143774925028776/bwen20250909_8k.htm,2025-09-08,2025-09-10 16:42:07,https://www.sec.gov/Archives/edgar/data/1120370/0001437749-25-028776-index.html,Item 2.01; Item 5.02; Item 7.01; Item 9.01,Item 2.01; Item 5.02; Item 7.01; Item 9.01,True,True,ex_860392.htm,ex_860376.htm,True,ATM,Tier-1,https://www.sec.gov/Archives/edgar/data/1120370/000143774925028776/bwen20250909_8k.htm,,True,Tier-1,Financing,,True,purchase_agreement;convertible,
0001120370,"BROADWIND, INC.",BWEN,8-K,2025-11-13,2025-11-13,2025-11-13,0001171843-25-007255,https://www.sec.gov/Archives/edgar/data/1120370/000117184325007255/f8k_111225.htm,https://www.sec.gov/Archives/edgar/data/1120370/000117184325007255/f8k_111225.htm,2025-11-13,2025-11-13 07:00:43,https://www.sec.gov/Archives/edgar/data/1120370/0001171843-25-007255-index.html,Item 2.02; Item 7.01; Item 9.01,Item 2.02; Item 7.01; Item 9.01,True,True,exh_991.htm; exh_992.htm,,True,ATM,Tier-1,https://www.sec.gov/Archives/edgar/data/1120370/000117184325007255/f8k_111225.htm,,True,Tier-1,Financing,,True,convertible;offering,
0001120370,"BROADWIND, INC.",BWEN,8-K,2025-06-05,2025-06-04,2025-06-04,0001171843-25-003691,https://www.sec.gov/Archives/edgar/data/1120370/000117184325003691/f8k_060425.htm,https://www.sec.gov/Archives/edgar/data/1120370/000117184325003691/f8k_060425.htm,2025-06-04,2025-06-04 19:00:09,https://www.sec.gov/Archives/edgar/data/1120370/0001171843-25-003691-index.html,Item 1.01; Item 1.02; Item 7.01; Item 9.01,Item 1.01; Item 1.02; Item 7.01; Item 9.01,True,True,exh_991.htm,,True,ATM,Tier-1,https://www.sec.gov/Archives/edgar/data/1120370/000117184325003691/f8k_060425.htm,,True,Tier-1,Financing,,True,purchase_agreement;convertible;warrant,
0001120370,"BROADWIND, INC.",BWEN,8-K,2025-08-12,2025-08-12,2025-08-12,0001171843-25-005308,https://www.sec.gov/Archives/edgar/data/1120370/000117184325005308/f8k_081125.htm,https://www.sec.gov/Archives/edgar/data/1120370/000117184325005308/f8k_081125.htm,2025-08-12,2025-08-12 07:00:39,https://www.sec.gov/Archives/edgar/data/1120370/0001171843-25-005308-index.html,Item 2.02; Item 7.01; Item 9.01,Item 2.02; Item 7.01; Item 9.01,True,True,exh_991.htm; exh_992.htm,,True,ATM,Tier-1,https://www.sec.gov/Archives/edgar/data/1120370/000117184325005308/f8k_081125.htm,,True,Tier-1,Financing,,True,convertible,
0001901799,Bitcoin Depot Inc.,BTM,8-K,2025-08-12,2025-08-12,2025-08-12,0000950170-25-106931,https://www.sec.gov/Archives/edgar/data/1901799/000095017025106931/btm-20250812.htm,https://www.sec.gov/Archives/edgar/data/1901799/000095017025106931/btm-20250812.htm,2025-08-12,2025-08-12 08:04:39,https://www.sec.gov/Archives/edgar/data/1901799/0000950170-25-106931-index.html,Item 2.02; Item 9.01,Item 2.02; Item 9.01,True,True,btm-ex99_1.htm,,True,ATM,Tier-1,https://www.sec.gov/Archives/edgar/data/1901799/000095017025106931/btm-20250812.htm,,True,Tier-2,,,False,,
0001120370,"BROADWIND, INC.",BWEN,8-K,2025-05-13,2025-05-13,2025-05-13,0001171843-25-003108,https://www.sec.gov/Archives/edgar/data/1120370/000117184325003108/f8k_051225.htm,https://www.sec.gov/Archives/edgar/data/1120370/000117184325003108/f8k_051225.htm,2025-05-13,2025-05-13 07:00:21,https://www.sec.gov/Archives/edgar/data/1120370/0001171843-25-003108-index.html,Item 2.02; Item 7.01; Item 9.01,Item 2.02; Item 7.01; Item 9.01,True,True,exh_991.htm; exh_992.htm,,True,ATM,Tier-1,https://www.sec.gov/Archives/edgar/data/1120370/000117184325003108/f8k_051225.htm,,True,Tier-1,Financing,,True,convertible,
0001120370,"BROADWIND, INC.",BWEN,8-K,2025-03-05,2025-03-05,2025-03-05,0001171843-25-001262,https://www.sec.gov/Archives/edgar/data/1120370/000117184325001262/f8k_030425.htm,https://www.sec.gov/Archives/edgar/data/1120370/000117184325001262/f8k_030425.htm,2025-03-05,2025-03-05 07:00:13,https://www.sec.gov/Archives/edgar/data/1120370/0001171843-25-001262-index.html,Item 2.02; Item 7.01; Item 9.01,Item 2.02; Item 7.01; Item 9.01,True,True,exh_991.htm; exh_992.htm,,True,ATM,Tier-1,https://www.sec.gov/Archives/edgar/data/1120370/000117184325001262/f8k_030425.htm,,True,Tier-1,Financing,,True,convertible,
0001871638,"Blaize Holdings, Inc.",BZAI,8-K,2025-11-12,2025-11-11,2025-11-11,0001193125-25-275658,https://www.sec.gov/Archives/edgar/data/1871638/000119312525275658/bzai-20251111.htm,https://www.sec.gov/Archives/edgar/data/1871638/000119312525275658/bzai-20251111.htm,2025-11-11,2025-11-12 06:08:10,https://www.sec.gov/Archives/edgar/data/1871638/0001193125-25-275658-index.html,Item 2.02; Item 7.01; Item 9.01,Item 2.02; Item 7.01; Item 9.01,True,True,bzai-ex99_1.htm,,True,ATM,Tier-1,https://www.sec.gov/Archives/edgar/data/1871638/000119312525275658/bzai-20251111.htm,,True,Tier-1,Financing,,True,spa;purchase_agreement;warrant;offering,
0001871638,"Blaize Holdings, Inc.",BZAI,8-K,2025-07-18,2025-07-17,2025-07-17,0001193125-25-160625,https://www.sec.gov/Archives/edgar/data/1871638/000119312525160625/d54932d8k.htm,https://www.sec.gov/Archives/edgar/data/1871638/000119312525160625/d54932d8k.htm,2025-07-17,2025-07-17 17:57:41,https://www.sec.gov/Archives/edgar/data/1871638/0001193125-25-160625-index.html,Item 7.01; Item 9.01,Item 7.01; Item 9.01,True,True,d54932dex991.htm,,True,ATM,Tier-1,https://www.sec.gov/Archives/edgar/data/1871638/000119312525160625/d54932d8k.htm,,True,Tier-1,Financing,,True,offering,
0001871638,"Blaize Holdings, Inc.",BZAI,8-K,2025-07-15,2025-07-14,2025-07-14,0001193125-25-158997,https://www.sec.gov/Archives/edgar/data/1871638/000119312525158997/d13627d8k.htm,https://www.sec.gov/Archives/edgar/data/1871638/000119312525158997/d13627d8k.htm,2025-07-14,2025-07-15 06:05:10,https://www.sec.gov/Archives/edgar/data/1871638/0001193125-25-158997-index.html,Item 1.01; Item 3.02; Item 9.01,Item 1.01; Item 3.02; Item 9.01,False,True,,d13627dex101.htm; d13627dex102.htm,True,ATM,Tier-1,https://www.sec.gov/Archives/edgar/data/1871638/000119312525158997/d13627d8k.htm,,True,Tier-1,Financing,,True,purchase_agreement;equity_line;convertible;warrant;offering,
0001871638,"Blaize Holdings, Inc.",BZAI,8-K,2025-08-14,2025-08-14,2025-08-14,0001193125-25-180822,https://www.sec.gov/Archives/edgar/data/1871638/000119312525180822/d65761d8k.htm,https://www.sec.gov/Archives/edgar/data/1871638/000119312525180822/d65761d8k.htm,2025-08-14,2025-08-14 16:31:08,https://www.sec.gov/Archives/edgar/data/1871638/0001193125-25-180822-index.html,Item 2.02; Item 9.01,Item 2.02; Item 9.01,True,True,d65761dex991.htm,,True,ATM,Tier-1,https://www.sec.gov/Archives/edgar/data/1871638/000119312525180822/d65761d8k.htm,,True,Tier-1,Financing,,True,convertible;warrant;offering,
0001759138,"Cabaletta Bio, Inc.",CABA,8-K,2025-11-10,2025-11-10,2025-11-10,0001193125-25-273272,https://www.sec.gov/Archives/edgar/data/1759138/000119312525273272/caba-20251110.htm,https://www.sec.gov/Archives/edgar/data/1759138/000119312525273272/caba-20251110.htm,2025-11-10,2025-11-10 07:33:40,https://www.sec.gov/Archives/edgar/data/1759138/0001193125-25-273272-index.html,Item 2.02; Item 9.01,Item 2.02; Item 9.01,True,True,caba-ex99_1.htm,,True,ATM,Tier-1,https://www.sec.gov/Archives/edgar/data/1759138/000119312525273272/caba-20251110.htm,,True,Tier-1,Financing,,True,warrant,
0001871638,"Blaize Holdings, Inc.",BZAI,8-K,2025-11-13,2025-11-13,2025-11-13,0001193125-25-280249,https://www.sec.gov/Archives/edgar/data/1871638/000119312525280249/bzai-20251113.htm,https://www.sec.gov/Archives/edgar/data/1871638/000119312525280249/bzai-20251113.htm,2025-11-13,2025-11-13 16:26:28,https://www.sec.gov/Archives/edgar/data/1871638/0001193125-25-280249-index.html,Item 2.02; Item 9.01,Item 2.02; Item 9.01,True,True,bzai-ex99_1.htm,,True,ATM,Tier-1,https://www.sec.gov/Archives/edgar/data/1871638/000119312525280249/bzai-20251113.htm,,True,Tier-1,Financing,,True,convertible;warrant;offering,
0001871638,"Blaize Holdings, Inc.",BZAI,8-K,2025-05-14,2025-05-14,2025-05-14,0001193125-25-119938,https://www.sec.gov/Archives/edgar/data/1871638/000119312525119938/d88788d8k.htm,https://www.sec.gov/Archives/edgar/data/1871638/000119312525119938/d88788d8k.htm,2025-05-14,2025-05-14 17:05:25,https://www.sec.gov/Archives/edgar/data/1871638/0001193125-25-119938-index.html,Item 2.02; Item 9.01,Item 2.02; Item 9.01,True,True,d88788dex991.htm,,True,ATM,Tier-1,https://www.sec.gov/Archives/edgar/data/1871638/000119312525119938/d88788d8k.htm,,True,Tier-1,Financing,,True,convertible;warrant;offering,
0001759138,"Cabaletta Bio, Inc.",CABA,8-K,2025-10-29,2025-10-29,2025-10-29,0001193125-25-254610,https://www.sec.gov/Archives/edgar/data/1759138/000119312525254610/caba-20251029.htm,https://www.sec.gov/Archives/edgar/data/1759138/000119312525254610/caba-20251029.htm,2025-10-29,2025-10-29 07:01:44,https://www.sec.gov/Archives/edgar/data/1759138/0001193125-25-254610-index.html,Item 8.01; Item 9.01,Item 8.01; Item 9.01,True,True,caba-ex99_1.htm,,True,ATM,Tier-1,https://www.sec.gov/Archives/edgar/data/1759138/000119312525254610/caba-20251029.htm,,True,Tier-1,Financing,,True,warrant,
0001759138,"Cabaletta Bio, Inc.",CABA,8-K,2025-10-27,2025-10-27,2025-10-27,0001193125-25-250676,https://www.sec.gov/Archives/edgar/data/1759138/000119312525250676/caba-20251027.htm,https://www.sec.gov/Archives/edgar/data/1759138/000119312525250676/caba-20251027.htm,2025-10-27,2025-10-27 07:02:07,https://www.sec.gov/Archives/edgar/data/1759138/0001193125-25-250676-index.html,Item 7.01; Item 8.01; Item 9.01,Item 7.01; Item 8.01; Item 9.01,True,True,caba-ex99_1.htm; caba-ex99_2.htm,,True,ATM,Tier-1,https://www.sec.gov/Archives/edgar/data/1759138/000119312525250676/caba-20251027.htm,,True,Tier-2,,,False,,
0001759138,"Cabaletta Bio, Inc.",CABA,8-K,2025-10-09,2025-10-09,2025-10-09,0001193125-25-235533,https://www.sec.gov/Archives/edgar/data/1759138/000119312525235533/caba-20251009.htm,https://www.sec.gov/Archives/edgar/data/1759138/000119312525235533/caba-20251009.htm,2025-10-09,2025-10-09 12:03:05,https://www.sec.gov/Archives/edgar/data/1759138/0001193125-25-235533-index.html,Item 7.01; Item 8.01; Item 9.01,Item 7.01; Item 8.01; Item 9.01,True,True,caba-ex99_1.htm; caba-ex99_2.htm,,True,ATM,Tier-1,https://www.sec.gov/Archives/edgar/data/1759138/000119312525235533/caba-20251009.htm,,True,Tier-1,Financing,,True,warrant,
0001759138,"Cabaletta Bio, Inc.",CABA,8-K,2025-09-03,2025-09-03,2025-09-03,0001759138-25-000007,https://www.sec.gov/Archives/edgar/data/1759138/000175913825000007/caba-20250903.htm,https://www.sec.gov/Archives/edgar/data/1759138/000175913825000007/caba-20250903.htm,2025-09-03,2025-09-03 06:03:02,https://www.sec.gov/Archives/edgar/data/1759138/0001759138-25-000007-index.html,Item 7.01; Item 9.01,Item 7.01; Item 9.01,True,True,caba-ex99_1.htm,,True,ATM,Tier-1,https://www.sec.gov/Archives/edgar/data/1759138/000175913825000007/caba-20250903.htm,,True,Tier-1,Financing,,True,warrant,
0001759138,"Cabaletta Bio, Inc.",CABA,8-K,2025-08-07,2025-08-07,2025-08-07,0000950170-25-104570,https://www.sec.gov/Archives/edgar/data/1759138/000095017025104570/caba-20250807.htm,https://www.sec.gov/Archives/edgar/data/1759138/000095017025104570/caba-20250807.htm,2025-08-07,2025-08-07 07:37:09,https://www.sec.gov/Archives/edgar/data/1759138/0000950170-25-104570-index.html,Item 2.02; Item 9.01,Item 2.02; Item 9.01,True,True,caba-ex99_1.htm,,True,ATM,Tier-1,https://www.sec.gov/Archives/edgar/data/1759138/000095017025104570/caba-20250807.htm,,True,Tier-1,Financing,,True,warrant;offering,
0001759138,"Cabaletta Bio, Inc.",CABA,8-K,2025-06-12,2025-06-11,2025-06-11,0001193125-25-139517,https://www.sec.gov/Archives/edgar/data/1759138/000119312525139517/d828604d8k.htm,https://www.sec.gov/Archives/edgar/data/1759138/000119312525139517/d828604d8k.htm,2025-06-11,2025-06-12 06:05:29,https://www.sec.gov/Archives/edgar/data/1759138/0001193125-25-139517-index.html,Item 1.01; Item 8.01; Item 9.01,Item 1.01; Item 8.01; Item 9.01,True,True,d828604dex991.htm,d828604dex11.htm,True,ATM,Tier-1,https://www.sec.gov/Archives/edgar/data/1759138/000119312525139517/d828604d8k.htm,,True,Tier-1,Financing,,True,underwriting_agreement;warrant;offering,
0001759138,"Cabaletta Bio, Inc.",CABA,8-K,2025-06-11,2025-06-11,2025-06-11,0001193125-25-138737,https://www.sec.gov/Archives/edgar/data/1759138/000119312525138737/d78097d8k.htm,https://www.sec.gov/Archives/edgar/data/1759138/000119312525138737/d78097d8k.htm,2025-06-11,2025-06-11 06:11:28,https://www.sec.gov/Archives/edgar/data/1759138/0001193125-25-138737-index.html,Item 1.02; Item 7.01; Item 8.01; Item 9.01,Item 1.02; Item 7.01; Item 8.01; Item 9.01,True,True,d78097dex991.htm; d78097dex992.htm,,True,ATM,Tier-1,https://www.sec.gov/Archives/edgar/data/1759138/000119312525138737/d78097d8k.htm,,True,Tier-2,,,False,,
0001020214,CERUS CORP,CERS,8-K,2025-11-06,2025-11-06,2025-11-06,0001193125-25-269451,https://www.sec.gov/Archives/edgar/data/1020214/000119312525269451/cers-20251106.htm,https://www.sec.gov/Archives/edgar/data/1020214/000119312525269451/cers-20251106.htm,2025-11-06,2025-11-06 16:03:44,https://www.sec.gov/Archives/edgar/data/1020214/0001193125-25-269451-index.html,Item 2.02; Item 9.01,Item 2.02; Item 9.01,True,True,cers-ex99_1.htm,,True,ATM,Tier-1,https://www.sec.gov/Archives/edgar/data/1020214/000119312525269451/cers-20251106.htm,,True,Tier-2,,,False,,
0001020214,CERUS CORP,CERS,8-K,2025-08-05,2025-08-05,2025-08-05,0000950170-25-102976,https://www.sec.gov/Archives/edgar/data/1020214/000095017025102976/cers-20250805.htm,https://www.sec.gov/Archives/edgar/data/1020214/000095017025102976/cers-20250805.htm,2025-08-05,2025-08-05 16:02:33,https://www.sec.gov/Archives/edgar/data/1020214/0000950170-25-102976-index.html,Item 2.02; Item 9.01,Item 2.02; Item 9.01,True,True,cers-ex99_1.htm,,True,ATM,Tier-1,https://www.sec.gov/Archives/edgar/data/1020214/000095017025102976/cers-20250805.htm,,True,Tier-2,,,False,,
0001020214,CERUS CORP,CERS,8-K,2025-05-01,2025-05-01,2025-05-01,0000950170-25-061808,https://www.sec.gov/Archives/edgar/data/1020214/000095017025061808/cers-20250501.htm,https://www.sec.gov/Archives/edgar/data/1020214/000095017025061808/cers-20250501.htm,2025-05-01,2025-05-01 16:03:47,https://www.sec.gov/Archives/edgar/data/1020214/0000950170-25-061808-index.html,Item 2.02; Item 9.01,Item 2.02; Item 9.01,True,True,cers-ex99_1.htm,,True,ATM,Tier-1,https://www.sec.gov/Archives/edgar/data/1020214/000095017025061808/cers-20250501.htm,,True,Tier-1,Financing,,True,offering,
0001020214,CERUS CORP,CERS,8-K,2025-02-20,2025-02-20,2025-02-20,0000950170-25-024125,https://www.sec.gov/Archives/edgar/data/1020214/000095017025024125/cers-20250220.htm,https://www.sec.gov/Archives/edgar/data/1020214/000095017025024125/cers-20250220.htm,2025-02-20,2025-02-20 16:01:48,https://www.sec.gov/Archives/edgar/data/1020214/0000950170-25-024125-index.html,Item 2.02; Item 9.01,Item 2.02; Item 9.01,True,True,cers-ex99_1.htm,,True,ATM,Tier-1,https://www.sec.gov/Archives/edgar/data/1020214/000095017025024125/cers-20250220.htm,,True,Tier-1,Financing,,True,offering,
0001020214,CERUS CORP,CERS,8-K,2025-01-13,2025-01-13,2025-01-13,0000950170-25-004588,https://www.sec.gov/Archives/edgar/data/1020214/000095017025004588/cers-20250113.htm,https://www.sec.gov/Archives/edgar/data/1020214/000095017025004588/cers-20250113.htm,2025-01-13,2025-01-13 08:32:30,https://www.sec.gov/Archives/edgar/data/1020214/0000950170-25-004588-index.html,Item 2.02; Item 9.01,Item 2.02; Item 9.01,True,True,cers-ex99_1.htm,,True,ATM,Tier-1,https://www.sec.gov/Archives/edgar/data/1020214/000095017025004588/cers-20250113.htm,,True,Tier-1,Financing,,True,offering,
0001020214,CERUS CORP,CERS,8-K,2024-10-30,2024-10-30,2024-10-30,0000950170-24-118948,https://www.sec.gov/Archives/edgar/data/1020214/000095017024118948/cers-20241030.htm,https://www.sec.gov/Archives/edgar/data/1020214/000095017024118948/cers-20241030.htm,2024-10-30,2024-10-30 16:01:06,https://www.sec.gov/Archives/edgar/data/1020214/0000950170-24-118948-index.html,Item 2.02; Item 9.01,Item 2.02; Item 9.01,True,True,cers-ex99_1.htm,,True,ATM,Tier-1,https://www.sec.gov/Archives/edgar/data/1020214/000095017024118948/cers-20241030.htm,,True,Tier-1,Financing,,True,offering,
0001879103,"CFSB Bancorp, Inc. /MA/",CFSB,8-K,2025-05-21,2025-05-20,2025-05-20,0001193125-25-123609,https://www.sec.gov/Archives/edgar/data/1879103/000119312525123609/d944161d8k.htm,https://www.sec.gov/Archives/edgar/data/1879103/000119312525123609/d944161d8k.htm,2025-05-20,2025-05-21 06:30:16,https://www.sec.gov/Archives/edgar/data/1879103/0001193125-25-123609-index.html,Item 1.01; Item 8.01; Item 9.01,Item 1.01; Item 8.01; Item 9.01,True,True,d944161dex991.htm; d944161dex992.htm,d944161dex21.htm,True,ATM,Tier-1,https://www.sec.gov/Archives/edgar/data/1879103/000119312525123609/d944161d8k.htm,,True,Tier-1,Financing,,True,warrant,
0001879103,"CFSB Bancorp, Inc. /MA/",CFSB,8-K,2024-11-22,2024-11-21,2024-11-21,0000950170-24-130244,https://www.sec.gov/Archives/edgar/data/1879103/000095017024130244/cfsb-20241121.htm,https://www.sec.gov/Archives/edgar/data/1879103/000095017024130244/cfsb-20241121.htm,2024-11-21,2024-11-22 16:30:13,https://www.sec.gov/Archives/edgar/data/1879103/0000950170-24-130244-index.html,Item 5.07; Item 7.01; Item 9.01,Item 5.07; Item 7.01; Item 9.01,True,True,cfsb-ex99_1.htm,,True,ATM,Tier-1,https://www.sec.gov/Archives/edgar/data/1879103/000095017024130244/cfsb-20241121.htm,,True,Tier-1,Financing,,True,offering,
0001737927,Canopy Growth Corp,CGC,8-K,2025-11-07,2025-11-07,2025-11-07,0001193125-25-270995,https://www.sec.gov/Archives/edgar/data/1737927/000119312525270995/cgc-20251107.htm,https://www.sec.gov/Archives/edgar/data/1737927/000119312525270995/cgc-20251107.htm,2025-11-07,2025-11-07 07:05:21,https://www.sec.gov/Archives/edgar/data/1737927/0001193125-25-270995-index.html,Item 2.02; Item 9.01,Item 2.02; Item 9.01,True,True,cgc-ex99_1.htm,,True,ATM,Tier-1,https://www.sec.gov/Archives/edgar/data/1737927/000119312525270995/cgc-20251107.htm,,True,Tier-1,Financing,,True,purchase_agreement;convertible;warrant;offering,
0001737927,Canopy Growth Corp,CGC,8-K,2025-09-17,2025-09-17,2025-09-17,0001104659-25-090861,https://www.sec.gov/Archives/edgar/data/1737927/000110465925090861/tm2526282d1_8k.htm,https://www.sec.gov/Archives/edgar/data/1737927/000110465925090861/tm2526282d1_8k.htm,2025-09-17,2025-09-17 16:35:59,https://www.sec.gov/Archives/edgar/data/1737927/0001104659-25-090861-index.html,Item 5.02; Item 7.01; Item 9.01,Item 5.02; Item 7.01; Item 9.01,True,True,tm2526282d1_ex99-1.htm,tm2526282d1_ex10-1.htm,True,ATM,Tier-1,https://www.sec.gov/Archives/edgar/data/1737927/000110465925090861/tm2526282d1_8k.htm,,True,Tier-1,Financing,,True,atm,
0001879103,"CFSB Bancorp, Inc. /MA/",CFSB,8-K,2024-10-29,2024-10-29,2024-10-29,0000950170-24-118274,https://www.sec.gov/Archives/edgar/data/1879103/000095017024118274/cfsb-20241029.htm,https://www.sec.gov/Archives/edgar/data/1879103/000095017024118274/cfsb-20241029.htm,2024-10-29,2024-10-29 16:30:08,https://www.sec.gov/Archives/edgar/data/1879103/0000950170-24-118274-index.html,Item 2.02; Item 9.01,Item 2.02; Item 9.01,True,True,cfsb-ex99_1.htm,,True,ATM,Tier-1,https://www.sec.gov/Archives/edgar/data/1879103/000095017024118274/cfsb-20241029.htm,,True,Tier-1,Financing,,True,equity_line;offering,
0001879103,"CFSB Bancorp, Inc. /MA/",CFSB,8-K,2025-04-29,2025-04-29,2025-04-29,0000950170-25-060206,https://www.sec.gov/Archives/edgar/data/1879103/000095017025060206/cfsb-20250429.htm,https://www.sec.gov/Archives/edgar/data/1879103/000095017025060206/cfsb-20250429.htm,2025-04-29,2025-04-29 16:30:14,https://www.sec.gov/Archives/edgar/data/1879103/0000950170-25-060206-index.html,Item 2.02; Item 9.01,Item 2.02; Item 9.01,True,True,cfsb-ex99_1.htm,,True,ATM,Tier-1,https://www.sec.gov/Archives/edgar/data/1879103/000095017025060206/cfsb-20250429.htm,,True,Tier-1,Financing,,True,equity_line;offering,
0001879103,"CFSB Bancorp, Inc. /MA/",CFSB,8-K,2025-01-29,2025-01-29,2025-01-29,0000950170-25-010534,https://www.sec.gov/Archives/edgar/data/1879103/000095017025010534/cfsb-20250129.htm,https://www.sec.gov/Archives/edgar/data/1879103/000095017025010534/cfsb-20250129.htm,2025-01-29,2025-01-29 16:30:08,https://www.sec.gov/Archives/edgar/data/1879103/0000950170-25-010534-index.html,Item 2.02; Item 9.01,Item 2.02; Item 9.01,True,True,cfsb-ex99_1.htm,,True,ATM,Tier-1,https://www.sec.gov/Archives/edgar/data/1879103/000095017025010534/cfsb-20250129.htm,,True,Tier-1,Financing,,True,equity_line;offering,
0001737927,Canopy Growth Corp,CGC,8-K,2025-08-29,2025-08-29,2025-08-29,0001104659-25-085779,https://www.sec.gov/Archives/edgar/data/1737927/000110465925085779/tm2524672d1_8k.htm,https://www.sec.gov/Archives/edgar/data/1737927/000110465925085779/tm2524672d1_8k.htm,2025-08-29,2025-08-29 17:03:52,https://www.sec.gov/Archives/edgar/data/1737927/0001104659-25-085779-index.html,Item 7.01; Item 8.01; Item 9.01,Item 7.01; Item 8.01; Item 9.01,True,True,tm2524672d1_ex99-1.htm,tm2524672d1_ex1-1.htm,True,ATM,Tier-1,https://www.sec.gov/Archives/edgar/data/1737927/000110465925085779/tm2524672d1_8k.htm,,True,Tier-1,Financing,,True,atm;warrant;offering,
0001737927,Canopy Growth Corp,CGC,8-K,2025-07-29,2025-07-29,2025-07-29,0001104659-25-071781,https://www.sec.gov/Archives/edgar/data/1737927/000110465925071781/tm2521930d1_8k.htm,https://www.sec.gov/Archives/edgar/data/1737927/000110465925071781/tm2521930d1_8k.htm,2025-07-29,2025-07-29 17:03:00,https://www.sec.gov/Archives/edgar/data/1737927/0001104659-25-071781-index.html,Item 1.01; Item 7.01; Item 9.01,Item 1.01; Item 7.01; Item 9.01,True,True,tm2521930d1_ex99-1.htm,tm2521930d1_ex10-1.htm,True,ListingChange,Tier-1,https://www.sec.gov/Archives/edgar/data/1737927/000110465925071781/tm2521930d1_8k.htm,,True,Tier-2,,,False,,
0001737927,Canopy Growth Corp,CGC,8-K,2025-07-09,2025-07-09,2025-07-09,0001104659-25-066600,https://www.sec.gov/Archives/edgar/data/1737927/000110465925066600/tm2520113d1_8k.htm,https://www.sec.gov/Archives/edgar/data/1737927/000110465925066600/tm2520113d1_8k.htm,2025-07-09,2025-07-09 09:03:16,https://www.sec.gov/Archives/edgar/data/1737927/0001104659-25-066600-index.html,Item 5.02; Item 7.01; Item 9.01,Item 5.02; Item 7.01; Item 9.01,True,True,tm2520113d1_ex99-1.htm,tm2520113d1_ex10-1.htm,True,ListingChange,Tier-1,https://www.sec.gov/Archives/edgar/data/1737927/000110465925066600/tm2520113d1_8k.htm,,True,Tier-2,,,False,,
0001737927,Canopy Growth Corp,CGC,8-K,2025-04-01,2025-04-01,2025-04-01,0001104659-25-030245,https://www.sec.gov/Archives/edgar/data/1737927/000110465925030245/tm257897d4_8k.htm,https://www.sec.gov/Archives/edgar/data/1737927/000110465925030245/tm257897d4_8k.htm,2025-04-01,2025-04-01 07:54:00,https://www.sec.gov/Archives/edgar/data/1737927/0001104659-25-030245-index.html,Item 8.01; Item 9.01,Item 8.01; Item 9.01,True,True,tm257897d4_ex99-1.htm,,True,ListingChange,Tier-1,https://www.sec.gov/Archives/edgar/data/1737927/000110465925030245/tm257897d4_8k.htm,,True,Tier-2,,,False,,
0001455365,COGNITION THERAPEUTICS INC,CGTX,8-K,2025-11-06,2025-11-06,2025-11-06,0001104659-25-107390,https://www.sec.gov/Archives/edgar/data/1455365/000110465925107390/tm2530237d1_8k.htm,https://www.sec.gov/Archives/edgar/data/1455365/000110465925107390/tm2530237d1_8k.htm,2025-11-06,2025-11-06 07:34:11,https://www.sec.gov/Archives/edgar/data/1455365/0001104659-25-107390-index.html,Item 2.02; Item 9.01,Item 2.02; Item 9.01,True,True,tm2530237d1_ex99-1.htm,,True,ATM,Tier-1,https://www.sec.gov/Archives/edgar/data/1455365/000110465925107390/tm2530237d1_8k.htm,,True,Tier-1,Financing,,True,registered_direct;offering,
0001455365,COGNITION THERAPEUTICS INC,CGTX,8-K,2025-09-15,2025-09-15,2025-09-15,0001104659-25-089737,https://www.sec.gov/Archives/edgar/data/1455365/000110465925089737/tm2525997d1_8k.htm,https://www.sec.gov/Archives/edgar/data/1455365/000110465925089737/tm2525997d1_8k.htm,2025-09-15,2025-09-15 07:00:54,https://www.sec.gov/Archives/edgar/data/1455365/0001104659-25-089737-index.html,Item 8.01; Item 9.01,Item 8.01; Item 9.01,True,True,tm2525997d1_ex99-1.htm,,True,ATM,Tier-1,https://www.sec.gov/Archives/edgar/data/1455365/000110465925089737/tm2525997d1_8k.htm,,True,Tier-2,,,False,,
0001455365,COGNITION THERAPEUTICS INC,CGTX,8-K,2025-08-28,2025-08-27,2025-08-27,0001104659-25-084845,https://www.sec.gov/Archives/edgar/data/1455365/000110465925084845/tm2524576d2_8k.htm,https://www.sec.gov/Archives/edgar/data/1455365/000110465925084845/tm2524576d2_8k.htm,2025-08-27,2025-08-28 17:10:29,https://www.sec.gov/Archives/edgar/data/1455365/0001104659-25-084845-index.html,Item 1.01; Item 9.01,Item 1.01; Item 9.01,False,True,,tm2524576d2_ex1-1.htm; tm2524576d2_ex10-1.htm,True,ATM,Tier-1,https://www.sec.gov/Archives/edgar/data/1455365/000110465925084845/tm2524576d2_8k.htm,,True,Tier-1,Financing,,True,spa;purchase_agreement;warrant;offering,
0001737927,Canopy Growth Corp,CGC,8-K,2025-08-08,2025-08-06,2025-08-06,0001193125-25-176020,https://www.sec.gov/Archives/edgar/data/1737927/000119312525176020/cgc-20250806.htm,https://www.sec.gov/Archives/edgar/data/1737927/000119312525176020/cgc-20250806.htm,2025-08-06,2025-08-08 07:06:37,https://www.sec.gov/Archives/edgar/data/1737927/0001193125-25-176020-index.html,Item 2.02; Item 5.02; Item 9.01,Item 2.02; Item 5.02; Item 9.01,True,True,cgc-ex99_1.htm,,True,ATM,Tier-1,https://www.sec.gov/Archives/edgar/data/1737927/000119312525176020/cgc-20250806.htm,,True,Tier-1,Financing,,True,purchase_agreement;convertible;warrant;offering,
0001455365,COGNITION THERAPEUTICS INC,CGTX,8-K,2025-06-03,2025-06-03,2025-06-03,0001104659-25-055717,https://www.sec.gov/Archives/edgar/data/1455365/000110465925055717/tm2516905d1_8k.htm,https://www.sec.gov/Archives/edgar/data/1455365/000110465925055717/tm2516905d1_8k.htm,2025-06-03,2025-06-03 07:39:52,https://www.sec.gov/Archives/edgar/data/1455365/0001104659-25-055717-index.html,Item 8.01; Item 9.01,Item 8.01; Item 9.01,True,True,tm2516905d1_ex99-1.htm,,True,ATM,Tier-1,https://www.sec.gov/Archives/edgar/data/1455365/000110465925055717/tm2516905d1_8k.htm,,True,Tier-2,,,False,,
0001455365,COGNITION THERAPEUTICS INC,CGTX,8-K,2025-08-07,2025-08-07,2025-08-07,0001104659-25-075268,https://www.sec.gov/Archives/edgar/data/1455365/000110465925075268/tm2522152d2_8k.htm,https://www.sec.gov/Archives/edgar/data/1455365/000110465925075268/tm2522152d2_8k.htm,2025-08-07,2025-08-07 17:16:41,https://www.sec.gov/Archives/edgar/data/1455365/0001104659-25-075268-index.html,Item 2.02; Item 9.01,Item 2.02; Item 9.01,True,True,tm2522152d2_ex99-1.htm,,True,ATM,Tier-1,https://www.sec.gov/Archives/edgar/data/1455365/000110465925075268/tm2522152d2_8k.htm,,True,Tier-2,,,False,,
0001455365,COGNITION THERAPEUTICS INC,CGTX,8-K,2025-05-08,2025-05-08,2025-05-08,0001104659-25-045886,https://www.sec.gov/Archives/edgar/data/1455365/000110465925045886/tm2514313d1_8k.htm,https://www.sec.gov/Archives/edgar/data/1455365/000110465925045886/tm2514313d1_8k.htm,2025-05-08,2025-05-08 07:35:46,https://www.sec.gov/Archives/edgar/data/1455365/0001104659-25-045886-index.html,Item 8.01; Item 9.01,Item 8.01; Item 9.01,True,True,tm2514313d1_ex99-1.htm,,True,ATM,Tier-1,https://www.sec.gov/Archives/edgar/data/1455365/000110465925045886/tm2514313d1_8k.htm,,True,Tier-2,,,False,,
0001455365,COGNITION THERAPEUTICS INC,CGTX,8-K,2025-06-02,2025-06-02,2025-06-02,0001104659-25-055089,https://www.sec.gov/Archives/edgar/data/1455365/000110465925055089/tm2516681d1_8k.htm,https://www.sec.gov/Archives/edgar/data/1455365/000110465925055089/tm2516681d1_8k.htm,2025-06-02,2025-06-02 06:01:27,https://www.sec.gov/Archives/edgar/data/1455365/0001104659-25-055089-index.html,Item 8.01; Item 9.01,Item 8.01; Item 9.01,True,True,tm2516681d1_ex99-1.htm,,True,ATM,Tier-1,https://www.sec.gov/Archives/edgar/data/1455365/000110465925055089/tm2516681d1_8k.htm,,True,Tier-2,,,False,,
0001455365,COGNITION THERAPEUTICS INC,CGTX,8-K,2025-05-07,2025-05-07,2025-05-07,0001104659-25-045324,https://www.sec.gov/Archives/edgar/data/1455365/000110465925045324/tm2514197d1_8k.htm,https://www.sec.gov/Archives/edgar/data/1455365/000110465925045324/tm2514197d1_8k.htm,2025-05-07,2025-05-07 07:36:04,https://www.sec.gov/Archives/edgar/data/1455365/0001104659-25-045324-index.html,Item 2.02; Item 9.01,Item 2.02; Item 9.01,True,True,tm2514197d1_ex99-1.htm,,True,ATM,Tier-1,https://www.sec.gov/Archives/edgar/data/1455365/000110465925045324/tm2514197d1_8k.htm,,True,Tier-2,,,False,,
0002024459,Charlton Aria Acquisition Corp,CHAR,8-K,2025-05-19,2025-05-13,2025-05-13,0001213900-25-045388,https://www.sec.gov/Archives/edgar/data/2024459/000121390025045388/ea0242765-8k_charlton.htm,https://www.sec.gov/Archives/edgar/data/2024459/000121390025045388/ea0242765-8k_charlton.htm,2025-05-13,2025-05-19 16:01:28,https://www.sec.gov/Archives/edgar/data/2024459/0001213900-25-045388-index.html,Item 5.01; Item 8.01; Item 9.01,Item 5.01; Item 8.01; Item 9.01,False,True,,,True,Financing,Tier-1,https://www.sec.gov/Archives/edgar/data/2024459/000121390025045388/ea0242765-8k_charlton.htm,,True,Tier-1,Financing,,True,purchase_agreement,
0001737927,Canopy Growth Corp,CGC,8-K,2025-05-30,2025-05-30,2025-05-30,0000950170-25-079321,https://www.sec.gov/Archives/edgar/data/1737927/000095017025079321/cgc-20250530.htm,https://www.sec.gov/Archives/edgar/data/1737927/000095017025079321/cgc-20250530.htm,2025-05-30,2025-05-30 07:19:59,https://www.sec.gov/Archives/edgar/data/1737927/0000950170-25-079321-index.html,Item 2.02; Item 9.01,Item 2.02; Item 9.01,True,True,cgc-ex99_1.htm,,True,ATM,Tier-1,https://www.sec.gov/Archives/edgar/data/1737927/000095017025079321/cgc-20250530.htm,,True,Tier-1,Financing,,True,purchase_agreement;convertible;warrant;offering,
0002024459,Charlton Aria Acquisition Corp,CHAR,8-K,2024-11-22,2024-11-19,2024-11-19,0001213900-24-101135,https://www.sec.gov/Archives/edgar/data/2024459/000121390024101135/ea0221992-8k_charlton.htm,https://www.sec.gov/Archives/edgar/data/2024459/000121390024101135/ea0221992-8k_charlton.htm,2024-11-19,2024-11-21 19:30:28,https://www.sec.gov/Archives/edgar/data/2024459/0001213900-24-101135-index.html,Item 3.02; Item 8.01; Item 9.01,Item 3.02; Item 8.01; Item 9.01,True,True,ea022199201ex99-1_charlton.htm; ea022199201ex99-2_charlton.htm,,False,ATM,Tier-1,https://www.sec.gov/Archives/edgar/data/2024459/000121390024101135/ea0221992-8k_charlton.htm,,True,Tier-1,Financing,,True,offering,
0002024459,Charlton Aria Acquisition Corp,CHAR,8-K,2024-11-26,2024-11-25,2024-11-25,0001213900-24-102395,https://www.sec.gov/Archives/edgar/data/2024459/000121390024102395/ea0222592-8k_charlton.htm,https://www.sec.gov/Archives/edgar/data/2024459/000121390024102395/ea0222592-8k_charlton.htm,2024-11-25,2024-11-26 06:09:56,https://www.sec.gov/Archives/edgar/data/2024459/0001213900-24-102395-index.html,Item 8.01; Item 9.01,Item 8.01; Item 9.01,True,True,ea022259201ex99-1_charlton.htm,,True,ATM,Tier-1,https://www.sec.gov/Archives/edgar/data/2024459/000121390024102395/ea0222592-8k_charlton.htm,,True,Tier-1,Financing,,True,offering,
0002024459,Charlton Aria Acquisition Corp,CHAR,8-K,2024-10-31,2024-10-25,2024-10-25,0001213900-24-092875,https://www.sec.gov/Archives/edgar/data/2024459/000121390024092875/ea0219147-8k_charlton.htm,https://www.sec.gov/Archives/edgar/data/2024459/000121390024092875/ea0219147-8k_charlton.htm,2024-10-25,2024-10-31 16:05:14,https://www.sec.gov/Archives/edgar/data/2024459/0001213900-24-092875-index.html,Item 8.01; Item 9.01,Item 8.01; Item 9.01,True,True,ea021914701ex99-1_charlton.htm,,False,ATM,Tier-1,https://www.sec.gov/Archives/edgar/data/2024459/000121390024092875/ea0219147-8k_charlton.htm,,True,Tier-1,Financing,,True,underwriting_agreement;offering,
0002024459,Charlton Aria Acquisition Corp,CHAR,8-K,2024-10-28,2024-10-24,2024-10-24,0001213900-24-091174,https://www.sec.gov/Archives/edgar/data/2024459/000121390024091174/ea0218714-8k_charlton.htm,https://www.sec.gov/Archives/edgar/data/2024459/000121390024091174/ea0218714-8k_charlton.htm,2024-10-24,2024-10-28 16:00:30,https://www.sec.gov/Archives/edgar/data/2024459/0001213900-24-091174-index.html,Item 1.01; Item 3.02; Item 5.02; Item 5.03; Item 8.01; Item 9.01,Item 1.01; Item 3.02; Item 5.02; Item 5.03; Item 8.01; Item 9.01,True,True,ea021871401ex99-1_charlton.htm; ea021871401ex99-2_charlton.htm,ea021871401ex1-1_charlton.htm; ea021871401ex10-1_charlton.htm; ea021871401ex10-2_charlton.htm; ea021871401ex10-3_charlton.htm; ea021871401ex10-4_charlton.htm; ea021871401ex10-5_charlton.htm; ea021871401ex10-6_charlton.htm,False,ATM,Tier-1,https://www.sec.gov/Archives/edgar/data/2024459/000121390024091174/ea0218714-8k_charlton.htm,,True,Tier-1,Financing,,True,underwriting_agreement;subscription_agreement;offering,
0001571776,Cherry Hill Mortgage Investment Corp,CHMI,8-K,2025-11-06,2025-11-06,2025-11-06,0001140361-25-040789,https://www.sec.gov/Archives/edgar/data/1571776/000114036125040789/ef20058393_8k.htm,https://www.sec.gov/Archives/edgar/data/1571776/000114036125040789/ef20058393_8k.htm,2025-11-06,2025-11-06 16:25:03,https://www.sec.gov/Archives/edgar/data/1571776/0001140361-25-040789-index.html,Item 2.02; Item 9.01,Item 2.02; Item 9.01,True,True,ef20058393_ex99-1.htm,,True,ListingChange,Tier-1,https://www.sec.gov/Archives/edgar/data/1571776/000114036125040789/ef20058393_8k.htm,,True,Tier-2,,,False,,
0001571776,Cherry Hill Mortgage Investment Corp,CHMI,8-K,2025-08-07,2025-08-07,2025-08-07,0001140361-25-029605,https://www.sec.gov/Archives/edgar/data/1571776/000114036125029605/ef20053350_8k.htm,https://www.sec.gov/Archives/edgar/data/1571776/000114036125029605/ef20053350_8k.htm,2025-08-07,2025-08-07 16:28:41,https://www.sec.gov/Archives/edgar/data/1571776/0001140361-25-029605-index.html,Item 2.02; Item 9.01,Item 2.02; Item 9.01,True,True,ef20053350_ex99-1.htm,,True,ATM,Tier-1,https://www.sec.gov/Archives/edgar/data/1571776/000114036125029605/ef20053350_8k.htm,,True,Tier-1,Financing,,True,atm,
0001571776,Cherry Hill Mortgage Investment Corp,CHMI,8-K,2025-05-27,2025-05-21,2025-05-21,0001140361-25-020506,https://www.sec.gov/Archives/edgar/data/1571776/000114036125020506/ef20049717_8k.htm,https://www.sec.gov/Archives/edgar/data/1571776/000114036125020506/ef20049717_8k.htm,2025-05-21,2025-05-27 17:00:24,https://www.sec.gov/Archives/edgar/data/1571776/0001140361-25-020506-index.html,Item 5.02; Item 9.01,Item 5.02; Item 9.01,True,True,ef20049717_ex99-1.htm,ef20049717_ex10-1.htm,True,ListingChange,Tier-1,https://www.sec.gov/Archives/edgar/data/1571776/000114036125020506/ef20049717_8k.htm,,True,Tier-2,,,False,,
0001571776,Cherry Hill Mortgage Investment Corp,CHMI,8-K,2025-05-06,2025-05-06,2025-05-06,0001140361-25-017538,https://www.sec.gov/Archives/edgar/data/1571776/000114036125017538/ef20048504_8k.htm,https://www.sec.gov/Archives/edgar/data/1571776/000114036125017538/ef20048504_8k.htm,2025-05-06,2025-05-06 16:17:06,https://www.sec.gov/Archives/edgar/data/1571776/0001140361-25-017538-index.html,Item 2.02; Item 9.01,Item 2.02; Item 9.01,True,True,ef20048504_ex99-1.htm,,True,ListingChange,Tier-1,https://www.sec.gov/Archives/edgar/data/1571776/000114036125017538/ef20048504_8k.htm,,True,Tier-2,,,False,,
0002024460,ChampionsGate Acquisition Corp,CHPG,8-K,2025-10-20,2025-10-17,2025-10-17,0001213900-25-100238,https://www.sec.gov/Archives/edgar/data/2024460/000121390025100238/ea0261759-8k_champions.htm,https://www.sec.gov/Archives/edgar/data/2024460/000121390025100238/ea0261759-8k_champions.htm,2025-10-17,2025-10-20 11:27:59,https://www.sec.gov/Archives/edgar/data/2024460/0001213900-25-100238-index.html,Item 1.01; Item 7.01; Item 9.01,Item 1.01; Item 7.01; Item 9.01,True,True,ea026175901ex99-1_champions.htm,ea026175901ex10-1_champions.htm; ea026175901ex10-2_champions.htm,True,ATM,Tier-1,https://www.sec.gov/Archives/edgar/data/2024460/000121390025100238/ea0261759-8k_champions.htm,,True,Tier-1,Financing,,True,offering,
0001571776,Cherry Hill Mortgage Investment Corp,CHMI,8-K,2024-11-20,2024-11-14,2024-11-14,0001140361-24-047384,https://www.sec.gov/Archives/edgar/data/1571776/000114036124047384/ef20038920_8k.htm,https://www.sec.gov/Archives/edgar/data/1571776/000114036124047384/ef20038920_8k.htm,2024-11-14,2024-11-20 16:05:19,https://www.sec.gov/Archives/edgar/data/1571776/0001140361-24-047384-index.html,Item 1.02; Item 5.02; Item 9.01,Item 1.02; Item 5.02; Item 9.01,True,True,ef20038920_ex99-1.htm,ef20038920_ex10-1.htm; ef20038920_ex10-2.htm; ef20038920_ex10-3.htm,True,ListingChange,Tier-1,https://www.sec.gov/Archives/edgar/data/1571776/000114036124047384/ef20038920_8k.htm,,True,Tier-2,,,False,,
0001571776,Cherry Hill Mortgage Investment Corp,CHMI,8-K,2025-03-06,2025-03-06,2025-03-06,0001140361-25-007455,https://www.sec.gov/Archives/edgar/data/1571776/000114036125007455/ef20044995_8k.htm,https://www.sec.gov/Archives/edgar/data/1571776/000114036125007455/ef20044995_8k.htm,2025-03-06,2025-03-06 17:21:13,https://www.sec.gov/Archives/edgar/data/1571776/0001140361-25-007455-index.html,Item 2.02; Item 9.01,Item 2.02; Item 9.01,True,True,ef20044995_ex99-1.htm,,True,ListingChange,Tier-1,https://www.sec.gov/Archives/edgar/data/1571776/000114036125007455/ef20044995_8k.htm,,True,Tier-2,,,False,,
0002024460,ChampionsGate Acquisition Corp,CHPG,8-K,2025-06-05,2025-05-29,2025-05-29,0001213900-25-051329,https://www.sec.gov/Archives/edgar/data/2024460/000121390025051329/ea0244455-8k_champions.htm,https://www.sec.gov/Archives/edgar/data/2024460/000121390025051329/ea0244455-8k_champions.htm,2025-05-29,2025-06-05 06:17:45,https://www.sec.gov/Archives/edgar/data/2024460/0001213900-25-051329-index.html,Item 8.01; Item 9.01,Item 8.01; Item 9.01,True,True,ea024445501ex99-1_champions.htm,,False,ATM,Tier-1,https://www.sec.gov/Archives/edgar/data/2024460/000121390025051329/ea0244455-8k_champions.htm,,True,Tier-1,Financing,,True,underwriting_agreement;offering,
0002024460,ChampionsGate Acquisition Corp,CHPG,8-K,2025-06-17,2025-06-16,2025-06-16,0001213900-25-055176,https://www.sec.gov/Archives/edgar/data/2024460/000121390025055176/ea0245970-8k_champions.htm,https://www.sec.gov/Archives/edgar/data/2024460/000121390025055176/ea0245970-8k_champions.htm,2025-06-16,2025-06-17 16:00:24,https://www.sec.gov/Archives/edgar/data/2024460/0001213900-25-055176-index.html,Item 8.01; Item 9.01,Item 8.01; Item 9.01,True,True,ea024597001ex99-1_champions.htm,,True,ATM,Tier-1,https://www.sec.gov/Archives/edgar/data/2024460/000121390025055176/ea0245970-8k_champions.htm,,True,Tier-1,Financing,,True,offering,
0002024460,ChampionsGate Acquisition Corp,CHPG,8-K,2025-05-30,2025-05-27,2025-05-27,0001213900-25-049088,https://www.sec.gov/Archives/edgar/data/2024460/000121390025049088/ea0243901-8k_champions.htm,https://www.sec.gov/Archives/edgar/data/2024460/000121390025049088/ea0243901-8k_champions.htm,2025-05-27,2025-05-30 06:08:02,https://www.sec.gov/Archives/edgar/data/2024460/0001213900-25-049088-index.html,Item 1.01; Item 3.02; Item 5.02; Item 5.03; Item 8.01; Item 9.01,Item 1.01; Item 3.02; Item 5.02; Item 5.03; Item 8.01; Item 9.01,True,True,ea024390101ex99-1_champions.htm; ea024390101ex99-2_champions.htm,ea024390101ex1-1_champions.htm; ea024390101ex10-1_champions.htm; ea024390101ex10-2_champions.htm; ea024390101ex10-3_champions.htm; ea024390101ex10-4_champions.htm; ea024390101ex10-5_champions.htm; ea024390101ex10-6_champions.htm,False,ATM,Tier-1,https://www.sec.gov/Archives/edgar/data/2024460/000121390025049088/ea0243901-8k_champions.htm,,True,Tier-1,Financing,,True,purchase_agreement;underwriting_agreement;offering,
0001777393,"ChargePoint Holdings, Inc.",CHPT,8-K,2025-07-28,2025-07-25,2025-07-25,0001777393-25-000144,https://www.sec.gov/Archives/edgar/data/1777393/000177739325000144/chpt-20250725.htm,https://www.sec.gov/Archives/edgar/data/1777393/000177739325000144/chpt-20250725.htm,2025-07-25,2025-07-28 16:43:41,https://www.sec.gov/Archives/edgar/data/1777393/0001777393-25-000144-index.html,Item 5.03,Item 5.03,False,True,,,True,ATM,Tier-1,https://www.sec.gov/Archives/edgar/data/1777393/000177739325000144/chpt-20250725.htm,,True,Tier-1,Financing,,True,convertible;warrant,
0001777393,"ChargePoint Holdings, Inc.",CHPT,8-K,2025-11-18,2025-11-14,2025-11-14,0001777393-25-000173,https://www.sec.gov/Archives/edgar/data/1777393/000177739325000173/chpt-20251114.htm,https://www.sec.gov/Archives/edgar/data/1777393/000177739325000173/chpt-20251114.htm,2025-11-14,2025-11-18 16:07:54,https://www.sec.gov/Archives/edgar/data/1777393/0001777393-25-000173-index.html,Item 1.01; Item 1.02; Item 2.03; Item 3.02; Item 9.01,Item 1.01; Item 1.02; Item 2.03; Item 3.02; Item 9.01,False,True,,exchangeagreementex101.htm; creditandsecurityagreement.htm; registrationrightsagreemen.htm,True,ATM,Tier-1,https://www.sec.gov/Archives/edgar/data/1777393/000177739325000173/chpt-20251114.htm,,True,Tier-1,Financing,,True,convertible;warrant;offering,
0001777393,"ChargePoint Holdings, Inc.",CHPT,8-K,2025-07-09,2025-07-07,2025-07-07,0001777393-25-000119,https://www.sec.gov/Archives/edgar/data/1777393/000177739325000119/chpt-20250707.htm,https://www.sec.gov/Archives/edgar/data/1777393/000177739325000119/chpt-20250707.htm,2025-07-07,2025-07-09 16:16:07,https://www.sec.gov/Archives/edgar/data/1777393/0001777393-25-000119-index.html,Item 5.07,Item 5.07,False,True,,,True,ATM,Tier-1,https://www.sec.gov/Archives/edgar/data/1777393/000177739325000119/chpt-20250707.htm,,True,Tier-1,Financing,,True,convertible;warrant,
0001777393,"ChargePoint Holdings, Inc.",CHPT,8-K,2025-09-03,2025-09-03,2025-09-03,0001777393-25-000150,https://www.sec.gov/Archives/edgar/data/1777393/000177739325000150/chpt-20250903.htm,https://www.sec.gov/Archives/edgar/data/1777393/000177739325000150/chpt-20250903.htm,2025-09-03,2025-09-03 16:10:34,https://www.sec.gov/Archives/edgar/data/1777393/0001777393-25-000150-index.html,Item 2.02; Item 9.01,Item 2.02; Item 9.01,True,True,chpt8-kerfy2026q2exx991.htm,,True,GuidanceUp,Tier-1,https://www.sec.gov/Archives/edgar/data/1777393/000177739325000150/chpt-20250903.htm,,True,Tier-2,,,False,,
0001777393,"ChargePoint Holdings, Inc.",CHPT,8-K,2025-06-04,2025-06-04,2025-06-04,0001777393-25-000077,https://www.sec.gov/Archives/edgar/data/1777393/000177739325000077/chpt-20250604.htm,https://www.sec.gov/Archives/edgar/data/1777393/000177739325000077/chpt-20250604.htm,2025-06-04,2025-06-04 16:09:50,https://www.sec.gov/Archives/edgar/data/1777393/0001777393-25-000077-index.html,Item 2.02; Item 9.01,Item 2.02; Item 9.01,True,True,chpt8-kerfy2026q1exx991.htm,,True,GuidanceUp,Tier-1,https://www.sec.gov/Archives/edgar/data/1777393/000177739325000077/chpt-20250604.htm,,True,Tier-2,,,False,,
0001777393,"ChargePoint Holdings, Inc.",CHPT,8-K,2025-02-21,2025-02-19,2025-02-19,0001777393-25-000004,https://www.sec.gov/Archives/edgar/data/1777393/000177739325000004/chpt-20250219.htm,https://www.sec.gov/Archives/edgar/data/1777393/000177739325000004/chpt-20250219.htm,2025-02-19,2025-02-21 16:20:48,https://www.sec.gov/Archives/edgar/data/1777393/0001777393-25-000004-index.html,Item 3.01; Item 7.01,Item 3.01; Item 7.01,True,True,chptnysenotice02x19x25exx9.htm,,True,FDA,Tier-1,https://www.sec.gov/Archives/edgar/data/1777393/000177739325000004/chpt-20250219.htm,,True,Tier-2,,,False,,
0001777393,"ChargePoint Holdings, Inc.",CHPT,8-K,2025-03-04,2025-03-04,2025-03-04,0001777393-25-000009,https://www.sec.gov/Archives/edgar/data/1777393/000177739325000009/chpt-20250304.htm,https://www.sec.gov/Archives/edgar/data/1777393/000177739325000009/chpt-20250304.htm,2025-03-04,2025-03-04 16:06:29,https://www.sec.gov/Archives/edgar/data/1777393/0001777393-25-000009-index.html,Item 2.02; Item 9.01,Item 2.02; Item 9.01,True,True,chpt8-kerfy2025q4exx991.htm,,True,ATM,Tier-1,https://www.sec.gov/Archives/edgar/data/1777393/000177739325000009/chpt-20250304.htm,,True,Tier-1,Financing,,True,convertible;offering,
0000823277,CHS INC,CHSCN,8-K,2025-11-05,2025-11-05,2025-11-05,0000823277-25-000039,https://www.sec.gov/Archives/edgar/data/823277/000082327725000039/chscp-20251105.htm,https://www.sec.gov/Archives/edgar/data/823277/000082327725000039/chscp-20251105.htm,2025-11-05,2025-11-05 11:45:32,https://www.sec.gov/Archives/edgar/data/823277/0000823277-25-000039-index.html,Item 2.02; Item 9.01,Item 2.02; Item 9.01,True,True,a4qfy25earningrelease.htm,,True,ContractAward,Tier-1,https://www.sec.gov/Archives/edgar/data/823277/000082327725000039/chscp-20251105.htm,,True,Tier-2,,,False,,
0001777393,"ChargePoint Holdings, Inc.",CHPT,8-K,2024-12-04,2024-12-04,2024-12-04,0001777393-24-000173,https://www.sec.gov/Archives/edgar/data/1777393/000177739324000173/chpt-20241204.htm,https://www.sec.gov/Archives/edgar/data/1777393/000177739324000173/chpt-20241204.htm,2024-12-04,2024-12-04 16:11:20,https://www.sec.gov/Archives/edgar/data/1777393/0001777393-24-000173-index.html,Item 2.02; Item 9.01,Item 2.02; Item 9.01,True,True,chpt8-kerfy2025q3exx991.htm,,True,ATM,Tier-1,https://www.sec.gov/Archives/edgar/data/1777393/000177739324000173/chpt-20241204.htm,,True,Tier-1,Financing,,True,convertible;offering,
0000823277,CHS INC,CHSCN,8-K,2025-08-29,2025-08-27,2025-08-27,0000823277-25-000028,https://www.sec.gov/Archives/edgar/data/823277/000082327725000028/chscp-20250827.htm,https://www.sec.gov/Archives/edgar/data/823277/000082327725000028/chscp-20250827.htm,2025-08-27,2025-08-29 09:03:21,https://www.sec.gov/Archives/edgar/data/823277/0000823277-25-000028-index.html,Item 1.01; Item 2.03,Item 1.01; Item 2.03,False,True,,,True,Financing,Tier-1,https://www.sec.gov/Archives/edgar/data/823277/000082327725000028/chscp-20250827.htm,,True,Tier-1,Financing,,True,purchase_agreement,
0000823277,CHS INC,CHSCN,8-K,2025-07-09,2025-07-09,2025-07-09,0000823277-25-000024,https://www.sec.gov/Archives/edgar/data/823277/000082327725000024/chscp-20250709.htm,https://www.sec.gov/Archives/edgar/data/823277/000082327725000024/chscp-20250709.htm,2025-07-09,2025-07-09 12:00:34,https://www.sec.gov/Archives/edgar/data/823277/0000823277-25-000024-index.html,Item 2.02; Item 9.01,Item 2.02; Item 9.01,True,True,a3qfy25earningrelease.htm,,True,ContractAward,Tier-1,https://www.sec.gov/Archives/edgar/data/823277/000082327725000024/chscp-20250709.htm,,True,Tier-2,,,False,,
0000823277,CHS INC,CHSCN,8-K,2025-07-18,2025-07-18,2025-07-18,0000823277-25-000026,https://www.sec.gov/Archives/edgar/data/823277/000082327725000026/chscp-20250718.htm,https://www.sec.gov/Archives/edgar/data/823277/000082327725000026/chscp-20250718.htm,2025-07-18,2025-07-18 09:00:57,https://www.sec.gov/Archives/edgar/data/823277/0000823277-25-000026-index.html,Item 7.01; Item 9.01,Item 7.01; Item 9.01,True,True,ex9912025ownersforums.htm,,True,ContractAward,Tier-1,https://www.sec.gov/Archives/edgar/data/823277/000082327725000026/chscp-20250718.htm,,True,Tier-2,,,False,,
0000823277,CHS INC,CHSCN,8-K,2025-04-02,2025-04-02,2025-04-02,0000823277-25-000017,https://www.sec.gov/Archives/edgar/data/823277/000082327725000017/chscp-20250402.htm,https://www.sec.gov/Archives/edgar/data/823277/000082327725000017/chscp-20250402.htm,2025-04-02,2025-04-02 12:10:14,https://www.sec.gov/Archives/edgar/data/823277/0000823277-25-000017-index.html,Item 2.02; Item 9.01,Item 2.02; Item 9.01,True,True,a2qfy25earningrelease.htm,,True,ContractAward,Tier-1,https://www.sec.gov/Archives/edgar/data/823277/000082327725000017/chscp-20250402.htm,,True,Tier-2,,,False,,
0001593222,"City Office REIT, Inc.",CIO,8-K,2025-10-17,2025-10-16,2025-10-16,0001193125-25-241716,https://www.sec.gov/Archives/edgar/data/1593222/000119312525241716/d80098d8k.htm,https://www.sec.gov/Archives/edgar/data/1593222/000119312525241716/d80098d8k.htm,2025-10-16,2025-10-16 20:11:25,https://www.sec.gov/Archives/edgar/data/1593222/0001193125-25-241716-index.html,Item 5.07; Item 8.01; Item 9.01,Item 5.07; Item 8.01; Item 9.01,True,True,d80098dex991.htm,,True,FDA,Tier-1,https://www.sec.gov/Archives/edgar/data/1593222/000119312525241716/d80098d8k.htm,,True,Tier-2,,,False,,
0000823277,CHS INC,CHSCN,8-K,2025-01-08,2025-01-08,2025-01-08,0000823277-25-000007,https://www.sec.gov/Archives/edgar/data/823277/000082327725000007/chscp-20250108.htm,https://www.sec.gov/Archives/edgar/data/823277/000082327725000007/chscp-20250108.htm,2025-01-08,2025-01-08 11:15:22,https://www.sec.gov/Archives/edgar/data/823277/0000823277-25-000007-index.html,Item 2.02; Item 9.01,Item 2.02; Item 9.01,True,True,a1qfy25earningrelease.htm,,True,ContractAward,Tier-1,https://www.sec.gov/Archives/edgar/data/823277/000082327725000007/chscp-20250108.htm,,True,Tier-2,,,False,,
0001593222,"City Office REIT, Inc.",CIO,8-K,2025-07-24,2025-07-23,2025-07-23,0001193125-25-163765,https://www.sec.gov/Archives/edgar/data/1593222/000119312525163765/d923147d8k.htm,https://www.sec.gov/Archives/edgar/data/1593222/000119312525163765/d923147d8k.htm,2025-07-23,2025-07-24 06:09:06,https://www.sec.gov/Archives/edgar/data/1593222/0001193125-25-163765-index.html,Item 1.01; Item 8.01; Item 9.01,Item 1.01; Item 8.01; Item 9.01,True,True,d923147dex991.htm,d923147dex21.htm; d923147dex101.htm; d923147dex102.htm; d923147dex103.htm,True,ATM,Tier-1,https://www.sec.gov/Archives/edgar/data/1593222/000119312525163765/d923147d8k.htm,,True,Tier-1,Financing,,True,warrant,
0001593222,"City Office REIT, Inc.",CIO,8-K,2025-08-15,2025-08-15,2025-08-15,0001193125-25-181880,https://www.sec.gov/Archives/edgar/data/1593222/000119312525181880/d927791d8k.htm,https://www.sec.gov/Archives/edgar/data/1593222/000119312525181880/d927791d8k.htm,2025-08-15,2025-08-15 16:15:43,https://www.sec.gov/Archives/edgar/data/1593222/0001193125-25-181880-index.html,Item 1.01; Item 2.01; Item 2.03; Item 8.01; Item 9.01,Item 1.01; Item 2.01; Item 2.03; Item 8.01; Item 9.01,True,True,d927791dex991.htm; d927791dex992.htm,d927791dex101.htm,True,ATM,Tier-1,https://www.sec.gov/Archives/edgar/data/1593222/000119312525181880/d927791d8k.htm,,True,Tier-1,Financing,,True,warrant,
0001593222,"City Office REIT, Inc.",CIO,8-K,2025-07-31,2025-07-31,2025-07-31,0000950170-25-100535,https://www.sec.gov/Archives/edgar/data/1593222/000095017025100535/cio-20250731.htm,https://www.sec.gov/Archives/edgar/data/1593222/000095017025100535/cio-20250731.htm,2025-07-31,2025-07-31 06:10:09,https://www.sec.gov/Archives/edgar/data/1593222/0000950170-25-100535-index.html,Item 2.02; Item 9.01,Item 2.02; Item 9.01,True,True,cio-ex99_1.htm,,True,FDA,Tier-1,https://www.sec.gov/Archives/edgar/data/1593222/000095017025100535/cio-20250731.htm,,True,Tier-2,,,False,,
0001593222,"City Office REIT, Inc.",CIO,8-K,2025-05-02,2025-05-02,2025-05-02,0000950170-25-062247,https://www.sec.gov/Archives/edgar/data/1593222/000095017025062247/cio-20250502.htm,https://www.sec.gov/Archives/edgar/data/1593222/000095017025062247/cio-20250502.htm,2025-05-02,2025-05-02 06:10:08,https://www.sec.gov/Archives/edgar/data/1593222/0000950170-25-062247-index.html,Item 2.02; Item 9.01,Item 2.02; Item 9.01,True,True,cio-ex99_1.htm,,True,GuidanceUp,Tier-1,https://www.sec.gov/Archives/edgar/data/1593222/000095017025062247/cio-20250502.htm,,True,Tier-2,,,False,,
0001979332,"Central Plains Bancshares, Inc.",CPBI,8-K,2024-10-28,2024-10-22,2024-10-22,0000950170-24-117748,https://www.sec.gov/Archives/edgar/data/1979332/000095017024117748/cpbi-20241022.htm,https://www.sec.gov/Archives/edgar/data/1979332/000095017024117748/cpbi-20241022.htm,2024-10-22,2024-10-28 16:30:08,https://www.sec.gov/Archives/edgar/data/1979332/0000950170-24-117748-index.html,Item 8.01; Item 9.01,Item 8.01; Item 9.01,True,True,cpbi-ex99_1.htm,,True,ListingChange,Tier-1,https://www.sec.gov/Archives/edgar/data/1979332/000095017024117748/cpbi-20241022.htm,,True,Tier-2,,,False,,
0001593222,"City Office REIT, Inc.",CIO,8-K,2025-02-20,2025-02-20,2025-02-20,0000950170-25-023710,https://www.sec.gov/Archives/edgar/data/1593222/000095017025023710/cio-20250220.htm,https://www.sec.gov/Archives/edgar/data/1593222/000095017025023710/cio-20250220.htm,2025-02-20,2025-02-20 06:10:08,https://www.sec.gov/Archives/edgar/data/1593222/0000950170-25-023710-index.html,Item 2.02; Item 9.01,Item 2.02; Item 9.01,True,True,cio-ex99_1.htm,,True,GuidanceUp,Tier-1,https://www.sec.gov/Archives/edgar/data/1593222/000095017025023710/cio-20250220.htm,,True,Tier-2,,,False,,
0002070887,Crown Reserve Acquisition Corp. I,CRACU,8-K,2025-11-12,2025-09-26,2025-09-26,0001213900-25-108750,https://www.sec.gov/Archives/edgar/data/2070887/000121390025108750/ea0264850-8k_crown1.htm,https://www.sec.gov/Archives/edgar/data/2070887/000121390025108750/ea0264850-8k_crown1.htm,2025-09-26,2025-11-12 08:02:46,https://www.sec.gov/Archives/edgar/data/2070887/0001213900-25-108750-index.html,Item 1.01; Item 3.02; Item 5.03; Item 8.01; Item 9.01,Item 1.01; Item 3.02; Item 5.03; Item 8.01; Item 9.01,True,True,ea026485001ex99-1_crown1.htm; ea026485001ex99-2_crown1.htm,ea026485001ex1-1_crown1.htm; ea026485001ex10-1_crown1.htm; ea026485001ex10-2_crown1.htm; ea026485001ex10-3_crown1.htm; ea026485001ex10-4_crown1.htm; ea026485001ex10-5_crown1.htm; ea026485001ex10-6_crown1.htm,True,ATM,Tier-1,https://www.sec.gov/Archives/edgar/data/2070887/000121390025108750/ea0264850-8k_crown1.htm,,True,Tier-1,Financing,,True,purchase_agreement;underwriting_agreement;warrant;offering,
0001619856,"Caribou Biosciences, Inc.",CRBU,8-K,2025-11-12,2025-11-12,2025-11-12,0001619856-25-000070,https://www.sec.gov/Archives/edgar/data/1619856/000161985625000070/crbu-20251112.htm,https://www.sec.gov/Archives/edgar/data/1619856/000161985625000070/crbu-20251112.htm,2025-11-12,2025-11-12 16:08:10,https://www.sec.gov/Archives/edgar/data/1619856/0001619856-25-000070-index.html,Item 2.02; Item 9.01,Item 2.02; Item 9.01,True,True,crbu-20251112xexx991.htm,,True,ATM,Tier-1,https://www.sec.gov/Archives/edgar/data/1619856/000161985625000070/crbu-20251112.htm,,True,Tier-1,Financing,,True,offering,
0001619856,"Caribou Biosciences, Inc.",CRBU,8-K,2025-08-12,2025-08-12,2025-08-12,0001619856-25-000060,https://www.sec.gov/Archives/edgar/data/1619856/000161985625000060/crbu-20250812.htm,https://www.sec.gov/Archives/edgar/data/1619856/000161985625000060/crbu-20250812.htm,2025-08-12,2025-08-12 16:07:56,https://www.sec.gov/Archives/edgar/data/1619856/0001619856-25-000060-index.html,Item 2.02; Item 9.01,Item 2.02; Item 9.01,True,True,crbu-20250812xexx991.htm,,True,ATM,Tier-1,https://www.sec.gov/Archives/edgar/data/1619856/000161985625000060/crbu-20250812.htm,,True,Tier-2,,,False,,
0001619856,"Caribou Biosciences, Inc.",CRBU,8-K,2025-05-08,2025-05-08,2025-05-08,0001619856-25-000040,https://www.sec.gov/Archives/edgar/data/1619856/000161985625000040/crbu-20250508.htm,https://www.sec.gov/Archives/edgar/data/1619856/000161985625000040/crbu-20250508.htm,2025-05-08,2025-05-08 16:06:55,https://www.sec.gov/Archives/edgar/data/1619856/0001619856-25-000040-index.html,Item 2.02; Item 9.01,Item 2.02; Item 9.01,True,True,crbu-20250508xexx991.htm,,True,ATM,Tier-1,https://www.sec.gov/Archives/edgar/data/1619856/000161985625000040/crbu-20250508.htm,,True,Tier-2,,,False,,
0001619856,"Caribou Biosciences, Inc.",CRBU,8-K,2025-04-24,2025-04-24,2025-04-24,0001619856-25-000023,https://www.sec.gov/Archives/edgar/data/1619856/000161985625000023/crbu-20250424.htm,https://www.sec.gov/Archives/edgar/data/1619856/000161985625000023/crbu-20250424.htm,2025-04-24,2025-04-24 16:17:19,https://www.sec.gov/Archives/edgar/data/1619856/0001619856-25-000023-index.html,Item 2.02; Item 2.05; Item 8.01; Item 9.01,Item 2.02; Item 2.05; Item 8.01; Item 9.01,True,True,crbu-20250424xexx991.htm,,True,ATM,Tier-1,https://www.sec.gov/Archives/edgar/data/1619856/000161985625000023/crbu-20250424.htm,,True,Tier-2,,,False,,
0001619856,"Caribou Biosciences, Inc.",CRBU,8-K,2025-03-10,2025-03-10,2025-03-10,0001619856-25-000014,https://www.sec.gov/Archives/edgar/data/1619856/000161985625000014/crbu-20250310.htm,https://www.sec.gov/Archives/edgar/data/1619856/000161985625000014/crbu-20250310.htm,2025-03-10,2025-03-10 16:08:21,https://www.sec.gov/Archives/edgar/data/1619856/0001619856-25-000014-index.html,Item 2.02; Item 9.01,Item 2.02; Item 9.01,True,True,crbu-20250310xexx991.htm,,True,ATM,Tier-1,https://www.sec.gov/Archives/edgar/data/1619856/000161985625000014/crbu-20250310.htm,,True,Tier-2,,,False,,
0001619856,"Caribou Biosciences, Inc.",CRBU,8-K,2025-01-13,2025-01-12,2025-01-12,0001619856-25-000006,https://www.sec.gov/Archives/edgar/data/1619856/000161985625000006/crbu-20250112.htm,https://www.sec.gov/Archives/edgar/data/1619856/000161985625000006/crbu-20250112.htm,2025-01-12,2025-01-13 08:00:29,https://www.sec.gov/Archives/edgar/data/1619856/0001619856-25-000006-index.html,Item 7.01; Item 9.01,Item 7.01; Item 9.01,True,True,crbu-20250113xexx991.htm,,True,ATM,Tier-1,https://www.sec.gov/Archives/edgar/data/1619856/000161985625000006/crbu-20250112.htm,,True,Tier-2,,,False,,
0001619856,"Caribou Biosciences, Inc.",CRBU,8-K,2025-11-03,2025-11-03,2025-11-03,0001619856-25-000065,https://www.sec.gov/Archives/edgar/data/1619856/000161985625000065/crbu-20251103.htm,https://www.sec.gov/Archives/edgar/data/1619856/000161985625000065/crbu-20251103.htm,2025-11-03,2025-11-03 07:02:57,https://www.sec.gov/Archives/edgar/data/1619856/0001619856-25-000065-index.html,Item 2.02; Item 7.01; Item 8.01; Item 9.01,Item 2.02; Item 7.01; Item 8.01; Item 9.01,True,True,crbu-20251103xexx991.htm; crbu-20251103xexx992.htm; crbu-20251103xex993.htm,,True,ATM,Tier-1,https://www.sec.gov/Archives/edgar/data/1619856/000161985625000065/crbu-20251103.htm,,True,Tier-2,,,False,,
0001619856,"Caribou Biosciences, Inc.",CRBU,8-K,2025-01-02,2025-01-02,2025-01-02,0001619856-25-000002,https://www.sec.gov/Archives/edgar/data/1619856/000161985625000002/crbu-20250102.htm,https://www.sec.gov/Archives/edgar/data/1619856/000161985625000002/crbu-20250102.htm,2025-01-02,2025-01-02 08:03:14,https://www.sec.gov/Archives/edgar/data/1619856/0001619856-25-000002-index.html,Item 5.02; Item 7.01; Item 9.01,Item 5.02; Item 7.01; Item 9.01,True,True,crbu-20250102xexx991.htm,,True,ATM,Tier-1,https://www.sec.gov/Archives/edgar/data/1619856/000161985625000002/crbu-20250102.htm,,True,Tier-2,,,False,,
0001213037,"Cardiff Oncology, Inc.",CRDF,8-K,2025-11-06,2025-11-06,2025-11-06,0001193125-25-269492,https://www.sec.gov/Archives/edgar/data/1213037/000119312525269492/crdf-20251106.htm,https://www.sec.gov/Archives/edgar/data/1213037/000119312525269492/crdf-20251106.htm,2025-11-06,2025-11-06 16:08:38,https://www.sec.gov/Archives/edgar/data/1213037/0001193125-25-269492-index.html,Item 2.02; Item 9.01,Item 2.02; Item 9.01,True,True,crdf-ex99_1.htm,,True,ATM,Tier-1,https://www.sec.gov/Archives/edgar/data/1213037/000119312525269492/crdf-20251106.htm,,True,Tier-2,,,False,,
0001213037,"Cardiff Oncology, Inc.",CRDF,8-K,2025-06-17,2025-06-13,2025-06-13,0000950170-25-087369,https://www.sec.gov/Archives/edgar/data/1213037/000095017025087369/crdf-20250613.htm,https://www.sec.gov/Archives/edgar/data/1213037/000095017025087369/crdf-20250613.htm,2025-06-13,2025-06-17 16:15:28,https://www.sec.gov/Archives/edgar/data/1213037/0000950170-25-087369-index.html,Item 5.02; Item 8.01; Item 9.01,Item 5.02; Item 8.01; Item 9.01,True,True,crdf-ex99_1.htm,,True,ATM,Tier-1,https://www.sec.gov/Archives/edgar/data/1213037/000095017025087369/crdf-20250613.htm,,True,Tier-2,,,False,,
0001213037,"Cardiff Oncology, Inc.",CRDF,8-K,2025-07-29,2025-07-29,2025-07-29,0000950170-25-099631,https://www.sec.gov/Archives/edgar/data/1213037/000095017025099631/crdf-20250729.htm,https://www.sec.gov/Archives/edgar/data/1213037/000095017025099631/crdf-20250729.htm,2025-07-29,2025-07-29 16:10:34,https://www.sec.gov/Archives/edgar/data/1213037/0000950170-25-099631-index.html,Item 2.02; Item 7.01; Item 8.01; Item 9.01,Item 2.02; Item 7.01; Item 8.01; Item 9.01,True,True,crdf-ex99_1.htm; crdf-ex99_2.htm; crdf-ex99_2.pdf; crdf-ex99_3.htm,,True,ATM,Tier-1,https://www.sec.gov/Archives/edgar/data/1213037/000095017025099631/crdf-20250729.htm,,True,Tier-2,,,False,,
0001213037,"Cardiff Oncology, Inc.",CRDF,8-K,2025-05-08,2025-05-08,2025-05-08,0000950170-25-066947,https://www.sec.gov/Archives/edgar/data/1213037/000095017025066947/crdf-20250508.htm,https://www.sec.gov/Archives/edgar/data/1213037/000095017025066947/crdf-20250508.htm,2025-05-08,2025-05-08 16:10:08,https://www.sec.gov/Archives/edgar/data/1213037/0000950170-25-066947-index.html,Item 2.02; Item 9.01,Item 2.02; Item 9.01,True,True,crdf-ex99_1.htm,,True,ATM,Tier-1,https://www.sec.gov/Archives/edgar/data/1213037/000095017025066947/crdf-20250508.htm,,True,Tier-2,,,False,,
0001213037,"Cardiff Oncology, Inc.",CRDF,8-K,2024-12-10,2024-12-10,2024-12-10,0000950170-24-134970,https://www.sec.gov/Archives/edgar/data/1213037/000095017024134970/crdf-20241210.htm,https://www.sec.gov/Archives/edgar/data/1213037/000095017024134970/crdf-20241210.htm,2024-12-10,2024-12-10 16:10:05,https://www.sec.gov/Archives/edgar/data/1213037/0000950170-24-134970-index.html,Item 9.01,Item 9.01,True,True,crdf-ex99_1.htm,crdf-ex1_1.htm,True,ATM,Tier-1,https://www.sec.gov/Archives/edgar/data/1213037/000095017024134970/crdf-20241210.htm,,True,Tier-1,Financing,,True,registered_direct;underwriting_agreement;offering,
0001213037,"Cardiff Oncology, Inc.",CRDF,8-K,2024-12-10,2024-12-10,2024-12-10,0000950170-24-134749,https://www.sec.gov/Archives/edgar/data/1213037/000095017024134749/crdf-20241210.htm,https://www.sec.gov/Archives/edgar/data/1213037/000095017024134749/crdf-20241210.htm,2024-12-10,2024-12-10 06:02:28,https://www.sec.gov/Archives/edgar/data/1213037/0000950170-24-134749-index.html,Item 7.01; Item 8.01; Item 9.01,Item 7.01; Item 8.01; Item 9.01,True,True,crdf-ex99_1.htm; crdf-ex99_2.htm,,True,ATM,Tier-1,https://www.sec.gov/Archives/edgar/data/1213037/000095017024134749/crdf-20241210.htm,,True,Tier-2,,,False,,
0001213037,"Cardiff Oncology, Inc.",CRDF,8-K,2025-02-27,2025-02-27,2025-02-27,0000950170-25-029065,https://www.sec.gov/Archives/edgar/data/1213037/000095017025029065/crdf-20250227.htm,https://www.sec.gov/Archives/edgar/data/1213037/000095017025029065/crdf-20250227.htm,2025-02-27,2025-02-27 16:15:09,https://www.sec.gov/Archives/edgar/data/1213037/0000950170-25-029065-index.html,Item 2.02; Item 9.01,Item 2.02; Item 9.01,True,True,crdf-ex99_1.htm,,True,ATM,Tier-1,https://www.sec.gov/Archives/edgar/data/1213037/000095017025029065/crdf-20250227.htm,,True,Tier-1,Financing,,True,registered_direct;offering,
0001877939,"Castellum, Inc.",CTM,8-K,2025-11-13,2025-11-13,2025-11-13,0001877939-25-000124,https://www.sec.gov/Archives/edgar/data/1877939/000187793925000124/ctm-20251113.htm,https://www.sec.gov/Archives/edgar/data/1877939/000187793925000124/ctm-20251113.htm,2025-11-13,2025-11-13 16:01:10,https://www.sec.gov/Archives/edgar/data/1877939/0001877939-25-000124-index.html,Item 8.01; Item 9.01,Item 8.01; Item 9.01,True,True,exhibit991november132025.htm,,True,ContractAward,Tier-1,https://www.sec.gov/Archives/edgar/data/1877939/000187793925000124/ctm-20251113.htm,,True,Tier-2,,,False,,
0001213037,"Cardiff Oncology, Inc.",CRDF,8-K,2024-11-07,2024-11-07,2024-11-07,0000950170-24-123303,https://www.sec.gov/Archives/edgar/data/1213037/000095017024123303/crdf-20241107.htm,https://www.sec.gov/Archives/edgar/data/1213037/000095017024123303/crdf-20241107.htm,2024-11-07,2024-11-07 16:07:08,https://www.sec.gov/Archives/edgar/data/1213037/0000950170-24-123303-index.html,Item 2.02; Item 9.01,Item 2.02; Item 9.01,True,True,crdf-ex99_1.htm,,True,ATM,Tier-1,https://www.sec.gov/Archives/edgar/data/1213037/000095017024123303/crdf-20241107.htm,,True,Tier-1,Financing,,True,warrant,
0001877939,"Castellum, Inc.",CTM,8-K,2025-11-07,2025-11-07,2025-11-07,0001877939-25-000114,https://www.sec.gov/Archives/edgar/data/1877939/000187793925000114/ctm-20251107.htm,https://www.sec.gov/Archives/edgar/data/1877939/000187793925000114/ctm-20251107.htm,2025-11-07,2025-11-07 16:01:39,https://www.sec.gov/Archives/edgar/data/1877939/0001877939-25-000114-index.html,Item 2.02; Item 9.01,Item 2.02; Item 9.01,True,True,exhibit991november72025.htm,,True,ContractAward,Tier-1,https://www.sec.gov/Archives/edgar/data/1877939/000187793925000114/ctm-20251107.htm,,True,Tier-2,,,False,,
0001877939,"Castellum, Inc.",CTM,8-K,2025-10-31,2025-10-31,2025-10-31,0001877939-25-000110,https://www.sec.gov/Archives/edgar/data/1877939/000187793925000110/ctm-20251031.htm,https://www.sec.gov/Archives/edgar/data/1877939/000187793925000110/ctm-20251031.htm,2025-10-31,2025-10-31 16:01:11,https://www.sec.gov/Archives/edgar/data/1877939/0001877939-25-000110-index.html,Item 8.01; Item 9.01,Item 8.01; Item 9.01,True,True,exhibit991october312025.htm,,True,ContractAward,Tier-1,https://www.sec.gov/Archives/edgar/data/1877939/000187793925000110/ctm-20251031.htm,,True,Tier-2,,,False,,
0001877939,"Castellum, Inc.",CTM,8-K,2025-10-21,2025-10-20,2025-10-20,0001877939-25-000108,https://www.sec.gov/Archives/edgar/data/1877939/000187793925000108/ctm-20251020.htm,https://www.sec.gov/Archives/edgar/data/1877939/000187793925000108/ctm-20251020.htm,2025-10-20,2025-10-21 16:01:46,https://www.sec.gov/Archives/edgar/data/1877939/0001877939-25-000108-index.html,Item 8.01; Item 9.01,Item 8.01; Item 9.01,True,True,exhibit991october202025.htm,,True,ContractAward,Tier-1,https://www.sec.gov/Archives/edgar/data/1877939/000187793925000108/ctm-20251020.htm,,True,Tier-2,,,False,,
0001877939,"Castellum, Inc.",CTM,8-K,2025-10-14,2025-10-14,2025-10-14,0001877939-25-000106,https://www.sec.gov/Archives/edgar/data/1877939/000187793925000106/ctm-20251014.htm,https://www.sec.gov/Archives/edgar/data/1877939/000187793925000106/ctm-20251014.htm,2025-10-14,2025-10-14 16:03:23,https://www.sec.gov/Archives/edgar/data/1877939/0001877939-25-000106-index.html,Item 8.01; Item 9.01,Item 8.01; Item 9.01,True,True,exhibit991october142025.htm,,True,ContractAward,Tier-1,https://www.sec.gov/Archives/edgar/data/1877939/000187793925000106/ctm-20251014.htm,,True,Tier-2,,,False,,
0001877939,"Castellum, Inc.",CTM,8-K,2025-08-19,2025-08-19,2025-08-19,0001877939-25-000089,https://www.sec.gov/Archives/edgar/data/1877939/000187793925000089/ctm-20250819.htm,https://www.sec.gov/Archives/edgar/data/1877939/000187793925000089/ctm-20250819.htm,2025-08-19,2025-08-19 16:00:35,https://www.sec.gov/Archives/edgar/data/1877939/0001877939-25-000089-index.html,Item 8.01; Item 9.01,Item 8.01; Item 9.01,True,True,exhibit991august192025.htm,,True,ContractAward,Tier-1,https://www.sec.gov/Archives/edgar/data/1877939/000187793925000089/ctm-20250819.htm,,True,Tier-2,,,False,,
0001877939,"Castellum, Inc.",CTM,8-K,2025-08-15,2025-08-14,2025-08-14,0001877939-25-000087,https://www.sec.gov/Archives/edgar/data/1877939/000187793925000087/ctm-20250814.htm,https://www.sec.gov/Archives/edgar/data/1877939/000187793925000087/ctm-20250814.htm,2025-08-14,2025-08-15 06:33:39,https://www.sec.gov/Archives/edgar/data/1877939/0001877939-25-000087-index.html,Item 8.01; Item 9.01,Item 8.01; Item 9.01,True,True,exhibit991august142025.htm,,True,ATM,Tier-1,https://www.sec.gov/Archives/edgar/data/1877939/000187793925000087/ctm-20250814.htm,,True,Tier-1,Financing,,True,spa;purchase_agreement;warrant;offering,
0001877939,"Castellum, Inc.",CTM,8-K,2025-08-12,2025-08-12,2025-08-12,0001877939-25-000085,https://www.sec.gov/Archives/edgar/data/1877939/000187793925000085/ctm-20250812.htm,https://www.sec.gov/Archives/edgar/data/1877939/000187793925000085/ctm-20250812.htm,2025-08-12,2025-08-12 16:00:25,https://www.sec.gov/Archives/edgar/data/1877939/0001877939-25-000085-index.html,Item 8.01; Item 9.01,Item 8.01; Item 9.01,True,True,exhibit991august122025.htm,,True,ContractAward,Tier-1,https://www.sec.gov/Archives/edgar/data/1877939/000187793925000085/ctm-20250812.htm,,True,Tier-2,,,False,,
0001877939,"Castellum, Inc.",CTM,8-K,2025-08-08,2025-08-08,2025-08-08,0001877939-25-000083,https://www.sec.gov/Archives/edgar/data/1877939/000187793925000083/ctm-20250808.htm,https://www.sec.gov/Archives/edgar/data/1877939/000187793925000083/ctm-20250808.htm,2025-08-08,2025-08-08 16:18:54,https://www.sec.gov/Archives/edgar/data/1877939/0001877939-25-000083-index.html,Item 2.02; Item 9.01,Item 2.02; Item 9.01,True,True,exhibit991aug82025-earning.htm,,True,ContractAward,Tier-1,https://www.sec.gov/Archives/edgar/data/1877939/000187793925000083/ctm-20250808.htm,,True,Tier-2,,,False,,
0001877939,"Castellum, Inc.",CTM,8-K,2025-08-05,2025-08-04,2025-08-04,0001877939-25-000077,https://www.sec.gov/Archives/edgar/data/1877939/000187793925000077/ctm-20250804.htm,https://www.sec.gov/Archives/edgar/data/1877939/000187793925000077/ctm-20250804.htm,2025-08-04,2025-08-05 16:01:30,https://www.sec.gov/Archives/edgar/data/1877939/0001877939-25-000077-index.html,Item 1.01; Item 8.01; Item 9.01,Item 1.01; Item 8.01; Item 9.01,True,True,exhibit991august52025.htm,exhibit101.htm,True,ContractAward,Tier-1,https://www.sec.gov/Archives/edgar/data/1877939/000187793925000077/ctm-20250804.htm,,True,Tier-2,,,False,,
0000725363,CEL SCI CORP,CVM,8-K,2025-08-29,2025-08-27,2025-08-27,0001654954-25-010184,https://www.sec.gov/Archives/edgar/data/725363/000165495425010184/cvm_8k.htm,https://www.sec.gov/Archives/edgar/data/725363/000165495425010184/cvm_8k.htm,2025-08-27,2025-08-29 13:15:44,https://www.sec.gov/Archives/edgar/data/725363/0001654954-25-010184-index.html,Item 1.01; Item 8.01; Item 9.01,Item 1.01; Item 8.01; Item 9.01,True,True,cvm_ex991.htm; cvm_ex992.htm,cvm_ex11.htm,True,ATM,Tier-1,https://www.sec.gov/Archives/edgar/data/725363/000165495425010184/cvm_8k.htm,,True,Tier-1,Financing,,True,convertible;warrant;offering,
0000725363,CEL SCI CORP,CVM,8-K,2025-05-23,2025-05-21,2025-05-21,0001654954-25-006091,https://www.sec.gov/Archives/edgar/data/725363/000165495425006091/cvm_8k.htm,https://www.sec.gov/Archives/edgar/data/725363/000165495425006091/cvm_8k.htm,2025-05-21,2025-05-23 16:16:03,https://www.sec.gov/Archives/edgar/data/725363/0001654954-25-006091-index.html,Item 1.01; Item 8.01; Item 9.01,Item 1.01; Item 8.01; Item 9.01,True,True,cvm_ex991.htm; cvm_ex992.htm,cvm_ex11.htm,True,ATM,Tier-1,https://www.sec.gov/Archives/edgar/data/725363/000165495425006091/cvm_8k.htm,,True,Tier-1,Financing,,True,underwriting_agreement;warrant;offering,
0000725363,CEL SCI CORP,CVM,8-K,2025-07-14,2025-07-11,2025-07-11,0001654954-25-008033,https://www.sec.gov/Archives/edgar/data/725363/000165495425008033/cvm_8k.htm,https://www.sec.gov/Archives/edgar/data/725363/000165495425008033/cvm_8k.htm,2025-07-11,2025-07-14 16:25:11,https://www.sec.gov/Archives/edgar/data/725363/0001654954-25-008033-index.html,Item 1.01; Item 8.01; Item 9.01,Item 1.01; Item 8.01; Item 9.01,True,True,cvm_ex991.htm; cvm_ex992.htm,cvm_ex11.htm,True,ATM,Tier-1,https://www.sec.gov/Archives/edgar/data/725363/000165495425008033/cvm_8k.htm,,True,Tier-1,Financing,,True,atm;convertible;warrant;offering,
0000725363,CEL SCI CORP,CVM,8-K,2025-03-18,2025-03-17,2025-03-17,0001654954-25-002970,https://www.sec.gov/Archives/edgar/data/725363/000165495425002970/cvm_8k.htm,https://www.sec.gov/Archives/edgar/data/725363/000165495425002970/cvm_8k.htm,2025-03-17,2025-03-18 17:07:52,https://www.sec.gov/Archives/edgar/data/725363/0001654954-25-002970-index.html,Item 1.01; Item 8.01; Item 9.01,Item 1.01; Item 8.01; Item 9.01,True,True,cvm_ex991.htm; cvm_ex992.htm,cvm_ex11.htm,True,ATM,Tier-1,https://www.sec.gov/Archives/edgar/data/725363/000165495425002970/cvm_8k.htm,,True,Tier-1,Financing,,True,convertible;warrant;offering,
0000725363,CEL SCI CORP,CVM,8-K,2024-12-31,2024-12-29,2024-12-29,0001654954-24-016019,https://www.sec.gov/Archives/edgar/data/725363/000165495424016019/cvm_8k.htm,https://www.sec.gov/Archives/edgar/data/725363/000165495424016019/cvm_8k.htm,2024-12-29,2024-12-31 16:15:35,https://www.sec.gov/Archives/edgar/data/725363/0001654954-24-016019-index.html,Item 1.01; Item 8.01; Item 9.01,Item 1.01; Item 8.01; Item 9.01,True,True,cvm_ex991.htm; cvm_ex992.htm,cvm_ex11.htm,True,ATM,Tier-1,https://www.sec.gov/Archives/edgar/data/725363/000165495424016019/cvm_8k.htm,,True,Tier-1,Financing,,True,convertible;warrant;offering,
0001509745,CYPHERPUNK TECHNOLOGIES INC.,CYPH,8-K,2025-11-20,2025-11-19,2025-11-19,0001104659-25-114435,https://www.sec.gov/Archives/edgar/data/1509745/000110465925114435/tm2531822d1_8k.htm,https://www.sec.gov/Archives/edgar/data/1509745/000110465925114435/tm2531822d1_8k.htm,2025-11-19,2025-11-20 08:18:49,https://www.sec.gov/Archives/edgar/data/1509745/0001104659-25-114435-index.html,Item 1.01,Item 1.01,False,True,,,True,ATM,Tier-1,https://www.sec.gov/Archives/edgar/data/1509745/000110465925114435/tm2531822d1_8k.htm,,True,Tier-1,Financing,,True,spa;purchase_agreement;atm;warrant;offering,
0001509745,CYPHERPUNK TECHNOLOGIES INC.,CYPH,8-K,2025-11-18,2025-11-18,2025-11-18,0001104659-25-113698,https://www.sec.gov/Archives/edgar/data/1509745/000110465925113698/tm2531584d1_8k.htm,https://www.sec.gov/Archives/edgar/data/1509745/000110465925113698/tm2531584d1_8k.htm,2025-11-18,2025-11-18 16:43:45,https://www.sec.gov/Archives/edgar/data/1509745/0001104659-25-113698-index.html,Item 7.01; Item 8.01; Item 9.01,Item 7.01; Item 8.01; Item 9.01,True,True,tm2531584d1_ex99-1.htm,,True,ATM,Tier-1,https://www.sec.gov/Archives/edgar/data/1509745/000110465925113698/tm2531584d1_8k.htm,,True,Tier-1,Financing,,True,warrant,
0001509745,"LEAP THERAPEUTICS, INC.",CYPH,8-K,2025-11-12,2025-11-12,2025-11-12,0001104659-25-110341,https://www.sec.gov/Archives/edgar/data/1509745/000110465925110341/tm2530735d2_8k.htm,https://www.sec.gov/Archives/edgar/data/1509745/000110465925110341/tm2530735d2_8k.htm,2025-11-12,2025-11-12 16:06:53,https://www.sec.gov/Archives/edgar/data/1509745/0001104659-25-110341-index.html,Item 1.01,Item 1.01,False,True,,tm2530735d2_ex1-1.htm,True,ATM,Tier-1,https://www.sec.gov/Archives/edgar/data/1509745/000110465925110341/tm2530735d2_8k.htm,,True,Tier-1,Financing,,True,offering,
0001509745,"LEAP THERAPEUTICS, INC.",CYPH,8-K,2025-10-20,2025-10-20,2025-10-20,0001104659-25-100646,https://www.sec.gov/Archives/edgar/data/1509745/000110465925100646/tm2529085d1_8k.htm,https://www.sec.gov/Archives/edgar/data/1509745/000110465925100646/tm2529085d1_8k.htm,2025-10-20,2025-10-20 08:49:15,https://www.sec.gov/Archives/edgar/data/1509745/0001104659-25-100646-index.html,Item 8.01,Item 8.01,True,True,tm2529085d1_ex99-1.htm,,True,ATM,Tier-1,https://www.sec.gov/Archives/edgar/data/1509745/000110465925100646/tm2529085d1_8k.htm,,True,Tier-1,Financing,,True,warrant;offering,
0001509745,"LEAP THERAPEUTICS, INC.",CYPH,8-K,2025-11-12,2025-11-11,2025-11-11,0001104659-25-109820,https://www.sec.gov/Archives/edgar/data/1509745/000110465925109820/tm2530735d1_8k.htm,https://www.sec.gov/Archives/edgar/data/1509745/000110465925109820/tm2530735d1_8k.htm,2025-11-11,2025-11-12 08:10:08,https://www.sec.gov/Archives/edgar/data/1509745/0001104659-25-109820-index.html,Item 1.01; Item 2.02; Item 5.02; Item 5.03; Item 7.01; Item 8.01,Item 1.01; Item 2.02; Item 5.02; Item 5.03; Item 7.01; Item 8.01,True,True,tm2530735d1_ex99-1.htm; tm2530735d1_ex99-2.htm,tm2530735d1_ex10-1.htm; tm2530735d1_ex10-2.htm; tm2530735d1_ex10-3.htm; tm2530735d1_ex10-4.htm; tm2530735d1_ex10-5.htm; tm2530735d1_ex10-6.htm; tm2530735d1_ex10-7.htm,True,ATM,Tier-1,https://www.sec.gov/Archives/edgar/data/1509745/000110465925109820/tm2530735d1_8k.htm,,True,Tier-1,Financing,,True,warrant;offering,
0001509745,"LEAP THERAPEUTICS, INC.",CYPH,8-K,2025-10-06,2025-10-06,2025-10-06,0001104659-25-096966,https://www.sec.gov/Archives/edgar/data/1509745/000110465925096966/tm2528058d1_8k.htm,https://www.sec.gov/Archives/edgar/data/1509745/000110465925096966/tm2528058d1_8k.htm,2025-10-06,2025-10-06 09:08:18,https://www.sec.gov/Archives/edgar/data/1509745/0001104659-25-096966-index.html,Item 8.01,Item 8.01,True,True,tm2528058d1_ex99-1.htm,,True,ATM,Tier-1,https://www.sec.gov/Archives/edgar/data/1509745/000110465925096966/tm2528058d1_8k.htm,,True,Tier-1,Financing,,True,spa;purchase_agreement;warrant;offering,
0001509745,"LEAP THERAPEUTICS, INC.",CYPH,8-K,2025-10-09,2025-10-06,2025-10-06,0001104659-25-098082,https://www.sec.gov/Archives/edgar/data/1509745/000110465925098082/tm2528058d2_8k.htm,https://www.sec.gov/Archives/edgar/data/1509745/000110465925098082/tm2528058d2_8k.htm,2025-10-06,2025-10-09 07:09:26,https://www.sec.gov/Archives/edgar/data/1509745/0001104659-25-098082-index.html,Item 1.01; Item 3.02; Item 7.01,Item 1.01; Item 3.02; Item 7.01,True,True,tm2528058d2_ex99-1.htm,tm2528058d2_ex10-1.htm; tm2528058d2_ex10-2.htm; tm2528058d2_ex10-3.htm,True,ATM,Tier-1,https://www.sec.gov/Archives/edgar/data/1509745/000110465925098082/tm2528058d2_8k.htm,,True,Tier-1,Financing,,True,spa;purchase_agreement;warrant;offering,
0001509745,"LEAP THERAPEUTICS, INC.",CYPH,8-K,2025-08-14,2025-08-14,2025-08-14,0001104659-25-078077,https://www.sec.gov/Archives/edgar/data/1509745/000110465925078077/tm2523408d1_8k.htm,https://www.sec.gov/Archives/edgar/data/1509745/000110465925078077/tm2523408d1_8k.htm,2025-08-14,2025-08-14 07:11:02,https://www.sec.gov/Archives/edgar/data/1509745/0001104659-25-078077-index.html,Item 2.02; Item 9.01,Item 2.02; Item 9.01,True,True,tm2523408d1_ex99-1.htm,,True,ATM,Tier-1,https://www.sec.gov/Archives/edgar/data/1509745/000110465925078077/tm2523408d1_8k.htm,,True,Tier-1,Financing,,True,warrant,
0001509745,"LEAP THERAPEUTICS, INC.",CYPH,8-K,2025-06-23,2025-06-23,2025-06-23,0001104659-25-061385,https://www.sec.gov/Archives/edgar/data/1509745/000110465925061385/tm2518612d1_8k.htm,https://www.sec.gov/Archives/edgar/data/1509745/000110465925061385/tm2518612d1_8k.htm,2025-06-23,2025-06-23 07:15:56,https://www.sec.gov/Archives/edgar/data/1509745/0001104659-25-061385-index.html,Item 2.05; Item 5.07; Item 8.01; Item 9.01,Item 2.05; Item 5.07; Item 8.01; Item 9.01,True,True,tm2518612d1_ex99-1.htm; tm2518612d1_ex99-2.htm,,True,ATM,Tier-1,https://www.sec.gov/Archives/edgar/data/1509745/000110465925061385/tm2518612d1_8k.htm,,True,Tier-1,Financing,,True,warrant,
0000810958,CITIZENS & NORTHERN CORP,CZNC,8-K,2025-11-07,2025-11-07,2025-11-07,0001104659-25-108359,https://www.sec.gov/Archives/edgar/data/810958/000110465925108359/cznc-20251107x8k.htm,https://www.sec.gov/Archives/edgar/data/810958/000110465925108359/cznc-20251107x8k.htm,2025-11-07,2025-11-07 14:10:30,https://www.sec.gov/Archives/edgar/data/810958/0001104659-25-108359-index.html,Item 7.01; Item 9.01,Item 7.01; Item 9.01,True,True,cznc-20251107xex99d1.htm,,True,FDA,Tier-1,https://www.sec.gov/Archives/edgar/data/810958/000110465925108359/cznc-20251107x8k.htm,,True,Tier-1,Financing,,True,purchase_agreement,
0000810958,CITIZENS & NORTHERN CORP,CZNC,8-K,2025-10-01,2025-10-01,2025-10-01,0001104659-25-095389,https://www.sec.gov/Archives/edgar/data/810958/000110465925095389/cznc-20251001x8k.htm,https://www.sec.gov/Archives/edgar/data/810958/000110465925095389/cznc-20251001x8k.htm,2025-10-01,2025-10-01 09:42:51,https://www.sec.gov/Archives/edgar/data/810958/0001104659-25-095389-index.html,Item 2.01; Item 5.02; Item 8.01; Item 9.01,Item 2.01; Item 5.02; Item 8.01; Item 9.01,True,True,cznc-20251001xex99d1.htm,,True,ListingChange,Tier-1,https://www.sec.gov/Archives/edgar/data/810958/000110465925095389/cznc-20251001x8k.htm,,True,Tier-2,,,False,,
0000810958,CITIZENS & NORTHERN CORP,CZNC,8-K,2025-09-22,2025-09-22,2025-09-22,0001104659-25-092067,https://www.sec.gov/Archives/edgar/data/810958/000110465925092067/cznc-20250922x8k.htm,https://www.sec.gov/Archives/edgar/data/810958/000110465925092067/cznc-20250922x8k.htm,2025-09-22,2025-09-22 14:18:31,https://www.sec.gov/Archives/edgar/data/810958/0001104659-25-092067-index.html,Item 8.01; Item 9.01,Item 8.01; Item 9.01,True,True,cznc-20250922xex99d1.htm,,True,FDA,Tier-1,https://www.sec.gov/Archives/edgar/data/810958/000110465925092067/cznc-20250922x8k.htm,,True,Tier-2,,,False,,
0000810958,CITIZENS & NORTHERN CORP,CZNC,8-K,2025-07-24,2025-07-24,2025-07-24,0001558370-25-009537,https://www.sec.gov/Archives/edgar/data/810958/000155837025009537/cznc-20250724x8k.htm,https://www.sec.gov/Archives/edgar/data/810958/000155837025009537/cznc-20250724x8k.htm,2025-07-24,2025-07-24 16:09:22,https://www.sec.gov/Archives/edgar/data/810958/0001558370-25-009537-index.html,Item 2.02; Item 9.01,Item 2.02; Item 9.01,True,True,cznc-20250724xex99d1.htm; cznc-20250724xex99d2.htm,,True,FDA,Tier-1,https://www.sec.gov/Archives/edgar/data/810958/000155837025009537/cznc-20250724x8k.htm,,True,Tier-1,Financing,,True,purchase_agreement,
0000810958,CITIZENS & NORTHERN CORP,CZNC,8-K,2025-04-23,2025-04-23,2025-04-23,0001558370-25-005276,https://www.sec.gov/Archives/edgar/data/810958/000155837025005276/cznc-20250423x8k.htm,https://www.sec.gov/Archives/edgar/data/810958/000155837025005276/cznc-20250423x8k.htm,2025-04-23,2025-04-23 16:30:44,https://www.sec.gov/Archives/edgar/data/810958/0001558370-25-005276-index.html,Item 7.01; Item 9.01,Item 7.01; Item 9.01,True,True,cznc-20250423xex99d1.htm; cznc-20250423xex99d2.htm,cznc-20250423xex2d1.htm,True,FDA,Tier-1,https://www.sec.gov/Archives/edgar/data/810958/000155837025005276/cznc-20250423x8k.htm,,True,Tier-2,,,False,,
0000810958,CITIZENS & NORTHERN CORP,CZNC,8-K,2025-04-23,2025-04-23,2025-04-23,0001558370-25-005252,https://www.sec.gov/Archives/edgar/data/810958/000155837025005252/cznc-20250423x8k.htm,https://www.sec.gov/Archives/edgar/data/810958/000155837025005252/cznc-20250423x8k.htm,2025-04-23,2025-04-23 16:00:23,https://www.sec.gov/Archives/edgar/data/810958/0001558370-25-005252-index.html,Item 2.02; Item 9.01,Item 2.02; Item 9.01,True,True,cznc-20250423xex99d1.htm; cznc-20250423xex99d2.htm,,True,ListingChange,Tier-1,https://www.sec.gov/Archives/edgar/data/810958/000155837025005252/cznc-20250423x8k.htm,,True,Tier-1,Financing,,True,purchase_agreement,
0002052162,Digital Asset Acquisition Corp.,DAAQ,8-K,2025-05-29,2025-05-29,2025-05-29,0001213900-25-048929,https://www.sec.gov/Archives/edgar/data/2052162/000121390025048929/ea0243778-8k_digital.htm,https://www.sec.gov/Archives/edgar/data/2052162/000121390025048929/ea0243778-8k_digital.htm,2025-05-29,2025-05-29 16:18:53,https://www.sec.gov/Archives/edgar/data/2052162/0001213900-25-048929-index.html,Item 8.01; Item 9.01,Item 8.01; Item 9.01,True,True,ea024377801ex99-1_digital.htm,,True,ATM,Tier-1,https://www.sec.gov/Archives/edgar/data/2052162/000121390025048929/ea0243778-8k_digital.htm,,True,Tier-1,Financing,,True,warrant;offering,
0000810958,CITIZENS & NORTHERN CORP,CZNC,8-K,2025-01-23,2025-01-23,2025-01-23,0001558370-25-000359,https://www.sec.gov/Archives/edgar/data/810958/000155837025000359/cznc-20250123x8k.htm,https://www.sec.gov/Archives/edgar/data/810958/000155837025000359/cznc-20250123x8k.htm,2025-01-23,2025-01-23 16:02:01,https://www.sec.gov/Archives/edgar/data/810958/0001558370-25-000359-index.html,Item 2.02; Item 9.01,Item 2.02; Item 9.01,True,True,cznc-20250123xex99d1.htm; cznc-20250123xex99d2.htm,,True,ListingChange,Tier-1,https://www.sec.gov/Archives/edgar/data/810958/000155837025000359/cznc-20250123x8k.htm,,True,Tier-1,Financing,,True,purchase_agreement,
0002052162,Digital Asset Acquisition Corp.,DAAQ,8-K,2025-05-01,2025-04-28,2025-04-28,0001213900-25-038444,https://www.sec.gov/Archives/edgar/data/2052162/000121390025038444/ea0240140-8k_digital.htm,https://www.sec.gov/Archives/edgar/data/2052162/000121390025038444/ea0240140-8k_digital.htm,2025-04-28,2025-05-01 16:10:12,https://www.sec.gov/Archives/edgar/data/2052162/0001213900-25-038444-index.html,Item 1.01; Item 3.02; Item 8.01; Item 9.01,Item 1.01; Item 3.02; Item 8.01; Item 9.01,True,True,ea024014001ex99-1_digital.htm; ea024014001ex99-2_digital.htm,ea024014001ex1-1_digital.htm; ea024014001ex10-1_digital.htm; ea024014001ex10-2_digital.htm; ea024014001ex10-3_digital.htm; ea024014001ex10-4_digital.htm; ea024014001ex10-5_digital.htm; ea024014001ex10-6_digital.htm,True,ATM,Tier-1,https://www.sec.gov/Archives/edgar/data/2052162/000121390025038444/ea0240140-8k_digital.htm,,True,Tier-1,Financing,,True,purchase_agreement;underwriting_agreement;warrant;offering,
0002052162,Digital Asset Acquisition Corp.,DAAQ,8-K,2025-05-06,2025-04-30,2025-04-30,0001213900-25-040233,https://www.sec.gov/Archives/edgar/data/2052162/000121390025040233/ea0241095-8k_digital.htm,https://www.sec.gov/Archives/edgar/data/2052162/000121390025040233/ea0241095-8k_digital.htm,2025-04-30,2025-05-06 17:16:26,https://www.sec.gov/Archives/edgar/data/2052162/0001213900-25-040233-index.html,Item 9.01,Item 9.01,True,True,ea024109501ex99-1_digital.htm,,True,ATM,Tier-1,https://www.sec.gov/Archives/edgar/data/2052162/000121390025040233/ea0241095-8k_digital.htm,,True,Tier-1,Financing,,True,underwriting_agreement;convertible;warrant;offering,
0000872912,"DELCATH SYSTEMS, INC.",DCTH,8-K,2025-10-20,2025-10-18,2025-10-18,0001193125-25-242909,https://www.sec.gov/Archives/edgar/data/872912/000119312525242909/d51469d8k.htm,https://www.sec.gov/Archives/edgar/data/872912/000119312525242909/d51469d8k.htm,2025-10-18,2025-10-20 06:01:41,https://www.sec.gov/Archives/edgar/data/872912/0001193125-25-242909-index.html,Item 2.02; Item 7.01; Item 8.01; Item 9.01,Item 2.02; Item 7.01; Item 8.01; Item 9.01,True,True,d51469dex991.htm; d51469dex992.htm,,True,ATM,Tier-1,https://www.sec.gov/Archives/edgar/data/872912/000119312525242909/d51469d8k.htm,,True,Tier-2,,,False,,
0000872912,"DELCATH SYSTEMS, INC.",DCTH,8-K,2025-11-04,2025-11-04,2025-11-04,0001628280-25-048539,https://www.sec.gov/Archives/edgar/data/872912/000162828025048539/dcth-20251104.htm,https://www.sec.gov/Archives/edgar/data/872912/000162828025048539/dcth-20251104.htm,2025-11-04,2025-11-04 08:02:41,https://www.sec.gov/Archives/edgar/data/872912/0001628280-25-048539-index.html,Item 2.02; Item 9.01,Item 2.02; Item 9.01,True,True,dcth-q325erex991.htm,,True,ATM,Tier-1,https://www.sec.gov/Archives/edgar/data/872912/000162828025048539/dcth-20251104.htm,,True,Tier-1,Financing,,True,warrant,
0000872912,"DELCATH SYSTEMS, INC.",DCTH,8-K,2025-05-22,2025-05-22,2025-05-22,0001193125-25-124538,https://www.sec.gov/Archives/edgar/data/872912/000119312525124538/d946891d8k.htm,https://www.sec.gov/Archives/edgar/data/872912/000119312525124538/d946891d8k.htm,2025-05-22,2025-05-22 07:15:23,https://www.sec.gov/Archives/edgar/data/872912/0001193125-25-124538-index.html,Item 7.01; Item 8.01; Item 9.01,Item 7.01; Item 8.01; Item 9.01,True,True,d946891dex991.htm,,True,ATM,Tier-1,https://www.sec.gov/Archives/edgar/data/872912/000119312525124538/d946891d8k.htm,,True,Tier-2,,,False,,
0000872912,"DELCATH SYSTEMS, INC.",DCTH,8-K,2025-05-16,2025-05-15,2025-05-15,0001193125-25-121700,https://www.sec.gov/Archives/edgar/data/872912/000119312525121700/d19393d8k.htm,https://www.sec.gov/Archives/edgar/data/872912/000119312525121700/d19393d8k.htm,2025-05-15,2025-05-16 16:15:55,https://www.sec.gov/Archives/edgar/data/872912/0001193125-25-121700-index.html,Item 5.02; Item 5.07; Item 9.01,Item 5.02; Item 5.07; Item 9.01,False,True,,d19393dex101.htm; d19393dex102.htm,True,ATM,Tier-1,https://www.sec.gov/Archives/edgar/data/872912/000119312525121700/d19393d8k.htm,,True,Tier-1,Financing,,True,convertible,
0000872912,"DELCATH SYSTEMS, INC.",DCTH,8-K,2025-08-06,2025-08-06,2025-08-06,0001628280-25-038098,https://www.sec.gov/Archives/edgar/data/872912/000162828025038098/dcth-20250806.htm,https://www.sec.gov/Archives/edgar/data/872912/000162828025038098/dcth-20250806.htm,2025-08-06,2025-08-06 08:03:24,https://www.sec.gov/Archives/edgar/data/872912/0001628280-25-038098-index.html,Item 2.02; Item 9.01,Item 2.02; Item 9.01,True,True,dcth-q225erex991.htm,,True,ATM,Tier-1,https://www.sec.gov/Archives/edgar/data/872912/000162828025038098/dcth-20250806.htm,,True,Tier-1,Financing,,True,warrant,
0000810958,CITIZENS & NORTHERN CORP,CZNC,8-K,2025-10-23,2025-10-23,2025-10-23,0001104659-25-101823,https://www.sec.gov/Archives/edgar/data/810958/000110465925101823/cznc-20251023x8k.htm,https://www.sec.gov/Archives/edgar/data/810958/000110465925101823/cznc-20251023x8k.htm,2025-10-23,2025-10-23 16:08:56,https://www.sec.gov/Archives/edgar/data/810958/0001104659-25-101823-index.html,Item 2.02; Item 9.01,Item 2.02; Item 9.01,True,True,cznc-20251023xex99.htm,,True,ATM,Tier-1,https://www.sec.gov/Archives/edgar/data/810958/000110465925101823/cznc-20251023x8k.htm,,True,Tier-1,Financing,,True,purchase_agreement;offering,
0000872912,"DELCATH SYSTEMS, INC.",DCTH,8-K,2025-05-08,2025-05-08,2025-05-08,0001628280-25-023470,https://www.sec.gov/Archives/edgar/data/872912/000162828025023470/dcth-20250508.htm,https://www.sec.gov/Archives/edgar/data/872912/000162828025023470/dcth-20250508.htm,2025-05-08,2025-05-08 07:42:05,https://www.sec.gov/Archives/edgar/data/872912/0001628280-25-023470-index.html,Item 2.02; Item 9.01,Item 2.02; Item 9.01,True,True,dcth-q125erex991.htm,,True,ATM,Tier-1,https://www.sec.gov/Archives/edgar/data/872912/000162828025023470/dcth-20250508.htm,,True,Tier-1,Financing,,True,warrant,
0000910638,3D SYSTEMS CORP,DDD,8-K,2025-08-20,2025-08-20,2025-08-20,0001193125-25-184165,https://www.sec.gov/Archives/edgar/data/910638/000119312525184165/d921658d8k.htm,https://www.sec.gov/Archives/edgar/data/910638/000119312525184165/d921658d8k.htm,2025-08-20,2025-08-20 16:58:41,https://www.sec.gov/Archives/edgar/data/910638/0001193125-25-184165-index.html,Item 5.02; Item 7.01; Item 9.01,Item 5.02; Item 7.01; Item 9.01,True,True,d921658dex991.htm,,True,ListingChange,Tier-1,https://www.sec.gov/Archives/edgar/data/910638/000119312525184165/d921658d8k.htm,,True,Tier-2,,,False,,
0000872912,"DELCATH SYSTEMS, INC.",DCTH,8-K,2025-03-06,2025-03-06,2025-03-06,0001628280-25-010775,https://www.sec.gov/Archives/edgar/data/872912/000162828025010775/dcth-20250306.htm,https://www.sec.gov/Archives/edgar/data/872912/000162828025010775/dcth-20250306.htm,2025-03-06,2025-03-06 08:01:16,https://www.sec.gov/Archives/edgar/data/872912/0001628280-25-010775-index.html,Item 2.02; Item 9.01,Item 2.02; Item 9.01,True,True,dcth-q424erex991.htm,,True,ATM,Tier-1,https://www.sec.gov/Archives/edgar/data/872912/000162828025010775/dcth-20250306.htm,,True,Tier-1,Financing,,True,convertible;warrant,
0000910638,3D SYSTEMS CORP,DDD,8-K,2025-06-24,2025-06-18,2025-06-18,0001193125-25-145744,https://www.sec.gov/Archives/edgar/data/910638/000119312525145744/d870332d8k.htm,https://www.sec.gov/Archives/edgar/data/910638/000119312525145744/d870332d8k.htm,2025-06-18,2025-06-24 16:15:22,https://www.sec.gov/Archives/edgar/data/910638/0001193125-25-145744-index.html,Item 1.01; Item 2.03; Item 3.02; Item 8.01; Item 9.01,Item 1.01; Item 2.03; Item 3.02; Item 8.01; Item 9.01,True,True,d870332dex991.htm,,True,ATM,Tier-1,https://www.sec.gov/Archives/edgar/data/910638/000119312525145744/d870332d8k.htm,,True,Tier-1,Financing,,True,subscription_agreement;convertible;offering,
0000910638,3D SYSTEMS CORP,DDD,8-K,2025-11-04,2025-11-04,2025-11-04,0001628280-25-048900,https://www.sec.gov/Archives/edgar/data/910638/000162828025048900/ddd-20251104.htm,https://www.sec.gov/Archives/edgar/data/910638/000162828025048900/ddd-20251104.htm,2025-11-04,2025-11-04 16:35:11,https://www.sec.gov/Archives/edgar/data/910638/0001628280-25-048900-index.html,Item 2.02; Item 9.01,Item 2.02; Item 9.01,True,True,a3d2025-09x30earningsrelea.htm,,True,GuidanceUp,Tier-1,https://www.sec.gov/Archives/edgar/data/910638/000162828025048900/ddd-20251104.htm,,True,Tier-2,,,False,,
0000910638,3D SYSTEMS CORP,DDD,8-K,2025-04-07,2025-04-01,2025-04-01,0001193125-25-074767,https://www.sec.gov/Archives/edgar/data/910638/000119312525074767/d872303d8k.htm,https://www.sec.gov/Archives/edgar/data/910638/000119312525074767/d872303d8k.htm,2025-04-01,2025-04-07 17:21:37,https://www.sec.gov/Archives/edgar/data/910638/0001193125-25-074767-index.html,Item 2.01; Item 7.01; Item 9.01,Item 2.01; Item 7.01; Item 9.01,True,True,d872303dex991.htm; d872303dex992.htm,,True,Financing,Tier-1,https://www.sec.gov/Archives/edgar/data/910638/000119312525074767/d872303d8k.htm,,True,Tier-1,Financing,,True,purchase_agreement,
0000910638,3D SYSTEMS CORP,DDD,8-K,2024-12-12,2024-12-12,2024-12-12,0001193125-24-277081,https://www.sec.gov/Archives/edgar/data/910638/000119312524277081/d909568d8k.htm,https://www.sec.gov/Archives/edgar/data/910638/000119312524277081/d909568d8k.htm,2024-12-12,2024-12-12 16:25:11,https://www.sec.gov/Archives/edgar/data/910638/0001193125-24-277081-index.html,Item 1.01; Item 7.01; Item 9.01,Item 1.01; Item 7.01; Item 9.01,True,True,d909568dex991.htm,d909568dex21.htm; d909568dex22.htm,True,ATM,Tier-1,https://www.sec.gov/Archives/edgar/data/910638/000119312524277081/d909568d8k.htm,,True,Tier-1,Financing,,True,purchase_agreement;warrant;offering,
0000910638,3D SYSTEMS CORP,DDD,8-K,2025-05-12,2025-05-12,2025-05-12,0001193125-25-117890,https://www.sec.gov/Archives/edgar/data/910638/000119312525117890/d32717d8k.htm,https://www.sec.gov/Archives/edgar/data/910638/000119312525117890/d32717d8k.htm,2025-05-12,2025-05-12 17:06:45,https://www.sec.gov/Archives/edgar/data/910638/0001193125-25-117890-index.html,Item 2.02; Item 2.05; Item 9.01,Item 2.02; Item 2.05; Item 9.01,True,True,d32717dex991.htm,,True,ATM,Tier-1,https://www.sec.gov/Archives/edgar/data/910638/000119312525117890/d32717d8k.htm,,True,Tier-1,Financing,,True,offering,
0000910638,3D SYSTEMS CORP,DDD,8-K,2025-08-11,2025-08-11,2025-08-11,0001193125-25-177976,https://www.sec.gov/Archives/edgar/data/910638/000119312525177976/d90147d8k.htm,https://www.sec.gov/Archives/edgar/data/910638/000119312525177976/d90147d8k.htm,2025-08-11,2025-08-11 16:30:21,https://www.sec.gov/Archives/edgar/data/910638/0001193125-25-177976-index.html,Item 2.02; Item 9.01,Item 2.02; Item 9.01,True,True,d90147dex991.htm,,True,GuidanceUp,Tier-1,https://www.sec.gov/Archives/edgar/data/910638/000119312525177976/d90147d8k.htm,,True,Tier-2,,,False,,
0000910638,3D SYSTEMS CORP,DDD,8-K,2025-03-26,2025-03-26,2025-03-26,0001193125-25-064094,https://www.sec.gov/Archives/edgar/data/910638/000119312525064094/d940288d8k.htm,https://www.sec.gov/Archives/edgar/data/910638/000119312525064094/d940288d8k.htm,2025-03-26,2025-03-26 16:20:32,https://www.sec.gov/Archives/edgar/data/910638/0001193125-25-064094-index.html,Item 2.02; Item 2.05; Item 7.01; Item 9.01,Item 2.02; Item 2.05; Item 7.01; Item 9.01,True,True,d940288dex991.htm,,True,ATM,Tier-1,https://www.sec.gov/Archives/edgar/data/910638/000119312525064094/d940288d8k.htm,,True,Tier-1,Financing,,True,convertible;offering,
0000852772,DENNY'S Corp,DENN,8-K,2025-11-04,2025-11-03,2025-11-03,0001193125-25-263393,https://www.sec.gov/Archives/edgar/data/852772/000119312525263393/d17512d8k.htm,https://www.sec.gov/Archives/edgar/data/852772/000119312525263393/d17512d8k.htm,2025-11-03,2025-11-04 06:05:19,https://www.sec.gov/Archives/edgar/data/852772/0001193125-25-263393-index.html,Item 1.01; Item 8.01; Item 9.01,Item 1.01; Item 8.01; Item 9.01,True,True,d17512dex991.htm,d17512dex21.htm,True,ATM,Tier-1,https://www.sec.gov/Archives/edgar/data/852772/000119312525263393/d17512d8k.htm,,True,Tier-1,Financing,,True,offering,
0000852772,DENNY'S Corp,DENN,8-K,2025-11-04,2025-11-03,2025-11-03,0000852772-25-000119,https://www.sec.gov/Archives/edgar/data/852772/000085277225000119/denn-20251103.htm,https://www.sec.gov/Archives/edgar/data/852772/000085277225000119/denn-20251103.htm,2025-11-03,2025-11-03 18:47:20,https://www.sec.gov/Archives/edgar/data/852772/0000852772-25-000119-index.html,Item 2.02; Item 9.01,Item 2.02; Item 9.01,True,True,q32025ex991earningspressre.htm,,True,ATM,Tier-1,https://www.sec.gov/Archives/edgar/data/852772/000085277225000119/denn-20251103.htm,,True,Tier-1,Financing,,True,offering,
0000852772,DENNY'S Corp,DENN,8-K,2025-08-04,2025-08-04,2025-08-04,0000852772-25-000106,https://www.sec.gov/Archives/edgar/data/852772/000085277225000106/denn-20250804.htm,https://www.sec.gov/Archives/edgar/data/852772/000085277225000106/denn-20250804.htm,2025-08-04,2025-08-04 16:09:14,https://www.sec.gov/Archives/edgar/data/852772/0000852772-25-000106-index.html,Item 2.02; Item 7.01; Item 9.01,Item 2.02; Item 7.01; Item 9.01,True,True,q22025ex991earningspressre.htm; denninvestordeckaug2025.htm,,True,ListingChange,Tier-1,https://www.sec.gov/Archives/edgar/data/852772/000085277225000106/denn-20250804.htm,,True,Tier-2,,,False,,
0000852772,DENNY'S Corp,DENN,8-K,2025-05-05,2025-05-05,2025-05-05,0000852772-25-000081,https://www.sec.gov/Archives/edgar/data/852772/000085277225000081/denn-20250505.htm,https://www.sec.gov/Archives/edgar/data/852772/000085277225000081/denn-20250505.htm,2025-05-05,2025-05-05 16:09:56,https://www.sec.gov/Archives/edgar/data/852772/0000852772-25-000081-index.html,Item 2.02; Item 7.01; Item 9.01,Item 2.02; Item 7.01; Item 9.01,True,True,q12025ex991earningspressre.htm; denninvestordeckmay2025.htm,,True,ATM,Tier-1,https://www.sec.gov/Archives/edgar/data/852772/000085277225000081/denn-20250505.htm,,True,Tier-1,Financing,,True,offering,
0002028614,Drugs Made In America Acquisition Corp.,DMAA,8-K,2025-11-18,2025-10-08,2025-10-08,0001213900-25-111704,https://www.sec.gov/Archives/edgar/data/2028614/000121390025111704/ea0265998-8k_drugs.htm,https://www.sec.gov/Archives/edgar/data/2028614/000121390025111704/ea0265998-8k_drugs.htm,2025-10-08,2025-11-17 21:03:35,https://www.sec.gov/Archives/edgar/data/2028614/0001213900-25-111704-index.html,Item 5.02,Item 5.02,False,True,,,True,ATM,Tier-1,https://www.sec.gov/Archives/edgar/data/2028614/000121390025111704/ea0265998-8k_drugs.htm,,True,Tier-1,Financing,,True,offering,
0002028614,Drugs Made In America Acquisition Corp.,DMAA,8-K,2025-02-25,2025-02-18,2025-02-18,0001213900-25-016702,https://www.sec.gov/Archives/edgar/data/2028614/000121390025016702/ea0231936-8k_drugs.htm,https://www.sec.gov/Archives/edgar/data/2028614/000121390025016702/ea0231936-8k_drugs.htm,2025-02-18,2025-02-24 19:15:36,https://www.sec.gov/Archives/edgar/data/2028614/0001213900-25-016702-index.html,Item 3.02; Item 8.01; Item 9.01,Item 3.02; Item 8.01; Item 9.01,True,True,ea023193601ex99-1_drugs.htm,,False,ATM,Tier-1,https://www.sec.gov/Archives/edgar/data/2028614/000121390025016702/ea0231936-8k_drugs.htm,,True,Tier-1,Financing,,True,offering,
0002028614,Drugs Made In America Acquisition Corp.,DMAA,8-K,2025-02-24,2025-02-20,2025-02-20,0001213900-25-016602,https://www.sec.gov/Archives/edgar/data/2028614/000121390025016602/ea0231980-8k_drugs.htm,https://www.sec.gov/Archives/edgar/data/2028614/000121390025016602/ea0231980-8k_drugs.htm,2025-02-20,2025-02-24 15:59:13,https://www.sec.gov/Archives/edgar/data/2028614/0001213900-25-016602-index.html,Item 8.01; Item 9.01,Item 8.01; Item 9.01,True,True,ea023198001ex99-1_drugs.htm,,False,ATM,Tier-1,https://www.sec.gov/Archives/edgar/data/2028614/000121390025016602/ea0231980-8k_drugs.htm,,True,Tier-1,Financing,,True,offering,
0002028614,Drugs Made In America Acquisition Corp.,DMAA,8-K,2025-01-30,2025-01-27,2025-01-27,0001213900-25-008377,https://www.sec.gov/Archives/edgar/data/2028614/000121390025008377/ea0229135-8k_drugs.htm,https://www.sec.gov/Archives/edgar/data/2028614/000121390025008377/ea0229135-8k_drugs.htm,2025-01-27,2025-01-30 16:10:52,https://www.sec.gov/Archives/edgar/data/2028614/0001213900-25-008377-index.html,Item 1.01; Item 3.02; Item 8.01; Item 9.01,Item 1.01; Item 3.02; Item 8.01; Item 9.01,True,True,ea022913501ex99-1_drugs.htm; ea022913501ex99-2_drugs.htm,ea022913501ex1-1_drugs.htm; ea022913501ex10-1_drugs.htm; ea022913501ex10-2_drugs.htm; ea022913501ex10-3_drugs.htm; ea022913501ex10-4_drugs.htm; ea022913501ex10-5_drugs.htm; ea022913501ex10-6_drugs.htm; ea022913501ex10-7_drugs.htm; ea022913501ex10-8_drugs.htm,False,ATM,Tier-1,https://www.sec.gov/Archives/edgar/data/2028614/000121390025008377/ea0229135-8k_drugs.htm,,True,Tier-1,Financing,,True,underwriting_agreement;offering,
0002017950,DT Cloud Star Acquisition Corp,DTSQ,8-K,2025-11-28,2025-11-26,2025-11-26,0001493152-25-025378,https://www.sec.gov/Archives/edgar/data/2017950/000149315225025378/form8-k.htm,https://www.sec.gov/Archives/edgar/data/2017950/000149315225025378/form8-k.htm,2025-11-26,2025-11-28 16:00:53,https://www.sec.gov/Archives/edgar/data/2017950/0001493152-25-025378-index.html,Item 5.02,Item 5.02,False,True,,,True,ATM,Tier-1,https://www.sec.gov/Archives/edgar/data/2017950/000149315225025378/form8-k.htm,,True,Tier-1,Financing,,True,offering,
0002028614,Drugs Made In America Acquisition Corp.,DMAA,8-K,2025-02-04,2025-01-29,2025-01-29,0001213900-25-010079,https://www.sec.gov/Archives/edgar/data/2028614/000121390025010079/ea0229853-8k_drugs.htm,https://www.sec.gov/Archives/edgar/data/2028614/000121390025010079/ea0229853-8k_drugs.htm,2025-01-29,2025-02-04 16:15:03,https://www.sec.gov/Archives/edgar/data/2028614/0001213900-25-010079-index.html,Item 8.01; Item 9.01,Item 8.01; Item 9.01,True,True,ea022985301ex99-1_drugs.htm,,False,ATM,Tier-1,https://www.sec.gov/Archives/edgar/data/2028614/000121390025010079/ea0229853-8k_drugs.htm,,True,Tier-1,Financing,,True,purchase_agreement;underwriting_agreement;convertible;warrant;offering,
0000852772,DENNY'S Corp,DENN,8-K,2025-02-12,2025-02-12,2025-02-12,0000852772-25-000044,https://www.sec.gov/Archives/edgar/data/852772/000085277225000044/denn-20250212.htm,https://www.sec.gov/Archives/edgar/data/852772/000085277225000044/denn-20250212.htm,2025-02-12,2025-02-12 07:03:48,https://www.sec.gov/Archives/edgar/data/852772/0000852772-25-000044-index.html,Item 2.02; Item 7.01; Item 9.01,Item 2.02; Item 7.01; Item 9.01,True,True,q42024ex991earningspressre.htm; denninvestordeckfeb2025.htm,,True,ListingChange,Tier-1,https://www.sec.gov/Archives/edgar/data/852772/000085277225000044/denn-20250212.htm,,True,Tier-2,,,False,,
0001650664,"Editas Medicine, Inc.",EDIT,8-K,2025-11-10,2025-11-10,2025-11-10,0001650664-25-000153,https://www.sec.gov/Archives/edgar/data/1650664/000165066425000153/edit-20251110.htm,https://www.sec.gov/Archives/edgar/data/1650664/000165066425000153/edit-20251110.htm,2025-11-10,2025-11-10 07:06:14,https://www.sec.gov/Archives/edgar/data/1650664/0001650664-25-000153-index.html,Item 2.02; Item 9.01,Item 2.02; Item 9.01,True,True,editasmedicinepressrelease.htm,,True,ATM,Tier-1,https://www.sec.gov/Archives/edgar/data/1650664/000165066425000153/edit-20251110.htm,,True,Tier-1,Financing,,True,atm,
0001650664,"Editas Medicine, Inc.",EDIT,8-K,2025-10-09,2025-10-09,2025-10-09,0001650664-25-000148,https://www.sec.gov/Archives/edgar/data/1650664/000165066425000148/edit-20251009.htm,https://www.sec.gov/Archives/edgar/data/1650664/000165066425000148/edit-20251009.htm,2025-10-09,2025-10-09 16:31:21,https://www.sec.gov/Archives/edgar/data/1650664/0001650664-25-000148-index.html,Item 7.01; Item 8.01; Item 9.01,Item 7.01; Item 8.01; Item 9.01,True,True,esgct_datareleasexfinal.htm,,True,ATM,Tier-1,https://www.sec.gov/Archives/edgar/data/1650664/000165066425000148/edit-20251009.htm,,True,Tier-2,,,False,,
0001650664,"Editas Medicine, Inc.",EDIT,8-K,2025-09-02,2025-09-02,2025-09-02,0001650664-25-000134,https://www.sec.gov/Archives/edgar/data/1650664/000165066425000134/edit-20250902.htm,https://www.sec.gov/Archives/edgar/data/1650664/000165066425000134/edit-20250902.htm,2025-09-02,2025-09-02 07:03:43,https://www.sec.gov/Archives/edgar/data/1650664/0001650664-25-000134-index.html,Item 7.01; Item 8.01; Item 9.01,Item 7.01; Item 8.01; Item 9.01,True,True,final_edit-401pressrelease.htm,,True,ATM,Tier-1,https://www.sec.gov/Archives/edgar/data/1650664/000165066425000134/edit-20250902.htm,,True,Tier-2,,,False,,
0001650664,"Editas Medicine, Inc.",EDIT,8-K,2025-08-12,2025-08-12,2025-08-12,0001650664-25-000123,https://www.sec.gov/Archives/edgar/data/1650664/000165066425000123/edit-20250812.htm,https://www.sec.gov/Archives/edgar/data/1650664/000165066425000123/edit-20250812.htm,2025-08-12,2025-08-12 16:03:42,https://www.sec.gov/Archives/edgar/data/1650664/0001650664-25-000123-index.html,Item 2.02; Item 9.01,Item 2.02; Item 9.01,True,True,editasmedicinepressrelease.htm,,True,ATM,Tier-1,https://www.sec.gov/Archives/edgar/data/1650664/000165066425000123/edit-20250812.htm,,True,Tier-2,,,False,,
0001650664,"Editas Medicine, Inc.",EDIT,8-K,2025-06-12,2025-06-12,2025-06-12,0001650664-25-000106,https://www.sec.gov/Archives/edgar/data/1650664/000165066425000106/edit-20250612.htm,https://www.sec.gov/Archives/edgar/data/1650664/000165066425000106/edit-20250612.htm,2025-06-12,2025-06-12 06:28:39,https://www.sec.gov/Archives/edgar/data/1650664/0001650664-25-000106-index.html,Item 7.01; Item 8.01; Item 9.01,Item 7.01; Item 8.01; Item 9.01,True,True,a2025ehadatapressrelease-f.htm,,True,ATM,Tier-1,https://www.sec.gov/Archives/edgar/data/1650664/000165066425000106/edit-20250612.htm,,True,Tier-2,,,False,,
0001650664,"Editas Medicine, Inc.",EDIT,8-K,2025-05-14,2025-05-14,2025-05-14,0001650664-25-000081,https://www.sec.gov/Archives/edgar/data/1650664/000165066425000081/edit-20250514.htm,https://www.sec.gov/Archives/edgar/data/1650664/000165066425000081/edit-20250514.htm,2025-05-14,2025-05-14 07:06:56,https://www.sec.gov/Archives/edgar/data/1650664/0001650664-25-000081-index.html,Item 7.01; Item 8.01; Item 9.01,Item 7.01; Item 8.01; Item 9.01,True,True,editasmedicineasgctinvivoh.htm,,True,ATM,Tier-1,https://www.sec.gov/Archives/edgar/data/1650664/000165066425000081/edit-20250514.htm,,True,Tier-2,,,False,,
0001650664,"Editas Medicine, Inc.",EDIT,8-K,2025-05-13,2025-05-13,2025-05-13,0001650664-25-000077,https://www.sec.gov/Archives/edgar/data/1650664/000165066425000077/edit-20250513.htm,https://www.sec.gov/Archives/edgar/data/1650664/000165066425000077/edit-20250513.htm,2025-05-13,2025-05-13 07:04:55,https://www.sec.gov/Archives/edgar/data/1650664/0001650664-25-000077-index.html,Item 7.01; Item 8.01; Item 9.01,Item 7.01; Item 8.01; Item 9.01,True,True,editasmedicineasgctundiscl.htm,,True,ATM,Tier-1,https://www.sec.gov/Archives/edgar/data/1650664/000165066425000077/edit-20250513.htm,,True,Tier-2,,,False,,
0001650664,"Editas Medicine, Inc.",EDIT,8-K,2025-05-12,2025-05-12,2025-05-12,0001650664-25-000071,https://www.sec.gov/Archives/edgar/data/1650664/000165066425000071/edit-20250512.htm,https://www.sec.gov/Archives/edgar/data/1650664/000165066425000071/edit-20250512.htm,2025-05-12,2025-05-12 16:32:10,https://www.sec.gov/Archives/edgar/data/1650664/0001650664-25-000071-index.html,Item 2.02; Item 9.01,Item 2.02; Item 9.01,True,True,editasmedicinepressrelease.htm,,True,FDA,Tier-1,https://www.sec.gov/Archives/edgar/data/1650664/000165066425000071/edit-20250512.htm,,True,Tier-2,,,False,,
0001023731,8X8 INC /DE/,EGHT,8-K,2025-11-04,2025-11-04,2025-11-04,0001023731-25-000102,https://www.sec.gov/Archives/edgar/data/1023731/000102373125000102/eght-20251104.htm,https://www.sec.gov/Archives/edgar/data/1023731/000102373125000102/eght-20251104.htm,2025-11-04,2025-11-04 16:11:28,https://www.sec.gov/Archives/edgar/data/1023731/0001023731-25-000102-index.html,Item 9.01,Item 9.01,True,True,fy26q2_8-kexhx991.htm; exh992_q22026stockholder.htm,,True,ATM,Tier-1,https://www.sec.gov/Archives/edgar/data/1023731/000102373125000102/eght-20251104.htm,,True,Tier-1,Financing,,True,convertible;warrant,
0001023731,8X8 INC /DE/,EGHT,8-K,2025-08-05,2025-08-05,2025-08-05,0001023731-25-000076,https://www.sec.gov/Archives/edgar/data/1023731/000102373125000076/eght-20250805.htm,https://www.sec.gov/Archives/edgar/data/1023731/000102373125000076/eght-20250805.htm,2025-08-05,2025-08-05 16:50:50,https://www.sec.gov/Archives/edgar/data/1023731/0001023731-25-000076-index.html,Item 9.01,Item 9.01,True,True,fy26q1_8-kexhx991.htm; fy26_xex992xshareholderl.htm; fy26_xex993xbusinesshigh.htm,,True,ATM,Tier-1,https://www.sec.gov/Archives/edgar/data/1023731/000102373125000076/eght-20250805.htm,,True,Tier-1,Financing,,True,convertible;warrant,
0001023731,8X8 INC /DE/,EGHT,8-K,2024-11-18,2024-11-18,2024-11-18,0001023731-24-000121,https://www.sec.gov/Archives/edgar/data/1023731/000102373124000121/eght-20241118.htm,https://www.sec.gov/Archives/edgar/data/1023731/000102373124000121/eght-20241118.htm,2024-11-18,2024-11-18 16:15:37,https://www.sec.gov/Archives/edgar/data/1023731/0001023731-24-000121-index.html,Item 5.02; Item 9.01,Item 5.02; Item 9.01,True,True,a8x8_fy25q3xex991xbodmembe.htm,,True,ContractAward,Tier-1,https://www.sec.gov/Archives/edgar/data/1023731/000102373124000121/eght-20241118.htm,,True,Tier-2,,,False,,
0001023731,8X8 INC /DE/,EGHT,8-K,2025-05-19,2025-05-19,2025-05-19,0001023731-25-000033,https://www.sec.gov/Archives/edgar/data/1023731/000102373125000033/eght-20250519.htm,https://www.sec.gov/Archives/edgar/data/1023731/000102373125000033/eght-20250519.htm,2025-05-19,2025-05-19 16:10:01,https://www.sec.gov/Archives/edgar/data/1023731/0001023731-25-000033-index.html,Item 9.01,Item 9.01,True,True,fy25_q4x8-kexhibitx991.htm,,True,ATM,Tier-1,https://www.sec.gov/Archives/edgar/data/1023731/000102373125000033/eght-20250519.htm,,True,Tier-1,Financing,,True,convertible;warrant,
0001023731,8X8 INC /DE/,EGHT,8-K,2025-02-04,2025-02-04,2025-02-04,0001023731-25-000005,https://www.sec.gov/Archives/edgar/data/1023731/000102373125000005/eght-20250204.htm,https://www.sec.gov/Archives/edgar/data/1023731/000102373125000005/eght-20250204.htm,2025-02-04,2025-02-04 16:09:17,https://www.sec.gov/Archives/edgar/data/1023731/0001023731-25-000005-index.html,Item 9.01,Item 9.01,True,True,fy25q3_8-kexhibitx991.htm,,True,ATM,Tier-1,https://www.sec.gov/Archives/edgar/data/1023731/000102373125000005/eght-20250204.htm,,True,Tier-1,Financing,,True,convertible;warrant,
0001404281,"Eledon Pharmaceuticals, Inc.",ELDN,8-K,2025-11-13,2025-11-12,2025-11-12,0001193125-25-278392,https://www.sec.gov/Archives/edgar/data/1404281/000119312525278392/d28785d8k.htm,https://www.sec.gov/Archives/edgar/data/1404281/000119312525278392/d28785d8k.htm,2025-11-12,2025-11-12 20:55:33,https://www.sec.gov/Archives/edgar/data/1404281/0001193125-25-278392-index.html,Item 1.01; Item 9.01,Item 1.01; Item 9.01,False,True,,d28785dex11.htm,True,ATM,Tier-1,https://www.sec.gov/Archives/edgar/data/1404281/000119312525278392/d28785d8k.htm,,True,Tier-1,Financing,,True,underwriting_agreement;warrant;offering,
0001023731,8X8 INC /DE/,EGHT,8-K,2024-11-04,2024-11-04,2024-11-04,0001023731-24-000119,https://www.sec.gov/Archives/edgar/data/1023731/000102373124000119/eght-20241104.htm,https://www.sec.gov/Archives/edgar/data/1023731/000102373124000119/eght-20241104.htm,2024-11-04,2024-11-04 16:09:27,https://www.sec.gov/Archives/edgar/data/1023731/0001023731-24-000119-index.html,Item 9.01,Item 9.01,True,True,fy25q2_8-kexhibitx991.htm,,True,ATM,Tier-1,https://www.sec.gov/Archives/edgar/data/1023731/000102373124000119/eght-20241104.htm,,True,Tier-1,Financing,,True,convertible;warrant,
0001404281,"Eledon Pharmaceuticals, Inc.",ELDN,8-K,2025-11-14,2025-11-14,2025-11-14,0001193125-25-283294,https://www.sec.gov/Archives/edgar/data/1404281/000119312525283294/eldn-20251114.htm,https://www.sec.gov/Archives/edgar/data/1404281/000119312525283294/eldn-20251114.htm,2025-11-14,2025-11-14 17:11:57,https://www.sec.gov/Archives/edgar/data/1404281/0001193125-25-283294-index.html,Item 2.02; Item 9.01,Item 2.02; Item 9.01,True,True,eldn-ex99_1.htm,,True,ATM,Tier-1,https://www.sec.gov/Archives/edgar/data/1404281/000119312525283294/eldn-20251114.htm,,True,Tier-1,Financing,,True,convertible;warrant;offering,
0001404281,"Eledon Pharmaceuticals, Inc.",ELDN,8-K,2025-11-07,2025-11-06,2025-11-06,0001193125-25-270286,https://www.sec.gov/Archives/edgar/data/1404281/000119312525270286/eldn-20251106.htm,https://www.sec.gov/Archives/edgar/data/1404281/000119312525270286/eldn-20251106.htm,2025-11-06,2025-11-06 18:44:31,https://www.sec.gov/Archives/edgar/data/1404281/0001193125-25-270286-index.html,Item 2.02; Item 7.01; Item 9.01,Item 2.02; Item 7.01; Item 9.01,True,True,eldn-ex99_1.htm,,True,ATM,Tier-1,https://www.sec.gov/Archives/edgar/data/1404281/000119312525270286/eldn-20251106.htm,,True,Tier-2,,,False,,
0001404281,"Eledon Pharmaceuticals, Inc.",ELDN,8-K,2025-08-06,2025-08-06,2025-08-06,0000950170-25-103975,https://www.sec.gov/Archives/edgar/data/1404281/000095017025103975/eldn-20250806.htm,https://www.sec.gov/Archives/edgar/data/1404281/000095017025103975/eldn-20250806.htm,2025-08-06,2025-08-06 16:03:27,https://www.sec.gov/Archives/edgar/data/1404281/0000950170-25-103975-index.html,Item 7.01; Item 9.01,Item 7.01; Item 9.01,True,True,eldn-ex99_1.htm,,True,ATM,Tier-1,https://www.sec.gov/Archives/edgar/data/1404281/000095017025103975/eldn-20250806.htm,,True,Tier-2,,,False,,
0001404281,"Eledon Pharmaceuticals, Inc.",ELDN,8-K,2025-08-14,2025-08-11,2025-08-11,0001193125-25-180820,https://www.sec.gov/Archives/edgar/data/1404281/000119312525180820/eldn-20250811.htm,https://www.sec.gov/Archives/edgar/data/1404281/000119312525180820/eldn-20250811.htm,2025-08-11,2025-08-14 16:30:29,https://www.sec.gov/Archives/edgar/data/1404281/0001193125-25-180820-index.html,Item 2.02; Item 4.02; Item 9.01,Item 2.02; Item 4.02; Item 9.01,True,True,eldn-ex99_1.htm,,True,ATM,Tier-1,https://www.sec.gov/Archives/edgar/data/1404281/000119312525180820/eldn-20250811.htm,,True,Tier-1,Financing,,True,convertible;warrant,
0001404281,"Eledon Pharmaceuticals, Inc.",ELDN,8-K,2025-05-14,2025-05-14,2025-05-14,0000950170-25-071370,https://www.sec.gov/Archives/edgar/data/1404281/000095017025071370/eldn-20250514.htm,https://www.sec.gov/Archives/edgar/data/1404281/000095017025071370/eldn-20250514.htm,2025-05-14,2025-05-14 16:05:53,https://www.sec.gov/Archives/edgar/data/1404281/0000950170-25-071370-index.html,Item 2.02; Item 9.01,Item 2.02; Item 9.01,True,True,eldn-ex99_1.htm,,True,ATM,Tier-1,https://www.sec.gov/Archives/edgar/data/1404281/000095017025071370/eldn-20250514.htm,,True,Tier-1,Financing,,True,convertible;warrant,
0002075816,Emmis Acquisition Corp.,EMIS,8-K,2025-10-16,2025-10-15,2025-10-15,0001213900-25-099249,https://www.sec.gov/Archives/edgar/data/2075816/000121390025099249/ea0261097-8k_emmis.htm,https://www.sec.gov/Archives/edgar/data/2075816/000121390025099249/ea0261097-8k_emmis.htm,2025-10-15,2025-10-15 18:01:51,https://www.sec.gov/Archives/edgar/data/2075816/0001213900-25-099249-index.html,Item 8.01; Item 9.01,Item 8.01; Item 9.01,True,True,ea026109701ex99-1_emmis.htm,,True,ATM,Tier-1,https://www.sec.gov/Archives/edgar/data/2075816/000121390025099249/ea0261097-8k_emmis.htm,,True,Tier-1,Financing,,True,offering,
0001404281,"Eledon Pharmaceuticals, Inc.",ELDN,8-K,2025-03-20,2025-03-20,2025-03-20,0000950170-25-042644,https://www.sec.gov/Archives/edgar/data/1404281/000095017025042644/eldn-20250320.htm,https://www.sec.gov/Archives/edgar/data/1404281/000095017025042644/eldn-20250320.htm,2025-03-20,2025-03-20 16:05:09,https://www.sec.gov/Archives/edgar/data/1404281/0000950170-25-042644-index.html,Item 2.02; Item 9.01,Item 2.02; Item 9.01,True,True,eldn-ex99_1.htm,,True,ATM,Tier-1,https://www.sec.gov/Archives/edgar/data/1404281/000095017025042644/eldn-20250320.htm,,True,Tier-1,Financing,,True,convertible;warrant;offering,
0002075816,Emmis Acquisition Corp.,EMIS,8-K,2025-10-02,2025-09-26,2025-09-26,0001213900-25-095324,https://www.sec.gov/Archives/edgar/data/2075816/000121390025095324/ea0259486-8k_emmis.htm,https://www.sec.gov/Archives/edgar/data/2075816/000121390025095324/ea0259486-8k_emmis.htm,2025-09-26,2025-10-02 15:14:49,https://www.sec.gov/Archives/edgar/data/2075816/0001213900-25-095324-index.html,Item 8.01; Item 9.01,Item 8.01; Item 9.01,True,True,ea025948601ex99-1_emmis.htm,,True,ATM,Tier-1,https://www.sec.gov/Archives/edgar/data/2075816/000121390025095324/ea0259486-8k_emmis.htm,,True,Tier-1,Financing,,True,underwriting_agreement;subscription_agreement;convertible;offering,
0002075816,Emmis Acquisition Corp.,EMIS,8-K,2025-09-29,2025-09-26,2025-09-26,0001213900-25-093113,https://www.sec.gov/Archives/edgar/data/2075816/000121390025093113/ea0259053-8k_emmis.htm,https://www.sec.gov/Archives/edgar/data/2075816/000121390025093113/ea0259053-8k_emmis.htm,2025-09-26,2025-09-29 16:30:30,https://www.sec.gov/Archives/edgar/data/2075816/0001213900-25-093113-index.html,Item 1.01; Item 3.02; Item 5.02; Item 5.03; Item 8.01; Item 9.01,Item 1.01; Item 3.02; Item 5.02; Item 5.03; Item 8.01; Item 9.01,True,True,ea025905301ex99-1_emmis.htm; ea025905301ex99-2_emmis.htm,ea025905301ex1-1_emmis.htm; ea025905301ex10-1_emmis.htm; ea025905301ex10-2_emmis.htm; ea025905301ex10-3_emmis.htm; ea025905301ex10-4_emmis.htm; ea025905301ex10-5_emmis.htm; ea025905301ex10-6_emmis.htm; ea025905301ex10-7_emmis.htm,True,ATM,Tier-1,https://www.sec.gov/Archives/edgar/data/2075816/000121390025093113/ea0259053-8k_emmis.htm,,True,Tier-1,Financing,,True,purchase_agreement;underwriting_agreement;offering,
0002028699,Dynamix Corp,ETHM,8-K,2025-09-16,2025-09-16,2025-09-16,0001213900-25-088254,https://www.sec.gov/Archives/edgar/data/2028699/000121390025088254/ea0257600-8k425_dynamix.htm,https://www.sec.gov/Archives/edgar/data/2028699/000121390025088254/ea0257600-8k425_dynamix.htm,2025-09-16,2025-09-16 17:20:47,https://www.sec.gov/Archives/edgar/data/2028699/0001213900-25-088254-index.html,Item 7.01,Item 7.01,True,True,ea025760001ex99-1_dynamix.htm,,True,ATM,Tier-1,https://www.sec.gov/Archives/edgar/data/2028699/000121390025088254/ea0257600-8k425_dynamix.htm,,True,Tier-1,Financing,,True,offering,
0002028699,Dynamix Corp,ETHM,8-K,2025-09-09,2025-09-09,2025-09-09,0001213900-25-086219,https://www.sec.gov/Archives/edgar/data/2028699/000121390025086219/ea0256703-8k425_dynamix.htm,https://www.sec.gov/Archives/edgar/data/2028699/000121390025086219/ea0256703-8k425_dynamix.htm,2025-09-09,2025-09-09 16:57:53,https://www.sec.gov/Archives/edgar/data/2028699/0001213900-25-086219-index.html,Item 7.01,Item 7.01,False,True,,,True,Financing,Tier-1,https://www.sec.gov/Archives/edgar/data/2028699/000121390025086219/ea0256703-8k425_dynamix.htm,,True,Tier-1,Financing,,True,subscription_agreement,
0002028699,Dynamix Corp,ETHM,8-K,2025-08-06,2025-08-06,2025-08-06,0001213900-25-072294,https://www.sec.gov/Archives/edgar/data/2028699/000121390025072294/ea025187101-8k425_dynamix.htm,https://www.sec.gov/Archives/edgar/data/2028699/000121390025072294/ea025187101-8k425_dynamix.htm,2025-08-06,2025-08-06 06:30:33,https://www.sec.gov/Archives/edgar/data/2028699/0001213900-25-072294-index.html,Item 7.01,Item 7.01,False,True,,,True,Financing,Tier-1,https://www.sec.gov/Archives/edgar/data/2028699/000121390025072294/ea025187101-8k425_dynamix.htm,,True,Tier-1,Financing,,True,subscription_agreement,
0002028699,Dynamix Corp,ETHM,8-K,2025-08-26,2025-08-26,2025-08-26,0001213900-25-080531,https://www.sec.gov/Archives/edgar/data/2028699/000121390025080531/ea0254594-8k425_dynamix.htm,https://www.sec.gov/Archives/edgar/data/2028699/000121390025080531/ea0254594-8k425_dynamix.htm,2025-08-26,2025-08-26 08:35:33,https://www.sec.gov/Archives/edgar/data/2028699/0001213900-25-080531-index.html,Item 8.01; Item 9.01,Item 8.01; Item 9.01,True,True,ea025459401ex99-1_dynamix.htm,,True,ATM,Tier-1,https://www.sec.gov/Archives/edgar/data/2028699/000121390025080531/ea0254594-8k425_dynamix.htm,,True,Tier-1,Financing,,True,warrant;offering,
0002028699,Dynamix Corp,ETHM,8-K,2025-08-04,2025-08-04,2025-08-04,0001213900-25-070903,https://www.sec.gov/Archives/edgar/data/2028699/000121390025070903/ea0251499-8k425_dynamix.htm,https://www.sec.gov/Archives/edgar/data/2028699/000121390025070903/ea0251499-8k425_dynamix.htm,2025-08-04,2025-08-04 09:11:02,https://www.sec.gov/Archives/edgar/data/2028699/0001213900-25-070903-index.html,Item 7.01; Item 9.01,Item 7.01; Item 9.01,True,True,ea025149901ex99-1_dynamix.htm,,True,ATM,Tier-1,https://www.sec.gov/Archives/edgar/data/2028699/000121390025070903/ea0251499-8k425_dynamix.htm,,True,Tier-1,Financing,,True,offering,
0002028699,Dynamix Corp,ETHM,8-K,2025-09-02,2025-08-29,2025-08-29,0001213900-25-082962,https://www.sec.gov/Archives/edgar/data/2028699/000121390025082962/ea0255431-8k425_dynamix.htm,https://www.sec.gov/Archives/edgar/data/2028699/000121390025082962/ea0255431-8k425_dynamix.htm,2025-08-29,2025-09-02 09:06:49,https://www.sec.gov/Archives/edgar/data/2028699/0001213900-25-082962-index.html,Item 7.01; Item 8.01; Item 9.01,Item 7.01; Item 8.01; Item 9.01,True,True,ea025543101ex99-1_dynamix.htm; ea025543101ex99-2_dynamix.htm,ea025543101ex10-1_dynamix.htm,True,ATM,Tier-1,https://www.sec.gov/Archives/edgar/data/2028699/000121390025082962/ea0255431-8k425_dynamix.htm,,True,Tier-1,Financing,,True,subscription_agreement;convertible;warrant;offering,
0002028699,Dynamix Corp,ETHM,8-K,2025-07-25,2025-07-21,2025-07-21,0001213900-25-067776,https://www.sec.gov/Archives/edgar/data/2028699/000121390025067776/ea0250107-8k425_dynamix.htm,https://www.sec.gov/Archives/edgar/data/2028699/000121390025067776/ea0250107-8k425_dynamix.htm,2025-07-21,2025-07-25 16:30:30,https://www.sec.gov/Archives/edgar/data/2028699/0001213900-25-067776-index.html,Item 1.01; Item 3.02; Item 8.01; Item 9.01,Item 1.01; Item 3.02; Item 8.01; Item 9.01,True,True,ea0250107ex99-1_dynamix.htm,ea0250107ex2-1_dynamix.htm; ea0250107ex10-1_dynamix.htm; ea0250107ex10-2_dynamix.htm; ea0250107ex10-3_dynamix.htm; ea0250107ex10-4_dynamix.htm; ea0250107ex10-5_dynamix.htm; ea0250107ex10-6_dynamix.htm; ea0250107ex10-7_dynamix.htm; ea0250107ex10-8_dynamix.htm; ea0250107ex10-9_dynamix.htm,True,ATM,Tier-1,https://www.sec.gov/Archives/edgar/data/2028699/000121390025067776/ea0250107-8k425_dynamix.htm,,True,Tier-1,Financing,,True,subscription_agreement;warrant;offering,
0002028699,Dynamix Corp,ETHM,8-K,2024-12-06,2024-12-06,2024-12-06,0001213900-24-106482,https://www.sec.gov/Archives/edgar/data/2028699/000121390024106482/ea022367701-8k_dynamix.htm,https://www.sec.gov/Archives/edgar/data/2028699/000121390024106482/ea022367701-8k_dynamix.htm,2024-12-06,2024-12-06 16:12:17,https://www.sec.gov/Archives/edgar/data/2028699/0001213900-24-106482-index.html,Item 8.01; Item 9.01,Item 8.01; Item 9.01,True,True,ea022367701ex99-1_dynamix.htm,,False,ATM,Tier-1,https://www.sec.gov/Archives/edgar/data/2028699/000121390024106482/ea022367701-8k_dynamix.htm,,True,Tier-1,Financing,,True,warrant;offering,
0002028699,Dynamix Corp,ETHM,8-K,2025-07-21,2025-07-21,2025-07-21,0001213900-25-065907,https://www.sec.gov/Archives/edgar/data/2028699/000121390025065907/ea0249661-8k425_dynamix.htm,https://www.sec.gov/Archives/edgar/data/2028699/000121390025065907/ea0249661-8k425_dynamix.htm,2025-07-21,2025-07-21 09:32:19,https://www.sec.gov/Archives/edgar/data/2028699/0001213900-25-065907-index.html,Item 7.01; Item 9.01,Item 7.01; Item 9.01,True,True,ea024966101ex99-1_dynamix.htm; ea024966101ex99-2_dynamix.htm,,True,ATM,Tier-1,https://www.sec.gov/Archives/edgar/data/2028699/000121390025065907/ea0249661-8k425_dynamix.htm,,True,Tier-1,Financing,,True,offering,
0001690080,ETHZilla Corp,ETHZ,8-K,2025-10-27,2025-10-27,2025-10-27,0001213900-25-102560,https://www.sec.gov/Archives/edgar/data/1690080/000121390025102560/ea026264901-8k_ethzilla.htm,https://www.sec.gov/Archives/edgar/data/1690080/000121390025102560/ea026264901-8k_ethzilla.htm,2025-10-27,2025-10-27 16:00:34,https://www.sec.gov/Archives/edgar/data/1690080/0001213900-25-102560-index.html,Item 7.01; Item 8.01,Item 7.01; Item 8.01,True,True,ea026264901ex99-1_ethzilla.htm,,True,ATM,Tier-1,https://www.sec.gov/Archives/edgar/data/1690080/000121390025102560/ea026264901-8k_ethzilla.htm,,True,Tier-1,Financing,,True,convertible;offering,
0001690080,ETHZilla Corp,ETHZ,8-K,2025-10-29,2025-10-29,2025-10-29,0001213900-25-103260,https://www.sec.gov/Archives/edgar/data/1690080/000121390025103260/ea0262895-8k_ethzilla.htm,https://www.sec.gov/Archives/edgar/data/1690080/000121390025103260/ea0262895-8k_ethzilla.htm,2025-10-29,2025-10-29 08:01:28,https://www.sec.gov/Archives/edgar/data/1690080/0001213900-25-103260-index.html,Item 7.01; Item 9.01,Item 7.01; Item 9.01,True,True,ea026289501ex99-1_ethzilla.htm,,True,ATM,Tier-1,https://www.sec.gov/Archives/edgar/data/1690080/000121390025103260/ea0262895-8k_ethzilla.htm,,True,Tier-1,Financing,,True,warrant,
0001690080,ETHZilla Corp,ETHZ,8-K,2025-10-23,2025-10-22,2025-10-22,0001213900-25-101418,https://www.sec.gov/Archives/edgar/data/1690080/000121390025101418/ea0262209-8k_ethzilla.htm,https://www.sec.gov/Archives/edgar/data/1690080/000121390025101418/ea0262209-8k_ethzilla.htm,2025-10-22,2025-10-23 08:01:07,https://www.sec.gov/Archives/edgar/data/1690080/0001213900-25-101418-index.html,Item 1.01; Item 2.01; Item 3.02; Item 7.01; Item 9.01,Item 1.01; Item 2.01; Item 3.02; Item 7.01; Item 9.01,True,True,ea026220901ex99-1_ethzilla.htm; ea026220901ex99-2_ethzilla.htm,ea026220901ex2-1_ethzilla.htm,True,ATM,Tier-1,https://www.sec.gov/Archives/edgar/data/1690080/000121390025101418/ea0262209-8k_ethzilla.htm,,True,Tier-1,Financing,,True,purchase_agreement;subscription_agreement;convertible;warrant;offering,
0001690080,ETHZilla Corp,ETHZ,8-K,2025-11-14,2025-11-12,2025-11-12,0001213900-25-110370,https://www.sec.gov/Archives/edgar/data/1690080/000121390025110370/ea0265689-8k_ethzilla.htm,https://www.sec.gov/Archives/edgar/data/1690080/000121390025110370/ea0265689-8k_ethzilla.htm,2025-11-12,2025-11-14 08:01:51,https://www.sec.gov/Archives/edgar/data/1690080/0001213900-25-110370-index.html,Item 2.02; Item 5.02; Item 9.01,Item 2.02; Item 5.02; Item 9.01,True,True,ea026568901ex99-1_ethzilla.htm; ea026568901ex99-2_ethzilla.htm,ea026568901ex10-1_ethzilla.htm,True,ATM,Tier-1,https://www.sec.gov/Archives/edgar/data/1690080/000121390025110370/ea0265689-8k_ethzilla.htm,,True,Tier-1,Financing,,True,convertible;warrant;offering,
0001690080,ETHZilla Corp,ETHZ,8-K,2025-10-15,2025-10-14,2025-10-14,0001213900-25-098968,https://www.sec.gov/Archives/edgar/data/1690080/000121390025098968/ea0261267-8k_ethzilla.htm,https://www.sec.gov/Archives/edgar/data/1690080/000121390025098968/ea0261267-8k_ethzilla.htm,2025-10-14,2025-10-15 08:00:30,https://www.sec.gov/Archives/edgar/data/1690080/0001213900-25-098968-index.html,Item 5.03; Item 3.03; Item 5.07; Item 8.01; Item 9.01,Item 5.03; Item 3.03; Item 5.07; Item 8.01; Item 9.01,True,True,ea026126701ex99-1_ethzilla.htm,,True,ATM,Tier-1,https://www.sec.gov/Archives/edgar/data/1690080/000121390025098968/ea0261267-8k_ethzilla.htm,,True,Tier-1,Financing,,True,warrant,
0001690080,ETHZilla Corp,ETHZ,8-K,2025-09-30,2025-09-30,2025-09-30,0001213900-25-093411,https://www.sec.gov/Archives/edgar/data/1690080/000121390025093411/ea0259105-8k_ethzilla.htm,https://www.sec.gov/Archives/edgar/data/1690080/000121390025093411/ea0259105-8k_ethzilla.htm,2025-09-30,2025-09-30 08:00:55,https://www.sec.gov/Archives/edgar/data/1690080/0001213900-25-093411-index.html,Item 7.01; Item 8.01; Item 9.01,Item 7.01; Item 8.01; Item 9.01,True,True,ea025910501ex99-1_ethzilla.htm,,True,ATM,Tier-1,https://www.sec.gov/Archives/edgar/data/1690080/000121390025093411/ea0259105-8k_ethzilla.htm,,True,Tier-1,Financing,,True,convertible;warrant;offering,
0001690080,ETHZilla Corp,ETHZ,8-K,2025-10-08,2025-10-07,2025-10-07,0001213900-25-097483,https://www.sec.gov/Archives/edgar/data/1690080/000121390025097483/ea0260653-8k_ethzilla.htm,https://www.sec.gov/Archives/edgar/data/1690080/000121390025097483/ea0260653-8k_ethzilla.htm,2025-10-07,2025-10-08 17:15:25,https://www.sec.gov/Archives/edgar/data/1690080/0001213900-25-097483-index.html,Item 3.03; Item 5.03; Item 5.07; Item 5.02; Item 7.01; Item 8.01; Item 9.01,Item 3.03; Item 5.03; Item 5.07; Item 5.02; Item 7.01; Item 8.01; Item 9.01,True,True,ea026065301ex99-1_ethzilla.htm,ea026065301ex10-1_ethzilla.htm,True,ATM,Tier-1,https://www.sec.gov/Archives/edgar/data/1690080/000121390025097483/ea0260653-8k_ethzilla.htm,,True,Tier-1,Financing,,True,convertible;offering,
0001690080,ETHZilla Corp,ETHZ,8-K,2025-09-22,2025-09-22,2025-09-22,0001213900-25-089862,https://www.sec.gov/Archives/edgar/data/1690080/000121390025089862/ea0258188-8k_ethzilla.htm,https://www.sec.gov/Archives/edgar/data/1690080/000121390025089862/ea0258188-8k_ethzilla.htm,2025-09-22,2025-09-22 09:25:42,https://www.sec.gov/Archives/edgar/data/1690080/0001213900-25-089862-index.html,Item 1.01; Item 2.03; Item 3.02; Item 3.03; Item 7.01; Item 8.01; Item 9.01,Item 1.01; Item 2.03; Item 3.02; Item 3.03; Item 7.01; Item 8.01; Item 9.01,True,True,ea025818801ex99-1_ethzilla.htm,ea025818801ex10-2_ethzilla.htm,True,ATM,Tier-1,https://www.sec.gov/Archives/edgar/data/1690080/000121390025089862/ea0258188-8k_ethzilla.htm,,True,Tier-1,Financing,,True,spa;purchase_agreement;atm;convertible;offering,
0001690080,ETHZilla Corp,ETHZ,8-K/A,2025-09-25,2025-09-22,2025-09-22,0001213900-25-091334,https://www.sec.gov/Archives/edgar/data/1690080/000121390025091334/ea0258605-8ka1_ethzilla.htm,https://www.sec.gov/Archives/edgar/data/1690080/000121390025091334/ea0258605-8ka1_ethzilla.htm,2025-09-22,2025-09-24 21:22:57,https://www.sec.gov/Archives/edgar/data/1690080/0001213900-25-091334-index.html,Item 1.01; Item 2.03; Item 3.02; Item 3.03; Item 7.01; Item 8.01; Item 9.01,Item 1.01; Item 2.03; Item 3.02; Item 3.03; Item 7.01; Item 8.01; Item 9.01,False,True,,,True,ATM,Tier-1,https://www.sec.gov/Archives/edgar/data/1690080/000121390025091334/ea0258605-8ka1_ethzilla.htm,,True,Tier-1,Financing,,True,spa;purchase_agreement;atm;convertible;offering,
0001690080,ETHZilla Corp,ETHZ,8-K/A,2025-08-21,2025-08-07,2025-08-07,0001213900-25-079088,https://www.sec.gov/Archives/edgar/data/1690080/000121390025079088/ea0254067-8ka1_ethzilla.htm,https://www.sec.gov/Archives/edgar/data/1690080/000121390025079088/ea0254067-8ka1_ethzilla.htm,2025-08-07,2025-08-20 19:32:28,https://www.sec.gov/Archives/edgar/data/1690080/0001213900-25-079088-index.html,Item 1.01; Item 2.03; Item 3.02; Item 5.02; Item 3.03; Item 7.01; Item 8.01; Item 9.01,Item 1.01; Item 2.03; Item 3.02; Item 5.02; Item 3.03; Item 7.01; Item 8.01; Item 9.01,False,True,,,True,ATM,Tier-1,https://www.sec.gov/Archives/edgar/data/1690080/000121390025079088/ea0254067-8ka1_ethzilla.htm,,True,Tier-1,Financing,,True,spa;purchase_agreement;convertible;warrant;offering,
0001690080,ETHZilla Corp,ETHZ,8-K/A,2025-08-18,2025-07-31,2025-07-31,0001213900-25-077692,https://www.sec.gov/Archives/edgar/data/1690080/000121390025077692/ea0253637-8ka1_ethzilla.htm,https://www.sec.gov/Archives/edgar/data/1690080/000121390025077692/ea0253637-8ka1_ethzilla.htm,2025-07-31,2025-08-18 06:33:10,https://www.sec.gov/Archives/edgar/data/1690080/0001213900-25-077692-index.html,Item 1.01; Item 3.02; Item 8.01; Item 5.02; Item 7.01; Item 9.01,Item 1.01; Item 3.02; Item 8.01; Item 5.02; Item 7.01; Item 9.01,False,True,,,True,ATM,Tier-1,https://www.sec.gov/Archives/edgar/data/1690080/000121390025077692/ea0253637-8ka1_ethzilla.htm,,True,Tier-1,Financing,,True,spa;purchase_agreement;warrant;offering,
0001476840,"Expensify, Inc.",EXFY,8-K,2025-10-15,2025-10-09,2025-10-09,0001476840-25-000131,https://www.sec.gov/Archives/edgar/data/1476840/000147684025000131/exfy-20251009.htm,https://www.sec.gov/Archives/edgar/data/1476840/000147684025000131/exfy-20251009.htm,2025-10-09,2025-10-15 16:47:08,https://www.sec.gov/Archives/edgar/data/1476840/0001476840-25-000131-index.html,Item 1.01; Item 2.03; Item 9.01,Item 1.01; Item 2.03; Item 9.01,False,True,,exhibit101-8xklocxletterof.htm,True,ATM,Tier-1,https://www.sec.gov/Archives/edgar/data/1476840/000147684025000131/exfy-20251009.htm,,True,Tier-1,Financing,,True,warrant,
0001476840,"Expensify, Inc.",EXFY,8-K,2025-11-06,2025-11-06,2025-11-06,0001476840-25-000139,https://www.sec.gov/Archives/edgar/data/1476840/000147684025000139/exfy-20251106.htm,https://www.sec.gov/Archives/edgar/data/1476840/000147684025000139/exfy-20251106.htm,2025-11-06,2025-11-06 16:38:12,https://www.sec.gov/Archives/edgar/data/1476840/0001476840-25-000139-index.html,Item 2.02; Item 7.01; Item 9.01,Item 2.02; Item 7.01; Item 9.01,True,True,exhibit991-8xkq325earnings.htm; exhibit992-8xkq325investor.htm,,True,ATM,Tier-1,https://www.sec.gov/Archives/edgar/data/1476840/000147684025000139/exfy-20251106.htm,,True,Tier-1,Financing,,True,offering,
0001476840,"Expensify, Inc.",EXFY,8-K,2025-08-07,2025-08-07,2025-08-07,0001476840-25-000114,https://www.sec.gov/Archives/edgar/data/1476840/000147684025000114/exfy-20250807.htm,https://www.sec.gov/Archives/edgar/data/1476840/000147684025000114/exfy-20250807.htm,2025-08-07,2025-08-07 16:07:44,https://www.sec.gov/Archives/edgar/data/1476840/0001476840-25-000114-index.html,Item 2.02; Item 7.01; Item 9.01,Item 2.02; Item 7.01; Item 9.01,True,True,exhibit991-8xkq225earnings.htm; exhibit992-8xkq225investor.htm,,True,ATM,Tier-1,https://www.sec.gov/Archives/edgar/data/1476840/000147684025000114/exfy-20250807.htm,,True,Tier-1,Financing,,True,offering,
0001476840,"Expensify, Inc.",EXFY,8-K,2025-05-08,2025-05-08,2025-05-08,0001476840-25-000069,https://www.sec.gov/Archives/edgar/data/1476840/000147684025000069/exfy-20250508.htm,https://www.sec.gov/Archives/edgar/data/1476840/000147684025000069/exfy-20250508.htm,2025-05-08,2025-05-08 16:10:41,https://www.sec.gov/Archives/edgar/data/1476840/0001476840-25-000069-index.html,Item 2.02; Item 7.01; Item 9.01,Item 2.02; Item 7.01; Item 9.01,True,True,exhibit991-8xkq125earnings.htm; exhibit992-8xkq125investor.htm,,True,ATM,Tier-1,https://www.sec.gov/Archives/edgar/data/1476840/000147684025000069/exfy-20250508.htm,,True,Tier-1,Financing,,True,offering,
0000886128,FUELCELL ENERGY INC,FCEL,8-K,2025-11-10,2025-11-06,2025-11-06,0001104659-25-109262,https://www.sec.gov/Archives/edgar/data/886128/000110465925109262/fcel-20251106x8k.htm,https://www.sec.gov/Archives/edgar/data/886128/000110465925109262/fcel-20251106x8k.htm,2025-11-06,2025-11-10 17:00:10,https://www.sec.gov/Archives/edgar/data/886128/0001104659-25-109262-index.html,Item 8.01,Item 8.01,False,True,,,True,ATM,Tier-1,https://www.sec.gov/Archives/edgar/data/886128/000110465925109262/fcel-20251106x8k.htm,,True,Tier-1,Financing,,True,atm;offering,
0001476840,"Expensify, Inc.",EXFY,8-K,2024-11-07,2024-11-07,2024-11-07,0001476840-24-000213,https://www.sec.gov/Archives/edgar/data/1476840/000147684024000213/exfy-20241107.htm,https://www.sec.gov/Archives/edgar/data/1476840/000147684024000213/exfy-20241107.htm,2024-11-07,2024-11-07 16:13:32,https://www.sec.gov/Archives/edgar/data/1476840/0001476840-24-000213-index.html,Item 2.02; Item 7.01; Item 9.01,Item 2.02; Item 7.01; Item 9.01,True,True,exhibit991-8xkq324earnings.htm; exhibit992-8xkq324investor.htm,,True,ATM,Tier-1,https://www.sec.gov/Archives/edgar/data/1476840/000147684024000213/exfy-20241107.htm,,True,Tier-1,Financing,,True,offering,
0001476840,"Expensify, Inc.",EXFY,8-K,2025-02-27,2025-02-27,2025-02-27,0001476840-25-000016,https://www.sec.gov/Archives/edgar/data/1476840/000147684025000016/exfy-20250227.htm,https://www.sec.gov/Archives/edgar/data/1476840/000147684025000016/exfy-20250227.htm,2025-02-27,2025-02-27 16:10:23,https://www.sec.gov/Archives/edgar/data/1476840/0001476840-25-000016-index.html,Item 2.02; Item 7.01; Item 8.01; Item 9.01,Item 2.02; Item 7.01; Item 8.01; Item 9.01,True,True,exhibit991-8xkq424earnings.htm; exhibit992-8xkq424investor.htm; exhibit993-8xkq424sharerep.htm,,True,ATM,Tier-1,https://www.sec.gov/Archives/edgar/data/1476840/000147684025000016/exfy-20250227.htm,,True,Tier-1,Financing,,True,offering,
0000886128,FUELCELL ENERGY INC,FCEL,8-K,2025-09-09,2025-09-09,2025-09-09,0001558370-25-011950,https://www.sec.gov/Archives/edgar/data/886128/000155837025011950/fcel-20250909x8k.htm,https://www.sec.gov/Archives/edgar/data/886128/000155837025011950/fcel-20250909x8k.htm,2025-09-09,2025-09-09 07:36:21,https://www.sec.gov/Archives/edgar/data/886128/0001558370-25-011950-index.html,Item 2.02; Item 7.01; Item 9.01,Item 2.02; Item 7.01; Item 9.01,True,True,fcel-20250909xex99d1.htm; fcel-20250909xex99d2.htm,,True,ContractAward,Tier-1,https://www.sec.gov/Archives/edgar/data/886128/000155837025011950/fcel-20250909x8k.htm,,True,Tier-1,Financing,,True,purchase_agreement,
0000886128,FUELCELL ENERGY INC,FCEL,8-K,2025-06-06,2025-06-06,2025-06-06,0001558370-25-008461,https://www.sec.gov/Archives/edgar/data/886128/000155837025008461/fcel-20250606x8k.htm,https://www.sec.gov/Archives/edgar/data/886128/000155837025008461/fcel-20250606x8k.htm,2025-06-06,2025-06-06 07:35:19,https://www.sec.gov/Archives/edgar/data/886128/0001558370-25-008461-index.html,Item 2.02; Item 7.01; Item 9.01,Item 2.02; Item 7.01; Item 9.01,True,True,fcel-20250606xex99d1.htm; fcel-20250606xex99d2.htm,,True,ContractAward,Tier-1,https://www.sec.gov/Archives/edgar/data/886128/000155837025008461/fcel-20250606x8k.htm,,True,Tier-1,Financing,,True,purchase_agreement,
0001098151,FIDELITY D & D BANCORP INC,FDBC,8-K,2025-11-04,2025-11-03,2025-11-03,0001437749-25-032964,https://www.sec.gov/Archives/edgar/data/1098151/000143774925032964/fdbc20251031_8k.htm,https://www.sec.gov/Archives/edgar/data/1098151/000143774925032964/fdbc20251031_8k.htm,2025-11-03,2025-11-04 14:05:42,https://www.sec.gov/Archives/edgar/data/1098151/0001437749-25-032964-index.html,Item 8.01,Item 8.01,True,True,ex_880754.htm,,True,OtherEvent,Tier-2,https://www.sec.gov/Archives/edgar/data/1098151/000143774925032964/fdbc20251031_8k.htm,,True,Tier-2,,,False,,
0000886128,FUELCELL ENERGY INC,FCEL,8-K,2025-03-11,2025-03-11,2025-03-11,0001558370-25-002636,https://www.sec.gov/Archives/edgar/data/886128/000155837025002636/fcel-20250311x8k.htm,https://www.sec.gov/Archives/edgar/data/886128/000155837025002636/fcel-20250311x8k.htm,2025-03-11,2025-03-11 07:35:12,https://www.sec.gov/Archives/edgar/data/886128/0001558370-25-002636-index.html,Item 2.02; Item 7.01; Item 9.01,Item 2.02; Item 7.01; Item 9.01,True,True,fcel-20250311xex99d1.htm; fcel-20250311xex99d2.htm,,True,ContractAward,Tier-1,https://www.sec.gov/Archives/edgar/data/886128/000155837025002636/fcel-20250311x8k.htm,,True,Tier-1,Financing,,True,purchase_agreement,
0001098151,FIDELITY D & D BANCORP INC,FDBC,8-K,2025-09-18,2025-09-16,2025-09-16,0001437749-25-029374,https://www.sec.gov/Archives/edgar/data/1098151/000143774925029374/fdbc20250911_8k.htm,https://www.sec.gov/Archives/edgar/data/1098151/000143774925029374/fdbc20250911_8k.htm,2025-09-16,2025-09-18 13:10:48,https://www.sec.gov/Archives/edgar/data/1098151/0001437749-25-029374-index.html,Item 5.02,Item 5.02,True,True,ex_862019.htm,,True,ATM,Tier-1,https://www.sec.gov/Archives/edgar/data/1098151/000143774925029374/fdbc20250911_8k.htm,,True,Tier-1,Financing,,True,offering,
0001098151,FIDELITY D & D BANCORP INC,FDBC,8-K,2025-05-06,2025-05-06,2025-05-06,0001437749-25-014820,https://www.sec.gov/Archives/edgar/data/1098151/000143774925014820/fdbc20250429_8k.htm,https://www.sec.gov/Archives/edgar/data/1098151/000143774925014820/fdbc20250429_8k.htm,2025-05-06,2025-05-06 17:07:50,https://www.sec.gov/Archives/edgar/data/1098151/0001437749-25-014820-index.html,Item 5.07; Item 7.01; Item 9.01,Item 5.07; Item 7.01; Item 9.01,True,True,ex_812922.htm,,True,OtherEvent,Tier-2,https://www.sec.gov/Archives/edgar/data/1098151/000143774925014820/fdbc20250429_8k.htm,,True,Tier-2,,,False,,
0001098151,FIDELITY D & D BANCORP INC,FDBC,8-K,2025-10-22,2025-10-22,2025-10-22,0001437749-25-031479,https://www.sec.gov/Archives/edgar/data/1098151/000143774925031479/fdbc20250819_8k.htm,https://www.sec.gov/Archives/edgar/data/1098151/000143774925031479/fdbc20250819_8k.htm,2025-10-22,2025-10-22 11:04:59,https://www.sec.gov/Archives/edgar/data/1098151/0001437749-25-031479-index.html,Item 2.02; Item 9.01,Item 2.02; Item 9.01,True,True,ex_855080.htm,,True,ATM,Tier-1,https://www.sec.gov/Archives/edgar/data/1098151/000143774925031479/fdbc20250819_8k.htm,,True,Tier-1,Financing,,True,offering,
0001098151,FIDELITY D & D BANCORP INC,FDBC,8-K,2025-07-23,2025-07-23,2025-07-23,0001437749-25-023295,https://www.sec.gov/Archives/edgar/data/1098151/000143774925023295/fdbc20250522_8k.htm,https://www.sec.gov/Archives/edgar/data/1098151/000143774925023295/fdbc20250522_8k.htm,2025-07-23,2025-07-23 11:36:21,https://www.sec.gov/Archives/edgar/data/1098151/0001437749-25-023295-index.html,Item 2.02; Item 9.01,Item 2.02; Item 9.01,True,True,ex_822776.htm,,True,ATM,Tier-1,https://www.sec.gov/Archives/edgar/data/1098151/000143774925023295/fdbc20250522_8k.htm,,True,Tier-1,Financing,,True,offering,
0001339005,FEMASYS INC,FEMY,8-K,2025-11-14,2025-11-14,2025-11-14,0001140361-25-042304,https://www.sec.gov/Archives/edgar/data/1339005/000114036125042304/ef20059086_8k.htm,https://www.sec.gov/Archives/edgar/data/1339005/000114036125042304/ef20059086_8k.htm,2025-11-14,2025-11-14 16:09:04,https://www.sec.gov/Archives/edgar/data/1339005/0001140361-25-042304-index.html,Item 2.02; Item 9.01,Item 2.02; Item 9.01,True,True,ef20059086_ex99-1.htm,,True,ATM,Tier-1,https://www.sec.gov/Archives/edgar/data/1339005/000114036125042304/ef20059086_8k.htm,,True,Tier-1,Financing,,True,convertible;warrant;offering,
0001339005,FEMASYS INC,FEMY,8-K,2025-11-10,2025-11-10,2025-11-10,0001140361-25-041293,https://www.sec.gov/Archives/edgar/data/1339005/000114036125041293/ef20058658_form8k.htm,https://www.sec.gov/Archives/edgar/data/1339005/000114036125041293/ef20058658_form8k.htm,2025-11-10,2025-11-10 09:22:58,https://www.sec.gov/Archives/edgar/data/1339005/0001140361-25-041293-index.html,Item 8.01; Item 9.01,Item 8.01; Item 9.01,True,True,ef20058658_ex99-1.htm,,True,ATM,Tier-1,https://www.sec.gov/Archives/edgar/data/1339005/000114036125041293/ef20058658_form8k.htm,,True,Tier-2,,,False,,
0001098151,FIDELITY D & D BANCORP INC,FDBC,8-K,2025-04-23,2025-04-23,2025-04-23,0001437749-25-012781,https://www.sec.gov/Archives/edgar/data/1098151/000143774925012781/fdbc20250129_8k.htm,https://www.sec.gov/Archives/edgar/data/1098151/000143774925012781/fdbc20250129_8k.htm,2025-04-23,2025-04-23 13:59:42,https://www.sec.gov/Archives/edgar/data/1098151/0001437749-25-012781-index.html,Item 2.02; Item 9.01,Item 2.02; Item 9.01,True,True,ex_772429.htm,,True,ATM,Tier-1,https://www.sec.gov/Archives/edgar/data/1098151/000143774925012781/fdbc20250129_8k.htm,,True,Tier-1,Financing,,True,offering,
0001339005,FEMASYS INC,FEMY,8-K,2025-11-07,2025-11-03,2025-11-03,0001140361-25-041180,https://www.sec.gov/Archives/edgar/data/1339005/000114036125041180/ef20058459_8k.htm,https://www.sec.gov/Archives/edgar/data/1339005/000114036125041180/ef20058459_8k.htm,2025-11-03,2025-11-07 17:08:36,https://www.sec.gov/Archives/edgar/data/1339005/0001140361-25-041180-index.html,Item 1.01; Item 3.02; Item 9.01,Item 1.01; Item 3.02; Item 9.01,False,True,,ef20058459_ex10-1.htm; ef20058459_ex10-2.htm; ef20058459_ex10-3.htm,True,ATM,Tier-1,https://www.sec.gov/Archives/edgar/data/1339005/000114036125041180/ef20058459_8k.htm,,True,Tier-1,Financing,,True,spa;purchase_agreement;convertible;warrant;offering,
0001098151,FIDELITY D & D BANCORP INC,FDBC,8-K,2025-01-29,2025-01-29,2025-01-29,0001437749-25-002105,https://www.sec.gov/Archives/edgar/data/1098151/000143774925002105/fdbc20240925_8k.htm,https://www.sec.gov/Archives/edgar/data/1098151/000143774925002105/fdbc20240925_8k.htm,2025-01-29,2025-01-29 12:22:40,https://www.sec.gov/Archives/edgar/data/1098151/0001437749-25-002105-index.html,Item 2.02; Item 9.01,Item 2.02; Item 9.01,True,True,ex_727277.htm; ex_770862.htm,,True,ATM,Tier-1,https://www.sec.gov/Archives/edgar/data/1098151/000143774925002105/fdbc20240925_8k.htm,,True,Tier-1,Financing,,True,offering,
0001339005,FEMASYS INC,FEMY,8-K,2025-11-03,2025-11-03,2025-11-03,0001140361-25-040104,https://www.sec.gov/Archives/edgar/data/1339005/000114036125040104/ef20058162_8k.htm,https://www.sec.gov/Archives/edgar/data/1339005/000114036125040104/ef20058162_8k.htm,2025-11-03,2025-11-03 09:19:40,https://www.sec.gov/Archives/edgar/data/1339005/0001140361-25-040104-index.html,Item 8.01; Item 9.01,Item 8.01; Item 9.01,True,True,ef20058162_ex99-1.htm,,True,ATM,Tier-1,https://www.sec.gov/Archives/edgar/data/1339005/000114036125040104/ef20058162_8k.htm,,True,Tier-1,Financing,,True,convertible;warrant;offering,
0001339005,FEMASYS INC,FEMY,8-K,2025-10-21,2025-10-20,2025-10-20,0001140361-25-038733,https://www.sec.gov/Archives/edgar/data/1339005/000114036125038733/ef20057473_8k.htm,https://www.sec.gov/Archives/edgar/data/1339005/000114036125038733/ef20057473_8k.htm,2025-10-20,2025-10-21 09:16:10,https://www.sec.gov/Archives/edgar/data/1339005/0001140361-25-038733-index.html,Item 3.01; Item 9.01,Item 3.01; Item 9.01,False,True,,,True,ATM,Tier-1,https://www.sec.gov/Archives/edgar/data/1339005/000114036125038733/ef20057473_8k.htm,,True,Tier-1,Financing,,True,warrant;offering,
0001339005,FEMASYS INC,FEMY,8-K,2025-08-20,2025-08-20,2025-08-20,0001140361-25-032014,https://www.sec.gov/Archives/edgar/data/1339005/000114036125032014/ef20054250_8k.htm,https://www.sec.gov/Archives/edgar/data/1339005/000114036125032014/ef20054250_8k.htm,2025-08-20,2025-08-20 09:16:11,https://www.sec.gov/Archives/edgar/data/1339005/0001140361-25-032014-index.html,Item 8.01; Item 9.01,Item 8.01; Item 9.01,True,True,ef20054250_ex99-1.htm,,True,ATM,Tier-1,https://www.sec.gov/Archives/edgar/data/1339005/000114036125032014/ef20054250_8k.htm,,True,Tier-2,,,False,,
0001339005,FEMASYS INC,FEMY,8-K,2025-08-27,2025-08-25,2025-08-25,0001140361-25-032806,https://www.sec.gov/Archives/edgar/data/1339005/000114036125032806/ny20053452x9_8k.htm,https://www.sec.gov/Archives/edgar/data/1339005/000114036125032806/ny20053452x9_8k.htm,2025-08-25,2025-08-26 21:34:22,https://www.sec.gov/Archives/edgar/data/1339005/0001140361-25-032806-index.html,Item 1.01; Item 3.02; Item 9.01,Item 1.01; Item 3.02; Item 9.01,False,True,,ny20053452x9_ex1-1.htm,True,ATM,Tier-1,https://www.sec.gov/Archives/edgar/data/1339005/000114036125032806/ny20053452x9_8k.htm,,True,Tier-1,Financing,,True,underwriting_agreement;warrant;offering,
0001339005,FEMASYS INC,FEMY,8-K,2025-08-06,2025-08-06,2025-08-06,0001140361-25-029065,https://www.sec.gov/Archives/edgar/data/1339005/000114036125029065/ef20053293_8k.htm,https://www.sec.gov/Archives/edgar/data/1339005/000114036125029065/ef20053293_8k.htm,2025-08-06,2025-08-06 09:20:02,https://www.sec.gov/Archives/edgar/data/1339005/0001140361-25-029065-index.html,Item 8.01; Item 9.01,Item 8.01; Item 9.01,True,True,ef20053293_ex99-1.htm,,True,ATM,Tier-1,https://www.sec.gov/Archives/edgar/data/1339005/000114036125029065/ef20053293_8k.htm,,True,Tier-2,,,False,,
0001339005,FEMASYS INC,FEMY,8-K,2025-08-08,2025-08-08,2025-08-08,0001140361-25-029860,https://www.sec.gov/Archives/edgar/data/1339005/000114036125029860/ef20053541_8k.htm,https://www.sec.gov/Archives/edgar/data/1339005/000114036125029860/ef20053541_8k.htm,2025-08-08,2025-08-08 16:11:06,https://www.sec.gov/Archives/edgar/data/1339005/0001140361-25-029860-index.html,Item 2.02; Item 9.01,Item 2.02; Item 9.01,True,True,ef20053541_ex99-1.htm,,True,ATM,Tier-1,https://www.sec.gov/Archives/edgar/data/1339005/000114036125029860/ef20053541_8k.htm,,True,Tier-1,Financing,,True,convertible;warrant;offering,
0002025401,Fifth Era Acquisition Corp I,FERA,8-K,2025-04-16,2025-04-16,2025-04-16,0001213900-25-032629,https://www.sec.gov/Archives/edgar/data/2025401/000121390025032629/ea0238604-8k_fifthera1.htm,https://www.sec.gov/Archives/edgar/data/2025401/000121390025032629/ea0238604-8k_fifthera1.htm,2025-04-16,2025-04-16 17:05:12,https://www.sec.gov/Archives/edgar/data/2025401/0001213900-25-032629-index.html,Item 8.01; Item 9.01,Item 8.01; Item 9.01,True,True,ea023860401ex99-1_fifthera1.htm,,True,ATM,Tier-1,https://www.sec.gov/Archives/edgar/data/2025401/000121390025032629/ea0238604-8k_fifthera1.htm,,True,Tier-1,Financing,,True,offering,
0002025401,Fifth Era Acquisition Corp I,FERA,8-K,2025-03-07,2025-03-03,2025-03-03,0001213900-25-021774,https://www.sec.gov/Archives/edgar/data/2025401/000121390025021774/ea0233398-8k_fifthera1.htm,https://www.sec.gov/Archives/edgar/data/2025401/000121390025021774/ea0233398-8k_fifthera1.htm,2025-03-03,2025-03-07 16:30:27,https://www.sec.gov/Archives/edgar/data/2025401/0001213900-25-021774-index.html,Item 8.01; Item 9.01,Item 8.01; Item 9.01,True,True,ea023339801ex99-1_fifthera1.htm,,True,ATM,Tier-1,https://www.sec.gov/Archives/edgar/data/2025401/000121390025021774/ea0233398-8k_fifthera1.htm,,True,Tier-1,Financing,,True,underwriting_agreement;convertible;offering,
0002025401,Fifth Era Acquisition Corp I,FERA,8-K,2025-03-03,2025-02-27,2025-02-27,0001213900-25-019490,https://www.sec.gov/Archives/edgar/data/2025401/000121390025019490/ea0232573-8k_fifthera1.htm,https://www.sec.gov/Archives/edgar/data/2025401/000121390025019490/ea0232573-8k_fifthera1.htm,2025-02-27,2025-03-03 17:25:08,https://www.sec.gov/Archives/edgar/data/2025401/0001213900-25-019490-index.html,Item 1.01; Item 3.02; Item 8.01; Item 9.01,Item 1.01; Item 3.02; Item 8.01; Item 9.01,True,True,ea023257301ex99-1_fifthera1.htm; ea023257301ex99-2_fifthera1.htm,ea023257301ex1-1_fifthera1.htm; ea023257301ex10-1_fifthera1.htm; ea023257301ex10-2_fifthera1.htm; ea023257301ex10-3_fifthera1.htm; ea023257301ex10-4_fifthera1.htm; ea023257301ex10-5_fifthera1.htm; ea023257301ex10-6_fifthera1.htm,True,ATM,Tier-1,https://www.sec.gov/Archives/edgar/data/2025401/000121390025019490/ea0232573-8k_fifthera1.htm,,True,Tier-1,Financing,,True,purchase_agreement;underwriting_agreement;offering,
0001337298,FutureFuel Corp.,FF,8-K,2025-10-22,2025-10-21,2025-10-21,0001437749-25-031439,https://www.sec.gov/Archives/edgar/data/1337298/000143774925031439/ff20251021_8k.htm,https://www.sec.gov/Archives/edgar/data/1337298/000143774925031439/ff20251021_8k.htm,2025-10-21,2025-10-21 18:25:09,https://www.sec.gov/Archives/edgar/data/1337298/0001437749-25-031439-index.html,Item 8.01; Item 9.01,Item 8.01; Item 9.01,True,True,ex_873576.htm,,True,ListingChange,Tier-1,https://www.sec.gov/Archives/edgar/data/1337298/000143774925031439/ff20251021_8k.htm,,True,Tier-2,,,False,,
0001337298,FutureFuel Corp.,FF,8-K,2025-09-30,2025-09-17,2025-09-17,0001437749-25-030059,https://www.sec.gov/Archives/edgar/data/1337298/000143774925030059/ff20250929_8k.htm,https://www.sec.gov/Archives/edgar/data/1337298/000143774925030059/ff20250929_8k.htm,2025-09-17,2025-09-29 21:21:24,https://www.sec.gov/Archives/edgar/data/1337298/0001437749-25-030059-index.html,Item 5.02; Item 9.01,Item 5.02; Item 9.01,True,True,ex_865160.htm,,True,ListingChange,Tier-1,https://www.sec.gov/Archives/edgar/data/1337298/000143774925030059/ff20250929_8k.htm,,True,Tier-2,,,False,,
0001337298,FutureFuel Corp.,FF,8-K,2025-11-10,2025-11-10,2025-11-10,0001437749-25-034099,https://www.sec.gov/Archives/edgar/data/1337298/000143774925034099/ff20250821_8k.htm,https://www.sec.gov/Archives/edgar/data/1337298/000143774925034099/ff20250821_8k.htm,2025-11-10,2025-11-10 16:13:05,https://www.sec.gov/Archives/edgar/data/1337298/0001437749-25-034099-index.html,Item 2.02; Item 9.01,Item 2.02; Item 9.01,True,True,ex_856002.htm,,True,ATM,Tier-1,https://www.sec.gov/Archives/edgar/data/1337298/000143774925034099/ff20250821_8k.htm,,True,Tier-1,Financing,,True,offering,
0001337298,FutureFuel Corp.,FF,8-K,2025-07-01,2025-07-01,2025-07-01,0001437749-25-021742,https://www.sec.gov/Archives/edgar/data/1337298/000143774925021742/ff20250701_8k.htm,https://www.sec.gov/Archives/edgar/data/1337298/000143774925021742/ff20250701_8k.htm,2025-07-01,2025-07-01 16:10:30,https://www.sec.gov/Archives/edgar/data/1337298/0001437749-25-021742-index.html,Item 8.01; Item 9.01,Item 8.01; Item 9.01,True,True,ex_835553.htm,,True,ListingChange,Tier-1,https://www.sec.gov/Archives/edgar/data/1337298/000143774925021742/ff20250701_8k.htm,,True,Tier-2,,,False,,
0001337298,FutureFuel Corp.,FF,8-K,2025-06-17,2025-06-17,2025-06-17,0001437749-25-020694,https://www.sec.gov/Archives/edgar/data/1337298/000143774925020694/ff20250617_8k.htm,https://www.sec.gov/Archives/edgar/data/1337298/000143774925020694/ff20250617_8k.htm,2025-06-17,2025-06-17 17:02:49,https://www.sec.gov/Archives/edgar/data/1337298/0001437749-25-020694-index.html,Item 8.01; Item 9.01,Item 8.01; Item 9.01,True,True,ex_831794.htm,,True,FDA,Tier-1,https://www.sec.gov/Archives/edgar/data/1337298/000143774925020694/ff20250617_8k.htm,,True,Tier-2,,,False,,
0001337298,FutureFuel Corp.,FF,8-K,2025-08-11,2025-08-11,2025-08-11,0001437749-25-025924,https://www.sec.gov/Archives/edgar/data/1337298/000143774925025924/ff20250529_8k.htm,https://www.sec.gov/Archives/edgar/data/1337298/000143774925025924/ff20250529_8k.htm,2025-08-11,2025-08-11 16:06:42,https://www.sec.gov/Archives/edgar/data/1337298/0001437749-25-025924-index.html,Item 2.02; Item 9.01,Item 2.02; Item 9.01,True,True,ex_825031.htm,,True,ATM,Tier-1,https://www.sec.gov/Archives/edgar/data/1337298/000143774925025924/ff20250529_8k.htm,,True,Tier-1,Financing,,True,offering,
0001337298,FutureFuel Corp.,FF,8-K,2025-04-10,2025-04-10,2025-04-10,0001437749-25-011665,https://www.sec.gov/Archives/edgar/data/1337298/000143774925011665/ff20250410_8k.htm,https://www.sec.gov/Archives/edgar/data/1337298/000143774925011665/ff20250410_8k.htm,2025-04-10,2025-04-10 16:11:27,https://www.sec.gov/Archives/edgar/data/1337298/0001437749-25-011665-index.html,Item 8.01; Item 9.01,Item 8.01; Item 9.01,True,True,ex_800529.htm,,True,ListingChange,Tier-1,https://www.sec.gov/Archives/edgar/data/1337298/000143774925011665/ff20250410_8k.htm,,True,Tier-2,,,False,,
0001337298,FutureFuel Corp.,FF,8-K,2025-04-03,2025-04-03,2025-04-03,0001437749-25-010900,https://www.sec.gov/Archives/edgar/data/1337298/000143774925010900/ff20250401_8k.htm,https://www.sec.gov/Archives/edgar/data/1337298/000143774925010900/ff20250401_8k.htm,2025-04-03,2025-04-03 16:16:17,https://www.sec.gov/Archives/edgar/data/1337298/0001437749-25-010900-index.html,Item 5.02; Item 9.01,Item 5.02; Item 9.01,True,True,ex_797694.htm,,True,ContractAward,Tier-1,https://www.sec.gov/Archives/edgar/data/1337298/000143774925010900/ff20250401_8k.htm,,True,Tier-2,,,False,,
0001337298,FutureFuel Corp.,FF,8-K,2025-05-12,2025-05-12,2025-05-12,0001437749-25-016124,https://www.sec.gov/Archives/edgar/data/1337298/000143774925016124/ff20250415_8k.htm,https://www.sec.gov/Archives/edgar/data/1337298/000143774925016124/ff20250415_8k.htm,2025-05-12,2025-05-12 16:15:16,https://www.sec.gov/Archives/edgar/data/1337298/0001437749-25-016124-index.html,Item 2.02; Item 9.01,Item 2.02; Item 9.01,True,True,ex_801893.htm,,True,ATM,Tier-1,https://www.sec.gov/Archives/edgar/data/1337298/000143774925016124/ff20250415_8k.htm,,True,Tier-1,Financing,,True,offering,
0001408534,"First Guaranty Bancshares, Inc.",FGBI,8-K,2025-11-14,2025-11-14,2025-11-14,0001408534-25-000090,https://www.sec.gov/Archives/edgar/data/1408534/000140853425000090/fgbi-20251114.htm,https://www.sec.gov/Archives/edgar/data/1408534/000140853425000090/fgbi-20251114.htm,2025-11-14,2025-11-14 16:30:29,https://www.sec.gov/Archives/edgar/data/1408534/0001408534-25-000090-index.html,Item 2.02; Item 9.01,Item 2.02; Item 9.01,True,True,a2025_3rdquarterreportxd.htm,,True,ATM,Tier-1,https://www.sec.gov/Archives/edgar/data/1408534/000140853425000090/fgbi-20251114.htm,,True,Tier-1,Financing,,True,purchase_agreement,
0001408534,"First Guaranty Bancshares, Inc.",FGBI,8-K,2025-08-25,2025-08-25,2025-08-25,0001408534-25-000073,https://www.sec.gov/Archives/edgar/data/1408534/000140853425000073/fgbi-20250825.htm,https://www.sec.gov/Archives/edgar/data/1408534/000140853425000073/fgbi-20250825.htm,2025-08-25,2025-08-25 16:30:42,https://www.sec.gov/Archives/edgar/data/1408534/0001408534-25-000073-index.html,Item 2.02; Item 9.01,Item 2.02; Item 9.01,True,True,a2025_2ndquarterreportxd.htm,,True,ATM,Tier-1,https://www.sec.gov/Archives/edgar/data/1408534/000140853425000073/fgbi-20250825.htm,,True,Tier-1,Financing,,True,purchase_agreement,
0001408534,"First Guaranty Bancshares, Inc.",FGBI,8-K,2025-10-31,2025-10-31,2025-10-31,0001408534-25-000084,https://www.sec.gov/Archives/edgar/data/1408534/000140853425000084/fgbi-20251031.htm,https://www.sec.gov/Archives/edgar/data/1408534/000140853425000084/fgbi-20251031.htm,2025-10-31,2025-10-31 09:17:36,https://www.sec.gov/Archives/edgar/data/1408534/0001408534-25-000084-index.html,Item 2.02; Item 9.01,Item 2.02; Item 9.01,True,True,fgbi-ex991earningspressrel.htm,,True,ATM,Tier-1,https://www.sec.gov/Archives/edgar/data/1408534/000140853425000084/fgbi-20251031.htm,,True,Tier-1,Financing,,True,purchase_agreement,
0001408534,"First Guaranty Bancshares, Inc.",FGBI,8-K,2025-06-18,2025-06-16,2025-06-16,0001408534-25-000049,https://www.sec.gov/Archives/edgar/data/1408534/000140853425000049/fgbi-20250616.htm,https://www.sec.gov/Archives/edgar/data/1408534/000140853425000049/fgbi-20250616.htm,2025-06-16,2025-06-18 17:25:14,https://www.sec.gov/Archives/edgar/data/1408534/0001408534-25-000049-index.html,Item 1.01,Item 1.01,False,True,,fgbi-ex101exchangeagreemen.htm,True,ATM,Tier-1,https://www.sec.gov/Archives/edgar/data/1408534/000140853425000049/fgbi-20250616.htm,,True,Tier-1,Financing,,True,warrant,
0001408534,"First Guaranty Bancshares, Inc.",FGBI,8-K,2025-08-01,2025-07-31,2025-07-31,0001408534-25-000063,https://www.sec.gov/Archives/edgar/data/1408534/000140853425000063/fgbi-20250731.htm,https://www.sec.gov/Archives/edgar/data/1408534/000140853425000063/fgbi-20250731.htm,2025-07-31,2025-07-31 17:49:43,https://www.sec.gov/Archives/edgar/data/1408534/0001408534-25-000063-index.html,Item 2.02; Item 9.01,Item 2.02; Item 9.01,True,True,fgbi-ex991earningspressrel.htm,,True,ATM,Tier-1,https://www.sec.gov/Archives/edgar/data/1408534/000140853425000063/fgbi-20250731.htm,,True,Tier-1,Financing,,True,purchase_agreement,
0001906364,FG Merger II Corp.,FGMC,8-K,2025-11-04,2025-11-03,2025-11-03,0001104659-25-105936,https://www.sec.gov/Archives/edgar/data/1906364/000110465925105936/tm2530117d1_8k.htm,https://www.sec.gov/Archives/edgar/data/1906364/000110465925105936/tm2530117d1_8k.htm,2025-11-03,2025-11-04 08:00:35,https://www.sec.gov/Archives/edgar/data/1906364/0001104659-25-105936-index.html,Item 7.01,Item 7.01,True,True,tm2530117d1_ex99-1.htm,tm2530117d1_ex2-1.htm,True,ATM,Tier-1,https://www.sec.gov/Archives/edgar/data/1906364/000110465925105936/tm2530117d1_8k.htm,,True,Tier-1,Financing,,True,offering,
0001906364,FG Merger II Corp.,FGMC,8-K,2025-08-22,2025-08-22,2025-08-22,0001104659-25-081877,https://www.sec.gov/Archives/edgar/data/1906364/000110465925081877/tm2524123d1_8k.htm,https://www.sec.gov/Archives/edgar/data/1906364/000110465925081877/tm2524123d1_8k.htm,2025-08-22,2025-08-22 16:06:49,https://www.sec.gov/Archives/edgar/data/1906364/0001104659-25-081877-index.html,Item 7.01; Item 9.01,Item 7.01; Item 9.01,True,True,tm2524123d1_ex99-1.htm,,True,ATM,Tier-1,https://www.sec.gov/Archives/edgar/data/1906364/000110465925081877/tm2524123d1_8k.htm,,True,Tier-1,Financing,,True,equity_line;warrant;offering,
0001906364,FG Merger II Corp.,FGMC,8-K,2025-05-15,2025-05-14,2025-05-14,0001104659-25-048722,https://www.sec.gov/Archives/edgar/data/1906364/000110465925048722/tm2515155d1_8k.htm,https://www.sec.gov/Archives/edgar/data/1906364/000110465925048722/tm2515155d1_8k.htm,2025-05-14,2025-05-14 21:52:16,https://www.sec.gov/Archives/edgar/data/1906364/0001104659-25-048722-index.html,Item 1.01; Item 8.01; Item 9.01,Item 1.01; Item 8.01; Item 9.01,True,True,tm2515155d1_ex99-1.htm,tm2515155d1_ex10-1.htm,True,ATM,Tier-1,https://www.sec.gov/Archives/edgar/data/1906364/000110465925048722/tm2515155d1_8k.htm,,True,Tier-1,Financing,,True,underwriting_agreement;offering,
0001906364,FG Merger II Corp.,FGMC,8-K,2025-02-07,2025-02-06,2025-02-06,0001104659-25-010189,https://www.sec.gov/Archives/edgar/data/1906364/000110465925010189/tm255816d1_8k.htm,https://www.sec.gov/Archives/edgar/data/1906364/000110465925010189/tm255816d1_8k.htm,2025-02-06,2025-02-06 18:50:22,https://www.sec.gov/Archives/edgar/data/1906364/0001104659-25-010189-index.html,Item 8.01; Item 9.01,Item 8.01; Item 9.01,True,True,tm255816d1_ex99-1.htm,,False,ATM,Tier-1,https://www.sec.gov/Archives/edgar/data/1906364/000110465925010189/tm255816d1_8k.htm,,True,Tier-1,Financing,,True,offering,
0001906364,FG Merger II Corp.,FGMC,8-K,2025-08-05,2025-08-04,2025-08-04,0001104659-25-073952,https://www.sec.gov/Archives/edgar/data/1906364/000110465925073952/tm2522561d1_8k.htm,https://www.sec.gov/Archives/edgar/data/1906364/000110465925073952/tm2522561d1_8k.htm,2025-08-04,2025-08-05 08:06:14,https://www.sec.gov/Archives/edgar/data/1906364/0001104659-25-073952-index.html,Item 1.01; Item 7.01; Item 9.01,Item 1.01; Item 7.01; Item 9.01,True,True,tm2522561d1_ex99-1.htm,tm2522561d1_ex2-1.htm; tm2522561d1_ex10-1.htm; tm2522561d1_ex10-2.htm; tm2522561d1_ex10-3.htm; tm2522561d1_ex10-4.htm,True,ATM,Tier-1,https://www.sec.gov/Archives/edgar/data/1906364/000110465925073952/tm2522561d1_8k.htm,,True,Tier-1,Financing,,True,offering,
0001408534,"First Guaranty Bancshares, Inc.",FGBI,8-K/A,2025-08-18,2025-07-31,2025-07-31,0001408534-25-000069,https://www.sec.gov/Archives/edgar/data/1408534/000140853425000069/fgbi-20250731.htm,https://www.sec.gov/Archives/edgar/data/1408534/000140853425000069/fgbi-20250731.htm,2025-07-31,2025-08-18 13:20:28,https://www.sec.gov/Archives/edgar/data/1408534/0001408534-25-000069-index.html,Item 2.02,Item 2.02,True,True,fgbi-ex991earningspressrel.htm,,True,ATM,Tier-1,https://www.sec.gov/Archives/edgar/data/1408534/000140853425000069/fgbi-20250731.htm,,True,Tier-1,Financing,,True,purchase_agreement,
0001906364,FG Merger II Corp.,FGMC,8-K,2025-02-05,2025-01-30,2025-01-30,0001104659-25-009685,https://www.sec.gov/Archives/edgar/data/1906364/000110465925009685/tm255499d1_8k.htm,https://www.sec.gov/Archives/edgar/data/1906364/000110465925009685/tm255499d1_8k.htm,2025-01-30,2025-02-05 16:21:21,https://www.sec.gov/Archives/edgar/data/1906364/0001104659-25-009685-index.html,Item 8.01; Item 9.01,Item 8.01; Item 9.01,True,True,tm255499d1_ex99-1.htm,,False,ATM,Tier-1,https://www.sec.gov/Archives/edgar/data/1906364/000110465925009685/tm255499d1_8k.htm,,True,Tier-1,Financing,,True,underwriting_agreement;warrant;offering,
0001083743,"Flux Power Holdings, Inc.",FLUX,8-K,2025-11-17,2025-11-17,2025-11-17,0001493152-25-023900,https://www.sec.gov/Archives/edgar/data/1083743/000149315225023900/form8-k.htm,https://www.sec.gov/Archives/edgar/data/1083743/000149315225023900/form8-k.htm,2025-11-17,2025-11-17 16:45:24,https://www.sec.gov/Archives/edgar/data/1083743/0001493152-25-023900-index.html,Item 8.01,Item 8.01,False,True,,,True,ATM,Tier-1,https://www.sec.gov/Archives/edgar/data/1083743/000149315225023900/form8-k.htm,,True,Tier-1,Financing,,True,purchase_agreement;warrant;offering,
0001906364,FG Merger II Corp.,FGMC,8-K,2025-02-03,2025-01-28,2025-01-28,0001104659-25-008720,https://www.sec.gov/Archives/edgar/data/1906364/000110465925008720/tm255270d1_8k.htm,https://www.sec.gov/Archives/edgar/data/1906364/000110465925008720/tm255270d1_8k.htm,2025-01-28,2025-02-03 17:26:29,https://www.sec.gov/Archives/edgar/data/1906364/0001104659-25-008720-index.html,Item 5.03; Item 7.01,Item 5.03; Item 7.01,True,True,tm255270d1_ex99-1.htm; tm255270d1_ex99-2.htm,tm255270d1_ex1-1.htm; tm255270d1_ex10-1.htm; tm255270d1_ex10-2.htm; tm255270d1_ex10-3.htm; tm255270d1_ex10-4.htm; tm255270d1_ex10-5.htm; tm255270d1_ex10-6.htm; tm255270d1_ex10-7.htm; tm255270d1_ex10-8.htm; tm255270d1_ex10-9.htm,False,ATM,Tier-1,https://www.sec.gov/Archives/edgar/data/1906364/000110465925008720/tm255270d1_8k.htm,,True,Tier-1,Financing,,True,warrant;offering,
0001083743,"Flux Power Holdings, Inc.",FLUX,8-K,2025-09-16,2025-09-15,2025-09-15,0001493152-25-013636,https://www.sec.gov/Archives/edgar/data/1083743/000149315225013636/form8-k.htm,https://www.sec.gov/Archives/edgar/data/1083743/000149315225013636/form8-k.htm,2025-09-15,2025-09-16 08:35:26,https://www.sec.gov/Archives/edgar/data/1083743/0001493152-25-013636-index.html,Item 1.01; Item 1.02; Item 3.02; Item 7.01; Item 9.01,Item 1.01; Item 1.02; Item 3.02; Item 7.01; Item 9.01,True,True,ex99-1.htm,ex10-1.htm; ex10-2.htm; ex10-3.htm; ex10-4.htm,True,ATM,Tier-1,https://www.sec.gov/Archives/edgar/data/1083743/000149315225013636/form8-k.htm,,True,Tier-1,Financing,,True,spa;purchase_agreement;convertible;warrant;offering,
0001083743,"Flux Power Holdings, Inc.",FLUX,8-K,2025-09-15,2025-09-10,2025-09-10,0001493152-25-013478,https://www.sec.gov/Archives/edgar/data/1083743/000149315225013478/form8-k.htm,https://www.sec.gov/Archives/edgar/data/1083743/000149315225013478/form8-k.htm,2025-09-10,2025-09-15 16:17:56,https://www.sec.gov/Archives/edgar/data/1083743/0001493152-25-013478-index.html,Item 3.03; Item 5.03; Item 9.01,Item 3.03; Item 5.03; Item 9.01,False,True,,,True,ATM,Tier-1,https://www.sec.gov/Archives/edgar/data/1083743/000149315225013478/form8-k.htm,,True,Tier-1,Financing,,True,convertible,
0001083743,"Flux Power Holdings, Inc.",FLUX,8-K,2025-11-13,2025-11-13,2025-11-13,0001493152-25-022337,https://www.sec.gov/Archives/edgar/data/1083743/000149315225022337/form8-k.htm,https://www.sec.gov/Archives/edgar/data/1083743/000149315225022337/form8-k.htm,2025-11-13,2025-11-13 16:26:48,https://www.sec.gov/Archives/edgar/data/1083743/0001493152-25-022337-index.html,Item 2.02; Item 9.01,Item 2.02; Item 9.01,True,True,ex99-1.htm,,True,ATM,Tier-1,https://www.sec.gov/Archives/edgar/data/1083743/000149315225022337/form8-k.htm,,True,Tier-1,Financing,,True,warrant;offering,
0001083743,"Flux Power Holdings, Inc.",FLUX,8-K,2025-09-16,2025-09-16,2025-09-16,0001493152-25-013712,https://www.sec.gov/Archives/edgar/data/1083743/000149315225013712/form8-k.htm,https://www.sec.gov/Archives/edgar/data/1083743/000149315225013712/form8-k.htm,2025-09-16,2025-09-16 16:16:38,https://www.sec.gov/Archives/edgar/data/1083743/0001493152-25-013712-index.html,Item 2.02; Item 7.01; Item 9.01,Item 2.02; Item 7.01; Item 9.01,True,True,ex99-1.htm,,True,ATM,Tier-1,https://www.sec.gov/Archives/edgar/data/1083743/000149315225013712/form8-k.htm,,True,Tier-1,Financing,,True,warrant,
0001083743,"Flux Power Holdings, Inc.",FLUX,8-K,2025-09-02,2025-08-29,2025-08-29,0001641172-25-026233,https://www.sec.gov/Archives/edgar/data/1083743/000164117225026233/form8-k.htm,https://www.sec.gov/Archives/edgar/data/1083743/000164117225026233/form8-k.htm,2025-08-29,2025-09-02 17:17:54,https://www.sec.gov/Archives/edgar/data/1083743/0001641172-25-026233-index.html,Item 5.07,Item 5.07,False,True,,,True,ATM,Tier-1,https://www.sec.gov/Archives/edgar/data/1083743/000164117225026233/form8-k.htm,,True,Tier-1,Financing,,True,warrant,
0001084869,1 800 FLOWERS COM INC,FLWS,8-K,2025-10-30,2025-10-30,2025-10-30,0001437749-25-032283,https://www.sec.gov/Archives/edgar/data/1084869/000143774925032283/flws20251029_8k.htm,https://www.sec.gov/Archives/edgar/data/1084869/000143774925032283/flws20251029_8k.htm,2025-10-30,2025-10-30 07:19:05,https://www.sec.gov/Archives/edgar/data/1084869/0001437749-25-032283-index.html,Item 2.02; Item 9.01,Item 2.02; Item 9.01,True,True,ex_878496.htm,,True,ATM,Tier-1,https://www.sec.gov/Archives/edgar/data/1084869/000143774925032283/flws20251029_8k.htm,,True,Tier-1,Financing,,True,offering,
0001084869,1 800 FLOWERS COM INC,FLWS,8-K,2025-09-04,2025-09-04,2025-09-04,0001437749-25-028327,https://www.sec.gov/Archives/edgar/data/1084869/000143774925028327/flws20250903_8k.htm,https://www.sec.gov/Archives/edgar/data/1084869/000143774925028327/flws20250903_8k.htm,2025-09-04,2025-09-04 07:14:59,https://www.sec.gov/Archives/edgar/data/1084869/0001437749-25-028327-index.html,Item 2.02; Item 9.01,Item 2.02; Item 9.01,True,True,ex_858981.htm,,True,ATM,Tier-1,https://www.sec.gov/Archives/edgar/data/1084869/000143774925028327/flws20250903_8k.htm,,True,Tier-1,Financing,,True,offering,
0001084869,1 800 FLOWERS COM INC,FLWS,8-K,2025-01-30,2025-01-28,2025-01-28,0001437749-25-002182,https://www.sec.gov/Archives/edgar/data/1084869/000143774925002182/flws20250129_8k.htm,https://www.sec.gov/Archives/edgar/data/1084869/000143774925002182/flws20250129_8k.htm,2025-01-28,2025-01-30 07:29:44,https://www.sec.gov/Archives/edgar/data/1084869/0001437749-25-002182-index.html,Item 1.01; Item 2.02; Item 9.01,Item 1.01; Item 2.02; Item 9.01,True,True,ex_772158.htm,ex_772213.htm,True,ATM,Tier-1,https://www.sec.gov/Archives/edgar/data/1084869/000143774925002182/flws20250129_8k.htm,,True,Tier-1,Financing,,True,offering,
0001602409,"FingerMotion, Inc.",FNGR,8-K,2025-11-17,2025-11-14,2025-11-14,0001520138-25-000362,https://www.sec.gov/Archives/edgar/data/1602409/000152013825000362/fngr-20251117_8k.htm,https://www.sec.gov/Archives/edgar/data/1602409/000152013825000362/fngr-20251117_8k.htm,2025-11-14,2025-11-17 17:08:27,https://www.sec.gov/Archives/edgar/data/1602409/0001520138-25-000362-index.html,Item 7.01,Item 7.01,True,True,fngr-20251117_8kex99z1.htm,,True,ATM,Tier-1,https://www.sec.gov/Archives/edgar/data/1602409/000152013825000362/fngr-20251117_8k.htm,,True,Tier-1,Financing,,True,warrant,
0001084869,1 800 FLOWERS COM INC,FLWS,8-K,2024-10-31,2024-10-31,2024-10-31,0001437749-24-032702,https://www.sec.gov/Archives/edgar/data/1084869/000143774924032702/flws20241030_8k.htm,https://www.sec.gov/Archives/edgar/data/1084869/000143774924032702/flws20241030_8k.htm,2024-10-31,2024-10-31 07:36:12,https://www.sec.gov/Archives/edgar/data/1084869/0001437749-24-032702-index.html,Item 2.02; Item 9.01,Item 2.02; Item 9.01,True,True,ex_740049.htm,,True,ATM,Tier-1,https://www.sec.gov/Archives/edgar/data/1084869/000143774924032702/flws20241030_8k.htm,,True,Tier-1,Financing,,True,offering,
0001084869,1 800 FLOWERS COM INC,FLWS,8-K,2025-05-08,2025-05-06,2025-05-06,0001437749-25-015520,https://www.sec.gov/Archives/edgar/data/1084869/000143774925015520/flws20250507_8k.htm,https://www.sec.gov/Archives/edgar/data/1084869/000143774925015520/flws20250507_8k.htm,2025-05-06,2025-05-08 16:26:25,https://www.sec.gov/Archives/edgar/data/1084869/0001437749-25-015520-index.html,Item 1.01; Item 2.02; Item 5.02; Item 9.01,Item 1.01; Item 2.02; Item 5.02; Item 9.01,True,True,ex_813960.htm; ex_813961.htm,ex_813958.htm; ex_813959.htm,True,ATM,Tier-1,https://www.sec.gov/Archives/edgar/data/1084869/000143774925015520/flws20250507_8k.htm,,True,Tier-1,Financing,,True,offering,
0001602409,"FingerMotion, Inc.",FNGR,8-K,2025-10-24,2025-10-21,2025-10-21,0001520138-25-000324,https://www.sec.gov/Archives/edgar/data/1602409/000152013825000324/fngr-20251024_8k.htm,https://www.sec.gov/Archives/edgar/data/1602409/000152013825000324/fngr-20251024_8k.htm,2025-10-21,2025-10-24 16:23:35,https://www.sec.gov/Archives/edgar/data/1602409/0001520138-25-000324-index.html,Item 3.02,Item 3.02,False,True,,,True,ATM,Tier-1,https://www.sec.gov/Archives/edgar/data/1602409/000152013825000324/fngr-20251024_8k.htm,,True,Tier-1,Financing,,True,warrant,
0001602409,"FingerMotion, Inc.",FNGR,8-K,2025-10-23,2025-10-23,2025-10-23,0001520138-25-000316,https://www.sec.gov/Archives/edgar/data/1602409/000152013825000316/fngr-20251023_8k.htm,https://www.sec.gov/Archives/edgar/data/1602409/000152013825000316/fngr-20251023_8k.htm,2025-10-23,2025-10-23 08:56:38,https://www.sec.gov/Archives/edgar/data/1602409/0001520138-25-000316-index.html,Item 1.01,Item 1.01,False,True,,fngr-20251023_8kex10z1.htm,True,ATM,Tier-1,https://www.sec.gov/Archives/edgar/data/1602409/000152013825000316/fngr-20251023_8k.htm,,True,Tier-1,Financing,,True,offering,
0001602409,"FingerMotion, Inc.",FNGR,8-K,2025-10-15,2025-10-15,2025-10-15,0001520138-25-000309,https://www.sec.gov/Archives/edgar/data/1602409/000152013825000309/fngr-20251015_8k.htm,https://www.sec.gov/Archives/edgar/data/1602409/000152013825000309/fngr-20251015_8k.htm,2025-10-15,2025-10-15 16:30:32,https://www.sec.gov/Archives/edgar/data/1602409/0001520138-25-000309-index.html,Item 2.02; Item 7.01; Item 9.01,Item 2.02; Item 7.01; Item 9.01,True,True,fngr-20251015_8kex99z1.htm,,True,ContractAward,Tier-1,https://www.sec.gov/Archives/edgar/data/1602409/000152013825000309/fngr-20251015_8k.htm,,True,Tier-2,,,False,,
0001602409,"FingerMotion, Inc.",FNGR,8-K,2025-10-06,2025-09-30,2025-09-30,0001520138-25-000296,https://www.sec.gov/Archives/edgar/data/1602409/000152013825000296/fngr-20251006_8k.htm,https://www.sec.gov/Archives/edgar/data/1602409/000152013825000296/fngr-20251006_8k.htm,2025-09-30,2025-10-06 16:30:43,https://www.sec.gov/Archives/edgar/data/1602409/0001520138-25-000296-index.html,Item 1.01; Item 2.01; Item 3.02,Item 1.01; Item 2.01; Item 3.02,False,True,,fngr-20251006_8kex10z1.htm,True,Financing,Tier-1,https://www.sec.gov/Archives/edgar/data/1602409/000152013825000296/fngr-20251006_8k.htm,,True,Tier-1,Financing,,True,purchase_agreement,
0001602409,"FingerMotion, Inc.",FNGR,8-K,2025-08-14,2025-08-14,2025-08-14,0001520138-25-000254,https://www.sec.gov/Archives/edgar/data/1602409/000152013825000254/fngr-20250814_8k.htm,https://www.sec.gov/Archives/edgar/data/1602409/000152013825000254/fngr-20250814_8k.htm,2025-08-14,2025-08-14 16:35:42,https://www.sec.gov/Archives/edgar/data/1602409/0001520138-25-000254-index.html,Item 7.01,Item 7.01,True,True,fngr-20250814_ex99z1.htm,,True,ContractAward,Tier-1,https://www.sec.gov/Archives/edgar/data/1602409/000152013825000254/fngr-20250814_8k.htm,,True,Tier-2,,,False,,
0001602409,"FingerMotion, Inc.",FNGR,8-K,2025-07-16,2025-07-16,2025-07-16,0001520138-25-000213,https://www.sec.gov/Archives/edgar/data/1602409/000152013825000213/fngr-20250716_8k.htm,https://www.sec.gov/Archives/edgar/data/1602409/000152013825000213/fngr-20250716_8k.htm,2025-07-16,2025-07-16 16:16:07,https://www.sec.gov/Archives/edgar/data/1602409/0001520138-25-000213-index.html,Item 2.02; Item 7.01; Item 9.01,Item 2.02; Item 7.01; Item 9.01,True,True,fngr-20250716_8kex99z1.htm,,True,ContractAward,Tier-1,https://www.sec.gov/Archives/edgar/data/1602409/000152013825000213/fngr-20250716_8k.htm,,True,Tier-2,,,False,,
0001602409,"FingerMotion, Inc.",FNGR,8-K,2025-06-16,2025-06-16,2025-06-16,0001520138-25-000178,https://www.sec.gov/Archives/edgar/data/1602409/000152013825000178/fngr-20250616_8k.htm,https://www.sec.gov/Archives/edgar/data/1602409/000152013825000178/fngr-20250616_8k.htm,2025-06-16,2025-06-16 17:07:38,https://www.sec.gov/Archives/edgar/data/1602409/0001520138-25-000178-index.html,Item 7.01,Item 7.01,True,True,fngr-20250616_8kex99z1.htm,,True,ContractAward,Tier-1,https://www.sec.gov/Archives/edgar/data/1602409/000152013825000178/fngr-20250616_8k.htm,,True,Tier-2,,,False,,
0001602409,"FingerMotion, Inc.",FNGR,8-K,2025-06-09,2025-06-09,2025-06-09,0001520138-25-000174,https://www.sec.gov/Archives/edgar/data/1602409/000152013825000174/fngr-20250609_8k.htm,https://www.sec.gov/Archives/edgar/data/1602409/000152013825000174/fngr-20250609_8k.htm,2025-06-09,2025-06-09 16:15:41,https://www.sec.gov/Archives/edgar/data/1602409/0001520138-25-000174-index.html,Item 7.01,Item 7.01,True,True,fngr-20250609_8kex99z1.htm,,True,ContractAward,Tier-1,https://www.sec.gov/Archives/edgar/data/1602409/000152013825000174/fngr-20250609_8k.htm,,True,Tier-2,,,False,,
0001602409,"FingerMotion, Inc.",FNGR,8-K,2025-05-30,2025-05-30,2025-05-30,0001520138-25-000164,https://www.sec.gov/Archives/edgar/data/1602409/000152013825000164/fngr-20250530_8k.htm,https://www.sec.gov/Archives/edgar/data/1602409/000152013825000164/fngr-20250530_8k.htm,2025-05-30,2025-05-30 08:30:15,https://www.sec.gov/Archives/edgar/data/1602409/0001520138-25-000164-index.html,Item 2.02; Item 7.01; Item 9.01,Item 2.02; Item 7.01; Item 9.01,True,True,fngr-20250530_8kex99z1.htm,,True,ATM,Tier-1,https://www.sec.gov/Archives/edgar/data/1602409/000152013825000164/fngr-20250530_8k.htm,,True,Tier-1,Financing,,True,offering,
0001704711,"Funko, Inc.",FNKO,8-K,2025-08-15,2025-08-14,2025-08-14,0001193125-25-181846,https://www.sec.gov/Archives/edgar/data/1704711/000119312525181846/d941176d8k.htm,https://www.sec.gov/Archives/edgar/data/1704711/000119312525181846/d941176d8k.htm,2025-08-14,2025-08-15 16:05:14,https://www.sec.gov/Archives/edgar/data/1704711/0001193125-25-181846-index.html,Item 1.01; Item 9.01,Item 1.01; Item 9.01,False,True,,d941176dex101.htm,True,ATM,Tier-1,https://www.sec.gov/Archives/edgar/data/1704711/000119312525181846/d941176d8k.htm,,True,Tier-1,Financing,,True,atm;offering,
0001704711,"Funko, Inc.",FNKO,8-K,2025-11-06,2025-11-06,2025-11-06,0001704711-25-000134,https://www.sec.gov/Archives/edgar/data/1704711/000170471125000134/fnko-20251106.htm,https://www.sec.gov/Archives/edgar/data/1704711/000170471125000134/fnko-20251106.htm,2025-11-06,2025-11-06 16:25:13,https://www.sec.gov/Archives/edgar/data/1704711/0001704711-25-000134-index.html,Item 2.02; Item 7.01; Item 9.01,Item 2.02; Item 7.01; Item 9.01,True,True,ex-99111625.htm; q3-2025supplementalinfos.htm,,True,ATM,Tier-1,https://www.sec.gov/Archives/edgar/data/1704711/000170471125000134/fnko-20251106.htm,,True,Tier-1,Financing,,True,convertible;offering,
0001704711,"Funko, Inc.",FNKO,8-K,2025-08-07,2025-08-07,2025-08-07,0001704711-25-000118,https://www.sec.gov/Archives/edgar/data/1704711/000170471125000118/fnko-20250807.htm,https://www.sec.gov/Archives/edgar/data/1704711/000170471125000118/fnko-20250807.htm,2025-08-07,2025-08-07 16:11:01,https://www.sec.gov/Archives/edgar/data/1704711/0001704711-25-000118-index.html,Item 2.02; Item 7.01; Item 9.01,Item 2.02; Item 7.01; Item 9.01,True,True,ex-9918725.htm; q2-2025irslides.htm,,True,ATM,Tier-1,https://www.sec.gov/Archives/edgar/data/1704711/000170471125000118/fnko-20250807.htm,,True,Tier-1,Financing,,True,convertible;offering,
0001704711,"Funko, Inc.",FNKO,8-K,2025-05-08,2025-05-08,2025-05-08,0001704711-25-000072,https://www.sec.gov/Archives/edgar/data/1704711/000170471125000072/fnko-20250508.htm,https://www.sec.gov/Archives/edgar/data/1704711/000170471125000072/fnko-20250508.htm,2025-05-08,2025-05-08 16:18:11,https://www.sec.gov/Archives/edgar/data/1704711/0001704711-25-000072-index.html,Item 2.02; Item 9.01,Item 2.02; Item 9.01,True,True,ex-9915825.htm,,True,ATM,Tier-1,https://www.sec.gov/Archives/edgar/data/1704711/000170471125000072/fnko-20250508.htm,,True,Tier-1,Financing,,True,convertible;offering,
0000723646,FRANKLIN FINANCIAL SERVICES CORP /PA/,FRAF,8-K,2025-11-12,2025-11-12,2025-11-12,0000723646-25-000083,https://www.sec.gov/Archives/edgar/data/723646/000072364625000083/fraf-20251112x8k.htm,https://www.sec.gov/Archives/edgar/data/723646/000072364625000083/fraf-20251112x8k.htm,2025-11-12,2025-11-12 16:07:53,https://www.sec.gov/Archives/edgar/data/723646/0000723646-25-000083-index.html,Item 7.01; Item 9.01,Item 7.01; Item 9.01,True,True,fraf-20251112xex99_1.htm,,True,ATM,Tier-1,https://www.sec.gov/Archives/edgar/data/723646/000072364625000083/fraf-20251112x8k.htm,,True,Tier-1,Financing,,True,offering,
0001704711,"Funko, Inc.",FNKO,8-K,2025-08-07,2025-08-07,2025-08-07,0001704711-25-000120,https://www.sec.gov/Archives/edgar/data/1704711/000170471125000120/fnko-20250807_d2.htm,https://www.sec.gov/Archives/edgar/data/1704711/000170471125000120/fnko-20250807_d2.htm,2025-08-07,2025-08-07 16:25:53,https://www.sec.gov/Archives/edgar/data/1704711/0001704711-25-000120-index.html,Item 8.01; Item 9.01,Item 8.01; Item 9.01,True,True,fnko-20250807.htm,ex-23110k20248725.htm; ex-23210k20248725.htm,True,ATM,Tier-1,https://www.sec.gov/Archives/edgar/data/1704711/000170471125000120/fnko-20250807_d2.htm,,True,Tier-1,Financing,,True,subscription_agreement;convertible;warrant;offering,
0000723646,FRANKLIN FINANCIAL SERVICES CORP /PA/,FRAF,8-K,2025-10-28,2025-10-28,2025-10-28,0000723646-25-000077,https://www.sec.gov/Archives/edgar/data/723646/000072364625000077/fraf-20251028x8k.htm,https://www.sec.gov/Archives/edgar/data/723646/000072364625000077/fraf-20251028x8k.htm,2025-10-28,2025-10-28 16:05:27,https://www.sec.gov/Archives/edgar/data/723646/0000723646-25-000077-index.html,Item 2.02; Item 9.01,Item 2.02; Item 9.01,True,True,fraf-20251028xex99_1.htm,,True,GuidanceUp,Tier-1,https://www.sec.gov/Archives/edgar/data/723646/000072364625000077/fraf-20251028x8k.htm,,True,Tier-2,,,False,,
0000723646,FRANKLIN FINANCIAL SERVICES CORP /PA/,FRAF,8-K,2025-07-25,2025-07-25,2025-07-25,0000723646-25-000058,https://www.sec.gov/Archives/edgar/data/723646/000072364625000058/fraf-20250725x8k.htm,https://www.sec.gov/Archives/edgar/data/723646/000072364625000058/fraf-20250725x8k.htm,2025-07-25,2025-07-25 16:06:27,https://www.sec.gov/Archives/edgar/data/723646/0000723646-25-000058-index.html,Item 7.01; Item 9.01,Item 7.01; Item 9.01,True,True,fraf-20250725xex99_1.htm,,True,ATM,Tier-1,https://www.sec.gov/Archives/edgar/data/723646/000072364625000058/fraf-20250725x8k.htm,,True,Tier-1,Financing,,True,offering,
0000723646,FRANKLIN FINANCIAL SERVICES CORP /PA/,FRAF,8-K,2025-06-02,2025-06-02,2025-06-02,0000723646-25-000052,https://www.sec.gov/Archives/edgar/data/723646/000072364625000052/fraf-20250602x8k.htm,https://www.sec.gov/Archives/edgar/data/723646/000072364625000052/fraf-20250602x8k.htm,2025-06-02,2025-06-02 16:10:48,https://www.sec.gov/Archives/edgar/data/723646/0000723646-25-000052-index.html,Item 7.01; Item 9.01,Item 7.01; Item 9.01,True,True,fraf-20250602xex99_1.htm,,True,ATM,Tier-1,https://www.sec.gov/Archives/edgar/data/723646/000072364625000052/fraf-20250602x8k.htm,,True,Tier-1,Financing,,True,offering,
0000723646,FRANKLIN FINANCIAL SERVICES CORP /PA/,FRAF,8-K,2025-07-22,2025-07-22,2025-07-22,0000723646-25-000055,https://www.sec.gov/Archives/edgar/data/723646/000072364625000055/fraf-20250722x8k.htm,https://www.sec.gov/Archives/edgar/data/723646/000072364625000055/fraf-20250722x8k.htm,2025-07-22,2025-07-22 16:05:30,https://www.sec.gov/Archives/edgar/data/723646/0000723646-25-000055-index.html,Item 2.02; Item 8.01; Item 9.01,Item 2.02; Item 8.01; Item 9.01,True,True,fraf-20250722xex99_1.htm,,True,GuidanceUp,Tier-1,https://www.sec.gov/Archives/edgar/data/723646/000072364625000055/fraf-20250722x8k.htm,,True,Tier-2,,,False,,
0000846913,"FUEL TECH, INC.",FTEK,8-K,2025-05-22,2025-05-21,2025-05-21,0001437749-25-018151,https://www.sec.gov/Archives/edgar/data/846913/000143774925018151/ftek20250521_8k.htm,https://www.sec.gov/Archives/edgar/data/846913/000143774925018151/ftek20250521_8k.htm,2025-05-21,2025-05-22 16:05:25,https://www.sec.gov/Archives/edgar/data/846913/0001437749-25-018151-index.html,Item 7.01; Item 9.01,Item 7.01; Item 9.01,True,True,ex_822015.htm,,True,OtherEvent,Tier-2,https://www.sec.gov/Archives/edgar/data/846913/000143774925018151/ftek20250521_8k.htm,,True,Tier-2,,,False,,
0000723646,FRANKLIN FINANCIAL SERVICES CORP /PA/,FRAF,8-K,2025-04-29,2025-04-29,2025-04-29,0000723646-25-000031,https://www.sec.gov/Archives/edgar/data/723646/000072364625000031/fraf-20250429x8k.htm,https://www.sec.gov/Archives/edgar/data/723646/000072364625000031/fraf-20250429x8k.htm,2025-04-29,2025-04-29 07:55:53,https://www.sec.gov/Archives/edgar/data/723646/0000723646-25-000031-index.html,Item 2.02; Item 9.01,Item 2.02; Item 9.01,True,True,fraf-20250429xex99_1.htm,,True,GuidanceUp,Tier-1,https://www.sec.gov/Archives/edgar/data/723646/000072364625000031/fraf-20250429x8k.htm,,True,Tier-2,,,False,,
0000846913,"FUEL TECH, INC.",FTEK,8-K,2025-11-04,2025-11-04,2025-11-04,0001437749-25-033042,https://www.sec.gov/Archives/edgar/data/846913/000143774925033042/ftek20251028_8k.htm,https://www.sec.gov/Archives/edgar/data/846913/000143774925033042/ftek20251028_8k.htm,2025-11-04,2025-11-04 16:33:41,https://www.sec.gov/Archives/edgar/data/846913/0001437749-25-033042-index.html,Item 2.02; Item 9.01,Item 2.02; Item 9.01,True,True,ex_878290.htm,,True,ATM,Tier-1,https://www.sec.gov/Archives/edgar/data/846913/000143774925033042/ftek20251028_8k.htm,,True,Tier-2,,,False,,
0000846913,"FUEL TECH, INC.",FTEK,8-K,2025-08-05,2025-08-05,2025-08-05,0001437749-25-024872,https://www.sec.gov/Archives/edgar/data/846913/000143774925024872/ftek20250729_8k.htm,https://www.sec.gov/Archives/edgar/data/846913/000143774925024872/ftek20250729_8k.htm,2025-08-05,2025-08-05 16:30:47,https://www.sec.gov/Archives/edgar/data/846913/0001437749-25-024872-index.html,Item 2.02; Item 9.01,Item 2.02; Item 9.01,True,True,ex_845186.htm,,True,ATM,Tier-1,https://www.sec.gov/Archives/edgar/data/846913/000143774925024872/ftek20250729_8k.htm,,True,Tier-1,Financing,,True,offering,
0000846913,"FUEL TECH, INC.",FTEK,8-K,2025-05-12,2025-05-12,2025-05-12,0001437749-25-016134,https://www.sec.gov/Archives/edgar/data/846913/000143774925016134/ftek20250429_8k.htm,https://www.sec.gov/Archives/edgar/data/846913/000143774925016134/ftek20250429_8k.htm,2025-05-12,2025-05-12 16:30:52,https://www.sec.gov/Archives/edgar/data/846913/0001437749-25-016134-index.html,Item 2.02; Item 9.01,Item 2.02; Item 9.01,True,True,ex_808832.htm,,True,ATM,Tier-1,https://www.sec.gov/Archives/edgar/data/846913/000143774925016134/ftek20250429_8k.htm,,True,Tier-1,Financing,,True,offering,
0000846913,"FUEL TECH, INC.",FTEK,8-K,2024-12-13,2024-12-12,2024-12-12,0001437749-24-037473,https://www.sec.gov/Archives/edgar/data/846913/000143774924037473/ftek20241212_8k.htm,https://www.sec.gov/Archives/edgar/data/846913/000143774924037473/ftek20241212_8k.htm,2024-12-12,2024-12-13 16:03:38,https://www.sec.gov/Archives/edgar/data/846913/0001437749-24-037473-index.html,Item 5.02; Item 9.01,Item 5.02; Item 9.01,True,True,ex_756879.htm; ex_756880.htm,,True,ContractAward,Tier-1,https://www.sec.gov/Archives/edgar/data/846913/000143774924037473/ftek20241212_8k.htm,,True,Tier-2,,,False,,
0000846913,"FUEL TECH, INC.",FTEK,8-K,2024-12-04,2024-12-02,2024-12-02,0001437749-24-036693,https://www.sec.gov/Archives/edgar/data/846913/000143774924036693/ftek20241203_8k.htm,https://www.sec.gov/Archives/edgar/data/846913/000143774924036693/ftek20241203_8k.htm,2024-12-02,2024-12-04 16:02:21,https://www.sec.gov/Archives/edgar/data/846913/0001437749-24-036693-index.html,Item 7.01; Item 9.01,Item 7.01; Item 9.01,True,True,ex_753809.htm,,True,OtherEvent,Tier-2,https://www.sec.gov/Archives/edgar/data/846913/000143774924036693/ftek20241203_8k.htm,,True,Tier-2,,,False,,
0000846913,"FUEL TECH, INC.",FTEK,8-K,2025-04-02,2025-03-27,2025-03-27,0001437749-25-010722,https://www.sec.gov/Archives/edgar/data/846913/000143774925010722/ftek20250331_8k.htm,https://www.sec.gov/Archives/edgar/data/846913/000143774925010722/ftek20250331_8k.htm,2025-03-27,2025-04-02 17:02:50,https://www.sec.gov/Archives/edgar/data/846913/0001437749-25-010722-index.html,Item 5.02; Item 9.01,Item 5.02; Item 9.01,True,True,ex_797522.htm; ex_797523.htm; ex_797524.htm,,True,ATM,Tier-1,https://www.sec.gov/Archives/edgar/data/846913/000143774925010722/ftek20250331_8k.htm,,True,Tier-2,,,False,,
0000846913,"FUEL TECH, INC.",FTEK,8-K,2025-03-04,2025-03-04,2025-03-04,0001437749-25-006115,https://www.sec.gov/Archives/edgar/data/846913/000143774925006115/ftek20250226_8k.htm,https://www.sec.gov/Archives/edgar/data/846913/000143774925006115/ftek20250226_8k.htm,2025-03-04,2025-03-04 16:30:41,https://www.sec.gov/Archives/edgar/data/846913/0001437749-25-006115-index.html,Item 2.02; Item 9.01,Item 2.02; Item 9.01,True,True,ex_782758.htm,,True,ATM,Tier-1,https://www.sec.gov/Archives/edgar/data/846913/000143774925006115/ftek20250226_8k.htm,,True,Tier-1,Financing,,True,offering,
0001889450,FutureTech II Acquisition Corp.,FTIIU,8-K,2025-08-18,2025-08-12,2025-08-12,0001641172-25-024668,https://www.sec.gov/Archives/edgar/data/1889450/000164117225024668/form8-k.htm,https://www.sec.gov/Archives/edgar/data/1889450/000164117225024668/form8-k.htm,2025-08-12,2025-08-18 17:26:57,https://www.sec.gov/Archives/edgar/data/1889450/0001641172-25-024668-index.html,Item 1.01,Item 1.01,False,True,,ex10-1.htm; ex10-2.htm,True,ATM,Tier-1,https://www.sec.gov/Archives/edgar/data/1889450/000164117225024668/form8-k.htm,,True,Tier-1,Financing,,True,offering,
0001889450,FutureTech II Acquisition Corp.,FTIIU,8-K,2025-08-18,2025-08-14,2025-08-14,0001641172-25-024504,https://www.sec.gov/Archives/edgar/data/1889450/000164117225024504/form8-k.htm,https://www.sec.gov/Archives/edgar/data/1889450/000164117225024504/form8-k.htm,2025-08-14,2025-08-15 18:41:34,https://www.sec.gov/Archives/edgar/data/1889450/0001641172-25-024504-index.html,Item 5.03; Item 5.07; Item 8.01; Item 9.01,Item 5.03; Item 5.07; Item 8.01; Item 9.01,False,True,,,True,ATM,Tier-1,https://www.sec.gov/Archives/edgar/data/1889450/000164117225024504/form8-k.htm,,True,Tier-1,Financing,,True,offering,
0001889450,FutureTech II Acquisition Corp.,FTIIU,8-K,2025-08-12,2025-08-06,2025-08-06,0001641172-25-023249,https://www.sec.gov/Archives/edgar/data/1889450/000164117225023249/form8-k.htm,https://www.sec.gov/Archives/edgar/data/1889450/000164117225023249/form8-k.htm,2025-08-06,2025-08-12 17:20:28,https://www.sec.gov/Archives/edgar/data/1889450/0001641172-25-023249-index.html,Item 1.01,Item 1.01,False,True,,ex2-1.htm,True,ATM,Tier-1,https://www.sec.gov/Archives/edgar/data/1889450/000164117225023249/form8-k.htm,,True,Tier-1,Financing,,True,warrant;offering,
0000846913,"FUEL TECH, INC.",FTEK,8-K,2024-11-06,2024-11-06,2024-11-06,0001437749-24-033639,https://www.sec.gov/Archives/edgar/data/846913/000143774924033639/ftek20241030_8k.htm,https://www.sec.gov/Archives/edgar/data/846913/000143774924033639/ftek20241030_8k.htm,2024-11-06,2024-11-06 16:31:57,https://www.sec.gov/Archives/edgar/data/846913/0001437749-24-033639-index.html,Item 2.02; Item 9.01,Item 2.02; Item 9.01,True,True,ex_740513.htm,,True,ATM,Tier-1,https://www.sec.gov/Archives/edgar/data/846913/000143774924033639/ftek20241030_8k.htm,,True,Tier-2,,,False,,
0001889450,FutureTech II Acquisition Corp.,FTIIU,8-K,2025-11-12,2025-11-08,2025-11-08,0001493152-25-021600,https://www.sec.gov/Archives/edgar/data/1889450/000149315225021600/form8-k.htm,https://www.sec.gov/Archives/edgar/data/1889450/000149315225021600/form8-k.htm,2025-11-08,2025-11-10 21:50:39,https://www.sec.gov/Archives/edgar/data/1889450/0001493152-25-021600-index.html,Item 1.02; Item 9.01,Item 1.02; Item 9.01,False,True,,ex10-1.htm,True,ATM,Tier-1,https://www.sec.gov/Archives/edgar/data/1889450/000149315225021600/form8-k.htm,,True,Tier-1,Financing,,True,convertible,
0001889450,FutureTech II Acquisition Corp.,FTIIU,8-K,2025-04-11,2025-04-07,2025-04-07,0001641172-25-003707,https://www.sec.gov/Archives/edgar/data/1889450/000164117225003707/form8-k.htm,https://www.sec.gov/Archives/edgar/data/1889450/000164117225003707/form8-k.htm,2025-04-07,2025-04-11 06:30:08,https://www.sec.gov/Archives/edgar/data/1889450/0001641172-25-003707-index.html,Item 1.01; Item 9.01,Item 1.01; Item 9.01,False,True,,ex10-1.htm,True,ATM,Tier-1,https://www.sec.gov/Archives/edgar/data/1889450/000164117225003707/form8-k.htm,,True,Tier-1,Financing,,True,convertible,
0001889450,FutureTech II Acquisition Corp.,FTIIU,8-K,2025-02-11,2025-02-06,2025-02-06,0001493152-25-005828,https://www.sec.gov/Archives/edgar/data/1889450/000149315225005828/form8-k.htm,https://www.sec.gov/Archives/edgar/data/1889450/000149315225005828/form8-k.htm,2025-02-06,2025-02-11 09:30:21,https://www.sec.gov/Archives/edgar/data/1889450/0001493152-25-005828-index.html,Item 1.01; Item 2.03; Item 3.02; Item 9.01,Item 1.01; Item 2.03; Item 3.02; Item 9.01,False,True,,ex10-1.htm; ex10-2.htm,True,Financing,Tier-1,https://www.sec.gov/Archives/edgar/data/1889450/000149315225005828/form8-k.htm,,True,Tier-1,Financing,,True,underwriting_agreement,
0001889450,FutureTech II Acquisition Corp.,FTIIU,8-K,2025-01-31,2025-01-31,2025-01-31,0001493152-25-004420,https://www.sec.gov/Archives/edgar/data/1889450/000149315225004420/form8-k.htm,https://www.sec.gov/Archives/edgar/data/1889450/000149315225004420/form8-k.htm,2025-01-31,2025-01-31 16:08:10,https://www.sec.gov/Archives/edgar/data/1889450/0001493152-25-004420-index.html,Item 1.01; Item 9.01,Item 1.01; Item 9.01,False,True,,ex10-1.htm; ex10-2.htm,True,Financing,Tier-1,https://www.sec.gov/Archives/edgar/data/1889450/000149315225004420/form8-k.htm,,True,Tier-1,Financing,,True,subscription_agreement,
0001851961,"GCT Semiconductor Holding, Inc.",GCTS,8-K,2025-11-12,2025-11-12,2025-11-12,0000929638-25-004231,https://www.sec.gov/Archives/edgar/data/1851961/000092963825004231/form8k.htm,https://www.sec.gov/Archives/edgar/data/1851961/000092963825004231/form8k.htm,2025-11-12,2025-11-12 16:37:02,https://www.sec.gov/Archives/edgar/data/1851961/0000929638-25-004231-index.html,Item 2.02; Item 9.01,Item 2.02; Item 9.01,True,True,exhibit99-1.htm,,True,ATM,Tier-1,https://www.sec.gov/Archives/edgar/data/1851961/000092963825004231/form8k.htm,,True,Tier-1,Financing,,True,registered_direct;convertible;warrant;offering,
0001851961,"GCT Semiconductor Holding, Inc.",GCTS,8-K,2025-09-19,2025-09-18,2025-09-18,0000929638-25-003527,https://www.sec.gov/Archives/edgar/data/1851961/000092963825003527/form8k.htm,https://www.sec.gov/Archives/edgar/data/1851961/000092963825003527/form8k.htm,2025-09-18,2025-09-19 16:07:19,https://www.sec.gov/Archives/edgar/data/1851961/0000929638-25-003527-index.html,Item 5.07,Item 5.07,False,True,,,True,ATM,Tier-1,https://www.sec.gov/Archives/edgar/data/1851961/000092963825003527/form8k.htm,,True,Tier-1,Financing,,True,equity_line,
0001851961,"GCT Semiconductor Holding, Inc.",GCTS,8-K,2025-09-11,2025-09-10,2025-09-10,0000929638-25-003426,https://www.sec.gov/Archives/edgar/data/1851961/000092963825003426/form8k.htm,https://www.sec.gov/Archives/edgar/data/1851961/000092963825003426/form8k.htm,2025-09-10,2025-09-11 08:44:26,https://www.sec.gov/Archives/edgar/data/1851961/0000929638-25-003426-index.html,Item 2.03,Item 2.03,True,True,exhibit99-1.htm,,True,ATM,Tier-1,https://www.sec.gov/Archives/edgar/data/1851961/000092963825003426/form8k.htm,,True,Tier-1,Financing,,True,offering,
0001851961,"GCT Semiconductor Holding, Inc.",GCTS,8-K,2025-08-12,2025-08-12,2025-08-12,0000929638-25-002962,https://www.sec.gov/Archives/edgar/data/1851961/000092963825002962/form8k.htm,https://www.sec.gov/Archives/edgar/data/1851961/000092963825002962/form8k.htm,2025-08-12,2025-08-12 16:16:48,https://www.sec.gov/Archives/edgar/data/1851961/0000929638-25-002962-index.html,Item 2.02; Item 9.01,Item 2.02; Item 9.01,True,True,exhibit99-1.htm,,True,ATM,Tier-1,https://www.sec.gov/Archives/edgar/data/1851961/000092963825002962/form8k.htm,,True,Tier-1,Financing,,True,registered_direct;atm;convertible;warrant;offering,
0001851961,"GCT Semiconductor Holding, Inc.",GCTS,8-K,2025-05-16,2025-05-15,2025-05-15,0001104659-25-049992,https://www.sec.gov/Archives/edgar/data/1851961/000110465925049992/tm2515305d1_8k.htm,https://www.sec.gov/Archives/edgar/data/1851961/000110465925049992/tm2515305d1_8k.htm,2025-05-15,2025-05-16 16:01:29,https://www.sec.gov/Archives/edgar/data/1851961/0001104659-25-049992-index.html,Item 1.01; Item 8.01; Item 9.01,Item 1.01; Item 8.01; Item 9.01,True,True,tm2515305d1_ex99-1.htm,tm2515305d1_ex10-1.htm; tm2515305d1_ex10-2.htm,True,ATM,Tier-1,https://www.sec.gov/Archives/edgar/data/1851961/000110465925049992/tm2515305d1_8k.htm,,True,Tier-1,Financing,,True,registered_direct;spa;purchase_agreement;convertible;warrant;offering,
0001851961,"GCT Semiconductor Holding, Inc.",GCTS,8-K,2025-06-06,2025-06-06,2025-06-06,0000929638-25-002185,https://www.sec.gov/Archives/edgar/data/1851961/000092963825002185/form8k.htm,https://www.sec.gov/Archives/edgar/data/1851961/000092963825002185/form8k.htm,2025-06-06,2025-06-06 16:15:38,https://www.sec.gov/Archives/edgar/data/1851961/0000929638-25-002185-index.html,Item 8.01,Item 8.01,True,True,exhibit99-1.htm,,True,ATM,Tier-1,https://www.sec.gov/Archives/edgar/data/1851961/000092963825002185/form8k.htm,,True,Tier-1,Financing,,True,atm;convertible;warrant;offering,
0001851961,"GCT Semiconductor Holding, Inc.",GCTS,8-K,2025-05-14,2025-05-14,2025-05-14,0000929638-25-001868,https://www.sec.gov/Archives/edgar/data/1851961/000092963825001868/form8k.htm,https://www.sec.gov/Archives/edgar/data/1851961/000092963825001868/form8k.htm,2025-05-14,2025-05-14 16:30:26,https://www.sec.gov/Archives/edgar/data/1851961/0000929638-25-001868-index.html,Item 2.02; Item 9.01,Item 2.02; Item 9.01,True,True,exhibit99-1.htm,,True,ATM,Tier-1,https://www.sec.gov/Archives/edgar/data/1851961/000092963825001868/form8k.htm,,True,Tier-1,Financing,,True,atm;convertible;warrant;offering,
0001851961,"GCT Semiconductor Holding, Inc.",GCTS,8-K,2025-04-17,2025-04-16,2025-04-16,0000929638-25-001567,https://www.sec.gov/Archives/edgar/data/1851961/000092963825001567/form8k.htm,https://www.sec.gov/Archives/edgar/data/1851961/000092963825001567/form8k.htm,2025-04-16,2025-04-16 21:10:39,https://www.sec.gov/Archives/edgar/data/1851961/0000929638-25-001567-index.html,Item 8.01; Item 9.01,Item 8.01; Item 9.01,True,True,exhibit99-1.htm,,True,ATM,Tier-1,https://www.sec.gov/Archives/edgar/data/1851961/000092963825001567/form8k.htm,,True,Tier-1,Financing,,True,offering,
0001851961,"GCT Semiconductor Holding, Inc.",GCTS,8-K,2025-03-25,2025-03-25,2025-03-25,0000929638-25-001242,https://www.sec.gov/Archives/edgar/data/1851961/000092963825001242/form8k.htm,https://www.sec.gov/Archives/edgar/data/1851961/000092963825001242/form8k.htm,2025-03-25,2025-03-25 16:11:23,https://www.sec.gov/Archives/edgar/data/1851961/0000929638-25-001242-index.html,Item 2.02; Item 9.01,Item 2.02; Item 9.01,True,True,exhibit99-1.htm,,True,ATM,Tier-1,https://www.sec.gov/Archives/edgar/data/1851961/000092963825001242/form8k.htm,,True,Tier-1,Financing,,True,convertible;warrant;offering,
0001675033,Great Elm Capital Corp.,GECCG,8-K,2025-10-07,2025-10-07,2025-10-07,0001193125-25-232655,https://www.sec.gov/Archives/edgar/data/1675033/000119312525232655/d31018d8k.htm,https://www.sec.gov/Archives/edgar/data/1675033/000119312525232655/d31018d8k.htm,2025-10-07,2025-10-07 08:35:38,https://www.sec.gov/Archives/edgar/data/1675033/0001193125-25-232655-index.html,Item 2.02; Item 8.01; Item 9.01,Item 2.02; Item 8.01; Item 9.01,True,True,d31018dex991.htm,,True,ATM,Tier-1,https://www.sec.gov/Archives/edgar/data/1675033/000119312525232655/d31018d8k.htm,,True,Tier-1,Financing,,True,atm,
0001675033,Great Elm Capital Corp.,GECCG,8-K,2025-10-02,2025-10-01,2025-10-01,0000950103-25-012773,https://www.sec.gov/Archives/edgar/data/1675033/000095010325012773/dp235476_8k.htm,https://www.sec.gov/Archives/edgar/data/1675033/000095010325012773/dp235476_8k.htm,2025-10-01,2025-10-02 16:39:11,https://www.sec.gov/Archives/edgar/data/1675033/0000950103-25-012773-index.html,Item 8.01; Item 9.01,Item 8.01; Item 9.01,False,True,,,True,ATM,Tier-1,https://www.sec.gov/Archives/edgar/data/1675033/000095010325012773/dp235476_8k.htm,,True,Tier-1,Financing,,True,underwriting_agreement;offering,
0001675033,Great Elm Capital Corp.,GECCG,8-K,2025-09-11,2025-09-11,2025-09-11,0000950103-25-011541,https://www.sec.gov/Archives/edgar/data/1675033/000095010325011541/dp234250_8k.htm,https://www.sec.gov/Archives/edgar/data/1675033/000095010325011541/dp234250_8k.htm,2025-09-11,2025-09-11 16:22:07,https://www.sec.gov/Archives/edgar/data/1675033/0000950103-25-011541-index.html,Item 1.01; Item 2.03; Item 9.01,Item 1.01; Item 2.03; Item 9.01,False,True,,,True,ATM,Tier-1,https://www.sec.gov/Archives/edgar/data/1675033/000095010325011541/dp234250_8k.htm,,True,Tier-1,Financing,,True,offering,
0001675033,Great Elm Capital Corp.,GECCG,8-K,2025-09-10,2025-09-04,2025-09-04,0000950103-25-011498,https://www.sec.gov/Archives/edgar/data/1675033/000095010325011498/dp234216_8k.htm,https://www.sec.gov/Archives/edgar/data/1675033/000095010325011498/dp234216_8k.htm,2025-09-04,2025-09-10 16:36:44,https://www.sec.gov/Archives/edgar/data/1675033/0000950103-25-011498-index.html,Item 1.01; Item 9.01,Item 1.01; Item 9.01,False,True,,dp234216_ex0101.htm,True,ATM,Tier-1,https://www.sec.gov/Archives/edgar/data/1675033/000095010325011498/dp234216_8k.htm,,True,Tier-1,Financing,,True,underwriting_agreement;warrant;offering,
0001675033,Great Elm Capital Corp.,GECCG,8-K,2025-08-29,2025-08-29,2025-08-29,0000950103-25-010993,https://www.sec.gov/Archives/edgar/data/1675033/000095010325010993/dp233732_8k.htm,https://www.sec.gov/Archives/edgar/data/1675033/000095010325010993/dp233732_8k.htm,2025-08-29,2025-08-29 16:31:53,https://www.sec.gov/Archives/edgar/data/1675033/0000950103-25-010993-index.html,Item 8.01; Item 9.01,Item 8.01; Item 9.01,True,True,dp233732_ex9901.htm; dp233732_ex9902.htm,,True,ListingChange,Tier-1,https://www.sec.gov/Archives/edgar/data/1675033/000095010325010993/dp233732_8k.htm,,True,Tier-2,,,False,,
0001675033,Great Elm Capital Corp.,GECCG,8-K,2025-08-27,2025-08-27,2025-08-27,0000950103-25-010785,https://www.sec.gov/Archives/edgar/data/1675033/000095010325010785/dp233518_8k.htm,https://www.sec.gov/Archives/edgar/data/1675033/000095010325010785/dp233518_8k.htm,2025-08-27,2025-08-27 16:28:57,https://www.sec.gov/Archives/edgar/data/1675033/0000950103-25-010785-index.html,Item 1.01; Item 3.02; Item 8.01,Item 1.01; Item 3.02; Item 8.01,True,True,dp233518_ex9901.htm,,True,ListingChange,Tier-1,https://www.sec.gov/Archives/edgar/data/1675033/000095010325010785/dp233518_8k.htm,,True,Tier-1,Financing,,True,purchase_agreement,
0001675033,Great Elm Capital Corp.,GECCG,8-K,2025-08-13,2025-08-13,2025-08-13,0000950103-25-010214,https://www.sec.gov/Archives/edgar/data/1675033/000095010325010214/dp232978_8k.htm,https://www.sec.gov/Archives/edgar/data/1675033/000095010325010214/dp232978_8k.htm,2025-08-13,2025-08-13 08:08:18,https://www.sec.gov/Archives/edgar/data/1675033/0000950103-25-010214-index.html,Item 1.01; Item 9.01,Item 1.01; Item 9.01,True,True,dp232978_ex9901.htm,dp232978_ex1001.htm,True,ListingChange,Tier-1,https://www.sec.gov/Archives/edgar/data/1675033/000095010325010214/dp232978_8k.htm,,True,Tier-2,,,False,,
0001675033,Great Elm Capital Corp.,GECCG,8-K,2025-11-04,2025-11-04,2025-11-04,0001193125-25-264872,https://www.sec.gov/Archives/edgar/data/1675033/000119312525264872/gecc-20251104.htm,https://www.sec.gov/Archives/edgar/data/1675033/000119312525264872/gecc-20251104.htm,2025-11-04,2025-11-04 16:42:11,https://www.sec.gov/Archives/edgar/data/1675033/0001193125-25-264872-index.html,Item 2.02; Item 9.01,Item 2.02; Item 9.01,True,True,gecc-ex99_1.htm,,True,ATM,Tier-1,https://www.sec.gov/Archives/edgar/data/1675033/000119312525264872/gecc-20251104.htm,,True,Tier-1,Financing,,True,atm;offering,
0002080019,GigCapital8 Corp.,GIW,8-K,2025-10-23,2025-10-23,2025-10-23,0001193125-25-248776,https://www.sec.gov/Archives/edgar/data/2080019/000119312525248776/giwwu-20251023.htm,https://www.sec.gov/Archives/edgar/data/2080019/000119312525248776/giwwu-20251023.htm,2025-10-23,2025-10-23 16:15:49,https://www.sec.gov/Archives/edgar/data/2080019/0001193125-25-248776-index.html,Item 8.01; Item 9.01,Item 8.01; Item 9.01,True,True,giwwu-ex99_1.htm,,True,ATM,Tier-1,https://www.sec.gov/Archives/edgar/data/2080019/000119312525248776/giwwu-20251023.htm,,True,Tier-1,Financing,,True,warrant;offering,
0001675033,Great Elm Capital Corp.,GECCG,8-K,2025-08-05,2025-08-04,2025-08-04,0000950170-25-102181,https://www.sec.gov/Archives/edgar/data/1675033/000095017025102181/gecc-20250804.htm,https://www.sec.gov/Archives/edgar/data/1675033/000095017025102181/gecc-20250804.htm,2025-08-04,2025-08-04 17:41:35,https://www.sec.gov/Archives/edgar/data/1675033/0000950170-25-102181-index.html,Item 2.02; Item 9.01,Item 2.02; Item 9.01,True,True,gecc-ex99_1.htm,,True,ATM,Tier-1,https://www.sec.gov/Archives/edgar/data/1675033/000095017025102181/gecc-20250804.htm,,True,Tier-1,Financing,,True,offering,
0002080019,GigCapital8 Corp.,GIW,8-K,2025-10-14,2025-10-07,2025-10-07,0001193125-25-239036,https://www.sec.gov/Archives/edgar/data/2080019/000119312525239036/d71695d8k.htm,https://www.sec.gov/Archives/edgar/data/2080019/000119312525239036/d71695d8k.htm,2025-10-07,2025-10-14 16:15:32,https://www.sec.gov/Archives/edgar/data/2080019/0001193125-25-239036-index.html,Item 5.02; Item 8.01; Item 9.01,Item 5.02; Item 8.01; Item 9.01,True,True,d71695dex991.htm,,True,ATM,Tier-1,https://www.sec.gov/Archives/edgar/data/2080019/000119312525239036/d71695d8k.htm,,True,Tier-1,Financing,,True,purchase_agreement;underwriting_agreement;offering,
0002080019,GigCapital8 Corp.,GIW,8-K,2025-10-09,2025-10-03,2025-10-03,0001193125-25-235847,https://www.sec.gov/Archives/edgar/data/2080019/000119312525235847/d87287d8k.htm,https://www.sec.gov/Archives/edgar/data/2080019/000119312525235847/d87287d8k.htm,2025-10-03,2025-10-09 16:10:55,https://www.sec.gov/Archives/edgar/data/2080019/0001193125-25-235847-index.html,Item 1.01; Item 3.02; Item 5.02; Item 5.03; Item 8.01; Item 9.01,Item 1.01; Item 3.02; Item 5.02; Item 5.03; Item 8.01; Item 9.01,True,True,d87287dex991.htm; d87287dex992.htm,d87287dex11.htm; d87287dex101.htm; d87287dex102.htm; d87287dex103.htm; d87287dex104.htm; d87287dex105.htm; d87287dex106.htm; d87287dex107.htm; d87287dex108.htm; d87287dex109.htm; d87287dex1010.htm; d87287dex1011.htm; d87287dex1012.htm; d87287dex1013.htm; d87287dex1014.htm,True,ATM,Tier-1,https://www.sec.gov/Archives/edgar/data/2080019/000119312525235847/d87287d8k.htm,,True,Tier-1,Financing,,True,purchase_agreement;underwriting_agreement;subscription_agreement;offering,
0001500435,"GoPro, Inc.",GPRO,8-K,2025-11-06,2025-11-05,2025-11-05,0001500435-25-000093,https://www.sec.gov/Archives/edgar/data/1500435/000150043525000093/gpro-20251105.htm,https://www.sec.gov/Archives/edgar/data/1500435/000150043525000093/gpro-20251105.htm,2025-11-05,2025-11-06 16:03:07,https://www.sec.gov/Archives/edgar/data/1500435/0001500435-25-000093-index.html,Item 1.01; Item 2.02; Item 3.02; Item 3.03; Item 5.05; Item 9.01,Item 1.01; Item 2.02; Item 3.02; Item 3.03; Item 5.05; Item 9.01,True,True,gpro2025-09x30exh991xer.htm,exhibit102-creditagreement.htm; exhibit103subscriptionagre.htm; exhibit105-warrantamendment.htm,True,ATM,Tier-1,https://www.sec.gov/Archives/edgar/data/1500435/000150043525000093/gpro-20251105.htm,,True,Tier-1,Financing,,True,subscription_agreement;warrant;offering,
0001500435,"GoPro, Inc.",GPRO,8-K,2025-08-11,2025-08-11,2025-08-11,0001500435-25-000056,https://www.sec.gov/Archives/edgar/data/1500435/000150043525000056/gpro-20250811.htm,https://www.sec.gov/Archives/edgar/data/1500435/000150043525000056/gpro-20250811.htm,2025-08-11,2025-08-11 16:02:29,https://www.sec.gov/Archives/edgar/data/1500435/0001500435-25-000056-index.html,Item 2.02; Item 9.01,Item 2.02; Item 9.01,True,True,gpro2025-06x30exh991xer.htm,,True,ATM,Tier-1,https://www.sec.gov/Archives/edgar/data/1500435/000150043525000056/gpro-20250811.htm,,True,Tier-1,Financing,,True,warrant;offering,
0001500435,"GoPro, Inc.",GPRO,8-K,2025-08-04,2025-08-04,2025-08-04,0001500435-25-000047,https://www.sec.gov/Archives/edgar/data/1500435/000150043525000047/gpro-20250804.htm,https://www.sec.gov/Archives/edgar/data/1500435/000150043525000047/gpro-20250804.htm,2025-08-04,2025-08-04 09:02:14,https://www.sec.gov/Archives/edgar/data/1500435/0001500435-25-000047-index.html,Item 1.01; Item 2.03; Item 7.01; Item 9.01,Item 1.01; Item 2.03; Item 7.01; Item 9.01,True,True,exhibit991-goproxdebtfacil.htm,exhibit101-goprox2lcredita.htm; exhibit102-goproxamendment.htm; exhibit103-goprox2025warra.htm,True,ATM,Tier-1,https://www.sec.gov/Archives/edgar/data/1500435/000150043525000047/gpro-20250804.htm,,True,Tier-1,Financing,,True,convertible;warrant,
0001500435,"GoPro, Inc.",GPRO,8-K,2025-07-11,2025-07-10,2025-07-10,0001628280-25-034761,https://www.sec.gov/Archives/edgar/data/1500435/000162828025034761/gpro-20250710.htm,https://www.sec.gov/Archives/edgar/data/1500435/000162828025034761/gpro-20250710.htm,2025-07-10,2025-07-11 06:49:15,https://www.sec.gov/Archives/edgar/data/1500435/0001628280-25-034761-index.html,Item 9.01,Item 9.01,True,True,gpro2025-07x11exhibit991.htm; gpro2025-07x11exhibit992.htm,,True,OtherEvent,Tier-2,https://www.sec.gov/Archives/edgar/data/1500435/000162828025034761/gpro-20250710.htm,,True,Tier-2,,,False,,
0001500435,"GoPro, Inc.",GPRO,8-K,2025-04-08,2025-04-04,2025-04-04,0001628280-25-017011,https://www.sec.gov/Archives/edgar/data/1500435/000162828025017011/gpro-20250404.htm,https://www.sec.gov/Archives/edgar/data/1500435/000162828025017011/gpro-20250404.htm,2025-04-04,2025-04-08 09:32:24,https://www.sec.gov/Archives/edgar/data/1500435/0001628280-25-017011-index.html,Item 5.02; Item 9.01,Item 5.02; Item 9.01,True,True,gpro2025-04x08exhibit991.htm,,True,ContractAward,Tier-1,https://www.sec.gov/Archives/edgar/data/1500435/000162828025017011/gpro-20250404.htm,,True,Tier-2,,,False,,
0001500435,"GoPro, Inc.",GPRO,8-K/A,2025-11-13,2025-11-10,2025-11-10,0001500435-25-000106,https://www.sec.gov/Archives/edgar/data/1500435/000150043525000106/gpro-20251110.htm,https://www.sec.gov/Archives/edgar/data/1500435/000150043525000106/gpro-20251110.htm,2025-11-10,2025-11-13 16:58:44,https://www.sec.gov/Archives/edgar/data/1500435/0001500435-25-000106-index.html,Item 1.01; Item 3.02; Item 7.01; Item 9.01,Item 1.01; Item 3.02; Item 7.01; Item 9.01,True,True,ex991-pressrelease.htm,,True,ListingChange,Tier-1,https://www.sec.gov/Archives/edgar/data/1500435/000150043525000106/gpro-20251110.htm,,True,Tier-1,Financing,,True,subscription_agreement,
0001500435,"GoPro, Inc.",GPRO,8-K,2025-05-12,2025-05-12,2025-05-12,0001500435-25-000033,https://www.sec.gov/Archives/edgar/data/1500435/000150043525000033/gpro-20250512.htm,https://www.sec.gov/Archives/edgar/data/1500435/000150043525000033/gpro-20250512.htm,2025-05-12,2025-05-12 16:06:47,https://www.sec.gov/Archives/edgar/data/1500435/0001500435-25-000033-index.html,Item 2.02; Item 9.01,Item 2.02; Item 9.01,True,True,gpro2025-03x31exh991xer.htm,,True,ATM,Tier-1,https://www.sec.gov/Archives/edgar/data/1500435/000150043525000033/gpro-20250512.htm,,True,Tier-1,Financing,,True,offering,
0001444192,"Grace Therapeutics, Inc.",GRCE,8-K,2025-10-23,2025-10-23,2025-10-23,0001140361-25-039020,https://www.sec.gov/Archives/edgar/data/1444192/000114036125039020/ef20057547_8k.htm,https://www.sec.gov/Archives/edgar/data/1444192/000114036125039020/ef20057547_8k.htm,2025-10-23,2025-10-23 08:09:26,https://www.sec.gov/Archives/edgar/data/1444192/0001140361-25-039020-index.html,Item 8.01; Item 9.01,Item 8.01; Item 9.01,True,True,ef20057547_ex99-1.htm,,True,ATM,Tier-1,https://www.sec.gov/Archives/edgar/data/1444192/000114036125039020/ef20057547_8k.htm,,True,Tier-1,Financing,,True,warrant,
0001444192,"Grace Therapeutics, Inc.",GRCE,8-K,2025-11-13,2025-11-13,2025-11-13,0001140361-25-041807,https://www.sec.gov/Archives/edgar/data/1444192/000114036125041807/ef20058656_8k.htm,https://www.sec.gov/Archives/edgar/data/1444192/000114036125041807/ef20058656_8k.htm,2025-11-13,2025-11-13 08:01:09,https://www.sec.gov/Archives/edgar/data/1444192/0001140361-25-041807-index.html,Item 2.02; Item 8.01; Item 9.01,Item 2.02; Item 8.01; Item 9.01,True,True,ef20058656_ex99-1.htm; ef20058656_ex99-2.htm,,True,ATM,Tier-1,https://www.sec.gov/Archives/edgar/data/1444192/000114036125041807/ef20058656_8k.htm,,True,Tier-1,Financing,,True,warrant,
0001444192,"Grace Therapeutics, Inc.",GRCE,8-K,2025-09-18,2025-09-18,2025-09-18,0001140361-25-035337,https://www.sec.gov/Archives/edgar/data/1444192/000114036125035337/ef20055717_8k.htm,https://www.sec.gov/Archives/edgar/data/1444192/000114036125035337/ef20055717_8k.htm,2025-09-18,2025-09-18 08:43:32,https://www.sec.gov/Archives/edgar/data/1444192/0001140361-25-035337-index.html,Item 8.01; Item 9.01,Item 8.01; Item 9.01,True,True,ef20055717_ex99-1.htm,,True,ATM,Tier-1,https://www.sec.gov/Archives/edgar/data/1444192/000114036125035337/ef20055717_8k.htm,,True,Tier-2,,,False,,
0001444192,"Grace Therapeutics, Inc.",GRCE,8-K,2025-08-27,2025-08-27,2025-08-27,0001140361-25-032847,https://www.sec.gov/Archives/edgar/data/1444192/000114036125032847/ef20054617_8k.htm,https://www.sec.gov/Archives/edgar/data/1444192/000114036125032847/ef20054617_8k.htm,2025-08-27,2025-08-27 08:08:12,https://www.sec.gov/Archives/edgar/data/1444192/0001140361-25-032847-index.html,Item 8.01; Item 9.01,Item 8.01; Item 9.01,True,True,ef20054617_ex99-1.htm,,True,ATM,Tier-1,https://www.sec.gov/Archives/edgar/data/1444192/000114036125032847/ef20054617_8k.htm,,True,Tier-1,Financing,,True,warrant,
0001444192,"Grace Therapeutics, Inc.",GRCE,8-K,2025-06-25,2025-06-25,2025-06-25,0001140361-25-023557,https://www.sec.gov/Archives/edgar/data/1444192/000114036125023557/ef20051001_8k.htm,https://www.sec.gov/Archives/edgar/data/1444192/000114036125023557/ef20051001_8k.htm,2025-06-25,2025-06-25 08:19:04,https://www.sec.gov/Archives/edgar/data/1444192/0001140361-25-023557-index.html,Item 8.01; Item 9.01,Item 8.01; Item 9.01,True,True,ef20051001_ex99-1.htm,,True,ATM,Tier-1,https://www.sec.gov/Archives/edgar/data/1444192/000114036125023557/ef20051001_8k.htm,,True,Tier-1,Financing,,True,warrant,
0001444192,"Grace Therapeutics, Inc.",GRCE,8-K,2025-04-09,2025-04-09,2025-04-09,0001140361-25-012944,https://www.sec.gov/Archives/edgar/data/1444192/000114036125012944/ef20047157_8k.htm,https://www.sec.gov/Archives/edgar/data/1444192/000114036125012944/ef20047157_8k.htm,2025-04-09,2025-04-09 08:00:28,https://www.sec.gov/Archives/edgar/data/1444192/0001140361-25-012944-index.html,Item 8.01; Item 9.01,Item 8.01; Item 9.01,True,True,ef20047157_ex99-1.htm,,True,ATM,Tier-1,https://www.sec.gov/Archives/edgar/data/1444192/000114036125012944/ef20047157_8k.htm,,True,Tier-2,,,False,,
0001444192,"Grace Therapeutics, Inc.",GRCE,8-K,2025-08-12,2025-08-12,2025-08-12,0001140361-25-030400,https://www.sec.gov/Archives/edgar/data/1444192/000114036125030400/ef20053073_8k.htm,https://www.sec.gov/Archives/edgar/data/1444192/000114036125030400/ef20053073_8k.htm,2025-08-12,2025-08-12 08:00:49,https://www.sec.gov/Archives/edgar/data/1444192/0001140361-25-030400-index.html,Item 2.02; Item 9.01,Item 2.02; Item 9.01,True,True,ef20053073_ex99-1.htm,,True,ATM,Tier-1,https://www.sec.gov/Archives/edgar/data/1444192/000114036125030400/ef20053073_8k.htm,,True,Tier-1,Financing,,True,warrant,
0001444192,"Grace Therapeutics, Inc.",GRCE,8-K,2025-06-23,2025-06-23,2025-06-23,0001140361-25-023261,https://www.sec.gov/Archives/edgar/data/1444192/000114036125023261/ef20050698_8k.htm,https://www.sec.gov/Archives/edgar/data/1444192/000114036125023261/ef20050698_8k.htm,2025-06-23,2025-06-23 08:00:43,https://www.sec.gov/Archives/edgar/data/1444192/0001140361-25-023261-index.html,Item 2.02; Item 9.01,Item 2.02; Item 9.01,True,True,ef20050698_ex99-1.htm,,True,ATM,Tier-1,https://www.sec.gov/Archives/edgar/data/1444192/000114036125023261/ef20050698_8k.htm,,True,Tier-1,Financing,,True,warrant,
0001444192,"Grace Therapeutics, Inc.",GRCE,8-K,2025-03-03,2025-03-03,2025-03-03,0001140361-25-006659,https://www.sec.gov/Archives/edgar/data/1444192/000114036125006659/ef20044669_8k.htm,https://www.sec.gov/Archives/edgar/data/1444192/000114036125006659/ef20044669_8k.htm,2025-03-03,2025-03-03 08:00:39,https://www.sec.gov/Archives/edgar/data/1444192/0001140361-25-006659-index.html,Item 8.01; Item 9.01,Item 8.01; Item 9.01,True,True,ef20044669_ex99-1.htm,,True,ATM,Tier-1,https://www.sec.gov/Archives/edgar/data/1444192/000114036125006659/ef20044669_8k.htm,,True,Tier-1,Financing,,True,warrant,
0001604868,GrowGeneration Corp.,GRWG,8-K,2025-08-11,2025-08-11,2025-08-11,0001604868-25-000026,https://www.sec.gov/Archives/edgar/data/1604868/000160486825000026/grwg-20250811.htm,https://www.sec.gov/Archives/edgar/data/1604868/000160486825000026/grwg-20250811.htm,2025-08-11,2025-08-11 16:07:11,https://www.sec.gov/Archives/edgar/data/1604868/0001604868-25-000026-index.html,Item 7.01; Item 9.01,Item 7.01; Item 9.01,True,True,pressrelease06302025.htm,,True,ListingChange,Tier-1,https://www.sec.gov/Archives/edgar/data/1604868/000160486825000026/grwg-20250811.htm,,True,Tier-2,,,False,,
0001604868,GrowGeneration Corp.,GRWG,8-K,2025-11-06,2025-11-06,2025-11-06,0001604868-25-000031,https://www.sec.gov/Archives/edgar/data/1604868/000160486825000031/grwg-20251106.htm,https://www.sec.gov/Archives/edgar/data/1604868/000160486825000031/grwg-20251106.htm,2025-11-06,2025-11-06 16:08:59,https://www.sec.gov/Archives/edgar/data/1604868/0001604868-25-000031-index.html,Item 7.01; Item 9.01,Item 7.01; Item 9.01,True,True,pressrelease09302025.htm,,True,GuidanceUp,Tier-1,https://www.sec.gov/Archives/edgar/data/1604868/000160486825000031/grwg-20251106.htm,,True,Tier-2,,,False,,
0001604868,GrowGeneration Corp.,GRWG,8-K,2025-06-09,2025-06-09,2025-06-09,0001604868-25-000018,https://www.sec.gov/Archives/edgar/data/1604868/000160486825000018/grwg-20250609.htm,https://www.sec.gov/Archives/edgar/data/1604868/000160486825000018/grwg-20250609.htm,2025-06-09,2025-06-09 08:01:47,https://www.sec.gov/Archives/edgar/data/1604868/0001604868-25-000018-index.html,Item 8.01; Item 9.01,Item 8.01; Item 9.01,True,True,growgenacquiresviagrowpr.htm,,True,ListingChange,Tier-1,https://www.sec.gov/Archives/edgar/data/1604868/000160486825000018/grwg-20250609.htm,,True,Tier-2,,,False,,
0001604868,GrowGeneration Corp.,GRWG,8-K,2025-05-08,2025-05-08,2025-05-08,0001604868-25-000014,https://www.sec.gov/Archives/edgar/data/1604868/000160486825000014/grwg-20250508.htm,https://www.sec.gov/Archives/edgar/data/1604868/000160486825000014/grwg-20250508.htm,2025-05-08,2025-05-08 16:09:12,https://www.sec.gov/Archives/edgar/data/1604868/0001604868-25-000014-index.html,Item 7.01; Item 9.01,Item 7.01; Item 9.01,True,True,pressrelease03312025.htm,,True,ATM,Tier-1,https://www.sec.gov/Archives/edgar/data/1604868/000160486825000014/grwg-20250508.htm,,True,Tier-1,Financing,,True,offering,
0001604868,GrowGeneration Corp.,GRWG,8-K,2025-02-06,2025-02-06,2025-02-06,0001628280-25-004192,https://www.sec.gov/Archives/edgar/data/1604868/000162828025004192/grwg-20250206.htm,https://www.sec.gov/Archives/edgar/data/1604868/000162828025004192/grwg-20250206.htm,2025-02-06,2025-02-06 08:01:48,https://www.sec.gov/Archives/edgar/data/1604868/0001628280-25-004192-index.html,Item 2.02; Item 7.01,Item 2.02; Item 7.01,True,True,growgen2024shareholderlett.htm,,True,ListingChange,Tier-1,https://www.sec.gov/Archives/edgar/data/1604868/000162828025004192/grwg-20250206.htm,,True,Tier-2,,,False,,
0001604868,GrowGeneration Corp.,GRWG,8-K,2025-03-13,2025-03-13,2025-03-13,0001628280-25-012595,https://www.sec.gov/Archives/edgar/data/1604868/000162828025012595/grwg-20250313.htm,https://www.sec.gov/Archives/edgar/data/1604868/000162828025012595/grwg-20250313.htm,2025-03-13,2025-03-13 16:06:32,https://www.sec.gov/Archives/edgar/data/1604868/0001628280-25-012595-index.html,Item 7.01; Item 9.01,Item 7.01; Item 9.01,True,True,pressrelease123124.htm,,True,ATM,Tier-1,https://www.sec.gov/Archives/edgar/data/1604868/000162828025012595/grwg-20250313.htm,,True,Tier-1,Financing,,True,offering,
0002044635,Gesher Acquisition Corp. II,GSHR,8-K,2025-05-09,2025-05-08,2025-05-08,0001213900-25-041204,https://www.sec.gov/Archives/edgar/data/2044635/000121390025041204/ea0241402-8k_gesher2.htm,https://www.sec.gov/Archives/edgar/data/2044635/000121390025041204/ea0241402-8k_gesher2.htm,2025-05-08,2025-05-09 06:19:38,https://www.sec.gov/Archives/edgar/data/2044635/0001213900-25-041204-index.html,Item 8.01; Item 9.01,Item 8.01; Item 9.01,True,True,ea024140201ex99-1_gesher2.htm,,True,ATM,Tier-1,https://www.sec.gov/Archives/edgar/data/2044635/000121390025041204/ea0241402-8k_gesher2.htm,,True,Tier-1,Financing,,True,warrant;offering,
0001604868,GrowGeneration Corp.,GRWG,8-K,2024-11-12,2024-11-12,2024-11-12,0001628280-24-047121,https://www.sec.gov/Archives/edgar/data/1604868/000162828024047121/grwg-20241112.htm,https://www.sec.gov/Archives/edgar/data/1604868/000162828024047121/grwg-20241112.htm,2024-11-12,2024-11-12 16:07:05,https://www.sec.gov/Archives/edgar/data/1604868/0001628280-24-047121-index.html,Item 7.01; Item 9.01,Item 7.01; Item 9.01,True,True,pressrelease093024.htm,,True,GuidanceUp,Tier-1,https://www.sec.gov/Archives/edgar/data/1604868/000162828024047121/grwg-20241112.htm,,True,Tier-2,,,False,,
0002044635,Gesher Acquisition Corp. II,GSHR,8-K,2025-03-31,2025-03-24,2025-03-24,0001013762-25-004355,https://www.sec.gov/Archives/edgar/data/2044635/000101376225004355/ea0235759-8k_gesheracq2.htm,https://www.sec.gov/Archives/edgar/data/2044635/000101376225004355/ea0235759-8k_gesheracq2.htm,2025-03-24,2025-03-28 20:34:57,https://www.sec.gov/Archives/edgar/data/2044635/0001013762-25-004355-index.html,Item 8.01; Item 9.01,Item 8.01; Item 9.01,True,True,ea023575901ex99-1_gesheracq2.htm,,True,ATM,Tier-1,https://www.sec.gov/Archives/edgar/data/2044635/000101376225004355/ea0235759-8k_gesheracq2.htm,,True,Tier-1,Financing,,True,purchase_agreement;underwriting_agreement;convertible;warrant;offering,
0002044635,Gesher Acquisition Corp. II,GSHR,8-K,2025-03-24,2025-03-20,2025-03-20,0001013762-25-001700,https://www.sec.gov/Archives/edgar/data/2044635/000101376225001700/ea0235319-8k_gesheracq2.htm,https://www.sec.gov/Archives/edgar/data/2044635/000101376225001700/ea0235319-8k_gesheracq2.htm,2025-03-20,2025-03-24 17:28:06,https://www.sec.gov/Archives/edgar/data/2044635/0001013762-25-001700-index.html,Item 1.01; Item 3.02; Item 8.01; Item 9.01,Item 1.01; Item 3.02; Item 8.01; Item 9.01,True,True,ea023531901ex99-1_gesheracq2.htm; ea023531901ex99-2_gesheracq2.htm,ea023531901ex1-1_gesheracq2.htm; ea023531901ex10-1_gesheracq2.htm; ea023531901ex10-2_gesheracq2.htm; ea023531901ex10-3_gesheracq2.htm; ea023531901ex10-4_gesheracq2.htm; ea023531901ex10-5_gesheracq2.htm; ea023531901ex10-6_gesheracq2.htm; ea023531901ex10-7_gesheracq2.htm,True,ATM,Tier-1,https://www.sec.gov/Archives/edgar/data/2044635/000101376225001700/ea0235319-8k_gesheracq2.htm,,True,Tier-1,Financing,,True,purchase_agreement;underwriting_agreement;warrant;offering,
0002072404,GSR IV Acquisition Corp.,GSRF,8-K,2025-10-24,2025-10-17,2025-10-17,0001213900-25-101769,https://www.sec.gov/Archives/edgar/data/2072404/000121390025101769/ea0262318-8k_gsr4.htm,https://www.sec.gov/Archives/edgar/data/2072404/000121390025101769/ea0262318-8k_gsr4.htm,2025-10-17,2025-10-23 17:55:34,https://www.sec.gov/Archives/edgar/data/2072404/0001213900-25-101769-index.html,Item 8.01; Item 9.01,Item 8.01; Item 9.01,True,True,ea026231801ex99-1_gsr4.htm,,True,ATM,Tier-1,https://www.sec.gov/Archives/edgar/data/2072404/000121390025101769/ea0262318-8k_gsr4.htm,,True,Tier-1,Financing,,True,offering,
0002072404,GSR IV Acquisition Corp.,GSRF,8-K,2025-09-05,2025-09-02,2025-09-02,0001213900-25-085027,https://www.sec.gov/Archives/edgar/data/2072404/000121390025085027/ea0256171-8k_gsracq4.htm,https://www.sec.gov/Archives/edgar/data/2072404/000121390025085027/ea0256171-8k_gsracq4.htm,2025-09-02,2025-09-05 16:12:26,https://www.sec.gov/Archives/edgar/data/2072404/0001213900-25-085027-index.html,Item 1.01; Item 3.02; Item 8.01; Item 9.01,Item 1.01; Item 3.02; Item 8.01; Item 9.01,True,True,ea025617101ex99-1_gsracq4.htm; ea025617101ex99-2_gsracq4.htm,ea025617101ex1-1_gsracq4.htm; ea025617101ex10-1_gsracq4.htm; ea025617101ex10-2_gsracq4.htm; ea025617101ex10-3_gsracq4.htm; ea025617101ex10-4_gsracq4.htm; ea025617101ex10-5_gsracq4.htm; ea025617101ex10-6_gsracq4.htm; ea025617101ex10-7_gsracq4.htm; ea025617101ex10-8_gsracq4.htm; ea025617101ex10-9_gsracq4.htm; ea025617101ex10-10_gsracq4.htm; ea025617101ex10-11_gsracq4.htm; ea025617101ex10-12_gsracq4.htm; ea025617101ex10-13_gsracq4.htm,False,ATM,Tier-1,https://www.sec.gov/Archives/edgar/data/2072404/000121390025085027/ea0256171-8k_gsracq4.htm,,True,Tier-1,Financing,,True,purchase_agreement;underwriting_agreement;offering,
0002072404,GSR IV Acquisition Corp.,GSRF,8-K,2025-09-11,2025-09-05,2025-09-05,0001213900-25-086822,https://www.sec.gov/Archives/edgar/data/2072404/000121390025086822/ea0256904-8k_gsracq4.htm,https://www.sec.gov/Archives/edgar/data/2072404/000121390025086822/ea0256904-8k_gsracq4.htm,2025-09-05,2025-09-11 16:01:33,https://www.sec.gov/Archives/edgar/data/2072404/0001213900-25-086822-index.html,Item 8.01; Item 9.01,Item 8.01; Item 9.01,True,True,ea025690401ex99-1_gsracq4.htm,,True,ATM,Tier-1,https://www.sec.gov/Archives/edgar/data/2072404/000121390025086822/ea0256904-8k_gsracq4.htm,,True,Tier-1,Financing,,True,underwriting_agreement;convertible;offering,
0001572616,"FRACTYL HEALTH, INC.",GUTS,8-K,2025-10-03,2025-10-03,2025-10-03,0001193125-25-230096,https://www.sec.gov/Archives/edgar/data/1572616/000119312525230096/guts-20251003.htm,https://www.sec.gov/Archives/edgar/data/1572616/000119312525230096/guts-20251003.htm,2025-10-03,2025-10-03 16:05:27,https://www.sec.gov/Archives/edgar/data/1572616/0001193125-25-230096-index.html,Item 5.07,Item 5.07,False,True,,,True,ATM,Tier-1,https://www.sec.gov/Archives/edgar/data/1572616/000119312525230096/guts-20251003.htm,,True,Tier-1,Financing,,True,warrant,
0001572616,"FRACTYL HEALTH, INC.",GUTS,8-K,2025-09-26,2025-09-26,2025-09-26,0001193125-25-218515,https://www.sec.gov/Archives/edgar/data/1572616/000119312525218515/d140541d8k.htm,https://www.sec.gov/Archives/edgar/data/1572616/000119312525218515/d140541d8k.htm,2025-09-26,2025-09-26 07:20:09,https://www.sec.gov/Archives/edgar/data/1572616/0001193125-25-218515-index.html,Item 1.01; Item 7.01; Item 9.01,Item 1.01; Item 7.01; Item 9.01,True,True,d140541dex991.htm,d140541dex11.htm,True,ATM,Tier-1,https://www.sec.gov/Archives/edgar/data/1572616/000119312525218515/d140541d8k.htm,,True,Tier-1,Financing,,True,underwriting_agreement;offering,
0001572616,"FRACTYL HEALTH, INC.",GUTS,8-K,2025-11-12,2025-11-12,2025-11-12,0001193125-25-277524,https://www.sec.gov/Archives/edgar/data/1572616/000119312525277524/guts-20251112.htm,https://www.sec.gov/Archives/edgar/data/1572616/000119312525277524/guts-20251112.htm,2025-11-12,2025-11-12 16:05:32,https://www.sec.gov/Archives/edgar/data/1572616/0001193125-25-277524-index.html,Item 2.02; Item 9.01,Item 2.02; Item 9.01,True,True,guts-ex99_1.htm,,True,ATM,Tier-1,https://www.sec.gov/Archives/edgar/data/1572616/000119312525277524/guts-20251112.htm,,True,Tier-1,Financing,,True,warrant;offering,
0001572616,"FRACTYL HEALTH, INC.",GUTS,8-K,2025-09-26,2025-09-26,2025-09-26,0001193125-25-218508,https://www.sec.gov/Archives/edgar/data/1572616/000119312525218508/d870124d8k.htm,https://www.sec.gov/Archives/edgar/data/1572616/000119312525218508/d870124d8k.htm,2025-09-26,2025-09-26 07:05:16,https://www.sec.gov/Archives/edgar/data/1572616/0001193125-25-218508-index.html,Item 7.01; Item 8.01; Item 9.01,Item 7.01; Item 8.01; Item 9.01,True,True,d870124dex991.htm; d870124dex992.htm,,True,ATM,Tier-1,https://www.sec.gov/Archives/edgar/data/1572616/000119312525218508/d870124d8k.htm,,True,Tier-2,,,False,,
0001572616,"FRACTYL HEALTH, INC.",GUTS,8-K,2025-08-07,2025-08-06,2025-08-06,0001193125-25-175581,https://www.sec.gov/Archives/edgar/data/1572616/000119312525175581/d944083d8k.htm,https://www.sec.gov/Archives/edgar/data/1572616/000119312525175581/d944083d8k.htm,2025-08-06,2025-08-07 17:23:44,https://www.sec.gov/Archives/edgar/data/1572616/0001193125-25-175581-index.html,Item 1.01; Item 9.01,Item 1.01; Item 9.01,False,True,,d944083dex11.htm; d944083dex101.htm,True,ATM,Tier-1,https://www.sec.gov/Archives/edgar/data/1572616/000119312525175581/d944083d8k.htm,,True,Tier-1,Financing,,True,underwriting_agreement;warrant;offering,
0001572616,"FRACTYL HEALTH, INC.",GUTS,8-K,2025-08-12,2025-08-12,2025-08-12,0000950170-25-107295,https://www.sec.gov/Archives/edgar/data/1572616/000095017025107295/guts-20250812.htm,https://www.sec.gov/Archives/edgar/data/1572616/000095017025107295/guts-20250812.htm,2025-08-12,2025-08-12 16:05:42,https://www.sec.gov/Archives/edgar/data/1572616/0000950170-25-107295-index.html,Item 2.02; Item 9.01,Item 2.02; Item 9.01,True,True,guts-ex99_1.htm,,True,ATM,Tier-1,https://www.sec.gov/Archives/edgar/data/1572616/000095017025107295/guts-20250812.htm,,True,Tier-1,Financing,,True,warrant;offering,
0001572616,"FRACTYL HEALTH, INC.",GUTS,8-K,2025-06-18,2025-06-18,2025-06-18,0000950170-25-087678,https://www.sec.gov/Archives/edgar/data/1572616/000095017025087678/guts-20250618.htm,https://www.sec.gov/Archives/edgar/data/1572616/000095017025087678/guts-20250618.htm,2025-06-18,2025-06-18 07:05:27,https://www.sec.gov/Archives/edgar/data/1572616/0000950170-25-087678-index.html,Item 7.01; Item 8.01; Item 9.01,Item 7.01; Item 8.01; Item 9.01,True,True,guts-ex99_1.htm,,True,ATM,Tier-1,https://www.sec.gov/Archives/edgar/data/1572616/000095017025087678/guts-20250618.htm,,True,Tier-2,,,False,,
0001572616,"FRACTYL HEALTH, INC.",GUTS,8-K,2025-06-23,2025-06-23,2025-06-23,0000950170-25-088710,https://www.sec.gov/Archives/edgar/data/1572616/000095017025088710/guts-20250623.htm,https://www.sec.gov/Archives/edgar/data/1572616/000095017025088710/guts-20250623.htm,2025-06-23,2025-06-23 07:45:27,https://www.sec.gov/Archives/edgar/data/1572616/0000950170-25-088710-index.html,Item 7.01; Item 8.01; Item 9.01,Item 7.01; Item 8.01; Item 9.01,True,True,guts-ex99_1.htm; guts-ex99_2.htm,,True,ATM,Tier-1,https://www.sec.gov/Archives/edgar/data/1572616/000095017025088710/guts-20250623.htm,,True,Tier-1,Financing,,True,offering,
0002069856,HCM III ACQUISITION CORP.,HCMA,8-K,2025-09-19,2025-09-19,2025-09-19,0001213900-25-089356,https://www.sec.gov/Archives/edgar/data/2069856/000121390025089356/ea0257932-8k_hcm3.htm,https://www.sec.gov/Archives/edgar/data/2069856/000121390025089356/ea0257932-8k_hcm3.htm,2025-09-19,2025-09-19 12:16:29,https://www.sec.gov/Archives/edgar/data/2069856/0001213900-25-089356-index.html,Item 8.01; Item 9.01,Item 8.01; Item 9.01,True,True,ea025793201ex99-1_hcm3.htm,,True,ATM,Tier-1,https://www.sec.gov/Archives/edgar/data/2069856/000121390025089356/ea0257932-8k_hcm3.htm,,True,Tier-1,Financing,,True,warrant;offering,
0002069856,HCM III ACQUISITION CORP.,HCMA,8-K,2025-08-19,2025-08-19,2025-08-19,0001213900-25-078540,https://www.sec.gov/Archives/edgar/data/2069856/000121390025078540/ea0253622-8k_hcm3.htm,https://www.sec.gov/Archives/edgar/data/2069856/000121390025078540/ea0253622-8k_hcm3.htm,2025-08-19,2025-08-19 16:44:42,https://www.sec.gov/Archives/edgar/data/2069856/0001213900-25-078540-index.html,Item 1.01; Item 8.01; Item 9.01,Item 1.01; Item 8.01; Item 9.01,True,True,ea025362201ex99-1_hcm3.htm,ea025362201ex10-1_hcm3.htm,True,ATM,Tier-1,https://www.sec.gov/Archives/edgar/data/2069856/000121390025078540/ea0253622-8k_hcm3.htm,,True,Tier-1,Financing,,True,spa;purchase_agreement;underwriting_agreement;convertible;warrant;offering,
0002019505,"Health In Tech, Inc.",HIT,8-K,2025-11-12,2025-11-10,2025-11-10,0001213900-25-108537,https://www.sec.gov/Archives/edgar/data/2019505/000121390025108537/ea0265132-8k_health.htm,https://www.sec.gov/Archives/edgar/data/2019505/000121390025108537/ea0265132-8k_health.htm,2025-11-10,2025-11-12 06:22:17,https://www.sec.gov/Archives/edgar/data/2019505/0001213900-25-108537-index.html,Item 7.01; Item 9.01,Item 7.01; Item 9.01,True,True,ea026513201ex99-1_health.htm,,True,ATM,Tier-1,https://www.sec.gov/Archives/edgar/data/2019505/000121390025108537/ea0265132-8k_health.htm,,True,Tier-1,Financing,,True,offering,
0002069856,HCM III ACQUISITION CORP.,HCMA,8-K,2025-08-05,2025-07-31,2025-07-31,0001213900-25-071597,https://www.sec.gov/Archives/edgar/data/2069856/000121390025071597/ea0251478-8k_hcm3.htm,https://www.sec.gov/Archives/edgar/data/2069856/000121390025071597/ea0251478-8k_hcm3.htm,2025-07-31,2025-08-04 19:19:47,https://www.sec.gov/Archives/edgar/data/2069856/0001213900-25-071597-index.html,Item 9.01,Item 9.01,True,True,ea025147801ex99-1_hcm3.htm; ea025147801ex99-2_hcm3.htm,ea025147801ex1-1_hcm3.htm; ea025147801ex10-1_hcm3.htm; ea025147801ex10-2_hcm3.htm; ea025147801ex10-3a_hcm3.htm; ea025147801ex10-3b_hcm3.htm; ea025147801ex10-4_hcm3.htm; ea025147801ex10-5_hcm3.htm,True,ATM,Tier-1,https://www.sec.gov/Archives/edgar/data/2069856/000121390025071597/ea0251478-8k_hcm3.htm,,True,Tier-1,Financing,,True,purchase_agreement;underwriting_agreement;warrant;offering,
0002019505,"Health In Tech, Inc.",HIT,8-K,2025-11-12,2025-11-10,2025-11-10,0001213900-25-108530,https://www.sec.gov/Archives/edgar/data/2019505/000121390025108530/ea0265129-8k_healthin.htm,https://www.sec.gov/Archives/edgar/data/2019505/000121390025108530/ea0265129-8k_healthin.htm,2025-11-10,2025-11-12 06:20:35,https://www.sec.gov/Archives/edgar/data/2019505/0001213900-25-108530-index.html,Item 2.02; Item 7.01; Item 9.01,Item 2.02; Item 7.01; Item 9.01,True,True,ea026512901ex99-1_healthin.htm,,True,ATM,Tier-1,https://www.sec.gov/Archives/edgar/data/2019505/000121390025108530/ea0265129-8k_healthin.htm,,True,Tier-1,Financing,,True,offering,
0002019505,"Health In Tech, Inc.",HIT,8-K,2025-10-06,2025-10-03,2025-10-03,0001213900-25-096221,https://www.sec.gov/Archives/edgar/data/2019505/000121390025096221/ea0260290-8k_health.htm,https://www.sec.gov/Archives/edgar/data/2019505/000121390025096221/ea0260290-8k_health.htm,2025-10-03,2025-10-03 18:25:25,https://www.sec.gov/Archives/edgar/data/2019505/0001213900-25-096221-index.html,Item 5.07,Item 5.07,False,True,,,True,ATM,Tier-1,https://www.sec.gov/Archives/edgar/data/2019505/000121390025096221/ea0260290-8k_health.htm,,True,Tier-1,Financing,,True,convertible,
0002019505,"Health In Tech, Inc.",HIT,8-K,2025-11-12,2025-11-10,2025-11-10,0001213900-25-108520,https://www.sec.gov/Archives/edgar/data/2019505/000121390025108520/ea0265121-8k_health.htm,https://www.sec.gov/Archives/edgar/data/2019505/000121390025108520/ea0265121-8k_health.htm,2025-11-10,2025-11-12 06:18:47,https://www.sec.gov/Archives/edgar/data/2019505/0001213900-25-108520-index.html,Item 7.01; Item 9.01,Item 7.01; Item 9.01,True,True,ea026512101ex99-1_health.htm,,True,ATM,Tier-1,https://www.sec.gov/Archives/edgar/data/2019505/000121390025108520/ea0265121-8k_health.htm,,True,Tier-1,Financing,,True,warrant;offering,
0002019505,"Health In Tech, Inc.",HIT,8-K,2025-07-21,2025-07-21,2025-07-21,0001213900-25-066154,https://www.sec.gov/Archives/edgar/data/2019505/000121390025066154/ea0249715-8k_health.htm,https://www.sec.gov/Archives/edgar/data/2019505/000121390025066154/ea0249715-8k_health.htm,2025-07-21,2025-07-21 16:35:27,https://www.sec.gov/Archives/edgar/data/2019505/0001213900-25-066154-index.html,Item 2.02; Item 7.01; Item 9.01,Item 2.02; Item 7.01; Item 9.01,True,True,ea024971501ex99-1_health.htm,,True,ATM,Tier-1,https://www.sec.gov/Archives/edgar/data/2019505/000121390025066154/ea0249715-8k_health.htm,,True,Tier-1,Financing,,True,offering,
0002019505,"Health In Tech, Inc.",HIT,8-K,2025-07-21,2025-07-21,2025-07-21,0001213900-25-066191,https://www.sec.gov/Archives/edgar/data/2019505/000121390025066191/ea0249627-8k_health.htm,https://www.sec.gov/Archives/edgar/data/2019505/000121390025066191/ea0249627-8k_health.htm,2025-07-21,2025-07-21 17:00:47,https://www.sec.gov/Archives/edgar/data/2019505/0001213900-25-066191-index.html,Item 7.01; Item 9.01,Item 7.01; Item 9.01,True,True,ea024962701ex99-1_health.htm,,True,ATM,Tier-1,https://www.sec.gov/Archives/edgar/data/2019505/000121390025066191/ea0249627-8k_health.htm,,True,Tier-1,Financing,,True,warrant,
0001828588,"Hanover Bancorp, Inc. /MD",HNVR,8-K,2025-11-12,2025-11-11,2025-11-11,0001104659-25-109407,https://www.sec.gov/Archives/edgar/data/1828588/000110465925109407/hnvr-20251111x8k.htm,https://www.sec.gov/Archives/edgar/data/1828588/000110465925109407/hnvr-20251111x8k.htm,2025-11-11,2025-11-10 19:23:42,https://www.sec.gov/Archives/edgar/data/1828588/0001104659-25-109407-index.html,Item 7.01; Item 9.01,Item 7.01; Item 9.01,True,True,hnvr-20251111xex99d1.htm,,True,ATM,Tier-1,https://www.sec.gov/Archives/edgar/data/1828588/000110465925109407/hnvr-20251111x8k.htm,,True,Tier-1,Financing,,True,offering,
0001828588,"Hanover Bancorp, Inc. /NY",HNVR,8-K,2025-09-04,2025-09-04,2025-09-04,0001558370-25-011861,https://www.sec.gov/Archives/edgar/data/1828588/000155837025011861/hnvr-20250904x8k.htm,https://www.sec.gov/Archives/edgar/data/1828588/000155837025011861/hnvr-20250904x8k.htm,2025-09-04,2025-09-04 07:00:31,https://www.sec.gov/Archives/edgar/data/1828588/0001558370-25-011861-index.html,Item 7.01; Item 9.01,Item 7.01; Item 9.01,True,True,hnvr-20250904xex99d1.htm,,True,ATM,Tier-1,https://www.sec.gov/Archives/edgar/data/1828588/000155837025011861/hnvr-20250904x8k.htm,,True,Tier-1,Financing,,True,offering,
0001828588,"Hanover Bancorp, Inc. /NY",HNVR,8-K,2025-06-18,2025-06-18,2025-06-18,0001558370-25-008709,https://www.sec.gov/Archives/edgar/data/1828588/000155837025008709/hnvr-20250618x8k.htm,https://www.sec.gov/Archives/edgar/data/1828588/000155837025008709/hnvr-20250618x8k.htm,2025-06-18,2025-06-18 07:00:51,https://www.sec.gov/Archives/edgar/data/1828588/0001558370-25-008709-index.html,Item 7.01; Item 9.01,Item 7.01; Item 9.01,True,True,hnvr-20250618xex99d1.htm,,True,ATM,Tier-1,https://www.sec.gov/Archives/edgar/data/1828588/000155837025008709/hnvr-20250618x8k.htm,,True,Tier-1,Financing,,True,offering,
0001828588,"Hanover Bancorp, Inc. /NY",HNVR,8-K,2025-02-25,2025-02-25,2025-02-25,0001558370-25-001442,https://www.sec.gov/Archives/edgar/data/1828588/000155837025001442/hnvr-20250225x8k.htm,https://www.sec.gov/Archives/edgar/data/1828588/000155837025001442/hnvr-20250225x8k.htm,2025-02-25,2025-02-25 08:00:22,https://www.sec.gov/Archives/edgar/data/1828588/0001558370-25-001442-index.html,Item 7.01; Item 9.01,Item 7.01; Item 9.01,True,True,hnvr-20250225xex99d1.htm,,True,ATM,Tier-1,https://www.sec.gov/Archives/edgar/data/1828588/000155837025001442/hnvr-20250225x8k.htm,,True,Tier-1,Financing,,True,offering,
0001828588,"Hanover Bancorp, Inc. /MD",HNVR,8-K,2025-10-30,2025-10-30,2025-10-30,0001104659-25-104347,https://www.sec.gov/Archives/edgar/data/1828588/000110465925104347/hnvr-20251030x8k.htm,https://www.sec.gov/Archives/edgar/data/1828588/000110465925104347/hnvr-20251030x8k.htm,2025-10-30,2025-10-30 16:01:12,https://www.sec.gov/Archives/edgar/data/1828588/0001104659-25-104347-index.html,Item 2.02; Item 9.01,Item 2.02; Item 9.01,True,True,hnvr-20251030xex99d1.htm,,True,ATM,Tier-1,https://www.sec.gov/Archives/edgar/data/1828588/000110465925104347/hnvr-20251030x8k.htm,,True,Tier-2,,,False,,
0001930021,New Horizon Aircraft Ltd.,HOVR,8-K,2025-11-26,2025-11-25,2025-11-25,0001213900-25-115105,https://www.sec.gov/Archives/edgar/data/1930021/000121390025115105/ea0267249-8k_newhorizon.htm,https://www.sec.gov/Archives/edgar/data/1930021/000121390025115105/ea0267249-8k_newhorizon.htm,2025-11-25,2025-11-26 08:36:24,https://www.sec.gov/Archives/edgar/data/1930021/0001213900-25-115105-index.html,Item 7.01; Item 9.01,Item 7.01; Item 9.01,True,True,ea026724901ex99-1_newhorizon.htm,ea026724901ex10-1_newhorizon.htm,True,ATM,Tier-1,https://www.sec.gov/Archives/edgar/data/1930021/000121390025115105/ea0267249-8k_newhorizon.htm,,True,Tier-1,Financing,,True,offering,
0001828588,"Hanover Bancorp, Inc. /NY",HNVR,8-K,2025-07-23,2025-07-23,2025-07-23,0001558370-25-009443,https://www.sec.gov/Archives/edgar/data/1828588/000155837025009443/hnvr-20250723x8k.htm,https://www.sec.gov/Archives/edgar/data/1828588/000155837025009443/hnvr-20250723x8k.htm,2025-07-23,2025-07-23 16:10:26,https://www.sec.gov/Archives/edgar/data/1828588/0001558370-25-009443-index.html,Item 2.02; Item 9.01,Item 2.02; Item 9.01,True,True,hnvr-20250723xex99d1.htm,,True,ATM,Tier-1,https://www.sec.gov/Archives/edgar/data/1828588/000155837025009443/hnvr-20250723x8k.htm,,True,Tier-2,,,False,,
0001930021,New Horizon Aircraft Ltd.,HOVR,8-K,2025-10-31,2025-10-31,2025-10-31,0001213900-25-104674,https://www.sec.gov/Archives/edgar/data/1930021/000121390025104674/ea0263394-8k_newhorizon.htm,https://www.sec.gov/Archives/edgar/data/1930021/000121390025104674/ea0263394-8k_newhorizon.htm,2025-10-31,2025-10-31 16:06:54,https://www.sec.gov/Archives/edgar/data/1930021/0001213900-25-104674-index.html,Item 8.01; Item 9.01,Item 8.01; Item 9.01,False,True,,,True,ATM,Tier-1,https://www.sec.gov/Archives/edgar/data/1930021/000121390025104674/ea0263394-8k_newhorizon.htm,,True,Tier-1,Financing,,True,offering,
0001828588,"Hanover Bancorp, Inc. /NY",HNVR,8-K,2025-04-23,2025-04-23,2025-04-23,0001558370-25-005190,https://www.sec.gov/Archives/edgar/data/1828588/000155837025005190/hnvr-20250423x8k.htm,https://www.sec.gov/Archives/edgar/data/1828588/000155837025005190/hnvr-20250423x8k.htm,2025-04-23,2025-04-23 08:10:11,https://www.sec.gov/Archives/edgar/data/1828588/0001558370-25-005190-index.html,Item 2.02; Item 9.01,Item 2.02; Item 9.01,True,True,hnvr-20250423xex99d1.htm,,True,ATM,Tier-1,https://www.sec.gov/Archives/edgar/data/1828588/000155837025005190/hnvr-20250423x8k.htm,,True,Tier-2,,,False,,
0001930021,New Horizon Aircraft Ltd.,HOVR,8-K,2025-10-10,2025-10-10,2025-10-10,0001213900-25-097943,https://www.sec.gov/Archives/edgar/data/1930021/000121390025097943/ea0260851-8k_newhorizon.htm,https://www.sec.gov/Archives/edgar/data/1930021/000121390025097943/ea0260851-8k_newhorizon.htm,2025-10-10,2025-10-10 08:37:46,https://www.sec.gov/Archives/edgar/data/1930021/0001213900-25-097943-index.html,Item 2.02; Item 9.01,Item 2.02; Item 9.01,True,True,ea026085101ex99-1_newhorizon.htm,,True,ATM,Tier-1,https://www.sec.gov/Archives/edgar/data/1930021/000121390025097943/ea0260851-8k_newhorizon.htm,,True,Tier-1,Financing,,True,offering,
0001930021,New Horizon Aircraft Ltd.,HOVR,8-K,2025-06-27,2025-06-27,2025-06-27,0001213900-25-059095,https://www.sec.gov/Archives/edgar/data/1930021/000121390025059095/ea0246663-8k_newhorizon.htm,https://www.sec.gov/Archives/edgar/data/1930021/000121390025059095/ea0246663-8k_newhorizon.htm,2025-06-27,2025-06-27 17:04:56,https://www.sec.gov/Archives/edgar/data/1930021/0001213900-25-059095-index.html,Item 8.01; Item 9.01,Item 8.01; Item 9.01,False,True,,,True,ATM,Tier-1,https://www.sec.gov/Archives/edgar/data/1930021/000121390025059095/ea0246663-8k_newhorizon.htm,,True,Tier-1,Financing,,True,offering,
0001930021,New Horizon Aircraft Ltd.,HOVR,8-K,2025-06-27,2025-06-26,2025-06-26,0001213900-25-058626,https://www.sec.gov/Archives/edgar/data/1930021/000121390025058626/ea0247256-8k_newhorizon.htm,https://www.sec.gov/Archives/edgar/data/1930021/000121390025058626/ea0247256-8k_newhorizon.htm,2025-06-26,2025-06-27 08:40:28,https://www.sec.gov/Archives/edgar/data/1930021/0001213900-25-058626-index.html,Item 7.01; Item 9.01,Item 7.01; Item 9.01,True,True,ea024725601ex99-1_newhorizon.htm,,True,ATM,Tier-1,https://www.sec.gov/Archives/edgar/data/1930021/000121390025058626/ea0247256-8k_newhorizon.htm,,True,Tier-1,Financing,,True,offering,
0001930021,New Horizon Aircraft Ltd.,HOVR,8-K,2025-05-15,2025-05-15,2025-05-15,0001213900-25-043735,https://www.sec.gov/Archives/edgar/data/1930021/000121390025043735/ea0242338-8k_newhorizon.htm,https://www.sec.gov/Archives/edgar/data/1930021/000121390025043735/ea0242338-8k_newhorizon.htm,2025-05-15,2025-05-15 08:42:24,https://www.sec.gov/Archives/edgar/data/1930021/0001213900-25-043735-index.html,Item 9.01,Item 9.01,True,True,ea024233801ex99-1_newhorizon.htm,,True,ATM,Tier-1,https://www.sec.gov/Archives/edgar/data/1930021/000121390025043735/ea0242338-8k_newhorizon.htm,,True,Tier-1,Financing,,True,offering,
0001930021,New Horizon Aircraft Ltd.,HOVR,8-K,2025-01-27,2025-01-22,2025-01-22,0001213900-25-007097,https://www.sec.gov/Archives/edgar/data/1930021/000121390025007097/ea0228724-8k_newhorizon.htm,https://www.sec.gov/Archives/edgar/data/1930021/000121390025007097/ea0228724-8k_newhorizon.htm,2025-01-22,2025-01-27 17:25:18,https://www.sec.gov/Archives/edgar/data/1930021/0001213900-25-007097-index.html,Item 7.01; Item 9.01,Item 7.01; Item 9.01,True,True,ea022872401ex99-1_new.htm,,True,ATM,Tier-1,https://www.sec.gov/Archives/edgar/data/1930021/000121390025007097/ea0228724-8k_newhorizon.htm,,True,Tier-1,Financing,,True,offering,
0001930021,New Horizon Aircraft Ltd.,HOVR,8-K,2025-01-13,2025-01-10,2025-01-10,0001213900-25-002849,https://www.sec.gov/Archives/edgar/data/1930021/000121390025002849/ea0227424-8k_newhorizon.htm,https://www.sec.gov/Archives/edgar/data/1930021/000121390025002849/ea0227424-8k_newhorizon.htm,2025-01-10,2025-01-13 08:19:31,https://www.sec.gov/Archives/edgar/data/1930021/0001213900-25-002849-index.html,Item 1.01; Item 9.01,Item 1.01; Item 9.01,False,True,,ea022742401ex10-1_newhorizon.htm,True,ATM,Tier-1,https://www.sec.gov/Archives/edgar/data/1930021/000121390025002849/ea0227424-8k_newhorizon.htm,,True,Tier-1,Financing,,True,subscription_agreement;convertible,
0001930021,New Horizon Aircraft Ltd.,HOVR,8-K,2025-01-15,2025-01-15,2025-01-15,0001213900-25-003914,https://www.sec.gov/Archives/edgar/data/1930021/000121390025003914/ea0227593-8k_newhorizon.htm,https://www.sec.gov/Archives/edgar/data/1930021/000121390025003914/ea0227593-8k_newhorizon.htm,2025-01-15,2025-01-15 17:23:44,https://www.sec.gov/Archives/edgar/data/1930021/0001213900-25-003914-index.html,Item 9.01,Item 9.01,True,True,ea022759301ex99-1_new.htm,,True,ATM,Tier-1,https://www.sec.gov/Archives/edgar/data/1930021/000121390025003914/ea0227593-8k_newhorizon.htm,,True,Tier-1,Financing,,True,warrant,
0001828588,"Hanover Bancorp, Inc. /NY",HNVR,8-K,2025-01-29,2025-01-29,2025-01-29,0001558370-25-000471,https://www.sec.gov/Archives/edgar/data/1828588/000155837025000471/hnvr-20250129x8k.htm,https://www.sec.gov/Archives/edgar/data/1828588/000155837025000471/hnvr-20250129x8k.htm,2025-01-29,2025-01-29 07:35:16,https://www.sec.gov/Archives/edgar/data/1828588/0001558370-25-000471-index.html,Item 2.02; Item 9.01,Item 2.02; Item 9.01,True,True,hnvr-20250129xex99d1.htm,,True,ATM,Tier-1,https://www.sec.gov/Archives/edgar/data/1828588/000155837025000471/hnvr-20250129x8k.htm,,True,Tier-1,Financing,,True,offering,
0001785530,"Werewolf Therapeutics, Inc.",HOWL,8-K,2025-11-04,2025-11-04,2025-11-04,0001785530-25-000030,https://www.sec.gov/Archives/edgar/data/1785530/000178553025000030/howl-20251104.htm,https://www.sec.gov/Archives/edgar/data/1785530/000178553025000030/howl-20251104.htm,2025-11-04,2025-11-04 07:07:08,https://www.sec.gov/Archives/edgar/data/1785530/0001785530-25-000030-index.html,Item 2.02; Item 9.01,Item 2.02; Item 9.01,True,True,a09302025ex991.htm,,True,ATM,Tier-1,https://www.sec.gov/Archives/edgar/data/1785530/000178553025000030/howl-20251104.htm,,True,Tier-2,,,False,,
0001785530,"Werewolf Therapeutics, Inc.",HOWL,8-K,2025-08-14,2025-08-14,2025-08-14,0001785530-25-000020,https://www.sec.gov/Archives/edgar/data/1785530/000178553025000020/howl-20250814.htm,https://www.sec.gov/Archives/edgar/data/1785530/000178553025000020/howl-20250814.htm,2025-08-14,2025-08-14 07:06:21,https://www.sec.gov/Archives/edgar/data/1785530/0001785530-25-000020-index.html,Item 2.02; Item 7.01; Item 9.01,Item 2.02; Item 7.01; Item 9.01,True,True,a06302025ex991.htm; a06302025ex992.htm,,True,ATM,Tier-1,https://www.sec.gov/Archives/edgar/data/1785530/000178553025000020/howl-20250814.htm,,True,Tier-2,,,False,,
0001785530,"Werewolf Therapeutics, Inc.",HOWL,8-K,2025-03-11,2025-03-11,2025-03-11,0001785530-25-000006,https://www.sec.gov/Archives/edgar/data/1785530/000178553025000006/howl-20250311.htm,https://www.sec.gov/Archives/edgar/data/1785530/000178553025000006/howl-20250311.htm,2025-03-11,2025-03-11 07:05:41,https://www.sec.gov/Archives/edgar/data/1785530/0001785530-25-000006-index.html,Item 2.02; Item 9.01,Item 2.02; Item 9.01,True,True,a12312024ex991.htm,,True,ATM,Tier-1,https://www.sec.gov/Archives/edgar/data/1785530/000178553025000006/howl-20250311.htm,,True,Tier-2,,,False,,
0001785530,"Werewolf Therapeutics, Inc.",HOWL,8-K,2025-05-08,2025-05-08,2025-05-08,0001785530-25-000013,https://www.sec.gov/Archives/edgar/data/1785530/000178553025000013/howl-20250508.htm,https://www.sec.gov/Archives/edgar/data/1785530/000178553025000013/howl-20250508.htm,2025-05-08,2025-05-08 07:06:34,https://www.sec.gov/Archives/edgar/data/1785530/0001785530-25-000013-index.html,Item 2.02; Item 7.01; Item 9.01,Item 2.02; Item 7.01; Item 9.01,True,True,a03312025ex991.htm; a03312025ex992.htm,,True,ATM,Tier-1,https://www.sec.gov/Archives/edgar/data/1785530/000178553025000013/howl-20250508.htm,,True,Tier-2,,,False,,
0001785530,"Werewolf Therapeutics, Inc.",HOWL,8-K,2024-11-07,2024-11-07,2024-11-07,0001785530-24-000033,https://www.sec.gov/Archives/edgar/data/1785530/000178553024000033/howl-20241107.htm,https://www.sec.gov/Archives/edgar/data/1785530/000178553024000033/howl-20241107.htm,2024-11-07,2024-11-07 09:06:55,https://www.sec.gov/Archives/edgar/data/1785530/0001785530-24-000033-index.html,Item 2.02; Item 8.01; Item 9.01,Item 2.02; Item 8.01; Item 9.01,True,True,a09302024ex991.htm; a09302024ex992.htm,,True,ATM,Tier-1,https://www.sec.gov/Archives/edgar/data/1785530/000178553024000033/howl-20241107.htm,,True,Tier-2,,,False,,
0001785530,"Werewolf Therapeutics, Inc.",HOWL,8-K,2024-11-12,2024-11-12,2024-11-12,0001193125-24-255170,https://www.sec.gov/Archives/edgar/data/1785530/000119312524255170/d794017d8k.htm,https://www.sec.gov/Archives/edgar/data/1785530/000119312524255170/d794017d8k.htm,2024-11-12,2024-11-12 07:45:38,https://www.sec.gov/Archives/edgar/data/1785530/0001193125-24-255170-index.html,Item 7.01; Item 9.01,Item 7.01; Item 9.01,True,True,d794017dex991.htm,,True,ATM,Tier-1,https://www.sec.gov/Archives/edgar/data/1785530/000119312524255170/d794017d8k.htm,,True,Tier-2,,,False,,
0001487428,Horizon Technology Finance Corp,HRZN,8-K,2025-10-28,2025-10-28,2025-10-28,0001437749-25-032019,https://www.sec.gov/Archives/edgar/data/1487428/000143774925032019/hrzn20251028_8k.htm,https://www.sec.gov/Archives/edgar/data/1487428/000143774925032019/hrzn20251028_8k.htm,2025-10-28,2025-10-28 17:14:38,https://www.sec.gov/Archives/edgar/data/1487428/0001437749-25-032019-index.html,Item 8.01; Item 9.01,Item 8.01; Item 9.01,True,True,ex_877920.htm,,True,ATM,Tier-1,https://www.sec.gov/Archives/edgar/data/1487428/000143774925032019/hrzn20251028_8k.htm,,True,Tier-1,Financing,,True,warrant;offering,
0001487428,Horizon Technology Finance Corp,HRZN,8-K,2025-10-28,2025-10-28,2025-10-28,0001437749-25-031987,https://www.sec.gov/Archives/edgar/data/1487428/000143774925031987/hrzn20251028c_8k.htm,https://www.sec.gov/Archives/edgar/data/1487428/000143774925031987/hrzn20251028c_8k.htm,2025-10-28,2025-10-28 16:28:24,https://www.sec.gov/Archives/edgar/data/1487428/0001437749-25-031987-index.html,Item 2.02; Item 9.01,Item 2.02; Item 9.01,True,True,ex_877958.htm,,True,ATM,Tier-1,https://www.sec.gov/Archives/edgar/data/1487428/000143774925031987/hrzn20251028c_8k.htm,,True,Tier-1,Financing,,True,purchase_agreement;atm;convertible;warrant;offering,
0001487428,Horizon Technology Finance Corp,HRZN,8-K,2025-09-05,2025-09-04,2025-09-04,0001437749-25-028475,https://www.sec.gov/Archives/edgar/data/1487428/000143774925028475/hrzn20250903_8k.htm,https://www.sec.gov/Archives/edgar/data/1487428/000143774925028475/hrzn20250903_8k.htm,2025-09-04,2025-09-05 16:06:13,https://www.sec.gov/Archives/edgar/data/1487428/0001437749-25-028475-index.html,Item 1.01; Item 2.03; Item 3.02; Item 9.01,Item 1.01; Item 2.03; Item 3.02; Item 9.01,False,True,,ex_859162.htm,True,ATM,Tier-1,https://www.sec.gov/Archives/edgar/data/1487428/000143774925028475/hrzn20250903_8k.htm,,True,Tier-1,Financing,,True,purchase_agreement;convertible;offering,
0001487428,Horizon Technology Finance Corp,HRZN,8-K,2025-08-08,2025-08-07,2025-08-07,0001437749-25-025756,https://www.sec.gov/Archives/edgar/data/1487428/000143774925025756/hrzn20250808_8k.htm,https://www.sec.gov/Archives/edgar/data/1487428/000143774925025756/hrzn20250808_8k.htm,2025-08-07,2025-08-08 16:51:51,https://www.sec.gov/Archives/edgar/data/1487428/0001437749-25-025756-index.html,Item 1.01; Item 9.01,Item 1.01; Item 9.01,False,True,,ex_850182.htm,True,ATM,Tier-1,https://www.sec.gov/Archives/edgar/data/1487428/000143774925025756/hrzn20250808_8k.htm,,True,Tier-1,Financing,,True,purchase_agreement;warrant,
0001487428,Horizon Technology Finance Corp,HRZN,8-K,2025-08-07,2025-08-07,2025-08-07,0001437749-25-025496,https://www.sec.gov/Archives/edgar/data/1487428/000143774925025496/hrzn20250807c_8k.htm,https://www.sec.gov/Archives/edgar/data/1487428/000143774925025496/hrzn20250807c_8k.htm,2025-08-07,2025-08-07 17:05:19,https://www.sec.gov/Archives/edgar/data/1487428/0001437749-25-025496-index.html,Item 8.01; Item 9.01,Item 8.01; Item 9.01,True,True,ex_849614.htm,,True,ATM,Tier-1,https://www.sec.gov/Archives/edgar/data/1487428/000143774925025496/hrzn20250807c_8k.htm,,True,Tier-1,Financing,,True,warrant;offering,
0001487428,Horizon Technology Finance Corp,HRZN,8-K,2025-08-07,2025-08-07,2025-08-07,0001437749-25-025481,https://www.sec.gov/Archives/edgar/data/1487428/000143774925025481/hrzn20250807_8k.htm,https://www.sec.gov/Archives/edgar/data/1487428/000143774925025481/hrzn20250807_8k.htm,2025-08-07,2025-08-07 16:53:32,https://www.sec.gov/Archives/edgar/data/1487428/0001437749-25-025481-index.html,Item 7.01; Item 9.01,Item 7.01; Item 9.01,True,True,ex_849603.htm; ex_849604.htm,,True,ATM,Tier-1,https://www.sec.gov/Archives/edgar/data/1487428/000143774925025481/hrzn20250807_8k.htm,,True,Tier-1,Financing,,True,purchase_agreement;warrant;offering,
0001487428,Horizon Technology Finance Corp,HRZN,8-K,2025-07-09,2025-07-09,2025-07-09,0001437749-25-022431,https://www.sec.gov/Archives/edgar/data/1487428/000143774925022431/hrzn20250709_8k.htm,https://www.sec.gov/Archives/edgar/data/1487428/000143774925022431/hrzn20250709_8k.htm,2025-07-09,2025-07-09 16:36:16,https://www.sec.gov/Archives/edgar/data/1487428/0001437749-25-022431-index.html,Item 2.02; Item 9.01,Item 2.02; Item 9.01,True,True,ex_837329.htm,,True,ATM,Tier-1,https://www.sec.gov/Archives/edgar/data/1487428/000143774925022431/hrzn20250709_8k.htm,,True,Tier-1,Financing,,True,warrant,
0001487428,Horizon Technology Finance Corp,HRZN,8-K,2025-06-09,2025-06-09,2025-06-09,0001437749-25-019883,https://www.sec.gov/Archives/edgar/data/1487428/000143774925019883/hrzn20250609_8k.htm,https://www.sec.gov/Archives/edgar/data/1487428/000143774925019883/hrzn20250609_8k.htm,2025-06-09,2025-06-09 17:17:42,https://www.sec.gov/Archives/edgar/data/1487428/0001437749-25-019883-index.html,Item 5.02; Item 7.01; Item 9.01,Item 5.02; Item 7.01; Item 9.01,True,True,ex_828613.htm,,True,ATM,Tier-1,https://www.sec.gov/Archives/edgar/data/1487428/000143774925019883/hrzn20250609_8k.htm,,True,Tier-1,Financing,,True,warrant,
0001487428,Horizon Technology Finance Corp,HRZN,8-K,2025-08-07,2025-08-07,2025-08-07,0001437749-25-025489,https://www.sec.gov/Archives/edgar/data/1487428/000143774925025489/hrzn20250807d_8k.htm,https://www.sec.gov/Archives/edgar/data/1487428/000143774925025489/hrzn20250807d_8k.htm,2025-08-07,2025-08-07 17:00:03,https://www.sec.gov/Archives/edgar/data/1487428/0001437749-25-025489-index.html,Item 2.02; Item 9.01,Item 2.02; Item 9.01,True,True,ex_849669.htm,,True,ATM,Tier-1,https://www.sec.gov/Archives/edgar/data/1487428/000143774925025489/hrzn20250807d_8k.htm,,True,Tier-1,Financing,,True,purchase_agreement;convertible;warrant,
0002032950,Horizon Space Acquisition II Corp.,HSPT,8-K,2025-07-08,2025-07-05,2025-07-05,0001929980-25-000525,https://www.sec.gov/Archives/edgar/data/2032950/000192998025000525/hspt_8k.htm,https://www.sec.gov/Archives/edgar/data/2032950/000192998025000525/hspt_8k.htm,2025-07-05,2025-07-08 09:05:27,https://www.sec.gov/Archives/edgar/data/2032950/0001929980-25-000525-index.html,Item 1.01; Item 2.03; Item 3.02; Item 9.01,Item 1.01; Item 2.03; Item 3.02; Item 9.01,False,True,,hspt_ex101.htm,True,ATM,Tier-1,https://www.sec.gov/Archives/edgar/data/2032950/000192998025000525/hspt_8k.htm,,True,Tier-1,Financing,,True,warrant,
0002032950,Horizon Space Acquisition II Corp.,HSPT,8-K,2025-02-04,2025-02-04,2025-02-04,0001929980-25-000063,https://www.sec.gov/Archives/edgar/data/2032950/000192998025000063/hspt_8k.htm,https://www.sec.gov/Archives/edgar/data/2032950/000192998025000063/hspt_8k.htm,2025-02-04,2025-02-04 16:00:15,https://www.sec.gov/Archives/edgar/data/2032950/0001929980-25-000063-index.html,Item 8.01; Item 9.01,Item 8.01; Item 9.01,True,True,hspt_ex991.htm,,True,ATM,Tier-1,https://www.sec.gov/Archives/edgar/data/2032950/000192998025000063/hspt_8k.htm,,True,Tier-1,Financing,,True,offering,
0002032950,Horizon Space Acquisition II Corp.,HSPT,8-K,2024-11-26,2024-11-21,2024-11-21,0001929980-24-000603,https://www.sec.gov/Archives/edgar/data/2032950/000192998024000603/hspt_8k.htm,https://www.sec.gov/Archives/edgar/data/2032950/000192998024000603/hspt_8k.htm,2024-11-21,2024-11-25 21:45:22,https://www.sec.gov/Archives/edgar/data/2032950/0001929980-24-000603-index.html,Item 8.01; Item 9.01,Item 8.01; Item 9.01,True,True,hspt_ex991.htm,,False,ATM,Tier-1,https://www.sec.gov/Archives/edgar/data/2032950/000192998024000603/hspt_8k.htm,,True,Tier-1,Financing,,True,offering,
0002032950,Horizon Space Acquisition II Corp.,HSPT,8-K,2025-05-12,2025-05-09,2025-05-09,0001929980-25-000400,https://www.sec.gov/Archives/edgar/data/2032950/000192998025000400/hspt_8k.htm,https://www.sec.gov/Archives/edgar/data/2032950/000192998025000400/hspt_8k.htm,2025-05-09,2025-05-12 09:05:11,https://www.sec.gov/Archives/edgar/data/2032950/0001929980-25-000400-index.html,Item 1.01; Item 7.01; Item 9.01,Item 1.01; Item 7.01; Item 9.01,True,True,hspt_ex991.htm,hspt_ex21.htm; hspt_ex101.htm; hspt_ex102.htm; hspt_ex103.htm; hspt_ex104.htm,True,ATM,Tier-1,https://www.sec.gov/Archives/edgar/data/2032950/000192998025000400/hspt_8k.htm,,True,Tier-1,Financing,,True,offering,
0002032950,Horizon Space Acquisition II Corp.,HSPT,8-K,2024-11-22,2024-11-18,2024-11-18,0001929980-24-000589,https://www.sec.gov/Archives/edgar/data/2032950/000192998024000589/hspt_8k.htm,https://www.sec.gov/Archives/edgar/data/2032950/000192998024000589/hspt_8k.htm,2024-11-18,2024-11-22 17:00:09,https://www.sec.gov/Archives/edgar/data/2032950/0001929980-24-000589-index.html,Item 8.01; Item 9.01,Item 8.01; Item 9.01,True,True,hspt_ex991.htm,,False,ATM,Tier-1,https://www.sec.gov/Archives/edgar/data/2032950/000192998024000589/hspt_8k.htm,,True,Tier-1,Financing,,True,convertible;offering,
0002032950,Horizon Space Acquisition II Corp.,HSPT,8-K,2024-11-18,2024-11-18,2024-11-18,0001929980-24-000561,https://www.sec.gov/Archives/edgar/data/2032950/000192998024000561/hspo_8k.htm,https://www.sec.gov/Archives/edgar/data/2032950/000192998024000561/hspo_8k.htm,2024-11-18,2024-11-18 17:30:05,https://www.sec.gov/Archives/edgar/data/2032950/0001929980-24-000561-index.html,Item 1.01; Item 3.02; Item 5.02; Item 5.03; Item 8.01; Item 9.01,Item 1.01; Item 3.02; Item 5.02; Item 5.03; Item 8.01; Item 9.01,True,True,hspo_ex991.htm; hspo_ex992.htm,hspo_ex11.htm; hspo_ex101.htm; hspo_ex102.htm; hspo_ex103.htm; hspo_ex104.htm; hspo_ex105.htm; hspo_ex106.htm,True,ATM,Tier-1,https://www.sec.gov/Archives/edgar/data/2032950/000192998024000561/hspo_8k.htm,,True,Tier-1,Financing,,True,underwriting_agreement;subscription_agreement;offering,
0001156041,HOUSTON AMERICAN ENERGY CORP,HUSA,8-K,2025-11-25,2025-11-25,2025-11-25,0001493152-25-024910,https://www.sec.gov/Archives/edgar/data/1156041/000149315225024910/form8-k.htm,https://www.sec.gov/Archives/edgar/data/1156041/000149315225024910/form8-k.htm,2025-11-25,2025-11-25 08:35:53,https://www.sec.gov/Archives/edgar/data/1156041/0001493152-25-024910-index.html,Item 9.01,Item 9.01,True,True,ex99-1.htm,,True,ListingChange,Tier-1,https://www.sec.gov/Archives/edgar/data/1156041/000149315225024910/form8-k.htm,,True,Tier-2,,,False,,
0001156041,HOUSTON AMERICAN ENERGY CORP,HUSA,8-K,2025-11-21,2025-11-19,2025-11-19,0001493152-25-024623,https://www.sec.gov/Archives/edgar/data/1156041/000149315225024623/form8-k.htm,https://www.sec.gov/Archives/edgar/data/1156041/000149315225024623/form8-k.htm,2025-11-19,2025-11-21 16:05:48,https://www.sec.gov/Archives/edgar/data/1156041/0001493152-25-024623-index.html,Item 1.01; Item 8.01; Item 9.01,Item 1.01; Item 8.01; Item 9.01,True,True,ex99-1.htm,ex1-1.htm; ex10-1.htm,True,ATM,Tier-1,https://www.sec.gov/Archives/edgar/data/1156041/000149315225024623/form8-k.htm,,True,Tier-1,Financing,,True,registered_direct;spa;purchase_agreement;warrant;offering,
0001156041,HOUSTON AMERICAN ENERGY CORP,HUSA,8-K,2025-11-10,2025-11-10,2025-11-10,0001493152-25-021430,https://www.sec.gov/Archives/edgar/data/1156041/000149315225021430/form8-k.htm,https://www.sec.gov/Archives/edgar/data/1156041/000149315225021430/form8-k.htm,2025-11-10,2025-11-10 08:45:43,https://www.sec.gov/Archives/edgar/data/1156041/0001493152-25-021430-index.html,Item 2.02; Item 8.01; Item 9.01,Item 2.02; Item 8.01; Item 9.01,True,True,ex99-1.htm,,True,ListingChange,Tier-1,https://www.sec.gov/Archives/edgar/data/1156041/000149315225021430/form8-k.htm,,True,Tier-2,,,False,,
0001156041,HOUSTON AMERICAN ENERGY CORP,HUSA,8-K,2025-09-11,2025-09-08,2025-09-08,0001493152-25-013093,https://www.sec.gov/Archives/edgar/data/1156041/000149315225013093/form8-k.htm,https://www.sec.gov/Archives/edgar/data/1156041/000149315225013093/form8-k.htm,2025-09-08,2025-09-11 16:53:01,https://www.sec.gov/Archives/edgar/data/1156041/0001493152-25-013093-index.html,Item 5.02; Item 5.07; Item 9.01,Item 5.02; Item 5.07; Item 9.01,False,True,,ex10-1.htm,True,ATM,Tier-1,https://www.sec.gov/Archives/edgar/data/1156041/000149315225013093/form8-k.htm,,True,Tier-1,Financing,,True,spa;purchase_agreement;convertible,
0001156041,HOUSTON AMERICAN ENERGY CORP,HUSA,8-K,2025-08-04,2025-08-01,2025-08-01,0001641172-25-021998,https://www.sec.gov/Archives/edgar/data/1156041/000164117225021998/form8-k.htm,https://www.sec.gov/Archives/edgar/data/1156041/000164117225021998/form8-k.htm,2025-08-01,2025-08-04 08:40:28,https://www.sec.gov/Archives/edgar/data/1156041/0001641172-25-021998-index.html,Item 5.02; Item 8.01; Item 9.01,Item 5.02; Item 8.01; Item 9.01,True,True,ex99-1.htm,ex10-1.htm,True,ListingChange,Tier-1,https://www.sec.gov/Archives/edgar/data/1156041/000164117225021998/form8-k.htm,,True,Tier-2,,,False,,
0001156041,HOUSTON AMERICAN ENERGY CORP,HUSA,8-K,2025-07-01,2025-07-01,2025-07-01,0001641172-25-017360,https://www.sec.gov/Archives/edgar/data/1156041/000164117225017360/form8-k.htm,https://www.sec.gov/Archives/edgar/data/1156041/000164117225017360/form8-k.htm,2025-07-01,2025-07-01 16:05:11,https://www.sec.gov/Archives/edgar/data/1156041/0001641172-25-017360-index.html,Item 2.01; Item 3.02; Item 5.01; Item 5.02; Item 8.01; Item 9.01,Item 2.01; Item 3.02; Item 5.01; Item 5.02; Item 8.01; Item 9.01,True,True,ex99-1.htm; ex99-2.htm,ex10-1.htm,True,ContractAward,Tier-1,https://www.sec.gov/Archives/edgar/data/1156041/000164117225017360/form8-k.htm,,True,Tier-2,,,False,,
0001156041,HOUSTON AMERICAN ENERGY CORP,HUSA,8-K,2025-07-16,2025-07-10,2025-07-10,0001641172-25-019841,https://www.sec.gov/Archives/edgar/data/1156041/000164117225019841/form8-k.htm,https://www.sec.gov/Archives/edgar/data/1156041/000164117225019841/form8-k.htm,2025-07-10,2025-07-16 09:23:41,https://www.sec.gov/Archives/edgar/data/1156041/0001641172-25-019841-index.html,Item 1.01; Item 2.01; Item 2.03; Item 3.02; Item 8.01; Item 9.01,Item 1.01; Item 2.01; Item 2.03; Item 3.02; Item 8.01; Item 9.01,True,True,ex99-1.htm; ex99-2.htm; ex99-3.htm,ex10-1.htm; ex10-2.htm; ex10-3.htm; ex10-4.htm; ex10-5.htm; ex10-6.htm,True,ATM,Tier-1,https://www.sec.gov/Archives/edgar/data/1156041/000164117225019841/form8-k.htm,,True,Tier-1,Financing,,True,spa;purchase_agreement;equity_line;convertible;warrant;offering,
0002070602,Highview Merger Corp.,HVMC,8-K,2025-09-30,2025-09-30,2025-09-30,0001185185-25-001310,https://www.sec.gov/Archives/edgar/data/2070602/000118518525001310/hvmc8k092925.htm,https://www.sec.gov/Archives/edgar/data/2070602/000118518525001310/hvmc8k092925.htm,2025-09-30,2025-09-30 06:11:47,https://www.sec.gov/Archives/edgar/data/2070602/0001185185-25-001310-index.html,Item 8.01; Item 9.01,Item 8.01; Item 9.01,True,True,hvmcex99-1.htm,,True,ATM,Tier-1,https://www.sec.gov/Archives/edgar/data/2070602/000118518525001310/hvmc8k092925.htm,,True,Tier-1,Financing,,True,warrant;offering,
0001156041,HOUSTON AMERICAN ENERGY CORP,HUSA,8-K/A,2025-08-01,2025-07-01,2025-07-01,0001641172-25-021795,https://www.sec.gov/Archives/edgar/data/1156041/000164117225021795/form8-ka.htm,https://www.sec.gov/Archives/edgar/data/1156041/000164117225021795/form8-ka.htm,2025-07-01,2025-07-31 20:01:20,https://www.sec.gov/Archives/edgar/data/1156041/0001641172-25-021795-index.html,Item 9.01,Item 9.01,True,True,ex99-1.htm; ex99-2.htm; ex99-3.htm,ex23-1.htm,True,ATM,Tier-1,https://www.sec.gov/Archives/edgar/data/1156041/000164117225021795/form8-ka.htm,,True,Tier-1,Financing,,True,convertible;warrant;offering,
0002070602,Highview Merger Corp.,HVMC,8-K,2025-08-13,2025-08-11,2025-08-11,0001185185-25-000959,https://www.sec.gov/Archives/edgar/data/2070602/000118518525000959/hvmc8k081325.htm,https://www.sec.gov/Archives/edgar/data/2070602/000118518525000959/hvmc8k081325.htm,2025-08-11,2025-08-13 16:36:41,https://www.sec.gov/Archives/edgar/data/2070602/0001185185-25-000959-index.html,Item 9.01,Item 9.01,True,True,hvmcex99-1.htm; hvmcex99-2.htm,hvmcex1-1.htm; hvmcex10-1.htm; hvmcex10-2.htm; hvmcex10-3.htm; hvmcex10-4.htm; hvmcex10-5.htm; hvmcex10-6.htm,True,ATM,Tier-1,https://www.sec.gov/Archives/edgar/data/2070602/000118518525000959/hvmc8k081325.htm,,True,Tier-1,Financing,,True,purchase_agreement;underwriting_agreement;warrant;offering,
0001998781,IB Acquisition Corp.,IBAC,8-K,2025-09-24,2025-09-22,2025-09-22,0001493152-25-014810,https://www.sec.gov/Archives/edgar/data/1998781/000149315225014810/form8-k.htm,https://www.sec.gov/Archives/edgar/data/1998781/000149315225014810/form8-k.htm,2025-09-22,2025-09-24 16:40:33,https://www.sec.gov/Archives/edgar/data/1998781/0001493152-25-014810-index.html,Item 1.01; Item 5.03; Item 5.07; Item 9.01,Item 1.01; Item 5.03; Item 5.07; Item 9.01,False,True,,ex10-1.htm,True,ATM,Tier-1,https://www.sec.gov/Archives/edgar/data/1998781/000149315225014810/form8-k.htm,,True,Tier-1,Financing,,True,offering,
0002070602,Highview Merger Corp.,HVMC,8-K,2025-08-19,2025-08-13,2025-08-13,0001185185-25-001039,https://www.sec.gov/Archives/edgar/data/2070602/000118518525001039/hvmc8k081825.htm,https://www.sec.gov/Archives/edgar/data/2070602/000118518525001039/hvmc8k081825.htm,2025-08-13,2025-08-19 16:30:25,https://www.sec.gov/Archives/edgar/data/2070602/0001185185-25-001039-index.html,Item 9.01,Item 9.01,True,True,hvmcex99-1.htm,,True,ATM,Tier-1,https://www.sec.gov/Archives/edgar/data/2070602/000118518525001039/hvmc8k081825.htm,,True,Tier-1,Financing,,True,underwriting_agreement;convertible;warrant;offering,
0001371489,Information Services Group Inc.,III,8-K,2025-11-03,2025-11-03,2025-11-03,0001104659-25-105204,https://www.sec.gov/Archives/edgar/data/1371489/000110465925105204/iii-20251103x8k.htm,https://www.sec.gov/Archives/edgar/data/1371489/000110465925105204/iii-20251103x8k.htm,2025-11-03,2025-11-03 06:49:39,https://www.sec.gov/Archives/edgar/data/1371489/0001104659-25-105204-index.html,Item 2.02; Item 9.01,Item 2.02; Item 9.01,True,True,iii-20251103xex99d1.htm,,True,GuidanceUp,Tier-1,https://www.sec.gov/Archives/edgar/data/1371489/000110465925105204/iii-20251103x8k.htm,,True,Tier-2,,,False,,
0001371489,Information Services Group Inc.,III,8-K,2025-03-06,2025-02-28,2025-02-28,0001104659-25-021370,https://www.sec.gov/Archives/edgar/data/1371489/000110465925021370/tm258400d1_8k.htm,https://www.sec.gov/Archives/edgar/data/1371489/000110465925021370/tm258400d1_8k.htm,2025-02-28,2025-03-06 16:10:57,https://www.sec.gov/Archives/edgar/data/1371489/0001104659-25-021370-index.html,Item 5.02; Item 7.01; Item 9.01,Item 5.02; Item 7.01; Item 9.01,True,True,tm258400d1_ex99-1.htm,,True,ListingChange,Tier-1,https://www.sec.gov/Archives/edgar/data/1371489/000110465925021370/tm258400d1_8k.htm,,True,Tier-2,,,False,,
0001371489,Information Services Group Inc.,III,8-K,2025-05-08,2025-05-08,2025-05-08,0001558370-25-006999,https://www.sec.gov/Archives/edgar/data/1371489/000155837025006999/iii-20250508x8k.htm,https://www.sec.gov/Archives/edgar/data/1371489/000155837025006999/iii-20250508x8k.htm,2025-05-08,2025-05-08 16:52:38,https://www.sec.gov/Archives/edgar/data/1371489/0001558370-25-006999-index.html,Item 2.02; Item 9.01,Item 2.02; Item 9.01,True,True,iii-20250508xex99d1.htm,,True,GuidanceUp,Tier-1,https://www.sec.gov/Archives/edgar/data/1371489/000155837025006999/iii-20250508x8k.htm,,True,Tier-2,,,False,,
0001371489,Information Services Group Inc.,III,8-K,2025-08-06,2025-08-06,2025-08-06,0001558370-25-010547,https://www.sec.gov/Archives/edgar/data/1371489/000155837025010547/iii-20250806x8k.htm,https://www.sec.gov/Archives/edgar/data/1371489/000155837025010547/iii-20250806x8k.htm,2025-08-06,2025-08-06 16:33:02,https://www.sec.gov/Archives/edgar/data/1371489/0001558370-25-010547-index.html,Item 2.02; Item 9.01,Item 2.02; Item 9.01,True,True,iii-20250806xex99d1.htm,,True,GuidanceUp,Tier-1,https://www.sec.gov/Archives/edgar/data/1371489/000155837025010547/iii-20250806x8k.htm,,True,Tier-2,,,False,,
0001371489,Information Services Group Inc.,III,8-K,2025-03-06,2025-03-06,2025-03-06,0001558370-25-002403,https://www.sec.gov/Archives/edgar/data/1371489/000155837025002403/iii-20250306x8k.htm,https://www.sec.gov/Archives/edgar/data/1371489/000155837025002403/iii-20250306x8k.htm,2025-03-06,2025-03-06 16:32:40,https://www.sec.gov/Archives/edgar/data/1371489/0001558370-25-002403-index.html,Item 2.02; Item 9.01,Item 2.02; Item 9.01,True,True,iii-20250306xex99d1.htm,,True,GuidanceUp,Tier-1,https://www.sec.gov/Archives/edgar/data/1371489/000155837025002403/iii-20250306x8k.htm,,True,Tier-2,,,False,,
0001790340,Immuneering Corp,IMRX,8-K,2025-09-25,2025-09-24,2025-09-24,0001104659-25-093436,https://www.sec.gov/Archives/edgar/data/1790340/000110465925093436/tm2526946d1_8k.htm,https://www.sec.gov/Archives/edgar/data/1790340/000110465925093436/tm2526946d1_8k.htm,2025-09-24,2025-09-25 17:23:28,https://www.sec.gov/Archives/edgar/data/1790340/0001104659-25-093436-index.html,Item 1.01; Item 8.01; Item 9.01,Item 1.01; Item 8.01; Item 9.01,False,True,,tm2526946d1_ex1-1.htm,True,ATM,Tier-1,https://www.sec.gov/Archives/edgar/data/1790340/000110465925093436/tm2526946d1_8k.htm,,True,Tier-1,Financing,,True,purchase_agreement;underwriting_agreement;atm;warrant;offering,
0001790340,Immuneering Corp,IMRX,8-K,2025-11-12,2025-11-12,2025-11-12,0001790340-25-000133,https://www.sec.gov/Archives/edgar/data/1790340/000179034025000133/imrx-20251112.htm,https://www.sec.gov/Archives/edgar/data/1790340/000179034025000133/imrx-20251112.htm,2025-11-12,2025-11-12 16:07:25,https://www.sec.gov/Archives/edgar/data/1790340/0001790340-25-000133-index.html,Item 2.02; Item 9.01,Item 2.02; Item 9.01,True,True,imrx-20251112xexx991.htm,,True,ATM,Tier-1,https://www.sec.gov/Archives/edgar/data/1790340/000179034025000133/imrx-20251112.htm,,True,Tier-1,Financing,,True,spa;purchase_agreement;warrant;offering,
0001790340,Immuneering Corp,IMRX,8-K,2025-09-24,2025-09-24,2025-09-24,0001104659-25-092957,https://www.sec.gov/Archives/edgar/data/1790340/000110465925092957/tm2526843d1_8k.htm,https://www.sec.gov/Archives/edgar/data/1790340/000110465925092957/tm2526843d1_8k.htm,2025-09-24,2025-09-24 16:15:26,https://www.sec.gov/Archives/edgar/data/1790340/0001104659-25-092957-index.html,Item 1.01; Item 3.02; Item 8.01; Item 9.01,Item 1.01; Item 3.02; Item 8.01; Item 9.01,True,True,tm2526843d1_ex99-1.htm,tm2526843d1_ex10-1.htm,True,ATM,Tier-1,https://www.sec.gov/Archives/edgar/data/1790340/000110465925092957/tm2526843d1_8k.htm,,True,Tier-1,Financing,,True,spa;purchase_agreement;warrant;offering,
0001790340,Immuneering Corp,IMRX,8-K,2025-08-25,2025-08-21,2025-08-21,0001104659-25-081995,https://www.sec.gov/Archives/edgar/data/1790340/000110465925081995/tm2524079d1_8k.htm,https://www.sec.gov/Archives/edgar/data/1790340/000110465925081995/tm2524079d1_8k.htm,2025-08-21,2025-08-22 20:58:37,https://www.sec.gov/Archives/edgar/data/1790340/0001104659-25-081995-index.html,Item 1.01; Item 3.02; Item 8.01; Item 9.01,Item 1.01; Item 3.02; Item 8.01; Item 9.01,True,True,tm2524079d1_ex99-1.htm,tm2524079d1_ex10-1.htm; tm2524079d1_ex10-2.htm,True,ATM,Tier-1,https://www.sec.gov/Archives/edgar/data/1790340/000110465925081995/tm2524079d1_8k.htm,,True,Tier-1,Financing,,True,spa;purchase_agreement;warrant;offering,
0001371489,Information Services Group Inc.,III,8-K,2024-11-07,2024-11-07,2024-11-07,0001558370-24-014886,https://www.sec.gov/Archives/edgar/data/1371489/000155837024014886/iii-20241107x8k.htm,https://www.sec.gov/Archives/edgar/data/1371489/000155837024014886/iii-20241107x8k.htm,2024-11-07,2024-11-07 16:38:15,https://www.sec.gov/Archives/edgar/data/1371489/0001558370-24-014886-index.html,Item 2.02; Item 9.01,Item 2.02; Item 9.01,True,True,iii-20241107xex99d1.htm,,True,GuidanceUp,Tier-1,https://www.sec.gov/Archives/edgar/data/1371489/000155837024014886/iii-20241107x8k.htm,,True,Tier-2,,,False,,
0001790340,Immuneering Corp,IMRX,8-K,2025-08-13,2025-08-13,2025-08-13,0001790340-25-000102,https://www.sec.gov/Archives/edgar/data/1790340/000179034025000102/imrx-20250813.htm,https://www.sec.gov/Archives/edgar/data/1790340/000179034025000102/imrx-20250813.htm,2025-08-13,2025-08-13 16:13:47,https://www.sec.gov/Archives/edgar/data/1790340/0001790340-25-000102-index.html,Item 2.02; Item 9.01,Item 2.02; Item 9.01,True,True,imrx-20250813xexx991.htm,,True,ATM,Tier-1,https://www.sec.gov/Archives/edgar/data/1790340/000179034025000102/imrx-20250813.htm,,True,Tier-2,,,False,,
0001790340,Immuneering Corp,IMRX,8-K,2025-05-05,2025-05-05,2025-05-05,0001790340-25-000059,https://www.sec.gov/Archives/edgar/data/1790340/000179034025000059/imrx-20250505.htm,https://www.sec.gov/Archives/edgar/data/1790340/000179034025000059/imrx-20250505.htm,2025-05-05,2025-05-05 16:17:28,https://www.sec.gov/Archives/edgar/data/1790340/0001790340-25-000059-index.html,Item 2.02; Item 9.01,Item 2.02; Item 9.01,True,True,imrx-20250505xexx991.htm,,True,ATM,Tier-1,https://www.sec.gov/Archives/edgar/data/1790340/000179034025000059/imrx-20250505.htm,,True,Tier-2,,,False,,
0001790340,Immuneering Corp,IMRX,8-K,2025-03-20,2025-03-20,2025-03-20,0001790340-25-000039,https://www.sec.gov/Archives/edgar/data/1790340/000179034025000039/imrx-20250320.htm,https://www.sec.gov/Archives/edgar/data/1790340/000179034025000039/imrx-20250320.htm,2025-03-20,2025-03-20 16:07:26,https://www.sec.gov/Archives/edgar/data/1790340/0001790340-25-000039-index.html,Item 2.02; Item 9.01,Item 2.02; Item 9.01,True,True,imrx-20240229xexx9911.htm,,True,ATM,Tier-1,https://www.sec.gov/Archives/edgar/data/1790340/000179034025000039/imrx-20250320.htm,,True,Tier-2,,,False,,
0002063816,Indigo Acquisition Corp.,INAC,8-K,2025-07-18,2025-07-18,2025-07-18,0001213900-25-065338,https://www.sec.gov/Archives/edgar/data/2063816/000121390025065338/ea0249409-8k_indigoacq.htm,https://www.sec.gov/Archives/edgar/data/2063816/000121390025065338/ea0249409-8k_indigoacq.htm,2025-07-18,2025-07-18 08:07:28,https://www.sec.gov/Archives/edgar/data/2063816/0001213900-25-065338-index.html,Item 8.01; Item 9.01,Item 8.01; Item 9.01,True,True,ea024940901ex99-1_indigoacq.htm,,True,ATM,Tier-1,https://www.sec.gov/Archives/edgar/data/2063816/000121390025065338/ea0249409-8k_indigoacq.htm,,True,Tier-1,Financing,,True,offering,
0001790340,Immuneering Corp,IMRX,8-K,2025-01-13,2025-01-13,2025-01-13,0001790340-25-000014,https://www.sec.gov/Archives/edgar/data/1790340/000179034025000014/imrx-20250113.htm,https://www.sec.gov/Archives/edgar/data/1790340/000179034025000014/imrx-20250113.htm,2025-01-13,2025-01-13 16:36:35,https://www.sec.gov/Archives/edgar/data/1790340/0001790340-25-000014-index.html,Item 8.01,Item 8.01,False,True,,,True,ATM,Tier-1,https://www.sec.gov/Archives/edgar/data/1790340/000179034025000014/imrx-20250113.htm,,True,Tier-1,Financing,,True,atm;offering,
0002063816,Indigo Acquisition Corp.,INAC,8-K,2025-07-11,2025-07-02,2025-07-02,0001213900-25-063295,https://www.sec.gov/Archives/edgar/data/2063816/000121390025063295/ea0248651-8k_indigoacq.htm,https://www.sec.gov/Archives/edgar/data/2063816/000121390025063295/ea0248651-8k_indigoacq.htm,2025-07-02,2025-07-11 16:30:31,https://www.sec.gov/Archives/edgar/data/2063816/0001213900-25-063295-index.html,Item 3.02; Item 8.01; Item 9.01,Item 3.02; Item 8.01; Item 9.01,True,True,ea024865101ex99-1_indigoacq.htm,,True,ATM,Tier-1,https://www.sec.gov/Archives/edgar/data/2063816/000121390025063295/ea0248651-8k_indigoacq.htm,,True,Tier-1,Financing,,True,offering,
0002063816,Indigo Acquisition Corp.,INAC,8-K,2025-07-01,2025-06-30,2025-06-30,0001213900-25-059954,https://www.sec.gov/Archives/edgar/data/2063816/000121390025059954/ea0247505-8k_indigo.htm,https://www.sec.gov/Archives/edgar/data/2063816/000121390025059954/ea0247505-8k_indigo.htm,2025-06-30,2025-07-01 06:30:54,https://www.sec.gov/Archives/edgar/data/2063816/0001213900-25-059954-index.html,Item 9.01,Item 9.01,True,True,ea024750501ex99-1_indigo.htm,ea024750501ex1-1_indigo.htm; ea024750501ex10-1_indigo.htm; ea024750501ex10-2_indigo.htm; ea024750501ex10-3_indigo.htm; ea024750501ex10-4_indigo.htm; ea024750501ex10-5_indigo.htm; ea024750501ex10-6_indigo.htm; ea024750501ex10-7_indigo.htm; ea024750501ex10-8_indigo.htm; ea024750501ex10-9_indigo.htm,True,ATM,Tier-1,https://www.sec.gov/Archives/edgar/data/2063816/000121390025059954/ea0247505-8k_indigo.htm,,True,Tier-1,Financing,,True,purchase_agreement;underwriting_agreement;offering,
0002063816,Indigo Acquisition Corp.,INAC,8-K,2025-07-10,2025-07-02,2025-07-02,0001213900-25-062451,https://www.sec.gov/Archives/edgar/data/2063816/000121390025062451/ea0248330-8k_indigo.htm,https://www.sec.gov/Archives/edgar/data/2063816/000121390025062451/ea0248330-8k_indigo.htm,2025-07-02,2025-07-09 18:43:25,https://www.sec.gov/Archives/edgar/data/2063816/0001213900-25-062451-index.html,Item 3.02; Item 8.01; Item 9.01,Item 3.02; Item 8.01; Item 9.01,True,True,ea024833001ex99-1_indigo.htm; ea024833001ex99-2_indigo.htm,,True,ATM,Tier-1,https://www.sec.gov/Archives/edgar/data/2063816/000121390025062451/ea0248330-8k_indigo.htm,,True,Tier-1,Financing,,True,underwriting_agreement;convertible;offering,
0001562463,First Internet Bancorp,INBK,8-K,2025-09-22,2025-09-18,2025-09-18,0001562463-25-000095,https://www.sec.gov/Archives/edgar/data/1562463/000156246325000095/inbk-20250918.htm,https://www.sec.gov/Archives/edgar/data/1562463/000156246325000095/inbk-20250918.htm,2025-09-18,2025-09-22 16:11:15,https://www.sec.gov/Archives/edgar/data/1562463/0001562463-25-000095-index.html,Item 2.01; Item 9.01,Item 2.01; Item 9.01,False,True,,,True,ATM,Tier-1,https://www.sec.gov/Archives/edgar/data/1562463/000156246325000095/inbk-20250918.htm,,True,Tier-1,Financing,,True,purchase_agreement;warrant,
0001562463,First Internet Bancorp,INBK,8-K,2025-09-16,2025-09-16,2025-09-16,0001562463-25-000086,https://www.sec.gov/Archives/edgar/data/1562463/000156246325000086/inbk-20250916.htm,https://www.sec.gov/Archives/edgar/data/1562463/000156246325000086/inbk-20250916.htm,2025-09-16,2025-09-16 16:24:14,https://www.sec.gov/Archives/edgar/data/1562463/0001562463-25-000086-index.html,Item 7.01; Item 9.01,Item 7.01; Item 9.01,True,True,inbk3q2025dividendpressrel.htm,,True,ContractAward,Tier-1,https://www.sec.gov/Archives/edgar/data/1562463/000156246325000086/inbk-20250916.htm,,True,Tier-2,,,False,,
0001562463,First Internet Bancorp,INBK,8-K,2025-09-10,2025-09-05,2025-09-05,0001562463-25-000083,https://www.sec.gov/Archives/edgar/data/1562463/000156246325000083/inbk-20250905.htm,https://www.sec.gov/Archives/edgar/data/1562463/000156246325000083/inbk-20250905.htm,2025-09-05,2025-09-10 16:36:57,https://www.sec.gov/Archives/edgar/data/1562463/0001562463-25-000083-index.html,Item 1.01; Item 2.06; Item 7.01; Item 9.01,Item 1.01; Item 2.06; Item 7.01; Item 9.01,True,True,inbkloanportfoliopurchasea.htm; stlloansalesupplementalm.htm,fib-bxxloanportfoliopurcha.htm,True,ATM,Tier-1,https://www.sec.gov/Archives/edgar/data/1562463/000156246325000083/inbk-20250905.htm,,True,Tier-1,Financing,,True,purchase_agreement;warrant,
0001562463,First Internet Bancorp,INBK,8-K,2025-06-17,2025-06-17,2025-06-17,0001562463-25-000062,https://www.sec.gov/Archives/edgar/data/1562463/000156246325000062/inbk-20250617.htm,https://www.sec.gov/Archives/edgar/data/1562463/000156246325000062/inbk-20250617.htm,2025-06-17,2025-06-17 16:20:49,https://www.sec.gov/Archives/edgar/data/1562463/0001562463-25-000062-index.html,Item 7.01; Item 9.01,Item 7.01; Item 9.01,True,True,inbk2q2025dividendpressrel.htm,,True,ContractAward,Tier-1,https://www.sec.gov/Archives/edgar/data/1562463/000156246325000062/inbk-20250617.htm,,True,Tier-2,,,False,,
0001562463,First Internet Bancorp,INBK,8-K,2025-10-22,2025-10-22,2025-10-22,0001562463-25-000103,https://www.sec.gov/Archives/edgar/data/1562463/000156246325000103/inbk-20251022.htm,https://www.sec.gov/Archives/edgar/data/1562463/000156246325000103/inbk-20251022.htm,2025-10-22,2025-10-22 16:54:18,https://www.sec.gov/Archives/edgar/data/1562463/0001562463-25-000103-index.html,Item 2.02; Item 8.01; Item 9.01,Item 2.02; Item 8.01; Item 9.01,True,True,inbk-3q2025xex991.htm; inbk_3q25earningspresent.htm,,True,ListingChange,Tier-1,https://www.sec.gov/Archives/edgar/data/1562463/000156246325000103/inbk-20251022.htm,,True,Tier-2,,,False,,
0001562463,First Internet Bancorp,INBK,8-K,2025-03-18,2025-03-18,2025-03-18,0001562463-25-000027,https://www.sec.gov/Archives/edgar/data/1562463/000156246325000027/inbk-20250318.htm,https://www.sec.gov/Archives/edgar/data/1562463/000156246325000027/inbk-20250318.htm,2025-03-18,2025-03-18 16:24:20,https://www.sec.gov/Archives/edgar/data/1562463/0001562463-25-000027-index.html,Item 7.01; Item 9.01,Item 7.01; Item 9.01,True,True,inbk1q2025dividendpressrel.htm,,True,ContractAward,Tier-1,https://www.sec.gov/Archives/edgar/data/1562463/000156246325000027/inbk-20250318.htm,,True,Tier-2,,,False,,
0001562463,First Internet Bancorp,INBK,8-K,2025-07-23,2025-07-23,2025-07-23,0001562463-25-000068,https://www.sec.gov/Archives/edgar/data/1562463/000156246325000068/inbk-20250723.htm,https://www.sec.gov/Archives/edgar/data/1562463/000156246325000068/inbk-20250723.htm,2025-07-23,2025-07-23 17:28:47,https://www.sec.gov/Archives/edgar/data/1562463/0001562463-25-000068-index.html,Item 2.02; Item 9.01,Item 2.02; Item 9.01,True,True,inbk-2q2025xex991.htm; inbk_2q25earningspresent.htm,,True,FDA,Tier-1,https://www.sec.gov/Archives/edgar/data/1562463/000156246325000068/inbk-20250723.htm,,True,Tier-2,,,False,,
0001562463,First Internet Bancorp,INBK,8-K,2025-04-23,2025-04-23,2025-04-23,0001562463-25-000040,https://www.sec.gov/Archives/edgar/data/1562463/000156246325000040/inbk-20250423.htm,https://www.sec.gov/Archives/edgar/data/1562463/000156246325000040/inbk-20250423.htm,2025-04-23,2025-04-23 17:03:48,https://www.sec.gov/Archives/edgar/data/1562463/0001562463-25-000040-index.html,Item 2.02; Item 9.01,Item 2.02; Item 9.01,True,True,inbk-1q2025xex991.htm; inbk_1q25earningspresent.htm,,True,ContractAward,Tier-1,https://www.sec.gov/Archives/edgar/data/1562463/000156246325000040/inbk-20250423.htm,,True,Tier-2,,,False,,
0001022652,INSEEGO CORP.,INSG,8-K,2025-11-03,2025-10-28,2025-10-28,0001683168-25-007893,https://www.sec.gov/Archives/edgar/data/1022652/000168316825007893/inseego_8k.htm,https://www.sec.gov/Archives/edgar/data/1022652/000168316825007893/inseego_8k.htm,2025-10-28,2025-11-03 08:00:13,https://www.sec.gov/Archives/edgar/data/1022652/0001683168-25-007893-index.html,Item 5.02; Item 7.01; Item 9.01,Item 5.02; Item 7.01; Item 9.01,True,True,inseego_ex9901.htm,,True,ContractAward,Tier-1,https://www.sec.gov/Archives/edgar/data/1022652/000168316825007893/inseego_8k.htm,,True,Tier-2,,,False,,
0001022652,INSEEGO CORP.,INSG,8-K,2025-11-06,2025-11-06,2025-11-06,0001683168-25-008028,https://www.sec.gov/Archives/edgar/data/1022652/000168316825008028/inseego_8k.htm,https://www.sec.gov/Archives/edgar/data/1022652/000168316825008028/inseego_8k.htm,2025-11-06,2025-11-06 16:06:07,https://www.sec.gov/Archives/edgar/data/1022652/0001683168-25-008028-index.html,Item 2.02; Item 9.01,Item 2.02; Item 9.01,True,True,inseego_9901.htm; inseego_9902.htm,,True,ATM,Tier-1,https://www.sec.gov/Archives/edgar/data/1022652/000168316825008028/inseego_8k.htm,,True,Tier-1,Financing,,True,convertible;warrant;offering,
0001022652,INSEEGO CORP.,INSG,8-K,2025-05-05,2025-04-30,2025-04-30,0001683168-25-003134,https://www.sec.gov/Archives/edgar/data/1022652/000168316825003134/inseego_8k.htm,https://www.sec.gov/Archives/edgar/data/1022652/000168316825003134/inseego_8k.htm,2025-04-30,2025-05-05 16:12:27,https://www.sec.gov/Archives/edgar/data/1022652/0001683168-25-003134-index.html,Item 5.02; Item 7.01; Item 9.01,Item 5.02; Item 7.01; Item 9.01,True,True,inseego_ex9901.htm,,True,ATM,Tier-1,https://www.sec.gov/Archives/edgar/data/1022652/000168316825003134/inseego_8k.htm,,True,Tier-1,Financing,,True,offering,
0001022652,INSEEGO CORP.,INSG,8-K,2025-08-07,2025-08-05,2025-08-05,0001683168-25-005754,https://www.sec.gov/Archives/edgar/data/1022652/000168316825005754/inseego_8k.htm,https://www.sec.gov/Archives/edgar/data/1022652/000168316825005754/inseego_8k.htm,2025-08-05,2025-08-07 16:06:19,https://www.sec.gov/Archives/edgar/data/1022652/0001683168-25-005754-index.html,Item 1.01; Item 2.02; Item 2.03; Item 9.01,Item 1.01; Item 2.02; Item 2.03; Item 9.01,True,True,inseego_ex9901.htm; inseego_ex9902.htm,inseego_ex1001.htm,True,ATM,Tier-1,https://www.sec.gov/Archives/edgar/data/1022652/000168316825005754/inseego_8k.htm,,True,Tier-1,Financing,,True,convertible;warrant;offering,
0001022652,INSEEGO CORP.,INSG,8-K,2025-05-01,2025-05-01,2025-05-01,0001683168-25-003027,https://www.sec.gov/Archives/edgar/data/1022652/000168316825003027/inseego_8k.htm,https://www.sec.gov/Archives/edgar/data/1022652/000168316825003027/inseego_8k.htm,2025-05-01,2025-05-01 16:20:08,https://www.sec.gov/Archives/edgar/data/1022652/0001683168-25-003027-index.html,Item 7.01; Item 9.01,Item 7.01; Item 9.01,True,True,inseego_ex9901.htm,,True,ATM,Tier-1,https://www.sec.gov/Archives/edgar/data/1022652/000168316825003027/inseego_8k.htm,,True,Tier-1,Financing,,True,convertible;offering,
0001022652,INSEEGO CORP.,INSG,8-K,2025-05-08,2025-05-08,2025-05-08,0001683168-25-003291,https://www.sec.gov/Archives/edgar/data/1022652/000168316825003291/inseego_8k.htm,https://www.sec.gov/Archives/edgar/data/1022652/000168316825003291/inseego_8k.htm,2025-05-08,2025-05-08 16:10:37,https://www.sec.gov/Archives/edgar/data/1022652/0001683168-25-003291-index.html,Item 2.02; Item 9.01,Item 2.02; Item 9.01,True,True,inseego_ex9901.htm; inseego_ex9902.htm,,True,ATM,Tier-1,https://www.sec.gov/Archives/edgar/data/1022652/000168316825003291/inseego_8k.htm,,True,Tier-1,Financing,,True,convertible;offering,
0001022652,INSEEGO CORP.,INSG,8-K,2025-02-05,2025-02-05,2025-02-05,0001683168-25-000745,https://www.sec.gov/Archives/edgar/data/1022652/000168316825000745/inseego_8k.htm,https://www.sec.gov/Archives/edgar/data/1022652/000168316825000745/inseego_8k.htm,2025-02-05,2025-02-05 16:48:15,https://www.sec.gov/Archives/edgar/data/1022652/0001683168-25-000745-index.html,Item 5.02; Item 7.01; Item 9.01,Item 5.02; Item 7.01; Item 9.01,True,True,inseego_ex9901.htm,,True,ATM,Tier-1,https://www.sec.gov/Archives/edgar/data/1022652/000168316825000745/inseego_8k.htm,,True,Tier-1,Financing,,True,offering,
0001562463,First Internet Bancorp,INBK,8-K,2025-01-22,2025-01-22,2025-01-22,0001562463-25-000017,https://www.sec.gov/Archives/edgar/data/1562463/000156246325000017/inbk-20250122.htm,https://www.sec.gov/Archives/edgar/data/1562463/000156246325000017/inbk-20250122.htm,2025-01-22,2025-01-22 16:58:25,https://www.sec.gov/Archives/edgar/data/1562463/0001562463-25-000017-index.html,Item 2.02; Item 9.01,Item 2.02; Item 9.01,True,True,inbk-4q2024xex991.htm; inbk_4q24earningspresent.htm,,True,ContractAward,Tier-1,https://www.sec.gov/Archives/edgar/data/1562463/000156246325000017/inbk-20250122.htm,,True,Tier-2,,,False,,
0001022652,INSEEGO CORP.,INSG,8-K,2025-02-19,2025-02-19,2025-02-19,0001683168-25-001117,https://www.sec.gov/Archives/edgar/data/1022652/000168316825001117/inseego_8k.htm,https://www.sec.gov/Archives/edgar/data/1022652/000168316825001117/inseego_8k.htm,2025-02-19,2025-02-19 16:05:37,https://www.sec.gov/Archives/edgar/data/1022652/0001683168-25-001117-index.html,Item 2.02; Item 9.01,Item 2.02; Item 9.01,True,True,inseego_ex9901.htm; inseego_ex9902.htm,,True,ATM,Tier-1,https://www.sec.gov/Archives/edgar/data/1022652/000168316825001117/inseego_8k.htm,,True,Tier-1,Financing,,True,convertible;warrant;offering,
0002001557,"Innventure, Inc.",INV,8-K,2025-11-12,2025-11-12,2025-11-12,0001628280-25-051586,https://www.sec.gov/Archives/edgar/data/2001557/000162828025051586/innv-20251112.htm,https://www.sec.gov/Archives/edgar/data/2001557/000162828025051586/innv-20251112.htm,2025-11-12,2025-11-12 16:04:25,https://www.sec.gov/Archives/edgar/data/2001557/0001628280-25-051586-index.html,Item 1.01; Item 2.03; Item 3.02; Item 9.01,Item 1.01; Item 2.03; Item 3.02; Item 9.01,False,True,,,True,ATM,Tier-1,https://www.sec.gov/Archives/edgar/data/2001557/000162828025051586/innv-20251112.htm,,True,Tier-1,Financing,,True,spa;purchase_agreement;convertible,
0002001557,"Innventure, Inc.",INV,8-K,2025-10-06,2025-10-02,2025-10-02,0001140361-25-037342,https://www.sec.gov/Archives/edgar/data/2001557/000114036125037342/ef20056646_8k.htm,https://www.sec.gov/Archives/edgar/data/2001557/000114036125037342/ef20056646_8k.htm,2025-10-02,2025-10-06 14:00:49,https://www.sec.gov/Archives/edgar/data/2001557/0001140361-25-037342-index.html,Item 1.01; Item 8.01; Item 9.01,Item 1.01; Item 8.01; Item 9.01,False,True,,ef20056646_ex10-1.htm,True,ATM,Tier-1,https://www.sec.gov/Archives/edgar/data/2001557/000114036125037342/ef20056646_8k.htm,,True,Tier-1,Financing,,True,subscription_agreement;convertible;warrant;offering,
0002001557,"Innventure, Inc.",INV,8-K,2025-11-13,2025-11-13,2025-11-13,0001628280-25-052110,https://www.sec.gov/Archives/edgar/data/2001557/000162828025052110/innv-20251113.htm,https://www.sec.gov/Archives/edgar/data/2001557/000162828025052110/innv-20251113.htm,2025-11-13,2025-11-13 16:52:18,https://www.sec.gov/Archives/edgar/data/2001557/0001628280-25-052110-index.html,Item 2.02; Item 9.01,Item 2.02; Item 9.01,True,True,innventure-3q25earningsrel.htm,,True,ATM,Tier-1,https://www.sec.gov/Archives/edgar/data/2001557/000162828025052110/innv-20251113.htm,,True,Tier-1,Financing,,True,purchase_agreement;convertible;warrant;offering,
0002001557,"Innventure, Inc.",INV,8-K,2025-09-16,2025-09-15,2025-09-15,0002001557-25-000007,https://www.sec.gov/Archives/edgar/data/2001557/000200155725000007/innv-20250915.htm,https://www.sec.gov/Archives/edgar/data/2001557/000200155725000007/innv-20250915.htm,2025-09-15,2025-09-15 19:54:01,https://www.sec.gov/Archives/edgar/data/2001557/0002001557-25-000007-index.html,Item 1.01; Item 2.03; Item 3.02; Item 9.01,Item 1.01; Item 2.03; Item 3.02; Item 9.01,False,True,,exhibit101-securitiespurch.htm; exhibit102-globalguarantya.htm; exhibit103-registrationrig.htm; exhibit104-amendmenttoconv.htm,True,ATM,Tier-1,https://www.sec.gov/Archives/edgar/data/2001557/000200155725000007/innv-20250915.htm,,True,Tier-1,Financing,,True,spa;purchase_agreement;convertible,
0002001557,"Innventure, Inc.",INV,8-K,2025-08-14,2025-08-14,2025-08-14,0001628280-25-040378,https://www.sec.gov/Archives/edgar/data/2001557/000162828025040378/innv-20250814.htm,https://www.sec.gov/Archives/edgar/data/2001557/000162828025040378/innv-20250814.htm,2025-08-14,2025-08-14 16:09:06,https://www.sec.gov/Archives/edgar/data/2001557/0001628280-25-040378-index.html,Item 2.02; Item 9.01,Item 2.02; Item 9.01,True,True,innventure-2q25earningsr.htm,,True,ATM,Tier-1,https://www.sec.gov/Archives/edgar/data/2001557/000162828025040378/innv-20250814.htm,,True,Tier-1,Financing,,True,purchase_agreement;convertible;warrant;offering,
0002001557,"Innventure, Inc.",INV,8-K,2025-07-01,2025-06-25,2025-06-25,0001628280-25-033614,https://www.sec.gov/Archives/edgar/data/2001557/000162828025033614/inv-20250625.htm,https://www.sec.gov/Archives/edgar/data/2001557/000162828025033614/inv-20250625.htm,2025-06-25,2025-07-01 08:32:47,https://www.sec.gov/Archives/edgar/data/2001557/0001628280-25-033614-index.html,Item 1.01; Item 5.02; Item 5.07; Item 9.01,Item 1.01; Item 5.02; Item 5.07; Item 9.01,False,True,,exhibit101.htm; exhibit102.htm; exhibit103.htm; exhibit104.htm,True,ATM,Tier-1,https://www.sec.gov/Archives/edgar/data/2001557/000162828025033614/inv-20250625.htm,,True,Tier-1,Financing,,True,purchase_agreement;convertible;warrant,
0002001557,"Innventure, Inc.",INV,8-K,2025-07-02,2025-06-30,2025-06-30,0001628280-25-033968,https://www.sec.gov/Archives/edgar/data/2001557/000162828025033968/inv-20250630.htm,https://www.sec.gov/Archives/edgar/data/2001557/000162828025033968/inv-20250630.htm,2025-06-30,2025-07-02 16:10:17,https://www.sec.gov/Archives/edgar/data/2001557/0001628280-25-033968-index.html,Item 1.01; Item 9.01,Item 1.01; Item 9.01,False,True,,inv-formxarnokialicensin.htm,True,ATM,Tier-1,https://www.sec.gov/Archives/edgar/data/2001557/000162828025033968/inv-20250630.htm,,True,Tier-1,Financing,,True,offering,
0002001557,"Innventure, Inc.",INV,8-K/A,2025-06-04,2025-04-14,2025-04-14,0001628280-25-029330,https://www.sec.gov/Archives/edgar/data/2001557/000162828025029330/inv-20250414.htm,https://www.sec.gov/Archives/edgar/data/2001557/000162828025029330/inv-20250414.htm,2025-04-14,2025-06-04 16:21:46,https://www.sec.gov/Archives/edgar/data/2001557/0001628280-25-029330-index.html,Item 1.01; Item 9.01,Item 1.01; Item 9.01,False,True,,inv-amendmenttodebenturese.htm,True,ATM,Tier-1,https://www.sec.gov/Archives/edgar/data/2001557/000162828025029330/inv-20250414.htm,,True,Tier-1,Financing,,True,spa;purchase_agreement;convertible,
0002001557,"Innventure, Inc.",INV,8-K,2025-05-15,2025-05-15,2025-05-15,0001628280-25-025932,https://www.sec.gov/Archives/edgar/data/2001557/000162828025025932/inv-20250515.htm,https://www.sec.gov/Archives/edgar/data/2001557/000162828025025932/inv-20250515.htm,2025-05-15,2025-05-15 16:17:06,https://www.sec.gov/Archives/edgar/data/2001557/0001628280-25-025932-index.html,Item 1.01; Item 2.02; Item 2.03; Item 3.02; Item 9.01,Item 1.01; Item 2.02; Item 2.03; Item 3.02; Item 9.01,True,True,innventure-1q25earningsrel.htm,innventureformofvotingagre.htm,True,ATM,Tier-1,https://www.sec.gov/Archives/edgar/data/2001557/000162828025025932/inv-20250515.htm,,True,Tier-1,Financing,,True,spa;purchase_agreement;convertible;warrant;offering,
0001421461,"Intrepid Potash, Inc.",IPI,8-K,2025-11-05,2025-11-05,2025-11-05,0001421461-25-000032,https://www.sec.gov/Archives/edgar/data/1421461/000142146125000032/ipi-20251105.htm,https://www.sec.gov/Archives/edgar/data/1421461/000142146125000032/ipi-20251105.htm,2025-11-05,2025-11-05 16:34:48,https://www.sec.gov/Archives/edgar/data/1421461/0001421461-25-000032-index.html,Item 2.02; Item 9.01,Item 2.02; Item 9.01,True,True,ex991q32025pressrelease.htm,,True,ContractAward,Tier-1,https://www.sec.gov/Archives/edgar/data/1421461/000142146125000032/ipi-20251105.htm,,True,Tier-2,,,False,,
0001421461,"Intrepid Potash, Inc.",IPI,8-K,2025-08-06,2025-08-06,2025-08-06,0001421461-25-000020,https://www.sec.gov/Archives/edgar/data/1421461/000142146125000020/ipi-20250806.htm,https://www.sec.gov/Archives/edgar/data/1421461/000142146125000020/ipi-20250806.htm,2025-08-06,2025-08-06 16:46:17,https://www.sec.gov/Archives/edgar/data/1421461/0001421461-25-000020-index.html,Item 2.02; Item 9.01,Item 2.02; Item 9.01,True,True,ex991q22025pressrelease.htm,,True,ContractAward,Tier-1,https://www.sec.gov/Archives/edgar/data/1421461/000142146125000020/ipi-20250806.htm,,True,Tier-2,,,False,,
0001421461,"Intrepid Potash, Inc.",IPI,8-K,2025-05-05,2025-05-05,2025-05-05,0001421461-25-000014,https://www.sec.gov/Archives/edgar/data/1421461/000142146125000014/ipi-20250505.htm,https://www.sec.gov/Archives/edgar/data/1421461/000142146125000014/ipi-20250505.htm,2025-05-05,2025-05-05 16:46:56,https://www.sec.gov/Archives/edgar/data/1421461/0001421461-25-000014-index.html,Item 2.02; Item 9.01,Item 2.02; Item 9.01,True,True,ex991q12025pressrelease.htm,,True,ContractAward,Tier-1,https://www.sec.gov/Archives/edgar/data/1421461/000142146125000014/ipi-20250505.htm,,True,Tier-2,,,False,,
0001421461,"Intrepid Potash, Inc.",IPI,8-K,2025-01-15,2025-01-14,2025-01-14,0001104659-25-003621,https://www.sec.gov/Archives/edgar/data/1421461/000110465925003621/tm253369d1_8k.htm,https://www.sec.gov/Archives/edgar/data/1421461/000110465925003621/tm253369d1_8k.htm,2025-01-14,2025-01-15 08:35:35,https://www.sec.gov/Archives/edgar/data/1421461/0001104659-25-003621-index.html,Item 1.01; Item 5.02; Item 7.01; Item 9.01,Item 1.01; Item 5.02; Item 7.01; Item 9.01,True,True,tm253369d1_ex99-1.htm,tm253369d1_ex10-1.htm,True,ListingChange,Tier-1,https://www.sec.gov/Archives/edgar/data/1421461/000110465925003621/tm253369d1_8k.htm,,True,Tier-2,,,False,,
0001421461,"Intrepid Potash, Inc.",IPI,8-K,2024-12-02,2024-11-26,2024-11-26,0001104659-24-124333,https://www.sec.gov/Archives/edgar/data/1421461/000110465924124333/tm2429773d1_8k.htm,https://www.sec.gov/Archives/edgar/data/1421461/000110465924124333/tm2429773d1_8k.htm,2024-11-26,2024-12-02 08:35:11,https://www.sec.gov/Archives/edgar/data/1421461/0001104659-24-124333-index.html,Item 5.02; Item 7.01; Item 9.01,Item 5.02; Item 7.01; Item 9.01,True,True,tm2429773d1_ex99-1.htm,tm2429773d1_ex10-1.htm,True,ContractAward,Tier-1,https://www.sec.gov/Archives/edgar/data/1421461/000110465924124333/tm2429773d1_8k.htm,,True,Tier-2,,,False,,
0001421461,"Intrepid Potash, Inc.",IPI,8-K,2025-03-03,2025-03-03,2025-03-03,0001421461-25-000002,https://www.sec.gov/Archives/edgar/data/1421461/000142146125000002/ipi-20250303.htm,https://www.sec.gov/Archives/edgar/data/1421461/000142146125000002/ipi-20250303.htm,2025-03-03,2025-03-03 17:05:46,https://www.sec.gov/Archives/edgar/data/1421461/0001421461-25-000002-index.html,Item 2.02; Item 9.01,Item 2.02; Item 9.01,True,True,ex991q42024.htm,,True,ContractAward,Tier-1,https://www.sec.gov/Archives/edgar/data/1421461/000142146125000002/ipi-20250303.htm,,True,Tier-2,,,False,,
0000842517,ISABELLA BANK CORP,ISBA,8-K,2025-11-20,2025-11-20,2025-11-20,0000842517-25-000212,https://www.sec.gov/Archives/edgar/data/842517/000084251725000212/isba-20251120.htm,https://www.sec.gov/Archives/edgar/data/842517/000084251725000212/isba-20251120.htm,2025-11-20,2025-11-20 16:39:03,https://www.sec.gov/Archives/edgar/data/842517/0000842517-25-000212-index.html,Item 8.01; Item 9.01,Item 8.01; Item 9.01,True,True,isba_2025q4xdivannxex991.htm,,True,ListingChange,Tier-1,https://www.sec.gov/Archives/edgar/data/842517/000084251725000212/isba-20251120.htm,,True,Tier-2,,,False,,
0000842517,ISABELLA BANK CORP,ISBA,8-K,2025-10-09,2025-10-06,2025-10-06,0000842517-25-000199,https://www.sec.gov/Archives/edgar/data/842517/000084251725000199/isba-20251006.htm,https://www.sec.gov/Archives/edgar/data/842517/000084251725000199/isba-20251006.htm,2025-10-06,2025-10-09 11:57:39,https://www.sec.gov/Archives/edgar/data/842517/0000842517-25-000199-index.html,Item 5.02; Item 9.01,Item 5.02; Item 9.01,True,True,isba_2025xdirectorappointm.htm,,True,ListingChange,Tier-1,https://www.sec.gov/Archives/edgar/data/842517/000084251725000199/isba-20251006.htm,,True,Tier-2,,,False,,
0001421461,"Intrepid Potash, Inc.",IPI,8-K,2024-11-04,2024-11-04,2024-11-04,0001421461-24-000029,https://www.sec.gov/Archives/edgar/data/1421461/000142146124000029/ipi-20241104.htm,https://www.sec.gov/Archives/edgar/data/1421461/000142146124000029/ipi-20241104.htm,2024-11-04,2024-11-04 16:48:03,https://www.sec.gov/Archives/edgar/data/1421461/0001421461-24-000029-index.html,Item 2.02; Item 9.01,Item 2.02; Item 9.01,True,True,ex991q32024pressrelease.htm,,True,GuidanceUp,Tier-1,https://www.sec.gov/Archives/edgar/data/1421461/000142146124000029/ipi-20241104.htm,,True,Tier-2,,,False,,
0000842517,ISABELLA BANK CORP,ISBA,8-K,2025-10-27,2025-10-27,2025-10-27,0000842517-25-000207,https://www.sec.gov/Archives/edgar/data/842517/000084251725000207/isba-20251027.htm,https://www.sec.gov/Archives/edgar/data/842517/000084251725000207/isba-20251027.htm,2025-10-27,2025-10-27 17:27:50,https://www.sec.gov/Archives/edgar/data/842517/0000842517-25-000207-index.html,Item 2.02; Item 9.01,Item 2.02; Item 9.01,True,True,earningsrelease_20250930xe.htm,,True,ATM,Tier-1,https://www.sec.gov/Archives/edgar/data/842517/000084251725000207/isba-20251027.htm,,True,Tier-2,,,False,,
0000842517,ISABELLA BANK CORP,ISBA,8-K,2025-08-28,2025-08-28,2025-08-28,0000842517-25-000139,https://www.sec.gov/Archives/edgar/data/842517/000084251725000139/isba-20250828.htm,https://www.sec.gov/Archives/edgar/data/842517/000084251725000139/isba-20250828.htm,2025-08-28,2025-08-28 16:32:06,https://www.sec.gov/Archives/edgar/data/842517/0000842517-25-000139-index.html,Item 8.01; Item 9.01,Item 8.01; Item 9.01,True,True,isba_2025q3xdivannxex991.htm,,True,ListingChange,Tier-1,https://www.sec.gov/Archives/edgar/data/842517/000084251725000139/isba-20250828.htm,,True,Tier-2,,,False,,
0000842517,ISABELLA BANK Corp,ISBA,8-K,2025-05-29,2025-05-29,2025-05-29,0000842517-25-000110,https://www.sec.gov/Archives/edgar/data/842517/000084251725000110/isba-20250529.htm,https://www.sec.gov/Archives/edgar/data/842517/000084251725000110/isba-20250529.htm,2025-05-29,2025-05-29 16:29:10,https://www.sec.gov/Archives/edgar/data/842517/0000842517-25-000110-index.html,Item 8.01; Item 9.01,Item 8.01; Item 9.01,True,True,isba_2025q2xdivannxex991.htm,,True,ListingChange,Tier-1,https://www.sec.gov/Archives/edgar/data/842517/000084251725000110/isba-20250529.htm,,True,Tier-2,,,False,,
0001832038,"Invivyd, Inc.",IVVD,8-K,2025-11-24,2025-11-24,2025-11-24,0001193125-25-291992,https://www.sec.gov/Archives/edgar/data/1832038/000119312525291992/ivvd-20251124.htm,https://www.sec.gov/Archives/edgar/data/1832038/000119312525291992/ivvd-20251124.htm,2025-11-24,2025-11-24 07:06:00,https://www.sec.gov/Archives/edgar/data/1832038/0001193125-25-291992-index.html,Item 8.01; Item 9.01,Item 8.01; Item 9.01,True,True,ivvd-ex99_1.htm,,True,ATM,Tier-1,https://www.sec.gov/Archives/edgar/data/1832038/000119312525291992/ivvd-20251124.htm,,True,Tier-2,,,False,,
0001832038,"Invivyd, Inc.",IVVD,8-K,2025-11-19,2025-11-17,2025-11-17,0001193125-25-288347,https://www.sec.gov/Archives/edgar/data/1832038/000119312525288347/ivvd-20251117.htm,https://www.sec.gov/Archives/edgar/data/1832038/000119312525288347/ivvd-20251117.htm,2025-11-17,2025-11-19 17:23:35,https://www.sec.gov/Archives/edgar/data/1832038/0001193125-25-288347-index.html,Item 1.01; Item 8.01; Item 9.01,Item 1.01; Item 8.01; Item 9.01,True,True,ivvd-ex99_1.htm; ivvd-ex99_2.htm,ivvd-ex1_1.htm,True,ATM,Tier-1,https://www.sec.gov/Archives/edgar/data/1832038/000119312525288347/ivvd-20251117.htm,,True,Tier-1,Financing,,True,underwriting_agreement;warrant;offering,
0000842517,ISABELLA BANK CORP,ISBA,8-K,2025-07-24,2025-07-24,2025-07-24,0000842517-25-000132,https://www.sec.gov/Archives/edgar/data/842517/000084251725000132/isba-20250724.htm,https://www.sec.gov/Archives/edgar/data/842517/000084251725000132/isba-20250724.htm,2025-07-24,2025-07-24 16:47:58,https://www.sec.gov/Archives/edgar/data/842517/0000842517-25-000132-index.html,Item 2.02; Item 9.01,Item 2.02; Item 9.01,True,True,earningsrelease_20250630xe.htm,,True,ATM,Tier-1,https://www.sec.gov/Archives/edgar/data/842517/000084251725000132/isba-20250724.htm,,True,Tier-2,,,False,,
0001832038,"Invivyd, Inc.",IVVD,8-K,2025-10-30,2025-10-30,2025-10-30,0001193125-25-258526,https://www.sec.gov/Archives/edgar/data/1832038/000119312525258526/d24723d8k.htm,https://www.sec.gov/Archives/edgar/data/1832038/000119312525258526/d24723d8k.htm,2025-10-30,2025-10-30 16:07:14,https://www.sec.gov/Archives/edgar/data/1832038/0001193125-25-258526-index.html,Item 8.01; Item 9.01,Item 8.01; Item 9.01,True,True,d24723dex991.htm,,True,ATM,Tier-1,https://www.sec.gov/Archives/edgar/data/1832038/000119312525258526/d24723d8k.htm,,True,Tier-2,,,False,,
0001832038,"Invivyd, Inc.",IVVD,8-K,2025-09-24,2025-09-22,2025-09-22,0001193125-25-215541,https://www.sec.gov/Archives/edgar/data/1832038/000119312525215541/ivvd-20250922.htm,https://www.sec.gov/Archives/edgar/data/1832038/000119312525215541/ivvd-20250922.htm,2025-09-22,2025-09-24 16:45:16,https://www.sec.gov/Archives/edgar/data/1832038/0001193125-25-215541-index.html,Item 5.02; Item 7.01; Item 8.01,Item 5.02; Item 7.01; Item 8.01,True,True,ivvd-ex99_1.htm,,True,ATM,Tier-1,https://www.sec.gov/Archives/edgar/data/1832038/000119312525215541/ivvd-20250922.htm,,True,Tier-2,,,False,,
0001832038,"Invivyd, Inc.",IVVD,8-K,2025-10-06,2025-10-06,2025-10-06,0001193125-25-230898,https://www.sec.gov/Archives/edgar/data/1832038/000119312525230898/ivvd-20251006.htm,https://www.sec.gov/Archives/edgar/data/1832038/000119312525230898/ivvd-20251006.htm,2025-10-06,2025-10-06 07:07:20,https://www.sec.gov/Archives/edgar/data/1832038/0001193125-25-230898-index.html,Item 8.01,Item 8.01,True,True,ivvd-ex99_1.htm,,True,ATM,Tier-1,https://www.sec.gov/Archives/edgar/data/1832038/000119312525230898/ivvd-20251006.htm,,True,Tier-2,,,False,,
0001832038,"Invivyd, Inc.",IVVD,8-K,2025-11-06,2025-11-06,2025-11-06,0001193125-25-268057,https://www.sec.gov/Archives/edgar/data/1832038/000119312525268057/d81968d8k.htm,https://www.sec.gov/Archives/edgar/data/1832038/000119312525268057/d81968d8k.htm,2025-11-06,2025-11-06 07:10:17,https://www.sec.gov/Archives/edgar/data/1832038/0001193125-25-268057-index.html,Item 2.02; Item 8.01; Item 9.01,Item 2.02; Item 8.01; Item 9.01,True,True,d81968dex991.htm; d81968dex992.htm,,True,ATM,Tier-1,https://www.sec.gov/Archives/edgar/data/1832038/000119312525268057/d81968d8k.htm,,True,Tier-1,Financing,,True,atm;warrant;offering,
0001832038,"Invivyd, Inc.",IVVD,8-K,2025-08-22,2025-08-20,2025-08-20,0000950170-25-110952,https://www.sec.gov/Archives/edgar/data/1832038/000095017025110952/ivvd-20250820.htm,https://www.sec.gov/Archives/edgar/data/1832038/000095017025110952/ivvd-20250820.htm,2025-08-20,2025-08-22 16:07:27,https://www.sec.gov/Archives/edgar/data/1832038/0000950170-25-110952-index.html,Item 1.01; Item 8.01; Item 9.01,Item 1.01; Item 8.01; Item 9.01,True,True,ivvd-ex99_1.htm; ivvd-ex99_2.htm; ivvd-ex99_3.htm,ivvd-ex1_1.htm,True,ATM,Tier-1,https://www.sec.gov/Archives/edgar/data/1832038/000095017025110952/ivvd-20250820.htm,,True,Tier-1,Financing,,True,underwriting_agreement;warrant;offering,
0001832038,"Invivyd, Inc.",IVVD,8-K,2025-06-26,2025-06-26,2025-06-26,0000950170-25-090172,https://www.sec.gov/Archives/edgar/data/1832038/000095017025090172/ivvd-20250626.htm,https://www.sec.gov/Archives/edgar/data/1832038/000095017025090172/ivvd-20250626.htm,2025-06-26,2025-06-26 07:13:10,https://www.sec.gov/Archives/edgar/data/1832038/0000950170-25-090172-index.html,Item 8.01; Item 9.01,Item 8.01; Item 9.01,True,True,ivvd-ex99_1.htm,,True,ATM,Tier-1,https://www.sec.gov/Archives/edgar/data/1832038/000095017025090172/ivvd-20250626.htm,,True,Tier-2,,,False,,
0001832038,"Invivyd, Inc.",IVVD,8-K,2025-07-02,2025-07-02,2025-07-02,0000950170-25-092528,https://www.sec.gov/Archives/edgar/data/1832038/000095017025092528/ivvd-20250702.htm,https://www.sec.gov/Archives/edgar/data/1832038/000095017025092528/ivvd-20250702.htm,2025-07-02,2025-07-02 07:08:36,https://www.sec.gov/Archives/edgar/data/1832038/0000950170-25-092528-index.html,Item 8.01; Item 9.01,Item 8.01; Item 9.01,True,True,ivvd-ex99_1.htm,,True,ATM,Tier-1,https://www.sec.gov/Archives/edgar/data/1832038/000095017025092528/ivvd-20250702.htm,,True,Tier-2,,,False,,
0002039058,Jackson Acquisition Co II,JACS,8-K,2025-01-27,2025-01-27,2025-01-27,0001213900-25-007079,https://www.sec.gov/Archives/edgar/data/2039058/000121390025007079/ea0228802-8k_jackson2.htm,https://www.sec.gov/Archives/edgar/data/2039058/000121390025007079/ea0228802-8k_jackson2.htm,2025-01-27,2025-01-27 17:04:04,https://www.sec.gov/Archives/edgar/data/2039058/0001213900-25-007079-index.html,Item 8.01; Item 9.01,Item 8.01; Item 9.01,True,True,ea022880201ex99-1_jackson2.htm,,True,ATM,Tier-1,https://www.sec.gov/Archives/edgar/data/2039058/000121390025007079/ea0228802-8k_jackson2.htm,,True,Tier-1,Financing,,True,offering,
0001832038,"Invivyd, Inc.",IVVD,8-K,2025-08-14,2025-08-14,2025-08-14,0001193125-25-180890,https://www.sec.gov/Archives/edgar/data/1832038/000119312525180890/d936404d8k.htm,https://www.sec.gov/Archives/edgar/data/1832038/000119312525180890/d936404d8k.htm,2025-08-14,2025-08-14 16:56:50,https://www.sec.gov/Archives/edgar/data/1832038/0001193125-25-180890-index.html,Item 2.02; Item 8.01; Item 9.01,Item 2.02; Item 8.01; Item 9.01,True,True,d936404dex991.htm; d936404dex992.htm; d936404dex993.htm,,True,ATM,Tier-1,https://www.sec.gov/Archives/edgar/data/1832038/000119312525180890/d936404d8k.htm,,True,Tier-2,,,False,,
0002039058,Jackson Acquisition Co II,JACS,8-K,2024-12-17,2024-12-11,2024-12-11,0001213900-24-109769,https://www.sec.gov/Archives/edgar/data/2039058/000121390024109769/ea0224846-8k_jackson2.htm,https://www.sec.gov/Archives/edgar/data/2039058/000121390024109769/ea0224846-8k_jackson2.htm,2024-12-11,2024-12-17 16:15:24,https://www.sec.gov/Archives/edgar/data/2039058/0001213900-24-109769-index.html,Item 8.01; Item 9.01,Item 8.01; Item 9.01,True,True,ea022484601ex99-1_jackson2.htm,,False,ATM,Tier-1,https://www.sec.gov/Archives/edgar/data/2039058/000121390024109769/ea0224846-8k_jackson2.htm,,True,Tier-1,Financing,,True,underwriting_agreement;convertible;warrant;offering,
0002039058,Jackson Acquisition Co II,JACS,8-K,2024-12-11,2024-12-09,2024-12-09,0001213900-24-107929,https://www.sec.gov/Archives/edgar/data/2039058/000121390024107929/ea0224350-8k_jackson2.htm,https://www.sec.gov/Archives/edgar/data/2039058/000121390024107929/ea0224350-8k_jackson2.htm,2024-12-09,2024-12-11 16:48:17,https://www.sec.gov/Archives/edgar/data/2039058/0001213900-24-107929-index.html,Item 1.01; Item 3.02; Item 8.01; Item 9.01,Item 1.01; Item 3.02; Item 8.01; Item 9.01,True,True,ea022435001ex99-1_jackson2.htm; ea022435001ex99-2_jackson2.htm,ea022435001ex1-1_jackson2.htm; ea022435001ex1-2_jackson2.htm; ea022435001ex10-1_jackson2.htm; ea022435001ex10-2_jackson2.htm; ea022435001ex10-3_jackson2.htm; ea022435001ex10-4_jackson2.htm; ea022435001ex10-5_jackson2.htm; ea022435001ex10-6_jackson2.htm; ea022435001ex10-7_jackson2.htm; ea022435001ex10-8_jackson2.htm; ea022435001ex10-9_jackson2.htm; ea022435001ex10-10_jackson2.htm; ea022435001ex10-11_jackson2.htm; ea022435001ex10-12_jackson2.htm,False,ATM,Tier-1,https://www.sec.gov/Archives/edgar/data/2039058/000121390024107929/ea0224350-8k_jackson2.htm,,True,Tier-1,Financing,,True,purchase_agreement;underwriting_agreement;offering,
0001738827,"KLX Energy Services Holdings, Inc.",KLXE,8-K,2025-11-12,2025-11-12,2025-11-12,0001738827-25-000076,https://www.sec.gov/Archives/edgar/data/1738827/000173882725000076/klxe-20251112.htm,https://www.sec.gov/Archives/edgar/data/1738827/000173882725000076/klxe-20251112.htm,2025-11-12,2025-11-12 07:01:23,https://www.sec.gov/Archives/edgar/data/1738827/0001738827-25-000076-index.html,Item 2.02; Item 7.01; Item 9.01,Item 2.02; Item 7.01; Item 9.01,True,True,klxcompanypresentationq3.htm,,True,ATM,Tier-1,https://www.sec.gov/Archives/edgar/data/1738827/000173882725000076/klxe-20251112.htm,,True,Tier-1,Financing,,True,warrant;offering,
0001738827,"KLX Energy Services Holdings, Inc.",KLXE,8-K,2025-08-26,2025-08-26,2025-08-26,0001738827-25-000069,https://www.sec.gov/Archives/edgar/data/1738827/000173882725000069/klxe-20250826.htm,https://www.sec.gov/Archives/edgar/data/1738827/000173882725000069/klxe-20250826.htm,2025-08-26,2025-08-26 16:09:59,https://www.sec.gov/Archives/edgar/data/1738827/0001738827-25-000069-index.html,Item 2.02; Item 7.01; Item 9.01,Item 2.02; Item 7.01; Item 9.01,True,True,klxcompanypresentationq2.htm,,True,ATM,Tier-1,https://www.sec.gov/Archives/edgar/data/1738827/000173882725000069/klxe-20250826.htm,,True,Tier-1,Financing,,True,warrant;offering,
0001738827,"KLX Energy Services Holdings, Inc.",KLXE,8-K,2025-11-05,2025-11-05,2025-11-05,0001738827-25-000072,https://www.sec.gov/Archives/edgar/data/1738827/000173882725000072/klxe-20251105.htm,https://www.sec.gov/Archives/edgar/data/1738827/000173882725000072/klxe-20251105.htm,2025-11-05,2025-11-05 16:06:00,https://www.sec.gov/Archives/edgar/data/1738827/0001738827-25-000072-index.html,Item 2.02; Item 9.01,Item 2.02; Item 9.01,True,True,klxeq32025earningsreleasee.htm,,True,ContractAward,Tier-1,https://www.sec.gov/Archives/edgar/data/1738827/000173882725000072/klxe-20251105.htm,,True,Tier-2,,,False,,
0001738827,"KLX Energy Services Holdings, Inc.",KLXE,8-K,2025-08-06,2025-08-06,2025-08-06,0001738827-25-000063,https://www.sec.gov/Archives/edgar/data/1738827/000173882725000063/klxe-20250806.htm,https://www.sec.gov/Archives/edgar/data/1738827/000173882725000063/klxe-20250806.htm,2025-08-06,2025-08-06 16:11:51,https://www.sec.gov/Archives/edgar/data/1738827/0001738827-25-000063-index.html,Item 2.02; Item 9.01,Item 2.02; Item 9.01,True,True,klxeq22025earningsreleasee.htm,,True,ListingChange,Tier-1,https://www.sec.gov/Archives/edgar/data/1738827/000173882725000063/klxe-20250806.htm,,True,Tier-2,,,False,,
0001738827,"KLX Energy Services Holdings, Inc.",KLXE,8-K,2025-03-14,2025-03-14,2025-03-14,0001193125-25-054870,https://www.sec.gov/Archives/edgar/data/1738827/000119312525054870/d898044d8k.htm,https://www.sec.gov/Archives/edgar/data/1738827/000119312525054870/d898044d8k.htm,2025-03-14,2025-03-14 16:53:48,https://www.sec.gov/Archives/edgar/data/1738827/0001193125-25-054870-index.html,Item 1.01; Item 9.01,Item 1.01; Item 9.01,False,True,,d898044dex11.htm,True,ATM,Tier-1,https://www.sec.gov/Archives/edgar/data/1738827/000119312525054870/d898044d8k.htm,,True,Tier-1,Financing,,True,offering,
0001738827,"KLX Energy Services Holdings, Inc.",KLXE,8-K,2025-03-12,2025-03-12,2025-03-12,0001193125-25-052936,https://www.sec.gov/Archives/edgar/data/1738827/000119312525052936/d936400d8k.htm,https://www.sec.gov/Archives/edgar/data/1738827/000119312525052936/d936400d8k.htm,2025-03-12,2025-03-12 16:15:28,https://www.sec.gov/Archives/edgar/data/1738827/0001193125-25-052936-index.html,Item 1.01; Item 1.02; Item 2.03; Item 3.02; Item 7.01; Item 9.01,Item 1.01; Item 1.02; Item 2.03; Item 3.02; Item 7.01; Item 9.01,True,True,d936400dex991.htm,,True,ATM,Tier-1,https://www.sec.gov/Archives/edgar/data/1738827/000119312525052936/d936400d8k.htm,,True,Tier-1,Financing,,True,warrant;offering,
0001738827,"KLX Energy Services Holdings, Inc.",KLXE,8-K,2025-05-08,2025-05-08,2025-05-08,0001738827-25-000050,https://www.sec.gov/Archives/edgar/data/1738827/000173882725000050/klxe-20250508.htm,https://www.sec.gov/Archives/edgar/data/1738827/000173882725000050/klxe-20250508.htm,2025-05-08,2025-05-08 16:09:11,https://www.sec.gov/Archives/edgar/data/1738827/0001738827-25-000050-index.html,Item 2.02; Item 9.01,Item 2.02; Item 9.01,True,True,klxeq12025earningsreleasee.htm,,True,ATM,Tier-1,https://www.sec.gov/Archives/edgar/data/1738827/000173882725000050/klxe-20250508.htm,,True,Tier-1,Financing,,True,atm;offering,
0001738827,"KLX Energy Services Holdings, Inc.",KLXE,8-K,2025-03-07,2025-03-07,2025-03-07,0001193125-25-049126,https://www.sec.gov/Archives/edgar/data/1738827/000119312525049126/d889500d8k.htm,https://www.sec.gov/Archives/edgar/data/1738827/000119312525049126/d889500d8k.htm,2025-03-07,2025-03-07 09:24:48,https://www.sec.gov/Archives/edgar/data/1738827/0001193125-25-049126-index.html,Item 1.01; Item 2.02; Item 2.03; Item 3.02; Item 7.01; Item 9.01,Item 1.01; Item 2.02; Item 2.03; Item 3.02; Item 7.01; Item 9.01,True,True,d889500dex991.htm,d889500dex101.htm; d889500dex102.htm,True,ATM,Tier-1,https://www.sec.gov/Archives/edgar/data/1738827/000119312525049126/d889500d8k.htm,,True,Tier-1,Financing,,True,spa;purchase_agreement;warrant;offering,
0001738827,"KLX Energy Services Holdings, Inc.",KLXE,8-K,2025-03-12,2025-03-12,2025-03-12,0001738827-25-000039,https://www.sec.gov/Archives/edgar/data/1738827/000173882725000039/klxe-20250312.htm,https://www.sec.gov/Archives/edgar/data/1738827/000173882725000039/klxe-20250312.htm,2025-03-12,2025-03-12 16:42:40,https://www.sec.gov/Archives/edgar/data/1738827/0001738827-25-000039-index.html,Item 2.02; Item 7.01; Item 9.01,Item 2.02; Item 7.01; Item 9.01,True,True,klxeq42024earningsreleasee.htm,,True,ATM,Tier-1,https://www.sec.gov/Archives/edgar/data/1738827/000173882725000039/klxe-20250312.htm,,True,Tier-1,Financing,,True,spa;purchase_agreement;warrant;offering,
0001662684,"KULR Technology Group, Inc.",KULR,8-K,2025-11-24,2025-11-24,2025-11-24,0001104659-25-115183,https://www.sec.gov/Archives/edgar/data/1662684/000110465925115183/tm2532002d1_8k.htm,https://www.sec.gov/Archives/edgar/data/1662684/000110465925115183/tm2532002d1_8k.htm,2025-11-24,2025-11-24 08:30:43,https://www.sec.gov/Archives/edgar/data/1662684/0001104659-25-115183-index.html,Item 7.01; Item 9.01,Item 7.01; Item 9.01,True,True,tm2532002d1_ex99-1.htm,,True,ATM,Tier-1,https://www.sec.gov/Archives/edgar/data/1662684/000110465925115183/tm2532002d1_8k.htm,,True,Tier-1,Financing,,True,offering,
0001662684,"KULR Technology Group, Inc.",KULR,8-K,2025-11-18,2025-11-18,2025-11-18,0001104659-25-113666,https://www.sec.gov/Archives/edgar/data/1662684/000110465925113666/tm2531615d1_8k.htm,https://www.sec.gov/Archives/edgar/data/1662684/000110465925113666/tm2531615d1_8k.htm,2025-11-18,2025-11-18 16:16:07,https://www.sec.gov/Archives/edgar/data/1662684/0001104659-25-113666-index.html,Item 2.02; Item 7.01; Item 9.01,Item 2.02; Item 7.01; Item 9.01,True,True,tm2531615d1_ex99-1.htm,,True,ATM,Tier-1,https://www.sec.gov/Archives/edgar/data/1662684/000110465925113666/tm2531615d1_8k.htm,,True,Tier-1,Financing,,True,offering,
0001662684,"KULR Technology Group, Inc.",KULR,8-K,2025-11-12,2025-11-12,2025-11-12,0001104659-25-110399,https://www.sec.gov/Archives/edgar/data/1662684/000110465925110399/tm2531047d1_8k.htm,https://www.sec.gov/Archives/edgar/data/1662684/000110465925110399/tm2531047d1_8k.htm,2025-11-12,2025-11-12 16:17:28,https://www.sec.gov/Archives/edgar/data/1662684/0001104659-25-110399-index.html,Item 7.01; Item 9.01,Item 7.01; Item 9.01,True,True,tm2531047d1_ex99-1.htm,,True,ATM,Tier-1,https://www.sec.gov/Archives/edgar/data/1662684/000110465925110399/tm2531047d1_8k.htm,,True,Tier-1,Financing,,True,offering,
0001662684,"KULR Technology Group, Inc.",KULR,8-K,2025-10-09,2025-10-09,2025-10-09,0001104659-25-098100,https://www.sec.gov/Archives/edgar/data/1662684/000110465925098100/tm2528372d1_8k.htm,https://www.sec.gov/Archives/edgar/data/1662684/000110465925098100/tm2528372d1_8k.htm,2025-10-09,2025-10-09 08:30:39,https://www.sec.gov/Archives/edgar/data/1662684/0001104659-25-098100-index.html,Item 7.01; Item 9.01,Item 7.01; Item 9.01,True,True,tm2528372d1_ex99-1.htm,,True,ATM,Tier-1,https://www.sec.gov/Archives/edgar/data/1662684/000110465925098100/tm2528372d1_8k.htm,,True,Tier-1,Financing,,True,offering,
0001662684,"KULR Technology Group, Inc.",KULR,8-K,2025-10-02,2025-10-02,2025-10-02,0001104659-25-095884,https://www.sec.gov/Archives/edgar/data/1662684/000110465925095884/tm2527802d1_8k.htm,https://www.sec.gov/Archives/edgar/data/1662684/000110465925095884/tm2527802d1_8k.htm,2025-10-02,2025-10-02 08:30:35,https://www.sec.gov/Archives/edgar/data/1662684/0001104659-25-095884-index.html,Item 7.01; Item 9.01,Item 7.01; Item 9.01,True,True,tm2527802d1_ex99-1.htm,,True,ATM,Tier-1,https://www.sec.gov/Archives/edgar/data/1662684/000110465925095884/tm2527802d1_8k.htm,,True,Tier-1,Financing,,True,offering,
0001662684,"KULR Technology Group, Inc.",KULR,8-K,2025-09-09,2025-09-09,2025-09-09,0001104659-25-088474,https://www.sec.gov/Archives/edgar/data/1662684/000110465925088474/tm2525621d1_8k.htm,https://www.sec.gov/Archives/edgar/data/1662684/000110465925088474/tm2525621d1_8k.htm,2025-09-09,2025-09-09 08:30:41,https://www.sec.gov/Archives/edgar/data/1662684/0001104659-25-088474-index.html,Item 7.01; Item 9.01,Item 7.01; Item 9.01,True,True,tm2525621d1_ex99-1.htm,,True,ATM,Tier-1,https://www.sec.gov/Archives/edgar/data/1662684/000110465925088474/tm2525621d1_8k.htm,,True,Tier-1,Financing,,True,offering,
0001662684,"KULR Technology Group, Inc.",KULR,8-K,2025-08-20,2025-08-20,2025-08-20,0001104659-25-080557,https://www.sec.gov/Archives/edgar/data/1662684/000110465925080557/tm2523940d1_8k.htm,https://www.sec.gov/Archives/edgar/data/1662684/000110465925080557/tm2523940d1_8k.htm,2025-08-20,2025-08-20 08:30:38,https://www.sec.gov/Archives/edgar/data/1662684/0001104659-25-080557-index.html,Item 7.01; Item 9.01,Item 7.01; Item 9.01,True,True,tm2523940d1_ex99-1.htm,,True,ATM,Tier-1,https://www.sec.gov/Archives/edgar/data/1662684/000110465925080557/tm2523940d1_8k.htm,,True,Tier-1,Financing,,True,offering,
0001662684,"KULR Technology Group, Inc.",KULR,8-K,2025-08-19,2025-08-19,2025-08-19,0001104659-25-080047,https://www.sec.gov/Archives/edgar/data/1662684/000110465925080047/tm2523817d1_8k.htm,https://www.sec.gov/Archives/edgar/data/1662684/000110465925080047/tm2523817d1_8k.htm,2025-08-19,2025-08-19 08:30:48,https://www.sec.gov/Archives/edgar/data/1662684/0001104659-25-080047-index.html,Item 7.01; Item 9.01,Item 7.01; Item 9.01,True,True,tm2523817d1_ex99-1.htm,,True,ATM,Tier-1,https://www.sec.gov/Archives/edgar/data/1662684/000110465925080047/tm2523817d1_8k.htm,,True,Tier-1,Financing,,True,offering,
0001662684,"KULR Technology Group, Inc.",KULR,8-K,2025-08-14,2025-08-14,2025-08-14,0001104659-25-078619,https://www.sec.gov/Archives/edgar/data/1662684/000110465925078619/tm2523554d1_8k.htm,https://www.sec.gov/Archives/edgar/data/1662684/000110465925078619/tm2523554d1_8k.htm,2025-08-14,2025-08-14 16:17:26,https://www.sec.gov/Archives/edgar/data/1662684/0001104659-25-078619-index.html,Item 2.02; Item 7.01; Item 9.01,Item 2.02; Item 7.01; Item 9.01,True,True,tm2523554d1_ex99-1.htm,,True,ATM,Tier-1,https://www.sec.gov/Archives/edgar/data/1662684/000110465925078619/tm2523554d1_8k.htm,,True,Tier-1,Financing,,True,atm;offering,
0001495240,GLADSTONE LAND Corp,LAND,8-K,2025-07-11,2025-07-11,2025-07-11,0001193125-25-157864,https://www.sec.gov/Archives/edgar/data/1495240/000119312525157864/d157350d8k.htm,https://www.sec.gov/Archives/edgar/data/1495240/000119312525157864/d157350d8k.htm,2025-07-11,2025-07-11 08:30:18,https://www.sec.gov/Archives/edgar/data/1495240/0001193125-25-157864-index.html,Item 8.01; Item 9.01,Item 8.01; Item 9.01,True,True,d157350dex991.htm,,True,ATM,Tier-1,https://www.sec.gov/Archives/edgar/data/1495240/000119312525157864/d157350d8k.htm,,True,Tier-1,Financing,,True,offering,
0001495240,GLADSTONE LAND Corp,LAND,8-K,2025-11-05,2025-11-05,2025-11-05,0001495240-25-000030,https://www.sec.gov/Archives/edgar/data/1495240/000149524025000030/land-20251105.htm,https://www.sec.gov/Archives/edgar/data/1495240/000149524025000030/land-20251105.htm,2025-11-05,2025-11-05 16:07:29,https://www.sec.gov/Archives/edgar/data/1495240/0001495240-25-000030-index.html,Item 2.02; Item 9.01,Item 2.02; Item 9.01,True,True,land_9302025x8kxexhx991.htm,,True,ATM,Tier-1,https://www.sec.gov/Archives/edgar/data/1495240/000149524025000030/land-20251105.htm,,True,Tier-1,Financing,,True,atm;offering,
0001495240,GLADSTONE LAND Corp,LAND,8-K,2025-08-07,2025-08-07,2025-08-07,0001495240-25-000023,https://www.sec.gov/Archives/edgar/data/1495240/000149524025000023/land-20250807.htm,https://www.sec.gov/Archives/edgar/data/1495240/000149524025000023/land-20250807.htm,2025-08-07,2025-08-07 16:13:32,https://www.sec.gov/Archives/edgar/data/1495240/0001495240-25-000023-index.html,Item 2.02; Item 9.01,Item 2.02; Item 9.01,True,True,land_6302025x8kxexhx991.htm,,True,ATM,Tier-1,https://www.sec.gov/Archives/edgar/data/1495240/000149524025000023/land-20250807.htm,,True,Tier-1,Financing,,True,offering,
0001495240,GLADSTONE LAND Corp,LAND,8-K,2025-05-12,2025-05-12,2025-05-12,0001495240-25-000014,https://www.sec.gov/Archives/edgar/data/1495240/000149524025000014/land-20250512.htm,https://www.sec.gov/Archives/edgar/data/1495240/000149524025000014/land-20250512.htm,2025-05-12,2025-05-12 16:06:50,https://www.sec.gov/Archives/edgar/data/1495240/0001495240-25-000014-index.html,Item 2.02; Item 9.01,Item 2.02; Item 9.01,True,True,land_3312025x8kxexhx991.htm,,True,ATM,Tier-1,https://www.sec.gov/Archives/edgar/data/1495240/000149524025000014/land-20250512.htm,,True,Tier-1,Financing,,True,offering,
0001495240,GLADSTONE LAND Corp,LAND,8-K,2024-11-15,2024-11-13,2024-11-13,0001193125-24-259837,https://www.sec.gov/Archives/edgar/data/1495240/000119312524259837/d907490d8k.htm,https://www.sec.gov/Archives/edgar/data/1495240/000119312524259837/d907490d8k.htm,2024-11-13,2024-11-15 16:12:02,https://www.sec.gov/Archives/edgar/data/1495240/0001193125-24-259837-index.html,Item 5.02; Item 7.01; Item 9.01,Item 5.02; Item 7.01; Item 9.01,True,True,d907490dex991.htm,,True,ATM,Tier-1,https://www.sec.gov/Archives/edgar/data/1495240/000119312524259837/d907490d8k.htm,,True,Tier-1,Financing,,True,offering,
0002049248,Lakeshore Acquisition III Corp.,LCCC,8-K,2025-06-20,2025-06-18,2025-06-18,0001929980-25-000511,https://www.sec.gov/Archives/edgar/data/2049248/000192998025000511/lccc_8k.htm,https://www.sec.gov/Archives/edgar/data/2049248/000192998025000511/lccc_8k.htm,2025-06-18,2025-06-18 21:51:01,https://www.sec.gov/Archives/edgar/data/2049248/0001929980-25-000511-index.html,Item 8.01; Item 9.01,Item 8.01; Item 9.01,True,True,lccc_ex991.htm,,True,ListingChange,Tier-1,https://www.sec.gov/Archives/edgar/data/2049248/000192998025000511/lccc_8k.htm,,True,Tier-2,,,False,,
0001495240,GLADSTONE LAND Corp,LAND,8-K,2025-02-19,2025-02-19,2025-02-19,0001495240-25-000007,https://www.sec.gov/Archives/edgar/data/1495240/000149524025000007/land-20250219.htm,https://www.sec.gov/Archives/edgar/data/1495240/000149524025000007/land-20250219.htm,2025-02-19,2025-02-19 16:08:20,https://www.sec.gov/Archives/edgar/data/1495240/0001495240-25-000007-index.html,Item 2.02; Item 9.01,Item 2.02; Item 9.01,True,True,land_123124x8kxexhx991.htm,,True,ATM,Tier-1,https://www.sec.gov/Archives/edgar/data/1495240/000149524025000007/land-20250219.htm,,True,Tier-1,Financing,,True,atm;offering,
0001495240,GLADSTONE LAND Corp,LAND,8-K,2024-11-06,2024-11-06,2024-11-06,0001495240-24-000030,https://www.sec.gov/Archives/edgar/data/1495240/000149524024000030/land-20241106.htm,https://www.sec.gov/Archives/edgar/data/1495240/000149524024000030/land-20241106.htm,2024-11-06,2024-11-06 16:06:17,https://www.sec.gov/Archives/edgar/data/1495240/0001495240-24-000030-index.html,Item 2.02; Item 9.01,Item 2.02; Item 9.01,True,True,land_93024x8kxexhx991.htm,,True,ATM,Tier-1,https://www.sec.gov/Archives/edgar/data/1495240/000149524024000030/land-20241106.htm,,True,Tier-1,Financing,,True,atm;offering,
0002049248,Lakeshore Acquisition III Corp.,LCCC,8-K,2025-05-07,2025-05-01,2025-05-01,0001929980-25-000384,https://www.sec.gov/Archives/edgar/data/2049248/000192998025000384/lakeshore_8k.htm,https://www.sec.gov/Archives/edgar/data/2049248/000192998025000384/lakeshore_8k.htm,2025-05-01,2025-05-07 16:30:14,https://www.sec.gov/Archives/edgar/data/2049248/0001929980-25-000384-index.html,Item 8.01; Item 9.01,Item 8.01; Item 9.01,True,True,lakeshore_ex991.htm,,True,ATM,Tier-1,https://www.sec.gov/Archives/edgar/data/2049248/000192998025000384/lakeshore_8k.htm,,True,Tier-1,Financing,,True,underwriting_agreement;offering,
0002049248,Lakeshore Acquisition III Corp.,LCCC,8-K,2025-05-02,2025-04-29,2025-04-29,0001929980-25-000358,https://www.sec.gov/Archives/edgar/data/2049248/000192998025000358/lakeshore_8k.htm,https://www.sec.gov/Archives/edgar/data/2049248/000192998025000358/lakeshore_8k.htm,2025-04-29,2025-05-02 09:17:54,https://www.sec.gov/Archives/edgar/data/2049248/0001929980-25-000358-index.html,Item 1.01; Item 3.02; Item 7.01; Item 9.01,Item 1.01; Item 3.02; Item 7.01; Item 9.01,True,True,lakeshore_ex991.htm; lakeshore_ex992.htm,lakeshore_ex11.htm; lakeshore_ex101.htm; lakeshore_ex102.htm; lakeshore_ex103.htm; lakeshore_ex104.htm; lakeshore_ex105.htm,True,ATM,Tier-1,https://www.sec.gov/Archives/edgar/data/2049248/000192998025000358/lakeshore_8k.htm,,True,Tier-1,Financing,,True,underwriting_agreement;subscription_agreement;offering,
0000849146,Lifevantage Corp,LFVN,8-K,2025-11-04,2025-11-04,2025-11-04,0001628280-25-048801,https://www.sec.gov/Archives/edgar/data/849146/000162828025048801/lfvn-20251104.htm,https://www.sec.gov/Archives/edgar/data/849146/000162828025048801/lfvn-20251104.htm,2025-11-04,2025-11-04 16:06:51,https://www.sec.gov/Archives/edgar/data/849146/0001628280-25-048801-index.html,Item 2.02; Item 9.01,Item 2.02; Item 9.01,True,True,earningsrelease_q1fy26.htm,,True,GuidanceUp,Tier-1,https://www.sec.gov/Archives/edgar/data/849146/000162828025048801/lfvn-20251104.htm,,True,Tier-2,,,False,,
0000849146,Lifevantage Corp,LFVN,8-K,2025-05-06,2025-05-06,2025-05-06,0000849146-25-000041,https://www.sec.gov/Archives/edgar/data/849146/000084914625000041/lfvn-20250506.htm,https://www.sec.gov/Archives/edgar/data/849146/000084914625000041/lfvn-20250506.htm,2025-05-06,2025-05-06 16:06:34,https://www.sec.gov/Archives/edgar/data/849146/0000849146-25-000041-index.html,Item 2.02; Item 9.01,Item 2.02; Item 9.01,True,True,earningsrelease_q3fy25.htm,,True,GuidanceUp,Tier-1,https://www.sec.gov/Archives/edgar/data/849146/000084914625000041/lfvn-20250506.htm,,True,Tier-2,,,False,,
0000849146,Lifevantage Corp,LFVN,8-K,2025-09-04,2025-09-04,2025-09-04,0000849146-25-000069,https://www.sec.gov/Archives/edgar/data/849146/000084914625000069/lfvn-20250904.htm,https://www.sec.gov/Archives/edgar/data/849146/000084914625000069/lfvn-20250904.htm,2025-09-04,2025-09-04 16:06:47,https://www.sec.gov/Archives/edgar/data/849146/0000849146-25-000069-index.html,Item 2.02; Item 9.01,Item 2.02; Item 9.01,True,True,lfvnq42025earningsrelease.htm,,True,GuidanceUp,Tier-1,https://www.sec.gov/Archives/edgar/data/849146/000084914625000069/lfvn-20250904.htm,,True,Tier-2,,,False,,
0000849146,Lifevantage Corp,LFVN,8-K,2025-02-05,2025-02-05,2025-02-05,0000849146-25-000015,https://www.sec.gov/Archives/edgar/data/849146/000084914625000015/lfvn-20250205.htm,https://www.sec.gov/Archives/edgar/data/849146/000084914625000015/lfvn-20250205.htm,2025-02-05,2025-02-05 16:06:17,https://www.sec.gov/Archives/edgar/data/849146/0000849146-25-000015-index.html,Item 2.02; Item 9.01,Item 2.02; Item 9.01,True,True,earningsrelease_q2fy25.htm,,True,GuidanceUp,Tier-1,https://www.sec.gov/Archives/edgar/data/849146/000084914625000015/lfvn-20250205.htm,,True,Tier-2,,,False,,
0001818644,"AEye, Inc.",LIDR,8-K,2025-11-06,2025-11-06,2025-11-06,0001213900-25-107165,https://www.sec.gov/Archives/edgar/data/1818644/000121390025107165/ea0264320-8k_aeye.htm,https://www.sec.gov/Archives/edgar/data/1818644/000121390025107165/ea0264320-8k_aeye.htm,2025-11-06,2025-11-06 16:12:19,https://www.sec.gov/Archives/edgar/data/1818644/0001213900-25-107165-index.html,Item 2.02; Item 9.01,Item 2.02; Item 9.01,True,True,ea026432001ex99-1_aeye.htm,,True,ATM,Tier-1,https://www.sec.gov/Archives/edgar/data/1818644/000121390025107165/ea0264320-8k_aeye.htm,,True,Tier-1,Financing,,True,purchase_agreement;convertible;warrant,
0001818644,"AEye, Inc.",LIDR,8-K,2025-08-05,2025-08-05,2025-08-05,0000947871-25-000721,https://www.sec.gov/Archives/edgar/data/1818644/000094787125000721/ss5170628_8k.htm,https://www.sec.gov/Archives/edgar/data/1818644/000094787125000721/ss5170628_8k.htm,2025-08-05,2025-08-05 06:05:40,https://www.sec.gov/Archives/edgar/data/1818644/0000947871-25-000721-index.html,Item 7.01; Item 9.01,Item 7.01; Item 9.01,True,True,ss5170628_ex9901.htm,,True,ContractAward,Tier-1,https://www.sec.gov/Archives/edgar/data/1818644/000094787125000721/ss5170628_8k.htm,,True,Tier-2,,,False,,
0000849146,Lifevantage Corp,LFVN,8-K,2024-10-29,2024-10-29,2024-10-29,0000849146-24-000122,https://www.sec.gov/Archives/edgar/data/849146/000084914624000122/lfvn-20241029.htm,https://www.sec.gov/Archives/edgar/data/849146/000084914624000122/lfvn-20241029.htm,2024-10-29,2024-10-29 16:05:33,https://www.sec.gov/Archives/edgar/data/849146/0000849146-24-000122-index.html,Item 2.02; Item 9.01,Item 2.02; Item 9.01,True,True,earningsrelease_q1fy25.htm,,True,GuidanceUp,Tier-1,https://www.sec.gov/Archives/edgar/data/849146/000084914624000122/lfvn-20241029.htm,,True,Tier-2,,,False,,
0001818644,"AEye, Inc.",LIDR,8-K,2025-07-30,2025-07-30,2025-07-30,0000947871-25-000709,https://www.sec.gov/Archives/edgar/data/1818644/000094787125000709/ss5150727_8k.htm,https://www.sec.gov/Archives/edgar/data/1818644/000094787125000709/ss5150727_8k.htm,2025-07-30,2025-07-30 16:39:12,https://www.sec.gov/Archives/edgar/data/1818644/0000947871-25-000709-index.html,Item 8.01; Item 9.01,Item 8.01; Item 9.01,True,True,ss5150727_ex9901.htm,,True,ListingChange,Tier-1,https://www.sec.gov/Archives/edgar/data/1818644/000094787125000709/ss5150727_8k.htm,,True,Tier-2,,,False,,
0001818644,"AEye, Inc.",LIDR,8-K,2025-07-31,2025-07-31,2025-07-31,0000947871-25-000714,https://www.sec.gov/Archives/edgar/data/1818644/000094787125000714/ss5150732_8k-2.htm,https://www.sec.gov/Archives/edgar/data/1818644/000094787125000714/ss5150732_8k-2.htm,2025-07-31,2025-07-31 16:16:00,https://www.sec.gov/Archives/edgar/data/1818644/0000947871-25-000714-index.html,Item 2.02; Item 9.01,Item 2.02; Item 9.01,True,True,ss5150732_ex9901.htm,,True,ATM,Tier-1,https://www.sec.gov/Archives/edgar/data/1818644/000094787125000714/ss5150732_8k-2.htm,,True,Tier-1,Financing,,True,purchase_agreement;convertible;warrant,
0001818644,"AEye, Inc.",LIDR,8-K,2025-05-08,2025-05-08,2025-05-08,0000947871-25-000464,https://www.sec.gov/Archives/edgar/data/1818644/000094787125000464/ss4799875_8k.htm,https://www.sec.gov/Archives/edgar/data/1818644/000094787125000464/ss4799875_8k.htm,2025-05-08,2025-05-08 16:32:02,https://www.sec.gov/Archives/edgar/data/1818644/0000947871-25-000464-index.html,Item 2.02; Item 9.01,Item 2.02; Item 9.01,True,True,ss4799875_ex9901.htm,,True,ATM,Tier-1,https://www.sec.gov/Archives/edgar/data/1818644/000094787125000464/ss4799875_8k.htm,,True,Tier-1,Financing,,True,purchase_agreement;convertible;warrant,
0001818644,"AEye, Inc.",LIDR,8-K,2025-05-01,2025-04-28,2025-04-28,0000947871-25-000443,https://www.sec.gov/Archives/edgar/data/1818644/000094787125000443/ss4777213_8k.htm,https://www.sec.gov/Archives/edgar/data/1818644/000094787125000443/ss4777213_8k.htm,2025-04-28,2025-05-01 17:15:23,https://www.sec.gov/Archives/edgar/data/1818644/0000947871-25-000443-index.html,Item 1.01; Item 2.03; Item 5.02; Item 7.01; Item 9.01,Item 1.01; Item 2.03; Item 5.02; Item 7.01; Item 9.01,True,True,ss4777213_ex9901.htm,ss4777213_ex1001.htm,True,ATM,Tier-1,https://www.sec.gov/Archives/edgar/data/1818644/000094787125000443/ss4777213_8k.htm,,True,Tier-1,Financing,,True,warrant,
0001818644,"AEye, Inc.",LIDR,8-K,2025-05-20,2025-05-15,2025-05-15,0000947871-25-000555,https://www.sec.gov/Archives/edgar/data/1818644/000094787125000555/ss4838381_8k.htm,https://www.sec.gov/Archives/edgar/data/1818644/000094787125000555/ss4838381_8k.htm,2025-05-15,2025-05-20 07:00:43,https://www.sec.gov/Archives/edgar/data/1818644/0000947871-25-000555-index.html,Item 5.07; Item 7.01; Item 9.01,Item 5.07; Item 7.01; Item 9.01,True,True,ss4838381_ex9901.htm,,True,ListingChange,Tier-1,https://www.sec.gov/Archives/edgar/data/1818644/000094787125000555/ss4838381_8k.htm,,True,Tier-2,,,False,,
0001971387,"Liminatus Pharma, Inc.",LIMN,8-K,2025-07-17,2025-07-16,2025-07-16,0001104659-25-068670,https://www.sec.gov/Archives/edgar/data/1971387/000110465925068670/tm2521089d1_8k.htm,https://www.sec.gov/Archives/edgar/data/1971387/000110465925068670/tm2521089d1_8k.htm,2025-07-16,2025-07-17 16:19:27,https://www.sec.gov/Archives/edgar/data/1971387/0001104659-25-068670-index.html,Item 1.01; Item 3.02; Item 9.01,Item 1.01; Item 3.02; Item 9.01,False,True,,,True,ATM,Tier-1,https://www.sec.gov/Archives/edgar/data/1971387/000110465925068670/tm2521089d1_8k.htm,,True,Tier-1,Financing,,True,warrant,
0001971387,"Liminatus Pharma, Inc.",LIMN,8-K,2025-08-14,2025-08-14,2025-08-14,0001104659-25-078577,https://www.sec.gov/Archives/edgar/data/1971387/000110465925078577/tm2523534d1_8k.htm,https://www.sec.gov/Archives/edgar/data/1971387/000110465925078577/tm2523534d1_8k.htm,2025-08-14,2025-08-14 16:06:14,https://www.sec.gov/Archives/edgar/data/1971387/0001104659-25-078577-index.html,Item 7.01; Item 9.01,Item 7.01; Item 9.01,True,True,tm2523534d1_ex99-1.htm,,True,FDA,Tier-1,https://www.sec.gov/Archives/edgar/data/1971387/000110465925078577/tm2523534d1_8k.htm,,True,Tier-2,,,False,,
0001971387,"Liminatus Pharma, Inc.",LIMN,8-K,2025-06-24,2025-06-24,2025-06-24,0001104659-25-062058,https://www.sec.gov/Archives/edgar/data/1971387/000110465925062058/tm2518817d1_8k.htm,https://www.sec.gov/Archives/edgar/data/1971387/000110465925062058/tm2518817d1_8k.htm,2025-06-24,2025-06-24 15:03:57,https://www.sec.gov/Archives/edgar/data/1971387/0001104659-25-062058-index.html,Item 7.01; Item 9.01,Item 7.01; Item 9.01,True,True,tm2518817d1_ex99-1.htm,,True,ATM,Tier-1,https://www.sec.gov/Archives/edgar/data/1971387/000110465925062058/tm2518817d1_8k.htm,,True,Tier-2,,,False,,
0001971387,"Liminatus Pharma, Inc.",LIMN,8-K,2025-06-24,2025-06-23,2025-06-23,0001104659-25-061875,https://www.sec.gov/Archives/edgar/data/1971387/000110465925061875/tm2518647d1_8k.htm,https://www.sec.gov/Archives/edgar/data/1971387/000110465925061875/tm2518647d1_8k.htm,2025-06-23,2025-06-24 06:03:41,https://www.sec.gov/Archives/edgar/data/1971387/0001104659-25-061875-index.html,Item 8.01; Item 9.01,Item 8.01; Item 9.01,True,True,tm2518647d1_ex99-1.htm; tm2518647d1_ex99-2.htm,,True,ATM,Tier-1,https://www.sec.gov/Archives/edgar/data/1971387/000110465925061875/tm2518647d1_8k.htm,,True,Tier-1,Financing,,True,warrant,
0002043508,Lake Superior Acquisition Corp,LKSP,8-K,2025-10-10,2025-10-06,2025-10-06,0001477932-25-007478,https://www.sec.gov/Archives/edgar/data/2043508/000147793225007478/lake_8k.htm,https://www.sec.gov/Archives/edgar/data/2043508/000147793225007478/lake_8k.htm,2025-10-06,2025-10-10 06:04:06,https://www.sec.gov/Archives/edgar/data/2043508/0001477932-25-007478-index.html,Item 1.01; Item 3.02; Item 9.01,Item 1.01; Item 3.02; Item 9.01,False,True,,lake_ex11.htm; lake_ex101.htm; lake_ex102.htm; lake_ex103.htm; lake_ex104.htm; lake_ex105.htm; lake_ex106.htm,True,ATM,Tier-1,https://www.sec.gov/Archives/edgar/data/2043508/000147793225007478/lake_8k.htm,,True,Tier-1,Financing,,True,purchase_agreement;underwriting_agreement;offering,
0002043508,Lake Superior Acquisition Corp,LKSP,8-K,2025-10-15,2025-10-08,2025-10-08,0001477932-25-007586,https://www.sec.gov/Archives/edgar/data/2043508/000147793225007586/lake_8k.htm,https://www.sec.gov/Archives/edgar/data/2043508/000147793225007586/lake_8k.htm,2025-10-08,2025-10-15 16:05:34,https://www.sec.gov/Archives/edgar/data/2043508/0001477932-25-007586-index.html,Item 8.01; Item 9.01,Item 8.01; Item 9.01,True,True,lake_ex991.htm,,True,ATM,Tier-1,https://www.sec.gov/Archives/edgar/data/2043508/000147793225007586/lake_8k.htm,,True,Tier-1,Financing,,True,underwriting_agreement;convertible;offering,
0001080340,"MANHATTAN BRIDGE CAPITAL, INC",LOAN,8-K,2025-11-20,2025-11-20,2025-11-20,0001493152-25-024401,https://www.sec.gov/Archives/edgar/data/1080340/000149315225024401/form8-k.htm,https://www.sec.gov/Archives/edgar/data/1080340/000149315225024401/form8-k.htm,2025-11-20,2025-11-20 09:00:27,https://www.sec.gov/Archives/edgar/data/1080340/0001493152-25-024401-index.html,Item 8.01,Item 8.01,True,True,ex99-1.htm,,True,ListingChange,Tier-1,https://www.sec.gov/Archives/edgar/data/1080340/000149315225024401/form8-k.htm,,True,Tier-2,,,False,,
0002048951,Live Oak Acquisition Corp. V,LOKV,8-K,2025-11-17,2025-11-14,2025-11-14,0001213900-25-111183,https://www.sec.gov/Archives/edgar/data/2048951/000121390025111183/ea0265779-8k425_liveoak5.htm,https://www.sec.gov/Archives/edgar/data/2048951/000121390025111183/ea0265779-8k425_liveoak5.htm,2025-11-14,2025-11-14 20:46:24,https://www.sec.gov/Archives/edgar/data/2048951/0001213900-25-111183-index.html,Item 7.01; Item 9.01,Item 7.01; Item 9.01,True,True,ea026577901ex99-1_liveoak5.htm,,True,ATM,Tier-1,https://www.sec.gov/Archives/edgar/data/2048951/000121390025111183/ea0265779-8k425_liveoak5.htm,,True,Tier-1,Financing,,True,subscription_agreement;warrant;offering,
0001971387,"Liminatus Pharma, Inc.",LIMN,8-K,2025-05-06,2025-04-30,2025-04-30,0001104659-25-045127,https://www.sec.gov/Archives/edgar/data/1971387/000110465925045127/tm2513673d1_8k.htm,https://www.sec.gov/Archives/edgar/data/1971387/000110465925045127/tm2513673d1_8k.htm,2025-04-30,2025-05-06 17:20:30,https://www.sec.gov/Archives/edgar/data/1971387/0001104659-25-045127-index.html,Item 1.01; Item 2.01; Item 3.02; Item 3.03; Item 4.01; Item 5.01; Item 5.06; Item 9.01; Item 8.01,Item 1.01; Item 2.01; Item 3.02; Item 3.03; Item 4.01; Item 5.01; Item 5.06; Item 9.01; Item 8.01,True,True,tm2513673d1_ex99-1.htm; tm2513673d1_ex99-2.htm; tm2513673d1_ex99-3.htm,tm2513673d1_ex2-2.htm; tm2513673d1_ex2-3.htm; tm2513673d1_ex10-1.htm; tm2513673d1_ex14-1.htm; tm2513673d1_ex16-1.htm; tm2513673d1_ex21-1.htm,True,ATM,Tier-1,https://www.sec.gov/Archives/edgar/data/1971387/000110465925045127/tm2513673d1_8k.htm,,True,Tier-1,Financing,,True,warrant;offering,
0002048951,Live Oak Acquisition Corp. V,LOKV,8-K,2025-04-16,2025-04-16,2025-04-16,0001213900-25-032591,https://www.sec.gov/Archives/edgar/data/2048951/000121390025032591/ea0238594-8k_liveoak5.htm,https://www.sec.gov/Archives/edgar/data/2048951/000121390025032591/ea0238594-8k_liveoak5.htm,2025-04-16,2025-04-16 16:16:30,https://www.sec.gov/Archives/edgar/data/2048951/0001213900-25-032591-index.html,Item 8.01; Item 9.01,Item 8.01; Item 9.01,True,True,ea023859401ex99-1_liveoak5.htm,,True,ATM,Tier-1,https://www.sec.gov/Archives/edgar/data/2048951/000121390025032591/ea0238594-8k_liveoak5.htm,,True,Tier-1,Financing,,True,warrant;offering,
0002048951,Live Oak Acquisition Corp. V,LOKV,8-K,2025-03-07,2025-03-03,2025-03-03,0001213900-25-021812,https://www.sec.gov/Archives/edgar/data/2048951/000121390025021812/ea0233411-8k_liveoak5.htm,https://www.sec.gov/Archives/edgar/data/2048951/000121390025021812/ea0233411-8k_liveoak5.htm,2025-03-03,2025-03-07 17:03:45,https://www.sec.gov/Archives/edgar/data/2048951/0001213900-25-021812-index.html,Item 8.01; Item 9.01,Item 8.01; Item 9.01,True,True,ea023341101ex99-1_liveoak5.htm,,True,ATM,Tier-1,https://www.sec.gov/Archives/edgar/data/2048951/000121390025021812/ea0233411-8k_liveoak5.htm,,True,Tier-1,Financing,,True,underwriting_agreement;convertible;warrant;offering,
0002048951,Live Oak Acquisition Corp. V,LOKV,8-K,2025-03-04,2025-02-27,2025-02-27,0001213900-25-019604,https://www.sec.gov/Archives/edgar/data/2048951/000121390025019604/ea0232706-8k_liveoak5.htm,https://www.sec.gov/Archives/edgar/data/2048951/000121390025019604/ea0232706-8k_liveoak5.htm,2025-02-27,2025-03-03 19:57:35,https://www.sec.gov/Archives/edgar/data/2048951/0001213900-25-019604-index.html,Item 1.01; Item 3.02; Item 8.01; Item 9.01,Item 1.01; Item 3.02; Item 8.01; Item 9.01,True,True,ea023270601ex99-1_liveoak5.htm; ea023270601ex99-2_liveoak5.htm,ea023270601ex1-1_liveoak5.htm; ea023270601ex10-1_liveoak5.htm; ea023270601ex10-2_liveoak5.htm; ea023270601ex10-3_liveoak5.htm; ea023270601ex10-4_liveoak5.htm; ea023270601ex10-5_liveoak5.htm; ea023270601ex10-6_liveoak5.htm,True,ATM,Tier-1,https://www.sec.gov/Archives/edgar/data/2048951/000121390025019604/ea0232706-8k_liveoak5.htm,,True,Tier-1,Financing,,True,purchase_agreement;underwriting_agreement;warrant;offering,
0001701758,Lovesac Co,LOVE,8-K,2025-11-20,2025-11-20,2025-11-20,0001628280-25-053320,https://www.sec.gov/Archives/edgar/data/1701758/000162828025053320/love-20251120.htm,https://www.sec.gov/Archives/edgar/data/1701758/000162828025053320/love-20251120.htm,2025-11-20,2025-11-20 07:18:42,https://www.sec.gov/Archives/edgar/data/1701758/0001628280-25-053320-index.html,Item 5.02; Item 7.01; Item 9.01,Item 5.02; Item 7.01; Item 9.01,True,True,prwanlingmartellopr.htm,,True,ATM,Tier-1,https://www.sec.gov/Archives/edgar/data/1701758/000162828025053320/love-20251120.htm,,True,Tier-1,Financing,,True,offering,
0002048951,Live Oak Acquisition Corp. V,LOKV,8-K,2025-11-14,2025-11-14,2025-11-14,0001213900-25-110418,https://www.sec.gov/Archives/edgar/data/2048951/000121390025110418/ea0265582-8k425_liveoak5.htm,https://www.sec.gov/Archives/edgar/data/2048951/000121390025110418/ea0265582-8k425_liveoak5.htm,2025-11-14,2025-11-14 09:15:43,https://www.sec.gov/Archives/edgar/data/2048951/0001213900-25-110418-index.html,Item 1.01; Item 3.02; Item 7.01; Item 9.01,Item 1.01; Item 3.02; Item 7.01; Item 9.01,True,True,ea026558201ex99-1_liveoak5.htm; ea026558201ex99-2_liveoak5.htm,ea026558201ex2-1_liveoak5.htm; ea026558201ex10-1_liveoak5.htm; ea026558201ex10-2_liveoak5.htm; ea026558201ex10-3_liveoak5.htm; ea026558201ex10-4_liveoak5.htm; ea026558201ex10-5_liveoak5.htm; ea026558201ex10-6_liveoak5.htm; ea026558201ex10-7_liveoak5.htm; ea026558201ex10-8_liveoak5.htm,True,ATM,Tier-1,https://www.sec.gov/Archives/edgar/data/2048951/000121390025110418/ea0265582-8k425_liveoak5.htm,,True,Tier-1,Financing,,True,subscription_agreement;warrant;offering,
0001701758,Lovesac Co,LOVE,8-K,2025-06-13,2025-06-13,2025-06-13,0001213900-25-054278,https://www.sec.gov/Archives/edgar/data/1701758/000121390025054278/ea0245351-8k_lovesac.htm,https://www.sec.gov/Archives/edgar/data/1701758/000121390025054278/ea0245351-8k_lovesac.htm,2025-06-13,2025-06-13 16:01:32,https://www.sec.gov/Archives/edgar/data/1701758/0001213900-25-054278-index.html,Item 8.01; Item 9.01,Item 8.01; Item 9.01,True,True,ea024535101ex99-1_lovesac.htm; ea024535101ex99-2_lovesac.htm,,True,ATM,Tier-1,https://www.sec.gov/Archives/edgar/data/1701758/000121390025054278/ea0245351-8k_lovesac.htm,,True,Tier-1,Financing,,True,warrant,
0001701758,Lovesac Co,LOVE,8-K,2025-09-11,2025-09-11,2025-09-11,0001701758-25-000015,https://www.sec.gov/Archives/edgar/data/1701758/000170175825000015/love-20250911.htm,https://www.sec.gov/Archives/edgar/data/1701758/000170175825000015/love-20250911.htm,2025-09-11,2025-09-11 07:24:28,https://www.sec.gov/Archives/edgar/data/1701758/0001701758-25-000015-index.html,Item 2.02; Item 9.01,Item 2.02; Item 9.01,True,True,q2fy26pressrelease.htm,,True,ATM,Tier-1,https://www.sec.gov/Archives/edgar/data/1701758/000170175825000015/love-20250911.htm,,True,Tier-1,Financing,,True,offering,
0001701758,Lovesac Co,LOVE,8-K,2025-08-27,2025-08-27,2025-08-27,0001701758-25-000009,https://www.sec.gov/Archives/edgar/data/1701758/000170175825000009/love-20250827.htm,https://www.sec.gov/Archives/edgar/data/1701758/000170175825000009/love-20250827.htm,2025-08-27,2025-08-27 07:05:42,https://www.sec.gov/Archives/edgar/data/1701758/0001701758-25-000009-index.html,Item 5.02; Item 7.01; Item 9.01,Item 5.02; Item 7.01; Item 9.01,True,True,prboehmeannouncement082725.htm,,True,ATM,Tier-1,https://www.sec.gov/Archives/edgar/data/1701758/000170175825000009/love-20250827.htm,,True,Tier-1,Financing,,True,offering,
0001701758,Lovesac Co,LOVE,8-K,2025-06-12,2025-06-12,2025-06-12,0001628280-25-030859,https://www.sec.gov/Archives/edgar/data/1701758/000162828025030859/love-20250612.htm,https://www.sec.gov/Archives/edgar/data/1701758/000162828025030859/love-20250612.htm,2025-06-12,2025-06-12 07:00:56,https://www.sec.gov/Archives/edgar/data/1701758/0001628280-25-030859-index.html,Item 2.02; Item 9.01,Item 2.02; Item 9.01,True,True,q1fy26pressrelease.htm,,True,ATM,Tier-1,https://www.sec.gov/Archives/edgar/data/1701758/000162828025030859/love-20250612.htm,,True,Tier-1,Financing,,True,offering,
0002023676,Launch Two Acquisition Corp.,LPBB,8-K,2024-11-27,2024-11-27,2024-11-27,0001213900-24-103557,https://www.sec.gov/Archives/edgar/data/2023676/000121390024103557/ea0222806-8k_launchtwo.htm,https://www.sec.gov/Archives/edgar/data/2023676/000121390024103557/ea0222806-8k_launchtwo.htm,2024-11-27,2024-11-27 17:00:10,https://www.sec.gov/Archives/edgar/data/2023676/0001213900-24-103557-index.html,Item 8.01; Item 9.01,Item 8.01; Item 9.01,True,True,ea022280601ex99-1_launchtwo.htm,,True,ATM,Tier-1,https://www.sec.gov/Archives/edgar/data/2023676/000121390024103557/ea0222806-8k_launchtwo.htm,,True,Tier-1,Financing,,True,warrant;offering,
0001701758,Lovesac Co,LOVE,8-K,2025-04-10,2025-04-10,2025-04-10,0001628280-25-017238,https://www.sec.gov/Archives/edgar/data/1701758/000162828025017238/love-20250410.htm,https://www.sec.gov/Archives/edgar/data/1701758/000162828025017238/love-20250410.htm,2025-04-10,2025-04-10 07:00:29,https://www.sec.gov/Archives/edgar/data/1701758/0001628280-25-017238-index.html,Item 2.02; Item 9.01,Item 2.02; Item 9.01,True,True,q4fy25pressrelease.htm,,True,ATM,Tier-1,https://www.sec.gov/Archives/edgar/data/1701758/000162828025017238/love-20250410.htm,,True,Tier-1,Financing,,True,offering,
0001102993,LIVEPERSON INC,LPSN,8-K,2025-11-14,2025-11-07,2025-11-07,0001102993-25-000192,https://www.sec.gov/Archives/edgar/data/1102993/000110299325000192/lpsn-20251107.htm,https://www.sec.gov/Archives/edgar/data/1102993/000110299325000192/lpsn-20251107.htm,2025-11-07,2025-11-14 16:19:57,https://www.sec.gov/Archives/edgar/data/1102993/0001102993-25-000192-index.html,Item 5.02,Item 5.02,False,True,,,True,ATM,Tier-1,https://www.sec.gov/Archives/edgar/data/1102993/000110299325000192/lpsn-20251107.htm,,True,Tier-1,Financing,,True,convertible,
0001701758,Lovesac Co,LOVE,8-K,2024-12-17,2024-12-17,2024-12-17,0001628280-24-051617,https://www.sec.gov/Archives/edgar/data/1701758/000162828024051617/love-20241217.htm,https://www.sec.gov/Archives/edgar/data/1701758/000162828024051617/love-20241217.htm,2024-12-17,2024-12-17 12:31:21,https://www.sec.gov/Archives/edgar/data/1701758/0001628280-24-051617-index.html,Item 7.01; Item 9.01,Item 7.01; Item 9.01,True,True,investordaydeck.htm,,True,ATM,Tier-1,https://www.sec.gov/Archives/edgar/data/1701758/000162828024051617/love-20241217.htm,,True,Tier-1,Financing,,True,warrant,
0001102993,LIVEPERSON INC,LPSN,8-K,2025-10-20,2025-10-14,2025-10-14,0001102993-25-000175,https://www.sec.gov/Archives/edgar/data/1102993/000110299325000175/lpsn-20251014.htm,https://www.sec.gov/Archives/edgar/data/1102993/000110299325000175/lpsn-20251014.htm,2025-10-14,2025-10-20 13:52:49,https://www.sec.gov/Archives/edgar/data/1102993/0001102993-25-000175-index.html,Item 5.02; Item 8.01,Item 5.02; Item 8.01,True,True,finalpressrelease_ryanvard.htm,,True,ATM,Tier-1,https://www.sec.gov/Archives/edgar/data/1102993/000110299325000175/lpsn-20251014.htm,,True,Tier-1,Financing,,True,convertible,
0001102993,LIVEPERSON INC,LPSN,8-K,2025-11-10,2025-11-10,2025-11-10,0001102993-25-000179,https://www.sec.gov/Archives/edgar/data/1102993/000110299325000179/lpsn-20251110.htm,https://www.sec.gov/Archives/edgar/data/1102993/000110299325000179/lpsn-20251110.htm,2025-11-10,2025-11-10 16:34:40,https://www.sec.gov/Archives/edgar/data/1102993/0001102993-25-000179-index.html,Item 2.02; Item 9.01,Item 2.02; Item 9.01,True,True,ex-991xpressreleaseq32025.htm,,True,ATM,Tier-1,https://www.sec.gov/Archives/edgar/data/1102993/000110299325000179/lpsn-20251110.htm,,True,Tier-1,Financing,,True,convertible;warrant;offering,
0001102993,LIVEPERSON INC,LPSN,8-K,2025-10-08,2025-10-08,2025-10-08,0001102993-25-000171,https://www.sec.gov/Archives/edgar/data/1102993/000110299325000171/lpsn-20251008.htm,https://www.sec.gov/Archives/edgar/data/1102993/000110299325000171/lpsn-20251008.htm,2025-10-08,2025-10-08 17:26:45,https://www.sec.gov/Archives/edgar/data/1102993/0001102993-25-000171-index.html,Item 3.03; Item 5.03,Item 3.03; Item 5.03,False,True,,,True,ATM,Tier-1,https://www.sec.gov/Archives/edgar/data/1102993/000110299325000171/lpsn-20251008.htm,,True,Tier-1,Financing,,True,convertible;warrant;offering,
0001102993,LIVEPERSON INC,LPSN,8-K,2025-10-07,2025-10-02,2025-10-02,0001102993-25-000165,https://www.sec.gov/Archives/edgar/data/1102993/000110299325000165/lpsn-20251002.htm,https://www.sec.gov/Archives/edgar/data/1102993/000110299325000165/lpsn-20251002.htm,2025-10-02,2025-10-07 08:39:09,https://www.sec.gov/Archives/edgar/data/1102993/0001102993-25-000165-index.html,Item 5.03; Item 5.07; Item 8.01,Item 5.03; Item 5.07; Item 8.01,False,True,,,True,ATM,Tier-1,https://www.sec.gov/Archives/edgar/data/1102993/000110299325000165/lpsn-20251002.htm,,True,Tier-1,Financing,,True,convertible,
0001102993,LIVEPERSON INC,LPSN,8-K,2025-08-28,2025-08-28,2025-08-28,0001102993-25-000145,https://www.sec.gov/Archives/edgar/data/1102993/000110299325000145/lpsn-20250828.htm,https://www.sec.gov/Archives/edgar/data/1102993/000110299325000145/lpsn-20250828.htm,2025-08-28,2025-08-28 14:46:30,https://www.sec.gov/Archives/edgar/data/1102993/0001102993-25-000145-index.html,Item 7.01,Item 7.01,False,True,,,True,ATM,Tier-1,https://www.sec.gov/Archives/edgar/data/1102993/000110299325000145/lpsn-20250828.htm,,True,Tier-1,Financing,,True,offering,
0001102993,LIVEPERSON INC,LPSN,8-K,2025-08-11,2025-08-08,2025-08-08,0001193125-25-177962,https://www.sec.gov/Archives/edgar/data/1102993/000119312525177962/d847884d8k.htm,https://www.sec.gov/Archives/edgar/data/1102993/000119312525177962/d847884d8k.htm,2025-08-08,2025-08-11 16:22:50,https://www.sec.gov/Archives/edgar/data/1102993/0001193125-25-177962-index.html,Item 1.01; Item 2.03; Item 3.02; Item 5.03; Item 7.01; Item 8.01; Item 9.01,Item 1.01; Item 2.03; Item 3.02; Item 5.03; Item 7.01; Item 8.01; Item 9.01,True,True,d847884dex991.htm,d847884dex101.htm,True,ATM,Tier-1,https://www.sec.gov/Archives/edgar/data/1102993/000119312525177962/d847884d8k.htm,,True,Tier-1,Financing,,True,convertible;offering,
0001102993,LIVEPERSON INC,LPSN,8-K,2025-08-11,2025-08-11,2025-08-11,0001102993-25-000102,https://www.sec.gov/Archives/edgar/data/1102993/000110299325000102/lpsn-20250811.htm,https://www.sec.gov/Archives/edgar/data/1102993/000110299325000102/lpsn-20250811.htm,2025-08-11,2025-08-11 16:34:03,https://www.sec.gov/Archives/edgar/data/1102993/0001102993-25-000102-index.html,Item 2.02; Item 9.01,Item 2.02; Item 9.01,True,True,ex-991xpressreleaseq22025.htm,,True,ATM,Tier-1,https://www.sec.gov/Archives/edgar/data/1102993/000110299325000102/lpsn-20250811.htm,,True,Tier-1,Financing,,True,convertible;warrant;offering,
0001799011,Lucid Diagnostics Inc.,LUCD,8-K,2025-11-12,2025-11-12,2025-11-12,0001493152-25-021748,https://www.sec.gov/Archives/edgar/data/1799011/000149315225021748/form8-k.htm,https://www.sec.gov/Archives/edgar/data/1799011/000149315225021748/form8-k.htm,2025-11-12,2025-11-12 08:15:37,https://www.sec.gov/Archives/edgar/data/1799011/0001493152-25-021748-index.html,Item 2.02; Item 7.01; Item 9.01,Item 2.02; Item 7.01; Item 9.01,True,True,ex99-1.htm,,True,ATM,Tier-1,https://www.sec.gov/Archives/edgar/data/1799011/000149315225021748/form8-k.htm,,True,Tier-1,Financing,,True,convertible;offering,
0001102993,LIVEPERSON INC,LPSN,8-K,2025-09-15,2025-09-10,2025-09-10,0001102993-25-000154,https://www.sec.gov/Archives/edgar/data/1102993/000110299325000154/lpsn-20250910.htm,https://www.sec.gov/Archives/edgar/data/1102993/000110299325000154/lpsn-20250910.htm,2025-09-10,2025-09-15 17:15:00,https://www.sec.gov/Archives/edgar/data/1102993/0001102993-25-000154-index.html,Item 1.01; Item 2.03; Item 3.02; Item 3.03; Item 5.02; Item 5.03; Item 8.01,Item 1.01; Item 2.03; Item 3.02; Item 3.03; Item 5.02; Item 5.03; Item 8.01,True,True,exh991pressrelease9_15.htm,exh101amendmentno1toexchan.htm,True,ATM,Tier-1,https://www.sec.gov/Archives/edgar/data/1102993/000110299325000154/lpsn-20250910.htm,,True,Tier-1,Financing,,True,purchase_agreement;convertible;offering,
0001799011,Lucid Diagnostics Inc.,LUCD,8-K,2025-09-25,2025-09-22,2025-09-22,0001493152-25-014872,https://www.sec.gov/Archives/edgar/data/1799011/000149315225014872/form8-k.htm,https://www.sec.gov/Archives/edgar/data/1799011/000149315225014872/form8-k.htm,2025-09-22,2025-09-25 08:57:08,https://www.sec.gov/Archives/edgar/data/1799011/0001493152-25-014872-index.html,Item 5.02; Item 7.01; Item 9.01,Item 5.02; Item 7.01; Item 9.01,True,True,ex99-1.htm,,True,ATM,Tier-1,https://www.sec.gov/Archives/edgar/data/1799011/000149315225014872/form8-k.htm,,True,Tier-1,Financing,,True,convertible,
0001799011,Lucid Diagnostics Inc.,LUCD,8-K,2025-09-11,2025-09-11,2025-09-11,0001493152-25-013046,https://www.sec.gov/Archives/edgar/data/1799011/000149315225013046/form8-k.htm,https://www.sec.gov/Archives/edgar/data/1799011/000149315225013046/form8-k.htm,2025-09-11,2025-09-11 09:27:38,https://www.sec.gov/Archives/edgar/data/1799011/0001493152-25-013046-index.html,Item 7.01; Item 8.01; Item 9.01,Item 7.01; Item 8.01; Item 9.01,True,True,ex99-1.htm,,True,ATM,Tier-1,https://www.sec.gov/Archives/edgar/data/1799011/000149315225013046/form8-k.htm,,True,Tier-1,Financing,,True,offering,
0001799011,Lucid Diagnostics Inc.,LUCD,8-K,2025-09-10,2025-09-10,2025-09-10,0001493152-25-012962,https://www.sec.gov/Archives/edgar/data/1799011/000149315225012962/form8-k.htm,https://www.sec.gov/Archives/edgar/data/1799011/000149315225012962/form8-k.htm,2025-09-10,2025-09-10 09:15:29,https://www.sec.gov/Archives/edgar/data/1799011/0001493152-25-012962-index.html,Item 1.01; Item 7.01; Item 9.01,Item 1.01; Item 7.01; Item 9.01,True,True,ex99-1.htm; ex99-2.htm,ex1-1.htm,True,ATM,Tier-1,https://www.sec.gov/Archives/edgar/data/1799011/000149315225012962/form8-k.htm,,True,Tier-1,Financing,,True,underwriting_agreement;warrant;offering,
0001799011,Lucid Diagnostics Inc.,LUCD,8-K,2025-06-18,2025-06-18,2025-06-18,0001641172-25-015613,https://www.sec.gov/Archives/edgar/data/1799011/000164117225015613/form8-k.htm,https://www.sec.gov/Archives/edgar/data/1799011/000164117225015613/form8-k.htm,2025-06-18,2025-06-18 17:00:40,https://www.sec.gov/Archives/edgar/data/1799011/0001641172-25-015613-index.html,Item 5.07; Item 9.01,Item 5.07; Item 9.01,False,True,,,True,ATM,Tier-1,https://www.sec.gov/Archives/edgar/data/1799011/000164117225015613/form8-k.htm,,True,Tier-1,Financing,,True,convertible;offering,
0001799011,Lucid Diagnostics Inc.,LUCD,8-K,2025-05-30,2025-05-30,2025-05-30,0001641172-25-013059,https://www.sec.gov/Archives/edgar/data/1799011/000164117225013059/form8-k.htm,https://www.sec.gov/Archives/edgar/data/1799011/000164117225013059/form8-k.htm,2025-05-30,2025-05-30 16:35:32,https://www.sec.gov/Archives/edgar/data/1799011/0001641172-25-013059-index.html,Item 1.01; Item 9.01,Item 1.01; Item 9.01,False,True,,ex1-1.htm,True,ATM,Tier-1,https://www.sec.gov/Archives/edgar/data/1799011/000164117225013059/form8-k.htm,,True,Tier-1,Financing,,True,warrant;offering,
0001799011,Lucid Diagnostics Inc.,LUCD,8-K,2025-08-13,2025-08-13,2025-08-13,0001493152-25-011882,https://www.sec.gov/Archives/edgar/data/1799011/000149315225011882/form8-k.htm,https://www.sec.gov/Archives/edgar/data/1799011/000149315225011882/form8-k.htm,2025-08-13,2025-08-13 08:00:40,https://www.sec.gov/Archives/edgar/data/1799011/0001493152-25-011882-index.html,Item 2.02; Item 7.01; Item 9.01,Item 2.02; Item 7.01; Item 9.01,True,True,ex99-1.htm,,True,ATM,Tier-1,https://www.sec.gov/Archives/edgar/data/1799011/000149315225011882/form8-k.htm,,True,Tier-1,Financing,,True,convertible;offering,
0001799011,Lucid Diagnostics Inc.,LUCD,8-K,2025-05-14,2025-05-14,2025-05-14,0001641172-25-010101,https://www.sec.gov/Archives/edgar/data/1799011/000164117225010101/form8-k.htm,https://www.sec.gov/Archives/edgar/data/1799011/000164117225010101/form8-k.htm,2025-05-14,2025-05-14 08:20:59,https://www.sec.gov/Archives/edgar/data/1799011/0001641172-25-010101-index.html,Item 2.02; Item 7.01; Item 9.01,Item 2.02; Item 7.01; Item 9.01,True,True,ex99-1.htm,,True,ATM,Tier-1,https://www.sec.gov/Archives/edgar/data/1799011/000164117225010101/form8-k.htm,,True,Tier-1,Financing,,True,convertible;offering,
0001799011,Lucid Diagnostics Inc.,LUCD,8-K,2025-04-11,2025-04-11,2025-04-11,0001641172-25-003740,https://www.sec.gov/Archives/edgar/data/1799011/000164117225003740/form8-k.htm,https://www.sec.gov/Archives/edgar/data/1799011/000164117225003740/form8-k.htm,2025-04-11,2025-04-11 09:25:53,https://www.sec.gov/Archives/edgar/data/1799011/0001641172-25-003740-index.html,Item 7.01; Item 8.01; Item 9.01,Item 7.01; Item 8.01; Item 9.01,True,True,ex99-1.htm,,True,ATM,Tier-1,https://www.sec.gov/Archives/edgar/data/1799011/000164117225003740/form8-k.htm,,True,Tier-1,Financing,,True,offering,
0001127537,Pulmonx Corp,LUNG,8-K,2025-11-12,2025-11-12,2025-11-12,0001127537-25-000058,https://www.sec.gov/Archives/edgar/data/1127537/000112753725000058/lung-20251112.htm,https://www.sec.gov/Archives/edgar/data/1127537/000112753725000058/lung-20251112.htm,2025-11-12,2025-11-12 16:05:04,https://www.sec.gov/Archives/edgar/data/1127537/0001127537-25-000058-index.html,Item 2.02; Item 9.01,Item 2.02; Item 9.01,True,True,lung3q25earningsrelease111.htm,,True,ATM,Tier-1,https://www.sec.gov/Archives/edgar/data/1127537/000112753725000058/lung-20251112.htm,,True,Tier-2,,,False,,
0001127537,Pulmonx Corp,LUNG,8-K,2025-07-30,2025-07-30,2025-07-30,0001127537-25-000041,https://www.sec.gov/Archives/edgar/data/1127537/000112753725000041/lung-20250730.htm,https://www.sec.gov/Archives/edgar/data/1127537/000112753725000041/lung-20250730.htm,2025-07-30,2025-07-30 16:06:05,https://www.sec.gov/Archives/edgar/data/1127537/0001127537-25-000041-index.html,Item 2.02; Item 9.01,Item 2.02; Item 9.01,True,True,lung2q25earningsrelease073.htm,,True,ATM,Tier-1,https://www.sec.gov/Archives/edgar/data/1127537/000112753725000041/lung-20250730.htm,,True,Tier-2,,,False,,
0001127537,Pulmonx Corp,LUNG,8-K,2025-10-27,2025-10-21,2025-10-21,0001127537-25-000052,https://www.sec.gov/Archives/edgar/data/1127537/000112753725000052/lung-20251021.htm,https://www.sec.gov/Archives/edgar/data/1127537/000112753725000052/lung-20251021.htm,2025-10-21,2025-10-27 16:05:33,https://www.sec.gov/Archives/edgar/data/1127537/0001127537-25-000052-index.html,Item 2.02; Item 5.02; Item 9.01,Item 2.02; Item 5.02; Item 9.01,True,True,exhibit991pressreleaseofpu.htm,exhibit101letteragreementd.htm; exhibit102consultingagreem.htm; exhibit103offerletterdated.htm; exhibit104letteragreementd.htm; exhibit105consultingagreem.htm; exhibit106offerletterdated.htm,True,ATM,Tier-1,https://www.sec.gov/Archives/edgar/data/1127537/000112753725000052/lung-20251021.htm,,True,Tier-2,,,False,,
0001127537,Pulmonx Corp,LUNG,8-K,2025-04-30,2025-04-30,2025-04-30,0001127537-25-000023,https://www.sec.gov/Archives/edgar/data/1127537/000112753725000023/lung-20250430.htm,https://www.sec.gov/Archives/edgar/data/1127537/000112753725000023/lung-20250430.htm,2025-04-30,2025-04-30 16:10:52,https://www.sec.gov/Archives/edgar/data/1127537/0001127537-25-000023-index.html,Item 2.02; Item 9.01,Item 2.02; Item 9.01,True,True,lung1q25earningsrelease043.htm,,True,ATM,Tier-1,https://www.sec.gov/Archives/edgar/data/1127537/000112753725000023/lung-20250430.htm,,True,Tier-2,,,False,,
0002061379,LightWave Acquisition Corp.,LWAC,8-K,2025-07-02,2025-06-26,2025-06-26,0001213900-25-061105,https://www.sec.gov/Archives/edgar/data/2061379/000121390025061105/ea0248082-8k_light.htm,https://www.sec.gov/Archives/edgar/data/2061379/000121390025061105/ea0248082-8k_light.htm,2025-06-26,2025-07-02 17:23:59,https://www.sec.gov/Archives/edgar/data/2061379/0001213900-25-061105-index.html,Item 8.01; Item 9.01,Item 8.01; Item 9.01,True,True,ea024808201ex99-1_light.htm,,True,ATM,Tier-1,https://www.sec.gov/Archives/edgar/data/2061379/000121390025061105/ea0248082-8k_light.htm,,True,Tier-1,Financing,,True,convertible;warrant;offering,
0001127537,Pulmonx Corp,LUNG,8-K,2024-10-30,2024-10-30,2024-10-30,0001127537-24-000082,https://www.sec.gov/Archives/edgar/data/1127537/000112753724000082/lung-20241030.htm,https://www.sec.gov/Archives/edgar/data/1127537/000112753724000082/lung-20241030.htm,2024-10-30,2024-10-30 16:10:45,https://www.sec.gov/Archives/edgar/data/1127537/0001127537-24-000082-index.html,Item 2.02; Item 9.01,Item 2.02; Item 9.01,True,True,lung3q24earningsrelease103.htm,,True,ATM,Tier-1,https://www.sec.gov/Archives/edgar/data/1127537/000112753724000082/lung-20241030.htm,,True,Tier-2,,,False,,
0002061379,LightWave Acquisition Corp.,LWAC,8-K,2025-06-30,2025-06-24,2025-06-24,0001213900-25-059736,https://www.sec.gov/Archives/edgar/data/2061379/000121390025059736/ea0247499-8k_lightwave.htm,https://www.sec.gov/Archives/edgar/data/2061379/000121390025059736/ea0247499-8k_lightwave.htm,2025-06-24,2025-06-30 17:09:20,https://www.sec.gov/Archives/edgar/data/2061379/0001213900-25-059736-index.html,Item 1.01; Item 3.02; Item 8.01; Item 9.01,Item 1.01; Item 3.02; Item 8.01; Item 9.01,True,True,ea024749901ex99-1_lightwave.htm; ea024749901ex99-2_lightwave.htm,ea024749901ex1-1_lightwave.htm; ea024749901ex10-1_lightwave.htm; ea024749901ex10-2_lightwave.htm; ea024749901ex10-3_lightwave.htm; ea024749901ex10-4_lightwave.htm; ea024749901ex10-5_lightwave.htm; ea024749901ex10-6_lightwave.htm; ea024749901ex10-7_lightwave.htm,True,ATM,Tier-1,https://www.sec.gov/Archives/edgar/data/2061379/000121390025059736/ea0247499-8k_lightwave.htm,,True,Tier-1,Financing,,True,purchase_agreement;underwriting_agreement;warrant;offering,
0001127537,Pulmonx Corp,LUNG,8-K,2025-02-19,2025-02-19,2025-02-19,0001127537-25-000003,https://www.sec.gov/Archives/edgar/data/1127537/000112753725000003/lung-20250219.htm,https://www.sec.gov/Archives/edgar/data/1127537/000112753725000003/lung-20250219.htm,2025-02-19,2025-02-19 16:09:24,https://www.sec.gov/Archives/edgar/data/1127537/0001127537-25-000003-index.html,Item 2.02; Item 9.01,Item 2.02; Item 9.01,True,True,lung4q24earningsrelease021.htm,,True,ATM,Tier-1,https://www.sec.gov/Archives/edgar/data/1127537/000112753725000003/lung-20250219.htm,,True,Tier-2,,,False,,
0002016221,Melar Acquisition Corp. I/Cayman,MACI,8-K,2025-10-03,2025-09-29,2025-09-29,0001104659-25-096653,https://www.sec.gov/Archives/edgar/data/2016221/000110465925096653/tm2527872d1_8k.htm,https://www.sec.gov/Archives/edgar/data/2016221/000110465925096653/tm2527872d1_8k.htm,2025-09-29,2025-10-03 16:10:35,https://www.sec.gov/Archives/edgar/data/2016221/0001104659-25-096653-index.html,Item 1.01; Item 2.03; Item 9.01,Item 1.01; Item 2.03; Item 9.01,False,True,,tm2527872d1_ex2-1.htm; tm2527872d1_ex10-1.htm; tm2527872d1_ex10-2.htm,True,ATM,Tier-1,https://www.sec.gov/Archives/edgar/data/2016221/000110465925096653/tm2527872d1_8k.htm,,True,Tier-1,Financing,,True,warrant,
0002016221,Melar Acquisition Corp. I/Cayman,MACI,8-K,2025-10-24,2025-10-21,2025-10-21,0001104659-25-102190,https://www.sec.gov/Archives/edgar/data/2016221/000110465925102190/tm2529375d1_8k.htm,https://www.sec.gov/Archives/edgar/data/2016221/000110465925102190/tm2529375d1_8k.htm,2025-10-21,2025-10-24 17:01:11,https://www.sec.gov/Archives/edgar/data/2016221/0001104659-25-102190-index.html,Item 8.01; Item 9.01,Item 8.01; Item 9.01,True,True,tm2529375d1_ex99-1.htm,,True,ATM,Tier-1,https://www.sec.gov/Archives/edgar/data/2016221/000110465925102190/tm2529375d1_8k.htm,,True,Tier-1,Financing,,True,convertible;warrant;offering,
0002016221,Melar Acquisition Corp. I/Cayman,MACI,8-K,2025-08-05,2025-07-30,2025-07-30,0001104659-25-074242,https://www.sec.gov/Archives/edgar/data/2016221/000110465925074242/tm2522560d1_8k.htm,https://www.sec.gov/Archives/edgar/data/2016221/000110465925074242/tm2522560d1_8k.htm,2025-07-30,2025-08-05 16:45:52,https://www.sec.gov/Archives/edgar/data/2016221/0001104659-25-074242-index.html,Item 1.01; Item 9.01,Item 1.01; Item 9.01,False,True,,tm2522560d1_ex2-1.htm; tm2522560d1_ex10-1.htm; tm2522560d1_ex10-2.htm; tm2522560d1_ex10-3.htm; tm2522560d1_ex10-4.htm,True,ATM,Tier-1,https://www.sec.gov/Archives/edgar/data/2016221/000110465925074242/tm2522560d1_8k.htm,,True,Tier-1,Financing,,True,convertible;warrant;offering,
0001878313,"MAIA Biotechnology, Inc.",MAIA,8-K,2025-11-20,2025-11-20,2025-11-20,0001493152-25-024402,https://www.sec.gov/Archives/edgar/data/1878313/000149315225024402/form8-k.htm,https://www.sec.gov/Archives/edgar/data/1878313/000149315225024402/form8-k.htm,2025-11-20,2025-11-20 09:00:27,https://www.sec.gov/Archives/edgar/data/1878313/0001493152-25-024402-index.html,Item 9.01,Item 9.01,True,True,ex99-1.htm,,True,ATM,Tier-1,https://www.sec.gov/Archives/edgar/data/1878313/000149315225024402/form8-k.htm,,True,Tier-1,Financing,,True,offering,
0001878313,"MAIA Biotechnology, Inc.",MAIA,8-K,2025-11-21,2025-11-21,2025-11-21,0001493152-25-024556,https://www.sec.gov/Archives/edgar/data/1878313/000149315225024556/form8-k.htm,https://www.sec.gov/Archives/edgar/data/1878313/000149315225024556/form8-k.htm,2025-11-21,2025-11-21 09:15:24,https://www.sec.gov/Archives/edgar/data/1878313/0001493152-25-024556-index.html,Item 8.01; Item 9.01,Item 8.01; Item 9.01,True,True,ex99-1.htm,,True,ATM,Tier-1,https://www.sec.gov/Archives/edgar/data/1878313/000149315225024556/form8-k.htm,,True,Tier-1,Financing,,True,offering,
0002016221,Melar Acquisition Corp. I/Cayman,MACI,8-K,2025-07-31,2025-07-30,2025-07-30,0001104659-25-072519,https://www.sec.gov/Archives/edgar/data/2016221/000110465925072519/tm2522184d1_8k.htm,https://www.sec.gov/Archives/edgar/data/2016221/000110465925072519/tm2522184d1_8k.htm,2025-07-30,2025-07-31 09:12:10,https://www.sec.gov/Archives/edgar/data/2016221/0001104659-25-072519-index.html,Item 7.01; Item 9.01,Item 7.01; Item 9.01,True,True,tm2522184d1_ex99-1.htm; tm2522184d1_ex99-2.htm,,True,ATM,Tier-1,https://www.sec.gov/Archives/edgar/data/2016221/000110465925072519/tm2522184d1_8k.htm,,True,Tier-1,Financing,,True,warrant;offering,
0001878313,"MAIA Biotechnology, Inc.",MAIA,8-K,2025-11-07,2025-11-07,2025-11-07,0001493152-25-021195,https://www.sec.gov/Archives/edgar/data/1878313/000149315225021195/form8-k.htm,https://www.sec.gov/Archives/edgar/data/1878313/000149315225021195/form8-k.htm,2025-11-07,2025-11-07 09:15:37,https://www.sec.gov/Archives/edgar/data/1878313/0001493152-25-021195-index.html,Item 8.01; Item 9.01,Item 8.01; Item 9.01,True,True,ex99-1.htm; ex99-2.htm,,True,OtherEvent,Tier-2,https://www.sec.gov/Archives/edgar/data/1878313/000149315225021195/form8-k.htm,,True,Tier-2,,,False,,
0001878313,"MAIA Biotechnology, Inc.",MAIA,8-K,2025-10-27,2025-10-27,2025-10-27,0001493152-25-019748,https://www.sec.gov/Archives/edgar/data/1878313/000149315225019748/form8-k.htm,https://www.sec.gov/Archives/edgar/data/1878313/000149315225019748/form8-k.htm,2025-10-27,2025-10-27 16:30:30,https://www.sec.gov/Archives/edgar/data/1878313/0001493152-25-019748-index.html,Item 8.01; Item 9.01,Item 8.01; Item 9.01,True,True,ex99-1.htm,,True,ATM,Tier-1,https://www.sec.gov/Archives/edgar/data/1878313/000149315225019748/form8-k.htm,,True,Tier-2,,,False,,
0001878313,"MAIA Biotechnology, Inc.",MAIA,8-K,2025-10-24,2025-10-24,2025-10-24,0001493152-25-019315,https://www.sec.gov/Archives/edgar/data/1878313/000149315225019315/form8-k.htm,https://www.sec.gov/Archives/edgar/data/1878313/000149315225019315/form8-k.htm,2025-10-24,2025-10-24 16:30:43,https://www.sec.gov/Archives/edgar/data/1878313/0001493152-25-019315-index.html,Item 8.01; Item 9.01,Item 8.01; Item 9.01,True,True,ex99-1.htm,,True,OtherEvent,Tier-2,https://www.sec.gov/Archives/edgar/data/1878313/000149315225019315/form8-k.htm,,True,Tier-2,,,False,,
0001878313,"MAIA Biotechnology, Inc.",MAIA,8-K,2025-10-23,2025-10-19,2025-10-19,0001493152-25-019014,https://www.sec.gov/Archives/edgar/data/1878313/000149315225019014/form8-k.htm,https://www.sec.gov/Archives/edgar/data/1878313/000149315225019014/form8-k.htm,2025-10-19,2025-10-23 09:15:34,https://www.sec.gov/Archives/edgar/data/1878313/0001493152-25-019014-index.html,Item 7.01; Item 8.01; Item 9.01,Item 7.01; Item 8.01; Item 9.01,True,True,ex99-1.htm; ex99-2.htm; ex99-3.htm,,True,ATM,Tier-1,https://www.sec.gov/Archives/edgar/data/1878313/000149315225019014/form8-k.htm,,True,Tier-2,,,False,,
0001878313,"MAIA Biotechnology, Inc.",MAIA,8-K,2025-10-14,2025-10-13,2025-10-13,0001493152-25-017948,https://www.sec.gov/Archives/edgar/data/1878313/000149315225017948/form8-k.htm,https://www.sec.gov/Archives/edgar/data/1878313/000149315225017948/form8-k.htm,2025-10-13,2025-10-14 09:00:46,https://www.sec.gov/Archives/edgar/data/1878313/0001493152-25-017948-index.html,Item 1.01; Item 3.02; Item 8.01,Item 1.01; Item 3.02; Item 8.01,True,True,ex99-1.htm,ex10-1.htm,True,ATM,Tier-1,https://www.sec.gov/Archives/edgar/data/1878313/000149315225017948/form8-k.htm,,True,Tier-1,Financing,,True,spa;purchase_agreement;warrant;offering,
0001878313,"MAIA Biotechnology, Inc.",MAIA,8-K,2025-10-07,2025-10-07,2025-10-07,0001493152-25-017222,https://www.sec.gov/Archives/edgar/data/1878313/000149315225017222/form8-k.htm,https://www.sec.gov/Archives/edgar/data/1878313/000149315225017222/form8-k.htm,2025-10-07,2025-10-07 08:58:45,https://www.sec.gov/Archives/edgar/data/1878313/0001493152-25-017222-index.html,Item 9.01,Item 9.01,True,True,ex99-1.htm,,True,ATM,Tier-1,https://www.sec.gov/Archives/edgar/data/1878313/000149315225017222/form8-k.htm,,True,Tier-2,,,False,,
0001878313,"MAIA Biotechnology, Inc.",MAIA,8-K,2025-09-30,2025-09-29,2025-09-29,0001493152-25-016200,https://www.sec.gov/Archives/edgar/data/1878313/000149315225016200/form8-k.htm,https://www.sec.gov/Archives/edgar/data/1878313/000149315225016200/form8-k.htm,2025-09-29,2025-09-30 09:00:49,https://www.sec.gov/Archives/edgar/data/1878313/0001493152-25-016200-index.html,Item 1.01; Item 3.02; Item 8.01; Item 9.01,Item 1.01; Item 3.02; Item 8.01; Item 9.01,True,True,ex99-1.htm,ex10-1.htm; ex10-2.htm,True,ATM,Tier-1,https://www.sec.gov/Archives/edgar/data/1878313/000149315225016200/form8-k.htm,,True,Tier-1,Financing,,True,purchase_agreement;warrant;offering,
0001878313,"MAIA Biotechnology, Inc.",MAIA,8-K,2025-09-24,2025-09-24,2025-09-24,0001493152-25-014729,https://www.sec.gov/Archives/edgar/data/1878313/000149315225014729/form8-k.htm,https://www.sec.gov/Archives/edgar/data/1878313/000149315225014729/form8-k.htm,2025-09-24,2025-09-24 08:25:30,https://www.sec.gov/Archives/edgar/data/1878313/0001493152-25-014729-index.html,Item 8.01; Item 9.01,Item 8.01; Item 9.01,True,True,ex99-1.htm,,True,ATM,Tier-1,https://www.sec.gov/Archives/edgar/data/1878313/000149315225014729/form8-k.htm,,True,Tier-2,,,False,,
0001952853,Massimo Group,MAMO,8-K,2025-01-16,2025-01-16,2025-01-16,0001493152-25-002476,https://www.sec.gov/Archives/edgar/data/1952853/000149315225002476/form8-k.htm,https://www.sec.gov/Archives/edgar/data/1952853/000149315225002476/form8-k.htm,2025-01-16,2025-01-16 08:40:35,https://www.sec.gov/Archives/edgar/data/1952853/0001493152-25-002476-index.html,Item 7.01,Item 7.01,True,True,ex99-1.htm,,True,ATM,Tier-1,https://www.sec.gov/Archives/edgar/data/1952853/000149315225002476/form8-k.htm,,True,Tier-1,Financing,,True,offering,
0001952853,Massimo Group,MAMO,8-K,2025-03-27,2025-03-27,2025-03-27,0001641172-25-000945,https://www.sec.gov/Archives/edgar/data/1952853/000164117225000945/form8-k.htm,https://www.sec.gov/Archives/edgar/data/1952853/000164117225000945/form8-k.htm,2025-03-27,2025-03-27 16:30:09,https://www.sec.gov/Archives/edgar/data/1952853/0001641172-25-000945-index.html,Item 2.02; Item 9.01,Item 2.02; Item 9.01,True,True,ex99-1.htm,,True,ATM,Tier-1,https://www.sec.gov/Archives/edgar/data/1952853/000164117225000945/form8-k.htm,,True,Tier-1,Financing,,True,warrant;offering,
0002028355,Maywood Acquisition Corp.,MAYA,8-K,2025-09-12,2025-09-09,2025-09-09,0001213900-25-087044,https://www.sec.gov/Archives/edgar/data/2028355/000121390025087044/ea0256946-8k_maywood.htm,https://www.sec.gov/Archives/edgar/data/2028355/000121390025087044/ea0256946-8k_maywood.htm,2025-09-09,2025-09-12 07:00:44,https://www.sec.gov/Archives/edgar/data/2028355/0001213900-25-087044-index.html,Item 1.01; Item 1.02; Item 5.01; Item 5.02; Item 8.01; Item 9.01,Item 1.01; Item 1.02; Item 5.01; Item 5.02; Item 8.01; Item 9.01,False,True,,ea025694601ex10-1_maywood.htm; ea025694601ex10-2_maywood.htm; ea025694601ex10-3_maywood.htm; ea025694601ex10-4_maywood.htm,True,ATM,Tier-1,https://www.sec.gov/Archives/edgar/data/2028355/000121390025087044/ea0256946-8k_maywood.htm,,True,Tier-1,Financing,,True,offering,
0002028355,Maywood Acquisition Corp.,MAYA,8-K,2025-02-28,2025-02-28,2025-02-28,0001477932-25-001342,https://www.sec.gov/Archives/edgar/data/2028355/000147793225001342/mayau_8k.htm,https://www.sec.gov/Archives/edgar/data/2028355/000147793225001342/mayau_8k.htm,2025-02-28,2025-02-28 07:30:26,https://www.sec.gov/Archives/edgar/data/2028355/0001477932-25-001342-index.html,Item 8.01; Item 9.01,Item 8.01; Item 9.01,True,True,mayau_ex991.htm,,True,ATM,Tier-1,https://www.sec.gov/Archives/edgar/data/2028355/000147793225001342/mayau_8k.htm,,True,Tier-1,Financing,,True,offering,
0002028355,Maywood Acquisition Corp.,MAYA,8-K,2025-02-24,2025-02-14,2025-02-14,0001477932-25-001194,https://www.sec.gov/Archives/edgar/data/2028355/000147793225001194/mayau_8k.htm,https://www.sec.gov/Archives/edgar/data/2028355/000147793225001194/mayau_8k.htm,2025-02-14,2025-02-24 06:05:50,https://www.sec.gov/Archives/edgar/data/2028355/0001477932-25-001194-index.html,Item 3.02; Item 8.01; Item 9.01,Item 3.02; Item 8.01; Item 9.01,True,True,mayau_ex991.htm; mayau_ex992.htm,,True,ATM,Tier-1,https://www.sec.gov/Archives/edgar/data/2028355/000147793225001194/mayau_8k.htm,,True,Tier-1,Financing,,True,underwriting_agreement;offering,
0002073928,M3-Brigade Acquisition VI Corp.,MBVI,8-K,2025-10-16,2025-10-16,2025-10-16,0000950142-25-002818,https://www.sec.gov/Archives/edgar/data/2073928/000095014225002818/eh250692721_8k.htm,https://www.sec.gov/Archives/edgar/data/2073928/000095014225002818/eh250692721_8k.htm,2025-10-16,2025-10-16 09:10:44,https://www.sec.gov/Archives/edgar/data/2073928/0000950142-25-002818-index.html,Item 8.01; Item 9.01,Item 8.01; Item 9.01,True,True,eh250692721_ex9901.htm,,True,ATM,Tier-1,https://www.sec.gov/Archives/edgar/data/2073928/000095014225002818/eh250692721_8k.htm,,True,Tier-1,Financing,,True,warrant;offering,
0002028355,Maywood Acquisition Corp.,MAYA,8-K,2025-02-14,2025-02-12,2025-02-12,0001477932-25-000965,https://www.sec.gov/Archives/edgar/data/2028355/000147793225000965/mayau_8k.htm,https://www.sec.gov/Archives/edgar/data/2028355/000147793225000965/mayau_8k.htm,2025-02-12,2025-02-14 06:00:59,https://www.sec.gov/Archives/edgar/data/2028355/0001477932-25-000965-index.html,Item 9.01,Item 9.01,True,True,mayau_ex991.htm,mayau_ex11.htm; mayau_ex102.htm; mayau_ex103.htm; mayau_ex104.htm; mayau_ex105.htm; mayau_ex106.htm; mayau_ex107.htm; mayau_ex108.htm; mayau_ex109.htm,True,ATM,Tier-1,https://www.sec.gov/Archives/edgar/data/2028355/000147793225000965/mayau_8k.htm,,True,Tier-1,Financing,,True,purchase_agreement;underwriting_agreement;offering,
0002028355,Maywood Acquisition Corp.,MAYA,8-K,2025-10-14,2025-10-13,2025-10-13,0001213900-25-098424,https://www.sec.gov/Archives/edgar/data/2028355/000121390025098424/ea0261036-8k425_maywood.htm,https://www.sec.gov/Archives/edgar/data/2028355/000121390025098424/ea0261036-8k425_maywood.htm,2025-10-13,2025-10-14 09:25:31,https://www.sec.gov/Archives/edgar/data/2028355/0001213900-25-098424-index.html,Item 1.01; Item 7.01; Item 8.01; Item 9.01,Item 1.01; Item 7.01; Item 8.01; Item 9.01,True,True,ea026103601ex99-1_maywood.htm; ea026103601ex99-2_maywood.htm; ea026103601ex99-3_maywood.htm,ea026103601ex2-1_maywood.htm; ea026103601ex10-1_maywood.htm; ea026103601ex10-2_maywood.htm; ea026103601ex10-3_maywood.htm; ea026103601ex10-4_maywood.htm; ea026103601ex10-5_maywood.htm; ea026103601ex10-6_maywood.htm; ea026103601ex10-7_maywood.htm,True,ATM,Tier-1,https://www.sec.gov/Archives/edgar/data/2028355/000121390025098424/ea0261036-8k425_maywood.htm,,True,Tier-1,Financing,,True,subscription_agreement;convertible;warrant;offering,
0002073928,M3-Brigade Acquisition VI Corp.,MBVI,8-K,2025-09-04,2025-08-28,2025-08-28,0001213900-25-084538,https://www.sec.gov/Archives/edgar/data/2073928/000121390025084538/ea0255547-8k_m3brigade6.htm,https://www.sec.gov/Archives/edgar/data/2073928/000121390025084538/ea0255547-8k_m3brigade6.htm,2025-08-28,2025-09-04 16:33:43,https://www.sec.gov/Archives/edgar/data/2073928/0001213900-25-084538-index.html,Item 8.01; Item 9.01,Item 8.01; Item 9.01,True,True,ea025554701ex99-1_m3brigade6.htm,,True,ATM,Tier-1,https://www.sec.gov/Archives/edgar/data/2073928/000121390025084538/ea0255547-8k_m3brigade6.htm,,True,Tier-1,Financing,,True,underwriting_agreement;convertible;warrant;offering,
0002073928,M3-Brigade Acquisition VI Corp.,MBVI,8-K,2025-09-02,2025-08-26,2025-08-26,0001213900-25-083405,https://www.sec.gov/Archives/edgar/data/2073928/000121390025083405/ea0255430-8k_m3brig6.htm,https://www.sec.gov/Archives/edgar/data/2073928/000121390025083405/ea0255430-8k_m3brig6.htm,2025-08-26,2025-09-02 16:31:28,https://www.sec.gov/Archives/edgar/data/2073928/0001213900-25-083405-index.html,Item 1.01; Item 3.02; Item 8.01; Item 9.01,Item 1.01; Item 3.02; Item 8.01; Item 9.01,True,True,ea025543001ex99-1_m3brig6.htm; ea025543001ex99-2_m3brig6.htm,ea025543001ex1-1_m3brig6.htm; ea025543001ex10-1_m3brig6.htm; ea025543001ex10-2_m3brig6.htm; ea025543001ex10-3_m3brig6.htm; ea025543001ex10-4_m3brig6.htm; ea025543001ex10-5_m3brig6.htm; ea025543001ex10-6_m3brig6.htm; ea025543001ex10-7_m3brig6.htm; ea025543001ex10-8_m3brig6.htm; ea025543001ex10-9_m3brig6.htm; ea025543001ex10-10_m3brig6.htm; ea025543001ex10-11_m3brig6.htm,True,ATM,Tier-1,https://www.sec.gov/Archives/edgar/data/2073928/000121390025083405/ea0255430-8k_m3brig6.htm,,True,Tier-1,Financing,,True,purchase_agreement;underwriting_agreement;warrant;offering,
0001125345,MACROGENICS INC,MGNX,8-K,2025-11-12,2025-11-12,2025-11-12,0001125345-25-000109,https://www.sec.gov/Archives/edgar/data/1125345/000112534525000109/mgnx-20251112.htm,https://www.sec.gov/Archives/edgar/data/1125345/000112534525000109/mgnx-20251112.htm,2025-11-12,2025-11-12 16:04:51,https://www.sec.gov/Archives/edgar/data/1125345/0001125345-25-000109-index.html,Item 2.02; Item 9.01,Item 2.02; Item 9.01,True,True,exhibit99-1earningspressre.htm,,True,ATM,Tier-1,https://www.sec.gov/Archives/edgar/data/1125345/000112534525000109/mgnx-20251112.htm,,True,Tier-1,Financing,,True,purchase_agreement,
0001125345,MACROGENICS INC,MGNX,8-K,2025-08-14,2025-08-14,2025-08-14,0001125345-25-000100,https://www.sec.gov/Archives/edgar/data/1125345/000112534525000100/mgnx-20250814.htm,https://www.sec.gov/Archives/edgar/data/1125345/000112534525000100/mgnx-20250814.htm,2025-08-14,2025-08-14 16:04:17,https://www.sec.gov/Archives/edgar/data/1125345/0001125345-25-000100-index.html,Item 2.02; Item 9.01,Item 2.02; Item 9.01,True,True,exhibit99-1earningspressre.htm,,True,ATM,Tier-1,https://www.sec.gov/Archives/edgar/data/1125345/000112534525000100/mgnx-20250814.htm,,True,Tier-1,Financing,,True,purchase_agreement,
0001125345,MACROGENICS INC,MGNX,8-K,2025-06-10,2025-06-09,2025-06-09,0001125345-25-000087,https://www.sec.gov/Archives/edgar/data/1125345/000112534525000087/mgnx-20250609.htm,https://www.sec.gov/Archives/edgar/data/1125345/000112534525000087/mgnx-20250609.htm,2025-06-09,2025-06-10 07:02:42,https://www.sec.gov/Archives/edgar/data/1125345/0001125345-25-000087-index.html,Item 1.01; Item 8.01; Item 9.01,Item 1.01; Item 8.01; Item 9.01,True,True,exhibit991sagardrpapressre.htm,,True,ATM,Tier-1,https://www.sec.gov/Archives/edgar/data/1125345/000112534525000087/mgnx-20250609.htm,,True,Tier-1,Financing,,True,purchase_agreement;warrant,
0001125345,MACROGENICS INC,MGNX,8-K,2025-08-13,2025-08-13,2025-08-13,0001125345-25-000094,https://www.sec.gov/Archives/edgar/data/1125345/000112534525000094/mgnx-20250813.htm,https://www.sec.gov/Archives/edgar/data/1125345/000112534525000094/mgnx-20250813.htm,2025-08-13,2025-08-13 16:14:50,https://www.sec.gov/Archives/edgar/data/1125345/0001125345-25-000094-index.html,Item 5.02; Item 7.01; Item 9.01,Item 5.02; Item 7.01; Item 9.01,True,True,exhibit99-1pressreleaseeri.htm,,True,ATM,Tier-1,https://www.sec.gov/Archives/edgar/data/1125345/000112534525000094/mgnx-20250813.htm,,True,Tier-2,,,False,,
0001125345,MACROGENICS INC,MGNX,8-K,2025-05-13,2025-05-13,2025-05-13,0001125345-25-000054,https://www.sec.gov/Archives/edgar/data/1125345/000112534525000054/mgnx-20250513.htm,https://www.sec.gov/Archives/edgar/data/1125345/000112534525000054/mgnx-20250513.htm,2025-05-13,2025-05-13 16:02:42,https://www.sec.gov/Archives/edgar/data/1125345/0001125345-25-000054-index.html,Item 2.02; Item 9.01,Item 2.02; Item 9.01,True,True,exhibit99-1earningspressre.htm,,True,ATM,Tier-1,https://www.sec.gov/Archives/edgar/data/1125345/000112534525000054/mgnx-20250513.htm,,True,Tier-2,,,False,,
0001125345,MACROGENICS INC,MGNX,8-K,2025-03-20,2025-03-20,2025-03-20,0001125345-25-000043,https://www.sec.gov/Archives/edgar/data/1125345/000112534525000043/mgnx-20250320.htm,https://www.sec.gov/Archives/edgar/data/1125345/000112534525000043/mgnx-20250320.htm,2025-03-20,2025-03-20 16:05:47,https://www.sec.gov/Archives/edgar/data/1125345/0001125345-25-000043-index.html,Item 2.02; Item 9.01,Item 2.02; Item 9.01,True,True,exhibit99-1earningspressre.htm,,True,ATM,Tier-1,https://www.sec.gov/Archives/edgar/data/1125345/000112534525000043/mgnx-20250320.htm,,True,Tier-2,,,False,,
0001904286,"MIRA PHARMACEUTICALS, INC.",MIRA,8-K,2025-10-16,2025-10-16,2025-10-16,0001493152-25-018303,https://www.sec.gov/Archives/edgar/data/1904286/000149315225018303/form8-k.htm,https://www.sec.gov/Archives/edgar/data/1904286/000149315225018303/form8-k.htm,2025-10-16,2025-10-16 16:01:54,https://www.sec.gov/Archives/edgar/data/1904286/0001493152-25-018303-index.html,Item 8.01,Item 8.01,False,True,,,True,ATM,Tier-1,https://www.sec.gov/Archives/edgar/data/1904286/000149315225018303/form8-k.htm,,True,Tier-1,Financing,,True,atm;warrant;offering,
0001904286,"MIRA PHARMACEUTICALS, INC.",MIRA,8-K,2025-09-30,2025-09-29,2025-09-29,0001493152-25-016168,https://www.sec.gov/Archives/edgar/data/1904286/000149315225016168/form8-k.htm,https://www.sec.gov/Archives/edgar/data/1904286/000149315225016168/form8-k.htm,2025-09-29,2025-09-30 07:00:24,https://www.sec.gov/Archives/edgar/data/1904286/0001493152-25-016168-index.html,Item 1.01; Item 2.01,Item 1.01; Item 2.01,False,True,,ex10-1.htm,True,ATM,Tier-1,https://www.sec.gov/Archives/edgar/data/1904286/000149315225016168/form8-k.htm,,True,Tier-1,Financing,,True,atm;offering,
0001904286,"MIRA PHARMACEUTICALS, INC.",MIRA,8-K,2025-09-11,2025-09-11,2025-09-11,0001493152-25-013100,https://www.sec.gov/Archives/edgar/data/1904286/000149315225013100/form8-k.htm,https://www.sec.gov/Archives/edgar/data/1904286/000149315225013100/form8-k.htm,2025-09-11,2025-09-11 17:25:25,https://www.sec.gov/Archives/edgar/data/1904286/0001493152-25-013100-index.html,Item 5.02; Item 9.01,Item 5.02; Item 9.01,False,True,,,True,ATM,Tier-1,https://www.sec.gov/Archives/edgar/data/1904286/000149315225013100/form8-k.htm,,True,Tier-1,Financing,,True,convertible,
0001408443,Milestone Pharmaceuticals Inc.,MIST,8-K,2025-11-12,2025-11-12,2025-11-12,0001104659-25-109744,https://www.sec.gov/Archives/edgar/data/1408443/000110465925109744/tm2530945d1_8k.htm,https://www.sec.gov/Archives/edgar/data/1408443/000110465925109744/tm2530945d1_8k.htm,2025-11-12,2025-11-12 07:16:20,https://www.sec.gov/Archives/edgar/data/1408443/0001104659-25-109744-index.html,Item 2.02; Item 9.01,Item 2.02; Item 9.01,True,True,tm2530945d1_ex99-1.htm,,True,ATM,Tier-1,https://www.sec.gov/Archives/edgar/data/1408443/000110465925109744/tm2530945d1_8k.htm,,True,Tier-1,Financing,,True,purchase_agreement;convertible;warrant;offering,
0001408443,Milestone Pharmaceuticals Inc.,MIST,8-K,2025-08-12,2025-08-12,2025-08-12,0001104659-25-076468,https://www.sec.gov/Archives/edgar/data/1408443/000110465925076468/tm2523169d1_8k.htm,https://www.sec.gov/Archives/edgar/data/1408443/000110465925076468/tm2523169d1_8k.htm,2025-08-12,2025-08-12 07:16:26,https://www.sec.gov/Archives/edgar/data/1408443/0001104659-25-076468-index.html,Item 2.02; Item 9.01,Item 2.02; Item 9.01,True,True,tm2523169d1_ex99-1.htm,,True,ATM,Tier-1,https://www.sec.gov/Archives/edgar/data/1408443/000110465925076468/tm2523169d1_8k.htm,,True,Tier-1,Financing,,True,purchase_agreement;convertible;warrant;offering,
0001408443,Milestone Pharmaceuticals Inc.,MIST,8-K,2025-07-11,2025-07-10,2025-07-10,0001104659-25-067108,https://www.sec.gov/Archives/edgar/data/1408443/000110465925067108/tm2520348d2_8k.htm,https://www.sec.gov/Archives/edgar/data/1408443/000110465925067108/tm2520348d2_8k.htm,2025-07-10,2025-07-11 06:12:11,https://www.sec.gov/Archives/edgar/data/1408443/0001104659-25-067108-index.html,Item 1.01; Item 8.01; Item 9.01,Item 1.01; Item 8.01; Item 9.01,True,True,tm2520348d2_ex99-1.htm,,True,ATM,Tier-1,https://www.sec.gov/Archives/edgar/data/1408443/000110465925067108/tm2520348d2_8k.htm,,True,Tier-1,Financing,,True,purchase_agreement,
0001408443,Milestone Pharmaceuticals Inc.,MIST,8-K,2025-07-14,2025-07-11,2025-07-11,0001104659-25-067579,https://www.sec.gov/Archives/edgar/data/1408443/000110465925067579/tm2520713d1_8k.htm,https://www.sec.gov/Archives/edgar/data/1408443/000110465925067579/tm2520713d1_8k.htm,2025-07-11,2025-07-14 07:30:48,https://www.sec.gov/Archives/edgar/data/1408443/0001104659-25-067579-index.html,Item 1.01; Item 8.01; Item 9.01,Item 1.01; Item 8.01; Item 9.01,True,True,tm2520713d1_ex99-1.htm; tm2520713d1_ex99-2.htm,tm2520713d1_ex1-1.htm,True,ATM,Tier-1,https://www.sec.gov/Archives/edgar/data/1408443/000110465925067579/tm2520713d1_8k.htm,,True,Tier-1,Financing,,True,underwriting_agreement;warrant;offering,
0001408443,Milestone Pharmaceuticals Inc.,MIST,8-K,2025-06-16,2025-06-16,2025-06-16,0001104659-25-059671,https://www.sec.gov/Archives/edgar/data/1408443/000110465925059671/tm2518093d1_8k.htm,https://www.sec.gov/Archives/edgar/data/1408443/000110465925059671/tm2518093d1_8k.htm,2025-06-16,2025-06-16 08:06:13,https://www.sec.gov/Archives/edgar/data/1408443/0001104659-25-059671-index.html,Item 8.01; Item 9.01,Item 8.01; Item 9.01,True,True,tm2518093d1_ex99-1.htm,,True,ATM,Tier-1,https://www.sec.gov/Archives/edgar/data/1408443/000110465925059671/tm2518093d1_8k.htm,,True,Tier-2,,,False,,
0001408443,Milestone Pharmaceuticals Inc.,MIST,8-K,2025-03-28,2025-03-28,2025-03-28,0001104659-25-029047,https://www.sec.gov/Archives/edgar/data/1408443/000110465925029047/tm2510765d1_8k.htm,https://www.sec.gov/Archives/edgar/data/1408443/000110465925029047/tm2510765d1_8k.htm,2025-03-28,2025-03-28 07:05:43,https://www.sec.gov/Archives/edgar/data/1408443/0001104659-25-029047-index.html,Item 8.01; Item 9.01,Item 8.01; Item 9.01,True,True,tm2510765d1_ex99-1.htm,,True,ATM,Tier-1,https://www.sec.gov/Archives/edgar/data/1408443/000110465925029047/tm2510765d1_8k.htm,,True,Tier-2,,,False,,
0001408443,Milestone Pharmaceuticals Inc.,MIST,8-K,2025-03-18,2025-03-18,2025-03-18,0001104659-25-025055,https://www.sec.gov/Archives/edgar/data/1408443/000110465925025055/tm259429d2_8k.htm,https://www.sec.gov/Archives/edgar/data/1408443/000110465925025055/tm259429d2_8k.htm,2025-03-18,2025-03-18 16:25:20,https://www.sec.gov/Archives/edgar/data/1408443/0001104659-25-025055-index.html,Item 1.01; Item 8.01; Item 9.01,Item 1.01; Item 8.01; Item 9.01,False,True,,tm259429d2_ex1-1.htm,True,ATM,Tier-1,https://www.sec.gov/Archives/edgar/data/1408443/000110465925025055/tm259429d2_8k.htm,,True,Tier-1,Financing,,True,offering,
0001408443,Milestone Pharmaceuticals Inc.,MIST,8-K,2025-05-14,2025-05-14,2025-05-14,0001104659-25-048160,https://www.sec.gov/Archives/edgar/data/1408443/000110465925048160/tm2515019d1_8k.htm,https://www.sec.gov/Archives/edgar/data/1408443/000110465925048160/tm2515019d1_8k.htm,2025-05-14,2025-05-14 07:11:58,https://www.sec.gov/Archives/edgar/data/1408443/0001104659-25-048160-index.html,Item 2.02; Item 9.01,Item 2.02; Item 9.01,True,True,tm2515019d1_ex99-1.htm,,True,ATM,Tier-1,https://www.sec.gov/Archives/edgar/data/1408443/000110465925048160/tm2515019d1_8k.htm,,True,Tier-1,Financing,,True,convertible;warrant,
0002077033,Miluna Acquisition Corp,MMTXU,8-K,2025-10-31,2025-10-28,2025-10-28,0001493152-25-020385,https://www.sec.gov/Archives/edgar/data/2077033/000149315225020385/form8-k.htm,https://www.sec.gov/Archives/edgar/data/2077033/000149315225020385/form8-k.htm,2025-10-28,2025-10-31 16:15:27,https://www.sec.gov/Archives/edgar/data/2077033/0001493152-25-020385-index.html,Item 8.01,Item 8.01,True,True,ex99-1.htm,,True,ATM,Tier-1,https://www.sec.gov/Archives/edgar/data/2077033/000149315225020385/form8-k.htm,,True,Tier-1,Financing,,True,purchase_agreement;warrant;offering,
0000918251,MOTORCAR PARTS OF AMERICA INC,MPAA,8-K,2025-11-12,2025-11-10,2025-11-10,0001140361-25-041556,https://www.sec.gov/Archives/edgar/data/918251/000114036125041556/ef20058853_8k.htm,https://www.sec.gov/Archives/edgar/data/918251/000114036125041556/ef20058853_8k.htm,2025-11-10,2025-11-12 08:31:27,https://www.sec.gov/Archives/edgar/data/918251/0001140361-25-041556-index.html,Item 5.02; Item 9.01,Item 5.02; Item 9.01,True,True,ef20058853_ex99-1.htm,,True,OtherEvent,Tier-2,https://www.sec.gov/Archives/edgar/data/918251/000114036125041556/ef20058853_8k.htm,,True,Tier-2,,,False,,
0002077033,Miluna Acquisition Corp,MMTXU,8-K,2025-10-30,2025-10-24,2025-10-24,0001493152-25-020220,https://www.sec.gov/Archives/edgar/data/2077033/000149315225020220/form8-k.htm,https://www.sec.gov/Archives/edgar/data/2077033/000149315225020220/form8-k.htm,2025-10-24,2025-10-30 16:15:46,https://www.sec.gov/Archives/edgar/data/2077033/0001493152-25-020220-index.html,Item 8.01,Item 8.01,True,True,ex99-1.htm,,True,ATM,Tier-1,https://www.sec.gov/Archives/edgar/data/2077033/000149315225020220/form8-k.htm,,True,Tier-1,Financing,,True,purchase_agreement;underwriting_agreement;equity_line;convertible;warrant;offering,
0002077033,Miluna Acquisition Corp,MMTXU,8-K,2025-10-28,2025-10-22,2025-10-22,0001493152-25-019797,https://www.sec.gov/Archives/edgar/data/2077033/000149315225019797/form8-k.htm,https://www.sec.gov/Archives/edgar/data/2077033/000149315225019797/form8-k.htm,2025-10-22,2025-10-27 19:06:00,https://www.sec.gov/Archives/edgar/data/2077033/0001493152-25-019797-index.html,Item 8.01,Item 8.01,True,True,ex99-1.htm; ex99-2.htm,ex1-1.htm; ex10-1.htm; ex10-2.htm; ex10-3.htm; ex10-4.htm; ex10-5.htm; ex10-6.htm; ex10-7.htm; ex10-8.htm; ex10-9.htm,True,ATM,Tier-1,https://www.sec.gov/Archives/edgar/data/2077033/000149315225019797/form8-k.htm,,True,Tier-1,Financing,,True,purchase_agreement;warrant;offering,
0000918251,MOTORCAR PARTS OF AMERICA INC,MPAA,8-K,2025-06-13,2025-06-10,2025-06-10,0001140361-25-022376,https://www.sec.gov/Archives/edgar/data/918251/000114036125022376/ef20050594_8k.htm,https://www.sec.gov/Archives/edgar/data/918251/000114036125022376/ef20050594_8k.htm,2025-06-10,2025-06-13 08:29:37,https://www.sec.gov/Archives/edgar/data/918251/0001140361-25-022376-index.html,Item 7.01; Item 9.01,Item 7.01; Item 9.01,True,True,ef20050594_ex99-1.htm,,True,ATM,Tier-1,https://www.sec.gov/Archives/edgar/data/918251/000114036125022376/ef20050594_8k.htm,,True,Tier-1,Financing,,True,offering,
0000918251,MOTORCAR PARTS OF AMERICA INC,MPAA,8-K,2025-11-10,2025-11-10,2025-11-10,0001140361-25-041280,https://www.sec.gov/Archives/edgar/data/918251/000114036125041280/ef20058138_8k.htm,https://www.sec.gov/Archives/edgar/data/918251/000114036125041280/ef20058138_8k.htm,2025-11-10,2025-11-10 07:58:39,https://www.sec.gov/Archives/edgar/data/918251/0001140361-25-041280-index.html,Item 2.02; Item 9.01,Item 2.02; Item 9.01,True,True,ef20058138_ex99-1.htm,,True,ATM,Tier-1,https://www.sec.gov/Archives/edgar/data/918251/000114036125041280/ef20058138_8k.htm,,True,Tier-1,Financing,,True,convertible,
0000918251,MOTORCAR PARTS OF AMERICA INC,MPAA,8-K,2025-08-11,2025-08-11,2025-08-11,0001140361-25-030003,https://www.sec.gov/Archives/edgar/data/918251/000114036125030003/ef20053330_8k.htm,https://www.sec.gov/Archives/edgar/data/918251/000114036125030003/ef20053330_8k.htm,2025-08-11,2025-08-11 07:58:57,https://www.sec.gov/Archives/edgar/data/918251/0001140361-25-030003-index.html,Item 2.02; Item 9.01,Item 2.02; Item 9.01,True,True,ef20053330_ex99-1.htm,,True,ATM,Tier-1,https://www.sec.gov/Archives/edgar/data/918251/000114036125030003/ef20053330_8k.htm,,True,Tier-1,Financing,,True,convertible,
0000918251,MOTORCAR PARTS OF AMERICA INC,MPAA,8-K,2025-06-09,2025-06-09,2025-06-09,0001140361-25-021867,https://www.sec.gov/Archives/edgar/data/918251/000114036125021867/ef20050110_8k.htm,https://www.sec.gov/Archives/edgar/data/918251/000114036125021867/ef20050110_8k.htm,2025-06-09,2025-06-09 07:58:34,https://www.sec.gov/Archives/edgar/data/918251/0001140361-25-021867-index.html,Item 2.02; Item 9.01,Item 2.02; Item 9.01,True,True,ef20050110_ex99-1.htm,,True,ATM,Tier-1,https://www.sec.gov/Archives/edgar/data/918251/000114036125021867/ef20050110_8k.htm,,True,Tier-1,Financing,,True,convertible,
0001719714,Mereo BioPharma Group plc,MREO,8-K,2025-11-10,2025-11-10,2025-11-10,0001193125-25-274319,https://www.sec.gov/Archives/edgar/data/1719714/000119312525274319/mreo-20251110.htm,https://www.sec.gov/Archives/edgar/data/1719714/000119312525274319/mreo-20251110.htm,2025-11-10,2025-11-10 16:20:51,https://www.sec.gov/Archives/edgar/data/1719714/0001193125-25-274319-index.html,Item 2.02; Item 9.01,Item 2.02; Item 9.01,True,True,mreo-ex99_1.htm,,True,ATM,Tier-1,https://www.sec.gov/Archives/edgar/data/1719714/000119312525274319/mreo-20251110.htm,,True,Tier-1,Financing,,True,convertible;warrant,
0000918251,MOTORCAR PARTS OF AMERICA INC,MPAA,8-K,2025-02-10,2025-02-10,2025-02-10,0001140361-25-003643,https://www.sec.gov/Archives/edgar/data/918251/000114036125003643/ef20042936_8k.htm,https://www.sec.gov/Archives/edgar/data/918251/000114036125003643/ef20042936_8k.htm,2025-02-10,2025-02-10 07:58:17,https://www.sec.gov/Archives/edgar/data/918251/0001140361-25-003643-index.html,Item 2.02; Item 9.01,Item 2.02; Item 9.01,True,True,ef20042936_ex99-1.htm,,True,ATM,Tier-1,https://www.sec.gov/Archives/edgar/data/918251/000114036125003643/ef20042936_8k.htm,,True,Tier-1,Financing,,True,convertible,
0000918251,MOTORCAR PARTS OF AMERICA INC,MPAA,8-K,2024-11-12,2024-11-07,2024-11-07,0001140361-24-046024,https://www.sec.gov/Archives/edgar/data/918251/000114036124046024/ef20038262_8k.htm,https://www.sec.gov/Archives/edgar/data/918251/000114036124046024/ef20038262_8k.htm,2024-11-07,2024-11-12 07:58:16,https://www.sec.gov/Archives/edgar/data/918251/0001140361-24-046024-index.html,Item 2.02; Item 9.01,Item 2.02; Item 9.01,True,True,ef20038262_ex99-1.htm,,True,ATM,Tier-1,https://www.sec.gov/Archives/edgar/data/918251/000114036124046024/ef20038262_8k.htm,,True,Tier-1,Financing,,True,convertible,
0001719714,Mereo BioPharma Group plc,MREO,8-K,2025-08-12,2025-08-12,2025-08-12,0000950170-25-106924,https://www.sec.gov/Archives/edgar/data/1719714/000095017025106924/mreo-20250812.htm,https://www.sec.gov/Archives/edgar/data/1719714/000095017025106924/mreo-20250812.htm,2025-08-12,2025-08-12 07:40:38,https://www.sec.gov/Archives/edgar/data/1719714/0000950170-25-106924-index.html,Item 2.02; Item 9.01,Item 2.02; Item 9.01,True,True,mreo-ex99_1.htm,,True,ATM,Tier-1,https://www.sec.gov/Archives/edgar/data/1719714/000095017025106924/mreo-20250812.htm,,True,Tier-1,Financing,,True,convertible;warrant,
0001719714,Mereo BioPharma Group plc,MREO,8-K,2025-05-13,2025-05-13,2025-05-13,0000950170-25-069811,https://www.sec.gov/Archives/edgar/data/1719714/000095017025069811/mreo-20250513.htm,https://www.sec.gov/Archives/edgar/data/1719714/000095017025069811/mreo-20250513.htm,2025-05-13,2025-05-13 07:48:47,https://www.sec.gov/Archives/edgar/data/1719714/0000950170-25-069811-index.html,Item 2.02; Item 9.01,Item 2.02; Item 9.01,True,True,mreo-ex99_1.htm,,True,ATM,Tier-1,https://www.sec.gov/Archives/edgar/data/1719714/000095017025069811/mreo-20250513.htm,,True,Tier-1,Financing,,True,convertible;warrant,
0001719714,Mereo BioPharma Group plc,MREO,8-K,2025-01-13,2025-01-12,2025-01-12,0000950170-25-004523,https://www.sec.gov/Archives/edgar/data/1719714/000095017025004523/mreo-20250112.htm,https://www.sec.gov/Archives/edgar/data/1719714/000095017025004523/mreo-20250112.htm,2025-01-12,2025-01-13 06:32:39,https://www.sec.gov/Archives/edgar/data/1719714/0000950170-25-004523-index.html,Item 7.01; Item 9.01,Item 7.01; Item 9.01,True,True,mreo-ex99_1.htm,,True,ATM,Tier-1,https://www.sec.gov/Archives/edgar/data/1719714/000095017025004523/mreo-20250112.htm,,True,Tier-2,,,False,,
0001719714,Mereo BioPharma Group plc,MREO,8-K,2025-03-26,2025-03-26,2025-03-26,0000950170-25-044783,https://www.sec.gov/Archives/edgar/data/1719714/000095017025044783/mreo-20250326.htm,https://www.sec.gov/Archives/edgar/data/1719714/000095017025044783/mreo-20250326.htm,2025-03-26,2025-03-26 07:38:40,https://www.sec.gov/Archives/edgar/data/1719714/0000950170-25-044783-index.html,Item 2.02; Item 9.01,Item 2.02; Item 9.01,True,True,mreo-ex99_1.htm,,True,ATM,Tier-1,https://www.sec.gov/Archives/edgar/data/1719714/000095017025044783/mreo-20250326.htm,,True,Tier-1,Financing,,True,convertible;warrant,
0001971543,Mural Oncology plc,MURA,8-K,2025-08-04,2025-08-04,2025-08-04,0001193125-25-172182,https://www.sec.gov/Archives/edgar/data/1971543/000119312525172182/d69057d8k.htm,https://www.sec.gov/Archives/edgar/data/1971543/000119312525172182/d69057d8k.htm,2025-08-04,2025-08-04 08:04:43,https://www.sec.gov/Archives/edgar/data/1971543/0001193125-25-172182-index.html,Item 2.02; Item 9.01,Item 2.02; Item 9.01,True,True,d69057dex991.htm,,True,ATM,Tier-1,https://www.sec.gov/Archives/edgar/data/1971543/000119312525172182/d69057d8k.htm,,True,Tier-2,,,False,,
0001719714,Mereo BioPharma Group plc,MREO,8-K,2024-11-12,2024-11-08,2024-11-08,0000950170-24-124598,https://www.sec.gov/Archives/edgar/data/1719714/000095017024124598/mreo-20241108.htm,https://www.sec.gov/Archives/edgar/data/1719714/000095017024124598/mreo-20241108.htm,2024-11-08,2024-11-12 07:40:47,https://www.sec.gov/Archives/edgar/data/1719714/0000950170-24-124598-index.html,Item 1.01; Item 2.02; Item 9.01,Item 1.01; Item 2.02; Item 9.01,True,True,mreo-ex99_1.htm,,True,ATM,Tier-1,https://www.sec.gov/Archives/edgar/data/1719714/000095017024124598/mreo-20241108.htm,,True,Tier-1,Financing,,True,registered_direct;atm;convertible;warrant;offering,
0001971543,Mural Oncology plc,MURA,8-K,2025-01-10,2025-01-09,2025-01-09,0000950170-25-003774,https://www.sec.gov/Archives/edgar/data/1971543/000095017025003774/mura-20250109.htm,https://www.sec.gov/Archives/edgar/data/1971543/000095017025003774/mura-20250109.htm,2025-01-09,2025-01-10 07:00:26,https://www.sec.gov/Archives/edgar/data/1971543/0000950170-25-003774-index.html,Item 9.01,Item 9.01,True,True,mura-ex99_1.htm; mura-ex99_2.htm,,True,ATM,Tier-1,https://www.sec.gov/Archives/edgar/data/1971543/000095017025003774/mura-20250109.htm,,True,Tier-2,,,False,,
0001971543,Mural Oncology plc,MURA,8-K,2024-11-13,2024-11-13,2024-11-13,0000950170-24-125926,https://www.sec.gov/Archives/edgar/data/1971543/000095017024125926/mura-20241113.htm,https://www.sec.gov/Archives/edgar/data/1971543/000095017024125926/mura-20241113.htm,2024-11-13,2024-11-13 07:04:15,https://www.sec.gov/Archives/edgar/data/1971543/0000950170-24-125926-index.html,Item 9.01,Item 9.01,True,True,mura-ex99_1.htm,,True,ATM,Tier-1,https://www.sec.gov/Archives/edgar/data/1971543/000095017024125926/mura-20241113.htm,,True,Tier-2,,,False,,
0001971543,Mural Oncology plc,MURA,8-K,2025-03-11,2025-03-11,2025-03-11,0000950170-25-037129,https://www.sec.gov/Archives/edgar/data/1971543/000095017025037129/mura-20250311.htm,https://www.sec.gov/Archives/edgar/data/1971543/000095017025037129/mura-20250311.htm,2025-03-11,2025-03-11 16:05:16,https://www.sec.gov/Archives/edgar/data/1971543/0000950170-25-037129-index.html,Item 9.01,Item 9.01,True,True,mura-ex99_1.htm; mura-ex99_2.htm,,True,ATM,Tier-1,https://www.sec.gov/Archives/edgar/data/1971543/000095017025037129/mura-20250311.htm,,True,Tier-2,,,False,,
0001325702,MAGNACHIP SEMICONDUCTOR Corp,MX,8-K,2025-08-11,2025-08-08,2025-08-08,0001193125-25-177958,https://www.sec.gov/Archives/edgar/data/1325702/000119312525177958/d49163d8k.htm,https://www.sec.gov/Archives/edgar/data/1325702/000119312525177958/d49163d8k.htm,2025-08-08,2025-08-11 16:20:35,https://www.sec.gov/Archives/edgar/data/1325702/0001193125-25-177958-index.html,Item 5.02; Item 7.01; Item 9.01,Item 5.02; Item 7.01; Item 9.01,True,True,d49163dex991.htm,d49163dex101.htm,True,ListingChange,Tier-1,https://www.sec.gov/Archives/edgar/data/1325702/000119312525177958/d49163d8k.htm,,True,Tier-2,,,False,,
0001971543,Mural Oncology plc,MURA,8-K,2025-08-20,2025-08-20,2025-08-20,0001193125-25-183796,https://www.sec.gov/Archives/edgar/data/1971543/000119312525183796/d947368d8k.htm,https://www.sec.gov/Archives/edgar/data/1971543/000119312525183796/d947368d8k.htm,2025-08-20,2025-08-20 08:50:42,https://www.sec.gov/Archives/edgar/data/1971543/0001193125-25-183796-index.html,Item 1.01; Item 7.01; Item 9.01,Item 1.01; Item 7.01; Item 9.01,True,True,d947368dex991.htm; d947368dex992.htm; d947368dex993.htm,d947368dex21.htm; d947368dex22.htm; d947368dex23.htm,True,ATM,Tier-1,https://www.sec.gov/Archives/edgar/data/1971543/000119312525183796/d947368d8k.htm,,True,Tier-1,Financing,,True,convertible;warrant,
0001325702,MAGNACHIP SEMICONDUCTOR Corp,MX,8-K,2025-04-08,2025-04-08,2025-04-08,0001193125-25-075096,https://www.sec.gov/Archives/edgar/data/1325702/000119312525075096/d894699d8k.htm,https://www.sec.gov/Archives/edgar/data/1325702/000119312525075096/d894699d8k.htm,2025-04-08,2025-04-08 07:11:12,https://www.sec.gov/Archives/edgar/data/1325702/0001193125-25-075096-index.html,Item 2.05; Item 7.01; Item 9.01,Item 2.05; Item 7.01; Item 9.01,True,True,d894699dex991.htm,,True,ListingChange,Tier-1,https://www.sec.gov/Archives/edgar/data/1325702/000119312525075096/d894699d8k.htm,,True,Tier-2,,,False,,
0001325702,MAGNACHIP SEMICONDUCTOR Corp,MX,8-K,2025-11-03,2025-11-03,2025-11-03,0001193125-25-262639,https://www.sec.gov/Archives/edgar/data/1325702/000119312525262639/d36904d8k.htm,https://www.sec.gov/Archives/edgar/data/1325702/000119312525262639/d36904d8k.htm,2025-11-03,2025-11-03 16:30:24,https://www.sec.gov/Archives/edgar/data/1325702/0001193125-25-262639-index.html,Item 2.02; Item 9.01,Item 2.02; Item 9.01,True,True,d36904dex991.htm,,True,ATM,Tier-1,https://www.sec.gov/Archives/edgar/data/1325702/000119312525262639/d36904d8k.htm,,True,Tier-2,,,False,,
0001325702,MAGNACHIP SEMICONDUCTOR Corp,MX,8-K,2025-07-31,2025-07-31,2025-07-31,0001193125-25-170547,https://www.sec.gov/Archives/edgar/data/1325702/000119312525170547/d914404d8k.htm,https://www.sec.gov/Archives/edgar/data/1325702/000119312525170547/d914404d8k.htm,2025-07-31,2025-07-31 16:21:25,https://www.sec.gov/Archives/edgar/data/1325702/0001193125-25-170547-index.html,Item 2.02; Item 9.01,Item 2.02; Item 9.01,True,True,d914404dex991.htm,,True,ATM,Tier-1,https://www.sec.gov/Archives/edgar/data/1325702/000119312525170547/d914404d8k.htm,,True,Tier-2,,,False,,
0001325702,MAGNACHIP SEMICONDUCTOR Corp,MX,8-K,2025-05-12,2025-05-12,2025-05-12,0001193125-25-117802,https://www.sec.gov/Archives/edgar/data/1325702/000119312525117802/d898123d8k.htm,https://www.sec.gov/Archives/edgar/data/1325702/000119312525117802/d898123d8k.htm,2025-05-12,2025-05-12 16:20:50,https://www.sec.gov/Archives/edgar/data/1325702/0001193125-25-117802-index.html,Item 2.02; Item 9.01,Item 2.02; Item 9.01,True,True,d898123dex991.htm,,True,ATM,Tier-1,https://www.sec.gov/Archives/edgar/data/1325702/000119312525117802/d898123d8k.htm,,True,Tier-2,,,False,,
0001325702,MAGNACHIP SEMICONDUCTOR Corp,MX,8-K,2025-03-12,2025-03-12,2025-03-12,0001193125-25-052457,https://www.sec.gov/Archives/edgar/data/1325702/000119312525052457/d877446d8k.htm,https://www.sec.gov/Archives/edgar/data/1325702/000119312525052457/d877446d8k.htm,2025-03-12,2025-03-12 06:55:22,https://www.sec.gov/Archives/edgar/data/1325702/0001193125-25-052457-index.html,Item 2.02; Item 9.01,Item 2.02; Item 9.01,True,True,d877446dex991.htm,,True,ATM,Tier-1,https://www.sec.gov/Archives/edgar/data/1325702/000119312525052457/d877446d8k.htm,,True,Tier-2,,,False,,
0001077183,NEOGENOMICS INC,NEO,8-K,2025-06-24,2025-06-19,2025-06-19,0001077183-25-000145,https://www.sec.gov/Archives/edgar/data/1077183/000107718325000145/neo-20250619.htm,https://www.sec.gov/Archives/edgar/data/1077183/000107718325000145/neo-20250619.htm,2025-06-19,2025-06-24 07:10:30,https://www.sec.gov/Archives/edgar/data/1077183/0001077183-25-000145-index.html,Item 5.02; Item 7.01; Item 9.01,Item 5.02; Item 7.01; Item 9.01,True,True,exhibit991-appointmentpres.htm,,True,ATM,Tier-1,https://www.sec.gov/Archives/edgar/data/1077183/000107718325000145/neo-20250619.htm,,True,Tier-1,Financing,,True,offering,
0001077183,NEOGENOMICS INC,NEO,8-K,2025-10-28,2025-10-28,2025-10-28,0001077183-25-000172,https://www.sec.gov/Archives/edgar/data/1077183/000107718325000172/neo-20251028.htm,https://www.sec.gov/Archives/edgar/data/1077183/000107718325000172/neo-20251028.htm,2025-10-28,2025-10-28 07:09:29,https://www.sec.gov/Archives/edgar/data/1077183/0001077183-25-000172-index.html,Item 2.02; Item 9.01,Item 2.02; Item 9.01,True,True,a99-109302025earningsrelea.htm,,True,ATM,Tier-1,https://www.sec.gov/Archives/edgar/data/1077183/000107718325000172/neo-20251028.htm,,True,Tier-1,Financing,,True,convertible,
0001077183,NEOGENOMICS INC,NEO,8-K,2025-07-29,2025-07-29,2025-07-29,0001077183-25-000151,https://www.sec.gov/Archives/edgar/data/1077183/000107718325000151/neo-20250729.htm,https://www.sec.gov/Archives/edgar/data/1077183/000107718325000151/neo-20250729.htm,2025-07-29,2025-07-29 07:08:17,https://www.sec.gov/Archives/edgar/data/1077183/0001077183-25-000151-index.html,Item 2.02; Item 9.01,Item 2.02; Item 9.01,True,True,a99-106302025earningsrelea.htm,,True,ATM,Tier-1,https://www.sec.gov/Archives/edgar/data/1077183/000107718325000151/neo-20250729.htm,,True,Tier-1,Financing,,True,convertible;offering,
0001077183,NEOGENOMICS INC,NEO,8-K,2025-03-18,2025-03-18,2025-03-18,0001077183-25-000048,https://www.sec.gov/Archives/edgar/data/1077183/000107718325000048/neo-20250318.htm,https://www.sec.gov/Archives/edgar/data/1077183/000107718325000048/neo-20250318.htm,2025-03-18,2025-03-18 17:30:48,https://www.sec.gov/Archives/edgar/data/1077183/0001077183-25-000048-index.html,Item 5.02; Item 9.01,Item 5.02; Item 9.01,True,True,a2025-03x18_neogenomicsx.htm,,True,GuidanceUp,Tier-1,https://www.sec.gov/Archives/edgar/data/1077183/000107718325000048/neo-20250318.htm,,True,Tier-2,,,False,,
0001077183,NEOGENOMICS INC,NEO,8-K,2025-04-29,2025-04-29,2025-04-29,0001077183-25-000074,https://www.sec.gov/Archives/edgar/data/1077183/000107718325000074/neo-20250429.htm,https://www.sec.gov/Archives/edgar/data/1077183/000107718325000074/neo-20250429.htm,2025-04-29,2025-04-29 07:35:33,https://www.sec.gov/Archives/edgar/data/1077183/0001077183-25-000074-index.html,Item 2.02; Item 9.01,Item 2.02; Item 9.01,True,True,a99-103312025earningsrelea.htm,,True,ATM,Tier-1,https://www.sec.gov/Archives/edgar/data/1077183/000107718325000074/neo-20250429.htm,,True,Tier-1,Financing,,True,convertible,
0001077183,NEOGENOMICS INC,NEO,8-K,2025-01-15,2025-01-14,2025-01-14,0001077183-25-000007,https://www.sec.gov/Archives/edgar/data/1077183/000107718325000007/neo-20250114.htm,https://www.sec.gov/Archives/edgar/data/1077183/000107718325000007/neo-20250114.htm,2025-01-14,2025-01-15 07:26:54,https://www.sec.gov/Archives/edgar/data/1077183/0001077183-25-000007-index.html,Item 5.02; Item 7.01; Item 9.01,Item 5.02; Item 7.01; Item 9.01,True,True,neogenomicsprovides2025f.htm,,True,ATM,Tier-1,https://www.sec.gov/Archives/edgar/data/1077183/000107718325000007/neo-20250114.htm,,True,Tier-1,Financing,,True,convertible,
0001671284,"NeueHealth, Inc.",NEUE,8-K,2025-10-02,2025-09-26,2025-09-26,0001104659-25-095898,https://www.sec.gov/Archives/edgar/data/1671284/000110465925095898/tm2527826d2_8k.htm,https://www.sec.gov/Archives/edgar/data/1671284/000110465925095898/tm2527826d2_8k.htm,2025-09-26,2025-10-02 09:26:12,https://www.sec.gov/Archives/edgar/data/1671284/0001104659-25-095898-index.html,Item 1.01; Item 2.01; Item 3.02; Item 3.03; Item 5.01; Item 7.01; Item 9.01,Item 1.01; Item 2.01; Item 3.02; Item 3.03; Item 5.01; Item 7.01; Item 9.01,True,True,tm2527826d2_ex99-1.htm,tm2527826d2_ex10-1.htm,True,ATM,Tier-1,https://www.sec.gov/Archives/edgar/data/1671284/000110465925095898/tm2527826d2_8k.htm,,True,Tier-1,Financing,,True,warrant;offering,
0001077183,NEOGENOMICS INC,NEO,8-K,2025-02-18,2025-02-18,2025-02-18,0001077183-25-000024,https://www.sec.gov/Archives/edgar/data/1077183/000107718325000024/neo-20250218.htm,https://www.sec.gov/Archives/edgar/data/1077183/000107718325000024/neo-20250218.htm,2025-02-18,2025-02-18 07:08:18,https://www.sec.gov/Archives/edgar/data/1077183/0001077183-25-000024-index.html,Item 2.02; Item 9.01,Item 2.02; Item 9.01,True,True,a99112312024earningsrelease.htm,,True,ATM,Tier-1,https://www.sec.gov/Archives/edgar/data/1077183/000107718325000024/neo-20250218.htm,,True,Tier-1,Financing,,True,convertible;offering,
0001671284,"NeueHealth, Inc.",NEUE,8-K,2025-08-07,2025-08-07,2025-08-07,0001628280-25-038558,https://www.sec.gov/Archives/edgar/data/1671284/000162828025038558/bhg-20250807.htm,https://www.sec.gov/Archives/edgar/data/1671284/000162828025038558/bhg-20250807.htm,2025-08-07,2025-08-07 06:46:29,https://www.sec.gov/Archives/edgar/data/1671284/0001628280-25-038558-index.html,Item 2.02; Item 9.01,Item 2.02; Item 9.01,True,True,ex991_neuehealthincx080720.htm,,True,ATM,Tier-1,https://www.sec.gov/Archives/edgar/data/1671284/000162828025038558/bhg-20250807.htm,,True,Tier-1,Financing,,True,warrant;offering,
0001671284,"NeueHealth, Inc.",NEUE,8-K,2025-05-08,2025-05-08,2025-05-08,0001671284-25-000016,https://www.sec.gov/Archives/edgar/data/1671284/000167128425000016/bhg-20250508.htm,https://www.sec.gov/Archives/edgar/data/1671284/000167128425000016/bhg-20250508.htm,2025-05-08,2025-05-08 06:46:30,https://www.sec.gov/Archives/edgar/data/1671284/0001671284-25-000016-index.html,Item 2.02; Item 9.01,Item 2.02; Item 9.01,True,True,ex991_neuehealthincx050820.htm,,True,ATM,Tier-1,https://www.sec.gov/Archives/edgar/data/1671284/000167128425000016/bhg-20250508.htm,,True,Tier-1,Financing,,True,warrant;offering,
0001671284,"NeueHealth, Inc.",NEUE,8-K,2024-12-23,2024-12-23,2024-12-23,0001104659-24-131382,https://www.sec.gov/Archives/edgar/data/1671284/000110465924131382/tm2431820d1_8k.htm,https://www.sec.gov/Archives/edgar/data/1671284/000110465924131382/tm2431820d1_8k.htm,2024-12-23,2024-12-23 17:23:23,https://www.sec.gov/Archives/edgar/data/1671284/0001104659-24-131382-index.html,Item 1.01; Item 8.01; Item 9.01,Item 1.01; Item 8.01; Item 9.01,True,True,tm2431820d1_ex99-1.htm; tm2431820d1_ex99-2.htm,tm2431820d1_ex2-1.htm,True,ATM,Tier-1,https://www.sec.gov/Archives/edgar/data/1671284/000110465924131382/tm2431820d1_8k.htm,,True,Tier-1,Financing,,True,offering,
0001671284,"NeueHealth, Inc.",NEUE,8-K,2025-03-19,2025-03-13,2025-03-13,0001628280-25-013675,https://www.sec.gov/Archives/edgar/data/1671284/000162828025013675/bhg-20250313.htm,https://www.sec.gov/Archives/edgar/data/1671284/000162828025013675/bhg-20250313.htm,2025-03-13,2025-03-19 06:15:33,https://www.sec.gov/Archives/edgar/data/1671284/0001628280-25-013675-index.html,Item 1.01; Item 9.01,Item 1.01; Item 9.01,False,True,,,True,ATM,Tier-1,https://www.sec.gov/Archives/edgar/data/1671284/000162828025013675/bhg-20250313.htm,,True,Tier-1,Financing,,True,offering,
0001671284,"NeueHealth, Inc.",NEUE,8-K,2025-03-20,2025-03-20,2025-03-20,0001671284-25-000001,https://www.sec.gov/Archives/edgar/data/1671284/000167128425000001/bhg-20250320.htm,https://www.sec.gov/Archives/edgar/data/1671284/000167128425000001/bhg-20250320.htm,2025-03-20,2025-03-20 06:47:14,https://www.sec.gov/Archives/edgar/data/1671284/0001671284-25-000001-index.html,Item 2.02; Item 9.01,Item 2.02; Item 9.01,True,True,ex991_neuehealthincx032020.htm,,True,ATM,Tier-1,https://www.sec.gov/Archives/edgar/data/1671284/000167128425000001/bhg-20250320.htm,,True,Tier-1,Financing,,True,warrant;offering,
0001671284,"NeueHealth, Inc.",NEUE,8-K,2024-11-07,2024-11-07,2024-11-07,0001671284-24-000058,https://www.sec.gov/Archives/edgar/data/1671284/000167128424000058/bhg-20241107.htm,https://www.sec.gov/Archives/edgar/data/1671284/000167128424000058/bhg-20241107.htm,2024-11-07,2024-11-07 06:48:43,https://www.sec.gov/Archives/edgar/data/1671284/0001671284-24-000058-index.html,Item 2.02; Item 9.01,Item 2.02; Item 9.01,True,True,ex991_neuehealthincx3qx202.htm,,True,ATM,Tier-1,https://www.sec.gov/Archives/edgar/data/1671284/000167128424000058/bhg-20241107.htm,,True,Tier-1,Financing,,True,warrant;offering,
0001749723,New Fortress Energy Inc.,NFE,8-K,2025-08-22,2025-08-19,2025-08-19,0001749723-25-000117,https://www.sec.gov/Archives/edgar/data/1749723/000174972325000117/nfe-20250819.htm,https://www.sec.gov/Archives/edgar/data/1749723/000174972325000117/nfe-20250819.htm,2025-08-19,2025-08-22 16:41:56,https://www.sec.gov/Archives/edgar/data/1749723/0001749723-25-000117-index.html,Item 3.01; Item 7.01,Item 3.01; Item 7.01,True,True,newfortressenergydisclos.htm,,True,ListingChange,Tier-1,https://www.sec.gov/Archives/edgar/data/1749723/000174972325000117/nfe-20250819.htm,,True,Tier-2,,,False,,
0001749723,New Fortress Energy Inc.,NFE,8-K,2025-09-08,2025-09-05,2025-09-05,0001749723-25-000125,https://www.sec.gov/Archives/edgar/data/1749723/000174972325000125/nfe-20250905.htm,https://www.sec.gov/Archives/edgar/data/1749723/000174972325000125/nfe-20250905.htm,2025-09-05,2025-09-05 19:52:21,https://www.sec.gov/Archives/edgar/data/1749723/0001749723-25-000125-index.html,Item 9.01,Item 9.01,True,True,nfe-06302025x8xkex991.htm,,True,ATM,Tier-1,https://www.sec.gov/Archives/edgar/data/1749723/000174972325000125/nfe-20250905.htm,,True,Tier-1,Financing,,True,convertible,
0001749723,New Fortress Energy Inc.,NFE,8-K,2025-05-27,2025-05-20,2025-05-20,0001749723-25-000076,https://www.sec.gov/Archives/edgar/data/1749723/000174972325000076/nfe-20250520.htm,https://www.sec.gov/Archives/edgar/data/1749723/000174972325000076/nfe-20250520.htm,2025-05-20,2025-05-27 17:12:15,https://www.sec.gov/Archives/edgar/data/1749723/0001749723-25-000076-index.html,Item 3.01; Item 7.01,Item 3.01; Item 7.01,True,True,newfortressenergydisclos.htm,,True,ListingChange,Tier-1,https://www.sec.gov/Archives/edgar/data/1749723/000174972325000076/nfe-20250520.htm,,True,Tier-2,,,False,,
0001749723,New Fortress Energy Inc.,NFE,8-K,2025-06-18,2025-06-18,2025-06-18,0001749723-25-000081,https://www.sec.gov/Archives/edgar/data/1749723/000174972325000081/nfe-20250618.htm,https://www.sec.gov/Archives/edgar/data/1749723/000174972325000081/nfe-20250618.htm,2025-06-18,2025-06-18 17:16:38,https://www.sec.gov/Archives/edgar/data/1749723/0001749723-25-000081-index.html,Item 2.02; Item 9.01,Item 2.02; Item 9.01,True,True,nfe-20250331x10qmda.htm,,True,ATM,Tier-1,https://www.sec.gov/Archives/edgar/data/1749723/000174972325000081/nfe-20250618.htm,,True,Tier-1,Financing,,True,purchase_agreement;convertible;warrant,
0001749723,New Fortress Energy Inc.,NFE,8-K,2025-05-21,2025-05-14,2025-05-14,0001749723-25-000073,https://www.sec.gov/Archives/edgar/data/1749723/000174972325000073/nfe-20250514.htm,https://www.sec.gov/Archives/edgar/data/1749723/000174972325000073/nfe-20250514.htm,2025-05-14,2025-05-20 20:32:08,https://www.sec.gov/Archives/edgar/data/1749723/0001749723-25-000073-index.html,Item 2.01,Item 2.01,False,True,draft-projectmarlinxprofor.htm,,True,Financing,Tier-1,https://www.sec.gov/Archives/edgar/data/1749723/000174972325000073/nfe-20250514.htm,,True,Tier-1,Financing,,True,purchase_agreement,
0001749723,New Fortress Energy Inc.,NFE,8-K,2025-05-14,2025-05-14,2025-05-14,0001749723-25-000064,https://www.sec.gov/Archives/edgar/data/1749723/000174972325000064/nfe-20250514.htm,https://www.sec.gov/Archives/edgar/data/1749723/000174972325000064/nfe-20250514.htm,2025-05-14,2025-05-14 16:06:01,https://www.sec.gov/Archives/edgar/data/1749723/0001749723-25-000064-index.html,Item 9.01,Item 9.01,True,True,nfe-03312025x8xkex991.htm,,True,ATM,Tier-1,https://www.sec.gov/Archives/edgar/data/1749723/000174972325000064/nfe-20250514.htm,,True,Tier-1,Financing,,True,convertible,
0000912061,NATURAL HEALTH TRENDS CORP,NHTC,8-K,2025-07-30,2025-07-30,2025-07-30,0001437749-25-023869,https://www.sec.gov/Archives/edgar/data/912061/000143774925023869/nhtc20250507_8k.htm,https://www.sec.gov/Archives/edgar/data/912061/000143774925023869/nhtc20250507_8k.htm,2025-07-30,2025-07-30 09:10:20,https://www.sec.gov/Archives/edgar/data/912061/0001437749-25-023869-index.html,Item 2.02; Item 9.01,Item 2.02; Item 9.01,True,True,ex_814009.htm,,True,ListingChange,Tier-1,https://www.sec.gov/Archives/edgar/data/912061/000143774925023869/nhtc20250507_8k.htm,,True,Tier-2,,,False,,
0000912061,NATURAL HEALTH TRENDS CORP,NHTC,8-K,2025-11-05,2025-11-05,2025-11-05,0001437749-25-033150,https://www.sec.gov/Archives/edgar/data/912061/000143774925033150/nhtc20250731_8k.htm,https://www.sec.gov/Archives/edgar/data/912061/000143774925033150/nhtc20250731_8k.htm,2025-11-05,2025-11-05 09:10:09,https://www.sec.gov/Archives/edgar/data/912061/0001437749-25-033150-index.html,Item 2.02; Item 9.01,Item 2.02; Item 9.01,True,True,ex_846314.htm,,True,ListingChange,Tier-1,https://www.sec.gov/Archives/edgar/data/912061/000143774925033150/nhtc20250731_8k.htm,,True,Tier-2,,,False,,
0000912061,NATURAL HEALTH TRENDS CORP,NHTC,8-K,2025-04-30,2025-04-30,2025-04-30,0001437749-25-013643,https://www.sec.gov/Archives/edgar/data/912061/000143774925013643/nhtc20250112_8k.htm,https://www.sec.gov/Archives/edgar/data/912061/000143774925013643/nhtc20250112_8k.htm,2025-04-30,2025-04-30 09:10:10,https://www.sec.gov/Archives/edgar/data/912061/0001437749-25-013643-index.html,Item 2.02; Item 9.01,Item 2.02; Item 9.01,True,True,ex_764714.htm,,True,ListingChange,Tier-1,https://www.sec.gov/Archives/edgar/data/912061/000143774925013643/nhtc20250112_8k.htm,,True,Tier-2,,,False,,
0000912061,NATURAL HEALTH TRENDS CORP,NHTC,8-K,2025-02-05,2025-02-05,2025-02-05,0001437749-25-002836,https://www.sec.gov/Archives/edgar/data/912061/000143774925002836/nhtc20240923_8k.htm,https://www.sec.gov/Archives/edgar/data/912061/000143774925002836/nhtc20240923_8k.htm,2025-02-05,2025-02-05 09:10:09,https://www.sec.gov/Archives/edgar/data/912061/0001437749-25-002836-index.html,Item 2.02; Item 9.01,Item 2.02; Item 9.01,True,True,ex_726755.htm,,True,ListingChange,Tier-1,https://www.sec.gov/Archives/edgar/data/912061/000143774925002836/nhtc20240923_8k.htm,,True,Tier-2,,,False,,
0001787400,"Nkarta, Inc.",NKTX,8-K,2025-06-06,2025-06-03,2025-06-03,0000950170-25-082717,https://www.sec.gov/Archives/edgar/data/1787400/000095017025082717/nktx-20250603.htm,https://www.sec.gov/Archives/edgar/data/1787400/000095017025082717/nktx-20250603.htm,2025-06-03,2025-06-06 09:17:27,https://www.sec.gov/Archives/edgar/data/1787400/0000950170-25-082717-index.html,Item 5.02; Item 5.07; Item 7.01; Item 9.01,Item 5.02; Item 5.07; Item 7.01; Item 9.01,True,True,nktx-ex99_1.htm,,True,ATM,Tier-1,https://www.sec.gov/Archives/edgar/data/1787400/000095017025082717/nktx-20250603.htm,,True,Tier-2,,,False,,
0001787400,"Nkarta, Inc.",NKTX,8-K,2025-11-10,2025-11-10,2025-11-10,0001193125-25-274261,https://www.sec.gov/Archives/edgar/data/1787400/000119312525274261/nktx-20251110.htm,https://www.sec.gov/Archives/edgar/data/1787400/000119312525274261/nktx-20251110.htm,2025-11-10,2025-11-10 16:13:36,https://www.sec.gov/Archives/edgar/data/1787400/0001193125-25-274261-index.html,Item 2.02; Item 9.01,Item 2.02; Item 9.01,True,True,nktx-ex99_1.htm,,True,ATM,Tier-1,https://www.sec.gov/Archives/edgar/data/1787400/000119312525274261/nktx-20251110.htm,,True,Tier-2,,,False,,
0001787400,"Nkarta, Inc.",NKTX,8-K,2025-08-12,2025-08-12,2025-08-12,0001193125-25-178949,https://www.sec.gov/Archives/edgar/data/1787400/000119312525178949/nktx-20250812.htm,https://www.sec.gov/Archives/edgar/data/1787400/000119312525178949/nktx-20250812.htm,2025-08-12,2025-08-12 16:08:09,https://www.sec.gov/Archives/edgar/data/1787400/0001193125-25-178949-index.html,Item 2.02; Item 9.01,Item 2.02; Item 9.01,True,True,nktx-ex99_1.htm,,True,ATM,Tier-1,https://www.sec.gov/Archives/edgar/data/1787400/000119312525178949/nktx-20250812.htm,,True,Tier-2,,,False,,
0000912061,NATURAL HEALTH TRENDS CORP,NHTC,8-K,2024-10-30,2024-10-30,2024-10-30,0001437749-24-032544,https://www.sec.gov/Archives/edgar/data/912061/000143774924032544/nhtc20240823_8k.htm,https://www.sec.gov/Archives/edgar/data/912061/000143774924032544/nhtc20240823_8k.htm,2024-10-30,2024-10-30 09:10:12,https://www.sec.gov/Archives/edgar/data/912061/0001437749-24-032544-index.html,Item 2.02; Item 9.01,Item 2.02; Item 9.01,True,True,ex_718062.htm,,True,ListingChange,Tier-1,https://www.sec.gov/Archives/edgar/data/912061/000143774924032544/nhtc20240823_8k.htm,,True,Tier-2,,,False,,
0001787400,"Nkarta, Inc.",NKTX,8-K,2025-05-14,2025-05-14,2025-05-14,0000950170-25-071399,https://www.sec.gov/Archives/edgar/data/1787400/000095017025071399/nktx-20250514.htm,https://www.sec.gov/Archives/edgar/data/1787400/000095017025071399/nktx-20250514.htm,2025-05-14,2025-05-14 16:14:15,https://www.sec.gov/Archives/edgar/data/1787400/0000950170-25-071399-index.html,Item 2.02; Item 9.01,Item 2.02; Item 9.01,True,True,nktx-ex99_1.htm,,True,ATM,Tier-1,https://www.sec.gov/Archives/edgar/data/1787400/000095017025071399/nktx-20250514.htm,,True,Tier-2,,,False,,
0002054876,NMP Acquisition Corp.,NMP,8-K,2025-08-28,2025-08-28,2025-08-28,0001213900-25-081879,https://www.sec.gov/Archives/edgar/data/2054876/000121390025081879/ea0255036-8k_nmpacq.htm,https://www.sec.gov/Archives/edgar/data/2054876/000121390025081879/ea0255036-8k_nmpacq.htm,2025-08-28,2025-08-28 17:15:27,https://www.sec.gov/Archives/edgar/data/2054876/0001213900-25-081879-index.html,Item 8.01; Item 9.01,Item 8.01; Item 9.01,True,True,ea025503601ex99-1_nmpacq.htm,,True,ATM,Tier-1,https://www.sec.gov/Archives/edgar/data/2054876/000121390025081879/ea0255036-8k_nmpacq.htm,,True,Tier-1,Financing,,True,offering,
0001787400,"Nkarta, Inc.",NKTX,8-K,2024-11-07,2024-11-07,2024-11-07,0000950170-24-123340,https://www.sec.gov/Archives/edgar/data/1787400/000095017024123340/nktx-20241107.htm,https://www.sec.gov/Archives/edgar/data/1787400/000095017024123340/nktx-20241107.htm,2024-11-07,2024-11-07 16:11:45,https://www.sec.gov/Archives/edgar/data/1787400/0000950170-24-123340-index.html,Item 2.02; Item 9.01,Item 2.02; Item 9.01,True,True,nktx-ex99_1.htm,,True,ATM,Tier-1,https://www.sec.gov/Archives/edgar/data/1787400/000095017024123340/nktx-20241107.htm,,True,Tier-2,,,False,,
0001787400,"Nkarta, Inc.",NKTX,8-K,2025-03-26,2025-03-26,2025-03-26,0000950170-25-045231,https://www.sec.gov/Archives/edgar/data/1787400/000095017025045231/nktx-20250326.htm,https://www.sec.gov/Archives/edgar/data/1787400/000095017025045231/nktx-20250326.htm,2025-03-26,2025-03-26 16:12:29,https://www.sec.gov/Archives/edgar/data/1787400/0000950170-25-045231-index.html,Item 2.02; Item 2.05; Item 5.02; Item 8.01; Item 9.01,Item 2.02; Item 2.05; Item 5.02; Item 8.01; Item 9.01,True,True,nktx-ex99_1.htm,,True,ATM,Tier-1,https://www.sec.gov/Archives/edgar/data/1787400/000095017025045231/nktx-20250326.htm,,True,Tier-2,,,False,,
0002054876,NMP Acquisition Corp.,NMP,8-K,2025-07-10,2025-07-10,2025-07-10,0001213900-25-062837,https://www.sec.gov/Archives/edgar/data/2054876/000121390025062837/ea0248603-8k_nmpacq.htm,https://www.sec.gov/Archives/edgar/data/2054876/000121390025062837/ea0248603-8k_nmpacq.htm,2025-07-10,2025-07-10 16:45:56,https://www.sec.gov/Archives/edgar/data/2054876/0001213900-25-062837-index.html,Item 3.02; Item 8.01; Item 9.01,Item 3.02; Item 8.01; Item 9.01,False,True,,,True,ATM,Tier-1,https://www.sec.gov/Archives/edgar/data/2054876/000121390025062837/ea0248603-8k_nmpacq.htm,,True,Tier-1,Financing,,True,offering,
0002054876,NMP Acquisition Corp.,NMP,8-K,2025-07-07,2025-06-30,2025-06-30,0001213900-25-061598,https://www.sec.gov/Archives/edgar/data/2054876/000121390025061598/ea0248118-8k_nmpacq.htm,https://www.sec.gov/Archives/edgar/data/2054876/000121390025061598/ea0248118-8k_nmpacq.htm,2025-06-30,2025-07-03 20:21:14,https://www.sec.gov/Archives/edgar/data/2054876/0001213900-25-061598-index.html,Item 1.01; Item 3.02; Item 8.01; Item 9.01,Item 1.01; Item 3.02; Item 8.01; Item 9.01,True,True,ea024811801ex99-1_nmpacq.htm; ea024811801ex99-2_nmpacq.htm,ea024811801ex1-1_nmpacq.htm; ea024811801ex10-1_nmpacq.htm; ea024811801ex10-2_nmpacq.htm; ea024811801ex10-4_nmpacq.htm; ea024811801ex10-5_nmpacq.htm; ea024811801ex10-6_nmpacq.htm,True,ATM,Tier-1,https://www.sec.gov/Archives/edgar/data/2054876/000121390025061598/ea0248118-8k_nmpacq.htm,,True,Tier-1,Financing,,True,purchase_agreement;underwriting_agreement;subscription_agreement;offering,
0002054876,NMP Acquisition Corp.,NMP,8-K,2025-07-09,2025-07-02,2025-07-02,0001213900-25-062419,https://www.sec.gov/Archives/edgar/data/2054876/000121390025062419/ea0248213-8k_nmpacq.htm,https://www.sec.gov/Archives/edgar/data/2054876/000121390025062419/ea0248213-8k_nmpacq.htm,2025-07-02,2025-07-09 17:19:54,https://www.sec.gov/Archives/edgar/data/2054876/0001213900-25-062419-index.html,Item 8.01; Item 9.01,Item 8.01; Item 9.01,True,True,ea024821301ex99-1_nmpacq.htm,,True,ATM,Tier-1,https://www.sec.gov/Archives/edgar/data/2054876/000121390025062419/ea0248213-8k_nmpacq.htm,,True,Tier-1,Financing,,True,purchase_agreement;underwriting_agreement;subscription_agreement;offering,
0001956648,CO2 Energy Transition Corp.,NOEM,8-K,2025-01-15,2025-01-14,2025-01-14,0001213900-25-003623,https://www.sec.gov/Archives/edgar/data/1956648/000121390025003623/ea022770902-8k_co2energy.htm,https://www.sec.gov/Archives/edgar/data/1956648/000121390025003623/ea022770902-8k_co2energy.htm,2025-01-14,2025-01-15 08:00:21,https://www.sec.gov/Archives/edgar/data/1956648/0001213900-25-003623-index.html,Item 8.01; Item 9.01,Item 8.01; Item 9.01,True,True,ea022770902ex99-1_co2energy.htm,,True,ATM,Tier-1,https://www.sec.gov/Archives/edgar/data/1956648/000121390025003623/ea022770902-8k_co2energy.htm,,True,Tier-1,Financing,,True,warrant;offering,
0001956648,CO2 Energy Transition Corp.,NOEM,8-K,2025-04-21,2025-04-15,2025-04-15,0001213900-25-033755,https://www.sec.gov/Archives/edgar/data/1956648/000121390025033755/ea0238855-8k_co2energy.htm,https://www.sec.gov/Archives/edgar/data/1956648/000121390025033755/ea0238855-8k_co2energy.htm,2025-04-15,2025-04-21 16:15:08,https://www.sec.gov/Archives/edgar/data/1956648/0001213900-25-033755-index.html,Item 1.01; Item 2.03; Item 3.02; Item 9.01,Item 1.01; Item 2.03; Item 3.02; Item 9.01,False,True,,ea023885501ex10-1_co2energy.htm,True,ATM,Tier-1,https://www.sec.gov/Archives/edgar/data/1956648/000121390025033755/ea0238855-8k_co2energy.htm,,True,Tier-1,Financing,,True,convertible;warrant;offering,
0001956648,CO2 Energy Transition Corp.,NOEM,8-K,2024-11-25,2024-11-20,2024-11-20,0001213900-24-101789,https://www.sec.gov/Archives/edgar/data/1956648/000121390024101789/ea0222253-8k_co2energy.htm,https://www.sec.gov/Archives/edgar/data/1956648/000121390024101789/ea0222253-8k_co2energy.htm,2024-11-20,2024-11-25 07:31:02,https://www.sec.gov/Archives/edgar/data/1956648/0001213900-24-101789-index.html,Item 1.01; Item 3.02; Item 8.01; Item 9.01,Item 1.01; Item 3.02; Item 8.01; Item 9.01,True,True,ea022225301ex99-1_co2energy.htm; ea022225301ex99-2_co2energy.htm,ea022225301ex1-1_co2energy.htm; ea022225301ex10-1_co2energy.htm; ea022225301ex10-2_co2energy.htm; ea022225301ex10-3_co2energy.htm; ea022225301ex10-4_co2energy.htm; ea022225301ex10-5_co2energy.htm; ea022225301ex10-6_co2energy.htm,False,ATM,Tier-1,https://www.sec.gov/Archives/edgar/data/1956648/000121390024101789/ea0222253-8k_co2energy.htm,,True,Tier-1,Financing,,True,purchase_agreement;underwriting_agreement;warrant;offering,
0001956648,CO2 Energy Transition Corp.,NOEM,8-K,2024-12-02,2024-11-22,2024-11-22,0001213900-24-104172,https://www.sec.gov/Archives/edgar/data/1956648/000121390024104172/ea0223071-8k_co2energy.htm,https://www.sec.gov/Archives/edgar/data/1956648/000121390024104172/ea0223071-8k_co2energy.htm,2024-11-22,2024-11-29 17:47:22,https://www.sec.gov/Archives/edgar/data/1956648/0001213900-24-104172-index.html,Item 8.01; Item 9.01,Item 8.01; Item 9.01,True,True,ea022307101ex99-1_co2energy.htm,,False,ATM,Tier-1,https://www.sec.gov/Archives/edgar/data/1956648/000121390024104172/ea0223071-8k_co2energy.htm,,True,Tier-1,Financing,,True,underwriting_agreement;subscription_agreement;convertible;warrant;offering,
0002048948,New Providence Acquisition Corp. III/Cayman,NPAC,8-K,2025-06-12,2025-06-11,2025-06-11,0001213900-25-053893,https://www.sec.gov/Archives/edgar/data/2048948/000121390025053893/ea0245277-8k_newpro3.htm,https://www.sec.gov/Archives/edgar/data/2048948/000121390025053893/ea0245277-8k_newpro3.htm,2025-06-11,2025-06-12 17:00:52,https://www.sec.gov/Archives/edgar/data/2048948/0001213900-25-053893-index.html,Item 8.01; Item 9.01,Item 8.01; Item 9.01,True,True,ea024527701ex99-1_newpro3.htm,,True,ATM,Tier-1,https://www.sec.gov/Archives/edgar/data/2048948/000121390025053893/ea0245277-8k_newpro3.htm,,True,Tier-1,Financing,,True,warrant;offering,
0002048948,New Providence Acquisition Corp. III/Cayman,NPAC,8-K,2025-05-01,2025-04-25,2025-04-25,0001213900-25-038566,https://www.sec.gov/Archives/edgar/data/2048948/000121390025038566/ea0240290-8k_newpro3.htm,https://www.sec.gov/Archives/edgar/data/2048948/000121390025038566/ea0240290-8k_newpro3.htm,2025-04-25,2025-05-01 17:27:34,https://www.sec.gov/Archives/edgar/data/2048948/0001213900-25-038566-index.html,Item 8.01; Item 9.01,Item 8.01; Item 9.01,True,True,ea024029001ex99-1_newpro3.htm,,True,ATM,Tier-1,https://www.sec.gov/Archives/edgar/data/2048948/000121390025038566/ea0240290-8k_newpro3.htm,,True,Tier-1,Financing,,True,underwriting_agreement;convertible;warrant;offering,
0002048948,New Providence Acquisition Corp. III/Cayman,NPAC,8-K,2025-04-25,2025-04-25,2025-04-25,0001213900-25-035680,https://www.sec.gov/Archives/edgar/data/2048948/000121390025035680/ea0239499-8k_newpro3.htm,https://www.sec.gov/Archives/edgar/data/2048948/000121390025035680/ea0239499-8k_newpro3.htm,2025-04-25,2025-04-25 17:29:45,https://www.sec.gov/Archives/edgar/data/2048948/0001213900-25-035680-index.html,Item 1.01; Item 3.02; Item 8.01; Item 9.01,Item 1.01; Item 3.02; Item 8.01; Item 9.01,True,True,ea023949901ex99-1_newpro3.htm; ea023949901ex99-2_newpro3.htm,ea023949901ex1-1_newpro3.htm; ea023949901ex10-1_newpro3.htm; ea023949901ex10-2_newpro3.htm; ea023949901ex10-3_newpro3.htm; ea023949901ex10-4_newpro3.htm; ea023949901ex10-5_newpro3.htm; ea023949901ex10-6_newpro3.htm; ea023949901ex10-7_newpro3.htm,True,ATM,Tier-1,https://www.sec.gov/Archives/edgar/data/2048948/000121390025035680/ea0239499-8k_newpro3.htm,,True,Tier-1,Financing,,True,purchase_agreement;underwriting_agreement;warrant;offering,
0002028027,Newbury Street II Acquisition Corp,NTWO,8-K,2024-12-26,2024-12-26,2024-12-26,0001213900-24-112509,https://www.sec.gov/Archives/edgar/data/2028027/000121390024112509/ea0226014-8k_newbury2.htm,https://www.sec.gov/Archives/edgar/data/2028027/000121390024112509/ea0226014-8k_newbury2.htm,2024-12-26,2024-12-26 11:41:41,https://www.sec.gov/Archives/edgar/data/2028027/0001213900-24-112509-index.html,Item 8.01; Item 9.01,Item 8.01; Item 9.01,True,True,ea022601401ex99-1_newbury2.htm,,True,ATM,Tier-1,https://www.sec.gov/Archives/edgar/data/2028027/000121390024112509/ea0226014-8k_newbury2.htm,,True,Tier-1,Financing,,True,warrant;offering,
0002028027,Newbury Street II Acquisition Corp,NTWO,8-K,2024-11-08,2024-11-04,2024-11-04,0001213900-24-096002,https://www.sec.gov/Archives/edgar/data/2028027/000121390024096002/ea0220381-8k_newbury2.htm,https://www.sec.gov/Archives/edgar/data/2028027/000121390024096002/ea0220381-8k_newbury2.htm,2024-11-04,2024-11-08 17:21:28,https://www.sec.gov/Archives/edgar/data/2028027/0001213900-24-096002-index.html,Item 9.01,Item 9.01,True,True,ea022038101ex99-1_newbury2.htm,,True,ATM,Tier-1,https://www.sec.gov/Archives/edgar/data/2028027/000121390024096002/ea0220381-8k_newbury2.htm,,True,Tier-1,Financing,,True,underwriting_agreement;convertible;warrant;offering,
0002028027,Newbury Street II Acquisition Corp,NTWO,8-K,2024-11-06,2024-10-31,2024-10-31,0001213900-24-095065,https://www.sec.gov/Archives/edgar/data/2028027/000121390024095065/ea0219180-8k_newbury2.htm,https://www.sec.gov/Archives/edgar/data/2028027/000121390024095065/ea0219180-8k_newbury2.htm,2024-10-31,2024-11-06 17:23:23,https://www.sec.gov/Archives/edgar/data/2028027/0001213900-24-095065-index.html,Item 1.01; Item 3.02; Item 8.01; Item 9.01,Item 1.01; Item 3.02; Item 8.01; Item 9.01,True,True,ea021918001ex99-1_newbury2.htm; ea021918001ex99-2_newbury2.htm,ea021918001ex1-1_newbury2.htm; ea021918001ex10-1_newbury2.htm; ea021918001ex10-2_newbury2.htm; ea021918001ex10-3_newbury2.htm; ea021918001ex10-4_newbury2.htm; ea021918001ex10-5_newbury2.htm; ea021918001ex10-6_newbury2.htm; ea021918001ex10-7_newbury2.htm,True,ATM,Tier-1,https://www.sec.gov/Archives/edgar/data/2028027/000121390024095065/ea0219180-8k_newbury2.htm,,True,Tier-1,Financing,,True,purchase_agreement;underwriting_agreement;warrant;offering,
0001787518,Nukkleus Inc.,NUKK,8-K,2025-11-28,2025-11-28,2025-11-28,0001213900-25-115927,https://www.sec.gov/Archives/edgar/data/1787518/000121390025115927/ea0267549-8k_nukkleus.htm,https://www.sec.gov/Archives/edgar/data/1787518/000121390025115927/ea0267549-8k_nukkleus.htm,2025-11-28,2025-11-28 13:05:35,https://www.sec.gov/Archives/edgar/data/1787518/0001213900-25-115927-index.html,Item 7.01; Item 8.01; Item 9.01,Item 7.01; Item 8.01; Item 9.01,True,True,ea026754901ex99-1_nukkleus.htm,,True,ATM,Tier-1,https://www.sec.gov/Archives/edgar/data/1787518/000121390025115927/ea0267549-8k_nukkleus.htm,,True,Tier-1,Financing,,True,purchase_agreement;offering,
0001787518,Nukkleus Inc.,NUKK,8-K,2025-11-26,2025-11-26,2025-11-26,0001213900-25-115113,https://www.sec.gov/Archives/edgar/data/1787518/000121390025115113/ea0267370-8k_nukkleus.htm,https://www.sec.gov/Archives/edgar/data/1787518/000121390025115113/ea0267370-8k_nukkleus.htm,2025-11-26,2025-11-26 09:00:24,https://www.sec.gov/Archives/edgar/data/1787518/0001213900-25-115113-index.html,Item 7.01; Item 8.01; Item 9.01,Item 7.01; Item 8.01; Item 9.01,True,True,ea026737001ex99-1_nukkleus.htm,,True,ATM,Tier-1,https://www.sec.gov/Archives/edgar/data/1787518/000121390025115113/ea0267370-8k_nukkleus.htm,,True,Tier-1,Financing,,True,purchase_agreement;offering,
0001787518,Nukkleus Inc.,NUKK,8-K,2025-11-25,2025-11-25,2025-11-25,0001213900-25-114869,https://www.sec.gov/Archives/edgar/data/1787518/000121390025114869/ea0266864-8k_nukkleus.htm,https://www.sec.gov/Archives/edgar/data/1787518/000121390025114869/ea0266864-8k_nukkleus.htm,2025-11-25,2025-11-25 17:28:26,https://www.sec.gov/Archives/edgar/data/1787518/0001213900-25-114869-index.html,Item 8.01; Item 9.01,Item 8.01; Item 9.01,True,True,ea026686402ex99-1_nukkleus.htm,,True,ATM,Tier-1,https://www.sec.gov/Archives/edgar/data/1787518/000121390025114869/ea0266864-8k_nukkleus.htm,,True,Tier-1,Financing,,True,equity_line;convertible;warrant,
0001787518,Nukkleus Inc.,NUKK,8-K,2025-11-25,2025-11-25,2025-11-25,0001213900-25-114436,https://www.sec.gov/Archives/edgar/data/1787518/000121390025114436/ea0267122-8k_nukkleus.htm,https://www.sec.gov/Archives/edgar/data/1787518/000121390025114436/ea0267122-8k_nukkleus.htm,2025-11-25,2025-11-25 09:28:56,https://www.sec.gov/Archives/edgar/data/1787518/0001213900-25-114436-index.html,Item 8.01; Item 9.01,Item 8.01; Item 9.01,True,True,ea026712201ex99-1_nukkleus.htm,,True,ContractAward,Tier-1,https://www.sec.gov/Archives/edgar/data/1787518/000121390025114436/ea0267122-8k_nukkleus.htm,,True,Tier-2,,,False,,
0001787518,Nukkleus Inc.,NUKK,8-K,2025-10-17,2025-10-17,2025-10-17,0001213900-25-099738,https://www.sec.gov/Archives/edgar/data/1787518/000121390025099738/ea0261015-8k_nukkleus.htm,https://www.sec.gov/Archives/edgar/data/1787518/000121390025099738/ea0261015-8k_nukkleus.htm,2025-10-17,2025-10-17 09:21:34,https://www.sec.gov/Archives/edgar/data/1787518/0001213900-25-099738-index.html,Item 7.01; Item 9.01,Item 7.01; Item 9.01,True,True,ea026101501ex99-1_nukkleus.htm,,True,ATM,Tier-1,https://www.sec.gov/Archives/edgar/data/1787518/000121390025099738/ea0261015-8k_nukkleus.htm,,True,Tier-1,Financing,,True,offering,
0001787518,Nukkleus Inc.,NUKK,8-K,2025-09-29,2025-09-26,2025-09-26,0001213900-25-092677,https://www.sec.gov/Archives/edgar/data/1787518/000121390025092677/ea0259120-8k_nukkleus.htm,https://www.sec.gov/Archives/edgar/data/1787518/000121390025092677/ea0259120-8k_nukkleus.htm,2025-09-26,2025-09-29 09:29:07,https://www.sec.gov/Archives/edgar/data/1787518/0001213900-25-092677-index.html,Item 8.01; Item 9.01,Item 8.01; Item 9.01,True,True,ea025912001ex99-1_nukkleus.htm,,True,ATM,Tier-1,https://www.sec.gov/Archives/edgar/data/1787518/000121390025092677/ea0259120-8k_nukkleus.htm,,True,Tier-1,Financing,,True,equity_line,
0001787518,Nukkleus Inc.,NUKK,8-K,2025-09-19,2025-09-19,2025-09-19,0001213900-25-089259,https://www.sec.gov/Archives/edgar/data/1787518/000121390025089259/ea0257982-8k_nukkleus.htm,https://www.sec.gov/Archives/edgar/data/1787518/000121390025089259/ea0257982-8k_nukkleus.htm,2025-09-19,2025-09-19 09:30:15,https://www.sec.gov/Archives/edgar/data/1787518/0001213900-25-089259-index.html,Item 1.01; Item 3.02; Item 8.01; Item 9.01,Item 1.01; Item 3.02; Item 8.01; Item 9.01,True,True,ea025798201ex99-1_nukkleus.htm,ea025798201ex10-1_nukkleus.htm; ea025798201ex10-2_nukkleus.htm,True,ATM,Tier-1,https://www.sec.gov/Archives/edgar/data/1787518/000121390025089259/ea0257982-8k_nukkleus.htm,,True,Tier-1,Financing,,True,purchase_agreement;equity_line;offering,
0001787518,Nukkleus Inc.,NUKK,8-K,2025-09-16,2025-09-15,2025-09-15,0001213900-25-087962,https://www.sec.gov/Archives/edgar/data/1787518/000121390025087962/ea0257387-8k_nukkleus.htm,https://www.sec.gov/Archives/edgar/data/1787518/000121390025087962/ea0257387-8k_nukkleus.htm,2025-09-15,2025-09-16 09:29:26,https://www.sec.gov/Archives/edgar/data/1787518/0001213900-25-087962-index.html,Item 1.01; Item 8.01; Item 9.01,Item 1.01; Item 8.01; Item 9.01,True,True,ea025738701ex99-1_nukkleus.htm,ea025738701ex10-1_nukkleus.htm,True,ATM,Tier-1,https://www.sec.gov/Archives/edgar/data/1787518/000121390025087962/ea0257387-8k_nukkleus.htm,,True,Tier-1,Financing,,True,spa;purchase_agreement;convertible;warrant,
0001817004,"NEXTNRG, INC.",NXXT,8-K,2025-11-28,2025-11-24,2025-11-24,0001493152-25-025382,https://www.sec.gov/Archives/edgar/data/1817004/000149315225025382/form8-k.htm,https://www.sec.gov/Archives/edgar/data/1817004/000149315225025382/form8-k.htm,2025-11-24,2025-11-28 16:05:55,https://www.sec.gov/Archives/edgar/data/1817004/0001493152-25-025382-index.html,Item 9.01,Item 9.01,False,True,,ex10-1.htm,True,Financing,Tier-1,https://www.sec.gov/Archives/edgar/data/1817004/000149315225025382/form8-k.htm,,True,Tier-1,Financing,,True,purchase_agreement,
0001787518,Nukkleus Inc.,NUKK,8-K,2025-09-05,2025-09-04,2025-09-04,0001213900-25-084752,https://www.sec.gov/Archives/edgar/data/1787518/000121390025084752/ea0256178-8k_nukkleus.htm,https://www.sec.gov/Archives/edgar/data/1787518/000121390025084752/ea0256178-8k_nukkleus.htm,2025-09-04,2025-09-05 09:31:10,https://www.sec.gov/Archives/edgar/data/1787518/0001213900-25-084752-index.html,Item 1.01; Item 3.02; Item 7.01; Item 9.01,Item 1.01; Item 3.02; Item 7.01; Item 9.01,True,True,ea025617801ex99-1_nukkleus.htm,ea025617801ex10-1_nukkleus.htm; ea025617801ex10-2_nukkleus.htm; ea025617801ex10-3_nukkleus.htm,True,ATM,Tier-1,https://www.sec.gov/Archives/edgar/data/1787518/000121390025084752/ea0256178-8k_nukkleus.htm,,True,Tier-1,Financing,,True,spa;purchase_agreement;atm;convertible;warrant;offering,
0001817004,"NEXTNRG, INC.",NXXT,8-K,2025-11-20,2025-11-17,2025-11-17,0001493152-25-024405,https://www.sec.gov/Archives/edgar/data/1817004/000149315225024405/form8-k.htm,https://www.sec.gov/Archives/edgar/data/1817004/000149315225024405/form8-k.htm,2025-11-17,2025-11-20 09:15:26,https://www.sec.gov/Archives/edgar/data/1817004/0001493152-25-024405-index.html,Item 9.01,Item 9.01,False,True,,ex10-1.htm; ex10-2.htm,True,Financing,Tier-1,https://www.sec.gov/Archives/edgar/data/1817004/000149315225024405/form8-k.htm,,True,Tier-1,Financing,,True,purchase_agreement,
0001817004,"NEXTNRG, INC.",NXXT,8-K,2025-11-17,2025-11-17,2025-11-17,0001493152-25-023764,https://www.sec.gov/Archives/edgar/data/1817004/000149315225023764/form8-k.htm,https://www.sec.gov/Archives/edgar/data/1817004/000149315225023764/form8-k.htm,2025-11-17,2025-11-17 08:00:51,https://www.sec.gov/Archives/edgar/data/1817004/0001493152-25-023764-index.html,Item 2.02; Item 9.01,Item 2.02; Item 9.01,True,True,ex99-1.htm,,True,ListingChange,Tier-1,https://www.sec.gov/Archives/edgar/data/1817004/000149315225023764/form8-k.htm,,True,Tier-2,,,False,,
0001817004,"NEXTNRG, INC.",NXXT,8-K,2025-11-14,2025-11-14,2025-11-14,0001493152-25-023590,https://www.sec.gov/Archives/edgar/data/1817004/000149315225023590/form8-k.htm,https://www.sec.gov/Archives/edgar/data/1817004/000149315225023590/form8-k.htm,2025-11-14,2025-11-14 16:45:33,https://www.sec.gov/Archives/edgar/data/1817004/0001493152-25-023590-index.html,Item 1.01; Item 9.01,Item 1.01; Item 9.01,False,True,,ex10-1.htm,True,ATM,Tier-1,https://www.sec.gov/Archives/edgar/data/1817004/000149315225023590/form8-k.htm,,True,Tier-1,Financing,,True,offering,
0001817004,"NEXTNRG, INC.",NXXT,8-K,2025-10-24,2025-10-24,2025-10-24,0001493152-25-019307,https://www.sec.gov/Archives/edgar/data/1817004/000149315225019307/form8-k.htm,https://www.sec.gov/Archives/edgar/data/1817004/000149315225019307/form8-k.htm,2025-10-24,2025-10-24 16:30:34,https://www.sec.gov/Archives/edgar/data/1817004/0001493152-25-019307-index.html,Item 1.01,Item 1.01,False,True,,,True,ATM,Tier-1,https://www.sec.gov/Archives/edgar/data/1817004/000149315225019307/form8-k.htm,,True,Tier-1,Financing,,True,spa;purchase_agreement;convertible;warrant,
0001817004,"NEXTNRG, INC.",NXXT,8-K,2025-10-09,2025-10-09,2025-10-09,0001493152-25-017615,https://www.sec.gov/Archives/edgar/data/1817004/000149315225017615/form8-k.htm,https://www.sec.gov/Archives/edgar/data/1817004/000149315225017615/form8-k.htm,2025-10-09,2025-10-09 16:30:47,https://www.sec.gov/Archives/edgar/data/1817004/0001493152-25-017615-index.html,Item 1.01,Item 1.01,False,True,,,True,ATM,Tier-1,https://www.sec.gov/Archives/edgar/data/1817004/000149315225017615/form8-k.htm,,True,Tier-1,Financing,,True,spa;purchase_agreement;convertible;warrant,
0001817004,"NEXTNRG, INC.",NXXT,8-K,2025-09-19,2025-09-18,2025-09-18,0001493152-25-014161,https://www.sec.gov/Archives/edgar/data/1817004/000149315225014161/form8-k.htm,https://www.sec.gov/Archives/edgar/data/1817004/000149315225014161/form8-k.htm,2025-09-18,2025-09-19 09:15:34,https://www.sec.gov/Archives/edgar/data/1817004/0001493152-25-014161-index.html,Item 9.01,Item 9.01,False,True,,ex10-1.htm,True,Financing,Tier-1,https://www.sec.gov/Archives/edgar/data/1817004/000149315225014161/form8-k.htm,,True,Tier-1,Financing,,True,purchase_agreement,
0001817004,"NEXTNRG, INC.",NXXT,8-K,2025-09-10,2025-09-10,2025-09-10,0001493152-25-012960,https://www.sec.gov/Archives/edgar/data/1817004/000149315225012960/form8-k.htm,https://www.sec.gov/Archives/edgar/data/1817004/000149315225012960/form8-k.htm,2025-09-10,2025-09-10 09:00:26,https://www.sec.gov/Archives/edgar/data/1817004/0001493152-25-012960-index.html,Item 9.01,Item 9.01,True,True,ex99-1.htm,,True,ListingChange,Tier-1,https://www.sec.gov/Archives/edgar/data/1817004/000149315225012960/form8-k.htm,,True,Tier-2,,,False,,
0001817004,"NEXTNRG, INC.",NXXT,8-K,2025-09-09,2025-09-09,2025-09-09,0001493152-25-012924,https://www.sec.gov/Archives/edgar/data/1817004/000149315225012924/form8-k.htm,https://www.sec.gov/Archives/edgar/data/1817004/000149315225012924/form8-k.htm,2025-09-09,2025-09-09 17:20:12,https://www.sec.gov/Archives/edgar/data/1817004/0001493152-25-012924-index.html,Item 1.01; Item 9.01,Item 1.01; Item 9.01,False,True,,ex10-1.htm; ex10-2.htm; ex10-3.htm; ex10-4.htm; ex10-5.htm; ex10-6.htm; ex10-7.htm; ex10-8.htm,True,ATM,Tier-1,https://www.sec.gov/Archives/edgar/data/1817004/000149315225012924/form8-k.htm,,True,Tier-1,Financing,,True,spa;purchase_agreement;equity_line;convertible;warrant,
0002034313,Oxley Bridge Acquisition Ltd,OBA,8-K,2025-08-12,2025-08-12,2025-08-12,0001213900-25-074993,https://www.sec.gov/Archives/edgar/data/2034313/000121390025074993/ea0252873-8k_oxley.htm,https://www.sec.gov/Archives/edgar/data/2034313/000121390025074993/ea0252873-8k_oxley.htm,2025-08-12,2025-08-12 16:30:53,https://www.sec.gov/Archives/edgar/data/2034313/0001213900-25-074993-index.html,Item 8.01; Item 9.01,Item 8.01; Item 9.01,True,True,ea025287301ex99-1_oxley.htm,,True,ATM,Tier-1,https://www.sec.gov/Archives/edgar/data/2034313/000121390025074993/ea0252873-8k_oxley.htm,,True,Tier-1,Financing,,True,warrant;offering,
0002034313,Oxley Bridge Acquisition Ltd,OBA,8-K,2025-07-02,2025-07-02,2025-07-02,0001213900-25-061096,https://www.sec.gov/Archives/edgar/data/2034313/000121390025061096/ea0247812-8k_oxley.htm,https://www.sec.gov/Archives/edgar/data/2034313/000121390025061096/ea0247812-8k_oxley.htm,2025-07-02,2025-07-02 17:21:00,https://www.sec.gov/Archives/edgar/data/2034313/0001213900-25-061096-index.html,Item 8.01; Item 9.01,Item 8.01; Item 9.01,True,True,ea024781201ex99-1_oxley.htm,,True,ATM,Tier-1,https://www.sec.gov/Archives/edgar/data/2034313/000121390025061096/ea0247812-8k_oxley.htm,,True,Tier-1,Financing,,True,underwriting_agreement;convertible;warrant;offering,
0001609804,Orion S.A.,OEC,8-K,2025-11-07,2025-11-03,2025-11-03,0000950142-25-002903,https://www.sec.gov/Archives/edgar/data/1609804/000095014225002903/eh250702504_8k.htm,https://www.sec.gov/Archives/edgar/data/1609804/000095014225002903/eh250702504_8k.htm,2025-11-03,2025-11-07 08:30:44,https://www.sec.gov/Archives/edgar/data/1609804/0000950142-25-002903-index.html,Item 9.01,Item 9.01,True,True,eh250702504_ex9901.htm,eh250702504_ex1001.htm; eh250702504_ex1002.htm,True,ATM,Tier-1,https://www.sec.gov/Archives/edgar/data/1609804/000095014225002903/eh250702504_8k.htm,,True,Tier-1,Financing,,True,offering,
0002034313,Oxley Bridge Acquisition Ltd,OBA,8-K,2025-06-26,2025-06-24,2025-06-24,0001213900-25-058441,https://www.sec.gov/Archives/edgar/data/2034313/000121390025058441/ea0247036-8k_oxley.htm,https://www.sec.gov/Archives/edgar/data/2034313/000121390025058441/ea0247036-8k_oxley.htm,2025-06-24,2025-06-26 17:00:12,https://www.sec.gov/Archives/edgar/data/2034313/0001213900-25-058441-index.html,Item 1.01; Item 3.02; Item 8.01; Item 9.01,Item 1.01; Item 3.02; Item 8.01; Item 9.01,True,True,ea024703601ex99-1_oxley.htm; ea024703601ex99-2_oxley.htm,ea024703601ex1-1_oxley.htm; ea024703601ex10-1_oxley.htm; ea024703601ex10-2_oxley.htm; ea024703601ex10-3_oxley.htm; ea024703601ex10-4_oxley.htm; ea024703601ex10-5_oxley.htm; ea024703601ex10-7_oxley.htm,True,ATM,Tier-1,https://www.sec.gov/Archives/edgar/data/2034313/000121390025058441/ea0247036-8k_oxley.htm,,True,Tier-1,Financing,,True,purchase_agreement;underwriting_agreement;warrant;offering,
0001609804,Orion S.A.,OEC,8-K,2025-10-14,2025-10-13,2025-10-13,0000950142-25-002744,https://www.sec.gov/Archives/edgar/data/1609804/000095014225002744/eh250691384_8k.htm,https://www.sec.gov/Archives/edgar/data/1609804/000095014225002744/eh250691384_8k.htm,2025-10-13,2025-10-14 08:30:07,https://www.sec.gov/Archives/edgar/data/1609804/0000950142-25-002744-index.html,Item 2.02; Item 9.01,Item 2.02; Item 9.01,True,True,eh250691384_ex9901.htm,,True,ATM,Tier-1,https://www.sec.gov/Archives/edgar/data/1609804/000095014225002744/eh250691384_8k.htm,,True,Tier-1,Financing,,True,offering,
0001609804,Orion S.A.,OEC,8-K,2025-09-11,2025-09-11,2025-09-11,0000950142-25-002423,https://www.sec.gov/Archives/edgar/data/1609804/000095014225002423/eh250674318_8k.htm,https://www.sec.gov/Archives/edgar/data/1609804/000095014225002423/eh250674318_8k.htm,2025-09-11,2025-09-11 16:59:03,https://www.sec.gov/Archives/edgar/data/1609804/0000950142-25-002423-index.html,Item 8.01; Item 9.01,Item 8.01; Item 9.01,True,True,eh250674318_ex9901.htm,,True,ATM,Tier-1,https://www.sec.gov/Archives/edgar/data/1609804/000095014225002423/eh250674318_8k.htm,,True,Tier-1,Financing,,True,offering,
0001609804,Orion S.A.,OEC,8-K,2025-07-30,2025-07-30,2025-07-30,0000950142-25-002051,https://www.sec.gov/Archives/edgar/data/1609804/000095014225002051/eh250661535_8k.htm,https://www.sec.gov/Archives/edgar/data/1609804/000095014225002051/eh250661535_8k.htm,2025-07-30,2025-07-30 16:43:10,https://www.sec.gov/Archives/edgar/data/1609804/0000950142-25-002051-index.html,Item 9.01,Item 9.01,True,True,eh250661535_ex9901.htm,,True,ATM,Tier-1,https://www.sec.gov/Archives/edgar/data/1609804/000095014225002051/eh250661535_8k.htm,,True,Tier-1,Financing,,True,offering,
0001609804,Orion S.A.,OEC,8-K,2025-11-04,2025-11-04,2025-11-04,0001628280-25-048952,https://www.sec.gov/Archives/edgar/data/1609804/000162828025048952/oec-20251104.htm,https://www.sec.gov/Archives/edgar/data/1609804/000162828025048952/oec-20251104.htm,2025-11-04,2025-11-04 16:59:24,https://www.sec.gov/Archives/edgar/data/1609804/0001628280-25-048952-index.html,Item 2.02; Item 9.01,Item 2.02; Item 9.01,True,True,a2025q3earningsrelease.htm,,True,ATM,Tier-1,https://www.sec.gov/Archives/edgar/data/1609804/000162828025048952/oec-20251104.htm,,True,Tier-1,Financing,,True,offering,
0001609804,Orion S.A.,OEC,8-K,2025-06-26,2025-06-26,2025-06-26,0000950142-25-001677,https://www.sec.gov/Archives/edgar/data/1609804/000095014225001677/eh250644945_8k.htm,https://www.sec.gov/Archives/edgar/data/1609804/000095014225001677/eh250644945_8k.htm,2025-06-26,2025-06-26 16:53:40,https://www.sec.gov/Archives/edgar/data/1609804/0000950142-25-001677-index.html,Item 8.01; Item 9.01,Item 8.01; Item 9.01,True,True,eh250644945_ex9901.htm,,True,ATM,Tier-1,https://www.sec.gov/Archives/edgar/data/1609804/000095014225001677/eh250644945_8k.htm,,True,Tier-1,Financing,,True,offering,
0000798528,ODYSSEY MARINE EXPLORATION INC,OMEX,8-K,2025-10-14,2025-10-07,2025-10-07,0001193125-25-239071,https://www.sec.gov/Archives/edgar/data/798528/000119312525239071/d86541d8k.htm,https://www.sec.gov/Archives/edgar/data/798528/000119312525239071/d86541d8k.htm,2025-10-07,2025-10-14 16:30:22,https://www.sec.gov/Archives/edgar/data/798528/0001193125-25-239071-index.html,Item 3.02,Item 3.02,False,True,,,True,ATM,Tier-1,https://www.sec.gov/Archives/edgar/data/798528/000119312525239071/d86541d8k.htm,,True,Tier-1,Financing,,True,purchase_agreement;convertible;warrant,
0001609804,Orion S.A.,OEC,8-K,2025-08-06,2025-08-06,2025-08-06,0001609804-25-000022,https://www.sec.gov/Archives/edgar/data/1609804/000160980425000022/oec-20250806.htm,https://www.sec.gov/Archives/edgar/data/1609804/000160980425000022/oec-20250806.htm,2025-08-06,2025-08-06 16:32:40,https://www.sec.gov/Archives/edgar/data/1609804/0001609804-25-000022-index.html,Item 2.02; Item 9.01,Item 2.02; Item 9.01,True,True,a2025q2earningsrelease.htm,,True,ATM,Tier-1,https://www.sec.gov/Archives/edgar/data/1609804/000160980425000022/oec-20250806.htm,,True,Tier-1,Financing,,True,offering,
0000798528,ODYSSEY MARINE EXPLORATION INC,OMEX,8-K,2025-09-30,2025-09-25,2025-09-25,0001193125-25-225114,https://www.sec.gov/Archives/edgar/data/798528/000119312525225114/d65794d8k.htm,https://www.sec.gov/Archives/edgar/data/798528/000119312525225114/d65794d8k.htm,2025-09-25,2025-09-30 16:32:40,https://www.sec.gov/Archives/edgar/data/798528/0001193125-25-225114-index.html,Item 3.02,Item 3.02,False,True,,,True,ATM,Tier-1,https://www.sec.gov/Archives/edgar/data/798528/000119312525225114/d65794d8k.htm,,True,Tier-1,Financing,,True,purchase_agreement;convertible;warrant,
0000798528,ODYSSEY MARINE EXPLORATION INC,OMEX,8-K,2025-09-23,2025-09-18,2025-09-18,0001193125-25-213431,https://www.sec.gov/Archives/edgar/data/798528/000119312525213431/d77088d8k.htm,https://www.sec.gov/Archives/edgar/data/798528/000119312525213431/d77088d8k.htm,2025-09-18,2025-09-23 16:30:49,https://www.sec.gov/Archives/edgar/data/798528/0001193125-25-213431-index.html,Item 3.02,Item 3.02,False,True,,,True,ATM,Tier-1,https://www.sec.gov/Archives/edgar/data/798528/000119312525213431/d77088d8k.htm,,True,Tier-1,Financing,,True,purchase_agreement;convertible;warrant,
0000798528,ODYSSEY MARINE EXPLORATION INC,OMEX,8-K,2025-08-14,2025-08-08,2025-08-08,0001193125-25-180836,https://www.sec.gov/Archives/edgar/data/798528/000119312525180836/d824503d8k.htm,https://www.sec.gov/Archives/edgar/data/798528/000119312525180836/d824503d8k.htm,2025-08-08,2025-08-14 16:33:08,https://www.sec.gov/Archives/edgar/data/798528/0001193125-25-180836-index.html,Item 3.02,Item 3.02,False,True,,,True,ATM,Tier-1,https://www.sec.gov/Archives/edgar/data/798528/000119312525180836/d824503d8k.htm,,True,Tier-1,Financing,,True,purchase_agreement;convertible;warrant,
0001609804,Orion S.A.,OEC,8-K,2025-05-07,2025-05-07,2025-05-07,0001609804-25-000014,https://www.sec.gov/Archives/edgar/data/1609804/000160980425000014/oec-20250507.htm,https://www.sec.gov/Archives/edgar/data/1609804/000160980425000014/oec-20250507.htm,2025-05-07,2025-05-07 16:36:10,https://www.sec.gov/Archives/edgar/data/1609804/0001609804-25-000014-index.html,Item 2.02; Item 9.01,Item 2.02; Item 9.01,True,True,a2025q1earningsrelease.htm,,True,ATM,Tier-1,https://www.sec.gov/Archives/edgar/data/1609804/000160980425000014/oec-20250507.htm,,True,Tier-1,Financing,,True,offering,
0000798528,ODYSSEY MARINE EXPLORATION INC,OMEX,8-K,2025-08-01,2025-07-28,2025-07-28,0001193125-25-171689,https://www.sec.gov/Archives/edgar/data/798528/000119312525171689/d893179d8k.htm,https://www.sec.gov/Archives/edgar/data/798528/000119312525171689/d893179d8k.htm,2025-07-28,2025-08-01 16:30:28,https://www.sec.gov/Archives/edgar/data/798528/0001193125-25-171689-index.html,Item 3.02,Item 3.02,False,True,,,True,ATM,Tier-1,https://www.sec.gov/Archives/edgar/data/798528/000119312525171689/d893179d8k.htm,,True,Tier-1,Financing,,True,spa;purchase_agreement;warrant,
0000798528,ODYSSEY MARINE EXPLORATION INC,OMEX,8-K,2025-06-10,2025-06-04,2025-06-04,0001193125-25-138536,https://www.sec.gov/Archives/edgar/data/798528/000119312525138536/d924157d8k.htm,https://www.sec.gov/Archives/edgar/data/798528/000119312525138536/d924157d8k.htm,2025-06-04,2025-06-10 17:26:09,https://www.sec.gov/Archives/edgar/data/798528/0001193125-25-138536-index.html,Item 1.01; Item 3.02; Item 5.07,Item 1.01; Item 3.02; Item 5.07,False,True,,,True,ATM,Tier-1,https://www.sec.gov/Archives/edgar/data/798528/000119312525138536/d924157d8k.htm,,True,Tier-1,Financing,,True,offering,
0000798528,ODYSSEY MARINE EXPLORATION INC,OMEX,8-K,2025-03-03,2025-02-25,2025-02-25,0001193125-25-044063,https://www.sec.gov/Archives/edgar/data/798528/000119312525044063/d878320d8k.htm,https://www.sec.gov/Archives/edgar/data/798528/000119312525044063/d878320d8k.htm,2025-02-25,2025-03-03 15:47:20,https://www.sec.gov/Archives/edgar/data/798528/0001193125-25-044063-index.html,Item 5.02; Item 8.01; Item 9.01,Item 5.02; Item 8.01; Item 9.01,True,True,d878320dex991.htm,,True,ATM,Tier-1,https://www.sec.gov/Archives/edgar/data/798528/000119312525044063/d878320d8k.htm,,True,Tier-1,Financing,,True,offering,
0001873923,Orion Properties Inc.,ONL,8-K,2025-09-22,2025-09-22,2025-09-22,0001873923-25-000124,https://www.sec.gov/Archives/edgar/data/1873923/000187392325000124/onl-20250922.htm,https://www.sec.gov/Archives/edgar/data/1873923/000187392325000124/onl-20250922.htm,2025-09-22,2025-09-22 16:21:49,https://www.sec.gov/Archives/edgar/data/1873923/0001873923-25-000124-index.html,Item 7.01; Item 9.01,Item 7.01; Item 9.01,True,True,orioninvestorpresentatio.htm,,True,GuidanceUp,Tier-1,https://www.sec.gov/Archives/edgar/data/1873923/000187392325000124/onl-20250922.htm,,True,Tier-2,,,False,,
0001873923,Orion Properties Inc.,ONL,8-K,2025-11-06,2025-11-06,2025-11-06,0001873923-25-000129,https://www.sec.gov/Archives/edgar/data/1873923/000187392325000129/onl-20251106.htm,https://www.sec.gov/Archives/edgar/data/1873923/000187392325000129/onl-20251106.htm,2025-11-06,2025-11-06 16:20:04,https://www.sec.gov/Archives/edgar/data/1873923/0001873923-25-000129-index.html,Item 2.02; Item 9.01,Item 2.02; Item 9.01,True,True,exhibit991orionpressreleas.htm; exhibit992orionsupplemen.htm,,True,ATM,Tier-1,https://www.sec.gov/Archives/edgar/data/1873923/000187392325000129/onl-20251106.htm,,True,Tier-1,Financing,,True,offering,
0001873923,Orion Properties Inc.,ONL,8-K,2025-08-06,2025-08-06,2025-08-06,0001873923-25-000116,https://www.sec.gov/Archives/edgar/data/1873923/000187392325000116/onl-20250806.htm,https://www.sec.gov/Archives/edgar/data/1873923/000187392325000116/onl-20250806.htm,2025-08-06,2025-08-06 16:19:04,https://www.sec.gov/Archives/edgar/data/1873923/0001873923-25-000116-index.html,Item 2.02; Item 9.01,Item 2.02; Item 9.01,True,True,exhibit991orionpressreleas.htm; exhibit992orionsupplemen.htm,,True,ATM,Tier-1,https://www.sec.gov/Archives/edgar/data/1873923/000187392325000116/onl-20250806.htm,,True,Tier-1,Financing,,True,offering,
0001873923,Orion Properties Inc.,ONL,8-K,2025-04-11,2025-04-10,2025-04-10,0001873923-25-000076,https://www.sec.gov/Archives/edgar/data/1873923/000187392325000076/onl-20250410.htm,https://www.sec.gov/Archives/edgar/data/1873923/000187392325000076/onl-20250410.htm,2025-04-10,2025-04-11 07:00:49,https://www.sec.gov/Archives/edgar/data/1873923/0001873923-25-000076-index.html,Item 7.01; Item 9.01,Item 7.01; Item 9.01,True,True,orion2025updatepressrele.htm,,True,ContractAward,Tier-1,https://www.sec.gov/Archives/edgar/data/1873923/000187392325000076/onl-20250410.htm,,True,Tier-2,,,False,,
0001873923,Orion Properties Inc.,ONL,8-K,2025-05-07,2025-05-07,2025-05-07,0001873923-25-000081,https://www.sec.gov/Archives/edgar/data/1873923/000187392325000081/onl-20250507.htm,https://www.sec.gov/Archives/edgar/data/1873923/000187392325000081/onl-20250507.htm,2025-05-07,2025-05-07 16:18:55,https://www.sec.gov/Archives/edgar/data/1873923/0001873923-25-000081-index.html,Item 2.02; Item 9.01,Item 2.02; Item 9.01,True,True,exhibit991orionpressreleas.htm; exhibit992orionsupplemen.htm,,True,GuidanceUp,Tier-1,https://www.sec.gov/Archives/edgar/data/1873923/000187392325000081/onl-20250507.htm,,True,Tier-2,,,False,,
0001825024,Offerpad Solutions Inc.,OPAD,8-K,2025-10-20,2025-10-20,2025-10-20,0001193125-25-243790,https://www.sec.gov/Archives/edgar/data/1825024/000119312525243790/d72059d8k.htm,https://www.sec.gov/Archives/edgar/data/1825024/000119312525243790/d72059d8k.htm,2025-10-20,2025-10-20 17:21:49,https://www.sec.gov/Archives/edgar/data/1825024/0001193125-25-243790-index.html,Item 2.02; Item 8.01,Item 2.02; Item 8.01,False,True,,,True,ATM,Tier-1,https://www.sec.gov/Archives/edgar/data/1825024/000119312525243790/d72059d8k.htm,,True,Tier-1,Financing,,True,warrant;offering,
0001825024,Offerpad Solutions Inc.,OPAD,8-K,2025-08-28,2025-08-28,2025-08-28,0001193125-25-191263,https://www.sec.gov/Archives/edgar/data/1825024/000119312525191263/d934945d8k.htm,https://www.sec.gov/Archives/edgar/data/1825024/000119312525191263/d934945d8k.htm,2025-08-28,2025-08-28 16:23:05,https://www.sec.gov/Archives/edgar/data/1825024/0001193125-25-191263-index.html,Item 8.01; Item 9.01,Item 8.01; Item 9.01,False,True,,d934945dex11.htm,True,ATM,Tier-1,https://www.sec.gov/Archives/edgar/data/1825024/000119312525191263/d934945d8k.htm,,True,Tier-1,Financing,,True,offering,
0001825024,Offerpad Solutions Inc.,OPAD,8-K,2025-07-28,2025-07-24,2025-07-24,0001193125-25-165608,https://www.sec.gov/Archives/edgar/data/1825024/000119312525165608/d66233d8k.htm,https://www.sec.gov/Archives/edgar/data/1825024/000119312525165608/d66233d8k.htm,2025-07-24,2025-07-25 19:04:09,https://www.sec.gov/Archives/edgar/data/1825024/0001193125-25-165608-index.html,Item 1.01; Item 3.02; Item 9.01,Item 1.01; Item 3.02; Item 9.01,False,True,,d66233dex11.htm; d66233dex101.htm,True,ATM,Tier-1,https://www.sec.gov/Archives/edgar/data/1825024/000119312525165608/d66233d8k.htm,,True,Tier-1,Financing,,True,registered_direct;spa;purchase_agreement;warrant;offering,
0001825024,Offerpad Solutions Inc.,OPAD,8-K,2025-07-23,2025-07-23,2025-07-23,0001193125-25-163477,https://www.sec.gov/Archives/edgar/data/1825024/000119312525163477/d947007d8k.htm,https://www.sec.gov/Archives/edgar/data/1825024/000119312525163477/d947007d8k.htm,2025-07-23,2025-07-23 17:06:40,https://www.sec.gov/Archives/edgar/data/1825024/0001193125-25-163477-index.html,Item 2.02; Item 8.01,Item 2.02; Item 8.01,False,True,,,True,ATM,Tier-1,https://www.sec.gov/Archives/edgar/data/1825024/000119312525163477/d947007d8k.htm,,True,Tier-1,Financing,,True,warrant;offering,
0001873923,Orion Office REIT Inc.,ONL,8-K,2025-03-05,2025-03-05,2025-03-05,0001873923-25-000031,https://www.sec.gov/Archives/edgar/data/1873923/000187392325000031/onl-20250305.htm,https://www.sec.gov/Archives/edgar/data/1873923/000187392325000031/onl-20250305.htm,2025-03-05,2025-03-05 16:19:51,https://www.sec.gov/Archives/edgar/data/1873923/0001873923-25-000031-index.html,Item 7.01,Item 7.01,True,True,exhibit991orionpressreleas.htm; exhibit992orionsupplemen.htm,exhibit101-firstamendmen.htm,True,FDA,Tier-1,https://www.sec.gov/Archives/edgar/data/1873923/000187392325000031/onl-20250305.htm,,True,Tier-2,,,False,,
0001825024,Offerpad Solutions Inc.,OPAD,8-K,2025-11-03,2025-11-03,2025-11-03,0001193125-25-262580,https://www.sec.gov/Archives/edgar/data/1825024/000119312525262580/d18006d8k.htm,https://www.sec.gov/Archives/edgar/data/1825024/000119312525262580/d18006d8k.htm,2025-11-03,2025-11-03 16:15:25,https://www.sec.gov/Archives/edgar/data/1825024/0001193125-25-262580-index.html,Item 2.02; Item 9.01,Item 2.02; Item 9.01,True,True,d18006dex991.htm,,True,ATM,Tier-1,https://www.sec.gov/Archives/edgar/data/1825024/000119312525262580/d18006d8k.htm,,True,Tier-1,Financing,,True,warrant;offering,
0001825024,Offerpad Solutions Inc.,OPAD,8-K,2025-08-04,2025-08-04,2025-08-04,0001193125-25-172625,https://www.sec.gov/Archives/edgar/data/1825024/000119312525172625/d946681d8k.htm,https://www.sec.gov/Archives/edgar/data/1825024/000119312525172625/d946681d8k.htm,2025-08-04,2025-08-04 16:19:32,https://www.sec.gov/Archives/edgar/data/1825024/0001193125-25-172625-index.html,Item 2.02; Item 9.01,Item 2.02; Item 9.01,True,True,d946681dex991.htm,,True,ATM,Tier-1,https://www.sec.gov/Archives/edgar/data/1825024/000119312525172625/d946681d8k.htm,,True,Tier-1,Financing,,True,warrant;offering,
0002044523,Origin Investment Corp I,ORIQ,8-K,2025-09-09,2025-09-09,2025-09-09,0001641172-25-026935,https://www.sec.gov/Archives/edgar/data/2044523/000164117225026935/form8-k.htm,https://www.sec.gov/Archives/edgar/data/2044523/000164117225026935/form8-k.htm,2025-09-09,2025-09-09 08:11:40,https://www.sec.gov/Archives/edgar/data/2044523/0001641172-25-026935-index.html,Item 9.01,Item 9.01,True,True,ex99-1.htm,,True,ATM,Tier-1,https://www.sec.gov/Archives/edgar/data/2044523/000164117225026935/form8-k.htm,,True,Tier-1,Financing,,True,warrant;offering,
0002044523,Origin Investment Corp I,ORIQ,8-K,2025-07-23,2025-07-16,2025-07-16,0001641172-25-020707,https://www.sec.gov/Archives/edgar/data/2044523/000164117225020707/form8-k.htm,https://www.sec.gov/Archives/edgar/data/2044523/000164117225020707/form8-k.htm,2025-07-16,2025-07-23 16:36:12,https://www.sec.gov/Archives/edgar/data/2044523/0001641172-25-020707-index.html,Item 9.01,Item 9.01,True,True,ex99-1.htm; ex99-2.htm,,True,ATM,Tier-1,https://www.sec.gov/Archives/edgar/data/2044523/000164117225020707/form8-k.htm,,True,Tier-1,Financing,,True,offering,
0002044523,Origin Investment Corp I,ORIQ,8-K,2025-07-10,2025-07-03,2025-07-03,0001641172-25-018634,https://www.sec.gov/Archives/edgar/data/2044523/000164117225018634/form8-k.htm,https://www.sec.gov/Archives/edgar/data/2044523/000164117225018634/form8-k.htm,2025-07-03,2025-07-10 17:29:54,https://www.sec.gov/Archives/edgar/data/2044523/0001641172-25-018634-index.html,Item 9.01,Item 9.01,True,True,ex99-1.htm,,True,ATM,Tier-1,https://www.sec.gov/Archives/edgar/data/2044523/000164117225018634/form8-k.htm,,True,Tier-1,Financing,,True,underwriting_agreement;convertible;warrant;offering,
0001176309,ORAMED PHARMACEUTICALS INC.,ORMP,8-K,2025-11-17,2025-11-17,2025-11-17,0001213900-25-111310,https://www.sec.gov/Archives/edgar/data/1176309/000121390025111310/ea0265949-8k_oramed.htm,https://www.sec.gov/Archives/edgar/data/1176309/000121390025111310/ea0265949-8k_oramed.htm,2025-11-17,2025-11-17 09:05:55,https://www.sec.gov/Archives/edgar/data/1176309/0001213900-25-111310-index.html,Item 2.02; Item 9.01,Item 2.02; Item 9.01,True,True,ea026594901ex99-1_oramed.htm,,True,FDA,Tier-1,https://www.sec.gov/Archives/edgar/data/1176309/000121390025111310/ea0265949-8k_oramed.htm,,True,Tier-2,,,False,,
0002044523,Origin Investment Corp I,ORIQ,8-K,2025-07-08,2025-07-01,2025-07-01,0001641172-25-018191,https://www.sec.gov/Archives/edgar/data/2044523/000164117225018191/form8-k.htm,https://www.sec.gov/Archives/edgar/data/2044523/000164117225018191/form8-k.htm,2025-07-01,2025-07-08 16:05:50,https://www.sec.gov/Archives/edgar/data/2044523/0001641172-25-018191-index.html,Item 1.01; Item 3.02; Item 5.03; Item 8.01,Item 1.01; Item 3.02; Item 5.03; Item 8.01,True,True,ex99-1.htm; ex99-2.htm,ex1-1.htm; ex10-1.htm; ex10-2.htm; ex10-3.htm; ex10-4.htm; ex10-5.htm; ex10-6.htm,True,ATM,Tier-1,https://www.sec.gov/Archives/edgar/data/2044523/000164117225018191/form8-k.htm,,True,Tier-1,Financing,,True,purchase_agreement;underwriting_agreement;warrant;offering,
0001825024,Offerpad Solutions Inc.,OPAD,8-K,2025-05-05,2025-05-05,2025-05-05,0001193125-25-112790,https://www.sec.gov/Archives/edgar/data/1825024/000119312525112790/d920688d8k.htm,https://www.sec.gov/Archives/edgar/data/1825024/000119312525112790/d920688d8k.htm,2025-05-05,2025-05-05 16:15:35,https://www.sec.gov/Archives/edgar/data/1825024/0001193125-25-112790-index.html,Item 2.02; Item 9.01,Item 2.02; Item 9.01,True,True,d920688dex991.htm,,True,ATM,Tier-1,https://www.sec.gov/Archives/edgar/data/1825024/000119312525112790/d920688d8k.htm,,True,Tier-1,Financing,,True,warrant;offering,
0001176309,ORAMED PHARMACEUTICALS INC.,ORMP,8-K,2025-11-17,2025-11-16,2025-11-16,0001213900-25-111298,https://www.sec.gov/Archives/edgar/data/1176309/000121390025111298/ea0265959-8k_oramed.htm,https://www.sec.gov/Archives/edgar/data/1176309/000121390025111298/ea0265959-8k_oramed.htm,2025-11-16,2025-11-17 08:50:42,https://www.sec.gov/Archives/edgar/data/1176309/0001213900-25-111298-index.html,Item 3.03; Item 9.01,Item 3.03; Item 9.01,True,True,ea026595901ex99-1_oramed.htm,,True,ATM,Tier-1,https://www.sec.gov/Archives/edgar/data/1176309/000121390025111298/ea0265959-8k_oramed.htm,,True,Tier-2,,,False,,
0001176309,ORAMED PHARMACEUTICALS INC.,ORMP,8-K,2025-10-06,2025-09-30,2025-09-30,0001213900-25-096322,https://www.sec.gov/Archives/edgar/data/1176309/000121390025096322/ea0260371-8k_oramed.htm,https://www.sec.gov/Archives/edgar/data/1176309/000121390025096322/ea0260371-8k_oramed.htm,2025-09-30,2025-10-06 09:28:16,https://www.sec.gov/Archives/edgar/data/1176309/0001213900-25-096322-index.html,Item 8.01,Item 8.01,False,True,,,True,ATM,Tier-1,https://www.sec.gov/Archives/edgar/data/1176309/000121390025096322/ea0260371-8k_oramed.htm,,True,Tier-1,Financing,,True,warrant,
0001176309,ORAMED PHARMACEUTICALS INC.,ORMP,8-K,2025-10-24,2025-10-20,2025-10-20,0001213900-25-101825,https://www.sec.gov/Archives/edgar/data/1176309/000121390025101825/ea0262319-8k_oramed.htm,https://www.sec.gov/Archives/edgar/data/1176309/000121390025101825/ea0262319-8k_oramed.htm,2025-10-20,2025-10-23 19:39:47,https://www.sec.gov/Archives/edgar/data/1176309/0001213900-25-101825-index.html,Item 1.01; Item 1.02; Item 2.02; Item 8.01; Item 9.01,Item 1.01; Item 1.02; Item 2.02; Item 8.01; Item 9.01,True,True,ea026231901ex99-1_oramed.htm,ea026231901ex10-1_oramed.htm,True,ATM,Tier-1,https://www.sec.gov/Archives/edgar/data/1176309/000121390025101825/ea0262319-8k_oramed.htm,,True,Tier-1,Financing,,True,purchase_agreement;convertible;warrant,
0001176309,ORAMED PHARMACEUTICALS INC.,ORMP,8-K,2025-07-23,2025-07-22,2025-07-22,0001213900-25-066819,https://www.sec.gov/Archives/edgar/data/1176309/000121390025066819/ea0248817-8k_oramed.htm,https://www.sec.gov/Archives/edgar/data/1176309/000121390025066819/ea0248817-8k_oramed.htm,2025-07-22,2025-07-23 08:36:03,https://www.sec.gov/Archives/edgar/data/1176309/0001213900-25-066819-index.html,Item 1.01; Item 8.01; Item 9.01,Item 1.01; Item 8.01; Item 9.01,False,True,,ea024881701ex10-1_oramed.htm,True,ATM,Tier-1,https://www.sec.gov/Archives/edgar/data/1176309/000121390025066819/ea0248817-8k_oramed.htm,,True,Tier-1,Financing,,True,spa;purchase_agreement;warrant,
0001176309,ORAMED PHARMACEUTICALS INC.,ORMP,8-K,2025-04-28,2025-04-24,2025-04-24,0001213900-25-036109,https://www.sec.gov/Archives/edgar/data/1176309/000121390025036109/ea0239800-8k_oramed.htm,https://www.sec.gov/Archives/edgar/data/1176309/000121390025036109/ea0239800-8k_oramed.htm,2025-04-24,2025-04-28 16:30:31,https://www.sec.gov/Archives/edgar/data/1176309/0001213900-25-036109-index.html,Item 1.01; Item 7.01; Item 9.01,Item 1.01; Item 7.01; Item 9.01,True,True,ea023980001ex99-1_oramed.htm,ea023980001ex10-1_oramed.htm,True,ATM,Tier-1,https://www.sec.gov/Archives/edgar/data/1176309/000121390025036109/ea0239800-8k_oramed.htm,,True,Tier-1,Financing,,True,registered_direct;spa;purchase_agreement;warrant;offering,
0001394056,"ONE STOP SYSTEMS, INC.",OSS,8-K,2025-10-01,2025-10-01,2025-10-01,0001193125-25-226784,https://www.sec.gov/Archives/edgar/data/1394056/000119312525226784/oss-20251001.htm,https://www.sec.gov/Archives/edgar/data/1394056/000119312525226784/oss-20251001.htm,2025-10-01,2025-10-01 16:15:03,https://www.sec.gov/Archives/edgar/data/1394056/0001193125-25-226784-index.html,Item 1.01; Item 9.01,Item 1.01; Item 9.01,True,True,oss-ex99_1.htm; oss-ex99_2.htm,oss-ex10_1.htm; oss-ex10_2.htm; oss-ex10_3.htm,False,ATM,Tier-1,https://www.sec.gov/Archives/edgar/data/1394056/000119312525226784/oss-20251001.htm,,True,Tier-1,Financing,,True,registered_direct;spa;purchase_agreement;convertible;warrant;offering,
0001176309,ORAMED PHARMACEUTICALS INC.,ORMP,8-K,2025-03-03,2025-02-28,2025-02-28,0001213900-25-019437,https://www.sec.gov/Archives/edgar/data/1176309/000121390025019437/ea0232721-8k_oramed.htm,https://www.sec.gov/Archives/edgar/data/1176309/000121390025019437/ea0232721-8k_oramed.htm,2025-02-28,2025-03-03 16:30:09,https://www.sec.gov/Archives/edgar/data/1176309/0001213900-25-019437-index.html,Item 1.01; Item 9.01,Item 1.01; Item 9.01,False,True,,ea023272101ex10-1_oramed.htm; ea023272101ex10-2_oramed.htm; ea023272101ex10-3_oramed.htm; ea023272101ex10-4_oramed.htm; ea023272101ex10-5_oramed.htm,True,ATM,Tier-1,https://www.sec.gov/Archives/edgar/data/1176309/000121390025019437/ea0232721-8k_oramed.htm,,True,Tier-1,Financing,,True,convertible;warrant;offering,
0001394056,"ONE STOP SYSTEMS, INC.",OSS,8-K,2025-05-09,2025-05-08,2025-05-08,0000950170-25-067510,https://www.sec.gov/Archives/edgar/data/1394056/000095017025067510/oss-20250508.htm,https://www.sec.gov/Archives/edgar/data/1394056/000095017025067510/oss-20250508.htm,2025-05-08,2025-05-09 08:00:03,https://www.sec.gov/Archives/edgar/data/1394056/0000950170-25-067510-index.html,Item 5.02; Item 9.01,Item 5.02; Item 9.01,True,True,oss-ex99_1.htm,,False,OtherEvent,Tier-2,https://www.sec.gov/Archives/edgar/data/1394056/000095017025067510/oss-20250508.htm,,True,Tier-2,,,False,,
0001394056,"ONE STOP SYSTEMS, INC.",OSS,8-K,2025-04-21,2025-04-21,2025-04-21,0000950170-25-055997,https://www.sec.gov/Archives/edgar/data/1394056/000095017025055997/oss-20250421.htm,https://www.sec.gov/Archives/edgar/data/1394056/000095017025055997/oss-20250421.htm,2025-04-21,2025-04-21 06:12:04,https://www.sec.gov/Archives/edgar/data/1394056/0000950170-25-055997-index.html,Item 5.02; Item 9.01,Item 5.02; Item 9.01,True,True,oss-ex99_1.htm,,False,FDA,Tier-1,https://www.sec.gov/Archives/edgar/data/1394056/000095017025055997/oss-20250421.htm,,True,Tier-2,,,False,,
0001394056,"ONE STOP SYSTEMS, INC.",OSS,8-K,2025-04-15,2025-04-15,2025-04-15,0000950170-25-054332,https://www.sec.gov/Archives/edgar/data/1394056/000095017025054332/oss-20250415.htm,https://www.sec.gov/Archives/edgar/data/1394056/000095017025054332/oss-20250415.htm,2025-04-15,2025-04-15 17:30:04,https://www.sec.gov/Archives/edgar/data/1394056/0000950170-25-054332-index.html,Item 5.02; Item 5.03; Item 9.01,Item 5.02; Item 5.03; Item 9.01,True,True,oss-ex99_1.htm,,False,OtherEvent,Tier-2,https://www.sec.gov/Archives/edgar/data/1394056/000095017025054332/oss-20250415.htm,,True,Tier-2,,,False,,
0001394056,"ONE STOP SYSTEMS, INC.",OSS,8-K,2025-01-14,2025-01-14,2025-01-14,0000950170-25-005101,https://www.sec.gov/Archives/edgar/data/1394056/000095017025005101/oss-20250114.htm,https://www.sec.gov/Archives/edgar/data/1394056/000095017025005101/oss-20250114.htm,2025-01-14,2025-01-14 08:01:32,https://www.sec.gov/Archives/edgar/data/1394056/0000950170-25-005101-index.html,Item 7.01; Item 9.01,Item 7.01; Item 9.01,True,True,oss-ex99_1.htm,,True,ATM,Tier-1,https://www.sec.gov/Archives/edgar/data/1394056/000095017025005101/oss-20250114.htm,,True,Tier-1,Financing,,True,offering,
0001394056,"ONE STOP SYSTEMS, INC.",OSS,8-K,2024-11-06,2024-11-04,2024-11-04,0000950170-24-121832,https://www.sec.gov/Archives/edgar/data/1394056/000095017024121832/oss-20241104.htm,https://www.sec.gov/Archives/edgar/data/1394056/000095017024121832/oss-20241104.htm,2024-11-04,2024-11-06 08:01:24,https://www.sec.gov/Archives/edgar/data/1394056/0000950170-24-121832-index.html,Item 2.02; Item 5.02; Item 7.01; Item 9.01,Item 2.02; Item 5.02; Item 7.01; Item 9.01,True,True,oss-ex99_1.htm; oss-ex99_2.htm,oss-ex10_1.htm,True,FDA,Tier-1,https://www.sec.gov/Archives/edgar/data/1394056/000095017024121832/oss-20241104.htm,,True,Tier-2,,,False,,
0001394056,"ONE STOP SYSTEMS, INC.",OSS,8-K,2025-03-19,2025-03-18,2025-03-18,0000950170-25-041748,https://www.sec.gov/Archives/edgar/data/1394056/000095017025041748/oss-20250318.htm,https://www.sec.gov/Archives/edgar/data/1394056/000095017025041748/oss-20250318.htm,2025-03-18,2025-03-19 08:00:05,https://www.sec.gov/Archives/edgar/data/1394056/0000950170-25-041748-index.html,Item 2.02; Item 7.01; Item 9.01,Item 2.02; Item 7.01; Item 9.01,True,True,oss-ex99_1.htm,,False,ATM,Tier-1,https://www.sec.gov/Archives/edgar/data/1394056/000095017025041748/oss-20250318.htm,,True,Tier-1,Financing,,True,warrant;offering,
0001795091,OS Therapies Inc,OSTX,8-K,2025-09-02,2025-09-02,2025-09-02,0001213900-25-083396,https://www.sec.gov/Archives/edgar/data/1795091/000121390025083396/ea0255568-8k_ostherap.htm,https://www.sec.gov/Archives/edgar/data/1795091/000121390025083396/ea0255568-8k_ostherap.htm,2025-09-02,2025-09-02 16:28:09,https://www.sec.gov/Archives/edgar/data/1795091/0001213900-25-083396-index.html,Item 1.01; Item 3.02; Item 8.01; Item 9.01,Item 1.01; Item 3.02; Item 8.01; Item 9.01,True,True,ea025556801ex99-1_ostherap.htm,ea025556801ex10-1_ostherap.htm,True,ATM,Tier-1,https://www.sec.gov/Archives/edgar/data/1795091/000121390025083396/ea0255568-8k_ostherap.htm,,True,Tier-1,Financing,,True,warrant;offering,
0001795091,OS Therapies Inc,OSTX,8-K,2025-10-17,2025-10-14,2025-10-14,0001213900-25-100019,https://www.sec.gov/Archives/edgar/data/1795091/000121390025100019/ea0261257-8k_ostherapies.htm,https://www.sec.gov/Archives/edgar/data/1795091/000121390025100019/ea0261257-8k_ostherapies.htm,2025-10-14,2025-10-17 17:06:25,https://www.sec.gov/Archives/edgar/data/1795091/0001213900-25-100019-index.html,Item 7.01; Item 8.01; Item 9.01,Item 7.01; Item 8.01; Item 9.01,True,True,ea026125701ex99-1_osthera.htm,,True,ATM,Tier-1,https://www.sec.gov/Archives/edgar/data/1795091/000121390025100019/ea0261257-8k_ostherapies.htm,,True,Tier-2,,,False,,
0001795091,OS Therapies Inc,OSTX,8-K,2025-08-26,2025-08-25,2025-08-25,0001213900-25-080484,https://www.sec.gov/Archives/edgar/data/1795091/000121390025080484/ea0254579-8k_ostherap.htm,https://www.sec.gov/Archives/edgar/data/1795091/000121390025080484/ea0254579-8k_ostherap.htm,2025-08-25,2025-08-26 06:15:26,https://www.sec.gov/Archives/edgar/data/1795091/0001213900-25-080484-index.html,Item 1.02; Item 8.01; Item 9.01,Item 1.02; Item 8.01; Item 9.01,True,True,ea025457901ex99-1_ostherap.htm,,True,ATM,Tier-1,https://www.sec.gov/Archives/edgar/data/1795091/000121390025080484/ea0254579-8k_ostherap.htm,,True,Tier-1,Financing,,True,purchase_agreement;equity_line;warrant;offering,
0001795091,OS Therapies Inc,OSTX,8-K,2025-08-19,2025-08-19,2025-08-19,0001213900-25-078152,https://www.sec.gov/Archives/edgar/data/1795091/000121390025078152/ea0253711-8k_ostherap.htm,https://www.sec.gov/Archives/edgar/data/1795091/000121390025078152/ea0253711-8k_ostherap.htm,2025-08-19,2025-08-19 06:50:35,https://www.sec.gov/Archives/edgar/data/1795091/0001213900-25-078152-index.html,Item 2.02; Item 9.01,Item 2.02; Item 9.01,True,True,ea025371101ex99-1_ostherap.htm,,True,ATM,Tier-1,https://www.sec.gov/Archives/edgar/data/1795091/000121390025078152/ea0253711-8k_ostherap.htm,,True,Tier-1,Financing,,True,atm;warrant;offering,
0001795091,OS Therapies Inc,OSTX,8-K,2025-06-27,2025-06-26,2025-06-26,0001213900-25-058603,https://www.sec.gov/Archives/edgar/data/1795091/000121390025058603/ea0247272-8k_ostherap.htm,https://www.sec.gov/Archives/edgar/data/1795091/000121390025058603/ea0247272-8k_ostherap.htm,2025-06-26,2025-06-27 07:59:08,https://www.sec.gov/Archives/edgar/data/1795091/0001213900-25-058603-index.html,Item 1.01; Item 3.02,Item 1.01; Item 3.02,False,True,,,True,ATM,Tier-1,https://www.sec.gov/Archives/edgar/data/1795091/000121390025058603/ea0247272-8k_ostherap.htm,,True,Tier-1,Financing,,True,warrant,
0001795091,OS Therapies Inc,OSTX,8-K,2025-07-14,2025-07-11,2025-07-11,0001213900-25-063479,https://www.sec.gov/Archives/edgar/data/1795091/000121390025063479/ea0248754-8k_ostherap.htm,https://www.sec.gov/Archives/edgar/data/1795091/000121390025063479/ea0248754-8k_ostherap.htm,2025-07-11,2025-07-14 08:06:17,https://www.sec.gov/Archives/edgar/data/1795091/0001213900-25-063479-index.html,Item 1.01; Item 3.02; Item 8.01; Item 9.01,Item 1.01; Item 3.02; Item 8.01; Item 9.01,True,True,ea024875401ex99-1_ostherap.htm,,True,ATM,Tier-1,https://www.sec.gov/Archives/edgar/data/1795091/000121390025063479/ea0248754-8k_ostherap.htm,,True,Tier-1,Financing,,True,warrant;offering,
0002077010,OTG Acquisition Corp. I,OTGA,8-K,2025-10-29,2025-10-29,2025-10-29,0001493152-25-020087,https://www.sec.gov/Archives/edgar/data/2077010/000149315225020087/form8-k.htm,https://www.sec.gov/Archives/edgar/data/2077010/000149315225020087/form8-k.htm,2025-10-29,2025-10-29 16:35:27,https://www.sec.gov/Archives/edgar/data/2077010/0001493152-25-020087-index.html,Item 9.01,Item 9.01,True,True,ex99-1.htm,,True,ATM,Tier-1,https://www.sec.gov/Archives/edgar/data/2077010/000149315225020087/form8-k.htm,,True,Tier-1,Financing,,True,warrant;offering,
0001795091,OS Therapies Inc,OSTX,8-K,2025-06-24,2025-06-23,2025-06-23,0001213900-25-056911,https://www.sec.gov/Archives/edgar/data/1795091/000121390025056911/ea0246590-8k_ostherap.htm,https://www.sec.gov/Archives/edgar/data/1795091/000121390025056911/ea0246590-8k_ostherap.htm,2025-06-23,2025-06-24 08:02:11,https://www.sec.gov/Archives/edgar/data/1795091/0001213900-25-056911-index.html,Item 1.01; Item 3.02; Item 8.01; Item 9.01,Item 1.01; Item 3.02; Item 8.01; Item 9.01,True,True,ea024659001ex99-1_ostherap.htm,ea024659001ex10-1_ostherap.htm,True,ATM,Tier-1,https://www.sec.gov/Archives/edgar/data/1795091/000121390025056911/ea0246590-8k_ostherap.htm,,True,Tier-1,Financing,,True,warrant;offering,
0001649989,"Outlook Therapeutics, Inc.",OTLK,8-K,2025-11-03,2025-11-03,2025-11-03,0001104659-25-105633,https://www.sec.gov/Archives/edgar/data/1649989/000110465925105633/tm2530088d1_8k.htm,https://www.sec.gov/Archives/edgar/data/1649989/000110465925105633/tm2530088d1_8k.htm,2025-11-03,2025-11-03 17:01:16,https://www.sec.gov/Archives/edgar/data/1649989/0001104659-25-105633-index.html,Item 8.01; Item 9.01,Item 8.01; Item 9.01,True,True,tm2530088d1_ex99-1.htm,,True,ATM,Tier-1,https://www.sec.gov/Archives/edgar/data/1649989/000110465925105633/tm2530088d1_8k.htm,,True,Tier-2,,,False,,
0002077010,OTG Acquisition Corp. I,OTGA,8-K,2025-09-19,2025-09-15,2025-09-15,0001493152-25-014265,https://www.sec.gov/Archives/edgar/data/2077010/000149315225014265/form8-k.htm,https://www.sec.gov/Archives/edgar/data/2077010/000149315225014265/form8-k.htm,2025-09-15,2025-09-19 16:30:09,https://www.sec.gov/Archives/edgar/data/2077010/0001493152-25-014265-index.html,Item 9.01,Item 9.01,True,True,ex99-1.htm,,True,ATM,Tier-1,https://www.sec.gov/Archives/edgar/data/2077010/000149315225014265/form8-k.htm,,True,Tier-1,Financing,,True,underwriting_agreement;convertible;warrant;offering,
0002077010,OTG Acquisition Corp. I,OTGA,8-K,2025-09-15,2025-09-11,2025-09-11,0001493152-25-013496,https://www.sec.gov/Archives/edgar/data/2077010/000149315225013496/form8-k.htm,https://www.sec.gov/Archives/edgar/data/2077010/000149315225013496/form8-k.htm,2025-09-11,2025-09-15 16:35:34,https://www.sec.gov/Archives/edgar/data/2077010/0001493152-25-013496-index.html,Item 1.01; Item 3.02; Item 5.02; Item 5.03; Item 8.01; Item 9.01,Item 1.01; Item 3.02; Item 5.02; Item 5.03; Item 8.01; Item 9.01,True,True,ex99-1.htm; ex99-2.htm,ex1-1.htm; ex1-2.htm; ex1-3.htm; ex1-4.htm; ex10-1.htm; ex10-2.htm; ex10-3.htm; ex10-4.htm; ex10-5.htm; ex10-6.htm,True,ATM,Tier-1,https://www.sec.gov/Archives/edgar/data/2077010/000149315225013496/form8-k.htm,,True,Tier-1,Financing,,True,purchase_agreement;underwriting_agreement;warrant;offering,
0001649989,"Outlook Therapeutics, Inc.",OTLK,8-K,2025-09-29,2025-09-29,2025-09-29,0001104659-25-094558,https://www.sec.gov/Archives/edgar/data/1649989/000110465925094558/tm2527376d1_8k.htm,https://www.sec.gov/Archives/edgar/data/1649989/000110465925094558/tm2527376d1_8k.htm,2025-09-29,2025-09-29 17:00:33,https://www.sec.gov/Archives/edgar/data/1649989/0001104659-25-094558-index.html,Item 8.01; Item 9.01,Item 8.01; Item 9.01,True,True,tm2527376d1_ex99-1.htm,,True,ATM,Tier-1,https://www.sec.gov/Archives/edgar/data/1649989/000110465925094558/tm2527376d1_8k.htm,,True,Tier-2,,,False,,
0001649989,"Outlook Therapeutics, Inc.",OTLK,8-K,2025-09-02,2025-08-28,2025-08-28,0001104659-25-086428,https://www.sec.gov/Archives/edgar/data/1649989/000110465925086428/tm2524956d1_8k.htm,https://www.sec.gov/Archives/edgar/data/1649989/000110465925086428/tm2524956d1_8k.htm,2025-08-28,2025-09-02 17:00:49,https://www.sec.gov/Archives/edgar/data/1649989/0001104659-25-086428-index.html,Item 8.01; Item 9.01,Item 8.01; Item 9.01,True,True,tm2524956d1_ex99-1.htm,,True,ATM,Tier-1,https://www.sec.gov/Archives/edgar/data/1649989/000110465925086428/tm2524956d1_8k.htm,,True,Tier-2,,,False,,
0001649989,"Outlook Therapeutics, Inc.",OTLK,8-K,2025-05-23,2025-05-22,2025-05-22,0001104659-25-052452,https://www.sec.gov/Archives/edgar/data/1649989/000110465925052452/tm2516054d1_8k.htm,https://www.sec.gov/Archives/edgar/data/1649989/000110465925052452/tm2516054d1_8k.htm,2025-05-22,2025-05-23 16:22:38,https://www.sec.gov/Archives/edgar/data/1649989/0001104659-25-052452-index.html,Item 8.01; Item 9.01,Item 8.01; Item 9.01,False,True,,tm2516054d1_ex1-1.htm,True,ATM,Tier-1,https://www.sec.gov/Archives/edgar/data/1649989/000110465925052452/tm2516054d1_8k.htm,,True,Tier-1,Financing,,True,underwriting_agreement;warrant;offering,
0001649989,"Outlook Therapeutics, Inc.",OTLK,8-K,2025-08-14,2025-08-14,2025-08-14,0001104659-25-078622,https://www.sec.gov/Archives/edgar/data/1649989/000110465925078622/tm2523462d1_8k.htm,https://www.sec.gov/Archives/edgar/data/1649989/000110465925078622/tm2523462d1_8k.htm,2025-08-14,2025-08-14 16:17:25,https://www.sec.gov/Archives/edgar/data/1649989/0001104659-25-078622-index.html,Item 2.02; Item 9.01,Item 2.02; Item 9.01,True,True,tm2523462d1_ex99-1.htm,,True,ATM,Tier-1,https://www.sec.gov/Archives/edgar/data/1649989/000110465925078622/tm2523462d1_8k.htm,,True,Tier-1,Financing,,True,convertible;warrant,
0001649989,"Outlook Therapeutics, Inc.",OTLK,8-K,2025-05-15,2025-05-15,2025-05-15,0001104659-25-049411,https://www.sec.gov/Archives/edgar/data/1649989/000110465925049411/tm2515284d1_8k.htm,https://www.sec.gov/Archives/edgar/data/1649989/000110465925049411/tm2515284d1_8k.htm,2025-05-15,2025-05-15 16:05:46,https://www.sec.gov/Archives/edgar/data/1649989/0001104659-25-049411-index.html,Item 2.02; Item 9.01,Item 2.02; Item 9.01,True,True,tm2515284d1_ex99-1.htm,,True,ATM,Tier-1,https://www.sec.gov/Archives/edgar/data/1649989/000110465925049411/tm2515284d1_8k.htm,,True,Tier-1,Financing,,True,convertible;warrant,
0001636651,Ovid Therapeutics Inc.,OVID,8-K,2025-10-03,2025-10-02,2025-10-02,0001193125-25-230409,https://www.sec.gov/Archives/edgar/data/1636651/000119312525230409/d45212d8k.htm,https://www.sec.gov/Archives/edgar/data/1636651/000119312525230409/d45212d8k.htm,2025-10-02,2025-10-03 17:09:37,https://www.sec.gov/Archives/edgar/data/1636651/0001193125-25-230409-index.html,Item 1.01; Item 3.02; Item 5.03; Item 8.01; Item 9.01,Item 1.01; Item 3.02; Item 5.03; Item 8.01; Item 9.01,True,True,d45212dex991.htm,d45212dex101.htm; d45212dex102.htm,True,ATM,Tier-1,https://www.sec.gov/Archives/edgar/data/1636651/000119312525230409/d45212d8k.htm,,True,Tier-1,Financing,,True,spa;purchase_agreement;convertible;warrant,
0001636651,Ovid Therapeutics Inc.,OVID,8-K,2025-11-12,2025-11-12,2025-11-12,0001636651-25-000011,https://www.sec.gov/Archives/edgar/data/1636651/000163665125000011/ovid-20251112.htm,https://www.sec.gov/Archives/edgar/data/1636651/000163665125000011/ovid-20251112.htm,2025-11-12,2025-11-12 07:02:06,https://www.sec.gov/Archives/edgar/data/1636651/0001636651-25-000011-index.html,Item 2.02; Item 5.02; Item 9.01,Item 2.02; Item 5.02; Item 9.01,True,True,ovidexhibit9912025-q3.htm,,True,ATM,Tier-1,https://www.sec.gov/Archives/edgar/data/1636651/000163665125000011/ovid-20251112.htm,,True,Tier-1,Financing,,True,warrant,
0001636651,Ovid Therapeutics Inc.,OVID,8-K,2025-08-13,2025-08-13,2025-08-13,0001628280-25-040007,https://www.sec.gov/Archives/edgar/data/1636651/000162828025040007/ovid-20250813.htm,https://www.sec.gov/Archives/edgar/data/1636651/000162828025040007/ovid-20250813.htm,2025-08-13,2025-08-13 08:02:28,https://www.sec.gov/Archives/edgar/data/1636651/0001628280-25-040007-index.html,Item 2.02; Item 9.01,Item 2.02; Item 9.01,True,True,ovid2025q2exhibit991.htm,,True,ATM,Tier-1,https://www.sec.gov/Archives/edgar/data/1636651/000162828025040007/ovid-20250813.htm,,True,Tier-2,,,False,,
0001636651,Ovid Therapeutics Inc.,OVID,8-K,2025-06-25,2025-06-25,2025-06-25,0001628280-25-032959,https://www.sec.gov/Archives/edgar/data/1636651/000162828025032959/ovid-20250625.htm,https://www.sec.gov/Archives/edgar/data/1636651/000162828025032959/ovid-20250625.htm,2025-06-25,2025-06-25 08:22:25,https://www.sec.gov/Archives/edgar/data/1636651/0001628280-25-032959-index.html,Item 9.01,Item 9.01,True,True,ovidexhibit2025-06x25.htm,,True,ATM,Tier-1,https://www.sec.gov/Archives/edgar/data/1636651/000162828025032959/ovid-20250625.htm,,True,Tier-2,,,False,,
0001636651,Ovid Therapeutics Inc.,OVID,8-K,2025-05-13,2025-05-13,2025-05-13,0001628280-25-024911,https://www.sec.gov/Archives/edgar/data/1636651/000162828025024911/ovid-20250513.htm,https://www.sec.gov/Archives/edgar/data/1636651/000162828025024911/ovid-20250513.htm,2025-05-13,2025-05-13 08:06:16,https://www.sec.gov/Archives/edgar/data/1636651/0001628280-25-024911-index.html,Item 2.02; Item 9.01,Item 2.02; Item 9.01,True,True,ovid2025q1exhibit991.htm,,True,ATM,Tier-1,https://www.sec.gov/Archives/edgar/data/1636651/000162828025024911/ovid-20250513.htm,,True,Tier-2,,,False,,
0002042182,Oyster Enterprises II Acquisition Corp,OYSE,8-K,2025-07-08,2025-07-08,2025-07-08,0001213900-25-062065,https://www.sec.gov/Archives/edgar/data/2042182/000121390025062065/ea0248204-8k_oyster2.htm,https://www.sec.gov/Archives/edgar/data/2042182/000121390025062065/ea0248204-8k_oyster2.htm,2025-07-08,2025-07-08 16:10:50,https://www.sec.gov/Archives/edgar/data/2042182/0001213900-25-062065-index.html,Item 8.01; Item 9.01,Item 8.01; Item 9.01,True,True,ea024820401ex99-1_oyster2.htm,,True,ATM,Tier-1,https://www.sec.gov/Archives/edgar/data/2042182/000121390025062065/ea0248204-8k_oyster2.htm,,True,Tier-1,Financing,,True,offering,
0001636651,Ovid Therapeutics Inc.,OVID,8-K,2025-03-11,2025-03-10,2025-03-10,0001628280-25-011839,https://www.sec.gov/Archives/edgar/data/1636651/000162828025011839/ovid-20250311.htm,https://www.sec.gov/Archives/edgar/data/1636651/000162828025011839/ovid-20250311.htm,2025-03-10,2025-03-11 08:51:30,https://www.sec.gov/Archives/edgar/data/1636651/0001628280-25-011839-index.html,Item 2.02; Item 9.01,Item 2.02; Item 9.01,True,True,ovid2024q4exhibit991.htm,,True,ATM,Tier-1,https://www.sec.gov/Archives/edgar/data/1636651/000162828025011839/ovid-20250311.htm,,True,Tier-2,,,False,,
0002042182,Oyster Enterprises II Acquisition Corp,OYSE,8-K,2025-05-27,2025-05-21,2025-05-21,0001213900-25-047509,https://www.sec.gov/Archives/edgar/data/2042182/000121390025047509/ea0243341-8k_oyster2.htm,https://www.sec.gov/Archives/edgar/data/2042182/000121390025047509/ea0243341-8k_oyster2.htm,2025-05-21,2025-05-23 21:29:57,https://www.sec.gov/Archives/edgar/data/2042182/0001213900-25-047509-index.html,Item 1.01; Item 3.02; Item 8.01; Item 9.01,Item 1.01; Item 3.02; Item 8.01; Item 9.01,True,True,ea024334101ex99-1_oyster2.htm; ea024334101ex99-2_oyster2.htm,ea024334101ex1-1_oyster2.htm; ea024334101ex10-1_oyster2.htm; ea024334101ex10-2_oyster2.htm; ea024334101ex10-3_oyster2.htm; ea024334101ex10-4_oyster2.htm; ea024334101ex10-5_oyster2.htm; ea024334101ex10-6_oyster2.htm; ea024334101ex10-7_oyster2.htm,True,ATM,Tier-1,https://www.sec.gov/Archives/edgar/data/2042182/000121390025047509/ea0243341-8k_oyster2.htm,,True,Tier-1,Financing,,True,purchase_agreement;underwriting_agreement;warrant;offering,
0002040381,Pioneer Acquisition I Corp,PACH,8-K,2025-08-12,2025-08-12,2025-08-12,0001829126-25-006115,https://www.sec.gov/Archives/edgar/data/2040381/000182912625006115/pioneeracq1_8k.htm,https://www.sec.gov/Archives/edgar/data/2040381/000182912625006115/pioneeracq1_8k.htm,2025-08-12,2025-08-12 16:05:31,https://www.sec.gov/Archives/edgar/data/2040381/0001829126-25-006115-index.html,Item 8.01; Item 9.01,Item 8.01; Item 9.01,True,True,pioneeracq1_ex99-1.htm,,True,ATM,Tier-1,https://www.sec.gov/Archives/edgar/data/2040381/000182912625006115/pioneeracq1_8k.htm,,True,Tier-1,Financing,,True,warrant;offering,
0002042182,Oyster Enterprises II Acquisition Corp,OYSE,8-K,2025-05-30,2025-05-23,2025-05-23,0001213900-25-049517,https://www.sec.gov/Archives/edgar/data/2042182/000121390025049517/ea0243728-8k_oyster2.htm,https://www.sec.gov/Archives/edgar/data/2042182/000121390025049517/ea0243728-8k_oyster2.htm,2025-05-23,2025-05-30 16:46:13,https://www.sec.gov/Archives/edgar/data/2042182/0001213900-25-049517-index.html,Item 8.01; Item 9.01,Item 8.01; Item 9.01,True,True,ea024372801ex99-1_oyster2.htm,,True,ATM,Tier-1,https://www.sec.gov/Archives/edgar/data/2042182/000121390025049517/ea0243728-8k_oyster2.htm,,True,Tier-1,Financing,,True,underwriting_agreement;convertible;warrant;offering,
0002040381,Pioneer Acquisition I Corp,PACH,8-K,2025-06-26,2025-06-20,2025-06-20,0001829126-25-004732,https://www.sec.gov/Archives/edgar/data/2040381/000182912625004732/pioneeracq1_8k.htm,https://www.sec.gov/Archives/edgar/data/2040381/000182912625004732/pioneeracq1_8k.htm,2025-06-20,2025-06-26 17:29:18,https://www.sec.gov/Archives/edgar/data/2040381/0001829126-25-004732-index.html,Item 8.01; Item 9.01,Item 8.01; Item 9.01,True,True,pioneeracq1_ex99-1.htm,,True,ATM,Tier-1,https://www.sec.gov/Archives/edgar/data/2040381/000182912625004732/pioneeracq1_8k.htm,,True,Tier-1,Financing,,True,purchase_agreement;underwriting_agreement;convertible;warrant;offering,
0002040381,Pioneer Acquisition I Corp,PACH,8-K,2025-06-20,2025-06-17,2025-06-17,0001829126-25-004628,https://www.sec.gov/Archives/edgar/data/2040381/000182912625004628/pioneeracq1_8k.htm,https://www.sec.gov/Archives/edgar/data/2040381/000182912625004628/pioneeracq1_8k.htm,2025-06-17,2025-06-20 17:25:09,https://www.sec.gov/Archives/edgar/data/2040381/0001829126-25-004628-index.html,Item 9.01,Item 9.01,True,True,pioneeracq1_ex99-1.htm; pioneeracq1_ex99-2.htm,pioneeracq1_ex1-1.htm; pioneeracq1_ex10-1.htm; pioneeracq1_ex10-2.htm; pioneeracq1_ex10-3.htm; pioneeracq1_ex10-4.htm; pioneeracq1_ex10-5.htm; pioneeracq1_ex10-6.htm; pioneeracq1_ex10-7.htm; pioneeracq1_ex10-8.htm; pioneeracq1_ex10-9.htm; pioneeracq1_ex10-10.htm,True,ATM,Tier-1,https://www.sec.gov/Archives/edgar/data/2040381/000182912625004628/pioneeracq1_8k.htm,,True,Tier-1,Financing,,True,purchase_agreement;underwriting_agreement;warrant;offering,
0001357459,"PALISADE BIO, INC.",PALI,8-K,2025-10-16,2025-10-15,2025-10-15,0001493152-25-018324,https://www.sec.gov/Archives/edgar/data/1357459/000149315225018324/form8-k.htm,https://www.sec.gov/Archives/edgar/data/1357459/000149315225018324/form8-k.htm,2025-10-15,2025-10-16 16:30:58,https://www.sec.gov/Archives/edgar/data/1357459/0001493152-25-018324-index.html,Item 8.01,Item 8.01,False,True,,,True,ATM,Tier-1,https://www.sec.gov/Archives/edgar/data/1357459/000149315225018324/form8-k.htm,,True,Tier-1,Financing,,True,warrant,
0001357459,"PALISADE BIO, INC.",PALI,8-K,2025-10-09,2025-10-09,2025-10-09,0001493152-25-017630,https://www.sec.gov/Archives/edgar/data/1357459/000149315225017630/form8-k.htm,https://www.sec.gov/Archives/edgar/data/1357459/000149315225017630/form8-k.htm,2025-10-09,2025-10-09 17:08:01,https://www.sec.gov/Archives/edgar/data/1357459/0001493152-25-017630-index.html,Item 8.01; Item 9.01,Item 8.01; Item 9.01,True,True,ex99-1.htm,,True,ATM,Tier-1,https://www.sec.gov/Archives/edgar/data/1357459/000149315225017630/form8-k.htm,,True,Tier-2,,,False,,
0001357459,"PALISADE BIO, INC.",PALI,8-K,2025-07-25,2025-07-23,2025-07-23,0001641172-25-020896,https://www.sec.gov/Archives/edgar/data/1357459/000164117225020896/form8-k.htm,https://www.sec.gov/Archives/edgar/data/1357459/000164117225020896/form8-k.htm,2025-07-23,2025-07-24 19:00:46,https://www.sec.gov/Archives/edgar/data/1357459/0001641172-25-020896-index.html,Item 1.01; Item 3.02; Item 8.01; Item 9.01,Item 1.01; Item 3.02; Item 8.01; Item 9.01,True,True,ex99-1.htm,ex10-1.htm,True,ATM,Tier-1,https://www.sec.gov/Archives/edgar/data/1357459/000164117225020896/form8-k.htm,,True,Tier-1,Financing,,True,warrant;offering,
0001830033,"PureCycle Technologies, Inc.",PCTTW,8-K,2025-11-03,2025-10-28,2025-10-28,0001193125-25-261755,https://www.sec.gov/Archives/edgar/data/1830033/000119312525261755/pct-20251028.htm,https://www.sec.gov/Archives/edgar/data/1830033/000119312525261755/pct-20251028.htm,2025-10-28,2025-11-03 08:31:36,https://www.sec.gov/Archives/edgar/data/1830033/0001193125-25-261755-index.html,Item 5.02; Item 9.01,Item 5.02; Item 9.01,True,True,pct-ex99_1.htm,,True,ATM,Tier-1,https://www.sec.gov/Archives/edgar/data/1830033/000119312525261755/pct-20251028.htm,,True,Tier-1,Financing,,True,convertible,
0001830033,"PureCycle Technologies, Inc.",PCTTW,8-K,2025-11-06,2025-11-06,2025-11-06,0001193125-25-269502,https://www.sec.gov/Archives/edgar/data/1830033/000119312525269502/pct-20251106.htm,https://www.sec.gov/Archives/edgar/data/1830033/000119312525269502/pct-20251106.htm,2025-11-06,2025-11-06 16:09:24,https://www.sec.gov/Archives/edgar/data/1830033/0001193125-25-269502-index.html,Item 1.01; Item 2.02; Item 7.01; Item 9.01,Item 1.01; Item 2.02; Item 7.01; Item 9.01,True,True,pct-ex99_1.htm; pct-ex99_2.htm,pct-ex10_1.htm,True,ListingChange,Tier-1,https://www.sec.gov/Archives/edgar/data/1830033/000119312525269502/pct-20251106.htm,,True,Tier-2,,,False,,
0001830033,"PureCycle Technologies, Inc.",PCTTW,8-K,2025-10-06,2025-10-01,2025-10-01,0001193125-25-230978,https://www.sec.gov/Archives/edgar/data/1830033/000119312525230978/pct-20251001.htm,https://www.sec.gov/Archives/edgar/data/1830033/000119312525230978/pct-20251001.htm,2025-10-01,2025-10-06 08:00:40,https://www.sec.gov/Archives/edgar/data/1830033/0001193125-25-230978-index.html,Item 7.01; Item 9.01,Item 7.01; Item 9.01,True,True,pct-ex99_1.htm,,True,ATM,Tier-1,https://www.sec.gov/Archives/edgar/data/1830033/000119312525230978/pct-20251001.htm,,True,Tier-2,,,False,,
0001830033,"PureCycle Technologies, Inc.",PCTTW,8-K,2025-06-23,2025-06-20,2025-06-20,0001104659-25-061724,https://www.sec.gov/Archives/edgar/data/1830033/000110465925061724/tm2518118d2_8k.htm,https://www.sec.gov/Archives/edgar/data/1830033/000110465925061724/tm2518118d2_8k.htm,2025-06-20,2025-06-23 17:00:52,https://www.sec.gov/Archives/edgar/data/1830033/0001104659-25-061724-index.html,Item 3.03; Item 9.01,Item 3.03; Item 9.01,False,True,,,True,ATM,Tier-1,https://www.sec.gov/Archives/edgar/data/1830033/000110465925061724/tm2518118d2_8k.htm,,True,Tier-1,Financing,,True,subscription_agreement;convertible,
0001830033,"PureCycle Technologies, Inc.",PCTTW,8-K,2025-08-07,2025-08-07,2025-08-07,0000950170-25-105020,https://www.sec.gov/Archives/edgar/data/1830033/000095017025105020/pct-20250807.htm,https://www.sec.gov/Archives/edgar/data/1830033/000095017025105020/pct-20250807.htm,2025-08-07,2025-08-07 16:10:08,https://www.sec.gov/Archives/edgar/data/1830033/0000950170-25-105020-index.html,Item 2.02; Item 7.01; Item 9.01,Item 2.02; Item 7.01; Item 9.01,True,True,pct-ex99_1.htm; pct-ex99_2.htm,,True,ATM,Tier-1,https://www.sec.gov/Archives/edgar/data/1830033/000095017025105020/pct-20250807.htm,,True,Tier-1,Financing,,True,convertible,
0001830033,"PureCycle Technologies, Inc.",PCTTW,8-K,2025-06-17,2025-06-17,2025-06-17,0000950170-25-087491,https://www.sec.gov/Archives/edgar/data/1830033/000095017025087491/pct-20250617.htm,https://www.sec.gov/Archives/edgar/data/1830033/000095017025087491/pct-20250617.htm,2025-06-17,2025-06-17 17:04:34,https://www.sec.gov/Archives/edgar/data/1830033/0000950170-25-087491-index.html,Item 7.01; Item 9.01,Item 7.01; Item 9.01,True,True,pct-ex99_1.htm,,True,ATM,Tier-1,https://www.sec.gov/Archives/edgar/data/1830033/000095017025087491/pct-20250617.htm,,True,Tier-1,Financing,,True,offering,
0001830033,"PureCycle Technologies, Inc.",PCTTW,8-K,2025-06-17,2025-06-16,2025-06-16,0001104659-25-060075,https://www.sec.gov/Archives/edgar/data/1830033/000110465925060075/tm2518118d1_8k.htm,https://www.sec.gov/Archives/edgar/data/1830033/000110465925060075/tm2518118d1_8k.htm,2025-06-16,2025-06-17 07:16:21,https://www.sec.gov/Archives/edgar/data/1830033/0001104659-25-060075-index.html,Item 1.01; Item 3.02; Item 7.01; Item 9.01,Item 1.01; Item 3.02; Item 7.01; Item 9.01,True,True,tm2518118d1_ex99-1.htm; tm2518118d1_ex99-2.htm,tm2518118d1_ex10-1.htm; tm2518118d1_ex10-2.htm; tm2518118d1_ex10-3.htm,True,ATM,Tier-1,https://www.sec.gov/Archives/edgar/data/1830033/000110465925060075/tm2518118d1_8k.htm,,True,Tier-1,Financing,,True,subscription_agreement;convertible;offering,
0001830033,"PureCycle Technologies, Inc.",PCTTW,8-K,2025-05-07,2025-05-07,2025-05-07,0000950170-25-065646,https://www.sec.gov/Archives/edgar/data/1830033/000095017025065646/pct-20250507.htm,https://www.sec.gov/Archives/edgar/data/1830033/000095017025065646/pct-20250507.htm,2025-05-07,2025-05-07 16:08:15,https://www.sec.gov/Archives/edgar/data/1830033/0000950170-25-065646-index.html,Item 2.02; Item 7.01; Item 9.01,Item 2.02; Item 7.01; Item 9.01,True,True,pct-ex99_1.htm; pct-ex99_2.htm,,True,ListingChange,Tier-1,https://www.sec.gov/Archives/edgar/data/1830033/000095017025065646/pct-20250507.htm,,True,Tier-1,Financing,,True,subscription_agreement,
0002037431,Pelican Acquisition Corp,PELI,8-K,2025-10-31,2025-10-31,2025-10-31,0001829126-25-008699,https://www.sec.gov/Archives/edgar/data/2037431/000182912625008699/pelicanacq_8k.htm,https://www.sec.gov/Archives/edgar/data/2037431/000182912625008699/pelicanacq_8k.htm,2025-10-31,2025-10-31 16:30:30,https://www.sec.gov/Archives/edgar/data/2037431/0001829126-25-008699-index.html,Item 7.01; Item 9.01,Item 7.01; Item 9.01,True,True,pelicanacq_ex99-1.htm,,True,OtherEvent,Tier-2,https://www.sec.gov/Archives/edgar/data/2037431/000182912625008699/pelicanacq_8k.htm,,True,Tier-2,,,False,,
0001830033,"PureCycle Technologies, Inc.",PCTTW,8-K,2025-04-15,2025-04-11,2025-04-11,0000950170-25-054230,https://www.sec.gov/Archives/edgar/data/1830033/000095017025054230/pct-20250411.htm,https://www.sec.gov/Archives/edgar/data/1830033/000095017025054230/pct-20250411.htm,2025-04-11,2025-04-15 16:04:08,https://www.sec.gov/Archives/edgar/data/1830033/0000950170-25-054230-index.html,Item 1.01; Item 3.03; Item 9.01,Item 1.01; Item 3.03; Item 9.01,False,True,,pct-ex10_1.htm,True,ATM,Tier-1,https://www.sec.gov/Archives/edgar/data/1830033/000095017025054230/pct-20250411.htm,,True,Tier-1,Financing,,True,warrant,
0002037431,Pelican Acquisition Corp,PELI,8-K,2025-06-11,2025-06-10,2025-06-10,0001829126-25-004409,https://www.sec.gov/Archives/edgar/data/2037431/000182912625004409/pelicanacq_8k.htm,https://www.sec.gov/Archives/edgar/data/2037431/000182912625004409/pelicanacq_8k.htm,2025-06-10,2025-06-11 16:54:42,https://www.sec.gov/Archives/edgar/data/2037431/0001829126-25-004409-index.html,Item 8.01; Item 9.01,Item 8.01; Item 9.01,True,True,pelicanacq_ex99-1.htm,,True,ATM,Tier-1,https://www.sec.gov/Archives/edgar/data/2037431/000182912625004409/pelicanacq_8k.htm,,True,Tier-1,Financing,,True,offering,
0002037431,Pelican Acquisition Corp,PELI,8-K,2025-09-10,2025-09-09,2025-09-09,0001829126-25-007274,https://www.sec.gov/Archives/edgar/data/2037431/000182912625007274/pelicanacq_8k.htm,https://www.sec.gov/Archives/edgar/data/2037431/000182912625007274/pelicanacq_8k.htm,2025-09-09,2025-09-10 09:17:12,https://www.sec.gov/Archives/edgar/data/2037431/0001829126-25-007274-index.html,Item 1.01; Item 7.01; Item 9.01,Item 1.01; Item 7.01; Item 9.01,True,True,pelicanacq_ex99-1.htm,pelicanacq_ex2-1.htm; pelicanacq_ex10-1.htm; pelicanacq_ex10-2.htm; pelicanacq_ex10-3.htm; pelicanacq_ex10-4.htm,True,ATM,Tier-1,https://www.sec.gov/Archives/edgar/data/2037431/000182912625007274/pelicanacq_8k.htm,,True,Tier-1,Financing,,True,warrant;offering,
0002037431,Pelican Acquisition Corp,PELI,8-K,2025-10-20,2025-10-17,2025-10-17,0001829126-25-008231,https://www.sec.gov/Archives/edgar/data/2037431/000182912625008231/pelicanacq_8k.htm,https://www.sec.gov/Archives/edgar/data/2037431/000182912625008231/pelicanacq_8k.htm,2025-10-17,2025-10-20 07:00:41,https://www.sec.gov/Archives/edgar/data/2037431/0001829126-25-008231-index.html,Item 7.01; Item 9.01,Item 7.01; Item 9.01,True,True,pelicanacq_ex99-1.htm,,True,OtherEvent,Tier-2,https://www.sec.gov/Archives/edgar/data/2037431/000182912625008231/pelicanacq_8k.htm,,True,Tier-2,,,False,,
0002037431,Pelican Acquisition Corp,PELI,8-K,2025-06-04,2025-05-30,2025-05-30,0001829126-25-004232,https://www.sec.gov/Archives/edgar/data/2037431/000182912625004232/pelicanacq_8k.htm,https://www.sec.gov/Archives/edgar/data/2037431/000182912625004232/pelicanacq_8k.htm,2025-05-30,2025-06-04 16:15:22,https://www.sec.gov/Archives/edgar/data/2037431/0001829126-25-004232-index.html,Item 8.01; Item 9.01,Item 8.01; Item 9.01,True,True,pelicanacq_ex99-1.htm; pelicanacq_ex99-2.htm,,True,ATM,Tier-1,https://www.sec.gov/Archives/edgar/data/2037431/000182912625004232/pelicanacq_8k.htm,,True,Tier-1,Financing,,True,offering,
0002037431,Pelican Acquisition Corp,PELI,8-K,2025-10-24,2025-10-20,2025-10-20,0001829126-25-008406,https://www.sec.gov/Archives/edgar/data/2037431/000182912625008406/pelicanacq_8k.htm,https://www.sec.gov/Archives/edgar/data/2037431/000182912625008406/pelicanacq_8k.htm,2025-10-20,2025-10-24 16:45:34,https://www.sec.gov/Archives/edgar/data/2037431/0001829126-25-008406-index.html,Item 7.01; Item 9.01,Item 7.01; Item 9.01,True,True,pelicanacq_ex99-1.htm,,True,ATM,Tier-1,https://www.sec.gov/Archives/edgar/data/2037431/000182912625008406/pelicanacq_8k.htm,,True,Tier-1,Financing,,True,warrant,
0002037431,Pelican Acquisition Corp,PELI,8-K,2025-05-28,2025-05-22,2025-05-22,0001829126-25-003997,https://www.sec.gov/Archives/edgar/data/2037431/000182912625003997/pelicanacq_8k.htm,https://www.sec.gov/Archives/edgar/data/2037431/000182912625003997/pelicanacq_8k.htm,2025-05-22,2025-05-28 16:06:14,https://www.sec.gov/Archives/edgar/data/2037431/0001829126-25-003997-index.html,Item 1.01; Item 3.02; Item 5.03; Item 8.01; Item 9.01,Item 1.01; Item 3.02; Item 5.03; Item 8.01; Item 9.01,True,True,pelicanacq_ex99-1.htm; pelicanacq_ex99-2.htm,pelicanacq_ex1-1.htm; pelicanacq_ex1-2.htm; pelicanacq_ex10-1.htm; pelicanacq_ex10-2.htm; pelicanacq_ex10-3.htm; pelicanacq_ex10-4.htm; pelicanacq_ex10-5.htm; pelicanacq_ex10-6.htm; pelicanacq_ex10-7.htm,True,ATM,Tier-1,https://www.sec.gov/Archives/edgar/data/2037431/000182912625003997/pelicanacq_8k.htm,,True,Tier-1,Financing,,True,purchase_agreement;underwriting_agreement;offering,
0002037431,Pelican Acquisition Corp,PELI,8-K,2025-06-03,2025-05-27,2025-05-27,0001829126-25-004179,https://www.sec.gov/Archives/edgar/data/2037431/000182912625004179/pelicanacq_8k.htm,https://www.sec.gov/Archives/edgar/data/2037431/000182912625004179/pelicanacq_8k.htm,2025-05-27,2025-06-03 16:05:15,https://www.sec.gov/Archives/edgar/data/2037431/0001829126-25-004179-index.html,Item 8.01; Item 9.01,Item 8.01; Item 9.01,True,True,pelicanacq_ex99-1.htm,,True,ATM,Tier-1,https://www.sec.gov/Archives/edgar/data/2037431/000182912625004179/pelicanacq_8k.htm,,True,Tier-1,Financing,,True,underwriting_agreement;subscription_agreement;convertible;offering,
0001040130,PETMED EXPRESS INC,PETS,8-K,2025-11-26,2025-11-26,2025-11-26,0001040130-25-000091,https://www.sec.gov/Archives/edgar/data/1040130/000104013025000091/pets-20251126.htm,https://www.sec.gov/Archives/edgar/data/1040130/000104013025000091/pets-20251126.htm,2025-11-26,2025-11-26 16:07:20,https://www.sec.gov/Archives/edgar/data/1040130/0001040130-25-000091-index.html,Item 1.01; Item 3.03; Item 8.01; Item 9.01,Item 1.01; Item 3.03; Item 8.01; Item 9.01,True,True,exhibit991pressrelease.htm,exhibit101changeofcontrola.htm,True,ATM,Tier-1,https://www.sec.gov/Archives/edgar/data/1040130/000104013025000091/pets-20251126.htm,,True,Tier-2,,,False,,
0001040130,PETMED EXPRESS INC,PETS,8-K,2025-11-13,2025-11-12,2025-11-12,0001040130-25-000086,https://www.sec.gov/Archives/edgar/data/1040130/000104013025000086/pets-20251112.htm,https://www.sec.gov/Archives/edgar/data/1040130/000104013025000086/pets-20251112.htm,2025-11-12,2025-11-13 08:31:59,https://www.sec.gov/Archives/edgar/data/1040130/0001040130-25-000086-index.html,Item 2.02; Item 3.01; Item 9.01,Item 2.02; Item 3.01; Item 9.01,True,True,petsannouncesf2q26prelimin.htm,,True,ListingChange,Tier-1,https://www.sec.gov/Archives/edgar/data/1040130/000104013025000086/pets-20251112.htm,,True,Tier-2,,,False,,
0001040130,PETMED EXPRESS INC,PETS,8-K,2025-10-14,2025-10-14,2025-10-14,0001040130-25-000074,https://www.sec.gov/Archives/edgar/data/1040130/000104013025000074/pets-20251014.htm,https://www.sec.gov/Archives/edgar/data/1040130/000104013025000074/pets-20251014.htm,2025-10-14,2025-10-14 16:48:21,https://www.sec.gov/Archives/edgar/data/1040130/0001040130-25-000074-index.html,Item 2.02; Item 9.01,Item 2.02; Item 9.01,True,True,pets-2025331xex991.htm,,True,ListingChange,Tier-1,https://www.sec.gov/Archives/edgar/data/1040130/000104013025000074/pets-20251014.htm,,True,Tier-2,,,False,,
0001040130,PETMED EXPRESS INC,PETS,8-K,2025-10-21,2025-10-19,2025-10-19,0001040130-25-000077,https://www.sec.gov/Archives/edgar/data/1040130/000104013025000077/pets-20251019.htm,https://www.sec.gov/Archives/edgar/data/1040130/000104013025000077/pets-20251019.htm,2025-10-19,2025-10-21 16:22:21,https://www.sec.gov/Archives/edgar/data/1040130/0001040130-25-000077-index.html,Item 9.01,Item 9.01,True,True,pets-jameslacamppressrelea.htm,pets-xcampbellemploymentag.htm,True,ListingChange,Tier-1,https://www.sec.gov/Archives/edgar/data/1040130/000104013025000077/pets-20251019.htm,,True,Tier-2,,,False,,
0001040130,PETMED EXPRESS INC,PETS,8-K,2025-08-12,2025-08-11,2025-08-11,0001040130-25-000049,https://www.sec.gov/Archives/edgar/data/1040130/000104013025000049/pets-20250811.htm,https://www.sec.gov/Archives/edgar/data/1040130/000104013025000049/pets-20250811.htm,2025-08-11,2025-08-12 16:20:55,https://www.sec.gov/Archives/edgar/data/1040130/0001040130-25-000049-index.html,Item 5.02; Item 7.01; Item 8.01; Item 9.01,Item 5.02; Item 7.01; Item 8.01; Item 9.01,True,True,pets-20250812xexx991pressr.htm,pets-camposexecseparationa.htm; pets-deliaexecseparationag.htm,True,ContractAward,Tier-1,https://www.sec.gov/Archives/edgar/data/1040130/000104013025000049/pets-20250811.htm,,True,Tier-2,,,False,,
0001040130,PETMED EXPRESS INC,PETS,8-K,2025-07-28,2025-07-24,2025-07-24,0001040130-25-000043,https://www.sec.gov/Archives/edgar/data/1040130/000104013025000043/pets-20250724.htm,https://www.sec.gov/Archives/edgar/data/1040130/000104013025000043/pets-20250724.htm,2025-07-24,2025-07-28 06:39:26,https://www.sec.gov/Archives/edgar/data/1040130/0001040130-25-000043-index.html,Item 9.01,Item 9.01,True,True,exhibit991.htm,,True,ListingChange,Tier-1,https://www.sec.gov/Archives/edgar/data/1040130/000104013025000043/pets-20250724.htm,,True,Tier-2,,,False,,
0001040130,PETMED EXPRESS INC,PETS,8-K,2025-07-03,2025-07-02,2025-07-02,0001040130-25-000040,https://www.sec.gov/Archives/edgar/data/1040130/000104013025000040/pets-20250702.htm,https://www.sec.gov/Archives/edgar/data/1040130/000104013025000040/pets-20250702.htm,2025-07-02,2025-07-03 08:36:16,https://www.sec.gov/Archives/edgar/data/1040130/0001040130-25-000040-index.html,Item 3.01; Item 9.01,Item 3.01; Item 9.01,True,True,pets-ex991_070325.htm,,True,ListingChange,Tier-1,https://www.sec.gov/Archives/edgar/data/1040130/000104013025000040/pets-20250702.htm,,True,Tier-2,,,False,,
0002051380,GrabAGun Digital Holdings Inc.,PEW,8-K,2025-11-13,2025-11-13,2025-11-13,0001193125-25-280114,https://www.sec.gov/Archives/edgar/data/2051380/000119312525280114/pew-20251113.htm,https://www.sec.gov/Archives/edgar/data/2051380/000119312525280114/pew-20251113.htm,2025-11-13,2025-11-13 16:04:02,https://www.sec.gov/Archives/edgar/data/2051380/0001193125-25-280114-index.html,Item 2.02; Item 9.01,Item 2.02; Item 9.01,True,True,pew-ex99.htm,,True,ListingChange,Tier-1,https://www.sec.gov/Archives/edgar/data/2051380/000119312525280114/pew-20251113.htm,,True,Tier-2,,,False,,
0002051380,GrabAGun Digital Holdings Inc.,PEW,8-K,2025-10-03,2025-10-02,2025-10-02,0001213900-25-095859,https://www.sec.gov/Archives/edgar/data/2051380/000121390025095859/ea0260203-8k_graba.htm,https://www.sec.gov/Archives/edgar/data/2051380/000121390025095859/ea0260203-8k_graba.htm,2025-10-02,2025-10-03 09:24:03,https://www.sec.gov/Archives/edgar/data/2051380/0001213900-25-095859-index.html,Item 2.02; Item 9.01,Item 2.02; Item 9.01,True,True,ea026020301ex99-1_graba.htm,,True,ListingChange,Tier-1,https://www.sec.gov/Archives/edgar/data/2051380/000121390025095859/ea0260203-8k_graba.htm,,True,Tier-2,,,False,,
0002051380,GrabAGun Digital Holdings Inc.,PEW,8-K,2025-08-04,2025-08-04,2025-08-04,0001213900-25-070943,https://www.sec.gov/Archives/edgar/data/2051380/000121390025070943/ea0251508-8k_graba.htm,https://www.sec.gov/Archives/edgar/data/2051380/000121390025070943/ea0251508-8k_graba.htm,2025-08-04,2025-08-04 10:03:05,https://www.sec.gov/Archives/edgar/data/2051380/0001213900-25-070943-index.html,Item 7.01; Item 9.01,Item 7.01; Item 9.01,True,True,ea025150801ex99-1_graba.htm,,True,ListingChange,Tier-1,https://www.sec.gov/Archives/edgar/data/2051380/000121390025070943/ea0251508-8k_graba.htm,,True,Tier-2,,,False,,
0002051380,GrabAGun Digital Holdings Inc.,PEW,8-K,2025-07-22,2025-07-22,2025-07-22,0001213900-25-066382,https://www.sec.gov/Archives/edgar/data/2051380/000121390025066382/ea0249834-8k_graba.htm,https://www.sec.gov/Archives/edgar/data/2051380/000121390025066382/ea0249834-8k_graba.htm,2025-07-22,2025-07-22 09:29:28,https://www.sec.gov/Archives/edgar/data/2051380/0001213900-25-066382-index.html,Item 7.01; Item 9.01,Item 7.01; Item 9.01,True,True,ea024983401ex99-1_graba.htm,,True,ATM,Tier-1,https://www.sec.gov/Archives/edgar/data/2051380/000121390025066382/ea0249834-8k_graba.htm,,True,Tier-1,Financing,,True,offering,
0002051380,GrabAGun Digital Holdings Inc.,PEW,8-K,2025-07-15,2025-07-15,2025-07-15,0001213900-25-064226,https://www.sec.gov/Archives/edgar/data/2051380/000121390025064226/ea0249007-8k_graba.htm,https://www.sec.gov/Archives/edgar/data/2051380/000121390025064226/ea0249007-8k_graba.htm,2025-07-15,2025-07-15 15:40:51,https://www.sec.gov/Archives/edgar/data/2051380/0001213900-25-064226-index.html,Item 7.01; Item 9.01,Item 7.01; Item 9.01,True,True,ea024900701ex99-1_graba.htm,,True,ATM,Tier-1,https://www.sec.gov/Archives/edgar/data/2051380/000121390025064226/ea0249007-8k_graba.htm,,True,Tier-1,Financing,,True,warrant;offering,
0001490349,PhenixFIN Corp,PFXNZ,8-K,2025-08-06,2025-08-06,2025-08-06,0001213900-25-072560,https://www.sec.gov/Archives/edgar/data/1490349/000121390025072560/ea0250355-8k_phenixfin.htm,https://www.sec.gov/Archives/edgar/data/1490349/000121390025072560/ea0250355-8k_phenixfin.htm,2025-08-06,2025-08-06 16:16:00,https://www.sec.gov/Archives/edgar/data/1490349/0001213900-25-072560-index.html,Item 2.02; Item 9.01,Item 2.02; Item 9.01,True,True,ea025035501ex99-1_phenixfin.htm,,True,ATM,Tier-1,https://www.sec.gov/Archives/edgar/data/1490349/000121390025072560/ea0250355-8k_phenixfin.htm,,True,Tier-1,Financing,,True,offering,
0001490349,PhenixFIN Corp,PFXNZ,8-K,2025-05-07,2025-05-06,2025-05-06,0001213900-25-040260,https://www.sec.gov/Archives/edgar/data/1490349/000121390025040260/ea0240541-8k_phenixfin.htm,https://www.sec.gov/Archives/edgar/data/1490349/000121390025040260/ea0240541-8k_phenixfin.htm,2025-05-06,2025-05-06 17:45:53,https://www.sec.gov/Archives/edgar/data/1490349/0001213900-25-040260-index.html,Item 2.02; Item 9.01,Item 2.02; Item 9.01,True,True,ea024054101ex99-1_phenixfin.htm,,True,ATM,Tier-1,https://www.sec.gov/Archives/edgar/data/1490349/000121390025040260/ea0240541-8k_phenixfin.htm,,True,Tier-1,Financing,,True,offering,
0002051380,GrabAGun Digital Holdings Inc.,PEW,8-K/A,2025-08-14,2025-07-15,2025-07-15,0001213900-25-076700,https://www.sec.gov/Archives/edgar/data/2051380/000121390025076700/ea0252190-8ka1_graba.htm,https://www.sec.gov/Archives/edgar/data/2051380/000121390025076700/ea0252190-8ka1_graba.htm,2025-07-15,2025-08-14 16:23:39,https://www.sec.gov/Archives/edgar/data/2051380/0001213900-25-076700-index.html,Item 2.01; Item 9.01,Item 2.01; Item 9.01,True,True,ea025219001ex99-1_graba.htm; ea025219001ex99-2_graba.htm; ea025219001ex99-3_graba.htm; ea025219001ex99-4_graba.htm; ea025219001ex99-5_graba.htm,,True,ATM,Tier-1,https://www.sec.gov/Archives/edgar/data/2051380/000121390025076700/ea0252190-8ka1_graba.htm,,True,Tier-1,Financing,,True,spa;purchase_agreement;underwriting_agreement;subscription_agreement;convertible;warrant;offering,
0001490349,PhenixFIN Corp,PFXNZ,8-K,2025-02-07,2025-02-07,2025-02-07,0001213900-25-011049,https://www.sec.gov/Archives/edgar/data/1490349/000121390025011049/ea0229634-8k_phenixfin.htm,https://www.sec.gov/Archives/edgar/data/1490349/000121390025011049/ea0229634-8k_phenixfin.htm,2025-02-07,2025-02-07 06:06:16,https://www.sec.gov/Archives/edgar/data/1490349/0001213900-25-011049-index.html,Item 2.02; Item 9.01,Item 2.02; Item 9.01,True,True,ea022963401ex99-1_phenixfin.htm,,True,ATM,Tier-1,https://www.sec.gov/Archives/edgar/data/1490349/000121390025011049/ea0229634-8k_phenixfin.htm,,True,Tier-1,Financing,,True,offering,
0001739174,BiomX Inc.,PHGE,8-K,2025-11-17,2025-11-17,2025-11-17,0001213900-25-111265,https://www.sec.gov/Archives/edgar/data/1739174/000121390025111265/ea0265970-8k_biomx.htm,https://www.sec.gov/Archives/edgar/data/1739174/000121390025111265/ea0265970-8k_biomx.htm,2025-11-17,2025-11-17 07:56:04,https://www.sec.gov/Archives/edgar/data/1739174/0001213900-25-111265-index.html,Item 3.03; Item 5.03; Item 9.01,Item 3.03; Item 5.03; Item 9.01,False,True,,,True,ATM,Tier-1,https://www.sec.gov/Archives/edgar/data/1739174/000121390025111265/ea0265970-8k_biomx.htm,,True,Tier-1,Financing,,True,convertible;warrant,
0001490349,PhenixFIN Corp,PFXNZ,8-K,2024-12-17,2024-12-16,2024-12-16,0001213900-24-109443,https://www.sec.gov/Archives/edgar/data/1490349/000121390024109443/ea0224313-8k_phenixfin.htm,https://www.sec.gov/Archives/edgar/data/1490349/000121390024109443/ea0224313-8k_phenixfin.htm,2024-12-16,2024-12-16 18:36:32,https://www.sec.gov/Archives/edgar/data/1490349/0001213900-24-109443-index.html,Item 2.02; Item 9.01,Item 2.02; Item 9.01,True,True,ea022431301ex99-1_phenixfin.htm,,True,ATM,Tier-1,https://www.sec.gov/Archives/edgar/data/1490349/000121390024109443/ea0224313-8k_phenixfin.htm,,True,Tier-1,Financing,,True,offering,
0001739174,BiomX Inc.,PHGE,8-K,2025-11-12,2025-11-12,2025-11-12,0001213900-25-108722,https://www.sec.gov/Archives/edgar/data/1739174/000121390025108722/ea0265281-8k_biomx.htm,https://www.sec.gov/Archives/edgar/data/1739174/000121390025108722/ea0265281-8k_biomx.htm,2025-11-12,2025-11-12 07:45:52,https://www.sec.gov/Archives/edgar/data/1739174/0001213900-25-108722-index.html,Item 2.02; Item 9.01,Item 2.02; Item 9.01,True,True,ea026528101ex99-1_biomx.htm,,True,ATM,Tier-1,https://www.sec.gov/Archives/edgar/data/1739174/000121390025108722/ea0265281-8k_biomx.htm,,True,Tier-1,Financing,,True,warrant,
0001739174,BiomX Inc.,PHGE,8-K,2025-08-13,2025-08-13,2025-08-13,0001213900-25-075272,https://www.sec.gov/Archives/edgar/data/1739174/000121390025075272/ea0253022-8k_biomx.htm,https://www.sec.gov/Archives/edgar/data/1739174/000121390025075272/ea0253022-8k_biomx.htm,2025-08-13,2025-08-13 07:24:04,https://www.sec.gov/Archives/edgar/data/1739174/0001213900-25-075272-index.html,Item 2.02; Item 9.01,Item 2.02; Item 9.01,True,True,ea025302201ex99-1_biomx.htm,,True,ATM,Tier-1,https://www.sec.gov/Archives/edgar/data/1739174/000121390025075272/ea0253022-8k_biomx.htm,,True,Tier-1,Financing,,True,warrant,
0001739174,BiomX Inc.,PHGE,8-K,2025-07-08,2025-07-08,2025-07-08,0001213900-25-061939,https://www.sec.gov/Archives/edgar/data/1739174/000121390025061939/ea0248257-8k_biomx.htm,https://www.sec.gov/Archives/edgar/data/1739174/000121390025061939/ea0248257-8k_biomx.htm,2025-07-08,2025-07-08 09:15:33,https://www.sec.gov/Archives/edgar/data/1739174/0001213900-25-061939-index.html,Item 7.01; Item 9.01,Item 7.01; Item 9.01,True,True,ea024825701ex99-1_biomx.htm; ea024825701ex99-2_biomx.htm,,True,ATM,Tier-1,https://www.sec.gov/Archives/edgar/data/1739174/000121390025061939/ea0248257-8k_biomx.htm,,True,Tier-2,,,False,,
0001739174,BiomX Inc.,PHGE,8-K,2025-06-09,2025-06-09,2025-06-09,0001213900-25-052377,https://www.sec.gov/Archives/edgar/data/1739174/000121390025052377/ea0245109-8k_biomxinc.htm,https://www.sec.gov/Archives/edgar/data/1739174/000121390025052377/ea0245109-8k_biomxinc.htm,2025-06-09,2025-06-09 09:23:40,https://www.sec.gov/Archives/edgar/data/1739174/0001213900-25-052377-index.html,Item 7.01; Item 9.01,Item 7.01; Item 9.01,True,True,ea024510901ex99-1_biomxinc.htm,,True,ATM,Tier-1,https://www.sec.gov/Archives/edgar/data/1739174/000121390025052377/ea0245109-8k_biomxinc.htm,,True,Tier-2,,,False,,
0001665300,"Phunware, Inc.",PHUN,8-K,2025-10-22,2025-10-16,2025-10-16,0001193125-25-245840,https://www.sec.gov/Archives/edgar/data/1665300/000119312525245840/phun-20251016.htm,https://www.sec.gov/Archives/edgar/data/1665300/000119312525245840/phun-20251016.htm,2025-10-16,2025-10-22 09:07:36,https://www.sec.gov/Archives/edgar/data/1665300/0001193125-25-245840-index.html,Item 5.02; Item 7.01; Item 9.01,Item 5.02; Item 7.01; Item 9.01,True,True,phun-ex99_1.htm,,True,ContractAward,Tier-1,https://www.sec.gov/Archives/edgar/data/1665300/000119312525245840/phun-20251016.htm,,True,Tier-2,,,False,,
0001665300,"Phunware, Inc.",PHUN,8-K,2025-11-06,2025-11-06,2025-11-06,0001193125-25-269673,https://www.sec.gov/Archives/edgar/data/1665300/000119312525269673/phun-20251106.htm,https://www.sec.gov/Archives/edgar/data/1665300/000119312525269673/phun-20251106.htm,2025-11-06,2025-11-06 16:25:52,https://www.sec.gov/Archives/edgar/data/1665300/0001193125-25-269673-index.html,Item 2.02; Item 9.01,Item 2.02; Item 9.01,True,True,phun-ex99_1.htm,,True,ATM,Tier-1,https://www.sec.gov/Archives/edgar/data/1665300/000119312525269673/phun-20251106.htm,,True,Tier-1,Financing,,True,offering,
0001665300,"Phunware, Inc.",PHUN,8-K,2025-07-17,2025-07-13,2025-07-13,0000950170-25-096670,https://www.sec.gov/Archives/edgar/data/1665300/000095017025096670/phun-20250713.htm,https://www.sec.gov/Archives/edgar/data/1665300/000095017025096670/phun-20250713.htm,2025-07-13,2025-07-17 17:21:45,https://www.sec.gov/Archives/edgar/data/1665300/0000950170-25-096670-index.html,Item 1.01; Item 5.02; Item 7.01; Item 9.01,Item 1.01; Item 5.02; Item 7.01; Item 9.01,True,True,phun-ex99_1.htm,phun-ex10_1.htm; phun-ex10_2.htm,True,ContractAward,Tier-1,https://www.sec.gov/Archives/edgar/data/1665300/000095017025096670/phun-20250713.htm,,True,Tier-2,,,False,,
0001665300,"Phunware, Inc.",PHUN,8-K,2025-08-08,2025-08-08,2025-08-08,0000950170-25-105872,https://www.sec.gov/Archives/edgar/data/1665300/000095017025105872/phun-20250808.htm,https://www.sec.gov/Archives/edgar/data/1665300/000095017025105872/phun-20250808.htm,2025-08-08,2025-08-08 16:20:50,https://www.sec.gov/Archives/edgar/data/1665300/0000950170-25-105872-index.html,Item 2.02; Item 9.01,Item 2.02; Item 9.01,True,True,phun-ex99_1.htm,,True,ListingChange,Tier-1,https://www.sec.gov/Archives/edgar/data/1665300/000095017025105872/phun-20250808.htm,,True,Tier-2,,,False,,
0001665300,"Phunware, Inc.",PHUN,8-K,2025-05-12,2025-05-12,2025-05-12,0000950170-25-069427,https://www.sec.gov/Archives/edgar/data/1665300/000095017025069427/phun-20250512.htm,https://www.sec.gov/Archives/edgar/data/1665300/000095017025069427/phun-20250512.htm,2025-05-12,2025-05-12 16:59:44,https://www.sec.gov/Archives/edgar/data/1665300/0000950170-25-069427-index.html,Item 2.02; Item 9.01,Item 2.02; Item 9.01,True,True,phun-ex99_1.htm,,True,ListingChange,Tier-1,https://www.sec.gov/Archives/edgar/data/1665300/000095017025069427/phun-20250512.htm,,True,Tier-2,,,False,,
0001803914,"Playboy, Inc.",PLBY,8-K,2025-11-20,2025-11-20,2025-11-20,0001628280-25-053323,https://www.sec.gov/Archives/edgar/data/1803914/000162828025053323/ply-20251120.htm,https://www.sec.gov/Archives/edgar/data/1803914/000162828025053323/ply-20251120.htm,2025-11-20,2025-11-20 07:53:21,https://www.sec.gov/Archives/edgar/data/1803914/0001628280-25-053323-index.html,Item 7.01; Item 9.01,Item 7.01; Item 9.01,True,True,investordeckfinalnovembe.htm,,True,ATM,Tier-1,https://www.sec.gov/Archives/edgar/data/1803914/000162828025053323/ply-20251120.htm,,True,Tier-1,Financing,,True,convertible;warrant;offering,
0001803914,"Playboy, Inc.",PLBY,8-K,2025-09-08,2025-09-05,2025-09-05,0001803914-25-000129,https://www.sec.gov/Archives/edgar/data/1803914/000180391425000129/ply-20250905.htm,https://www.sec.gov/Archives/edgar/data/1803914/000180391425000129/ply-20250905.htm,2025-09-05,2025-09-08 06:35:06,https://www.sec.gov/Archives/edgar/data/1803914/0001803914-25-000129-index.html,Item 8.01; Item 9.01,Item 8.01; Item 9.01,True,True,ex991playboypressreleasese.htm,,True,ContractAward,Tier-1,https://www.sec.gov/Archives/edgar/data/1803914/000180391425000129/ply-20250905.htm,,True,Tier-2,,,False,,
0001803914,"Playboy, Inc.",PLBY,8-K,2025-11-12,2025-11-12,2025-11-12,0001628280-25-051608,https://www.sec.gov/Archives/edgar/data/1803914/000162828025051608/ply-20251112.htm,https://www.sec.gov/Archives/edgar/data/1803914/000162828025051608/ply-20251112.htm,2025-11-12,2025-11-12 16:14:49,https://www.sec.gov/Archives/edgar/data/1803914/0001628280-25-051608-index.html,Item 2.02; Item 7.01; Item 9.01,Item 2.02; Item 7.01; Item 9.01,True,True,playboyq325earningsrelease.htm; ex992playboyq325stockholde.htm,,True,ListingChange,Tier-1,https://www.sec.gov/Archives/edgar/data/1803914/000162828025051608/ply-20251112.htm,,True,Tier-2,,,False,,
0001803914,"Playboy, Inc.",PLBY,8-K,2025-08-25,2025-08-22,2025-08-22,0001803914-25-000127,https://www.sec.gov/Archives/edgar/data/1803914/000180391425000127/ply-20250822.htm,https://www.sec.gov/Archives/edgar/data/1803914/000180391425000127/ply-20250822.htm,2025-08-22,2025-08-25 08:11:08,https://www.sec.gov/Archives/edgar/data/1803914/0001803914-25-000127-index.html,Item 3.02; Item 7.01; Item 9.01,Item 3.02; Item 7.01; Item 9.01,True,True,ex991playboypressreleaseau.htm,,True,ATM,Tier-1,https://www.sec.gov/Archives/edgar/data/1803914/000180391425000127/ply-20250822.htm,,True,Tier-1,Financing,,True,convertible,
0001803914,"Playboy, Inc.",PLBY,8-K,2025-08-12,2025-08-12,2025-08-12,0001803914-25-000120,https://www.sec.gov/Archives/edgar/data/1803914/000180391425000120/ply-20250812.htm,https://www.sec.gov/Archives/edgar/data/1803914/000180391425000120/ply-20250812.htm,2025-08-12,2025-08-12 16:13:14,https://www.sec.gov/Archives/edgar/data/1803914/0001803914-25-000120-index.html,Item 2.02; Item 7.01; Item 9.01,Item 2.02; Item 7.01; Item 9.01,True,True,q225earningsreleaseex991.htm; ex992playboystockholderlet.htm,,True,ListingChange,Tier-1,https://www.sec.gov/Archives/edgar/data/1803914/000180391425000120/ply-20250812.htm,,True,Tier-2,,,False,,
0001803914,"Playboy, Inc.",PLBY,8-K,2025-08-07,2025-08-04,2025-08-04,0001803914-25-000114,https://www.sec.gov/Archives/edgar/data/1803914/000180391425000114/ply-20250804.htm,https://www.sec.gov/Archives/edgar/data/1803914/000180391425000114/ply-20250804.htm,2025-08-04,2025-08-07 08:29:47,https://www.sec.gov/Archives/edgar/data/1803914/0001803914-25-000114-index.html,Item 5.02; Item 9.01,Item 5.02; Item 9.01,True,True,ex991playboypressreleasere.htm,,True,GuidanceUp,Tier-1,https://www.sec.gov/Archives/edgar/data/1803914/000180391425000114/ply-20250804.htm,,True,Tier-1,Financing,,True,spa;purchase_agreement,
0001803914,"Playboy, Inc.",PLBY,8-K,2025-06-25,2025-06-25,2025-06-25,0001803914-25-000109,https://www.sec.gov/Archives/edgar/data/1803914/000180391425000109/ply-20250625.htm,https://www.sec.gov/Archives/edgar/data/1803914/000180391425000109/ply-20250625.htm,2025-06-25,2025-06-25 16:08:50,https://www.sec.gov/Archives/edgar/data/1803914/0001803914-25-000109-index.html,Item 5.03; Item 8.01; Item 9.01,Item 5.03; Item 8.01; Item 9.01,True,True,ex991pressreleasereplbycor.htm,ex101playboyamendedandrest.htm,True,ListingChange,Tier-1,https://www.sec.gov/Archives/edgar/data/1803914/000180391425000109/ply-20250625.htm,,True,Tier-2,,,False,,
0001803914,"PLBY Group, Inc.",PLBY,8-K,2025-06-16,2025-06-16,2025-06-16,0001803914-25-000102,https://www.sec.gov/Archives/edgar/data/1803914/000180391425000102/ply-20250616.htm,https://www.sec.gov/Archives/edgar/data/1803914/000180391425000102/ply-20250616.htm,2025-06-16,2025-06-16 16:19:47,https://www.sec.gov/Archives/edgar/data/1803914/0001803914-25-000102-index.html,Item 5.07; Item 8.01; Item 9.01,Item 5.07; Item 8.01; Item 9.01,True,True,ex991plbypressreleasere202.htm,,True,ListingChange,Tier-1,https://www.sec.gov/Archives/edgar/data/1803914/000180391425000102/ply-20250616.htm,,True,Tier-1,Financing,,True,spa;purchase_agreement,
0001803914,"PLBY Group, Inc.",PLBY,8-K,2025-05-15,2025-05-15,2025-05-15,0001803914-25-000085,https://www.sec.gov/Archives/edgar/data/1803914/000180391425000085/ply-20250515.htm,https://www.sec.gov/Archives/edgar/data/1803914/000180391425000085/ply-20250515.htm,2025-05-15,2025-05-15 16:10:42,https://www.sec.gov/Archives/edgar/data/1803914/0001803914-25-000085-index.html,Item 2.02; Item 9.01,Item 2.02; Item 9.01,True,True,q125earningsreleaseex991.htm,,True,ListingChange,Tier-1,https://www.sec.gov/Archives/edgar/data/1803914/000180391425000085/ply-20250515.htm,,True,Tier-2,,,False,,
0001015383,Outdoor Holding Co,POWW,8-K,2025-09-22,2025-09-17,2025-09-17,0001493152-25-014364,https://www.sec.gov/Archives/edgar/data/1015383/000149315225014364/form8-k.htm,https://www.sec.gov/Archives/edgar/data/1015383/000149315225014364/form8-k.htm,2025-09-17,2025-09-22 06:06:11,https://www.sec.gov/Archives/edgar/data/1015383/0001493152-25-014364-index.html,Item 3.02; Item 8.01,Item 3.02; Item 8.01,False,True,,,True,ATM,Tier-1,https://www.sec.gov/Archives/edgar/data/1015383/000149315225014364/form8-k.htm,,True,Tier-1,Financing,,True,warrant,
0001015383,Outdoor Holding Co,POWW,8-K,2025-11-10,2025-11-10,2025-11-10,0001493152-25-021388,https://www.sec.gov/Archives/edgar/data/1015383/000149315225021388/form8-k.htm,https://www.sec.gov/Archives/edgar/data/1015383/000149315225021388/form8-k.htm,2025-11-10,2025-11-10 07:00:36,https://www.sec.gov/Archives/edgar/data/1015383/0001493152-25-021388-index.html,Item 2.02; Item 9.01,Item 2.02; Item 9.01,True,True,ex99-1.htm,,True,ContractAward,Tier-1,https://www.sec.gov/Archives/edgar/data/1015383/000149315225021388/form8-k.htm,,True,Tier-2,,,False,,
0001015383,Outdoor Holding Co,POWW,8-K,2025-08-08,2025-08-08,2025-08-08,0001641172-25-022746,https://www.sec.gov/Archives/edgar/data/1015383/000164117225022746/form8-k.htm,https://www.sec.gov/Archives/edgar/data/1015383/000164117225022746/form8-k.htm,2025-08-08,2025-08-08 16:00:12,https://www.sec.gov/Archives/edgar/data/1015383/0001641172-25-022746-index.html,Item 2.02; Item 9.01,Item 2.02; Item 9.01,True,True,ex99-1.htm,,True,FDA,Tier-1,https://www.sec.gov/Archives/edgar/data/1015383/000164117225022746/form8-k.htm,,True,Tier-2,,,False,,
0001015383,Outdoor Holding Co,POWW,8-K,2025-09-02,2025-08-29,2025-08-29,0001493152-25-012556,https://www.sec.gov/Archives/edgar/data/1015383/000149315225012556/form8-k.htm,https://www.sec.gov/Archives/edgar/data/1015383/000149315225012556/form8-k.htm,2025-08-29,2025-09-02 16:30:38,https://www.sec.gov/Archives/edgar/data/1015383/0001493152-25-012556-index.html,Item 5.07; Item 9.01,Item 5.07; Item 9.01,True,True,ex99-1.htm,,True,ATM,Tier-1,https://www.sec.gov/Archives/edgar/data/1015383/000149315225012556/form8-k.htm,,True,Tier-1,Financing,,True,warrant,
0001015383,Outdoor Holding Co,POWW,8-K,2025-05-28,2025-05-21,2025-05-21,0001641172-25-012690,https://www.sec.gov/Archives/edgar/data/1015383/000164117225012690/form8-k.htm,https://www.sec.gov/Archives/edgar/data/1015383/000164117225012690/form8-k.htm,2025-05-21,2025-05-28 16:10:22,https://www.sec.gov/Archives/edgar/data/1015383/0001641172-25-012690-index.html,Item 1.01; Item 2.03; Item 3.02; Item 5.02; Item 7.01; Item 8.01; Item 9.01,Item 1.01; Item 2.03; Item 3.02; Item 5.02; Item 7.01; Item 8.01; Item 9.01,True,True,ex99-1.htm,ex10-1.htm; ex10-2.htm; ex10-3.htm; ex10-4.htm; ex10-5.htm; ex10-6.htm; ex10-7.htm,True,ATM,Tier-1,https://www.sec.gov/Archives/edgar/data/1015383/000164117225012690/form8-k.htm,,True,Tier-1,Financing,,True,warrant;offering,
0001015383,Outdoor Holding Co,POWW,8-K/A,2025-09-23,2025-04-18,2025-04-18,0001193125-25-213511,https://www.sec.gov/Archives/edgar/data/1015383/000119312525213511/poww-20250418.htm,https://www.sec.gov/Archives/edgar/data/1015383/000119312525213511/poww-20250418.htm,2025-04-18,2025-09-23 16:45:26,https://www.sec.gov/Archives/edgar/data/1015383/0001193125-25-213511-index.html,Item 9.01,Item 9.01,False,True,poww-ex99_2.htm,,True,Financing,Tier-1,https://www.sec.gov/Archives/edgar/data/1015383/000119312525213511/poww-20250418.htm,,True,Tier-1,Financing,,True,purchase_agreement,
0001847064,"PSQ Holdings, Inc.",PSQH,8-K,2025-11-10,2025-11-10,2025-11-10,0001104659-25-108776,https://www.sec.gov/Archives/edgar/data/1847064/000110465925108776/tm2530674d1_8k.htm,https://www.sec.gov/Archives/edgar/data/1847064/000110465925108776/tm2530674d1_8k.htm,2025-11-10,2025-11-10 06:35:42,https://www.sec.gov/Archives/edgar/data/1847064/0001104659-25-108776-index.html,Item 1.01; Item 3.02; Item 7.01; Item 9.01,Item 1.01; Item 3.02; Item 7.01; Item 9.01,True,True,tm2530674d1_ex99-1.htm,tm2530674d1_ex10-1.htm,True,ATM,Tier-1,https://www.sec.gov/Archives/edgar/data/1847064/000110465925108776/tm2530674d1_8k.htm,,True,Tier-1,Financing,,True,purchase_agreement;warrant;offering,
0001847064,"PSQ Holdings, Inc.",PSQH,8-K,2025-08-20,2025-08-19,2025-08-19,0001104659-25-080974,https://www.sec.gov/Archives/edgar/data/1847064/000110465925080974/tm2524015d1_8k.htm,https://www.sec.gov/Archives/edgar/data/1847064/000110465925080974/tm2524015d1_8k.htm,2025-08-19,2025-08-20 17:17:19,https://www.sec.gov/Archives/edgar/data/1847064/0001104659-25-080974-index.html,Item 8.01; Item 9.01,Item 8.01; Item 9.01,True,True,tm2524015d1_ex99-1.htm,,True,ListingChange,Tier-1,https://www.sec.gov/Archives/edgar/data/1847064/000110465925080974/tm2524015d1_8k.htm,,True,Tier-2,,,False,,
0001847064,"PSQ Holdings, Inc.",PSQH,8-K,2025-07-30,2025-07-28,2025-07-28,0001104659-25-071963,https://www.sec.gov/Archives/edgar/data/1847064/000110465925071963/tm2522041d1_8k.htm,https://www.sec.gov/Archives/edgar/data/1847064/000110465925071963/tm2522041d1_8k.htm,2025-07-28,2025-07-30 09:00:39,https://www.sec.gov/Archives/edgar/data/1847064/0001104659-25-071963-index.html,Item 9.01,Item 9.01,True,True,tm2522041d1_ex99-1.htm,,True,ListingChange,Tier-1,https://www.sec.gov/Archives/edgar/data/1847064/000110465925071963/tm2522041d1_8k.htm,,True,Tier-2,,,False,,
0001847064,"PSQ Holdings, Inc.",PSQH,8-K,2025-11-06,2025-11-06,2025-11-06,0001104659-25-107383,https://www.sec.gov/Archives/edgar/data/1847064/000110465925107383/tm2530421d1_8k.htm,https://www.sec.gov/Archives/edgar/data/1847064/000110465925107383/tm2530421d1_8k.htm,2025-11-06,2025-11-06 07:28:45,https://www.sec.gov/Archives/edgar/data/1847064/0001104659-25-107383-index.html,Item 2.02; Item 7.01; Item 8.01; Item 9.01,Item 2.02; Item 7.01; Item 8.01; Item 9.01,True,True,tm2530421d1_ex99-1.htm,,True,ATM,Tier-1,https://www.sec.gov/Archives/edgar/data/1847064/000110465925107383/tm2530421d1_8k.htm,,True,Tier-1,Financing,,True,purchase_agreement;atm;convertible;warrant;offering,
0001847064,"PSQ Holdings, Inc.",PSQH,8-K,2025-05-27,2025-05-27,2025-05-27,0001213900-25-047564,https://www.sec.gov/Archives/edgar/data/1847064/000121390025047564/ea0243454-8k_psqhold.htm,https://www.sec.gov/Archives/edgar/data/1847064/000121390025047564/ea0243454-8k_psqhold.htm,2025-05-27,2025-05-27 08:40:17,https://www.sec.gov/Archives/edgar/data/1847064/0001213900-25-047564-index.html,Item 7.01; Item 9.01,Item 7.01; Item 9.01,True,True,ea024345401ex99-1_psqhold.htm,,True,ATM,Tier-1,https://www.sec.gov/Archives/edgar/data/1847064/000121390025047564/ea0243454-8k_psqhold.htm,,True,Tier-1,Financing,,True,offering,
0001847064,"PSQ Holdings, Inc.",PSQH,8-K,2025-08-12,2025-08-12,2025-08-12,0001628280-25-039902,https://www.sec.gov/Archives/edgar/data/1847064/000162828025039902/psqh-20250812.htm,https://www.sec.gov/Archives/edgar/data/1847064/000162828025039902/psqh-20250812.htm,2025-08-12,2025-08-12 16:20:25,https://www.sec.gov/Archives/edgar/data/1847064/0001628280-25-039902-index.html,Item 7.01; Item 9.01,Item 7.01; Item 9.01,True,True,psqhq225earningsrelease.htm,,True,ATM,Tier-1,https://www.sec.gov/Archives/edgar/data/1847064/000162828025039902/psqh-20250812.htm,,True,Tier-1,Financing,,True,atm;convertible;warrant;offering,
0001847064,"PSQ Holdings, Inc.",PSQH,8-K,2025-05-23,2025-05-23,2025-05-23,0001213900-25-047426,https://www.sec.gov/Archives/edgar/data/1847064/000121390025047426/ea0243252-8k_psqhold.htm,https://www.sec.gov/Archives/edgar/data/1847064/000121390025047426/ea0243252-8k_psqhold.htm,2025-05-23,2025-05-23 17:12:15,https://www.sec.gov/Archives/edgar/data/1847064/0001213900-25-047426-index.html,Item 1.01; Item 7.01; Item 9.01,Item 1.01; Item 7.01; Item 9.01,True,True,ea024325201ex99-1_psqhold.htm,ea024325201ex1-1_psqhold.htm; ea024325201ex10-1_psqhold.htm; ea024325201ex10-2_psqhold.htm,True,ATM,Tier-1,https://www.sec.gov/Archives/edgar/data/1847064/000121390025047426/ea0243252-8k_psqhold.htm,,True,Tier-1,Financing,,True,atm;warrant;offering,
0001847064,"PSQ Holdings, Inc.",PSQH,8-K,2025-05-08,2025-05-08,2025-05-08,0001628280-25-023832,https://www.sec.gov/Archives/edgar/data/1847064/000162828025023832/psqh-20250508.htm,https://www.sec.gov/Archives/edgar/data/1847064/000162828025023832/psqh-20250508.htm,2025-05-08,2025-05-08 16:20:29,https://www.sec.gov/Archives/edgar/data/1847064/0001628280-25-023832-index.html,Item 7.01; Item 9.01,Item 7.01; Item 9.01,True,True,psqhq125earningsrelease.htm,,True,ATM,Tier-1,https://www.sec.gov/Archives/edgar/data/1847064/000162828025023832/psqh-20250508.htm,,True,Tier-1,Financing,,True,convertible;warrant,
0001040161,"PIXELWORKS, INC",PXLW,8-K,2025-11-26,2025-11-26,2025-11-26,0001040161-25-000056,https://www.sec.gov/Archives/edgar/data/1040161/000104016125000056/pxlw-20251126.htm,https://www.sec.gov/Archives/edgar/data/1040161/000104016125000056/pxlw-20251126.htm,2025-11-26,2025-11-26 16:07:00,https://www.sec.gov/Archives/edgar/data/1040161/0001040161-25-000056-index.html,Item 5.07; Item 8.01; Item 9.01,Item 5.07; Item 8.01; Item 9.01,True,True,specialmeetingprnov2025.htm,,True,FDA,Tier-1,https://www.sec.gov/Archives/edgar/data/1040161/000104016125000056/pxlw-20251126.htm,,True,Tier-2,,,False,,
0001040161,"PIXELWORKS, INC",PXLW,8-K,2025-10-16,2025-10-10,2025-10-10,0001193125-25-240654,https://www.sec.gov/Archives/edgar/data/1040161/000119312525240654/d52501d8k.htm,https://www.sec.gov/Archives/edgar/data/1040161/000119312525240654/d52501d8k.htm,2025-10-10,2025-10-15 21:37:12,https://www.sec.gov/Archives/edgar/data/1040161/0001193125-25-240654-index.html,Item 5.02; Item 7.01,Item 5.02; Item 7.01,True,True,d52501dex991.htm,d52501dex101.htm; d52501dex102.htm; d52501dex103.htm; d52501dex104.htm,True,FDA,Tier-1,https://www.sec.gov/Archives/edgar/data/1040161/000119312525240654/d52501d8k.htm,,True,Tier-1,Financing,,True,purchase_agreement,
0001040161,"PIXELWORKS, INC",PXLW,8-K,2025-10-06,2025-10-06,2025-10-06,0001193125-25-231016,https://www.sec.gov/Archives/edgar/data/1040161/000119312525231016/d36255d8k.htm,https://www.sec.gov/Archives/edgar/data/1040161/000119312525231016/d36255d8k.htm,2025-10-06,2025-10-06 08:36:17,https://www.sec.gov/Archives/edgar/data/1040161/0001193125-25-231016-index.html,Item 1.01; Item 8.01; Item 9.01,Item 1.01; Item 8.01; Item 9.01,True,True,d36255dex991.htm,d36255dex101.htm; d36255dex102.htm,True,ATM,Tier-1,https://www.sec.gov/Archives/edgar/data/1040161/000119312525231016/d36255d8k.htm,,True,Tier-1,Financing,,True,registered_direct;purchase_agreement;warrant;offering,
0001040161,"PIXELWORKS, INC",PXLW,8-K,2025-11-12,2025-11-11,2025-11-11,0001040161-25-000049,https://www.sec.gov/Archives/edgar/data/1040161/000104016125000049/pxlw-20251111.htm,https://www.sec.gov/Archives/edgar/data/1040161/000104016125000049/pxlw-20251111.htm,2025-11-11,2025-11-12 08:56:50,https://www.sec.gov/Archives/edgar/data/1040161/0001040161-25-000049-index.html,Item 2.02; Item 9.01,Item 2.02; Item 9.01,True,True,pxlw_q3x25xearningsrelease.htm; q32025conferencecallscript.htm,,True,ATM,Tier-1,https://www.sec.gov/Archives/edgar/data/1040161/000104016125000049/pxlw-20251111.htm,,True,Tier-1,Financing,,True,registered_direct;purchase_agreement;offering,
0001040161,"PIXELWORKS, INC",PXLW,8-K,2025-08-12,2025-08-12,2025-08-12,0001040161-25-000039,https://www.sec.gov/Archives/edgar/data/1040161/000104016125000039/pxlw-20250812.htm,https://www.sec.gov/Archives/edgar/data/1040161/000104016125000039/pxlw-20250812.htm,2025-08-12,2025-08-12 17:10:48,https://www.sec.gov/Archives/edgar/data/1040161/0001040161-25-000039-index.html,Item 2.02; Item 9.01,Item 2.02; Item 9.01,True,True,pxlw_q2x25xearningsrelease.htm; q22025conferencecallscript.htm,,True,GuidanceUp,Tier-1,https://www.sec.gov/Archives/edgar/data/1040161/000104016125000039/pxlw-20250812.htm,,True,Tier-2,,,False,,
0001040161,"PIXELWORKS, INC",PXLW,8-K,2025-05-13,2025-05-13,2025-05-13,0001040161-25-000025,https://www.sec.gov/Archives/edgar/data/1040161/000104016125000025/pxlw-20250513.htm,https://www.sec.gov/Archives/edgar/data/1040161/000104016125000025/pxlw-20250513.htm,2025-05-13,2025-05-13 17:02:25,https://www.sec.gov/Archives/edgar/data/1040161/0001040161-25-000025-index.html,Item 2.02; Item 9.01,Item 2.02; Item 9.01,True,True,pxlw_q1x25xearningsrelease.htm; q12025conferencecallscript.htm,,True,GuidanceUp,Tier-1,https://www.sec.gov/Archives/edgar/data/1040161/000104016125000025/pxlw-20250513.htm,,True,Tier-2,,,False,,
0001629210,Paramount Gold Nevada Corp.,PZG,8-K,2025-11-20,2025-11-20,2025-11-20,0001193125-25-289809,https://www.sec.gov/Archives/edgar/data/1629210/000119312525289809/d94365d8k.htm,https://www.sec.gov/Archives/edgar/data/1629210/000119312525289809/d94365d8k.htm,2025-11-20,2025-11-20 16:18:49,https://www.sec.gov/Archives/edgar/data/1629210/0001193125-25-289809-index.html,Item 8.01; Item 9.01,Item 8.01; Item 9.01,False,True,,,True,ATM,Tier-1,https://www.sec.gov/Archives/edgar/data/1629210/000119312525289809/d94365d8k.htm,,True,Tier-1,Financing,,True,offering,
0001040161,"PIXELWORKS, INC",PXLW,8-K,2025-03-25,2025-03-24,2025-03-24,0001193125-25-062581,https://www.sec.gov/Archives/edgar/data/1040161/000119312525062581/d893963d8k.htm,https://www.sec.gov/Archives/edgar/data/1040161/000119312525062581/d893963d8k.htm,2025-03-24,2025-03-25 16:28:17,https://www.sec.gov/Archives/edgar/data/1040161/0001193125-25-062581-index.html,Item 1.01; Item 9.01,Item 1.01; Item 9.01,False,True,,d893963dex101.htm,True,ATM,Tier-1,https://www.sec.gov/Archives/edgar/data/1040161/000119312525062581/d893963d8k.htm,,True,Tier-1,Financing,,True,registered_direct;purchase_agreement;warrant;offering,
0001629210,Paramount Gold Nevada Corp.,PZG,8-K,2025-05-01,2025-04-30,2025-04-30,0001193125-25-110136,https://www.sec.gov/Archives/edgar/data/1629210/000119312525110136/d795551d8k.htm,https://www.sec.gov/Archives/edgar/data/1629210/000119312525110136/d795551d8k.htm,2025-04-30,2025-05-01 17:25:39,https://www.sec.gov/Archives/edgar/data/1629210/0001193125-25-110136-index.html,Item 5.02; Item 7.01; Item 9.01,Item 5.02; Item 7.01; Item 9.01,True,True,d795551dex991.htm,,True,FDA,Tier-1,https://www.sec.gov/Archives/edgar/data/1629210/000119312525110136/d795551d8k.htm,,True,Tier-2,,,False,,
0001540013,Quipt Home Medical Corp.,QIPT,8-K,2025-08-27,2025-08-27,2025-08-27,0001558370-25-011770,https://www.sec.gov/Archives/edgar/data/1540013/000155837025011770/qipt-20250827x8k.htm,https://www.sec.gov/Archives/edgar/data/1540013/000155837025011770/qipt-20250827x8k.htm,2025-08-27,2025-08-27 08:15:08,https://www.sec.gov/Archives/edgar/data/1540013/0001558370-25-011770-index.html,Item 7.01,Item 7.01,True,True,qipt-20250827xex99d1.htm,,True,ATM,Tier-1,https://www.sec.gov/Archives/edgar/data/1540013/000155837025011770/qipt-20250827x8k.htm,,True,Tier-1,Financing,,True,offering,
0001540013,Quipt Home Medical Corp.,QIPT,8-K,2025-08-12,2025-08-11,2025-08-11,0001558370-25-011243,https://www.sec.gov/Archives/edgar/data/1540013/000155837025011243/qipt-20250811x8k.htm,https://www.sec.gov/Archives/edgar/data/1540013/000155837025011243/qipt-20250811x8k.htm,2025-08-11,2025-08-12 17:00:58,https://www.sec.gov/Archives/edgar/data/1540013/0001558370-25-011243-index.html,Item 1.01; Item 8.01; Item 9.01,Item 1.01; Item 8.01; Item 9.01,True,True,qipt-20250811xex99d1.htm,,True,ATM,Tier-1,https://www.sec.gov/Archives/edgar/data/1540013/000155837025011243/qipt-20250811x8k.htm,,True,Tier-1,Financing,,True,purchase_agreement;offering,
0001540013,Quipt Home Medical Corp.,QIPT,8-K,2025-08-11,2025-08-11,2025-08-11,0001558370-25-011079,https://www.sec.gov/Archives/edgar/data/1540013/000155837025011079/qipt-20250811x8k.htm,https://www.sec.gov/Archives/edgar/data/1540013/000155837025011079/qipt-20250811x8k.htm,2025-08-11,2025-08-11 17:09:20,https://www.sec.gov/Archives/edgar/data/1540013/0001558370-25-011079-index.html,Item 2.02; Item 9.01,Item 2.02; Item 9.01,True,True,qipt-20250811xex99d1.htm,,True,ATM,Tier-1,https://www.sec.gov/Archives/edgar/data/1540013/000155837025011079/qipt-20250811x8k.htm,,True,Tier-1,Financing,,True,offering,
0001540013,Quipt Home Medical Corp.,QIPT,8-K,2025-07-07,2025-07-07,2025-07-07,0001558370-25-009107,https://www.sec.gov/Archives/edgar/data/1540013/000155837025009107/qipt-20250707x8k.htm,https://www.sec.gov/Archives/edgar/data/1540013/000155837025009107/qipt-20250707x8k.htm,2025-07-07,2025-07-07 16:06:30,https://www.sec.gov/Archives/edgar/data/1540013/0001558370-25-009107-index.html,Item 8.01; Item 9.01,Item 8.01; Item 9.01,True,True,qipt-20250707xex99d1.htm,,True,ATM,Tier-1,https://www.sec.gov/Archives/edgar/data/1540013/000155837025009107/qipt-20250707x8k.htm,,True,Tier-1,Financing,,True,offering,
0001540013,Quipt Home Medical Corp.,QIPT,8-K,2025-05-21,2025-05-21,2025-05-21,0001558370-25-008043,https://www.sec.gov/Archives/edgar/data/1540013/000155837025008043/qipt-20250521x8k.htm,https://www.sec.gov/Archives/edgar/data/1540013/000155837025008043/qipt-20250521x8k.htm,2025-05-21,2025-05-21 07:34:57,https://www.sec.gov/Archives/edgar/data/1540013/0001558370-25-008043-index.html,Item 7.01; Item 9.01,Item 7.01; Item 9.01,True,True,qipt-20250521xex99d1.htm,,True,ATM,Tier-1,https://www.sec.gov/Archives/edgar/data/1540013/000155837025008043/qipt-20250521x8k.htm,,True,Tier-1,Financing,,True,offering,
0001540013,Quipt Home Medical Corp.,QIPT,8-K,2025-05-12,2025-05-12,2025-05-12,0001558370-25-007422,https://www.sec.gov/Archives/edgar/data/1540013/000155837025007422/qipt-20250512x8k.htm,https://www.sec.gov/Archives/edgar/data/1540013/000155837025007422/qipt-20250512x8k.htm,2025-05-12,2025-05-12 17:08:56,https://www.sec.gov/Archives/edgar/data/1540013/0001558370-25-007422-index.html,Item 2.02; Item 9.01,Item 2.02; Item 9.01,True,True,qipt-20250512xex99d1.htm,,True,ATM,Tier-1,https://www.sec.gov/Archives/edgar/data/1540013/000155837025007422/qipt-20250512x8k.htm,,True,Tier-1,Financing,,True,offering,
0001540013,Quipt Home Medical Corp.,QIPT,8-K,2025-03-25,2025-03-22,2025-03-22,0001558370-25-003585,https://www.sec.gov/Archives/edgar/data/1540013/000155837025003585/qipt-20250322x8k.htm,https://www.sec.gov/Archives/edgar/data/1540013/000155837025003585/qipt-20250322x8k.htm,2025-03-22,2025-03-25 07:30:10,https://www.sec.gov/Archives/edgar/data/1540013/0001558370-25-003585-index.html,Item 5.02; Item 7.01; Item 9.01,Item 5.02; Item 7.01; Item 9.01,True,True,qipt-20250322xex99d1.htm,,True,ATM,Tier-1,https://www.sec.gov/Archives/edgar/data/1540013/000155837025003585/qipt-20250322x8k.htm,,True,Tier-1,Financing,,True,offering,
0001540013,Quipt Home Medical Corp.,QIPT,8-K,2025-03-04,2025-03-03,2025-03-03,0001558370-25-002109,https://www.sec.gov/Archives/edgar/data/1540013/000155837025002109/qipt-20250303x8k.htm,https://www.sec.gov/Archives/edgar/data/1540013/000155837025002109/qipt-20250303x8k.htm,2025-03-03,2025-03-04 07:37:06,https://www.sec.gov/Archives/edgar/data/1540013/0001558370-25-002109-index.html,Item 1.01; Item 9.01,Item 1.01; Item 9.01,True,True,qipt-20250303xex99d1.htm,qipt-20250303xex10d1.htm,True,ATM,Tier-1,https://www.sec.gov/Archives/edgar/data/1540013/000155837025002109/qipt-20250303x8k.htm,,True,Tier-1,Financing,,True,offering,
0001540013,Quipt Home Medical Corp.,QIPT,8-K,2025-02-10,2025-02-10,2025-02-10,0001558370-25-000753,https://www.sec.gov/Archives/edgar/data/1540013/000155837025000753/qipt-20250210x8k.htm,https://www.sec.gov/Archives/edgar/data/1540013/000155837025000753/qipt-20250210x8k.htm,2025-02-10,2025-02-10 17:07:44,https://www.sec.gov/Archives/edgar/data/1540013/0001558370-25-000753-index.html,Item 2.02; Item 9.01,Item 2.02; Item 9.01,True,True,qipt-20250210xex99d1.htm,,True,ATM,Tier-1,https://www.sec.gov/Archives/edgar/data/1540013/000155837025000753/qipt-20250210x8k.htm,,True,Tier-1,Financing,,True,offering,
0002047455,Quartzsea Acquisition Corp,QSEA,8-K,2025-05-08,2025-05-08,2025-05-08,0001829126-25-003486,https://www.sec.gov/Archives/edgar/data/2047455/000182912625003486/quartzsea_8k.htm,https://www.sec.gov/Archives/edgar/data/2047455/000182912625003486/quartzsea_8k.htm,2025-05-08,2025-05-08 17:00:31,https://www.sec.gov/Archives/edgar/data/2047455/0001829126-25-003486-index.html,Item 8.01; Item 9.01,Item 8.01; Item 9.01,True,True,quartzsea_ex99-1.htm,,True,ATM,Tier-1,https://www.sec.gov/Archives/edgar/data/2047455/000182912625003486/quartzsea_8k.htm,,True,Tier-1,Financing,,True,offering,
0002047455,Quartzsea Acquisition Corp,QSEA,8-K,2025-03-27,2025-03-19,2025-03-19,0001829126-25-002082,https://www.sec.gov/Archives/edgar/data/2047455/000182912625002082/quartzsea_8k.htm,https://www.sec.gov/Archives/edgar/data/2047455/000182912625002082/quartzsea_8k.htm,2025-03-19,2025-03-26 18:01:46,https://www.sec.gov/Archives/edgar/data/2047455/0001829126-25-002082-index.html,Item 8.01; Item 9.01,Item 8.01; Item 9.01,True,True,quartzsea_ex99-1.htm,,True,ATM,Tier-1,https://www.sec.gov/Archives/edgar/data/2047455/000182912625002082/quartzsea_8k.htm,,True,Tier-1,Financing,,True,underwriting_agreement;subscription_agreement;convertible;offering,
0002047455,Quartzsea Acquisition Corp,QSEA,8-K,2025-06-06,2025-06-06,2025-06-06,0001829126-25-004323,https://www.sec.gov/Archives/edgar/data/2047455/000182912625004323/quartzsea_8k.htm,https://www.sec.gov/Archives/edgar/data/2047455/000182912625004323/quartzsea_8k.htm,2025-06-06,2025-06-06 16:45:22,https://www.sec.gov/Archives/edgar/data/2047455/0001829126-25-004323-index.html,Item 1.01,Item 1.01,True,True,quartzsea_ex99-1.htm,quartzsea_ex2-1.htm; quartzsea_ex10-1.htm,True,ATM,Tier-1,https://www.sec.gov/Archives/edgar/data/2047455/000182912625004323/quartzsea_8k.htm,,True,Tier-1,Financing,,True,warrant;offering,
0002047455,Quartzsea Acquisition Corp,QSEA,8-K,2025-03-20,2025-03-14,2025-03-14,0001829126-25-001935,https://www.sec.gov/Archives/edgar/data/2047455/000182912625001935/quartzsea_8k.htm,https://www.sec.gov/Archives/edgar/data/2047455/000182912625001935/quartzsea_8k.htm,2025-03-14,2025-03-20 16:37:08,https://www.sec.gov/Archives/edgar/data/2047455/0001829126-25-001935-index.html,Item 1.01; Item 3.02; Item 5.03; Item 8.01; Item 9.01,Item 1.01; Item 3.02; Item 5.03; Item 8.01; Item 9.01,True,True,quartzsea_ex99-1.htm; quartzsea_ex99-2.htm,quartzsea_ex1-1.htm; quartzsea_ex10-1.htm; quartzsea_ex10-2.htm; quartzsea_ex10-3.htm; quartzsea_ex10-4.htm; quartzsea_ex10-5.htm; quartzsea_ex10-6.htm; quartzsea_ex10-7.htm,True,ATM,Tier-1,https://www.sec.gov/Archives/edgar/data/2047455/000182912625001935/quartzsea_8k.htm,,True,Tier-1,Financing,,True,purchase_agreement;underwriting_agreement;subscription_agreement;offering,
0001762303,"AVITA Medical, Inc.",RCEL,8-K,2025-08-18,2025-08-12,2025-08-12,0001762303-25-000026,https://www.sec.gov/Archives/edgar/data/1762303/000176230325000026/rcel-20250812.htm,https://www.sec.gov/Archives/edgar/data/1762303/000176230325000026/rcel-20250812.htm,2025-08-12,2025-08-18 17:16:38,https://www.sec.gov/Archives/edgar/data/1762303/0001762303-25-000026-index.html,Item 3.02,Item 3.02,False,True,,,True,ATM,Tier-1,https://www.sec.gov/Archives/edgar/data/1762303/000176230325000026/rcel-20250812.htm,,True,Tier-1,Financing,,True,offering,
0001762303,"AVITA Medical, Inc.",RCEL,8-K,2025-10-17,2025-10-16,2025-10-16,0001193125-25-241705,https://www.sec.gov/Archives/edgar/data/1762303/000119312525241705/rcel-20251016.htm,https://www.sec.gov/Archives/edgar/data/1762303/000119312525241705/rcel-20251016.htm,2025-10-16,2025-10-16 19:37:29,https://www.sec.gov/Archives/edgar/data/1762303/0001193125-25-241705-index.html,Item 5.02; Item 9.01,Item 5.02; Item 9.01,True,True,rcel-ex99_1.htm,,True,ATM,Tier-1,https://www.sec.gov/Archives/edgar/data/1762303/000119312525241705/rcel-20251016.htm,,True,Tier-1,Financing,,True,offering,
0001762303,"AVITA Medical, Inc.",RCEL,8-K,2025-08-12,2025-08-12,2025-08-12,0001762303-25-000023,https://www.sec.gov/Archives/edgar/data/1762303/000176230325000023/rcel-20250812.htm,https://www.sec.gov/Archives/edgar/data/1762303/000176230325000023/rcel-20250812.htm,2025-08-12,2025-08-12 08:20:28,https://www.sec.gov/Archives/edgar/data/1762303/0001762303-25-000023-index.html,Item 8.01; Item 9.01,Item 8.01; Item 9.01,True,True,rcel-ex99_1.htm,,True,ATM,Tier-1,https://www.sec.gov/Archives/edgar/data/1762303/000176230325000023/rcel-20250812.htm,,True,Tier-1,Financing,,True,offering,
0001762303,"AVITA Medical, Inc.",RCEL,8-K,2025-11-06,2025-11-05,2025-11-05,0001193125-25-269535,https://www.sec.gov/Archives/edgar/data/1762303/000119312525269535/rcel-20251105.htm,https://www.sec.gov/Archives/edgar/data/1762303/000119312525269535/rcel-20251105.htm,2025-11-05,2025-11-06 16:12:25,https://www.sec.gov/Archives/edgar/data/1762303/0001193125-25-269535-index.html,Item 1.01; Item 2.02; Item 9.01,Item 1.01; Item 2.02; Item 9.01,True,True,rcel-ex99_1.htm,rcel-ex10_1.htm,True,ATM,Tier-1,https://www.sec.gov/Archives/edgar/data/1762303/000119312525269535/rcel-20251105.htm,,True,Tier-1,Financing,,True,warrant;offering,
0001762303,"AVITA Medical, Inc.",RCEL,8-K,2025-08-06,2025-08-06,2025-08-06,0000950170-25-104019,https://www.sec.gov/Archives/edgar/data/1762303/000095017025104019/rcel-20250806.htm,https://www.sec.gov/Archives/edgar/data/1762303/000095017025104019/rcel-20250806.htm,2025-08-06,2025-08-06 16:10:30,https://www.sec.gov/Archives/edgar/data/1762303/0000950170-25-104019-index.html,Item 5.02; Item 9.01,Item 5.02; Item 9.01,True,True,rcel-ex99_1.htm,rcel-ex10_1.htm,True,ATM,Tier-1,https://www.sec.gov/Archives/edgar/data/1762303/000095017025104019/rcel-20250806.htm,,True,Tier-1,Financing,,True,offering,
0001762303,"AVITA Medical, Inc.",RCEL,8-K,2025-08-07,2025-08-07,2025-08-07,0001762303-25-000012,https://www.sec.gov/Archives/edgar/data/1762303/000176230325000012/rcel-20250807.htm,https://www.sec.gov/Archives/edgar/data/1762303/000176230325000012/rcel-20250807.htm,2025-08-07,2025-08-07 16:31:45,https://www.sec.gov/Archives/edgar/data/1762303/0001762303-25-000012-index.html,Item 1.01; Item 2.02; Item 9.01,Item 1.01; Item 2.02; Item 9.01,True,True,rcel-ex99_1.htm,rcel-ex10_1.htm,True,ATM,Tier-1,https://www.sec.gov/Archives/edgar/data/1762303/000176230325000012/rcel-20250807.htm,,True,Tier-1,Financing,,True,warrant;offering,
0001762303,"AVITA Medical, Inc.",RCEL,8-K,2025-03-17,2025-03-17,2025-03-17,0000950170-25-040249,https://www.sec.gov/Archives/edgar/data/1762303/000095017025040249/rcel-20250317.htm,https://www.sec.gov/Archives/edgar/data/1762303/000095017025040249/rcel-20250317.htm,2025-03-17,2025-03-17 16:10:11,https://www.sec.gov/Archives/edgar/data/1762303/0000950170-25-040249-index.html,Item 1.01; Item 9.01,Item 1.01; Item 9.01,True,True,rcel-ex99_1.htm,rcel-ex10_1.htm; rcel-ex10_2.htm,True,ATM,Tier-1,https://www.sec.gov/Archives/edgar/data/1762303/000095017025040249/rcel-20250317.htm,,True,Tier-1,Financing,,True,offering,
0001762303,"AVITA Medical, Inc.",RCEL,8-K,2025-05-08,2025-05-08,2025-05-08,0000950170-25-066911,https://www.sec.gov/Archives/edgar/data/1762303/000095017025066911/rcel-20250508.htm,https://www.sec.gov/Archives/edgar/data/1762303/000095017025066911/rcel-20250508.htm,2025-05-08,2025-05-08 16:05:17,https://www.sec.gov/Archives/edgar/data/1762303/0000950170-25-066911-index.html,Item 2.02; Item 9.01,Item 2.02; Item 9.01,True,True,rcel-ex99_1.htm,,True,ATM,Tier-1,https://www.sec.gov/Archives/edgar/data/1762303/000095017025066911/rcel-20250508.htm,,True,Tier-1,Financing,,True,warrant;offering,
0001596961,"RideNow Group, Inc.",RDNW,8-K,2025-11-04,2025-11-04,2025-11-04,0001596961-25-000099,https://www.sec.gov/Archives/edgar/data/1596961/000159696125000099/rmbl-20251104.htm,https://www.sec.gov/Archives/edgar/data/1596961/000159696125000099/rmbl-20251104.htm,2025-11-04,2025-11-04 16:24:50,https://www.sec.gov/Archives/edgar/data/1596961/0001596961-25-000099-index.html,Item 2.02; Item 9.01,Item 2.02; Item 9.01,True,True,q32025earningsrelease-ex991.htm,,True,ContractAward,Tier-1,https://www.sec.gov/Archives/edgar/data/1596961/000159696125000099/rmbl-20251104.htm,,True,Tier-2,,,False,,
0001596961,"RideNow Group, Inc.",RDNW,8-K,2025-08-28,2025-08-25,2025-08-25,0001596961-25-000083,https://www.sec.gov/Archives/edgar/data/1596961/000159696125000083/rmbl-20250825.htm,https://www.sec.gov/Archives/edgar/data/1596961/000159696125000083/rmbl-20250825.htm,2025-08-25,2025-08-28 17:18:29,https://www.sec.gov/Archives/edgar/data/1596961/0001596961-25-000083-index.html,Item 1.01; Item 2.03; Item 3.02; Item 9.01,Item 1.01; Item 2.03; Item 3.02; Item 9.01,False,True,,exhibit101-formofsubordina.htm,True,ATM,Tier-1,https://www.sec.gov/Archives/edgar/data/1596961/000159696125000083/rmbl-20250825.htm,,True,Tier-1,Financing,,True,warrant;offering,
0001596961,"RumbleOn, Inc.",RDNW,8-K,2025-08-11,2025-08-09,2025-08-09,0001596961-25-000063,https://www.sec.gov/Archives/edgar/data/1596961/000159696125000063/rmbl-20250809.htm,https://www.sec.gov/Archives/edgar/data/1596961/000159696125000063/rmbl-20250809.htm,2025-08-09,2025-08-11 16:10:33,https://www.sec.gov/Archives/edgar/data/1596961/0001596961-25-000063-index.html,Item 1.01; Item 2.03; Item 5.02; Item 5.03; Item 7.01; Item 9.01,Item 1.01; Item 2.03; Item 5.02; Item 5.03; Item 7.01; Item 9.01,True,True,a2025q2earningsrelease-ex9.htm,rumbleon-commitmentletters.htm; amendment10totermloanagree.htm,True,ATM,Tier-1,https://www.sec.gov/Archives/edgar/data/1596961/000159696125000063/rmbl-20250809.htm,,True,Tier-1,Financing,,True,warrant;offering,
0001596961,"RumbleOn, Inc.",RDNW,8-K,2025-05-07,2025-05-07,2025-05-07,0001596961-25-000036,https://www.sec.gov/Archives/edgar/data/1596961/000159696125000036/rmbl-20250507.htm,https://www.sec.gov/Archives/edgar/data/1596961/000159696125000036/rmbl-20250507.htm,2025-05-07,2025-05-07 07:06:07,https://www.sec.gov/Archives/edgar/data/1596961/0001596961-25-000036-index.html,Item 9.01,Item 9.01,True,True,a2025q1earningsrelease-ex9.htm,,True,ATM,Tier-1,https://www.sec.gov/Archives/edgar/data/1596961/000159696125000036/rmbl-20250507.htm,,True,Tier-1,Financing,,True,convertible;offering,
0001596961,"RumbleOn, Inc.",RDNW,8-K,2025-01-16,2025-01-13,2025-01-13,0001596961-25-000006,https://www.sec.gov/Archives/edgar/data/1596961/000159696125000006/rmbl-20250113.htm,https://www.sec.gov/Archives/edgar/data/1596961/000159696125000006/rmbl-20250113.htm,2025-01-13,2025-01-16 17:02:35,https://www.sec.gov/Archives/edgar/data/1596961/0001596961-25-000006-index.html,Item 3.01,Item 3.01,True,True,rmblpressreleasejan132025.htm,,True,ATM,Tier-1,https://www.sec.gov/Archives/edgar/data/1596961/000159696125000006/rmbl-20250113.htm,,True,Tier-1,Financing,,True,convertible;offering,
0001868640,Roadzen Inc.,RDZN,8-K,2025-11-20,2025-11-20,2025-11-20,0001493152-25-024501,https://www.sec.gov/Archives/edgar/data/1868640/000149315225024501/form8-k.htm,https://www.sec.gov/Archives/edgar/data/1868640/000149315225024501/form8-k.htm,2025-11-20,2025-11-20 17:23:57,https://www.sec.gov/Archives/edgar/data/1868640/0001493152-25-024501-index.html,Item 1.01; Item 2.03; Item 9.01,Item 1.01; Item 2.03; Item 9.01,False,True,,ex10-1.htm; ex10-2.htm; ex10-3.htm,True,ATM,Tier-1,https://www.sec.gov/Archives/edgar/data/1868640/000149315225024501/form8-k.htm,,True,Tier-1,Financing,,True,spa;purchase_agreement;convertible;warrant;offering,
0001596961,"RumbleOn, Inc.",RDNW,8-K,2025-03-11,2025-03-11,2025-03-11,0001596961-25-000017,https://www.sec.gov/Archives/edgar/data/1596961/000159696125000017/rmbl-20250311.htm,https://www.sec.gov/Archives/edgar/data/1596961/000159696125000017/rmbl-20250311.htm,2025-03-11,2025-03-11 07:06:18,https://www.sec.gov/Archives/edgar/data/1596961/0001596961-25-000017-index.html,Item 9.01,Item 9.01,True,True,a2024q4er-ex991.htm,,True,ATM,Tier-1,https://www.sec.gov/Archives/edgar/data/1596961/000159696125000017/rmbl-20250311.htm,,True,Tier-1,Financing,,True,convertible;offering,
0001868640,Roadzen Inc.,RDZN,8-K,2025-11-04,2025-11-04,2025-11-04,0001493152-25-020690,https://www.sec.gov/Archives/edgar/data/1868640/000149315225020690/form8-k.htm,https://www.sec.gov/Archives/edgar/data/1868640/000149315225020690/form8-k.htm,2025-11-04,2025-11-04 08:05:25,https://www.sec.gov/Archives/edgar/data/1868640/0001493152-25-020690-index.html,Item 7.01; Item 9.01,Item 7.01; Item 9.01,True,True,ex99-1.htm,,True,FDA,Tier-1,https://www.sec.gov/Archives/edgar/data/1868640/000149315225020690/form8-k.htm,,True,Tier-2,,,False,,
0001868640,Roadzen Inc.,RDZN,8-K,2025-10-29,2025-10-29,2025-10-29,0001493152-25-020060,https://www.sec.gov/Archives/edgar/data/1868640/000149315225020060/form8-k.htm,https://www.sec.gov/Archives/edgar/data/1868640/000149315225020060/form8-k.htm,2025-10-29,2025-10-29 16:05:44,https://www.sec.gov/Archives/edgar/data/1868640/0001493152-25-020060-index.html,Item 7.01; Item 9.01,Item 7.01; Item 9.01,True,True,ex99-1.htm,,True,ListingChange,Tier-1,https://www.sec.gov/Archives/edgar/data/1868640/000149315225020060/form8-k.htm,,True,Tier-2,,,False,,
0001868640,Roadzen Inc.,RDZN,8-K,2025-07-30,2025-07-24,2025-07-24,0001641172-25-021507,https://www.sec.gov/Archives/edgar/data/1868640/000164117225021507/form8-k.htm,https://www.sec.gov/Archives/edgar/data/1868640/000164117225021507/form8-k.htm,2025-07-24,2025-07-30 09:25:15,https://www.sec.gov/Archives/edgar/data/1868640/0001641172-25-021507-index.html,Item 1.01; Item 3.02; Item 9.01,Item 1.01; Item 3.02; Item 9.01,False,True,,ex10-1.htm; ex10-2.htm; ex10-3.htm,True,ATM,Tier-1,https://www.sec.gov/Archives/edgar/data/1868640/000164117225021507/form8-k.htm,,True,Tier-1,Financing,,True,spa;purchase_agreement;offering,
0001868640,Roadzen Inc.,RDZN,8-K,2025-07-31,2025-07-27,2025-07-27,0001641172-25-021773,https://www.sec.gov/Archives/edgar/data/1868640/000164117225021773/form8-k.htm,https://www.sec.gov/Archives/edgar/data/1868640/000164117225021773/form8-k.htm,2025-07-27,2025-07-31 17:00:15,https://www.sec.gov/Archives/edgar/data/1868640/0001641172-25-021773-index.html,Item 1.01; Item 8.01; Item 9.01,Item 1.01; Item 8.01; Item 9.01,True,True,ex99-1.htm,ex10-1.htm; ex10-2.htm,True,ATM,Tier-1,https://www.sec.gov/Archives/edgar/data/1868640/000164117225021773/form8-k.htm,,True,Tier-1,Financing,,True,registered_direct;spa;purchase_agreement;warrant;offering,
0001868640,Roadzen Inc.,RDZN,8-K,2025-11-14,2025-11-14,2025-11-14,0001493152-25-022601,https://www.sec.gov/Archives/edgar/data/1868640/000149315225022601/form8-k.htm,https://www.sec.gov/Archives/edgar/data/1868640/000149315225022601/form8-k.htm,2025-11-14,2025-11-14 08:27:30,https://www.sec.gov/Archives/edgar/data/1868640/0001493152-25-022601-index.html,Item 2.02; Item 9.01,Item 2.02; Item 9.01,True,True,ex99-1.htm,,True,ATM,Tier-1,https://www.sec.gov/Archives/edgar/data/1868640/000149315225022601/form8-k.htm,,True,Tier-1,Financing,,True,registered_direct;purchase_agreement;warrant;offering,
0001868640,Roadzen Inc.,RDZN,8-K,2025-08-13,2025-08-13,2025-08-13,0001641172-25-023483,https://www.sec.gov/Archives/edgar/data/1868640/000164117225023483/form8-k.htm,https://www.sec.gov/Archives/edgar/data/1868640/000164117225023483/form8-k.htm,2025-08-13,2025-08-13 16:10:37,https://www.sec.gov/Archives/edgar/data/1868640/0001641172-25-023483-index.html,Item 2.02; Item 9.01,Item 2.02; Item 9.01,True,True,ex99-1.htm,,True,ATM,Tier-1,https://www.sec.gov/Archives/edgar/data/1868640/000164117225023483/form8-k.htm,,True,Tier-1,Financing,,True,registered_direct;purchase_agreement;warrant;offering,
0001868640,Roadzen Inc.,RDZN,8-K,2025-04-21,2025-04-17,2025-04-17,0001641172-25-005571,https://www.sec.gov/Archives/edgar/data/1868640/000164117225005571/form8-k.htm,https://www.sec.gov/Archives/edgar/data/1868640/000164117225005571/form8-k.htm,2025-04-17,2025-04-21 16:30:35,https://www.sec.gov/Archives/edgar/data/1868640/0001641172-25-005571-index.html,Item 7.01; Item 9.01,Item 7.01; Item 9.01,True,True,ex99-1.htm,,True,ContractAward,Tier-1,https://www.sec.gov/Archives/edgar/data/1868640/000164117225005571/form8-k.htm,,True,Tier-1,Financing,,True,purchase_agreement,
0001868640,Roadzen Inc.,RDZN,8-K,2025-06-26,2025-06-26,2025-06-26,0001641172-25-016641,https://www.sec.gov/Archives/edgar/data/1868640/000164117225016641/form8-k.htm,https://www.sec.gov/Archives/edgar/data/1868640/000164117225016641/form8-k.htm,2025-06-26,2025-06-26 16:10:49,https://www.sec.gov/Archives/edgar/data/1868640/0001641172-25-016641-index.html,Item 2.02; Item 9.01,Item 2.02; Item 9.01,True,True,ex99-1.htm,,True,ATM,Tier-1,https://www.sec.gov/Archives/edgar/data/1868640/000164117225016641/form8-k.htm,,True,Tier-1,Financing,,True,spa;purchase_agreement;convertible;warrant;offering,
0001697851,"Rekor Systems, Inc.",REKR,8-K,2025-10-14,2025-10-14,2025-10-14,0001437749-25-030890,https://www.sec.gov/Archives/edgar/data/1697851/000143774925030890/rekr20251013_8k.htm,https://www.sec.gov/Archives/edgar/data/1697851/000143774925030890/rekr20251013_8k.htm,2025-10-14,2025-10-14 07:05:54,https://www.sec.gov/Archives/edgar/data/1697851/0001437749-25-030890-index.html,Item 2.02; Item 7.01; Item 9.01,Item 2.02; Item 7.01; Item 9.01,True,True,ex_869364.htm,,True,ContractAward,Tier-1,https://www.sec.gov/Archives/edgar/data/1697851/000143774925030890/rekr20251013_8k.htm,,True,Tier-2,,,False,,
0001697851,"Rekor Systems, Inc.",REKR,8-K,2025-11-13,2025-11-13,2025-11-13,0001437749-25-034859,https://www.sec.gov/Archives/edgar/data/1697851/000143774925034859/rekr20251112_8k.htm,https://www.sec.gov/Archives/edgar/data/1697851/000143774925034859/rekr20251112_8k.htm,2025-11-13,2025-11-13 16:25:20,https://www.sec.gov/Archives/edgar/data/1697851/0001437749-25-034859-index.html,Item 2.02; Item 5.02; Item 9.01,Item 2.02; Item 5.02; Item 9.01,True,True,ex_887304.htm,,True,ATM,Tier-1,https://www.sec.gov/Archives/edgar/data/1697851/000143774925034859/rekr20251112_8k.htm,,True,Tier-1,Financing,,True,offering,
0001697851,"Rekor Systems, Inc.",REKR,8-K,2025-06-06,2025-06-05,2025-06-05,0001437749-25-019603,https://www.sec.gov/Archives/edgar/data/1697851/000143774925019603/rekr20250605_8k.htm,https://www.sec.gov/Archives/edgar/data/1697851/000143774925019603/rekr20250605_8k.htm,2025-06-05,2025-06-06 07:35:20,https://www.sec.gov/Archives/edgar/data/1697851/0001437749-25-019603-index.html,Item 8.01; Item 9.01,Item 8.01; Item 9.01,True,True,ex_827774.htm,,True,ContractAward,Tier-1,https://www.sec.gov/Archives/edgar/data/1697851/000143774925019603/rekr20250605_8k.htm,,True,Tier-2,,,False,,
0001697851,"Rekor Systems, Inc.",REKR,8-K,2025-06-03,2025-06-03,2025-06-03,0001437749-25-019217,https://www.sec.gov/Archives/edgar/data/1697851/000143774925019217/rekr20250602_8k.htm,https://www.sec.gov/Archives/edgar/data/1697851/000143774925019217/rekr20250602_8k.htm,2025-06-03,2025-06-03 07:35:24,https://www.sec.gov/Archives/edgar/data/1697851/0001437749-25-019217-index.html,Item 8.01; Item 9.01,Item 8.01; Item 9.01,True,True,ex_826235.htm,,True,ATM,Tier-1,https://www.sec.gov/Archives/edgar/data/1697851/000143774925019217/rekr20250602_8k.htm,,True,Tier-2,,,False,,
0001697851,"Rekor Systems, Inc.",REKR,8-K,2025-08-12,2025-08-12,2025-08-12,0001437749-25-026189,https://www.sec.gov/Archives/edgar/data/1697851/000143774925026189/rekr20250811_8k.htm,https://www.sec.gov/Archives/edgar/data/1697851/000143774925026189/rekr20250811_8k.htm,2025-08-12,2025-08-12 16:07:57,https://www.sec.gov/Archives/edgar/data/1697851/0001437749-25-026189-index.html,Item 2.02; Item 9.01,Item 2.02; Item 9.01,True,True,ex_851071.htm,,True,ATM,Tier-1,https://www.sec.gov/Archives/edgar/data/1697851/000143774925026189/rekr20250811_8k.htm,,True,Tier-1,Financing,,True,offering,
0002035016,Ribbon Acquisition Corp.,RIBB,8-K,2025-07-01,2025-06-30,2025-06-30,0001213900-25-060364,https://www.sec.gov/Archives/edgar/data/2035016/000121390025060364/ea0247714-8k425_ribbon.htm,https://www.sec.gov/Archives/edgar/data/2035016/000121390025060364/ea0247714-8k425_ribbon.htm,2025-06-30,2025-07-01 16:05:38,https://www.sec.gov/Archives/edgar/data/2035016/0001213900-25-060364-index.html,Item 1.01; Item 9.01,Item 1.01; Item 9.01,True,True,ea024771401ex99-1_ribbon.htm,ea024771401ex2-1_ribbon.htm; ea024771401ex10-1_ribbon.htm; ea024771401ex10-2_ribbon.htm; ea024771401ex10-3_ribbon.htm,True,ATM,Tier-1,https://www.sec.gov/Archives/edgar/data/2035016/000121390025060364/ea0247714-8k425_ribbon.htm,,True,Tier-1,Financing,,True,convertible;warrant;offering,
0001697851,"Rekor Systems, Inc.",REKR,8-K,2025-05-14,2025-05-14,2025-05-14,0001437749-25-016845,https://www.sec.gov/Archives/edgar/data/1697851/000143774925016845/rekr20250513_8k.htm,https://www.sec.gov/Archives/edgar/data/1697851/000143774925016845/rekr20250513_8k.htm,2025-05-14,2025-05-14 16:12:46,https://www.sec.gov/Archives/edgar/data/1697851/0001437749-25-016845-index.html,Item 2.02; Item 9.01,Item 2.02; Item 9.01,True,True,ex_817270.htm,,True,ContractAward,Tier-1,https://www.sec.gov/Archives/edgar/data/1697851/000143774925016845/rekr20250513_8k.htm,,True,Tier-2,,,False,,
0002035016,Ribbon Acquisition Corp.,RIBB,8-K,2025-03-13,2025-03-07,2025-03-07,0001213900-25-023731,https://www.sec.gov/Archives/edgar/data/2035016/000121390025023731/ea0234329-8k_ribbon.htm,https://www.sec.gov/Archives/edgar/data/2035016/000121390025023731/ea0234329-8k_ribbon.htm,2025-03-07,2025-03-13 16:35:07,https://www.sec.gov/Archives/edgar/data/2035016/0001213900-25-023731-index.html,Item 8.01,Item 8.01,True,True,ea023432901ex99-1_ribbon.htm,,True,ATM,Tier-1,https://www.sec.gov/Archives/edgar/data/2035016/000121390025023731/ea0234329-8k_ribbon.htm,,True,Tier-1,Financing,,True,offering,
0002035016,Ribbon Acquisition Corp.,RIBB,8-K,2025-01-21,2025-01-14,2025-01-14,0001213900-25-005031,https://www.sec.gov/Archives/edgar/data/2035016/000121390025005031/ea0227750-8k_ribbon.htm,https://www.sec.gov/Archives/edgar/data/2035016/000121390025005031/ea0227750-8k_ribbon.htm,2025-01-14,2025-01-21 16:30:26,https://www.sec.gov/Archives/edgar/data/2035016/0001213900-25-005031-index.html,Item 1.01; Item 3.02; Item 8.01; Item 9.01,Item 1.01; Item 3.02; Item 8.01; Item 9.01,True,True,ea022775001ex99-1_ribbon.htm; ea022775001ex99-2_ribbon.htm,ea022775001ex1-1_ribbon.htm; ea022775001ex10-1_ribbon.htm; ea022775001ex10-2_ribbon.htm; ea022775001ex10-3_ribbon.htm; ea022775001ex10-4_ribbon.htm; ea022775001ex10-5_ribbon.htm; ea022775001ex10-6_ribbon.htm; ea022775001ex10-7_ribbon.htm,True,ATM,Tier-1,https://www.sec.gov/Archives/edgar/data/2035016/000121390025005031/ea0227750-8k_ribbon.htm,,True,Tier-1,Financing,,True,purchase_agreement;underwriting_agreement;offering,
0001464790,"B. Riley Financial, Inc.",RILY,8-K,2025-11-28,2025-11-21,2025-11-21,0001213900-25-115932,https://www.sec.gov/Archives/edgar/data/1464790/000121390025115932/ea0267598-8k_briley.htm,https://www.sec.gov/Archives/edgar/data/1464790/000121390025115932/ea0267598-8k_briley.htm,2025-11-21,2025-11-28 13:10:32,https://www.sec.gov/Archives/edgar/data/1464790/0001213900-25-115932-index.html,Item 7.01; Item 9.01,Item 7.01; Item 9.01,True,True,ea026759801ex99-1_briley.htm,,True,ListingChange,Tier-1,https://www.sec.gov/Archives/edgar/data/1464790/000121390025115932/ea0267598-8k_briley.htm,,True,Tier-2,,,False,,
0002035016,Ribbon Acquisition Corp.,RIBB,8-K,2025-01-23,2025-01-16,2025-01-16,0001213900-25-005999,https://www.sec.gov/Archives/edgar/data/2035016/000121390025005999/ea0228494-8k_ribbon.htm,https://www.sec.gov/Archives/edgar/data/2035016/000121390025005999/ea0228494-8k_ribbon.htm,2025-01-16,2025-01-23 16:36:24,https://www.sec.gov/Archives/edgar/data/2035016/0001213900-25-005999-index.html,Item 8.01; Item 9.01,Item 8.01; Item 9.01,True,True,ea022849401ex99-1_ribbon.htm,,True,ATM,Tier-1,https://www.sec.gov/Archives/edgar/data/2035016/000121390025005999/ea0228494-8k_ribbon.htm,,True,Tier-1,Financing,,True,underwriting_agreement;convertible;warrant;offering,
0001464790,"B. Riley Financial, Inc.",RILY,8-K,2025-11-06,2025-11-06,2025-11-06,0001213900-25-107155,https://www.sec.gov/Archives/edgar/data/1464790/000121390025107155/ea0264305-8k_briley.htm,https://www.sec.gov/Archives/edgar/data/1464790/000121390025107155/ea0264305-8k_briley.htm,2025-11-06,2025-11-06 16:06:43,https://www.sec.gov/Archives/edgar/data/1464790/0001213900-25-107155-index.html,Item 2.02; Item 9.01,Item 2.02; Item 9.01,True,True,ea026430501ex99-1_briley.htm,,True,ATM,Tier-1,https://www.sec.gov/Archives/edgar/data/1464790/000121390025107155/ea0264305-8k_briley.htm,,True,Tier-1,Financing,,True,offering,
0001464790,"B. Riley Financial, Inc.",RILY,8-K,2025-10-06,2025-10-01,2025-10-01,0001213900-25-096621,https://www.sec.gov/Archives/edgar/data/1464790/000121390025096621/ea0260436-8k_briley.htm,https://www.sec.gov/Archives/edgar/data/1464790/000121390025096621/ea0260436-8k_briley.htm,2025-10-01,2025-10-06 17:11:34,https://www.sec.gov/Archives/edgar/data/1464790/0001213900-25-096621-index.html,Item 7.01; Item 9.01,Item 7.01; Item 9.01,True,True,ea026043601ex99-1_briley.htm,,True,ListingChange,Tier-1,https://www.sec.gov/Archives/edgar/data/1464790/000121390025096621/ea0260436-8k_briley.htm,,True,Tier-2,,,False,,
0001464790,"B. Riley Financial, Inc.",RILY,8-K,2025-08-26,2025-08-20,2025-08-20,0001213900-25-080805,https://www.sec.gov/Archives/edgar/data/1464790/000121390025080805/ea0254635-8k_briley.htm,https://www.sec.gov/Archives/edgar/data/1464790/000121390025080805/ea0254635-8k_briley.htm,2025-08-20,2025-08-26 17:05:52,https://www.sec.gov/Archives/edgar/data/1464790/0001213900-25-080805-index.html,Item 1.01; Item 9.01,Item 1.01; Item 9.01,False,True,,ea025463501ex10-1_briley.htm,True,ATM,Tier-1,https://www.sec.gov/Archives/edgar/data/1464790/000121390025080805/ea0254635-8k_briley.htm,,True,Tier-1,Financing,,True,warrant,
0001464790,"B. Riley Financial, Inc.",RILY,8-K,2025-08-22,2025-08-20,2025-08-20,0001213900-25-079991,https://www.sec.gov/Archives/edgar/data/1464790/000121390025079991/ea0254297-8k_briley.htm,https://www.sec.gov/Archives/edgar/data/1464790/000121390025079991/ea0254297-8k_briley.htm,2025-08-20,2025-08-22 17:15:32,https://www.sec.gov/Archives/edgar/data/1464790/0001213900-25-079991-index.html,Item 9.01,Item 9.01,True,True,ea025429701ex99-1_briley.htm,,True,ListingChange,Tier-1,https://www.sec.gov/Archives/edgar/data/1464790/000121390025079991/ea0254297-8k_briley.htm,,True,Tier-2,,,False,,
0001420565,"Rein Therapeutics, Inc.",RNTX,8-K,2025-11-03,2025-11-03,2025-11-03,0001193125-25-261706,https://www.sec.gov/Archives/edgar/data/1420565/000119312525261706/d47241d8k.htm,https://www.sec.gov/Archives/edgar/data/1420565/000119312525261706/d47241d8k.htm,2025-11-03,2025-11-03 07:45:11,https://www.sec.gov/Archives/edgar/data/1420565/0001193125-25-261706-index.html,Item 8.01; Item 9.01,Item 8.01; Item 9.01,True,True,d47241dex991.htm,,True,ATM,Tier-1,https://www.sec.gov/Archives/edgar/data/1420565/000119312525261706/d47241d8k.htm,,True,Tier-2,,,False,,
0001420565,"Rein Therapeutics, Inc.",RNTX,8-K,2025-10-09,2025-10-09,2025-10-09,0001193125-25-235152,https://www.sec.gov/Archives/edgar/data/1420565/000119312525235152/d11439d8k.htm,https://www.sec.gov/Archives/edgar/data/1420565/000119312525235152/d11439d8k.htm,2025-10-09,2025-10-09 07:45:46,https://www.sec.gov/Archives/edgar/data/1420565/0001193125-25-235152-index.html,Item 8.01; Item 9.01,Item 8.01; Item 9.01,True,True,d11439dex991.htm,,True,ATM,Tier-1,https://www.sec.gov/Archives/edgar/data/1420565/000119312525235152/d11439d8k.htm,,True,Tier-2,,,False,,
0001464790,"B. Riley Financial, Inc.",RILY,8-K,2025-08-13,2025-08-07,2025-08-07,0001213900-25-075744,https://www.sec.gov/Archives/edgar/data/1464790/000121390025075744/ea0252682-8k_briley.htm,https://www.sec.gov/Archives/edgar/data/1464790/000121390025075744/ea0252682-8k_briley.htm,2025-08-07,2025-08-13 16:44:46,https://www.sec.gov/Archives/edgar/data/1464790/0001213900-25-075744-index.html,Item 2.02; Item 9.01,Item 2.02; Item 9.01,True,True,ea025268201ex99-1_briley.htm; ea025268201ex99-2_briley.htm,,True,ATM,Tier-1,https://www.sec.gov/Archives/edgar/data/1464790/000121390025075744/ea0252682-8k_briley.htm,,True,Tier-1,Financing,,True,atm;convertible;offering,
0001420565,"Rein Therapeutics, Inc.",RNTX,8-K,2025-08-19,2025-08-19,2025-08-19,0001193125-25-183073,https://www.sec.gov/Archives/edgar/data/1420565/000119312525183073/d938122d8k.htm,https://www.sec.gov/Archives/edgar/data/1420565/000119312525183073/d938122d8k.htm,2025-08-19,2025-08-19 08:06:45,https://www.sec.gov/Archives/edgar/data/1420565/0001193125-25-183073-index.html,Item 8.01; Item 9.01,Item 8.01; Item 9.01,True,True,d938122dex991.htm,,True,ATM,Tier-1,https://www.sec.gov/Archives/edgar/data/1420565/000119312525183073/d938122d8k.htm,,True,Tier-2,,,False,,
0001420565,"Rein Therapeutics, Inc.",RNTX,8-K,2025-07-30,2025-07-29,2025-07-29,0001193125-25-168830,https://www.sec.gov/Archives/edgar/data/1420565/000119312525168830/d56953d8k.htm,https://www.sec.gov/Archives/edgar/data/1420565/000119312525168830/d56953d8k.htm,2025-07-29,2025-07-30 09:04:36,https://www.sec.gov/Archives/edgar/data/1420565/0001193125-25-168830-index.html,Item 1.01; Item 2.03; Item 3.02; Item 9.01,Item 1.01; Item 2.03; Item 3.02; Item 9.01,False,True,,d56953dex101.htm; d56953dex102.htm,True,ATM,Tier-1,https://www.sec.gov/Archives/edgar/data/1420565/000119312525168830/d56953d8k.htm,,True,Tier-1,Financing,,True,purchase_agreement;offering,
0001810019,"Rackspace Technology, Inc.",RXT,8-K,2025-09-02,2025-08-30,2025-08-30,0001810019-25-000117,https://www.sec.gov/Archives/edgar/data/1810019/000181001925000117/rxt-20250830.htm,https://www.sec.gov/Archives/edgar/data/1810019/000181001925000117/rxt-20250830.htm,2025-08-30,2025-09-02 16:06:41,https://www.sec.gov/Archives/edgar/data/1810019/0001810019-25-000117-index.html,Item 5.02,Item 5.02,True,True,a20250902-pressrelease.htm,rxtceoagreementexecutionve.htm,True,ContractAward,Tier-1,https://www.sec.gov/Archives/edgar/data/1810019/000181001925000117/rxt-20250830.htm,,True,Tier-2,,,False,,
0001810019,"Rackspace Technology, Inc.",RXT,8-K,2025-11-06,2025-11-06,2025-11-06,0001810019-25-000151,https://www.sec.gov/Archives/edgar/data/1810019/000181001925000151/rxt-20251106.htm,https://www.sec.gov/Archives/edgar/data/1810019/000181001925000151/rxt-20251106.htm,2025-11-06,2025-11-06 16:22:41,https://www.sec.gov/Archives/edgar/data/1810019/0001810019-25-000151-index.html,Item 2.02; Item 9.01,Item 2.02; Item 9.01,True,True,rxt991_q32025.htm,,True,GuidanceUp,Tier-1,https://www.sec.gov/Archives/edgar/data/1810019/000181001925000151/rxt-20251106.htm,,True,Tier-1,Financing,,True,purchase_agreement,
0001810019,"Rackspace Technology, Inc.",RXT,8-K,2025-08-07,2025-08-07,2025-08-07,0001810019-25-000107,https://www.sec.gov/Archives/edgar/data/1810019/000181001925000107/rxt-20250807.htm,https://www.sec.gov/Archives/edgar/data/1810019/000181001925000107/rxt-20250807.htm,2025-08-07,2025-08-07 16:10:58,https://www.sec.gov/Archives/edgar/data/1810019/0001810019-25-000107-index.html,Item 2.02; Item 9.01,Item 2.02; Item 9.01,True,True,rxt991_q22025.htm,,True,GuidanceUp,Tier-1,https://www.sec.gov/Archives/edgar/data/1810019/000181001925000107/rxt-20250807.htm,,True,Tier-1,Financing,,True,purchase_agreement,
0001810019,"Rackspace Technology, Inc.",RXT,8-K,2025-05-08,2025-05-08,2025-05-08,0001810019-25-000065,https://www.sec.gov/Archives/edgar/data/1810019/000181001925000065/rxt-20250508.htm,https://www.sec.gov/Archives/edgar/data/1810019/000181001925000065/rxt-20250508.htm,2025-05-08,2025-05-08 16:18:42,https://www.sec.gov/Archives/edgar/data/1810019/0001810019-25-000065-index.html,Item 2.02; Item 9.01,Item 2.02; Item 9.01,True,True,rxt991_q12025.htm,,True,GuidanceUp,Tier-1,https://www.sec.gov/Archives/edgar/data/1810019/000181001925000065/rxt-20250508.htm,,True,Tier-1,Financing,,True,purchase_agreement,
0001820190,Scilex Holding Co,SCLX,8-K,2025-11-24,2025-11-23,2025-11-23,0001193125-25-293861,https://www.sec.gov/Archives/edgar/data/1820190/000119312525293861/d54587d8k.htm,https://www.sec.gov/Archives/edgar/data/1820190/000119312525293861/d54587d8k.htm,2025-11-23,2025-11-24 17:15:20,https://www.sec.gov/Archives/edgar/data/1820190/0001193125-25-293861-index.html,Item 1.01; Item 3.02; Item 9.01,Item 1.01; Item 3.02; Item 9.01,False,True,,d54587dex101.htm; d54587dex102.htm; d54587dex103.htm,True,ATM,Tier-1,https://www.sec.gov/Archives/edgar/data/1820190/000119312525293861/d54587d8k.htm,,True,Tier-1,Financing,,True,warrant,
0001810019,"Rackspace Technology, Inc.",RXT,8-K,2025-01-17,2025-01-15,2025-01-15,0001810019-25-000003,https://www.sec.gov/Archives/edgar/data/1810019/000181001925000003/rxt-20250115.htm,https://www.sec.gov/Archives/edgar/data/1810019/000181001925000003/rxt-20250115.htm,2025-01-15,2025-01-17 09:04:08,https://www.sec.gov/Archives/edgar/data/1810019/0001810019-25-000003-index.html,Item 5.02,Item 5.02,True,True,a20250117-pressreleaseex991.htm,,True,GuidanceUp,Tier-1,https://www.sec.gov/Archives/edgar/data/1810019/000181001925000003/rxt-20250115.htm,,True,Tier-2,,,False,,
0001810019,"Rackspace Technology, Inc.",RXT,8-K,2025-02-20,2025-02-20,2025-02-20,0001810019-25-000013,https://www.sec.gov/Archives/edgar/data/1810019/000181001925000013/rxt-20250220.htm,https://www.sec.gov/Archives/edgar/data/1810019/000181001925000013/rxt-20250220.htm,2025-02-20,2025-02-20 16:20:22,https://www.sec.gov/Archives/edgar/data/1810019/0001810019-25-000013-index.html,Item 2.02; Item 9.01,Item 2.02; Item 9.01,True,True,rxt991_q42024.htm,,True,GuidanceUp,Tier-1,https://www.sec.gov/Archives/edgar/data/1810019/000181001925000013/rxt-20250220.htm,,True,Tier-2,,,False,,
0001820190,Scilex Holding Co,SCLX,8-K,2025-10-31,2025-10-30,2025-10-30,0001193125-25-259819,https://www.sec.gov/Archives/edgar/data/1820190/000119312525259819/sclx-20251030.htm,https://www.sec.gov/Archives/edgar/data/1820190/000119312525259819/sclx-20251030.htm,2025-10-30,2025-10-31 08:56:16,https://www.sec.gov/Archives/edgar/data/1820190/0001193125-25-259819-index.html,Item 1.02; Item 9.01,Item 1.02; Item 9.01,False,True,,sclx-ex10_1.htm,True,ATM,Tier-1,https://www.sec.gov/Archives/edgar/data/1820190/000119312525259819/sclx-20251030.htm,,True,Tier-1,Financing,,True,purchase_agreement;equity_line,
0001820190,Scilex Holding Co,SCLX,8-K,2025-10-07,2025-10-01,2025-10-01,0001193125-25-233450,https://www.sec.gov/Archives/edgar/data/1820190/000119312525233450/sclx-20251001.htm,https://www.sec.gov/Archives/edgar/data/1820190/000119312525233450/sclx-20251001.htm,2025-10-01,2025-10-07 16:05:54,https://www.sec.gov/Archives/edgar/data/1820190/0001193125-25-233450-index.html,Item 5.02,Item 5.02,False,True,,,True,ATM,Tier-1,https://www.sec.gov/Archives/edgar/data/1820190/000119312525233450/sclx-20251001.htm,,True,Tier-1,Financing,,True,offering,
0001820190,Scilex Holding Co,SCLX,8-K,2025-11-04,2025-11-03,2025-11-03,0001193125-25-264143,https://www.sec.gov/Archives/edgar/data/1820190/000119312525264143/sclx-20251104.htm,https://www.sec.gov/Archives/edgar/data/1820190/000119312525264143/sclx-20251104.htm,2025-11-03,2025-11-04 13:21:50,https://www.sec.gov/Archives/edgar/data/1820190/0001193125-25-264143-index.html,Item 7.01,Item 7.01,True,True,sclx-ex99_1.htm,sclx-ex10_1.htm,True,ATM,Tier-1,https://www.sec.gov/Archives/edgar/data/1820190/000119312525264143/sclx-20251104.htm,,True,Tier-2,,,False,,
0001820190,Scilex Holding Co,SCLX,8-K,2025-10-01,2025-09-30,2025-09-30,0001193125-25-226992,https://www.sec.gov/Archives/edgar/data/1820190/000119312525226992/sclx-20250930.htm,https://www.sec.gov/Archives/edgar/data/1820190/000119312525226992/sclx-20250930.htm,2025-09-30,2025-10-01 17:14:46,https://www.sec.gov/Archives/edgar/data/1820190/0001193125-25-226992-index.html,Item 1.01; Item 3.02; Item 9.01,Item 1.01; Item 3.02; Item 9.01,False,True,,sclx-ex10_1.htm; sclx-ex10_2.htm,True,ATM,Tier-1,https://www.sec.gov/Archives/edgar/data/1820190/000119312525226992/sclx-20250930.htm,,True,Tier-1,Financing,,True,spa;purchase_agreement;convertible;warrant,
0001820190,Scilex Holding Co,SCLX,8-K,2025-09-26,2025-09-25,2025-09-25,0001193125-25-220481,https://www.sec.gov/Archives/edgar/data/1820190/000119312525220481/sclx-20250925.htm,https://www.sec.gov/Archives/edgar/data/1820190/000119312525220481/sclx-20250925.htm,2025-09-25,2025-09-26 16:10:51,https://www.sec.gov/Archives/edgar/data/1820190/0001193125-25-220481-index.html,Item 2.01,Item 2.01,True,True,sclx-ex99_1.htm; sclx-ex99_2.htm,sclx-ex10_1.htm,True,ATM,Tier-1,https://www.sec.gov/Archives/edgar/data/1820190/000119312525220481/sclx-20250925.htm,,True,Tier-1,Financing,,True,spa;purchase_agreement;warrant,
0001820190,Scilex Holding Co,SCLX,8-K,2025-09-26,2025-09-23,2025-09-23,0001193125-25-220446,https://www.sec.gov/Archives/edgar/data/1820190/000119312525220446/sclx-20250923.htm,https://www.sec.gov/Archives/edgar/data/1820190/000119312525220446/sclx-20250923.htm,2025-09-23,2025-09-26 16:05:37,https://www.sec.gov/Archives/edgar/data/1820190/0001193125-25-220446-index.html,Item 2.01,Item 2.01,True,True,sclx-ex99_1.htm; sclx-ex99_2.htm,sclx-ex10_1.htm,True,ATM,Tier-1,https://www.sec.gov/Archives/edgar/data/1820190/000119312525220446/sclx-20250923.htm,,True,Tier-1,Financing,,True,spa;purchase_agreement;warrant;offering,
0001820190,Scilex Holding Co,SCLX,8-K,2025-08-21,2025-08-16,2025-08-16,0001193125-25-184619,https://www.sec.gov/Archives/edgar/data/1820190/000119312525184619/d27011d8k.htm,https://www.sec.gov/Archives/edgar/data/1820190/000119312525184619/d27011d8k.htm,2025-08-16,2025-08-21 07:00:38,https://www.sec.gov/Archives/edgar/data/1820190/0001193125-25-184619-index.html,Item 5.02; Item 9.01,Item 5.02; Item 9.01,True,True,d27011dex991.htm,,True,ATM,Tier-1,https://www.sec.gov/Archives/edgar/data/1820190/000119312525184619/d27011d8k.htm,,True,Tier-1,Financing,,True,purchase_agreement,
0001551901,Stellus Capital Investment Corp,SCM,8-K,2025-11-24,2025-11-24,2025-11-24,0001104659-25-115422,https://www.sec.gov/Archives/edgar/data/1551901/000110465925115422/tm2526928d1_8k.htm,https://www.sec.gov/Archives/edgar/data/1551901/000110465925115422/tm2526928d1_8k.htm,2025-11-24,2025-11-24 16:15:49,https://www.sec.gov/Archives/edgar/data/1551901/0001104659-25-115422-index.html,Item 8.01; Item 9.01,Item 8.01; Item 9.01,True,True,tm2526928d1_ex99-1.htm,,True,OtherEvent,Tier-2,https://www.sec.gov/Archives/edgar/data/1551901/000110465925115422/tm2526928d1_8k.htm,,True,Tier-2,,,False,,
0001551901,Stellus Capital Investment Corp,SCM,8-K,2025-09-26,2025-09-22,2025-09-22,0001104659-25-093911,https://www.sec.gov/Archives/edgar/data/1551901/000110465925093911/tm2526928d1_8k.htm,https://www.sec.gov/Archives/edgar/data/1551901/000110465925093911/tm2526928d1_8k.htm,2025-09-22,2025-09-26 16:54:15,https://www.sec.gov/Archives/edgar/data/1551901/0001104659-25-093911-index.html,Item 1.01; Item 9.01,Item 1.01; Item 9.01,False,True,,tm2526928d1_ex1-1.htm,True,ATM,Tier-1,https://www.sec.gov/Archives/edgar/data/1551901/000110465925093911/tm2526928d1_8k.htm,,True,Tier-1,Financing,,True,underwriting_agreement;warrant;offering,
0001820190,Scilex Holding Co,SCLX,8-K,2025-07-23,2025-07-22,2025-07-22,0001193125-25-162938,https://www.sec.gov/Archives/edgar/data/1820190/000119312525162938/d87162d8k.htm,https://www.sec.gov/Archives/edgar/data/1820190/000119312525162938/d87162d8k.htm,2025-07-22,2025-07-23 08:00:35,https://www.sec.gov/Archives/edgar/data/1820190/0001193125-25-162938-index.html,Item 1.01; Item 3.02; Item 9.01,Item 1.01; Item 3.02; Item 9.01,False,True,,d87162dex101.htm; d87162dex102.htm; d87162dex103.htm; d87162dex104.htm; d87162dex105.htm; d87162dex106.htm; d87162dex107.htm,True,ATM,Tier-1,https://www.sec.gov/Archives/edgar/data/1820190/000119312525162938/d87162d8k.htm,,True,Tier-1,Financing,,True,purchase_agreement;warrant,
0001551901,Stellus Capital Investment Corp,SCM,8-K,2025-09-10,2025-09-09,2025-09-09,0001104659-25-088902,https://www.sec.gov/Archives/edgar/data/1551901/000110465925088902/tm2525669d1_8k.htm,https://www.sec.gov/Archives/edgar/data/1551901/000110465925088902/tm2525669d1_8k.htm,2025-09-09,2025-09-10 09:29:58,https://www.sec.gov/Archives/edgar/data/1551901/0001104659-25-088902-index.html,Item 1.01; Item 9.01,Item 1.01; Item 9.01,False,True,,tm2525669d1_ex10-1.htm,True,ATM,Tier-1,https://www.sec.gov/Archives/edgar/data/1551901/000110465925088902/tm2525669d1_8k.htm,,True,Tier-1,Financing,,True,atm;warrant;offering,
0001551901,Stellus Capital Investment Corp,SCM,8-K,2025-08-28,2025-08-28,2025-08-28,0001104659-25-084789,https://www.sec.gov/Archives/edgar/data/1551901/000110465925084789/tm2524446d1_8k.htm,https://www.sec.gov/Archives/edgar/data/1551901/000110465925084789/tm2524446d1_8k.htm,2025-08-28,2025-08-28 16:30:53,https://www.sec.gov/Archives/edgar/data/1551901/0001104659-25-084789-index.html,Item 8.01; Item 9.01,Item 8.01; Item 9.01,True,True,tm2524446d1_ex99-1.htm,,True,OtherEvent,Tier-2,https://www.sec.gov/Archives/edgar/data/1551901/000110465925084789/tm2524446d1_8k.htm,,True,Tier-2,,,False,,
0001551901,Stellus Capital Investment Corp,SCM,8-K,2025-04-02,2025-04-01,2025-04-01,0001104659-25-031208,https://www.sec.gov/Archives/edgar/data/1551901/000110465925031208/tm2510985d1_8k.htm,https://www.sec.gov/Archives/edgar/data/1551901/000110465925031208/tm2510985d1_8k.htm,2025-04-01,2025-04-02 16:30:57,https://www.sec.gov/Archives/edgar/data/1551901/0001104659-25-031208-index.html,Item 1.01; Item 2.03; Item 9.01,Item 1.01; Item 2.03; Item 9.01,False,True,,tm2510985d1_ex1-1.htm,True,ATM,Tier-1,https://www.sec.gov/Archives/edgar/data/1551901/000110465925031208/tm2510985d1_8k.htm,,True,Tier-1,Financing,,True,underwriting_agreement;offering,
0001551901,Stellus Capital Investment Corp,SCM,8-K,2025-03-28,2025-03-25,2025-03-25,0001104659-25-029412,https://www.sec.gov/Archives/edgar/data/1551901/000110465925029412/tm2510626d1_8k.htm,https://www.sec.gov/Archives/edgar/data/1551901/000110465925029412/tm2510626d1_8k.htm,2025-03-25,2025-03-28 16:33:18,https://www.sec.gov/Archives/edgar/data/1551901/0001104659-25-029412-index.html,Item 1.01; Item 9.01,Item 1.01; Item 9.01,False,True,,tm2510626d1_ex1-1.htm,True,ATM,Tier-1,https://www.sec.gov/Archives/edgar/data/1551901/000110465925029412/tm2510626d1_8k.htm,,True,Tier-1,Financing,,True,underwriting_agreement;warrant;offering,
0001415311,ProShares Trust II,SCO,8-K,2025-05-29,2025-05-28,2025-05-28,0001193125-25-130703,https://www.sec.gov/Archives/edgar/data/1415311/000119312525130703/d96621d8k.htm,https://www.sec.gov/Archives/edgar/data/1415311/000119312525130703/d96621d8k.htm,2025-05-28,2025-05-29 16:37:10,https://www.sec.gov/Archives/edgar/data/1415311/0001193125-25-130703-index.html,Item 8.01; Item 9.01,Item 8.01; Item 9.01,True,True,d96621dex991.htm,,True,ContractAward,Tier-1,https://www.sec.gov/Archives/edgar/data/1415311/000119312525130703/d96621d8k.htm,,True,Tier-2,,,False,,
0001415311,ProShares Trust II,SCO,8-K,2025-11-04,2025-11-04,2025-11-04,0001193125-25-264886,https://www.sec.gov/Archives/edgar/data/1415311/000119312525264886/d904599d8k.htm,https://www.sec.gov/Archives/edgar/data/1415311/000119312525264886/d904599d8k.htm,2025-11-04,2025-11-04 16:47:32,https://www.sec.gov/Archives/edgar/data/1415311/0001193125-25-264886-index.html,Item 8.01; Item 9.01,Item 8.01; Item 9.01,True,True,d904599dex991.htm,,True,ATM,Tier-1,https://www.sec.gov/Archives/edgar/data/1415311/000119312525264886/d904599d8k.htm,,True,Tier-1,Financing,,True,offering,
0001415311,ProShares Trust II,SCO,8-K,2024-10-28,2024-10-28,2024-10-28,0001193125-24-245617,https://www.sec.gov/Archives/edgar/data/1415311/000119312524245617/d895310d8k.htm,https://www.sec.gov/Archives/edgar/data/1415311/000119312524245617/d895310d8k.htm,2024-10-28,2024-10-28 16:53:03,https://www.sec.gov/Archives/edgar/data/1415311/0001193125-24-245617-index.html,Item 8.01; Item 9.01,Item 8.01; Item 9.01,True,True,d895310dex991.htm,,True,ContractAward,Tier-1,https://www.sec.gov/Archives/edgar/data/1415311/000119312524245617/d895310d8k.htm,,True,Tier-2,,,False,,
0001415311,ProShares Trust II,SCO,8-K/A,2025-06-06,2025-05-28,2025-05-28,0001193125-25-137140,https://www.sec.gov/Archives/edgar/data/1415311/000119312525137140/d926338d8ka.htm,https://www.sec.gov/Archives/edgar/data/1415311/000119312525137140/d926338d8ka.htm,2025-05-28,2025-06-06 16:44:09,https://www.sec.gov/Archives/edgar/data/1415311/0001193125-25-137140-index.html,Item 9.01,Item 9.01,True,True,d926338dex991.htm,,True,ContractAward,Tier-1,https://www.sec.gov/Archives/edgar/data/1415311/000119312525137140/d926338d8ka.htm,,True,Tier-2,,,False,,
0001541119,"Sound Financial Bancorp, Inc.",SFBC,8-K,2025-09-19,2025-09-18,2025-09-18,0000927089-25-000162,https://www.sec.gov/Archives/edgar/data/1541119/000092708925000162/sfbc20250917_8k.htm,https://www.sec.gov/Archives/edgar/data/1541119/000092708925000162/sfbc20250917_8k.htm,2025-09-18,2025-09-19 17:28:05,https://www.sec.gov/Archives/edgar/data/1541119/0000927089-25-000162-index.html,Item 5.02; Item 9.01,Item 5.02; Item 9.01,True,True,ex_862396.htm,,True,ListingChange,Tier-1,https://www.sec.gov/Archives/edgar/data/1541119/000092708925000162/sfbc20250917_8k.htm,,True,Tier-2,,,False,,
0001541119,"Sound Financial Bancorp, Inc.",SFBC,8-K,2025-10-28,2025-10-28,2025-10-28,0001541119-25-000039,https://www.sec.gov/Archives/edgar/data/1541119/000154111925000039/sfbc-20251028.htm,https://www.sec.gov/Archives/edgar/data/1541119/000154111925000039/sfbc-20251028.htm,2025-10-28,2025-10-28 16:59:28,https://www.sec.gov/Archives/edgar/data/1541119/0001541119-25-000039-index.html,Item 2.02; Item 8.01; Item 9.01,Item 2.02; Item 8.01; Item 9.01,True,True,a09302025earningsrelease-e.htm,,True,FDA,Tier-1,https://www.sec.gov/Archives/edgar/data/1541119/000154111925000039/sfbc-20251028.htm,,True,Tier-2,,,False,,
0001541119,"Sound Financial Bancorp, Inc.",SFBC,8-K,2025-02-14,2025-02-14,2025-02-14,0001541119-25-000006,https://www.sec.gov/Archives/edgar/data/1541119/000154111925000006/sfbc-20250214.htm,https://www.sec.gov/Archives/edgar/data/1541119/000154111925000006/sfbc-20250214.htm,2025-02-14,2025-02-14 16:39:53,https://www.sec.gov/Archives/edgar/data/1541119/0001541119-25-000006-index.html,Item 8.01; Item 9.01,Item 8.01; Item 9.01,True,True,ex9912025annualmeetingdate.htm,,True,ListingChange,Tier-1,https://www.sec.gov/Archives/edgar/data/1541119/000154111925000006/sfbc-20250214.htm,,True,Tier-2,,,False,,
0001541119,"Sound Financial Bancorp, Inc.",SFBC,8-K,2025-07-29,2025-07-29,2025-07-29,0001541119-25-000031,https://www.sec.gov/Archives/edgar/data/1541119/000154111925000031/sfbc-20250729.htm,https://www.sec.gov/Archives/edgar/data/1541119/000154111925000031/sfbc-20250729.htm,2025-07-29,2025-07-29 17:15:20,https://www.sec.gov/Archives/edgar/data/1541119/0001541119-25-000031-index.html,Item 2.02; Item 8.01; Item 9.01,Item 2.02; Item 8.01; Item 9.01,True,True,a06302025earningsrelease-e.htm,,True,FDA,Tier-1,https://www.sec.gov/Archives/edgar/data/1541119/000154111925000031/sfbc-20250729.htm,,True,Tier-2,,,False,,
0001541119,"Sound Financial Bancorp, Inc.",SFBC,8-K,2025-04-30,2025-04-29,2025-04-29,0001541119-25-000017,https://www.sec.gov/Archives/edgar/data/1541119/000154111925000017/sfbc-20250429.htm,https://www.sec.gov/Archives/edgar/data/1541119/000154111925000017/sfbc-20250429.htm,2025-04-29,2025-04-29 17:35:21,https://www.sec.gov/Archives/edgar/data/1541119/0001541119-25-000017-index.html,Item 2.02; Item 8.01; Item 9.01,Item 2.02; Item 8.01; Item 9.01,True,True,a03312025earningsrelease-e.htm,,True,FDA,Tier-1,https://www.sec.gov/Archives/edgar/data/1541119/000154111925000017/sfbc-20250429.htm,,True,Tier-2,,,False,,
0000924719,SMITH MIDLAND CORP,SMID,8-K,2025-11-14,2025-11-13,2025-11-13,0001654954-25-013052,https://www.sec.gov/Archives/edgar/data/924719/000165495425013052/smid_8k.htm,https://www.sec.gov/Archives/edgar/data/924719/000165495425013052/smid_8k.htm,2025-11-13,2025-11-14 11:48:59,https://www.sec.gov/Archives/edgar/data/924719/0001654954-25-013052-index.html,Item 2.02; Item 9.01,Item 2.02; Item 9.01,True,True,smid_ex991.htm,,True,ListingChange,Tier-1,https://www.sec.gov/Archives/edgar/data/924719/000165495425013052/smid_8k.htm,,True,Tier-2,,,False,,
0000924719,SMITH MIDLAND CORP,SMID,8-K,2025-08-21,2025-08-21,2025-08-21,0001654954-25-009923,https://www.sec.gov/Archives/edgar/data/924719/000165495425009923/smid_8k.htm,https://www.sec.gov/Archives/edgar/data/924719/000165495425009923/smid_8k.htm,2025-08-21,2025-08-21 17:00:32,https://www.sec.gov/Archives/edgar/data/924719/0001654954-25-009923-index.html,Item 7.01; Item 9.01,Item 7.01; Item 9.01,True,True,smid_ex991.htm,,True,OtherEvent,Tier-2,https://www.sec.gov/Archives/edgar/data/924719/000165495425009923/smid_8k.htm,,True,Tier-2,,,False,,
0001541119,"Sound Financial Bancorp, Inc.",SFBC,8-K,2025-01-30,2025-01-29,2025-01-29,0001541119-25-000002,https://www.sec.gov/Archives/edgar/data/1541119/000154111925000002/sfbc-20250129.htm,https://www.sec.gov/Archives/edgar/data/1541119/000154111925000002/sfbc-20250129.htm,2025-01-29,2025-01-29 19:33:13,https://www.sec.gov/Archives/edgar/data/1541119/0001541119-25-000002-index.html,Item 2.02; Item 8.01; Item 9.01,Item 2.02; Item 8.01; Item 9.01,True,True,a12312024earningsrelease-e.htm,,True,FDA,Tier-1,https://www.sec.gov/Archives/edgar/data/1541119/000154111925000002/sfbc-20250129.htm,,True,Tier-2,,,False,,
0000924719,SMITH MIDLAND CORP,SMID,8-K,2025-08-14,2025-08-14,2025-08-14,0001654954-25-009549,https://www.sec.gov/Archives/edgar/data/924719/000165495425009549/smid_8k.htm,https://www.sec.gov/Archives/edgar/data/924719/000165495425009549/smid_8k.htm,2025-08-14,2025-08-14 08:16:09,https://www.sec.gov/Archives/edgar/data/924719/0001654954-25-009549-index.html,Item 2.02; Item 9.01,Item 2.02; Item 9.01,True,True,smid_ex991.htm,,True,ListingChange,Tier-1,https://www.sec.gov/Archives/edgar/data/924719/000165495425009549/smid_8k.htm,,True,Tier-2,,,False,,
0000924719,SMITH MIDLAND CORP,SMID,8-K,2025-07-10,2024-11-14,2024-11-14,0001654954-25-007938,https://www.sec.gov/Archives/edgar/data/924719/000165495425007938/smid_8k.htm,https://www.sec.gov/Archives/edgar/data/924719/000165495425007938/smid_8k.htm,2024-11-14,2025-07-10 16:05:34,https://www.sec.gov/Archives/edgar/data/924719/0001654954-25-007938-index.html,Item 2.02; Item 9.01,Item 2.02; Item 9.01,True,True,smid_ex991.htm,,True,ListingChange,Tier-1,https://www.sec.gov/Archives/edgar/data/924719/000165495425007938/smid_8k.htm,,True,Tier-2,,,False,,
0001541119,"Sound Financial Bancorp, Inc.",SFBC,8-K,2024-10-31,2024-10-30,2024-10-30,0001541119-24-000051,https://www.sec.gov/Archives/edgar/data/1541119/000154111924000051/sfbc-20241030.htm,https://www.sec.gov/Archives/edgar/data/1541119/000154111924000051/sfbc-20241030.htm,2024-10-30,2024-10-30 17:53:48,https://www.sec.gov/Archives/edgar/data/1541119/0001541119-24-000051-index.html,Item 2.02; Item 8.01; Item 9.01,Item 2.02; Item 8.01; Item 9.01,True,True,a9302024earningsrelease-ex.htm,,True,FDA,Tier-1,https://www.sec.gov/Archives/edgar/data/1541119/000154111924000051/sfbc-20241030.htm,,True,Tier-2,,,False,,
0000924719,SMITH MIDLAND CORP,SMID,8-K,2025-06-04,2025-05-29,2025-05-29,0001654954-25-006579,https://www.sec.gov/Archives/edgar/data/924719/000165495425006579/smid_8k.htm,https://www.sec.gov/Archives/edgar/data/924719/000165495425006579/smid_8k.htm,2025-05-29,2025-06-04 16:45:34,https://www.sec.gov/Archives/edgar/data/924719/0001654954-25-006579-index.html,Item 3.01; Item 9.01,Item 3.01; Item 9.01,True,True,smid_ex991.htm,,True,ListingChange,Tier-1,https://www.sec.gov/Archives/edgar/data/924719/000165495425006579/smid_8k.htm,,True,Tier-2,,,False,,
0000924719,SMITH MIDLAND CORP,SMID,8-K,2025-04-23,2025-04-17,2025-04-17,0001654954-25-004570,https://www.sec.gov/Archives/edgar/data/924719/000165495425004570/smid_8k.htm,https://www.sec.gov/Archives/edgar/data/924719/000165495425004570/smid_8k.htm,2025-04-17,2025-04-23 16:00:28,https://www.sec.gov/Archives/edgar/data/924719/0001654954-25-004570-index.html,Item 3.01; Item 5.02; Item 9.01,Item 3.01; Item 5.02; Item 9.01,True,True,smid_ex991.htm,,True,ContractAward,Tier-1,https://www.sec.gov/Archives/edgar/data/924719/000165495425004570/smid_8k.htm,,True,Tier-2,,,False,,
0000924719,SMITH MIDLAND CORP,SMID,8-K,2025-05-28,2025-05-27,2025-05-27,0001654954-25-006150,https://www.sec.gov/Archives/edgar/data/924719/000165495425006150/smid_8k.htm,https://www.sec.gov/Archives/edgar/data/924719/000165495425006150/smid_8k.htm,2025-05-27,2025-05-27 20:42:25,https://www.sec.gov/Archives/edgar/data/924719/0001654954-25-006150-index.html,Item 2.02; Item 9.01,Item 2.02; Item 9.01,True,True,smid_ex991.htm,,True,ListingChange,Tier-1,https://www.sec.gov/Archives/edgar/data/924719/000165495425006150/smid_8k.htm,,True,Tier-2,,,False,,
0000924719,SMITH MIDLAND CORP,SMID,8-K,2024-11-14,2024-11-14,2024-11-14,0001654954-24-014444,https://www.sec.gov/Archives/edgar/data/924719/000165495424014444/smid_8k.htm,https://www.sec.gov/Archives/edgar/data/924719/000165495424014444/smid_8k.htm,2024-11-14,2024-11-14 16:00:21,https://www.sec.gov/Archives/edgar/data/924719/0001654954-24-014444-index.html,Item 2.02; Item 9.01,Item 2.02; Item 9.01,True,True,smid_ex991.htm,,True,ContractAward,Tier-1,https://www.sec.gov/Archives/edgar/data/924719/000165495424014444/smid_8k.htm,,True,Tier-2,,,False,,
0001301236,Sotherly Hotels Inc.,SOHO,8-K,2025-10-27,2025-10-27,2025-10-27,0001193125-25-251736,https://www.sec.gov/Archives/edgar/data/1301236/000119312525251736/soho-20251027.htm,https://www.sec.gov/Archives/edgar/data/1301236/000119312525251736/soho-20251027.htm,2025-10-27,2025-10-27 17:00:28,https://www.sec.gov/Archives/edgar/data/1301236/0001193125-25-251736-index.html,Item 7.01; Item 9.01,Item 7.01; Item 9.01,True,True,soho-ex99_1.htm,,True,ATM,Tier-1,https://www.sec.gov/Archives/edgar/data/1301236/000119312525251736/soho-20251027.htm,,True,Tier-2,,,False,,
0001301236,Sotherly Hotels Inc.,SOHO,8-K,2025-10-27,2025-10-24,2025-10-24,0001193125-25-250648,https://www.sec.gov/Archives/edgar/data/1301236/000119312525250648/soho-20251024.htm,https://www.sec.gov/Archives/edgar/data/1301236/000119312525250648/soho-20251024.htm,2025-10-24,2025-10-27 06:30:30,https://www.sec.gov/Archives/edgar/data/1301236/0001193125-25-250648-index.html,Item 1.01; Item 2.03; Item 7.01; Item 9.01,Item 1.01; Item 2.03; Item 7.01; Item 9.01,True,True,soho-ex99_1.htm,soho-ex2_1.htm; soho-ex10_1.htm,True,ATM,Tier-1,https://www.sec.gov/Archives/edgar/data/1301236/000119312525250648/soho-20251024.htm,,True,Tier-1,Financing,,True,warrant,
0001301236,Sotherly Hotels Inc.,SOHO,8-K,2025-09-17,2025-09-12,2025-09-12,0001193125-25-206131,https://www.sec.gov/Archives/edgar/data/1301236/000119312525206131/soho-20250912.htm,https://www.sec.gov/Archives/edgar/data/1301236/000119312525206131/soho-20250912.htm,2025-09-12,2025-09-17 16:00:27,https://www.sec.gov/Archives/edgar/data/1301236/0001193125-25-206131-index.html,Item 2.03; Item 7.01; Item 9.01,Item 2.03; Item 7.01; Item 9.01,True,True,soho-ex99_1.htm,,True,ATM,Tier-1,https://www.sec.gov/Archives/edgar/data/1301236/000119312525206131/soho-20250912.htm,,True,Tier-1,Financing,,True,warrant,
0001417892,Emeren Group Ltd,SOL,8-K,2025-10-03,2025-10-02,2025-10-02,0001104659-25-096305,https://www.sec.gov/Archives/edgar/data/1417892/000110465925096305/tm2527907d1_8k.htm,https://www.sec.gov/Archives/edgar/data/1417892/000110465925096305/tm2527907d1_8k.htm,2025-10-02,2025-10-03 06:02:12,https://www.sec.gov/Archives/edgar/data/1417892/0001104659-25-096305-index.html,Item 8.01; Item 9.01,Item 8.01; Item 9.01,True,True,tm2527907d1_ex99-1.htm,,True,ListingChange,Tier-1,https://www.sec.gov/Archives/edgar/data/1417892/000110465925096305/tm2527907d1_8k.htm,,True,Tier-2,,,False,,
0001417892,Emeren Group Ltd,SOL,8-K,2025-07-08,2025-07-03,2025-07-03,0001104659-25-066415,https://www.sec.gov/Archives/edgar/data/1417892/000110465925066415/tm2519910d1_8k.htm,https://www.sec.gov/Archives/edgar/data/1417892/000110465925066415/tm2519910d1_8k.htm,2025-07-03,2025-07-08 16:11:03,https://www.sec.gov/Archives/edgar/data/1417892/0001104659-25-066415-index.html,Item 2.02; Item 9.01,Item 2.02; Item 9.01,True,True,tm2519910d1_ex99-1.htm,,True,ListingChange,Tier-1,https://www.sec.gov/Archives/edgar/data/1417892/000110465925066415/tm2519910d1_8k.htm,,True,Tier-2,,,False,,
0001417892,Emeren Group Ltd,SOL,8-K,2025-09-03,2025-09-02,2025-09-02,0001104659-25-086721,https://www.sec.gov/Archives/edgar/data/1417892/000110465925086721/tm2525121d1_8k.htm,https://www.sec.gov/Archives/edgar/data/1417892/000110465925086721/tm2525121d1_8k.htm,2025-09-02,2025-09-03 08:57:14,https://www.sec.gov/Archives/edgar/data/1417892/0001104659-25-086721-index.html,Item 1.01; Item 8.01; Item 9.01,Item 1.01; Item 8.01; Item 9.01,True,True,tm2525121d1_ex99-1.htm,tm2525121d1_ex2-1.htm; tm2525121d1_ex10-1.htm,True,FDA,Tier-1,https://www.sec.gov/Archives/edgar/data/1417892/000110465925086721/tm2525121d1_8k.htm,,True,Tier-2,,,False,,
0001417892,Emeren Group Ltd,SOL,8-K,2025-04-29,2025-04-28,2025-04-28,0001104659-25-040408,https://www.sec.gov/Archives/edgar/data/1417892/000110465925040408/tm2513221d1_8k.htm,https://www.sec.gov/Archives/edgar/data/1417892/000110465925040408/tm2513221d1_8k.htm,2025-04-28,2025-04-28 20:53:41,https://www.sec.gov/Archives/edgar/data/1417892/0001104659-25-040408-index.html,Item 8.01; Item 9.01,Item 8.01; Item 9.01,True,True,tm2513221d1_ex99-1.htm,,True,ListingChange,Tier-1,https://www.sec.gov/Archives/edgar/data/1417892/000110465925040408/tm2513221d1_8k.htm,,True,Tier-2,,,False,,
0001417892,Emeren Group Ltd,SOL,8-K,2025-06-20,2025-06-18,2025-06-18,0001104659-25-060851,https://www.sec.gov/Archives/edgar/data/1417892/000110465925060851/tm2517472d2_8k.htm,https://www.sec.gov/Archives/edgar/data/1417892/000110465925060851/tm2517472d2_8k.htm,2025-06-18,2025-06-20 06:30:39,https://www.sec.gov/Archives/edgar/data/1417892/0001104659-25-060851-index.html,Item 1.01; Item 8.01; Item 9.01,Item 1.01; Item 8.01; Item 9.01,True,True,tm2517472d2_ex99-1.htm,tm2517472d2_ex2-1.htm; tm2517472d2_ex10-1.htm; tm2517472d2_ex10-2.htm,True,ATM,Tier-1,https://www.sec.gov/Archives/edgar/data/1417892/000110465925060851/tm2517472d2_8k.htm,,True,Tier-1,Financing,,True,warrant,
0001417892,Emeren Group Ltd,SOL,8-K,2025-04-03,2025-03-28,2025-03-28,0001104659-25-031672,https://www.sec.gov/Archives/edgar/data/1417892/000110465925031672/tm2510812d1_8k.htm,https://www.sec.gov/Archives/edgar/data/1417892/000110465925031672/tm2510812d1_8k.htm,2025-03-28,2025-04-03 16:10:46,https://www.sec.gov/Archives/edgar/data/1417892/0001104659-25-031672-index.html,Item 2.02; Item 8.01; Item 9.01,Item 2.02; Item 8.01; Item 9.01,True,True,tm2510812d1_ex99-1.htm,tm2510812d1_ex10-1.htm,True,ContractAward,Tier-1,https://www.sec.gov/Archives/edgar/data/1417892/000110465925031672/tm2510812d1_8k.htm,,True,Tier-2,,,False,,
0001417892,Emeren Group Ltd,SOL,8-K,2024-11-04,2024-11-01,2024-11-01,0001104659-24-113889,https://www.sec.gov/Archives/edgar/data/1417892/000110465924113889/tm2427335d1_8k.htm,https://www.sec.gov/Archives/edgar/data/1417892/000110465924113889/tm2427335d1_8k.htm,2024-11-01,2024-11-04 16:10:18,https://www.sec.gov/Archives/edgar/data/1417892/0001104659-24-113889-index.html,Item 5.07,Item 5.07,False,True,,,True,ATM,Tier-1,https://www.sec.gov/Archives/edgar/data/1417892/000110465924113889/tm2427335d1_8k.htm,,True,Tier-1,Financing,,True,offering,
0001706946,"Virgin Galactic Holdings, Inc",SPCE,8-K,2025-11-13,2025-11-13,2025-11-13,0001706946-25-000149,https://www.sec.gov/Archives/edgar/data/1706946/000170694625000149/spce-20251113.htm,https://www.sec.gov/Archives/edgar/data/1706946/000170694625000149/spce-20251113.htm,2025-11-13,2025-11-13 16:09:41,https://www.sec.gov/Archives/edgar/data/1706946/0001706946-25-000149-index.html,Item 2.02; Item 9.01,Item 2.02; Item 9.01,True,True,spce-2025q3_8kprexhibit991.htm,,True,ATM,Tier-1,https://www.sec.gov/Archives/edgar/data/1706946/000170694625000149/spce-20251113.htm,,True,Tier-1,Financing,,True,atm;convertible;offering,
0001417892,Emeren Group Ltd,SOL,8-K,2025-03-17,2025-03-13,2025-03-13,0001104659-25-024418,https://www.sec.gov/Archives/edgar/data/1417892/000110465925024418/tm259276d1_8k.htm,https://www.sec.gov/Archives/edgar/data/1417892/000110465925024418/tm259276d1_8k.htm,2025-03-13,2025-03-17 16:11:06,https://www.sec.gov/Archives/edgar/data/1417892/0001104659-25-024418-index.html,Item 2.02; Item 9.01,Item 2.02; Item 9.01,True,True,tm259276d1_ex99-1.htm,,True,FDA,Tier-1,https://www.sec.gov/Archives/edgar/data/1417892/000110465925024418/tm259276d1_8k.htm,,True,Tier-2,,,False,,
0001417892,Emeren Group Ltd,SOL,8-K,2024-11-18,2024-11-14,2024-11-14,0001104659-24-120131,https://www.sec.gov/Archives/edgar/data/1417892/000110465924120131/tm2428676d1_8k.htm,https://www.sec.gov/Archives/edgar/data/1417892/000110465924120131/tm2428676d1_8k.htm,2024-11-14,2024-11-18 16:05:20,https://www.sec.gov/Archives/edgar/data/1417892/0001104659-24-120131-index.html,Item 2.02; Item 9.01,Item 2.02; Item 9.01,True,True,tm2428676d1_ex99-1.htm,,True,FDA,Tier-1,https://www.sec.gov/Archives/edgar/data/1417892/000110465924120131/tm2428676d1_8k.htm,,True,Tier-2,,,False,,
0001301236,Sotherly Hotels Inc.,SOHO,8-K,2025-08-12,2025-08-12,2025-08-12,0001193125-25-178450,https://www.sec.gov/Archives/edgar/data/1301236/000119312525178450/soho-20250812.htm,https://www.sec.gov/Archives/edgar/data/1301236/000119312525178450/soho-20250812.htm,2025-08-12,2025-08-12 06:30:10,https://www.sec.gov/Archives/edgar/data/1301236/0001193125-25-178450-index.html,Item 2.02; Item 9.01,Item 2.02; Item 9.01,True,True,soho-ex99_1.htm,,True,ATM,Tier-1,https://www.sec.gov/Archives/edgar/data/1301236/000119312525178450/soho-20250812.htm,,True,Tier-1,Financing,,True,warrant;offering,
0001706946,"Virgin Galactic Holdings, Inc",SPCE,8-K,2025-08-06,2025-08-06,2025-08-06,0001706946-25-000130,https://www.sec.gov/Archives/edgar/data/1706946/000170694625000130/spce-20250806.htm,https://www.sec.gov/Archives/edgar/data/1706946/000170694625000130/spce-20250806.htm,2025-08-06,2025-08-06 16:32:50,https://www.sec.gov/Archives/edgar/data/1706946/0001706946-25-000130-index.html,Item 2.02; Item 9.01,Item 2.02; Item 9.01,True,True,spce-2025q2_8kprexhibit991.htm,,True,ATM,Tier-1,https://www.sec.gov/Archives/edgar/data/1706946/000170694625000130/spce-20250806.htm,,True,Tier-1,Financing,,True,atm;convertible;offering,
0001706946,"Virgin Galactic Holdings, Inc",SPCE,8-K,2025-05-15,2025-05-15,2025-05-15,0001706946-25-000077,https://www.sec.gov/Archives/edgar/data/1706946/000170694625000077/spce-20250515.htm,https://www.sec.gov/Archives/edgar/data/1706946/000170694625000077/spce-20250515.htm,2025-05-15,2025-05-15 16:07:06,https://www.sec.gov/Archives/edgar/data/1706946/0001706946-25-000077-index.html,Item 2.02; Item 9.01,Item 2.02; Item 9.01,True,True,spce-2025q1_8kprexhibit991.htm,,True,ATM,Tier-1,https://www.sec.gov/Archives/edgar/data/1706946/000170694625000077/spce-20250515.htm,,True,Tier-1,Financing,,True,atm;convertible;offering,
0001706946,"Virgin Galactic Holdings, Inc",SPCE,8-K,2024-11-07,2024-11-04,2024-11-04,0001706946-24-000249,https://www.sec.gov/Archives/edgar/data/1706946/000170694624000249/spce-20241104.htm,https://www.sec.gov/Archives/edgar/data/1706946/000170694624000249/spce-20241104.htm,2024-11-04,2024-11-07 08:48:54,https://www.sec.gov/Archives/edgar/data/1706946/0001706946-24-000249-index.html,Item 8.01; Item 9.01,Item 8.01; Item 9.01,False,True,,spce-salesagreement1111x06.htm,True,ATM,Tier-1,https://www.sec.gov/Archives/edgar/data/1706946/000170694624000249/spce-20241104.htm,,True,Tier-1,Financing,,True,warrant,
0001706946,"Virgin Galactic Holdings, Inc",SPCE,8-K,2025-02-26,2025-02-26,2025-02-26,0001706946-25-000036,https://www.sec.gov/Archives/edgar/data/1706946/000170694625000036/spce-20250226.htm,https://www.sec.gov/Archives/edgar/data/1706946/000170694625000036/spce-20250226.htm,2025-02-26,2025-02-26 16:08:39,https://www.sec.gov/Archives/edgar/data/1706946/0001706946-25-000036-index.html,Item 2.02; Item 9.01,Item 2.02; Item 9.01,True,True,spce-20241231_991pressrele.htm,,True,ATM,Tier-1,https://www.sec.gov/Archives/edgar/data/1706946/000170694625000036/spce-20250226.htm,,True,Tier-1,Financing,,True,atm;convertible;offering,
0002028735,Silver Pegasus Acquisition Corp.,SPEG,8-K,2025-09-05,2025-09-05,2025-09-05,0001213900-25-085032,https://www.sec.gov/Archives/edgar/data/2028735/000121390025085032/ea0255985-8k_silver.htm,https://www.sec.gov/Archives/edgar/data/2028735/000121390025085032/ea0255985-8k_silver.htm,2025-09-05,2025-09-05 16:15:42,https://www.sec.gov/Archives/edgar/data/2028735/0001213900-25-085032-index.html,Item 8.01; Item 9.01,Item 8.01; Item 9.01,True,True,ea025598501ex99-1_silver.htm,,True,ATM,Tier-1,https://www.sec.gov/Archives/edgar/data/2028735/000121390025085032/ea0255985-8k_silver.htm,,True,Tier-1,Financing,,True,warrant;offering,
0001706946,"Virgin Galactic Holdings, Inc",SPCE,8-K,2024-11-06,2024-11-06,2024-11-06,0001706946-24-000234,https://www.sec.gov/Archives/edgar/data/1706946/000170694624000234/spce-20241106.htm,https://www.sec.gov/Archives/edgar/data/1706946/000170694624000234/spce-20241106.htm,2024-11-06,2024-11-06 16:16:02,https://www.sec.gov/Archives/edgar/data/1706946/0001706946-24-000234-index.html,Item 2.02; Item 9.01,Item 2.02; Item 9.01,True,True,spce-2024q3_8kprexhibit991.htm,,True,ATM,Tier-1,https://www.sec.gov/Archives/edgar/data/1706946/000170694624000234/spce-20241106.htm,,True,Tier-1,Financing,,True,atm;convertible;offering,
0002028735,Silver Pegasus Acquisition Corp.,SPEG,8-K,2025-07-18,2025-07-14,2025-07-14,0001213900-25-065673,https://www.sec.gov/Archives/edgar/data/2028735/000121390025065673/ea0249207-8k_silver.htm,https://www.sec.gov/Archives/edgar/data/2028735/000121390025065673/ea0249207-8k_silver.htm,2025-07-14,2025-07-18 16:15:18,https://www.sec.gov/Archives/edgar/data/2028735/0001213900-25-065673-index.html,Item 9.01,Item 9.01,True,True,ea024920701ex99-1_silver.htm; ea024920701ex99-2_silver.htm,ea024920701ex1-1_silver.htm; ea024920701ex10-1_silver.htm; ea024920701ex10-2_silver.htm; ea024920701ex10-3_silver.htm; ea024920701ex10-4_silver.htm; ea024920701ex10-5i_silver.htm; ea024920701ex10-5ii_silver.htm; ea024920701ex10-6_silver.htm,False,ATM,Tier-1,https://www.sec.gov/Archives/edgar/data/2028735/000121390025065673/ea0249207-8k_silver.htm,,True,Tier-1,Financing,,True,underwriting_agreement;warrant;offering,
0002028735,Silver Pegasus Acquisition Corp.,SPEG,8-K,2025-07-23,2025-07-16,2025-07-16,0001213900-25-066767,https://www.sec.gov/Archives/edgar/data/2028735/000121390025066767/ea0249825-8k_silver.htm,https://www.sec.gov/Archives/edgar/data/2028735/000121390025066767/ea0249825-8k_silver.htm,2025-07-16,2025-07-22 18:37:52,https://www.sec.gov/Archives/edgar/data/2028735/0001213900-25-066767-index.html,Item 8.01; Item 9.01,Item 8.01; Item 9.01,True,True,ea024982501ex99-1_silver.htm,,False,ATM,Tier-1,https://www.sec.gov/Archives/edgar/data/2028735/000121390025066767/ea0249825-8k_silver.htm,,True,Tier-1,Financing,,True,underwriting_agreement;convertible;warrant;offering,
0001289945,"Spok Holdings, Inc",SPOK,8-K,2025-08-01,2025-08-01,2025-08-01,0001289945-25-000048,https://www.sec.gov/Archives/edgar/data/1289945/000128994525000048/spok-20250801.htm,https://www.sec.gov/Archives/edgar/data/1289945/000128994525000048/spok-20250801.htm,2025-08-01,2025-08-01 16:01:12,https://www.sec.gov/Archives/edgar/data/1289945/0001289945-25-000048-index.html,Item 7.01; Item 9.01,Item 7.01; Item 9.01,True,True,investorpresentation.htm,,True,GuidanceUp,Tier-1,https://www.sec.gov/Archives/edgar/data/1289945/000128994525000048/spok-20250801.htm,,True,Tier-2,,,False,,
0001289945,"Spok Holdings, Inc",SPOK,8-K,2025-10-29,2025-10-29,2025-10-29,0001289945-25-000053,https://www.sec.gov/Archives/edgar/data/1289945/000128994525000053/spok-20251029.htm,https://www.sec.gov/Archives/edgar/data/1289945/000128994525000053/spok-20251029.htm,2025-10-29,2025-10-29 16:00:32,https://www.sec.gov/Archives/edgar/data/1289945/0001289945-25-000053-index.html,Item 2.02; Item 8.01; Item 9.01,Item 2.02; Item 8.01; Item 9.01,True,True,a3q25-ex991earningspressre.htm,,True,GuidanceUp,Tier-1,https://www.sec.gov/Archives/edgar/data/1289945/000128994525000053/spok-20251029.htm,,True,Tier-2,,,False,,
0001289945,"Spok Holdings, Inc",SPOK,8-K,2025-07-30,2025-07-30,2025-07-30,0001289945-25-000041,https://www.sec.gov/Archives/edgar/data/1289945/000128994525000041/spok-20250730.htm,https://www.sec.gov/Archives/edgar/data/1289945/000128994525000041/spok-20250730.htm,2025-07-30,2025-07-30 16:00:53,https://www.sec.gov/Archives/edgar/data/1289945/0001289945-25-000041-index.html,Item 2.02; Item 8.01; Item 9.01,Item 2.02; Item 8.01; Item 9.01,True,True,a2q25-ex991earningspressre.htm,,True,GuidanceUp,Tier-1,https://www.sec.gov/Archives/edgar/data/1289945/000128994525000041/spok-20250730.htm,,True,Tier-2,,,False,,
0001289945,"Spok Holdings, Inc",SPOK,8-K,2025-05-05,2025-05-05,2025-05-05,0001289945-25-000028,https://www.sec.gov/Archives/edgar/data/1289945/000128994525000028/spok-20250505.htm,https://www.sec.gov/Archives/edgar/data/1289945/000128994525000028/spok-20250505.htm,2025-05-05,2025-05-05 16:05:34,https://www.sec.gov/Archives/edgar/data/1289945/0001289945-25-000028-index.html,Item 7.01; Item 9.01,Item 7.01; Item 9.01,True,True,investorpresentation.htm,,True,GuidanceUp,Tier-1,https://www.sec.gov/Archives/edgar/data/1289945/000128994525000028/spok-20250505.htm,,True,Tier-2,,,False,,
0001289945,"Spok Holdings, Inc",SPOK,8-K,2025-03-03,2025-03-03,2025-03-03,0001289945-25-000011,https://www.sec.gov/Archives/edgar/data/1289945/000128994525000011/spok-20250303.htm,https://www.sec.gov/Archives/edgar/data/1289945/000128994525000011/spok-20250303.htm,2025-03-03,2025-03-03 16:08:07,https://www.sec.gov/Archives/edgar/data/1289945/0001289945-25-000011-index.html,Item 7.01; Item 9.01,Item 7.01; Item 9.01,True,True,investorpresentation.htm,,True,GuidanceUp,Tier-1,https://www.sec.gov/Archives/edgar/data/1289945/000128994525000011/spok-20250303.htm,,True,Tier-2,,,False,,
0001289945,"Spok Holdings, Inc",SPOK,8-K,2025-04-30,2025-04-30,2025-04-30,0001289945-25-000023,https://www.sec.gov/Archives/edgar/data/1289945/000128994525000023/spok-20250430.htm,https://www.sec.gov/Archives/edgar/data/1289945/000128994525000023/spok-20250430.htm,2025-04-30,2025-04-30 16:01:18,https://www.sec.gov/Archives/edgar/data/1289945/0001289945-25-000023-index.html,Item 2.02; Item 8.01; Item 9.01,Item 2.02; Item 8.01; Item 9.01,True,True,a1q25-ex991earningspressre.htm,,True,GuidanceUp,Tier-1,https://www.sec.gov/Archives/edgar/data/1289945/000128994525000023/spok-20250430.htm,,True,Tier-2,,,False,,
0001289945,"Spok Holdings, Inc",SPOK,8-K,2025-02-26,2025-02-26,2025-02-26,0001289945-25-000005,https://www.sec.gov/Archives/edgar/data/1289945/000128994525000005/spok-20250226.htm,https://www.sec.gov/Archives/edgar/data/1289945/000128994525000005/spok-20250226.htm,2025-02-26,2025-02-26 16:03:08,https://www.sec.gov/Archives/edgar/data/1289945/0001289945-25-000005-index.html,Item 2.02; Item 8.01; Item 9.01,Item 2.02; Item 8.01; Item 9.01,True,True,a4q24-ex991earningspressre.htm,,True,ATM,Tier-1,https://www.sec.gov/Archives/edgar/data/1289945/000128994525000005/spok-20250226.htm,,True,Tier-1,Financing,,True,offering,
0001683553,"SPRUCE BIOSCIENCES, INC.",SPRB,8-K,2025-11-10,2025-11-10,2025-11-10,0001193125-25-274216,https://www.sec.gov/Archives/edgar/data/1683553/000119312525274216/sprb-20251110.htm,https://www.sec.gov/Archives/edgar/data/1683553/000119312525274216/sprb-20251110.htm,2025-11-10,2025-11-10 16:07:52,https://www.sec.gov/Archives/edgar/data/1683553/0001193125-25-274216-index.html,Item 2.02; Item 9.01,Item 2.02; Item 9.01,True,True,sprb-ex99_1.htm,,True,ATM,Tier-1,https://www.sec.gov/Archives/edgar/data/1683553/000119312525274216/sprb-20251110.htm,,True,Tier-1,Financing,,True,spa;purchase_agreement;warrant;offering,
0001289945,"Spok Holdings, Inc",SPOK,8-K,2024-11-05,2024-11-05,2024-11-05,0001289945-24-000065,https://www.sec.gov/Archives/edgar/data/1289945/000128994524000065/spok-20241105.htm,https://www.sec.gov/Archives/edgar/data/1289945/000128994524000065/spok-20241105.htm,2024-11-05,2024-11-05 16:15:37,https://www.sec.gov/Archives/edgar/data/1289945/0001289945-24-000065-index.html,Item 7.01; Item 9.01,Item 7.01; Item 9.01,True,True,investorpresentation.htm,,True,ATM,Tier-1,https://www.sec.gov/Archives/edgar/data/1289945/000128994524000065/spok-20241105.htm,,True,Tier-1,Financing,,True,offering,
0001683553,"SPRUCE BIOSCIENCES, INC.",SPRB,8-K,2025-10-08,2025-10-07,2025-10-07,0001193125-25-234516,https://www.sec.gov/Archives/edgar/data/1683553/000119312525234516/d36248d8k.htm,https://www.sec.gov/Archives/edgar/data/1683553/000119312525234516/d36248d8k.htm,2025-10-07,2025-10-08 16:07:36,https://www.sec.gov/Archives/edgar/data/1683553/0001193125-25-234516-index.html,Item 1.01; Item 3.02; Item 8.01; Item 9.01,Item 1.01; Item 3.02; Item 8.01; Item 9.01,False,True,,d36248dex101.htm,True,ATM,Tier-1,https://www.sec.gov/Archives/edgar/data/1683553/000119312525234516/d36248d8k.htm,,True,Tier-1,Financing,,True,spa;purchase_agreement;warrant;offering,
0001683553,"SPRUCE BIOSCIENCES, INC.",SPRB,8-K,2025-07-24,2025-07-22,2025-07-22,0000950170-25-098340,https://www.sec.gov/Archives/edgar/data/1683553/000095017025098340/sprb-20250722.htm,https://www.sec.gov/Archives/edgar/data/1683553/000095017025098340/sprb-20250722.htm,2025-07-22,2025-07-24 16:12:04,https://www.sec.gov/Archives/edgar/data/1683553/0000950170-25-098340-index.html,Item 3.03; Item 5.03; Item 5.07; Item 7.01; Item 9.01,Item 3.03; Item 5.03; Item 5.07; Item 7.01; Item 9.01,True,True,sprb-ex99_1.htm,,True,ATM,Tier-1,https://www.sec.gov/Archives/edgar/data/1683553/000095017025098340/sprb-20250722.htm,,True,Tier-1,Financing,,True,warrant,
0001683553,"SPRUCE BIOSCIENCES, INC.",SPRB,8-K,2025-05-29,2025-05-28,2025-05-28,0000950170-25-078590,https://www.sec.gov/Archives/edgar/data/1683553/000095017025078590/sprb-20250528.htm,https://www.sec.gov/Archives/edgar/data/1683553/000095017025078590/sprb-20250528.htm,2025-05-28,2025-05-29 07:00:12,https://www.sec.gov/Archives/edgar/data/1683553/0000950170-25-078590-index.html,Item 9.01,Item 9.01,False,True,,sprb-ex10_1.htm,True,Financing,Tier-1,https://www.sec.gov/Archives/edgar/data/1683553/000095017025078590/sprb-20250528.htm,,True,Tier-1,Financing,,True,purchase_agreement,
0001683553,"SPRUCE BIOSCIENCES, INC.",SPRB,8-K,2025-08-14,2025-08-14,2025-08-14,0000950170-25-108868,https://www.sec.gov/Archives/edgar/data/1683553/000095017025108868/sprb-20250814.htm,https://www.sec.gov/Archives/edgar/data/1683553/000095017025108868/sprb-20250814.htm,2025-08-14,2025-08-14 16:10:55,https://www.sec.gov/Archives/edgar/data/1683553/0000950170-25-108868-index.html,Item 2.02; Item 9.01,Item 2.02; Item 9.01,True,True,sprb-ex99_1.htm,,True,ATM,Tier-1,https://www.sec.gov/Archives/edgar/data/1683553/000095017025108868/sprb-20250814.htm,,True,Tier-2,,,False,,
0001683553,"SPRUCE BIOSCIENCES, INC.",SPRB,8-K,2025-05-06,2025-05-06,2025-05-06,0000950170-25-064429,https://www.sec.gov/Archives/edgar/data/1683553/000095017025064429/sprb-20250506.htm,https://www.sec.gov/Archives/edgar/data/1683553/000095017025064429/sprb-20250506.htm,2025-05-06,2025-05-06 16:05:09,https://www.sec.gov/Archives/edgar/data/1683553/0000950170-25-064429-index.html,Item 2.02; Item 9.01,Item 2.02; Item 9.01,True,True,sprb-ex99_1.htm,,True,ATM,Tier-1,https://www.sec.gov/Archives/edgar/data/1683553/000095017025064429/sprb-20250506.htm,,True,Tier-1,Financing,,True,purchase_agreement,
0001683553,"SPRUCE BIOSCIENCES, INC.",SPRB,8-K,2025-04-15,2025-04-15,2025-04-15,0000950170-25-053944,https://www.sec.gov/Archives/edgar/data/1683553/000095017025053944/sprb-20250415.htm,https://www.sec.gov/Archives/edgar/data/1683553/000095017025053944/sprb-20250415.htm,2025-04-15,2025-04-15 07:05:11,https://www.sec.gov/Archives/edgar/data/1683553/0000950170-25-053944-index.html,Item 2.02; Item 7.01; Item 9.01,Item 2.02; Item 7.01; Item 9.01,True,True,sprb-ex99_1.htm; sprb-ex99_2.htm,,True,ATM,Tier-1,https://www.sec.gov/Archives/edgar/data/1683553/000095017025053944/sprb-20250415.htm,,True,Tier-1,Financing,,True,purchase_agreement;warrant,
0001936224,SURF AIR MOBILITY INC.,SRFM,8-K,2025-11-12,2025-11-12,2025-11-12,0001193125-25-277566,https://www.sec.gov/Archives/edgar/data/1936224/000119312525277566/srfm-20251112.htm,https://www.sec.gov/Archives/edgar/data/1936224/000119312525277566/srfm-20251112.htm,2025-11-12,2025-11-12 16:08:48,https://www.sec.gov/Archives/edgar/data/1936224/0001193125-25-277566-index.html,Item 1.01; Item 9.01,Item 1.01; Item 9.01,False,True,,srfm-ex10_1.htm; srfm-ex10_2.htm; srfm-ex10_3.htm; srfm-ex10_4.htm; srfm-ex10_5.htm,True,ATM,Tier-1,https://www.sec.gov/Archives/edgar/data/1936224/000119312525277566/srfm-20251112.htm,,True,Tier-1,Financing,,True,registered_direct;spa;purchase_agreement;atm;equity_line;convertible;warrant;offering,
0001936224,SURF AIR MOBILITY INC.,SRFM,8-K,2025-10-08,2025-10-07,2025-10-07,0001193125-25-234632,https://www.sec.gov/Archives/edgar/data/1936224/000119312525234632/srfm-20251007.htm,https://www.sec.gov/Archives/edgar/data/1936224/000119312525234632/srfm-20251007.htm,2025-10-07,2025-10-08 17:00:27,https://www.sec.gov/Archives/edgar/data/1936224/0001193125-25-234632-index.html,Item 5.02,Item 5.02,True,True,srfm-ex99_1.htm,,True,ContractAward,Tier-1,https://www.sec.gov/Archives/edgar/data/1936224/000119312525234632/srfm-20251007.htm,,True,Tier-2,,,False,,
0001936224,SURF AIR MOBILITY INC.,SRFM,8-K,2025-11-21,2025-11-20,2025-11-20,0001193125-25-291581,https://www.sec.gov/Archives/edgar/data/1936224/000119312525291581/srfm-20251120.htm,https://www.sec.gov/Archives/edgar/data/1936224/000119312525291581/srfm-20251120.htm,2025-11-20,2025-11-21 17:05:30,https://www.sec.gov/Archives/edgar/data/1936224/0001193125-25-291581-index.html,Item 8.01,Item 8.01,True,True,srfm-ex99_1.htm,,True,ATM,Tier-1,https://www.sec.gov/Archives/edgar/data/1936224/000119312525291581/srfm-20251120.htm,,True,Tier-1,Financing,,True,purchase_agreement;convertible,
0001936224,SURF AIR MOBILITY INC.,SRFM,8-K,2025-11-12,2025-11-12,2025-11-12,0001193125-25-277789,https://www.sec.gov/Archives/edgar/data/1936224/000119312525277789/srfm-20251112.htm,https://www.sec.gov/Archives/edgar/data/1936224/000119312525277789/srfm-20251112.htm,2025-11-12,2025-11-12 16:38:41,https://www.sec.gov/Archives/edgar/data/1936224/0001193125-25-277789-index.html,Item 2.02; Item 9.01,Item 2.02; Item 9.01,True,True,srfm-ex99_1.htm,,True,ATM,Tier-1,https://www.sec.gov/Archives/edgar/data/1936224/000119312525277789/srfm-20251112.htm,,True,Tier-1,Financing,,True,purchase_agreement;convertible,
0001936224,SURF AIR MOBILITY INC.,SRFM,8-K,2025-08-29,2025-08-27,2025-08-27,0001936224-25-000008,https://www.sec.gov/Archives/edgar/data/1936224/000193622425000008/srfm-20250827.htm,https://www.sec.gov/Archives/edgar/data/1936224/000193622425000008/srfm-20250827.htm,2025-08-27,2025-08-29 17:15:29,https://www.sec.gov/Archives/edgar/data/1936224/0001936224-25-000008-index.html,Item 5.02,Item 5.02,True,True,srfm-ex99_1.htm,,True,ListingChange,Tier-1,https://www.sec.gov/Archives/edgar/data/1936224/000193622425000008/srfm-20250827.htm,,True,Tier-2,,,False,,
0001936224,SURF AIR MOBILITY INC.,SRFM,8-K,2025-06-26,2025-06-25,2025-06-25,0000950170-25-090410,https://www.sec.gov/Archives/edgar/data/1936224/000095017025090410/srfm-20250625.htm,https://www.sec.gov/Archives/edgar/data/1936224/000095017025090410/srfm-20250625.htm,2025-06-25,2025-06-26 16:20:28,https://www.sec.gov/Archives/edgar/data/1936224/0000950170-25-090410-index.html,Item 1.01; Item 9.01,Item 1.01; Item 9.01,False,True,,srfm-ex10_1.htm; srfm-ex10_2.htm; srfm-ex10_3.htm,True,ATM,Tier-1,https://www.sec.gov/Archives/edgar/data/1936224/000095017025090410/srfm-20250625.htm,,True,Tier-1,Financing,,True,registered_direct;spa;purchase_agreement;convertible;warrant;offering,
0001936224,SURF AIR MOBILITY INC.,SRFM,8-K,2025-08-12,2025-08-12,2025-08-12,0000950170-25-107386,https://www.sec.gov/Archives/edgar/data/1936224/000095017025107386/srfm-20250812.htm,https://www.sec.gov/Archives/edgar/data/1936224/000095017025107386/srfm-20250812.htm,2025-08-12,2025-08-12 16:30:39,https://www.sec.gov/Archives/edgar/data/1936224/0000950170-25-107386-index.html,Item 2.02; Item 9.01,Item 2.02; Item 9.01,True,True,srfm-ex99_1.htm,,True,ATM,Tier-1,https://www.sec.gov/Archives/edgar/data/1936224/000095017025107386/srfm-20250812.htm,,True,Tier-1,Financing,,True,registered_direct;purchase_agreement;convertible;offering,
0001936224,SURF AIR MOBILITY INC.,SRFM,8-K,2025-05-13,2025-05-13,2025-05-13,0000950170-25-070381,https://www.sec.gov/Archives/edgar/data/1936224/000095017025070381/srfm-20250513.htm,https://www.sec.gov/Archives/edgar/data/1936224/000095017025070381/srfm-20250513.htm,2025-05-13,2025-05-13 16:15:19,https://www.sec.gov/Archives/edgar/data/1936224/0000950170-25-070381-index.html,Item 2.02; Item 9.01,Item 2.02; Item 9.01,True,True,srfm-ex99_1.htm,,True,ATM,Tier-1,https://www.sec.gov/Archives/edgar/data/1936224/000095017025070381/srfm-20250513.htm,,True,Tier-1,Financing,,True,registered_direct;purchase_agreement;convertible;offering,
0001351636,"SOUNDTHINKING, INC.",SSTI,8-K,2025-11-12,2025-11-12,2025-11-12,0001193125-25-277575,https://www.sec.gov/Archives/edgar/data/1351636/000119312525277575/ssti-20251112.htm,https://www.sec.gov/Archives/edgar/data/1351636/000119312525277575/ssti-20251112.htm,2025-11-12,2025-11-12 16:09:52,https://www.sec.gov/Archives/edgar/data/1351636/0001193125-25-277575-index.html,Item 2.02; Item 9.01,Item 2.02; Item 9.01,True,True,ssti-ex99_1.htm,,True,GuidanceUp,Tier-1,https://www.sec.gov/Archives/edgar/data/1351636/000119312525277575/ssti-20251112.htm,,True,Tier-2,,,False,,
0001351636,"SOUNDTHINKING, INC.",SSTI,8-K,2025-05-13,2025-05-13,2025-05-13,0000950170-25-070348,https://www.sec.gov/Archives/edgar/data/1351636/000095017025070348/ssti-20250513.htm,https://www.sec.gov/Archives/edgar/data/1351636/000095017025070348/ssti-20250513.htm,2025-05-13,2025-05-13 16:10:46,https://www.sec.gov/Archives/edgar/data/1351636/0000950170-25-070348-index.html,Item 2.02; Item 9.01,Item 2.02; Item 9.01,True,True,ssti-ex99_1.htm,,True,ATM,Tier-1,https://www.sec.gov/Archives/edgar/data/1351636/000095017025070348/ssti-20250513.htm,,True,Tier-1,Financing,,True,offering,
0001351636,"SOUNDTHINKING, INC.",SSTI,8-K,2025-08-12,2025-08-12,2025-08-12,0000950170-25-107319,https://www.sec.gov/Archives/edgar/data/1351636/000095017025107319/ssti-20250812.htm,https://www.sec.gov/Archives/edgar/data/1351636/000095017025107319/ssti-20250812.htm,2025-08-12,2025-08-12 16:10:47,https://www.sec.gov/Archives/edgar/data/1351636/0000950170-25-107319-index.html,Item 2.02; Item 9.01,Item 2.02; Item 9.01,True,True,ssti-ex99_1.htm,,True,GuidanceUp,Tier-1,https://www.sec.gov/Archives/edgar/data/1351636/000095017025107319/ssti-20250812.htm,,True,Tier-2,,,False,,
0001351636,"SOUNDTHINKING, INC.",SSTI,8-K,2025-02-25,2025-02-25,2025-02-25,0000950170-25-026653,https://www.sec.gov/Archives/edgar/data/1351636/000095017025026653/ssti-20250225.htm,https://www.sec.gov/Archives/edgar/data/1351636/000095017025026653/ssti-20250225.htm,2025-02-25,2025-02-25 16:10:11,https://www.sec.gov/Archives/edgar/data/1351636/0000950170-25-026653-index.html,Item 2.02; Item 9.01,Item 2.02; Item 9.01,True,True,ssti-ex99_1.htm,,True,GuidanceUp,Tier-1,https://www.sec.gov/Archives/edgar/data/1351636/000095017025026653/ssti-20250225.htm,,True,Tier-2,,,False,,
0001351636,"SOUNDTHINKING, INC.",SSTI,8-K,2024-11-12,2024-11-12,2024-11-12,0000950170-24-125484,https://www.sec.gov/Archives/edgar/data/1351636/000095017024125484/ssti-20241112.htm,https://www.sec.gov/Archives/edgar/data/1351636/000095017024125484/ssti-20241112.htm,2024-11-12,2024-11-12 16:21:55,https://www.sec.gov/Archives/edgar/data/1351636/0000950170-24-125484-index.html,Item 2.02; Item 9.01,Item 2.02; Item 9.01,True,True,ssti-ex99_1.htm,,True,GuidanceUp,Tier-1,https://www.sec.gov/Archives/edgar/data/1351636/000095017024125484/ssti-20241112.htm,,True,Tier-2,,,False,,
0001758766,"STEM, INC.",STEM,8-K,2025-10-29,2025-10-29,2025-10-29,0001758766-25-000064,https://www.sec.gov/Archives/edgar/data/1758766/000175876625000064/stem-20251029.htm,https://www.sec.gov/Archives/edgar/data/1758766/000175876625000064/stem-20251029.htm,2025-10-29,2025-10-29 16:24:43,https://www.sec.gov/Archives/edgar/data/1758766/0001758766-25-000064-index.html,Item 2.02; Item 7.01; Item 9.01,Item 2.02; Item 7.01; Item 9.01,True,True,exhibit99-8xkx20251029xq32.htm,,True,ATM,Tier-1,https://www.sec.gov/Archives/edgar/data/1758766/000175876625000064/stem-20251029.htm,,True,Tier-1,Financing,,True,convertible;warrant;offering,
0001758766,"STEM, INC.",STEM,8-K,2025-09-09,2025-09-09,2025-09-09,0001758766-25-000045,https://www.sec.gov/Archives/edgar/data/1758766/000175876625000045/stem-20250909.htm,https://www.sec.gov/Archives/edgar/data/1758766/000175876625000045/stem-20250909.htm,2025-09-09,2025-09-09 09:21:33,https://www.sec.gov/Archives/edgar/data/1758766/0001758766-25-000045-index.html,Item 7.01; Item 9.01,Item 7.01; Item 9.01,True,True,exhibit99-ceoletter.htm,,True,ATM,Tier-1,https://www.sec.gov/Archives/edgar/data/1758766/000175876625000045/stem-20250909.htm,,True,Tier-1,Financing,,True,offering,
0001758766,"STEM, INC.",STEM,8-K,2025-07-02,2025-06-30,2025-06-30,0001193125-25-154971,https://www.sec.gov/Archives/edgar/data/1758766/000119312525154971/d63569d8k.htm,https://www.sec.gov/Archives/edgar/data/1758766/000119312525154971/d63569d8k.htm,2025-06-30,2025-07-02 16:28:30,https://www.sec.gov/Archives/edgar/data/1758766/0001193125-25-154971-index.html,Item 5.02; Item 7.01; Item 9.01,Item 5.02; Item 7.01; Item 9.01,True,True,d63569dex99.htm,,True,ATM,Tier-1,https://www.sec.gov/Archives/edgar/data/1758766/000119312525154971/d63569d8k.htm,,True,Tier-1,Financing,,True,offering,
0001758766,"STEM, INC.",STEM,8-K,2025-06-30,2025-06-30,2025-06-30,0001193125-25-152073,https://www.sec.gov/Archives/edgar/data/1758766/000119312525152073/d63876d8k.htm,https://www.sec.gov/Archives/edgar/data/1758766/000119312525152073/d63876d8k.htm,2025-06-30,2025-06-30 08:56:52,https://www.sec.gov/Archives/edgar/data/1758766/0001193125-25-152073-index.html,Item 1.01; Item 2.03; Item 3.02; Item 7.01; Item 9.01,Item 1.01; Item 2.03; Item 3.02; Item 7.01; Item 9.01,True,True,d63876dex99.htm,,True,ATM,Tier-1,https://www.sec.gov/Archives/edgar/data/1758766/000119312525152073/d63876d8k.htm,,True,Tier-1,Financing,,True,convertible;warrant;offering,
0001758766,"STEM, INC.",STEM,8-K,2025-08-07,2025-08-07,2025-08-07,0001758766-25-000025,https://www.sec.gov/Archives/edgar/data/1758766/000175876625000025/stem-20250807.htm,https://www.sec.gov/Archives/edgar/data/1758766/000175876625000025/stem-20250807.htm,2025-08-07,2025-08-07 16:26:32,https://www.sec.gov/Archives/edgar/data/1758766/0001758766-25-000025-index.html,Item 2.02; Item 7.01; Item 9.01,Item 2.02; Item 7.01; Item 9.01,True,True,exhibit99-8xkx20250807xq22.htm,,True,ATM,Tier-1,https://www.sec.gov/Archives/edgar/data/1758766/000175876625000025/stem-20250807.htm,,True,Tier-1,Financing,,True,convertible;warrant;offering,
0001758766,"STEM, INC.",STEM,8-K,2025-06-16,2025-06-11,2025-06-11,0001758766-25-000020,https://www.sec.gov/Archives/edgar/data/1758766/000175876625000020/stem-20250611.htm,https://www.sec.gov/Archives/edgar/data/1758766/000175876625000020/stem-20250611.htm,2025-06-11,2025-06-16 16:30:23,https://www.sec.gov/Archives/edgar/data/1758766/0001758766-25-000020-index.html,Item 3.03; Item 5.03; Item 9.01,Item 3.03; Item 5.03; Item 9.01,False,True,,,True,ATM,Tier-1,https://www.sec.gov/Archives/edgar/data/1758766/000175876625000020/stem-20250611.htm,,True,Tier-1,Financing,,True,convertible;warrant,
0001758766,"STEM, INC.",STEM,8-K,2025-04-14,2025-04-09,2025-04-09,0001193125-25-079764,https://www.sec.gov/Archives/edgar/data/1758766/000119312525079764/d946758d8k.htm,https://www.sec.gov/Archives/edgar/data/1758766/000119312525079764/d946758d8k.htm,2025-04-09,2025-04-14 09:20:29,https://www.sec.gov/Archives/edgar/data/1758766/0001193125-25-079764-index.html,Item 2.05; Item 8.01; Item 9.01,Item 2.05; Item 8.01; Item 9.01,True,True,d946758dex99.htm,,True,ATM,Tier-1,https://www.sec.gov/Archives/edgar/data/1758766/000119312525079764/d946758d8k.htm,,True,Tier-1,Financing,,True,offering,
0001758766,"STEM, INC.",STEM,8-K,2025-04-29,2025-04-29,2025-04-29,0001758766-25-000010,https://www.sec.gov/Archives/edgar/data/1758766/000175876625000010/stem-20250429.htm,https://www.sec.gov/Archives/edgar/data/1758766/000175876625000010/stem-20250429.htm,2025-04-29,2025-04-29 16:32:37,https://www.sec.gov/Archives/edgar/data/1758766/0001758766-25-000010-index.html,Item 2.02; Item 7.01; Item 9.01,Item 2.02; Item 7.01; Item 9.01,True,True,exhibit99-8xkx20250429xq12.htm,,True,ATM,Tier-1,https://www.sec.gov/Archives/edgar/data/1758766/000175876625000010/stem-20250429.htm,,True,Tier-1,Financing,,True,convertible;offering,
0000885508,STRATUS PROPERTIES INC,STRS,8-K,2025-11-20,2025-11-14,2025-11-14,0000885508-25-000069,https://www.sec.gov/Archives/edgar/data/885508/000088550825000069/strs-20251114.htm,https://www.sec.gov/Archives/edgar/data/885508/000088550825000069/strs-20251114.htm,2025-11-14,2025-11-20 16:19:38,https://www.sec.gov/Archives/edgar/data/885508/0000885508-25-000069-index.html,Item 2.01; Item 8.01; Item 9.01,Item 2.01; Item 8.01; Item 9.01,True,True,exhibit991saleoflantanapla.htm,,True,ContractAward,Tier-1,https://www.sec.gov/Archives/edgar/data/885508/000088550825000069/strs-20251114.htm,,True,Tier-1,Financing,,True,purchase_agreement,
0000885508,STRATUS PROPERTIES INC,STRS,8-K,2025-10-23,2025-10-17,2025-10-17,0000885508-25-000063,https://www.sec.gov/Archives/edgar/data/885508/000088550825000063/strs-20251017.htm,https://www.sec.gov/Archives/edgar/data/885508/000088550825000063/strs-20251017.htm,2025-10-17,2025-10-23 16:08:20,https://www.sec.gov/Archives/edgar/data/885508/0000885508-25-000063-index.html,Item 1.01; Item 9.01,Item 1.01; Item 9.01,False,True,,exhibit101agreementofsalea.htm; exhibit102firstamendmentto.htm,True,ATM,Tier-1,https://www.sec.gov/Archives/edgar/data/885508/000088550825000063/strs-20251017.htm,,True,Tier-1,Financing,,True,purchase_agreement;warrant,
0000885508,STRATUS PROPERTIES INC,STRS,8-K,2025-11-12,2025-11-12,2025-11-12,0000885508-25-000065,https://www.sec.gov/Archives/edgar/data/885508/000088550825000065/strs-20251112.htm,https://www.sec.gov/Archives/edgar/data/885508/000088550825000065/strs-20251112.htm,2025-11-12,2025-11-12 08:18:16,https://www.sec.gov/Archives/edgar/data/885508/0000885508-25-000065-index.html,Item 2.02; Item 9.01,Item 2.02; Item 9.01,True,True,q32025exhibit991.htm,,True,FDA,Tier-1,https://www.sec.gov/Archives/edgar/data/885508/000088550825000065/strs-20251112.htm,,True,Tier-2,,,False,,
0000885508,STRATUS PROPERTIES INC,STRS,8-K,2025-05-27,2025-05-27,2025-05-27,0000885508-25-000047,https://www.sec.gov/Archives/edgar/data/885508/000088550825000047/strs-20250527.htm,https://www.sec.gov/Archives/edgar/data/885508/000088550825000047/strs-20250527.htm,2025-05-27,2025-05-27 16:31:58,https://www.sec.gov/Archives/edgar/data/885508/0000885508-25-000047-index.html,Item 8.01; Item 9.01,Item 8.01; Item 9.01,True,True,exhibit991saleofwestkillee.htm,,True,ContractAward,Tier-1,https://www.sec.gov/Archives/edgar/data/885508/000088550825000047/strs-20250527.htm,,True,Tier-2,,,False,,
0000885508,STRATUS PROPERTIES INC,STRS,8-K,2025-08-12,2025-08-12,2025-08-12,0000885508-25-000055,https://www.sec.gov/Archives/edgar/data/885508/000088550825000055/strs-20250812.htm,https://www.sec.gov/Archives/edgar/data/885508/000088550825000055/strs-20250812.htm,2025-08-12,2025-08-12 08:34:56,https://www.sec.gov/Archives/edgar/data/885508/0000885508-25-000055-index.html,Item 2.02; Item 9.01,Item 2.02; Item 9.01,True,True,q22025exhibit991.htm,,True,ContractAward,Tier-1,https://www.sec.gov/Archives/edgar/data/885508/000088550825000055/strs-20250812.htm,,True,Tier-2,,,False,,
0000885508,STRATUS PROPERTIES INC,STRS,8-K,2025-05-15,2025-05-15,2025-05-15,0000885508-25-000042,https://www.sec.gov/Archives/edgar/data/885508/000088550825000042/strs-20250515.htm,https://www.sec.gov/Archives/edgar/data/885508/000088550825000042/strs-20250515.htm,2025-05-15,2025-05-15 09:09:25,https://www.sec.gov/Archives/edgar/data/885508/0000885508-25-000042-index.html,Item 2.02; Item 9.01,Item 2.02; Item 9.01,True,True,q12025exhibit991.htm,,True,ContractAward,Tier-1,https://www.sec.gov/Archives/edgar/data/885508/000088550825000042/strs-20250515.htm,,True,Tier-2,,,False,,
0001425355,SUI Group Holdings Ltd.,SUIG,8-K,2025-11-12,2025-11-12,2025-11-12,0001654954-25-012924,https://www.sec.gov/Archives/edgar/data/1425355/000165495425012924/suigroup_8k.htm,https://www.sec.gov/Archives/edgar/data/1425355/000165495425012924/suigroup_8k.htm,2025-11-12,2025-11-12 16:44:58,https://www.sec.gov/Archives/edgar/data/1425355/0001654954-25-012924-index.html,Item 2.02; Item 9.01,Item 2.02; Item 9.01,True,True,suigroup_ex991.htm,,True,ATM,Tier-1,https://www.sec.gov/Archives/edgar/data/1425355/000165495425012924/suigroup_8k.htm,,True,Tier-2,,,False,,
0001425355,SUI Group Holdings Ltd.,SUIG,8-K,2025-09-26,2025-09-24,2025-09-24,0001213900-25-091783,https://www.sec.gov/Archives/edgar/data/1425355/000121390025091783/ea0258853-8k_suigroup.htm,https://www.sec.gov/Archives/edgar/data/1425355/000121390025091783/ea0258853-8k_suigroup.htm,2025-09-24,2025-09-25 18:41:12,https://www.sec.gov/Archives/edgar/data/1425355/0001213900-25-091783-index.html,Item 7.01; Item 9.01,Item 7.01; Item 9.01,True,True,ea025885301ex99-1_suigroup.htm,,True,ATM,Tier-1,https://www.sec.gov/Archives/edgar/data/1425355/000121390025091783/ea0258853-8k_suigroup.htm,,True,Tier-2,,,False,,
0001425355,SUI Group Holdings Ltd.,SUIG,8-K,2025-09-15,2025-09-12,2025-09-12,0001213900-25-087368,https://www.sec.gov/Archives/edgar/data/1425355/000121390025087368/ea0257271-8k_suigroup.htm,https://www.sec.gov/Archives/edgar/data/1425355/000121390025087368/ea0257271-8k_suigroup.htm,2025-09-12,2025-09-12 21:20:25,https://www.sec.gov/Archives/edgar/data/1425355/0001213900-25-087368-index.html,Item 7.01; Item 9.01,Item 7.01; Item 9.01,True,True,ea025727101ex99-1_suigroup.htm,,True,ATM,Tier-1,https://www.sec.gov/Archives/edgar/data/1425355/000121390025087368/ea0257271-8k_suigroup.htm,,True,Tier-2,,,False,,
0001425355,SUI Group Holdings Ltd.,SUIG,8-K,2025-09-03,2025-09-03,2025-09-03,0001213900-25-084142,https://www.sec.gov/Archives/edgar/data/1425355/000121390025084142/ea0255906-8k_suigroup.htm,https://www.sec.gov/Archives/edgar/data/1425355/000121390025084142/ea0255906-8k_suigroup.htm,2025-09-03,2025-09-03 17:20:26,https://www.sec.gov/Archives/edgar/data/1425355/0001213900-25-084142-index.html,Item 7.01; Item 9.01,Item 7.01; Item 9.01,True,True,ea025590601ex99-1_suigroup.htm,,True,ATM,Tier-1,https://www.sec.gov/Archives/edgar/data/1425355/000121390025084142/ea0255906-8k_suigroup.htm,,True,Tier-2,,,False,,
0001425355,"Mill City Ventures III, Ltd",SUIG,8-K,2025-08-25,2025-08-25,2025-08-25,0001213900-25-080371,https://www.sec.gov/Archives/edgar/data/1425355/000121390025080371/ea0254303-8k_millcity3.htm,https://www.sec.gov/Archives/edgar/data/1425355/000121390025080371/ea0254303-8k_millcity3.htm,2025-08-25,2025-08-25 16:30:45,https://www.sec.gov/Archives/edgar/data/1425355/0001213900-25-080371-index.html,Item 8.01; Item 9.01,Item 8.01; Item 9.01,True,True,ea025430301ex99-1_millcity3.htm; ea025430301ex99-2_millcity3.htm,,True,ATM,Tier-1,https://www.sec.gov/Archives/edgar/data/1425355/000121390025080371/ea0254303-8k_millcity3.htm,,True,Tier-2,,,False,,
0001425355,"Mill City Ventures III, Ltd",SUIG,8-K,2025-08-11,2025-08-11,2025-08-11,0001213900-25-073977,https://www.sec.gov/Archives/edgar/data/1425355/000121390025073977/ea0252619-8k_millcity3.htm,https://www.sec.gov/Archives/edgar/data/1425355/000121390025073977/ea0252619-8k_millcity3.htm,2025-08-11,2025-08-11 08:45:26,https://www.sec.gov/Archives/edgar/data/1425355/0001213900-25-073977-index.html,Item 8.01; Item 9.01,Item 8.01; Item 9.01,True,True,ea025261901ex99-1_millcity3.htm,,True,ATM,Tier-1,https://www.sec.gov/Archives/edgar/data/1425355/000121390025073977/ea0252619-8k_millcity3.htm,,True,Tier-1,Financing,,True,warrant,
0001425355,"Mill City Ventures III, Ltd",SUIG,8-K,2025-08-01,2025-08-01,2025-08-01,0001654954-25-008785,https://www.sec.gov/Archives/edgar/data/1425355/000165495425008785/mcvt_8k.htm,https://www.sec.gov/Archives/edgar/data/1425355/000165495425008785/mcvt_8k.htm,2025-08-01,2025-08-01 09:24:05,https://www.sec.gov/Archives/edgar/data/1425355/0001654954-25-008785-index.html,Item 3.02; Item 8.01; Item 9.01,Item 3.02; Item 8.01; Item 9.01,True,True,mcvt_ex991.htm,mcvt_ex101.htm; mcvt_ex102.htm,True,ATM,Tier-1,https://www.sec.gov/Archives/edgar/data/1425355/000165495425008785/mcvt_8k.htm,,True,Tier-1,Financing,,True,purchase_agreement;equity_line;offering,
0000885508,STRATUS PROPERTIES INC,STRS,8-K,2025-03-28,2025-03-28,2025-03-28,0000885508-25-000020,https://www.sec.gov/Archives/edgar/data/885508/000088550825000020/strs-20250328.htm,https://www.sec.gov/Archives/edgar/data/885508/000088550825000020/strs-20250328.htm,2025-03-28,2025-03-28 08:43:48,https://www.sec.gov/Archives/edgar/data/885508/0000885508-25-000020-index.html,Item 2.02; Item 7.01; Item 9.01,Item 2.02; Item 7.01; Item 9.01,True,True,q42024exhibit991.htm; investorpresentation2025.htm,,True,ContractAward,Tier-1,https://www.sec.gov/Archives/edgar/data/885508/000088550825000020/strs-20250328.htm,,True,Tier-2,,,False,,
0002074850,Spring Valley Acquisition Corp. III,SVAC,8-K,2025-09-11,2025-09-05,2025-09-05,0001410578-25-002027,https://www.sec.gov/Archives/edgar/data/2074850/000141057825002027/tm2525462d2_8k.htm,https://www.sec.gov/Archives/edgar/data/2074850/000141057825002027/tm2525462d2_8k.htm,2025-09-05,2025-09-11 16:06:29,https://www.sec.gov/Archives/edgar/data/2074850/0001410578-25-002027-index.html,Item 8.01; Item 9.01,Item 8.01; Item 9.01,True,True,tm2525462d2_ex99-1.htm,,True,ATM,Tier-1,https://www.sec.gov/Archives/edgar/data/2074850/000141057825002027/tm2525462d2_8k.htm,,True,Tier-1,Financing,,True,underwriting_agreement;convertible;warrant;offering,
0002074850,Spring Valley Acquisition Corp. III,SVAC,8-K,2025-09-08,2025-09-03,2025-09-03,0001104659-25-088292,https://www.sec.gov/Archives/edgar/data/2074850/000110465925088292/tm2525462d1_8k.htm,https://www.sec.gov/Archives/edgar/data/2074850/000110465925088292/tm2525462d1_8k.htm,2025-09-03,2025-09-08 16:38:01,https://www.sec.gov/Archives/edgar/data/2074850/0001104659-25-088292-index.html,Item 1.01; Item 3.02; Item 8.01; Item 9.01,Item 1.01; Item 3.02; Item 8.01; Item 9.01,True,True,tm2525462d1_ex99-1.htm; tm2525462d1_ex99-2.htm,tm2525462d1_ex1-1.htm; tm2525462d1_ex10-1.htm; tm2525462d1_ex10-2.htm; tm2525462d1_ex10-3.htm; tm2525462d1_ex10-4.htm; tm2525462d1_ex10-5.htm; tm2525462d1_ex10-6.htm; tm2525462d1_ex10-7.htm,True,ATM,Tier-1,https://www.sec.gov/Archives/edgar/data/2074850/000110465925088292/tm2525462d1_8k.htm,,True,Tier-1,Financing,,True,purchase_agreement;underwriting_agreement;subscription_agreement;warrant;offering,
0001943289,"Silvaco Group, Inc.",SVCO,8-K,2025-09-05,2025-09-04,2025-09-04,0001943289-25-000014,https://www.sec.gov/Archives/edgar/data/1943289/000194328925000014/svco-20250904.htm,https://www.sec.gov/Archives/edgar/data/1943289/000194328925000014/svco-20250904.htm,2025-09-04,2025-09-05 16:34:43,https://www.sec.gov/Archives/edgar/data/1943289/0001943289-25-000014-index.html,Item 5.02; Item 7.01; Item 9.01,Item 5.02; Item 7.01; Item 9.01,True,True,exhibit991-pressreleasedat.htm,,True,ATM,Tier-1,https://www.sec.gov/Archives/edgar/data/1943289/000194328925000014/svco-20250904.htm,,True,Tier-1,Financing,,True,offering,
0001943289,"Silvaco Group, Inc.",SVCO,8-K,2025-08-26,2025-08-21,2025-08-21,0001943289-25-000009,https://www.sec.gov/Archives/edgar/data/1943289/000194328925000009/svco-20250821.htm,https://www.sec.gov/Archives/edgar/data/1943289/000194328925000009/svco-20250821.htm,2025-08-21,2025-08-26 16:03:33,https://www.sec.gov/Archives/edgar/data/1943289/0001943289-25-000009-index.html,Item 5.02; Item 7.01; Item 9.01,Item 5.02; Item 7.01; Item 9.01,True,True,ex99_1-silvacotransitionpr.htm,ex10_1-ceoseparationagreem.htm; ceoemploymentagreementfinal.htm,True,ATM,Tier-1,https://www.sec.gov/Archives/edgar/data/1943289/000194328925000009/svco-20250821.htm,,True,Tier-1,Financing,,True,offering,
0001943289,"Silvaco Group, Inc.",SVCO,8-K,2025-11-12,2025-11-12,2025-11-12,0001943289-25-000018,https://www.sec.gov/Archives/edgar/data/1943289/000194328925000018/svco-20251112.htm,https://www.sec.gov/Archives/edgar/data/1943289/000194328925000018/svco-20251112.htm,2025-11-12,2025-11-12 17:06:20,https://www.sec.gov/Archives/edgar/data/1943289/0001943289-25-000018-index.html,Item 2.02; Item 9.01,Item 2.02; Item 9.01,True,True,a991earningsreleasedatedno.htm,,True,ATM,Tier-1,https://www.sec.gov/Archives/edgar/data/1943289/000194328925000018/svco-20251112.htm,,True,Tier-1,Financing,,True,convertible;offering,
0001943289,"Silvaco Group, Inc.",SVCO,8-K,2025-08-06,2025-08-06,2025-08-06,0001628280-25-038358,https://www.sec.gov/Archives/edgar/data/1943289/000162828025038358/svco-20250806.htm,https://www.sec.gov/Archives/edgar/data/1943289/000162828025038358/svco-20250806.htm,2025-08-06,2025-08-06 16:19:22,https://www.sec.gov/Archives/edgar/data/1943289/0001628280-25-038358-index.html,Item 2.02; Item 9.01,Item 2.02; Item 9.01,True,True,a991earningsreleasedatedau.htm,,True,ATM,Tier-1,https://www.sec.gov/Archives/edgar/data/1943289/000162828025038358/svco-20250806.htm,,True,Tier-1,Financing,,True,convertible;offering,
0001943289,"Silvaco Group, Inc.",SVCO,8-K,2025-08-04,2025-08-01,2025-08-01,0001628280-25-037474,https://www.sec.gov/Archives/edgar/data/1943289/000162828025037474/svco-20250801.htm,https://www.sec.gov/Archives/edgar/data/1943289/000162828025037474/svco-20250801.htm,2025-08-01,2025-08-04 16:54:21,https://www.sec.gov/Archives/edgar/data/1943289/0001628280-25-037474-index.html,Item 9.01,Item 9.01,True,True,a991pressreleasedatedaugus.htm,,True,ATM,Tier-1,https://www.sec.gov/Archives/edgar/data/1943289/000162828025037474/svco-20250801.htm,,True,Tier-1,Financing,,True,purchase_agreement;offering,
0001943289,"Silvaco Group, Inc.",SVCO,8-K,2025-07-29,2025-07-29,2025-07-29,0001628280-25-036463,https://www.sec.gov/Archives/edgar/data/1943289/000162828025036463/svco-20250729.htm,https://www.sec.gov/Archives/edgar/data/1943289/000162828025036463/svco-20250729.htm,2025-07-29,2025-07-29 17:05:54,https://www.sec.gov/Archives/edgar/data/1943289/0001628280-25-036463-index.html,Item 9.01,Item 9.01,True,True,mixelpr-final.htm,exhibit10_1-stockpurchasea.htm,True,ATM,Tier-1,https://www.sec.gov/Archives/edgar/data/1943289/000162828025036463/svco-20250729.htm,,True,Tier-1,Financing,,True,purchase_agreement;offering,
0001089907,SWK Holdings Corp,SWKHL,8-K,2025-10-10,2025-10-09,2025-10-09,0001552781-25-000317,https://www.sec.gov/Archives/edgar/data/1089907/000155278125000317/e25356_swkh-8k.htm,https://www.sec.gov/Archives/edgar/data/1089907/000155278125000317/e25356_swkh-8k.htm,2025-10-09,2025-10-10 07:11:00,https://www.sec.gov/Archives/edgar/data/1089907/0001552781-25-000317-index.html,Item 1.01; Item 9.01,Item 1.01; Item 9.01,True,True,e25356_ex99-1.htm,e25356_ex2-1.htm,True,ATM,Tier-1,https://www.sec.gov/Archives/edgar/data/1089907/000155278125000317/e25356_swkh-8k.htm,,True,Tier-1,Financing,,True,convertible;warrant,
0001089907,SWK Holdings Corp,SWKHL,8-K,2025-11-06,2025-11-06,2025-11-06,0001628280-25-050153,https://www.sec.gov/Archives/edgar/data/1089907/000162828025050153/swkh-20251106.htm,https://www.sec.gov/Archives/edgar/data/1089907/000162828025050153/swkh-20251106.htm,2025-11-06,2025-11-06 16:04:35,https://www.sec.gov/Archives/edgar/data/1089907/0001628280-25-050153-index.html,Item 2.02; Item 9.01,Item 2.02; Item 9.01,True,True,q325ex991earningsrelease.htm,,True,ATM,Tier-1,https://www.sec.gov/Archives/edgar/data/1089907/000162828025050153/swkh-20251106.htm,,True,Tier-1,Financing,,True,warrant,
0001089907,SWK Holdings Corp,SWKHL,8-K,2025-10-09,2025-10-09,2025-10-09,0001552781-25-000315,https://www.sec.gov/Archives/edgar/data/1089907/000155278125000315/e25355_swkh-8k.htm,https://www.sec.gov/Archives/edgar/data/1089907/000155278125000315/e25355_swkh-8k.htm,2025-10-09,2025-10-09 17:27:26,https://www.sec.gov/Archives/edgar/data/1089907/0001552781-25-000315-index.html,Item 8.01; Item 9.01,Item 8.01; Item 9.01,True,True,e25355_ex99-1.htm,,True,FDA,Tier-1,https://www.sec.gov/Archives/edgar/data/1089907/000155278125000315/e25355_swkh-8k.htm,,True,Tier-2,,,False,,
0001943289,"Silvaco Group, Inc.",SVCO,8-K,2025-05-07,2025-05-07,2025-05-07,0001628280-25-023156,https://www.sec.gov/Archives/edgar/data/1943289/000162828025023156/svco-20250507.htm,https://www.sec.gov/Archives/edgar/data/1943289/000162828025023156/svco-20250507.htm,2025-05-07,2025-05-07 16:08:04,https://www.sec.gov/Archives/edgar/data/1943289/0001628280-25-023156-index.html,Item 2.02; Item 9.01,Item 2.02; Item 9.01,True,True,a991earningsreleasedatedma.htm; a992supplementalfinancia.htm,,True,ATM,Tier-1,https://www.sec.gov/Archives/edgar/data/1943289/000162828025023156/svco-20250507.htm,,True,Tier-1,Financing,,True,offering,
0001089907,SWK Holdings Corp,SWKHL,8-K,2025-07-17,2025-07-15,2025-07-15,0001628280-25-035236,https://www.sec.gov/Archives/edgar/data/1089907/000162828025035236/swkh-20250715.htm,https://www.sec.gov/Archives/edgar/data/1089907/000162828025035236/swkh-20250715.htm,2025-07-15,2025-07-17 17:04:20,https://www.sec.gov/Archives/edgar/data/1089907/0001628280-25-035236-index.html,Item 1.01,Item 1.01,False,True,,,True,ContractAward,Tier-1,https://www.sec.gov/Archives/edgar/data/1089907/000162828025035236/swkh-20250715.htm,,True,Tier-1,Financing,,True,purchase_agreement,
0001089907,SWK Holdings Corp,SWKHL,8-K,2025-08-14,2025-08-14,2025-08-14,0001628280-25-040422,https://www.sec.gov/Archives/edgar/data/1089907/000162828025040422/swkh-20250814.htm,https://www.sec.gov/Archives/edgar/data/1089907/000162828025040422/swkh-20250814.htm,2025-08-14,2025-08-14 16:45:02,https://www.sec.gov/Archives/edgar/data/1089907/0001628280-25-040422-index.html,Item 2.02; Item 7.01; Item 9.01,Item 2.02; Item 7.01; Item 9.01,True,True,q225ex991earningsrelease.htm; a2q25swkholdingssharehol.htm,,True,ATM,Tier-1,https://www.sec.gov/Archives/edgar/data/1089907/000162828025040422/swkh-20250814.htm,,True,Tier-1,Financing,,True,warrant,
0001089907,SWK Holdings Corp,SWKHL,8-K,2025-05-15,2025-05-15,2025-05-15,0001628280-25-025966,https://www.sec.gov/Archives/edgar/data/1089907/000162828025025966/swkh-20250515.htm,https://www.sec.gov/Archives/edgar/data/1089907/000162828025025966/swkh-20250515.htm,2025-05-15,2025-05-15 16:23:24,https://www.sec.gov/Archives/edgar/data/1089907/0001628280-25-025966-index.html,Item 7.01; Item 9.01,Item 7.01; Item 9.01,True,True,a1q25swkholdingssharehol.htm,,True,ATM,Tier-1,https://www.sec.gov/Archives/edgar/data/1089907/000162828025025966/swkh-20250515.htm,,True,Tier-1,Financing,,True,purchase_agreement;subscription_agreement;warrant;offering,
0002030663,Sizzle Acquisition Corp. II,SZZL,8-K,2025-05-20,2025-05-20,2025-05-20,0001213900-25-046060,https://www.sec.gov/Archives/edgar/data/2030663/000121390025046060/ea0242986-8k_sizzle2.htm,https://www.sec.gov/Archives/edgar/data/2030663/000121390025046060/ea0242986-8k_sizzle2.htm,2025-05-20,2025-05-20 17:27:23,https://www.sec.gov/Archives/edgar/data/2030663/0001213900-25-046060-index.html,Item 8.01; Item 9.01,Item 8.01; Item 9.01,True,True,ea024298601ex99-1_sizzle2.htm,,True,ATM,Tier-1,https://www.sec.gov/Archives/edgar/data/2030663/000121390025046060/ea0242986-8k_sizzle2.htm,,True,Tier-1,Financing,,True,offering,
0001089907,SWK Holdings Corp,SWKHL,8-K,2025-05-15,2025-05-15,2025-05-15,0001628280-25-025962,https://www.sec.gov/Archives/edgar/data/1089907/000162828025025962/swkh-20250515.htm,https://www.sec.gov/Archives/edgar/data/1089907/000162828025025962/swkh-20250515.htm,2025-05-15,2025-05-15 16:22:48,https://www.sec.gov/Archives/edgar/data/1089907/0001628280-25-025962-index.html,Item 2.02; Item 9.01,Item 2.02; Item 9.01,True,True,q125exhibit991.htm,,True,ATM,Tier-1,https://www.sec.gov/Archives/edgar/data/1089907/000162828025025962/swkh-20250515.htm,,True,Tier-1,Financing,,True,warrant,
0002030663,Sizzle Acquisition Corp. II,SZZL,8-K,2025-04-09,2025-04-03,2025-04-03,0001213900-25-030343,https://www.sec.gov/Archives/edgar/data/2030663/000121390025030343/ea0237623-8k_sizzleacq2.htm,https://www.sec.gov/Archives/edgar/data/2030663/000121390025030343/ea0237623-8k_sizzleacq2.htm,2025-04-03,2025-04-09 17:00:45,https://www.sec.gov/Archives/edgar/data/2030663/0001213900-25-030343-index.html,Item 8.01; Item 9.01,Item 8.01; Item 9.01,True,True,ea023762301ex99-1_sizzleacq2.htm,,True,ATM,Tier-1,https://www.sec.gov/Archives/edgar/data/2030663/000121390025030343/ea0237623-8k_sizzleacq2.htm,,True,Tier-1,Financing,,True,underwriting_agreement;convertible;offering,
0002030663,Sizzle Acquisition Corp. II,SZZL,8-K,2025-04-03,2025-04-01,2025-04-01,0001213900-25-028716,https://www.sec.gov/Archives/edgar/data/2030663/000121390025028716/ea0237009-8k_sizzleacq2.htm,https://www.sec.gov/Archives/edgar/data/2030663/000121390025028716/ea0237009-8k_sizzleacq2.htm,2025-04-01,2025-04-03 17:29:02,https://www.sec.gov/Archives/edgar/data/2030663/0001213900-25-028716-index.html,Item 1.01; Item 3.02; Item 8.01; Item 9.01,Item 1.01; Item 3.02; Item 8.01; Item 9.01,True,True,ea023700901ex99-1_sizzle2.htm; ea023700901ex99-2_sizzle2.htm,ea023700901ex1-1_sizzle2.htm; ea023700901ex10-1_sizzle2.htm; ea023700901ex10-2_sizzle2.htm; ea023700901ex10-3_sizzle2.htm; ea023700901ex10-4_sizzle2.htm; ea023700901ex10-5_sizzle2.htm; ea023700901ex10-6_sizzle2.htm; ea023700901ex10-7_sizzle2.htm,True,ATM,Tier-1,https://www.sec.gov/Archives/edgar/data/2030663/000121390025028716/ea0237009-8k_sizzleacq2.htm,,True,Tier-1,Financing,,True,purchase_agreement;underwriting_agreement;offering,
0001926599,Translational Development Acquisition Corp.,TDAC,8-K,2025-02-14,2025-02-14,2025-02-14,0001104659-25-014086,https://www.sec.gov/Archives/edgar/data/1926599/000110465925014086/tm256739d1_8k.htm,https://www.sec.gov/Archives/edgar/data/1926599/000110465925014086/tm256739d1_8k.htm,2025-02-14,2025-02-14 16:12:43,https://www.sec.gov/Archives/edgar/data/1926599/0001104659-25-014086-index.html,Item 8.01; Item 9.01,Item 8.01; Item 9.01,True,True,tm256739d1_ex99-1.htm,,True,ATM,Tier-1,https://www.sec.gov/Archives/edgar/data/1926599/000110465925014086/tm256739d1_8k.htm,,True,Tier-1,Financing,,True,warrant;offering,
0001926599,Translational Development Acquisition Corp.,TDAC,8-K,2024-12-27,2024-12-20,2024-12-20,0001104659-24-132134,https://www.sec.gov/Archives/edgar/data/1926599/000110465924132134/tm2422367d22_8k.htm,https://www.sec.gov/Archives/edgar/data/1926599/000110465924132134/tm2422367d22_8k.htm,2024-12-20,2024-12-27 16:05:47,https://www.sec.gov/Archives/edgar/data/1926599/0001104659-24-132134-index.html,Item 1.01; Item 3.02; Item 8.01; Item 9.01,Item 1.01; Item 3.02; Item 8.01; Item 9.01,True,True,tm2422367d22_ex99-1.htm; tm2422367d22_ex99-2.htm,tm2422367d22_ex1-1.htm; tm2422367d22_ex10-1.htm; tm2422367d22_ex10-2.htm; tm2422367d22_ex10-3.htm; tm2422367d22_ex10-4.htm; tm2422367d22_ex10-5.htm; tm2422367d22_ex10-6.htm; tm2422367d22_ex10-7.htm,True,ATM,Tier-1,https://www.sec.gov/Archives/edgar/data/1926599/000110465924132134/tm2422367d22_8k.htm,,True,Tier-1,Financing,,True,purchase_agreement;underwriting_agreement;warrant;offering,
0002073340,Talon Capital Corp.,TLNC,8-K,2025-09-12,2025-09-08,2025-09-08,0001213900-25-087276,https://www.sec.gov/Archives/edgar/data/2073340/000121390025087276/ea0256900-8k_talon.htm,https://www.sec.gov/Archives/edgar/data/2073340/000121390025087276/ea0256900-8k_talon.htm,2025-09-08,2025-09-12 17:08:00,https://www.sec.gov/Archives/edgar/data/2073340/0001213900-25-087276-index.html,Item 1.01; Item 3.02; Item 8.01; Item 9.01,Item 1.01; Item 3.02; Item 8.01; Item 9.01,True,True,ea025690003ex99-1_talon.htm; ea025690003ex99-2_talon.htm,ea025690003ex1-1_talon.htm; ea025690003ex10-1_talon.htm; ea025690003ex10-2_talon.htm; ea025690003ex10-3_talon.htm; ea025690003ex10-4_talon.htm; ea025690003ex10-5_talon.htm; ea025690003ex10-6_talon.htm,True,ATM,Tier-1,https://www.sec.gov/Archives/edgar/data/2073340/000121390025087276/ea0256900-8k_talon.htm,,True,Tier-1,Financing,,True,purchase_agreement;underwriting_agreement;warrant;offering,
0001926599,Translational Development Acquisition Corp.,TDAC,8-K,2024-12-31,2024-12-24,2024-12-24,0001104659-24-132921,https://www.sec.gov/Archives/edgar/data/1926599/000110465924132921/tm2432245d1_8k.htm,https://www.sec.gov/Archives/edgar/data/1926599/000110465924132921/tm2432245d1_8k.htm,2024-12-24,2024-12-31 17:17:30,https://www.sec.gov/Archives/edgar/data/1926599/0001104659-24-132921-index.html,Item 8.01; Item 9.01,Item 8.01; Item 9.01,True,True,tm2432245d1_ex99-1.htm,,True,ATM,Tier-1,https://www.sec.gov/Archives/edgar/data/1926599/000110465924132921/tm2432245d1_8k.htm,,True,Tier-1,Financing,,True,underwriting_agreement;subscription_agreement;convertible;warrant;offering,
0002073340,Talon Capital Corp.,TLNC,8-K,2025-09-16,2025-09-10,2025-09-10,0001213900-25-088251,https://www.sec.gov/Archives/edgar/data/2073340/000121390025088251/ea0257330-8k_talon.htm,https://www.sec.gov/Archives/edgar/data/2073340/000121390025088251/ea0257330-8k_talon.htm,2025-09-10,2025-09-16 17:20:12,https://www.sec.gov/Archives/edgar/data/2073340/0001213900-25-088251-index.html,Item 1.01; Item 8.01; Item 9.01,Item 1.01; Item 8.01; Item 9.01,True,True,ea025733001ex99-1_talon.htm,ea025733001ex10-1_talon.htm,True,ATM,Tier-1,https://www.sec.gov/Archives/edgar/data/2073340/000121390025088251/ea0257330-8k_talon.htm,,True,Tier-1,Financing,,True,underwriting_agreement;convertible;warrant;offering,
0001430306,Tonix Pharmaceuticals Holding Corp.,TNXP,8-K,2025-11-24,2025-11-24,2025-11-24,0001999371-25-018430,https://www.sec.gov/Archives/edgar/data/1430306/000199937125018430/tnxp-8k_112425.htm,https://www.sec.gov/Archives/edgar/data/1430306/000199937125018430/tnxp-8k_112425.htm,2025-11-24,2025-11-24 07:06:15,https://www.sec.gov/Archives/edgar/data/1430306/0001999371-25-018430-index.html,Item 7.01; Item 8.01; Item 9.01,Item 7.01; Item 8.01; Item 9.01,True,True,ex99-01.htm,,True,ATM,Tier-1,https://www.sec.gov/Archives/edgar/data/1430306/000199937125018430/tnxp-8k_112425.htm,,True,Tier-1,Financing,,True,warrant,
0001430306,Tonix Pharmaceuticals Holding Corp.,TNXP,8-K,2025-11-21,2025-11-21,2025-11-21,0001999371-25-018392,https://www.sec.gov/Archives/edgar/data/1430306/000199937125018392/tnxp-8k_112125.htm,https://www.sec.gov/Archives/edgar/data/1430306/000199937125018392/tnxp-8k_112125.htm,2025-11-21,2025-11-21 16:48:12,https://www.sec.gov/Archives/edgar/data/1430306/0001999371-25-018392-index.html,Item 1.01; Item 8.01; Item 9.01,Item 1.01; Item 8.01; Item 9.01,False,True,,ex-1.htm,True,ATM,Tier-1,https://www.sec.gov/Archives/edgar/data/1430306/000199937125018392/tnxp-8k_112125.htm,,True,Tier-1,Financing,,True,offering,
0001430306,Tonix Pharmaceuticals Holding Corp.,TNXP,8-K,2025-11-17,2025-11-17,2025-11-17,0001999371-25-017964,https://www.sec.gov/Archives/edgar/data/1430306/000199937125017964/tnxp-8k_111725.htm,https://www.sec.gov/Archives/edgar/data/1430306/000199937125017964/tnxp-8k_111725.htm,2025-11-17,2025-11-17 07:05:34,https://www.sec.gov/Archives/edgar/data/1430306/0001999371-25-017964-index.html,Item 7.01; Item 8.01; Item 9.01,Item 7.01; Item 8.01; Item 9.01,True,True,ex99-01.htm,,True,ATM,Tier-1,https://www.sec.gov/Archives/edgar/data/1430306/000199937125017964/tnxp-8k_111725.htm,,True,Tier-1,Financing,,True,warrant,
0001430306,Tonix Pharmaceuticals Holding Corp.,TNXP,8-K,2025-11-10,2025-11-10,2025-11-10,0001999371-25-017369,https://www.sec.gov/Archives/edgar/data/1430306/000199937125017369/tnxp-8k_111025.htm,https://www.sec.gov/Archives/edgar/data/1430306/000199937125017369/tnxp-8k_111025.htm,2025-11-10,2025-11-10 16:26:47,https://www.sec.gov/Archives/edgar/data/1430306/0001999371-25-017369-index.html,Item 2.02; Item 9.01,Item 2.02; Item 9.01,True,True,ex99-01.htm,,True,ATM,Tier-1,https://www.sec.gov/Archives/edgar/data/1430306/000199937125017369/tnxp-8k_111025.htm,,True,Tier-1,Financing,,True,warrant;offering,
0001430306,Tonix Pharmaceuticals Holding Corp.,TNXP,8-K,2025-10-27,2025-10-27,2025-10-27,0001999371-25-016108,https://www.sec.gov/Archives/edgar/data/1430306/000199937125016108/tnxp_8k-102725.htm,https://www.sec.gov/Archives/edgar/data/1430306/000199937125016108/tnxp_8k-102725.htm,2025-10-27,2025-10-27 07:00:38,https://www.sec.gov/Archives/edgar/data/1430306/0001999371-25-016108-index.html,Item 2.02; Item 8.01,Item 2.02; Item 8.01,False,True,,,True,ATM,Tier-1,https://www.sec.gov/Archives/edgar/data/1430306/000199937125016108/tnxp_8k-102725.htm,,True,Tier-1,Financing,,True,offering,
0001430306,Tonix Pharmaceuticals Holding Corp.,TNXP,8-K,2025-10-22,2025-10-22,2025-10-22,0001999371-25-015796,https://www.sec.gov/Archives/edgar/data/1430306/000199937125015796/tnxp_8k-102225.htm,https://www.sec.gov/Archives/edgar/data/1430306/000199937125015796/tnxp_8k-102225.htm,2025-10-22,2025-10-22 07:05:37,https://www.sec.gov/Archives/edgar/data/1430306/0001999371-25-015796-index.html,Item 7.01; Item 8.01; Item 9.01,Item 7.01; Item 8.01; Item 9.01,True,True,ex99-1.htm,,True,ATM,Tier-1,https://www.sec.gov/Archives/edgar/data/1430306/000199937125015796/tnxp_8k-102225.htm,,True,Tier-1,Financing,,True,warrant,
0001430306,Tonix Pharmaceuticals Holding Corp.,TNXP,8-K,2025-09-30,2025-09-30,2025-09-30,0001999371-25-014216,https://www.sec.gov/Archives/edgar/data/1430306/000199937125014216/tnxp-8k_093025.htm,https://www.sec.gov/Archives/edgar/data/1430306/000199937125014216/tnxp-8k_093025.htm,2025-09-30,2025-09-30 08:36:03,https://www.sec.gov/Archives/edgar/data/1430306/0001999371-25-014216-index.html,Item 7.01; Item 8.01; Item 9.01,Item 7.01; Item 8.01; Item 9.01,True,True,ex99-01.htm,,True,ATM,Tier-1,https://www.sec.gov/Archives/edgar/data/1430306/000199937125014216/tnxp-8k_093025.htm,,True,Tier-1,Financing,,True,warrant,
0001430306,Tonix Pharmaceuticals Holding Corp.,TNXP,8-K,2025-09-29,2025-09-29,2025-09-29,0001999371-25-014108,https://www.sec.gov/Archives/edgar/data/1430306/000199937125014108/tnxp-8k_092925.htm,https://www.sec.gov/Archives/edgar/data/1430306/000199937125014108/tnxp-8k_092925.htm,2025-09-29,2025-09-29 08:24:51,https://www.sec.gov/Archives/edgar/data/1430306/0001999371-25-014108-index.html,Item 7.01; Item 8.01; Item 9.01,Item 7.01; Item 8.01; Item 9.01,True,True,ex99-01.htm; ex99-02.htm,,True,ATM,Tier-1,https://www.sec.gov/Archives/edgar/data/1430306/000199937125014108/tnxp-8k_092925.htm,,True,Tier-1,Financing,,True,warrant,
0001430306,Tonix Pharmaceuticals Holding Corp.,TNXP,8-K,2025-10-07,2025-10-07,2025-10-07,0001999371-25-014776,https://www.sec.gov/Archives/edgar/data/1430306/000199937125014776/tnxp-8k_100725.htm,https://www.sec.gov/Archives/edgar/data/1430306/000199937125014776/tnxp-8k_100725.htm,2025-10-07,2025-10-07 08:30:31,https://www.sec.gov/Archives/edgar/data/1430306/0001999371-25-014776-index.html,Item 7.01; Item 8.01; Item 9.01,Item 7.01; Item 8.01; Item 9.01,True,True,ex99-01.htm,,True,ATM,Tier-1,https://www.sec.gov/Archives/edgar/data/1430306/000199937125014776/tnxp-8k_100725.htm,,True,Tier-1,Financing,,True,warrant,
0001858848,"Tenaya Therapeutics, Inc.",TNYA,8-K,2025-11-10,2025-11-10,2025-11-10,0001193125-25-273230,https://www.sec.gov/Archives/edgar/data/1858848/000119312525273230/tnya-20251110.htm,https://www.sec.gov/Archives/edgar/data/1858848/000119312525273230/tnya-20251110.htm,2025-11-10,2025-11-10 07:07:11,https://www.sec.gov/Archives/edgar/data/1858848/0001193125-25-273230-index.html,Item 2.02; Item 9.01,Item 2.02; Item 9.01,True,True,tnya-ex99_1.htm,,True,ATM,Tier-1,https://www.sec.gov/Archives/edgar/data/1858848/000119312525273230/tnya-20251110.htm,,True,Tier-2,,,False,,
0001858848,"Tenaya Therapeutics, Inc.",TNYA,8-K,2025-08-06,2025-08-06,2025-08-06,0000950170-25-104164,https://www.sec.gov/Archives/edgar/data/1858848/000095017025104164/tnya-20250806.htm,https://www.sec.gov/Archives/edgar/data/1858848/000095017025104164/tnya-20250806.htm,2025-08-06,2025-08-06 16:41:24,https://www.sec.gov/Archives/edgar/data/1858848/0000950170-25-104164-index.html,Item 2.02; Item 9.01,Item 2.02; Item 9.01,True,True,tnya-ex99_1.htm,,True,ATM,Tier-1,https://www.sec.gov/Archives/edgar/data/1858848/000095017025104164/tnya-20250806.htm,,True,Tier-2,,,False,,
0001858848,"Tenaya Therapeutics, Inc.",TNYA,8-K,2025-05-07,2025-05-07,2025-05-07,0000950170-25-065703,https://www.sec.gov/Archives/edgar/data/1858848/000095017025065703/tnya-20250507.htm,https://www.sec.gov/Archives/edgar/data/1858848/000095017025065703/tnya-20250507.htm,2025-05-07,2025-05-07 16:18:33,https://www.sec.gov/Archives/edgar/data/1858848/0000950170-25-065703-index.html,Item 2.02; Item 9.01,Item 2.02; Item 9.01,True,True,tnya-ex99_1.htm,,True,ATM,Tier-1,https://www.sec.gov/Archives/edgar/data/1858848/000095017025065703/tnya-20250507.htm,,True,Tier-1,Financing,,True,warrant;offering,
0001858848,"Tenaya Therapeutics, Inc.",TNYA,8-K,2025-03-10,2025-03-10,2025-03-10,0000950170-25-036296,https://www.sec.gov/Archives/edgar/data/1858848/000095017025036296/tnya-20250310.htm,https://www.sec.gov/Archives/edgar/data/1858848/000095017025036296/tnya-20250310.htm,2025-03-10,2025-03-10 16:13:23,https://www.sec.gov/Archives/edgar/data/1858848/0000950170-25-036296-index.html,Item 2.02; Item 9.01,Item 2.02; Item 9.01,True,True,tnya-ex99_1.htm,,True,ATM,Tier-1,https://www.sec.gov/Archives/edgar/data/1858848/000095017025036296/tnya-20250310.htm,,True,Tier-1,Financing,,True,warrant;offering,
0001858848,"Tenaya Therapeutics, Inc.",TNYA,8-K,2025-03-04,2025-03-03,2025-03-03,0001193125-25-045628,https://www.sec.gov/Archives/edgar/data/1858848/000119312525045628/d878268d8k.htm,https://www.sec.gov/Archives/edgar/data/1858848/000119312525045628/d878268d8k.htm,2025-03-03,2025-03-04 16:28:04,https://www.sec.gov/Archives/edgar/data/1858848/0001193125-25-045628-index.html,Item 1.01; Item 7.01; Item 8.01; Item 9.01,Item 1.01; Item 7.01; Item 8.01; Item 9.01,True,True,d878268dex991.htm,d878268dex11.htm,True,ATM,Tier-1,https://www.sec.gov/Archives/edgar/data/1858848/000119312525045628/d878268d8k.htm,,True,Tier-1,Financing,,True,underwriting_agreement;warrant;offering,
0001580345,TriplePoint Venture Growth BDC Corp.,TPVG,8-K,2025-11-05,2025-11-05,2025-11-05,0001580345-25-000031,https://www.sec.gov/Archives/edgar/data/1580345/000158034525000031/tvpg-20251105.htm,https://www.sec.gov/Archives/edgar/data/1580345/000158034525000031/tvpg-20251105.htm,2025-11-05,2025-11-05 16:23:51,https://www.sec.gov/Archives/edgar/data/1580345/0001580345-25-000031-index.html,Item 2.02; Item 7.01; Item 9.01,Item 2.02; Item 7.01; Item 9.01,True,True,tpvgq32025earningsrelease.htm,,True,ATM,Tier-1,https://www.sec.gov/Archives/edgar/data/1580345/000158034525000031/tvpg-20251105.htm,,True,Tier-1,Financing,,True,warrant;offering,
0001580345,TriplePoint Venture Growth BDC Corp.,TPVG,8-K,2025-10-14,2025-10-14,2025-10-14,0001580345-25-000028,https://www.sec.gov/Archives/edgar/data/1580345/000158034525000028/tvpg-20251014.htm,https://www.sec.gov/Archives/edgar/data/1580345/000158034525000028/tvpg-20251014.htm,2025-10-14,2025-10-14 17:18:03,https://www.sec.gov/Archives/edgar/data/1580345/0001580345-25-000028-index.html,Item 7.01; Item 8.01; Item 9.01,Item 7.01; Item 8.01; Item 9.01,True,True,tpvgpressreleasedated101425.htm,,True,ATM,Tier-1,https://www.sec.gov/Archives/edgar/data/1580345/000158034525000028/tvpg-20251014.htm,,True,Tier-1,Financing,,True,warrant,
0001580345,TriplePoint Venture Growth BDC Corp.,TPVG,8-K,2025-08-06,2025-08-06,2025-08-06,0001580345-25-000023,https://www.sec.gov/Archives/edgar/data/1580345/000158034525000023/tvpg-20250806.htm,https://www.sec.gov/Archives/edgar/data/1580345/000158034525000023/tvpg-20250806.htm,2025-08-06,2025-08-06 16:21:20,https://www.sec.gov/Archives/edgar/data/1580345/0001580345-25-000023-index.html,Item 2.02; Item 7.01; Item 9.01,Item 2.02; Item 7.01; Item 9.01,True,True,tpvgq22025earningsrelease.htm,,True,ATM,Tier-1,https://www.sec.gov/Archives/edgar/data/1580345/000158034525000023/tvpg-20250806.htm,,True,Tier-1,Financing,,True,warrant;offering,
0001580345,TriplePoint Venture Growth BDC Corp.,TPVG,8-K,2025-05-07,2025-05-07,2025-05-07,0001580345-25-000017,https://www.sec.gov/Archives/edgar/data/1580345/000158034525000017/tvpg-20250507.htm,https://www.sec.gov/Archives/edgar/data/1580345/000158034525000017/tvpg-20250507.htm,2025-05-07,2025-05-07 16:21:32,https://www.sec.gov/Archives/edgar/data/1580345/0001580345-25-000017-index.html,Item 2.02; Item 7.01; Item 9.01,Item 2.02; Item 7.01; Item 9.01,True,True,tpvgq12025earningsrelease.htm,,True,ATM,Tier-1,https://www.sec.gov/Archives/edgar/data/1580345/000158034525000017/tvpg-20250507.htm,,True,Tier-1,Financing,,True,warrant;offering,
0001580345,TriplePoint Venture Growth BDC Corp.,TPVG,8-K,2025-01-29,2025-01-23,2025-01-23,0001213900-25-007884,https://www.sec.gov/Archives/edgar/data/1580345/000121390025007884/ea0228873-8k_triple.htm,https://www.sec.gov/Archives/edgar/data/1580345/000121390025007884/ea0228873-8k_triple.htm,2025-01-23,2025-01-29 16:25:57,https://www.sec.gov/Archives/edgar/data/1580345/0001213900-25-007884-index.html,Item 1.01; Item 2.03; Item 7.01; Item 9.01,Item 1.01; Item 2.03; Item 7.01; Item 9.01,True,True,ea022887301ex99-1_triple.htm,ea022887301ex10-1_triple.htm,True,ATM,Tier-1,https://www.sec.gov/Archives/edgar/data/1580345/000121390025007884/ea0228873-8k_triple.htm,,True,Tier-1,Financing,,True,purchase_agreement;warrant;offering,
0001580345,TriplePoint Venture Growth BDC Corp.,TPVG,8-K,2024-12-18,2024-12-13,2024-12-13,0001580345-24-000050,https://www.sec.gov/Archives/edgar/data/1580345/000158034524000050/tvpg-20241213.htm,https://www.sec.gov/Archives/edgar/data/1580345/000158034524000050/tvpg-20241213.htm,2024-12-13,2024-12-18 16:19:10,https://www.sec.gov/Archives/edgar/data/1580345/0001580345-24-000050-index.html,Item 5.02; Item 7.01; Item 9.01,Item 5.02; Item 7.01; Item 9.01,True,True,pressreleasedateddecember1.htm,,True,ATM,Tier-1,https://www.sec.gov/Archives/edgar/data/1580345/000158034524000050/tvpg-20241213.htm,,True,Tier-1,Financing,,True,warrant,
0001580345,TriplePoint Venture Growth BDC Corp.,TPVG,8-K,2025-03-05,2025-03-05,2025-03-05,0001580345-25-000003,https://www.sec.gov/Archives/edgar/data/1580345/000158034525000003/tvpg-20250305.htm,https://www.sec.gov/Archives/edgar/data/1580345/000158034525000003/tvpg-20250305.htm,2025-03-05,2025-03-05 16:29:08,https://www.sec.gov/Archives/edgar/data/1580345/0001580345-25-000003-index.html,Item 2.02; Item 7.01; Item 9.01,Item 2.02; Item 7.01; Item 9.01,True,True,tpvgq42024earningsrelease.htm,,True,ATM,Tier-1,https://www.sec.gov/Archives/edgar/data/1580345/000158034525000003/tvpg-20250305.htm,,True,Tier-1,Financing,,True,warrant;offering,
0001320760,"TSS, Inc.",TSSI,8-K,2025-08-15,2025-08-12,2025-08-12,0001654954-25-009676,https://www.sec.gov/Archives/edgar/data/1320760/000165495425009676/tssi_8k.htm,https://www.sec.gov/Archives/edgar/data/1320760/000165495425009676/tssi_8k.htm,2025-08-12,2025-08-14 20:47:47,https://www.sec.gov/Archives/edgar/data/1320760/0001654954-25-009676-index.html,Item 1.01; Item 8.01; Item 9.01,Item 1.01; Item 8.01; Item 9.01,True,True,tssi_ex991.htm; tssi_ex992.htm; tssi_ex993.htm,tssi_ex11.htm,True,ATM,Tier-1,https://www.sec.gov/Archives/edgar/data/1320760/000165495425009676/tssi_8k.htm,,True,Tier-1,Financing,,True,underwriting_agreement;warrant;offering,
0001320760,"TSS, Inc.",TSSI,8-K,2025-11-13,2025-11-11,2025-11-11,0001654954-25-012990,https://www.sec.gov/Archives/edgar/data/1320760/000165495425012990/tssi_8k.htm,https://www.sec.gov/Archives/edgar/data/1320760/000165495425012990/tssi_8k.htm,2025-11-11,2025-11-13 16:17:39,https://www.sec.gov/Archives/edgar/data/1320760/0001654954-25-012990-index.html,Item 2.02; Item 5.02; Item 8.01; Item 9.01,Item 2.02; Item 5.02; Item 8.01; Item 9.01,True,True,tssi_ex991.htm; tssi_ex992.htm,,True,ATM,Tier-1,https://www.sec.gov/Archives/edgar/data/1320760/000165495425012990/tssi_8k.htm,,True,Tier-1,Financing,,True,offering,
0001580345,TriplePoint Venture Growth BDC Corp.,TPVG,8-K,2024-11-06,2024-11-06,2024-11-06,0001580345-24-000046,https://www.sec.gov/Archives/edgar/data/1580345/000158034524000046/tvpg-20241106.htm,https://www.sec.gov/Archives/edgar/data/1580345/000158034524000046/tvpg-20241106.htm,2024-11-06,2024-11-06 16:23:07,https://www.sec.gov/Archives/edgar/data/1580345/0001580345-24-000046-index.html,Item 2.02; Item 7.01; Item 9.01,Item 2.02; Item 7.01; Item 9.01,True,True,tpvgq32024earningsrelease.htm,,True,ATM,Tier-1,https://www.sec.gov/Archives/edgar/data/1580345/000158034524000046/tvpg-20241106.htm,,True,Tier-1,Financing,,True,warrant;offering,
0001320760,"TSS, Inc.",TSSI,8-K,2025-08-06,2025-08-06,2025-08-06,0001654954-25-009129,https://www.sec.gov/Archives/edgar/data/1320760/000165495425009129/tssi_8k.htm,https://www.sec.gov/Archives/edgar/data/1320760/000165495425009129/tssi_8k.htm,2025-08-06,2025-08-06 16:02:02,https://www.sec.gov/Archives/edgar/data/1320760/0001654954-25-009129-index.html,Item 2.02; Item 9.01,Item 2.02; Item 9.01,True,True,tssi_ex991.htm,,True,GuidanceUp,Tier-1,https://www.sec.gov/Archives/edgar/data/1320760/000165495425009129/tssi_8k.htm,,True,Tier-2,,,False,,
0001320760,"TSS, Inc.",TSSI,8-K,2025-01-07,2024-12-31,2024-12-31,0001654954-25-000152,https://www.sec.gov/Archives/edgar/data/1320760/000165495425000152/tssi_8k.htm,https://www.sec.gov/Archives/edgar/data/1320760/000165495425000152/tssi_8k.htm,2024-12-31,2025-01-07 09:27:30,https://www.sec.gov/Archives/edgar/data/1320760/0001654954-25-000152-index.html,Item 1.01; Item 2.03; Item 7.01; Item 8.01; Item 9.01,Item 1.01; Item 2.03; Item 7.01; Item 8.01; Item 9.01,True,True,tssi_ex991.htm,tssi_ex101.htm; tssi_ex102.htm; tssi_ex103.htm,True,ATM,Tier-1,https://www.sec.gov/Archives/edgar/data/1320760/000165495425000152/tssi_8k.htm,,True,Tier-1,Financing,,True,warrant;offering,
0001320760,"TSS, Inc.",TSSI,8-K,2025-05-15,2025-05-15,2025-05-15,0001654954-25-005741,https://www.sec.gov/Archives/edgar/data/1320760/000165495425005741/tssi_8k.htm,https://www.sec.gov/Archives/edgar/data/1320760/000165495425005741/tssi_8k.htm,2025-05-15,2025-05-15 16:01:15,https://www.sec.gov/Archives/edgar/data/1320760/0001654954-25-005741-index.html,Item 2.02; Item 9.01,Item 2.02; Item 9.01,True,True,tssi_ex991.htm,,True,GuidanceUp,Tier-1,https://www.sec.gov/Archives/edgar/data/1320760/000165495425005741/tssi_8k.htm,,True,Tier-2,,,False,,
0001320760,"TSS, Inc.",TSSI,8-K,2025-03-27,2025-03-27,2025-03-27,0001654954-25-003424,https://www.sec.gov/Archives/edgar/data/1320760/000165495425003424/tssi_8k.htm,https://www.sec.gov/Archives/edgar/data/1320760/000165495425003424/tssi_8k.htm,2025-03-27,2025-03-27 16:04:00,https://www.sec.gov/Archives/edgar/data/1320760/0001654954-25-003424-index.html,Item 2.02; Item 9.01,Item 2.02; Item 9.01,True,True,tssi_ex991.htm,,True,GuidanceUp,Tier-1,https://www.sec.gov/Archives/edgar/data/1320760/000165495425003424/tssi_8k.htm,,True,Tier-2,,,False,,
0001552800,"TILE SHOP HOLDINGS, INC.",TTSH,8-K,2025-10-06,2025-10-03,2025-10-03,0001140361-25-037389,https://www.sec.gov/Archives/edgar/data/1552800/000114036125037389/ef20056715_8k.htm,https://www.sec.gov/Archives/edgar/data/1552800/000114036125037389/ef20056715_8k.htm,2025-10-03,2025-10-06 17:05:30,https://www.sec.gov/Archives/edgar/data/1552800/0001140361-25-037389-index.html,Item 8.01; Item 9.01,Item 8.01; Item 9.01,True,True,ef20056715_ex99-1.htm,,True,FDA,Tier-1,https://www.sec.gov/Archives/edgar/data/1552800/000114036125037389/ef20056715_8k.htm,,True,Tier-2,,,False,,
0001320760,"TSS, Inc.",TSSI,8-K,2024-11-14,2024-11-14,2024-11-14,0001437749-24-035296,https://www.sec.gov/Archives/edgar/data/1320760/000143774924035296/tssi20241114_8k.htm,https://www.sec.gov/Archives/edgar/data/1320760/000143774924035296/tssi20241114_8k.htm,2024-11-14,2024-11-14 16:05:22,https://www.sec.gov/Archives/edgar/data/1320760/0001437749-24-035296-index.html,Item 2.02; Item 9.01,Item 2.02; Item 9.01,True,True,ex_748277.htm,,True,GuidanceUp,Tier-1,https://www.sec.gov/Archives/edgar/data/1320760/000143774924035296/tssi20241114_8k.htm,,True,Tier-2,,,False,,
0001552800,"TILE SHOP HOLDINGS, INC.",TTSH,8-K,2025-11-04,2025-11-04,2025-11-04,0001104659-25-106293,https://www.sec.gov/Archives/edgar/data/1552800/000110465925106293/tm2530077d1_8k.htm,https://www.sec.gov/Archives/edgar/data/1552800/000110465925106293/tm2530077d1_8k.htm,2025-11-04,2025-11-04 16:15:56,https://www.sec.gov/Archives/edgar/data/1552800/0001104659-25-106293-index.html,Item 2.02; Item 9.01,Item 2.02; Item 9.01,True,True,tm2530077d1_ex99-1.htm,,True,FDA,Tier-1,https://www.sec.gov/Archives/edgar/data/1552800/000110465925106293/tm2530077d1_8k.htm,,True,Tier-2,,,False,,
0001552800,"TILE SHOP HOLDINGS, INC.",TTSH,8-K,2025-08-07,2025-08-07,2025-08-07,0001104659-25-074980,https://www.sec.gov/Archives/edgar/data/1552800/000110465925074980/tm2521329d1_8k.htm,https://www.sec.gov/Archives/edgar/data/1552800/000110465925074980/tm2521329d1_8k.htm,2025-08-07,2025-08-07 07:30:49,https://www.sec.gov/Archives/edgar/data/1552800/0001104659-25-074980-index.html,Item 2.02; Item 9.01,Item 2.02; Item 9.01,True,True,tm2521329d1_ex99-1.htm,,True,ContractAward,Tier-1,https://www.sec.gov/Archives/edgar/data/1552800/000110465925074980/tm2521329d1_8k.htm,,True,Tier-2,,,False,,
0001552800,"TILE SHOP HOLDINGS, INC.",TTSH,8-K,2025-05-08,2025-05-08,2025-05-08,0001104659-25-045884,https://www.sec.gov/Archives/edgar/data/1552800/000110465925045884/tm2514327d1_8k.htm,https://www.sec.gov/Archives/edgar/data/1552800/000110465925045884/tm2514327d1_8k.htm,2025-05-08,2025-05-08 07:30:28,https://www.sec.gov/Archives/edgar/data/1552800/0001104659-25-045884-index.html,Item 2.02; Item 9.01,Item 2.02; Item 9.01,True,True,tm2514327d1_ex99-1.htm,,True,ContractAward,Tier-1,https://www.sec.gov/Archives/edgar/data/1552800/000110465925045884/tm2514327d1_8k.htm,,True,Tier-2,,,False,,
0002033991,Texas Ventures Acquisition III Corp,TVA,8-K,2025-09-24,2025-09-18,2025-09-18,0001104659-25-092948,https://www.sec.gov/Archives/edgar/data/2033991/000110465925092948/tm2526796d1_8k.htm,https://www.sec.gov/Archives/edgar/data/2033991/000110465925092948/tm2526796d1_8k.htm,2025-09-18,2025-09-24 16:10:38,https://www.sec.gov/Archives/edgar/data/2033991/0001104659-25-092948-index.html,Item 1.01; Item 1.02; Item 5.01; Item 5.02; Item 9.01,Item 1.01; Item 1.02; Item 5.01; Item 5.02; Item 9.01,False,True,,tm2526796d1_ex10-1.htm; tm2526796d1_ex10-2.htm; tm2526796d1_ex10-3.htm,True,Financing,Tier-1,https://www.sec.gov/Archives/edgar/data/2033991/000110465925092948/tm2526796d1_8k.htm,,True,Tier-1,Financing,,True,purchase_agreement,
0001552800,"TILE SHOP HOLDINGS, INC.",TTSH,8-K,2025-02-27,2025-02-25,2025-02-25,0001104659-25-017787,https://www.sec.gov/Archives/edgar/data/1552800/000110465925017787/tm256891d1_8k.htm,https://www.sec.gov/Archives/edgar/data/1552800/000110465925017787/tm256891d1_8k.htm,2025-02-25,2025-02-27 07:30:18,https://www.sec.gov/Archives/edgar/data/1552800/0001104659-25-017787-index.html,Item 2.02; Item 5.02; Item 9.01,Item 2.02; Item 5.02; Item 9.01,True,True,tm256891d1_ex99-1.htm,tm256891d1_ex10-1.htm,True,ContractAward,Tier-1,https://www.sec.gov/Archives/edgar/data/1552800/000110465925017787/tm256891d1_8k.htm,,True,Tier-2,,,False,,
0002033991,Texas Ventures Acquisition III Corp,TVA,8-K,2025-05-14,2025-05-14,2025-05-14,0001213900-25-043431,https://www.sec.gov/Archives/edgar/data/2033991/000121390025043431/ea0242177-8k_texas3.htm,https://www.sec.gov/Archives/edgar/data/2033991/000121390025043431/ea0242177-8k_texas3.htm,2025-05-14,2025-05-14 17:22:31,https://www.sec.gov/Archives/edgar/data/2033991/0001213900-25-043431-index.html,Item 8.01; Item 9.01,Item 8.01; Item 9.01,True,True,ea024217701ex99-1_texas3.htm,,True,ATM,Tier-1,https://www.sec.gov/Archives/edgar/data/2033991/000121390025043431/ea0242177-8k_texas3.htm,,True,Tier-1,Financing,,True,warrant;offering,
0001552800,"TILE SHOP HOLDINGS, INC.",TTSH,8-K,2024-11-07,2024-11-07,2024-11-07,0001104659-24-115067,https://www.sec.gov/Archives/edgar/data/1552800/000110465924115067/tm2426893d1_8k.htm,https://www.sec.gov/Archives/edgar/data/1552800/000110465924115067/tm2426893d1_8k.htm,2024-11-07,2024-11-07 07:30:15,https://www.sec.gov/Archives/edgar/data/1552800/0001104659-24-115067-index.html,Item 2.02; Item 9.01,Item 2.02; Item 9.01,True,True,tm2426893d1_ex99-1.htm,,True,ContractAward,Tier-1,https://www.sec.gov/Archives/edgar/data/1552800/000110465924115067/tm2426893d1_8k.htm,,True,Tier-2,,,False,,
0001346830,"Tvardi Therapeutics, Inc.",TVRD,8-K,2025-11-19,2025-11-19,2025-11-19,0001104659-25-113901,https://www.sec.gov/Archives/edgar/data/1346830/000110465925113901/tm2531635d1_8k.htm,https://www.sec.gov/Archives/edgar/data/1346830/000110465925113901/tm2531635d1_8k.htm,2025-11-19,2025-11-19 06:44:08,https://www.sec.gov/Archives/edgar/data/1346830/0001104659-25-113901-index.html,Item 7.01; Item 9.01,Item 7.01; Item 9.01,True,True,tm2531635d1_ex99-1.htm,,True,ATM,Tier-1,https://www.sec.gov/Archives/edgar/data/1346830/000110465925113901/tm2531635d1_8k.htm,,True,Tier-2,,,False,,
0002033991,Texas Ventures Acquisition III Corp,TVA,8-K,2025-04-28,2025-04-22,2025-04-22,0001213900-25-036074,https://www.sec.gov/Archives/edgar/data/2033991/000121390025036074/ea0239616-8k_texas3.htm,https://www.sec.gov/Archives/edgar/data/2033991/000121390025036074/ea0239616-8k_texas3.htm,2025-04-22,2025-04-28 16:10:12,https://www.sec.gov/Archives/edgar/data/2033991/0001213900-25-036074-index.html,Item 1.01; Item 3.02; Item 8.01; Item 9.01,Item 1.01; Item 3.02; Item 8.01; Item 9.01,True,True,ea023961601ex99-1_texas3.htm; ea023961601ex99-2_texas3.htm,ea023961601ex1-1_texas3.htm; ea023961601ex10-1_texas3.htm; ea023961601ex10-2_texas3.htm; ea023961601ex10-3_texas3.htm; ea023961601ex10-4_texas3.htm; ea023961601ex10-5_texas3.htm; ea023961601ex10-6_texas3.htm; ea023961601ex10-7_texas3.htm,True,ATM,Tier-1,https://www.sec.gov/Archives/edgar/data/2033991/000121390025036074/ea0239616-8k_texas3.htm,,True,Tier-1,Financing,,True,purchase_agreement;underwriting_agreement;warrant;offering,
0002033991,Texas Ventures Acquisition III Corp,TVA,8-K,2025-05-01,2025-04-24,2025-04-24,0001213900-25-038447,https://www.sec.gov/Archives/edgar/data/2033991/000121390025038447/ea0239850-8k_texas3.htm,https://www.sec.gov/Archives/edgar/data/2033991/000121390025038447/ea0239850-8k_texas3.htm,2025-04-24,2025-05-01 16:10:30,https://www.sec.gov/Archives/edgar/data/2033991/0001213900-25-038447-index.html,Item 8.01; Item 9.01,Item 8.01; Item 9.01,True,True,ea023985001ex99-1_texas3.htm,,True,ATM,Tier-1,https://www.sec.gov/Archives/edgar/data/2033991/000121390025038447/ea0239850-8k_texas3.htm,,True,Tier-1,Financing,,True,underwriting_agreement;convertible;warrant;offering,
0001346830,"Tvardi Therapeutics, Inc.",TVRD,8-K,2025-11-13,2025-11-13,2025-11-13,0001104659-25-111310,https://www.sec.gov/Archives/edgar/data/1346830/000110465925111310/tm2531079d1_8k.htm,https://www.sec.gov/Archives/edgar/data/1346830/000110465925111310/tm2531079d1_8k.htm,2025-11-13,2025-11-13 16:14:36,https://www.sec.gov/Archives/edgar/data/1346830/0001104659-25-111310-index.html,Item 2.02; Item 9.01,Item 2.02; Item 9.01,True,True,tm2531079d1_ex99-1.htm,,True,ATM,Tier-1,https://www.sec.gov/Archives/edgar/data/1346830/000110465925111310/tm2531079d1_8k.htm,,True,Tier-1,Financing,,True,convertible;offering,
0001346830,"Tvardi Therapeutics, Inc.",TVRD,8-K,2025-10-14,2025-10-13,2025-10-13,0001104659-25-098908,https://www.sec.gov/Archives/edgar/data/1346830/000110465925098908/tm2528638d1_8k.htm,https://www.sec.gov/Archives/edgar/data/1346830/000110465925098908/tm2528638d1_8k.htm,2025-10-13,2025-10-14 06:11:33,https://www.sec.gov/Archives/edgar/data/1346830/0001104659-25-098908-index.html,Item 8.01; Item 9.01,Item 8.01; Item 9.01,True,True,tm2528638d1_ex99-1.htm,,True,ATM,Tier-1,https://www.sec.gov/Archives/edgar/data/1346830/000110465925098908/tm2528638d1_8k.htm,,True,Tier-2,,,False,,
0001346830,"Tvardi Therapeutics, Inc.",TVRD,8-K,2025-08-14,2025-08-14,2025-08-14,0001104659-25-078665,https://www.sec.gov/Archives/edgar/data/1346830/000110465925078665/tm2523431d1_8k.htm,https://www.sec.gov/Archives/edgar/data/1346830/000110465925078665/tm2523431d1_8k.htm,2025-08-14,2025-08-14 16:31:59,https://www.sec.gov/Archives/edgar/data/1346830/0001104659-25-078665-index.html,Item 2.02; Item 9.01,Item 2.02; Item 9.01,True,True,tm2523431d1_ex99-1.htm,,True,ATM,Tier-1,https://www.sec.gov/Archives/edgar/data/1346830/000110465925078665/tm2523431d1_8k.htm,,True,Tier-1,Financing,,True,convertible;offering,
0001346830,"Tvardi Therapeutics, Inc.",TVRD,8-K,2025-05-27,2025-05-27,2025-05-27,0001104659-25-052733,https://www.sec.gov/Archives/edgar/data/1346830/000110465925052733/tm2516173d1_8k.htm,https://www.sec.gov/Archives/edgar/data/1346830/000110465925052733/tm2516173d1_8k.htm,2025-05-27,2025-05-27 08:09:23,https://www.sec.gov/Archives/edgar/data/1346830/0001104659-25-052733-index.html,Item 7.01; Item 9.01,Item 7.01; Item 9.01,True,True,tm2516173d1_ex99-1.htm,,True,FDA,Tier-1,https://www.sec.gov/Archives/edgar/data/1346830/000110465925052733/tm2516173d1_8k.htm,,True,Tier-2,,,False,,
0001346830,"Tvardi Therapeutics, Inc.",TVRD,8-K,2025-05-13,2025-05-12,2025-05-12,0001104659-25-047856,https://www.sec.gov/Archives/edgar/data/1346830/000110465925047856/tm2514879d1_8k.htm,https://www.sec.gov/Archives/edgar/data/1346830/000110465925047856/tm2514879d1_8k.htm,2025-05-12,2025-05-13 16:26:54,https://www.sec.gov/Archives/edgar/data/1346830/0001104659-25-047856-index.html,Item 2.02; Item 4.01; Item 9.01,Item 2.02; Item 4.01; Item 9.01,True,True,tm2514879d1_ex99-1.htm,tm2514879d1_ex16-1.htm,True,ATM,Tier-1,https://www.sec.gov/Archives/edgar/data/1346830/000110465925047856/tm2514879d1_8k.htm,,True,Tier-2,,,False,,
0001346830,"Tvardi Therapeutics, Inc.",TVRD,8-K,2025-06-09,2025-06-06,2025-06-06,0001104659-25-057524,https://www.sec.gov/Archives/edgar/data/1346830/000110465925057524/tm2517442d1_8k.htm,https://www.sec.gov/Archives/edgar/data/1346830/000110465925057524/tm2517442d1_8k.htm,2025-06-06,2025-06-09 06:05:53,https://www.sec.gov/Archives/edgar/data/1346830/0001104659-25-057524-index.html,Item 8.01; Item 9.01,Item 8.01; Item 9.01,True,True,tm2517442d1_ex99-1.htm,,True,ATM,Tier-1,https://www.sec.gov/Archives/edgar/data/1346830/000110465925057524/tm2517442d1_8k.htm,,True,Tier-2,,,False,,
0001346830,"Cara Therapeutics, Inc.",TVRD,8-K,2025-04-11,2025-04-11,2025-04-11,0001104659-25-034220,https://www.sec.gov/Archives/edgar/data/1346830/000110465925034220/tm2512145d1_8k.htm,https://www.sec.gov/Archives/edgar/data/1346830/000110465925034220/tm2512145d1_8k.htm,2025-04-11,2025-04-11 16:16:03,https://www.sec.gov/Archives/edgar/data/1346830/0001104659-25-034220-index.html,Item 7.01; Item 9.01,Item 7.01; Item 9.01,True,True,tm2512145d1_ex99-1.htm,,True,ATM,Tier-1,https://www.sec.gov/Archives/edgar/data/1346830/000110465925034220/tm2512145d1_8k.htm,,True,Tier-1,Financing,,True,convertible,
0000008504,AgEagle Aerial Systems Inc.,UAVS,8-K,2025-11-17,2025-11-17,2025-11-17,0001493152-25-023782,https://www.sec.gov/Archives/edgar/data/8504/000149315225023782/form8-k.htm,https://www.sec.gov/Archives/edgar/data/8504/000149315225023782/form8-k.htm,2025-11-17,2025-11-17 08:50:22,https://www.sec.gov/Archives/edgar/data/8504/0001493152-25-023782-index.html,Item 2.02; Item 9.01,Item 2.02; Item 9.01,True,True,ex99-1.htm,,True,ATM,Tier-1,https://www.sec.gov/Archives/edgar/data/8504/000149315225023782/form8-k.htm,,True,Tier-1,Financing,,True,warrant,
0000008504,AgEagle Aerial Systems Inc.,UAVS,8-K,2025-11-10,2025-11-07,2025-11-07,0001493152-25-021557,https://www.sec.gov/Archives/edgar/data/8504/000149315225021557/form8-k.htm,https://www.sec.gov/Archives/edgar/data/8504/000149315225021557/form8-k.htm,2025-11-07,2025-11-10 17:10:23,https://www.sec.gov/Archives/edgar/data/8504/0001493152-25-021557-index.html,Item 1.01; Item 3.03; Item 5.03; Item 8.01,Item 1.01; Item 3.03; Item 5.03; Item 8.01,False,True,,,True,ATM,Tier-1,https://www.sec.gov/Archives/edgar/data/8504/000149315225021557/form8-k.htm,,True,Tier-1,Financing,,True,registered_direct;purchase_agreement;convertible;warrant;offering,
0000008504,AgEagle Aerial Systems Inc.,UAVS,8-K,2025-11-06,2025-11-05,2025-11-05,0001493152-25-021038,https://www.sec.gov/Archives/edgar/data/8504/000149315225021038/form8-k.htm,https://www.sec.gov/Archives/edgar/data/8504/000149315225021038/form8-k.htm,2025-11-05,2025-11-06 14:41:50,https://www.sec.gov/Archives/edgar/data/8504/0001493152-25-021038-index.html,Item 7.01,Item 7.01,True,True,ex99-1.htm,ex10-1.htm,True,ATM,Tier-1,https://www.sec.gov/Archives/edgar/data/8504/000149315225021038/form8-k.htm,,True,Tier-1,Financing,,True,spa;purchase_agreement;convertible,
0001346830,"Tvardi Therapeutics, Inc.",TVRD,8-K,2025-04-15,2025-04-15,2025-04-15,0001104659-25-035121,https://www.sec.gov/Archives/edgar/data/1346830/000110465925035121/tm2512159d1_8k.htm,https://www.sec.gov/Archives/edgar/data/1346830/000110465925035121/tm2512159d1_8k.htm,2025-04-15,2025-04-15 16:06:29,https://www.sec.gov/Archives/edgar/data/1346830/0001104659-25-035121-index.html,Item 1.01; Item 2.01; Item 3.03; Item 5.01; Item 5.06; Item 7.01; Item 8.01; Item 9.01,Item 1.01; Item 2.01; Item 3.03; Item 5.01; Item 5.06; Item 7.01; Item 8.01; Item 9.01,True,True,tm2512159d1_ex99-1.htm; tm2512159d1_ex99-2.htm,tm2512159d1_ex10-1.htm; tm2512159d1_ex10-2.htm; tm2512159d1_ex10-10.htm; tm2512159d1_ex10-14.htm; tm2512159d1_ex10-15.htm; tm2512159d1_ex10-16.htm; tm2512159d1_ex10-17.htm; tm2512159d1_ex14-1.htm; tm2512159d1_ex23-1.htm,True,ATM,Tier-1,https://www.sec.gov/Archives/edgar/data/1346830/000110465925035121/tm2512159d1_8k.htm,,True,Tier-1,Financing,,True,purchase_agreement;convertible,
0000008504,AgEagle Aerial Systems Inc.,UAVS,8-K,2025-07-14,2025-07-08,2025-07-08,0001641172-25-019522,https://www.sec.gov/Archives/edgar/data/8504/000164117225019522/form8-k.htm,https://www.sec.gov/Archives/edgar/data/8504/000164117225019522/form8-k.htm,2025-07-08,2025-07-14 16:31:13,https://www.sec.gov/Archives/edgar/data/8504/0001641172-25-019522-index.html,Item 3.01,Item 3.01,True,True,ex99-1.htm,,True,ContractAward,Tier-1,https://www.sec.gov/Archives/edgar/data/8504/000164117225019522/form8-k.htm,,True,Tier-2,,,False,,
0000008504,AgEagle Aerial Systems Inc.,UAVS,8-K,2025-06-12,2025-06-06,2025-06-06,0001641172-25-014788,https://www.sec.gov/Archives/edgar/data/8504/000164117225014788/form8-k.htm,https://www.sec.gov/Archives/edgar/data/8504/000164117225014788/form8-k.htm,2025-06-06,2025-06-12 07:00:36,https://www.sec.gov/Archives/edgar/data/8504/0001641172-25-014788-index.html,Item 3.02,Item 3.02,False,True,,,True,ATM,Tier-1,https://www.sec.gov/Archives/edgar/data/8504/000164117225014788/form8-k.htm,,True,Tier-1,Financing,,True,spa;purchase_agreement;convertible;warrant,
0001830188,"United Homes Group, Inc.",UHG,8-K,2025-10-20,2025-10-19,2025-10-19,0001104659-25-100651,https://www.sec.gov/Archives/edgar/data/1830188/000110465925100651/tm2529074d1_8k.htm,https://www.sec.gov/Archives/edgar/data/1830188/000110465925100651/tm2529074d1_8k.htm,2025-10-19,2025-10-20 09:07:24,https://www.sec.gov/Archives/edgar/data/1830188/0001104659-25-100651-index.html,Item 7.01; Item 9.01,Item 7.01; Item 9.01,True,True,tm2529074d1_ex99-1.htm,tm2529074d1_ex17-1.htm,True,ContractAward,Tier-1,https://www.sec.gov/Archives/edgar/data/1830188/000110465925100651/tm2529074d1_8k.htm,,True,Tier-2,,,False,,
0001830188,"United Homes Group, Inc.",UHG,8-K,2025-11-06,2025-11-06,2025-11-06,0001830188-25-000072,https://www.sec.gov/Archives/edgar/data/1830188/000183018825000072/uhg-20251106.htm,https://www.sec.gov/Archives/edgar/data/1830188/000183018825000072/uhg-20251106.htm,2025-11-06,2025-11-06 07:01:32,https://www.sec.gov/Archives/edgar/data/1830188/0001830188-25-000072-index.html,Item 2.02; Item 9.01,Item 2.02; Item 9.01,True,True,uhg-q32025xex99x1.htm,,True,ATM,Tier-1,https://www.sec.gov/Archives/edgar/data/1830188/000183018825000072/uhg-20251106.htm,,True,Tier-1,Financing,,True,convertible;warrant,
0001830188,"United Homes Group, Inc.",UHG,8-K,2025-10-07,2025-10-07,2025-10-07,0001830188-25-000069,https://www.sec.gov/Archives/edgar/data/1830188/000183018825000069/uhg-20251007.htm,https://www.sec.gov/Archives/edgar/data/1830188/000183018825000069/uhg-20251007.htm,2025-10-07,2025-10-07 07:01:00,https://www.sec.gov/Archives/edgar/data/1830188/0001830188-25-000069-index.html,Item 9.01,Item 9.01,True,True,q32025pressreleaseunitstats.htm,,True,ContractAward,Tier-1,https://www.sec.gov/Archives/edgar/data/1830188/000183018825000069/uhg-20251007.htm,,True,Tier-2,,,False,,
0001830188,"United Homes Group, Inc.",UHG,8-K,2025-07-08,2025-07-08,2025-07-08,0001830188-25-000057,https://www.sec.gov/Archives/edgar/data/1830188/000183018825000057/uhg-20250708.htm,https://www.sec.gov/Archives/edgar/data/1830188/000183018825000057/uhg-20250708.htm,2025-07-08,2025-07-08 07:00:08,https://www.sec.gov/Archives/edgar/data/1830188/0001830188-25-000057-index.html,Item 9.01,Item 9.01,True,True,q22025pressreleaseunitstats.htm,,True,ContractAward,Tier-1,https://www.sec.gov/Archives/edgar/data/1830188/000183018825000057/uhg-20250708.htm,,True,Tier-2,,,False,,
0001830188,"United Homes Group, Inc.",UHG,8-K,2025-08-07,2025-08-07,2025-08-07,0001830188-25-000062,https://www.sec.gov/Archives/edgar/data/1830188/000183018825000062/uhg-20250807.htm,https://www.sec.gov/Archives/edgar/data/1830188/000183018825000062/uhg-20250807.htm,2025-08-07,2025-08-07 07:30:03,https://www.sec.gov/Archives/edgar/data/1830188/0001830188-25-000062-index.html,Item 2.02; Item 9.01,Item 2.02; Item 9.01,True,True,uhg-q22025xex99x1.htm,,True,ATM,Tier-1,https://www.sec.gov/Archives/edgar/data/1830188/000183018825000062/uhg-20250807.htm,,True,Tier-1,Financing,,True,convertible,
0001830188,"United Homes Group, Inc.",UHG,8-K,2025-05-19,2025-05-19,2025-05-19,0001830188-25-000038,https://www.sec.gov/Archives/edgar/data/1830188/000183018825000038/uhg-20250519.htm,https://www.sec.gov/Archives/edgar/data/1830188/000183018825000038/uhg-20250519.htm,2025-05-19,2025-05-19 08:00:17,https://www.sec.gov/Archives/edgar/data/1830188/0001830188-25-000038-index.html,Item 5.02; Item 9.01,Item 5.02; Item 9.01,True,True,exhibit991executiveleaders.htm,,True,ContractAward,Tier-1,https://www.sec.gov/Archives/edgar/data/1830188/000183018825000038/uhg-20250519.htm,,True,Tier-2,,,False,,
0001830188,"United Homes Group, Inc.",UHG,8-K,2025-05-14,2025-05-14,2025-05-14,0001830188-25-000033,https://www.sec.gov/Archives/edgar/data/1830188/000183018825000033/uhg-20250514.htm,https://www.sec.gov/Archives/edgar/data/1830188/000183018825000033/uhg-20250514.htm,2025-05-14,2025-05-14 06:59:50,https://www.sec.gov/Archives/edgar/data/1830188/0001830188-25-000033-index.html,Item 2.02; Item 9.01,Item 2.02; Item 9.01,True,True,uhg-q12025xex99x1.htm,,True,ATM,Tier-1,https://www.sec.gov/Archives/edgar/data/1830188/000183018825000033/uhg-20250514.htm,,True,Tier-1,Financing,,True,convertible;offering,
0000746838,UNISYS CORP,UIS,8-K,2025-10-08,2025-10-08,2025-10-08,0000746838-25-000025,https://www.sec.gov/Archives/edgar/data/746838/000074683825000025/uis-20251008.htm,https://www.sec.gov/Archives/edgar/data/746838/000074683825000025/uis-20251008.htm,2025-10-08,2025-10-08 16:43:54,https://www.sec.gov/Archives/edgar/data/746838/0000746838-25-000025-index.html,Item 7.01; Item 9.01,Item 7.01; Item 9.01,True,True,ex-991.htm,,True,ATM,Tier-1,https://www.sec.gov/Archives/edgar/data/746838/000074683825000025/uis-20251008.htm,,True,Tier-1,Financing,,True,offering,
0000746838,UNISYS CORP,UIS,8-K,2025-07-24,2025-07-23,2025-07-23,0001104659-25-070218,https://www.sec.gov/Archives/edgar/data/746838/000110465925070218/tm2521530d1_8k.htm,https://www.sec.gov/Archives/edgar/data/746838/000110465925070218/tm2521530d1_8k.htm,2025-07-23,2025-07-24 06:46:45,https://www.sec.gov/Archives/edgar/data/746838/0001104659-25-070218-index.html,Item 5.03; Item 7.01; Item 9.01,Item 5.03; Item 7.01; Item 9.01,True,True,tm2521530d1_ex99-1.htm,,True,ATM,Tier-1,https://www.sec.gov/Archives/edgar/data/746838/000110465925070218/tm2521530d1_8k.htm,,True,Tier-1,Financing,,True,offering,
0000746838,UNISYS CORP,UIS,8-K,2025-07-18,2025-07-18,2025-07-18,0001104659-25-069039,https://www.sec.gov/Archives/edgar/data/746838/000110465925069039/tm2521250d1_8k.htm,https://www.sec.gov/Archives/edgar/data/746838/000110465925069039/tm2521250d1_8k.htm,2025-07-18,2025-07-18 16:16:07,https://www.sec.gov/Archives/edgar/data/746838/0001104659-25-069039-index.html,Item 7.01,Item 7.01,True,True,tm2521250d1_ex99-1.htm,,True,ListingChange,Tier-1,https://www.sec.gov/Archives/edgar/data/746838/000110465925069039/tm2521250d1_8k.htm,,True,Tier-2,,,False,,
0000746838,UNISYS CORP,UIS,8-K,2025-06-27,2025-06-25,2025-06-25,0001104659-25-063705,https://www.sec.gov/Archives/edgar/data/746838/000110465925063705/tm2517689d3_8k.htm,https://www.sec.gov/Archives/edgar/data/746838/000110465925063705/tm2517689d3_8k.htm,2025-06-25,2025-06-27 17:20:22,https://www.sec.gov/Archives/edgar/data/746838/0001104659-25-063705-index.html,Item 1.01; Item 1.02; Item 2.04; Item 3.03; Item 7.01; Item 9.01,Item 1.01; Item 1.02; Item 2.04; Item 3.03; Item 7.01; Item 9.01,True,True,tm2517689d3_ex99-1.htm,,True,ATM,Tier-1,https://www.sec.gov/Archives/edgar/data/746838/000110465925063705/tm2517689d3_8k.htm,,True,Tier-1,Financing,,True,offering,
0000746838,UNISYS CORP,UIS,8-K,2025-06-27,2025-06-27,2025-06-27,0001104659-25-063658,https://www.sec.gov/Archives/edgar/data/746838/000110465925063658/tm2517689d2_8k.htm,https://www.sec.gov/Archives/edgar/data/746838/000110465925063658/tm2517689d2_8k.htm,2025-06-27,2025-06-27 16:37:03,https://www.sec.gov/Archives/edgar/data/746838/0001104659-25-063658-index.html,Item 1.01; Item 7.01,Item 1.01; Item 7.01,True,True,tm2517689d2_ex99-1.htm,tm2517689d2_ex10-1.htm; tm2517689d2_ex10-2.htm; tm2517689d2_ex10-3.htm; tm2517689d2_ex10-4.htm,True,ATM,Tier-1,https://www.sec.gov/Archives/edgar/data/746838/000110465925063658/tm2517689d2_8k.htm,,True,Tier-1,Financing,,True,offering,
0000746838,UNISYS CORP,UIS,8-K,2025-11-05,2025-11-05,2025-11-05,0000746838-25-000028,https://www.sec.gov/Archives/edgar/data/746838/000074683825000028/uis-20251105.htm,https://www.sec.gov/Archives/edgar/data/746838/000074683825000028/uis-20251105.htm,2025-11-05,2025-11-05 16:23:31,https://www.sec.gov/Archives/edgar/data/746838/0000746838-25-000028-index.html,Item 9.01,Item 9.01,True,True,q32025earningsrelease.htm,,True,GuidanceUp,Tier-1,https://www.sec.gov/Archives/edgar/data/746838/000074683825000028/uis-20251105.htm,,True,Tier-2,,,False,,
0000746838,UNISYS CORP,UIS,8-K,2025-06-17,2025-06-16,2025-06-16,0001104659-25-059990,https://www.sec.gov/Archives/edgar/data/746838/000110465925059990/tm2518158d1_8k.htm,https://www.sec.gov/Archives/edgar/data/746838/000110465925059990/tm2518158d1_8k.htm,2025-06-16,2025-06-16 20:13:30,https://www.sec.gov/Archives/edgar/data/746838/0001104659-25-059990-index.html,Item 7.01; Item 9.01,Item 7.01; Item 9.01,True,True,tm2518158d1_ex99-1.htm,,True,ATM,Tier-1,https://www.sec.gov/Archives/edgar/data/746838/000110465925059990/tm2518158d1_8k.htm,,True,Tier-1,Financing,,True,offering,
0000746838,UNISYS CORP,UIS,8-K,2025-06-11,2025-06-11,2025-06-11,0001104659-25-058412,https://www.sec.gov/Archives/edgar/data/746838/000110465925058412/tm2517689d1_8k.htm,https://www.sec.gov/Archives/edgar/data/746838/000110465925058412/tm2517689d1_8k.htm,2025-06-11,2025-06-11 09:37:03,https://www.sec.gov/Archives/edgar/data/746838/0001104659-25-058412-index.html,Item 7.01; Item 9.01,Item 7.01; Item 9.01,True,True,tm2517689d1_ex99-1.htm; tm2517689d1_ex99-2.htm,,True,ATM,Tier-1,https://www.sec.gov/Archives/edgar/data/746838/000110465925058412/tm2517689d1_8k.htm,,True,Tier-1,Financing,,True,offering,
0000027093,U.S. GOLD CORP.,USAU,8-K,2025-10-10,2025-10-10,2025-10-10,0001493152-25-017776,https://www.sec.gov/Archives/edgar/data/27093/000149315225017776/form8-k.htm,https://www.sec.gov/Archives/edgar/data/27093/000149315225017776/form8-k.htm,2025-10-10,2025-10-10 16:40:28,https://www.sec.gov/Archives/edgar/data/27093/0001493152-25-017776-index.html,Item 1.02,Item 1.02,False,True,,,True,ATM,Tier-1,https://www.sec.gov/Archives/edgar/data/27093/000149315225017776/form8-k.htm,,True,Tier-1,Financing,,True,offering,
0000746838,UNISYS CORP,UIS,8-K,2025-07-30,2025-07-30,2025-07-30,0000746838-25-000018,https://www.sec.gov/Archives/edgar/data/746838/000074683825000018/uis-20250730.htm,https://www.sec.gov/Archives/edgar/data/746838/000074683825000018/uis-20250730.htm,2025-07-30,2025-07-30 16:21:51,https://www.sec.gov/Archives/edgar/data/746838/0000746838-25-000018-index.html,Item 9.01,Item 9.01,True,True,q22025earningsrelease.htm,,True,ATM,Tier-1,https://www.sec.gov/Archives/edgar/data/746838/000074683825000018/uis-20250730.htm,,True,Tier-1,Financing,,True,offering,
0000027093,U.S. GOLD CORP.,USAU,8-K,2025-08-11,2025-08-09,2025-08-09,0001641172-25-022965,https://www.sec.gov/Archives/edgar/data/27093/000164117225022965/form8-k.htm,https://www.sec.gov/Archives/edgar/data/27093/000164117225022965/form8-k.htm,2025-08-09,2025-08-11 16:05:43,https://www.sec.gov/Archives/edgar/data/27093/0001641172-25-022965-index.html,Item 1.01; Item 3.03; Item 9.01,Item 1.01; Item 3.03; Item 9.01,False,True,,,True,ATM,Tier-1,https://www.sec.gov/Archives/edgar/data/27093/000164117225022965/form8-k.htm,,True,Tier-1,Financing,,True,warrant,
0000027093,U.S. GOLD CORP.,USAU,8-K,2025-06-09,2025-06-09,2025-06-09,0001641172-25-014239,https://www.sec.gov/Archives/edgar/data/27093/000164117225014239/form8-k.htm,https://www.sec.gov/Archives/edgar/data/27093/000164117225014239/form8-k.htm,2025-06-09,2025-06-09 08:05:09,https://www.sec.gov/Archives/edgar/data/27093/0001641172-25-014239-index.html,Item 1.01; Item 9.01,Item 1.01; Item 9.01,False,True,,ex1-1.htm,True,ATM,Tier-1,https://www.sec.gov/Archives/edgar/data/27093/000164117225014239/form8-k.htm,,True,Tier-1,Financing,,True,warrant;offering,
0000027093,U.S. GOLD CORP.,USAU,8-K,2025-05-09,2025-05-09,2025-05-09,0001641172-25-009437,https://www.sec.gov/Archives/edgar/data/27093/000164117225009437/form8-k.htm,https://www.sec.gov/Archives/edgar/data/27093/000164117225009437/form8-k.htm,2025-05-09,2025-05-09 16:05:33,https://www.sec.gov/Archives/edgar/data/27093/0001641172-25-009437-index.html,Item 7.01; Item 8.01; Item 9.01,Item 7.01; Item 8.01; Item 9.01,True,True,ex99-1.htm,,True,ATM,Tier-1,https://www.sec.gov/Archives/edgar/data/27093/000164117225009437/form8-k.htm,,True,Tier-1,Financing,,True,warrant,
0000027093,U.S. GOLD CORP.,USAU,8-K,2024-12-04,2024-12-04,2024-12-04,0001493152-24-048661,https://www.sec.gov/Archives/edgar/data/27093/000149315224048661/form8-k.htm,https://www.sec.gov/Archives/edgar/data/27093/000149315224048661/form8-k.htm,2024-12-04,2024-12-04 15:55:15,https://www.sec.gov/Archives/edgar/data/27093/0001493152-24-048661-index.html,Item 1.01; Item 7.01; Item 9.01,Item 1.01; Item 7.01; Item 9.01,True,True,ex99-1.htm,ex10-1.htm,True,ATM,Tier-1,https://www.sec.gov/Archives/edgar/data/27093/000149315224048661/form8-k.htm,,True,Tier-1,Financing,,True,registered_direct;spa;purchase_agreement;warrant;offering,
0000027093,U.S. GOLD CORP.,USAU,8-K,2025-02-11,2025-02-11,2025-02-11,0001493152-25-005824,https://www.sec.gov/Archives/edgar/data/27093/000149315225005824/form8-k.htm,https://www.sec.gov/Archives/edgar/data/27093/000149315225005824/form8-k.htm,2025-02-11,2025-02-11 09:26:44,https://www.sec.gov/Archives/edgar/data/27093/0001493152-25-005824-index.html,Item 7.01; Item 9.01,Item 7.01; Item 9.01,True,True,ex99-1.htm,,True,ATM,Tier-1,https://www.sec.gov/Archives/edgar/data/27093/000149315225005824/form8-k.htm,,True,Tier-1,Financing,,True,offering,
0001088034,"Usio, Inc.",USIO,8-K,2025-06-11,2025-06-10,2025-06-10,0001437749-25-020079,https://www.sec.gov/Archives/edgar/data/1088034/000143774925020079/usio20250610_8k.htm,https://www.sec.gov/Archives/edgar/data/1088034/000143774925020079/usio20250610_8k.htm,2025-06-10,2025-06-11 16:04:17,https://www.sec.gov/Archives/edgar/data/1088034/0001437749-25-020079-index.html,Item 5.07; Item 7.01; Item 9.01,Item 5.07; Item 7.01; Item 9.01,True,True,ex_829207.htm,,True,OtherEvent,Tier-2,https://www.sec.gov/Archives/edgar/data/1088034/000143774925020079/usio20250610_8k.htm,,True,Tier-2,,,False,,
0001088034,"Usio, Inc.",USIO,8-K,2025-11-12,2025-11-12,2025-11-12,0001437749-25-034426,https://www.sec.gov/Archives/edgar/data/1088034/000143774925034426/usio20250826_8k.htm,https://www.sec.gov/Archives/edgar/data/1088034/000143774925034426/usio20250826_8k.htm,2025-11-12,2025-11-12 16:01:20,https://www.sec.gov/Archives/edgar/data/1088034/0001437749-25-034426-index.html,Item 2.02; Item 9.01,Item 2.02; Item 9.01,True,True,ex_857076.htm,,True,ATM,Tier-1,https://www.sec.gov/Archives/edgar/data/1088034/000143774925034426/usio20250826_8k.htm,,True,Tier-1,Financing,,True,offering,
0001088034,"Usio, Inc.",USIO,8-K,2025-08-06,2025-08-06,2025-08-06,0001437749-25-025069,https://www.sec.gov/Archives/edgar/data/1088034/000143774925025069/usio20250529_8k.htm,https://www.sec.gov/Archives/edgar/data/1088034/000143774925025069/usio20250529_8k.htm,2025-08-06,2025-08-06 16:01:26,https://www.sec.gov/Archives/edgar/data/1088034/0001437749-25-025069-index.html,Item 2.02; Item 9.01,Item 2.02; Item 9.01,True,True,ex_824821.htm,,True,GuidanceUp,Tier-1,https://www.sec.gov/Archives/edgar/data/1088034/000143774925025069/usio20250529_8k.htm,,True,Tier-2,,,False,,
0001088034,"Usio, Inc.",USIO,8-K,2025-05-14,2025-05-14,2025-05-14,0001437749-25-016824,https://www.sec.gov/Archives/edgar/data/1088034/000143774925016824/usio20250201_8k.htm,https://www.sec.gov/Archives/edgar/data/1088034/000143774925016824/usio20250201_8k.htm,2025-05-14,2025-05-14 16:00:47,https://www.sec.gov/Archives/edgar/data/1088034/0001437749-25-016824-index.html,Item 2.02; Item 9.01,Item 2.02; Item 9.01,True,True,ex_773478.htm,,True,ATM,Tier-1,https://www.sec.gov/Archives/edgar/data/1088034/000143774925016824/usio20250201_8k.htm,,True,Tier-1,Financing,,True,offering,
0002036973,UY Scuti Acquisition Corp.,UYSC,8-K,2025-07-24,2025-07-18,2025-07-18,0001185185-25-000845,https://www.sec.gov/Archives/edgar/data/2036973/000118518525000845/uysc8k072225.htm,https://www.sec.gov/Archives/edgar/data/2036973/000118518525000845/uysc8k072225.htm,2025-07-18,2025-07-24 16:45:43,https://www.sec.gov/Archives/edgar/data/2036973/0001185185-25-000845-index.html,Item 1.01; Item 7.01; Item 9.01,Item 1.01; Item 7.01; Item 9.01,True,True,uyscex99-1.htm,uyscex2-1.htm; uyscex10-1.htm,True,ATM,Tier-1,https://www.sec.gov/Archives/edgar/data/2036973/000118518525000845/uysc8k072225.htm,,True,Tier-1,Financing,,True,warrant;offering,
0002036973,UY Scuti Acquisition Corp.,UYSC,8-K,2025-05-21,2025-05-21,2025-05-21,0001829126-25-003870,https://www.sec.gov/Archives/edgar/data/2036973/000182912625003870/uyscuti_8k.htm,https://www.sec.gov/Archives/edgar/data/2036973/000182912625003870/uyscuti_8k.htm,2025-05-21,2025-05-21 16:05:15,https://www.sec.gov/Archives/edgar/data/2036973/0001829126-25-003870-index.html,Item 8.01; Item 9.01,Item 8.01; Item 9.01,True,True,uyscuti_ex99-1.htm,,True,ATM,Tier-1,https://www.sec.gov/Archives/edgar/data/2036973/000182912625003870/uyscuti_8k.htm,,True,Tier-1,Financing,,True,offering,
0001088034,"Usio, Inc.",USIO,8-K,2025-03-26,2025-03-26,2025-03-26,0001437749-25-009348,https://www.sec.gov/Archives/edgar/data/1088034/000143774925009348/usio20240924_8k.htm,https://www.sec.gov/Archives/edgar/data/1088034/000143774925009348/usio20240924_8k.htm,2025-03-26,2025-03-26 16:04:33,https://www.sec.gov/Archives/edgar/data/1088034/0001437749-25-009348-index.html,Item 2.02; Item 9.01,Item 2.02; Item 9.01,True,True,ex_727021.htm,,True,ATM,Tier-1,https://www.sec.gov/Archives/edgar/data/1088034/000143774925009348/usio20240924_8k.htm,,True,Tier-1,Financing,,True,purchase_agreement;offering,
0002036973,UY Scuti Acquisition Corp.,UYSC,8-K,2025-04-08,2025-04-01,2025-04-01,0001829126-25-002474,https://www.sec.gov/Archives/edgar/data/2036973/000182912625002474/uyscuti_8k.htm,https://www.sec.gov/Archives/edgar/data/2036973/000182912625002474/uyscuti_8k.htm,2025-04-01,2025-04-08 16:15:24,https://www.sec.gov/Archives/edgar/data/2036973/0001829126-25-002474-index.html,Item 3.02; Item 8.01; Item 9.01,Item 3.02; Item 8.01; Item 9.01,True,True,uyscuti_ex99-1.htm,,True,ATM,Tier-1,https://www.sec.gov/Archives/edgar/data/2036973/000182912625002474/uyscuti_8k.htm,,True,Tier-1,Financing,,True,underwriting_agreement;subscription_agreement;convertible;offering,
0002036973,UY Scuti Acquisition Corp.,UYSC,8-K,2025-04-11,2025-04-07,2025-04-07,0001829126-25-002587,https://www.sec.gov/Archives/edgar/data/2036973/000182912625002587/uyscuti_8k.htm,https://www.sec.gov/Archives/edgar/data/2036973/000182912625002587/uyscuti_8k.htm,2025-04-07,2025-04-11 16:15:32,https://www.sec.gov/Archives/edgar/data/2036973/0001829126-25-002587-index.html,Item 3.02; Item 8.01; Item 9.01,Item 3.02; Item 8.01; Item 9.01,True,True,uyscuti_ex99-1.htm,,True,ATM,Tier-1,https://www.sec.gov/Archives/edgar/data/2036973/000182912625002587/uyscuti_8k.htm,,True,Tier-1,Financing,,True,offering,
0002036973,UY Scuti Acquisition Corp.,UYSC,8-K,2025-04-04,2025-03-31,2025-03-31,0001829126-25-002386,https://www.sec.gov/Archives/edgar/data/2036973/000182912625002386/uyscuti_8k.htm,https://www.sec.gov/Archives/edgar/data/2036973/000182912625002386/uyscuti_8k.htm,2025-03-31,2025-04-04 16:30:17,https://www.sec.gov/Archives/edgar/data/2036973/0001829126-25-002386-index.html,Item 1.01; Item 3.02; Item 5.03; Item 8.01; Item 9.01,Item 1.01; Item 3.02; Item 5.03; Item 8.01; Item 9.01,True,True,uyscuti_ex99-1.htm; uyscuti_ex99-2.htm,uyscuti_ex1-1.htm; uyscuti_ex10-1.htm; uyscuti_ex10-2.htm; uyscuti_ex10-3.htm; uyscuti_ex10-4.htm; uyscuti_ex10-5.htm; uyscuti_ex10-6.htm,True,ATM,Tier-1,https://www.sec.gov/Archives/edgar/data/2036973/000182912625002386/uyscuti_8k.htm,,True,Tier-1,Financing,,True,purchase_agreement;offering,
0001615165,"Veritone, Inc.",VERI,8-K,2025-11-10,2025-11-10,2025-11-10,0001615165-25-000031,https://www.sec.gov/Archives/edgar/data/1615165/000161516525000031/veri-20251110.htm,https://www.sec.gov/Archives/edgar/data/1615165/000161516525000031/veri-20251110.htm,2025-11-10,2025-11-10 07:34:45,https://www.sec.gov/Archives/edgar/data/1615165/0001615165-25-000031-index.html,Item 2.02; Item 9.01,Item 2.02; Item 9.01,True,True,a2025-11x10veritonestateme.htm,,True,ATM,Tier-1,https://www.sec.gov/Archives/edgar/data/1615165/000161516525000031/veri-20251110.htm,,True,Tier-1,Financing,,True,convertible;offering,
0001615165,"Veritone, Inc.",VERI,8-K,2025-10-17,2025-10-17,2025-10-17,0001193125-25-241997,https://www.sec.gov/Archives/edgar/data/1615165/000119312525241997/d33523d8k.htm,https://www.sec.gov/Archives/edgar/data/1615165/000119312525241997/d33523d8k.htm,2025-10-17,2025-10-17 08:00:13,https://www.sec.gov/Archives/edgar/data/1615165/0001193125-25-241997-index.html,Item 8.01; Item 9.01,Item 8.01; Item 9.01,False,True,,,True,ATM,Tier-1,https://www.sec.gov/Archives/edgar/data/1615165/000119312525241997/d33523d8k.htm,,True,Tier-1,Financing,,True,registered_direct;spa;purchase_agreement;offering,
0001615165,"Veritone, Inc.",VERI,8-K,2025-11-06,2025-11-06,2025-11-06,0001615165-25-000024,https://www.sec.gov/Archives/edgar/data/1615165/000161516525000024/veri-20251106.htm,https://www.sec.gov/Archives/edgar/data/1615165/000161516525000024/veri-20251106.htm,2025-11-06,2025-11-06 16:49:25,https://www.sec.gov/Archives/edgar/data/1615165/0001615165-25-000024-index.html,Item 1.02; Item 8.01,Item 1.02; Item 8.01,False,True,,,True,ATM,Tier-1,https://www.sec.gov/Archives/edgar/data/1615165/000161516525000024/veri-20251106.htm,,True,Tier-1,Financing,,True,registered_direct;convertible;offering,
0001615165,"Veritone, Inc.",VERI,8-K,2025-10-16,2025-10-15,2025-10-15,0001193125-25-240869,https://www.sec.gov/Archives/edgar/data/1615165/000119312525240869/d48526d8k.htm,https://www.sec.gov/Archives/edgar/data/1615165/000119312525240869/d48526d8k.htm,2025-10-15,2025-10-16 08:36:45,https://www.sec.gov/Archives/edgar/data/1615165/0001193125-25-240869-index.html,Item 1.01; Item 7.01; Item 9.01,Item 1.01; Item 7.01; Item 9.01,True,True,d48526dex991.htm,d48526dex101.htm,True,ATM,Tier-1,https://www.sec.gov/Archives/edgar/data/1615165/000119312525240869/d48526d8k.htm,,True,Tier-1,Financing,,True,registered_direct;spa;purchase_agreement;warrant;offering,
0001615165,"Veritone, Inc.",VERI,8-K,2025-10-16,2025-10-14,2025-10-14,0001193125-25-240645,https://www.sec.gov/Archives/edgar/data/1615165/000119312525240645/d68192d8k.htm,https://www.sec.gov/Archives/edgar/data/1615165/000119312525240645/d68192d8k.htm,2025-10-14,2025-10-15 21:19:48,https://www.sec.gov/Archives/edgar/data/1615165/0001193125-25-240645-index.html,Item 8.01,Item 8.01,False,True,,,True,ATM,Tier-1,https://www.sec.gov/Archives/edgar/data/1615165/000119312525240645/d68192d8k.htm,,True,Tier-1,Financing,,True,offering,
0001615165,"Veritone, Inc.",VERI,8-K,2025-09-12,2025-09-10,2025-09-10,0001193125-25-202294,https://www.sec.gov/Archives/edgar/data/1615165/000119312525202294/d43084d8k.htm,https://www.sec.gov/Archives/edgar/data/1615165/000119312525202294/d43084d8k.htm,2025-09-10,2025-09-12 16:45:43,https://www.sec.gov/Archives/edgar/data/1615165/0001193125-25-202294-index.html,Item 1.01; Item 7.01; Item 9.01,Item 1.01; Item 7.01; Item 9.01,True,True,d43084dex991.htm; d43084dex992.htm,d43084dex11.htm,True,ATM,Tier-1,https://www.sec.gov/Archives/edgar/data/1615165/000119312525202294/d43084d8k.htm,,True,Tier-1,Financing,,True,underwriting_agreement;offering,
0001615165,"Veritone, Inc.",VERI,8-K,2025-10-15,2025-10-14,2025-10-14,0001615165-25-000016,https://www.sec.gov/Archives/edgar/data/1615165/000161516525000016/veri-20251014.htm,https://www.sec.gov/Archives/edgar/data/1615165/000161516525000016/veri-20251014.htm,2025-10-14,2025-10-15 11:33:55,https://www.sec.gov/Archives/edgar/data/1615165/0001615165-25-000016-index.html,Item 2.02; Item 9.01,Item 2.02; Item 9.01,True,True,a2025-10x14preliminaryq3ea.htm,,True,ATM,Tier-1,https://www.sec.gov/Archives/edgar/data/1615165/000161516525000016/veri-20251014.htm,,True,Tier-1,Financing,,True,offering,
0001615165,"Veritone, Inc.",VERI,8-K,2025-11-06,2025-11-06,2025-11-06,0001615165-25-000022,https://www.sec.gov/Archives/edgar/data/1615165/000161516525000022/veri-20251106.htm,https://www.sec.gov/Archives/edgar/data/1615165/000161516525000022/veri-20251106.htm,2025-11-06,2025-11-06 16:46:13,https://www.sec.gov/Archives/edgar/data/1615165/0001615165-25-000022-index.html,Item 2.02; Item 9.01,Item 2.02; Item 9.01,True,True,veriearningsreleaseq32025e.htm,,True,ATM,Tier-1,https://www.sec.gov/Archives/edgar/data/1615165/000161516525000022/veri-20251106.htm,,True,Tier-1,Financing,,True,registered_direct;atm;convertible;warrant;offering,
0001606268,"Via Renewables, Inc.",VIASP,8-K,2025-11-18,2025-11-18,2025-11-18,0001606268-25-000034,https://www.sec.gov/Archives/edgar/data/1606268/000160626825000034/spke-20251118.htm,https://www.sec.gov/Archives/edgar/data/1606268/000160626825000034/spke-20251118.htm,2025-11-18,2025-11-18 10:18:41,https://www.sec.gov/Archives/edgar/data/1606268/0001606268-25-000034-index.html,Item 8.01; Item 9.01,Item 8.01; Item 9.01,True,True,a991redemptionpressrelease.htm; a992viarenewablesnoticeofp.htm,,True,ListingChange,Tier-1,https://www.sec.gov/Archives/edgar/data/1606268/000160626825000034/spke-20251118.htm,,True,Tier-2,,,False,,
0001606268,"Via Renewables, Inc.",VIASP,8-K,2025-09-15,2025-09-15,2025-09-15,0001606268-25-000030,https://www.sec.gov/Archives/edgar/data/1606268/000160626825000030/spke-20250915.htm,https://www.sec.gov/Archives/edgar/data/1606268/000160626825000030/spke-20250915.htm,2025-09-15,2025-09-15 11:36:04,https://www.sec.gov/Archives/edgar/data/1606268/0001606268-25-000030-index.html,Item 8.01; Item 9.01,Item 8.01; Item 9.01,True,True,a991redemptionpressrelease.htm; a992viarenewablesnoticeofp.htm,,True,ListingChange,Tier-1,https://www.sec.gov/Archives/edgar/data/1606268/000160626825000030/spke-20250915.htm,,True,Tier-2,,,False,,
0001606268,"Via Renewables, Inc.",VIASP,8-K,2025-07-16,2025-07-16,2025-07-16,0001606268-25-000017,https://www.sec.gov/Archives/edgar/data/1606268/000160626825000017/spke-20250716.htm,https://www.sec.gov/Archives/edgar/data/1606268/000160626825000017/spke-20250716.htm,2025-07-16,2025-07-16 16:41:35,https://www.sec.gov/Archives/edgar/data/1606268/0001606268-25-000017-index.html,Item 8.01; Item 9.01,Item 8.01; Item 9.01,True,True,a991redemptionpressrelease.htm; a992viarenewablesnoticeofp.htm,,True,ListingChange,Tier-1,https://www.sec.gov/Archives/edgar/data/1606268/000160626825000017/spke-20250716.htm,,True,Tier-2,,,False,,
0001606268,"Via Renewables, Inc.",VIASP,8-K,2025-05-09,2025-05-09,2025-05-09,0001654954-25-005373,https://www.sec.gov/Archives/edgar/data/1606268/000165495425005373/via_8k.htm,https://www.sec.gov/Archives/edgar/data/1606268/000165495425005373/via_8k.htm,2025-05-09,2025-05-09 17:00:41,https://www.sec.gov/Archives/edgar/data/1606268/0001654954-25-005373-index.html,Item 8.01; Item 9.01,Item 8.01; Item 9.01,True,True,via_ex991.htm; via_ex992.htm,,True,ListingChange,Tier-1,https://www.sec.gov/Archives/edgar/data/1606268/000165495425005373/via_8k.htm,,True,Tier-2,,,False,,
0001606268,"Via Renewables, Inc.",VIASP,8-K,2025-01-16,2025-01-16,2025-01-16,0001654954-25-000486,https://www.sec.gov/Archives/edgar/data/1606268/000165495425000486/via_8k.htm,https://www.sec.gov/Archives/edgar/data/1606268/000165495425000486/via_8k.htm,2025-01-16,2025-01-16 14:52:24,https://www.sec.gov/Archives/edgar/data/1606268/0001654954-25-000486-index.html,Item 8.01; Item 9.01,Item 8.01; Item 9.01,True,True,via_ex991.htm,,True,ATM,Tier-1,https://www.sec.gov/Archives/edgar/data/1606268/000165495425000486/via_8k.htm,,True,Tier-1,Financing,,True,offering,
0001606268,"Via Renewables, Inc.",VIASP,8-K,2025-02-27,2025-02-27,2025-02-27,0001654954-25-002022,https://www.sec.gov/Archives/edgar/data/1606268/000165495425002022/via_8k.htm,https://www.sec.gov/Archives/edgar/data/1606268/000165495425002022/via_8k.htm,2025-02-27,2025-02-27 14:00:26,https://www.sec.gov/Archives/edgar/data/1606268/0001654954-25-002022-index.html,Item 8.01; Item 9.01,Item 8.01; Item 9.01,True,True,via_ex991.htm,,True,ATM,Tier-1,https://www.sec.gov/Archives/edgar/data/1606268/000165495425002022/via_8k.htm,,True,Tier-1,Financing,,True,offering,
0001606268,"Via Renewables, Inc.",VIASP,8-K,2024-11-21,2024-11-18,2024-11-18,0001654954-24-014716,https://www.sec.gov/Archives/edgar/data/1606268/000165495424014716/via_8k.htm,https://www.sec.gov/Archives/edgar/data/1606268/000165495424014716/via_8k.htm,2024-11-18,2024-11-20 18:00:22,https://www.sec.gov/Archives/edgar/data/1606268/0001654954-24-014716-index.html,Item 5.02; Item 9.01,Item 5.02; Item 9.01,True,True,via_ex991.htm,,True,ListingChange,Tier-1,https://www.sec.gov/Archives/edgar/data/1606268/000165495424014716/via_8k.htm,,True,Tier-2,,,False,,
0001615165,"Veritone, Inc.",VERI,8-K,2025-08-07,2025-08-07,2025-08-07,0001615165-25-000009,https://www.sec.gov/Archives/edgar/data/1615165/000161516525000009/veri-20250807.htm,https://www.sec.gov/Archives/edgar/data/1615165/000161516525000009/veri-20250807.htm,2025-08-07,2025-08-07 16:27:33,https://www.sec.gov/Archives/edgar/data/1615165/0001615165-25-000009-index.html,Item 2.02; Item 9.01,Item 2.02; Item 9.01,True,True,veri-ex99_1.htm,,True,ATM,Tier-1,https://www.sec.gov/Archives/edgar/data/1615165/000161516525000009/veri-20250807.htm,,True,Tier-1,Financing,,True,registered_direct;atm;convertible;warrant;offering,
0001606268,"Via Renewables, Inc.",VIASP,8-K,2024-11-15,2024-11-15,2024-11-15,0001654954-24-014555,https://www.sec.gov/Archives/edgar/data/1606268/000165495424014555/via_8k.htm,https://www.sec.gov/Archives/edgar/data/1606268/000165495424014555/via_8k.htm,2024-11-15,2024-11-15 16:31:15,https://www.sec.gov/Archives/edgar/data/1606268/0001654954-24-014555-index.html,Item 8.01; Item 9.01,Item 8.01; Item 9.01,True,True,via_ex991.htm,,True,ATM,Tier-1,https://www.sec.gov/Archives/edgar/data/1606268/000165495424014555/via_8k.htm,,True,Tier-1,Financing,,True,offering,
0001411685,"Vistagen Therapeutics, Inc.",VTGN,8-K,2025-11-04,2025-11-03,2025-11-03,0001628280-25-048827,https://www.sec.gov/Archives/edgar/data/1411685/000162828025048827/vtgn-20251103.htm,https://www.sec.gov/Archives/edgar/data/1411685/000162828025048827/vtgn-20251103.htm,2025-11-03,2025-11-04 16:10:25,https://www.sec.gov/Archives/edgar/data/1411685/0001628280-25-048827-index.html,Item 7.01; Item 9.01,Item 7.01; Item 9.01,True,True,ex99120251103.htm,,True,ATM,Tier-1,https://www.sec.gov/Archives/edgar/data/1411685/000162828025048827/vtgn-20251103.htm,,True,Tier-2,,,False,,
0001411685,"Vistagen Therapeutics, Inc.",VTGN,8-K,2025-11-13,2025-11-13,2025-11-13,0001628280-25-052077,https://www.sec.gov/Archives/edgar/data/1411685/000162828025052077/vtgn-20251113.htm,https://www.sec.gov/Archives/edgar/data/1411685/000162828025052077/vtgn-20251113.htm,2025-11-13,2025-11-13 16:34:55,https://www.sec.gov/Archives/edgar/data/1411685/0001628280-25-052077-index.html,Item 2.02; Item 9.01,Item 2.02; Item 9.01,True,True,vtgn-20251113xex991.htm,,True,ATM,Tier-1,https://www.sec.gov/Archives/edgar/data/1411685/000162828025052077/vtgn-20251113.htm,,True,Tier-2,,,False,,
0001411685,"Vistagen Therapeutics, Inc.",VTGN,8-K,2025-10-29,2025-10-27,2025-10-27,0001628280-25-047188,https://www.sec.gov/Archives/edgar/data/1411685/000162828025047188/vtgn-20251027.htm,https://www.sec.gov/Archives/edgar/data/1411685/000162828025047188/vtgn-20251027.htm,2025-10-27,2025-10-29 17:24:22,https://www.sec.gov/Archives/edgar/data/1411685/0001628280-25-047188-index.html,Item 5.02; Item 7.01; Item 9.01,Item 5.02; Item 7.01; Item 9.01,True,True,ex991.htm,ex101.htm,True,ATM,Tier-1,https://www.sec.gov/Archives/edgar/data/1411685/000162828025047188/vtgn-20251027.htm,,True,Tier-1,Financing,,True,offering,
0001411685,"Vistagen Therapeutics, Inc.",VTGN,8-K,2025-06-25,2025-06-23,2025-06-23,0001411685-25-000048,https://www.sec.gov/Archives/edgar/data/1411685/000141168525000048/vtgn-20250623.htm,https://www.sec.gov/Archives/edgar/data/1411685/000141168525000048/vtgn-20250623.htm,2025-06-23,2025-06-25 16:59:22,https://www.sec.gov/Archives/edgar/data/1411685/0001411685-25-000048-index.html,Item 5.02; Item 9.01,Item 5.02; Item 9.01,True,True,vtgn20250623ex991.htm,vtgn20250623ex101.htm,True,ATM,Tier-1,https://www.sec.gov/Archives/edgar/data/1411685/000141168525000048/vtgn-20250623.htm,,True,Tier-2,,,False,,
0001411685,"Vistagen Therapeutics, Inc.",VTGN,8-K,2025-08-07,2025-08-07,2025-08-07,0001411685-25-000062,https://www.sec.gov/Archives/edgar/data/1411685/000141168525000062/vtgn-20250807.htm,https://www.sec.gov/Archives/edgar/data/1411685/000141168525000062/vtgn-20250807.htm,2025-08-07,2025-08-07 16:56:33,https://www.sec.gov/Archives/edgar/data/1411685/0001411685-25-000062-index.html,Item 2.02; Item 7.01; Item 9.01,Item 2.02; Item 7.01; Item 9.01,True,True,vtgn-20250807xex991.htm; vistagencorporateonlinep.htm,,True,ATM,Tier-1,https://www.sec.gov/Archives/edgar/data/1411685/000141168525000062/vtgn-20250807.htm,,True,Tier-2,,,False,,
0001411685,"Vistagen Therapeutics, Inc.",VTGN,8-K,2025-06-17,2025-06-17,2025-06-17,0001411685-25-000046,https://www.sec.gov/Archives/edgar/data/1411685/000141168525000046/vtgn-20250617.htm,https://www.sec.gov/Archives/edgar/data/1411685/000141168525000046/vtgn-20250617.htm,2025-06-17,2025-06-17 16:44:53,https://www.sec.gov/Archives/edgar/data/1411685/0001411685-25-000046-index.html,Item 2.02; Item 8.01; Item 9.01,Item 2.02; Item 8.01; Item 9.01,True,True,vtgn-20250612xex991_final.htm,,True,ATM,Tier-1,https://www.sec.gov/Archives/edgar/data/1411685/000141168525000046/vtgn-20250617.htm,,True,Tier-1,Financing,,True,offering,
0001411685,"Vistagen Therapeutics, Inc.",VTGN,8-K,2025-06-02,2025-06-02,2025-06-02,0001411685-25-000028,https://www.sec.gov/Archives/edgar/data/1411685/000141168525000028/vtgn-20250602.htm,https://www.sec.gov/Archives/edgar/data/1411685/000141168525000028/vtgn-20250602.htm,2025-06-02,2025-06-02 16:35:10,https://www.sec.gov/Archives/edgar/data/1411685/0001411685-25-000028-index.html,Item 7.01; Item 9.01,Item 7.01; Item 9.01,True,True,vtgn8-k06022025ex991.htm; vistagencorporateonlinep.htm,,True,ATM,Tier-1,https://www.sec.gov/Archives/edgar/data/1411685/000141168525000028/vtgn-20250602.htm,,True,Tier-2,,,False,,
0001411685,"Vistagen Therapeutics, Inc.",VTGN,8-K,2025-03-06,2025-03-03,2025-03-03,0001411685-25-000023,https://www.sec.gov/Archives/edgar/data/1411685/000141168525000023/vtgn-20250303.htm,https://www.sec.gov/Archives/edgar/data/1411685/000141168525000023/vtgn-20250303.htm,2025-03-03,2025-03-06 16:51:39,https://www.sec.gov/Archives/edgar/data/1411685/0001411685-25-000023-index.html,Item 8.01; Item 9.01,Item 8.01; Item 9.01,True,True,ex991vistagencorporatepr.htm; ex992-stifel2025virtualcns.htm,,True,ATM,Tier-1,https://www.sec.gov/Archives/edgar/data/1411685/000141168525000023/vtgn-20250303.htm,,True,Tier-2,,,False,,
0001463972,Vuzix Corp,VUZI,8-K,2025-11-14,2025-11-13,2025-11-13,0001104659-25-112621,https://www.sec.gov/Archives/edgar/data/1463972/000110465925112621/tm2531381d1_8k.htm,https://www.sec.gov/Archives/edgar/data/1463972/000110465925112621/tm2531381d1_8k.htm,2025-11-13,2025-11-14 16:32:36,https://www.sec.gov/Archives/edgar/data/1463972/0001104659-25-112621-index.html,Item 2.02; Item 9.01,Item 2.02; Item 9.01,True,True,tm2531381d1_ex99-1.htm,,True,ContractAward,Tier-1,https://www.sec.gov/Archives/edgar/data/1463972/000110465925112621/tm2531381d1_8k.htm,,True,Tier-2,,,False,,
0001463972,Vuzix Corp,VUZI,8-K,2025-09-23,2025-09-19,2025-09-19,0001104659-25-092345,https://www.sec.gov/Archives/edgar/data/1463972/000110465925092345/tm2526662d1_8k.htm,https://www.sec.gov/Archives/edgar/data/1463972/000110465925092345/tm2526662d1_8k.htm,2025-09-19,2025-09-23 09:00:32,https://www.sec.gov/Archives/edgar/data/1463972/0001104659-25-092345-index.html,Item 3.02,Item 3.02,False,True,,,True,ATM,Tier-1,https://www.sec.gov/Archives/edgar/data/1463972/000110465925092345/tm2526662d1_8k.htm,,True,Tier-1,Financing,,True,purchase_agreement;convertible;offering,
0001463972,Vuzix Corp,VUZI,8-K,2025-08-15,2025-08-14,2025-08-14,0001104659-25-079145,https://www.sec.gov/Archives/edgar/data/1463972/000110465925079145/tm2523628d1_8k.htm,https://www.sec.gov/Archives/edgar/data/1463972/000110465925079145/tm2523628d1_8k.htm,2025-08-14,2025-08-15 13:19:48,https://www.sec.gov/Archives/edgar/data/1463972/0001104659-25-079145-index.html,Item 2.02; Item 9.01,Item 2.02; Item 9.01,True,True,tm2523628d1_ex99-1.htm,,True,ATM,Tier-1,https://www.sec.gov/Archives/edgar/data/1463972/000110465925079145/tm2523628d1_8k.htm,,True,Tier-1,Financing,,True,purchase_agreement;offering,
0001411685,"Vistagen Therapeutics, Inc.",VTGN,8-K,2025-02-13,2025-02-13,2025-02-13,0001411685-25-000017,https://www.sec.gov/Archives/edgar/data/1411685/000141168525000017/vtgn-20250213.htm,https://www.sec.gov/Archives/edgar/data/1411685/000141168525000017/vtgn-20250213.htm,2025-02-13,2025-02-13 16:45:36,https://www.sec.gov/Archives/edgar/data/1411685/0001411685-25-000017-index.html,Item 2.02; Item 7.01; Item 9.01,Item 2.02; Item 7.01; Item 9.01,True,True,vtgn-20250213xex991.htm; vistagencorporatepresent.htm,,True,ATM,Tier-1,https://www.sec.gov/Archives/edgar/data/1411685/000141168525000017/vtgn-20250213.htm,,True,Tier-2,,,False,,
0001463972,Vuzix Corp,VUZI,8-K,2025-06-16,2025-06-13,2025-06-13,0001104659-25-059738,https://www.sec.gov/Archives/edgar/data/1463972/000110465925059738/tm2515015d2_8k.htm,https://www.sec.gov/Archives/edgar/data/1463972/000110465925059738/tm2515015d2_8k.htm,2025-06-13,2025-06-16 10:37:57,https://www.sec.gov/Archives/edgar/data/1463972/0001104659-25-059738-index.html,Item 3.02; Item 8.01; Item 9.01,Item 3.02; Item 8.01; Item 9.01,True,True,tm2515015d2_ex99-1.htm,,True,ATM,Tier-1,https://www.sec.gov/Archives/edgar/data/1463972/000110465925059738/tm2515015d2_8k.htm,,True,Tier-1,Financing,,True,spa;purchase_agreement;convertible;offering,
0001463972,Vuzix Corp,VUZI,8-K,2025-05-14,2025-05-12,2025-05-12,0001104659-25-048555,https://www.sec.gov/Archives/edgar/data/1463972/000110465925048555/tm2515015d1_8k.htm,https://www.sec.gov/Archives/edgar/data/1463972/000110465925048555/tm2515015d1_8k.htm,2025-05-12,2025-05-14 16:30:24,https://www.sec.gov/Archives/edgar/data/1463972/0001104659-25-048555-index.html,Item 2.02; Item 9.01,Item 2.02; Item 9.01,True,True,tm2515015d1_ex99-1.htm,,True,ContractAward,Tier-1,https://www.sec.gov/Archives/edgar/data/1463972/000110465925048555/tm2515015d1_8k.htm,,True,Tier-2,,,False,,
0001463972,Vuzix Corp,VUZI,8-K,2025-03-17,2025-03-13,2025-03-13,0001104659-25-024334,https://www.sec.gov/Archives/edgar/data/1463972/000110465925024334/tm259467d1_8k.htm,https://www.sec.gov/Archives/edgar/data/1463972/000110465925024334/tm259467d1_8k.htm,2025-03-13,2025-03-17 13:39:04,https://www.sec.gov/Archives/edgar/data/1463972/0001104659-25-024334-index.html,Item 2.02; Item 9.01,Item 2.02; Item 9.01,True,True,tm259467d1_ex99-1.htm,,True,ATM,Tier-1,https://www.sec.gov/Archives/edgar/data/1463972/000110465925024334/tm259467d1_8k.htm,,True,Tier-1,Financing,,True,atm,
0002038439,"VisionWave Holdings, Inc.",VWAV,8-K,2025-11-12,2025-11-12,2025-11-12,0001731122-25-001507,https://www.sec.gov/Archives/edgar/data/2038439/000173112225001507/e7026_8-k.htm,https://www.sec.gov/Archives/edgar/data/2038439/000173112225001507/e7026_8-k.htm,2025-11-12,2025-11-12 07:00:36,https://www.sec.gov/Archives/edgar/data/2038439/0001731122-25-001507-index.html,Item 8.01; Item 9.01,Item 8.01; Item 9.01,False,True,,,True,FDA,Tier-1,https://www.sec.gov/Archives/edgar/data/2038439/000173112225001507/e7026_8-k.htm,,True,Tier-1,Financing,,True,purchase_agreement,
0002038439,"VisionWave Holdings, Inc.",VWAV,8-K,2025-09-30,2025-09-26,2025-09-26,0001731122-25-001325,https://www.sec.gov/Archives/edgar/data/2038439/000173112225001325/e6876_8k.htm,https://www.sec.gov/Archives/edgar/data/2038439/000173112225001325/e6876_8k.htm,2025-09-26,2025-09-30 08:01:01,https://www.sec.gov/Archives/edgar/data/2038439/0001731122-25-001325-index.html,Item 1.01; Item 9.01,Item 1.01; Item 9.01,False,True,,e6876_ex10-1.htm,True,ATM,Tier-1,https://www.sec.gov/Archives/edgar/data/2038439/000173112225001325/e6876_8k.htm,,True,Tier-1,Financing,,True,warrant,
0002038439,"VisionWave Holdings, Inc.",VWAV,8-K,2025-10-09,2025-10-05,2025-10-05,0001731122-25-001366,https://www.sec.gov/Archives/edgar/data/2038439/000173112225001366/e6939_8-k.htm,https://www.sec.gov/Archives/edgar/data/2038439/000173112225001366/e6939_8-k.htm,2025-10-05,2025-10-09 08:46:52,https://www.sec.gov/Archives/edgar/data/2038439/0001731122-25-001366-index.html,Item 1.01; Item 7.01; Item 9.01,Item 1.01; Item 7.01; Item 9.01,True,True,e6939_ex99-1.htm,e6939_ex10-1.htm,True,FDA,Tier-1,https://www.sec.gov/Archives/edgar/data/2038439/000173112225001366/e6939_8-k.htm,,True,Tier-2,,,False,,
0002038439,"VisionWave Holdings, Inc.",VWAV,8-K,2025-09-12,2025-09-11,2025-09-11,0001731122-25-001234,https://www.sec.gov/Archives/edgar/data/2038439/000173112225001234/e6843_8-k.htm,https://www.sec.gov/Archives/edgar/data/2038439/000173112225001234/e6843_8-k.htm,2025-09-11,2025-09-12 08:00:59,https://www.sec.gov/Archives/edgar/data/2038439/0001731122-25-001234-index.html,Item 1.01; Item 2.03; Item 3.02; Item 9.01,Item 1.01; Item 2.03; Item 3.02; Item 9.01,False,True,,e6843_ex10-1.htm; e6843_ex10-2.htm; e6843_ex10-3.htm,True,ATM,Tier-1,https://www.sec.gov/Archives/edgar/data/2038439/000173112225001234/e6843_8-k.htm,,True,Tier-1,Financing,,True,purchase_agreement;convertible;warrant;offering,
0002038439,"VisionWave Holdings, Inc.",VWAV,8-K,2025-11-18,2025-11-18,2025-11-18,0001731122-25-001563,https://www.sec.gov/Archives/edgar/data/2038439/000173112225001563/e7055_8-k.htm,https://www.sec.gov/Archives/edgar/data/2038439/000173112225001563/e7055_8-k.htm,2025-11-18,2025-11-18 16:31:10,https://www.sec.gov/Archives/edgar/data/2038439/0001731122-25-001563-index.html,Item 8.01; Item 9.01,Item 8.01; Item 9.01,True,True,e7055_ex99-1.htm,,True,ATM,Tier-1,https://www.sec.gov/Archives/edgar/data/2038439/000173112225001563/e7055_8-k.htm,,True,Tier-1,Financing,,True,purchase_agreement;equity_line;convertible;warrant;offering,
0002038439,"VisionWave Holdings, Inc.",VWAV,8-K/A,2025-07-18,2025-07-14,2025-07-14,0001731122-25-000994,https://www.sec.gov/Archives/edgar/data/2038439/000173112225000994/e6714_8ka.htm,https://www.sec.gov/Archives/edgar/data/2038439/000173112225000994/e6714_8ka.htm,2025-07-14,2025-07-18 16:04:16,https://www.sec.gov/Archives/edgar/data/2038439/0001731122-25-000994-index.html,Item 9.01,Item 9.01,True,True,e6714_ex99-1.htm,,True,ATM,Tier-1,https://www.sec.gov/Archives/edgar/data/2038439/000173112225000994/e6714_8ka.htm,,True,Tier-1,Financing,,True,purchase_agreement;equity_line;convertible;warrant;offering,
0002047235,"Winchester Bancorp, Inc./MD/",WSBK,8-K,2025-05-06,2025-04-30,2025-04-30,0000943374-25-000192,https://www.sec.gov/Archives/edgar/data/2047235/000094337425000192/form8k_043025.htm,https://www.sec.gov/Archives/edgar/data/2047235/000094337425000192/form8k_043025.htm,2025-04-30,2025-05-06 17:19:07,https://www.sec.gov/Archives/edgar/data/2047235/0000943374-25-000192-index.html,Item 8.01; Item 9.01,Item 8.01; Item 9.01,True,True,ex99-1_8k043025.htm,,True,ATM,Tier-1,https://www.sec.gov/Archives/edgar/data/2047235/000094337425000192/form8k_043025.htm,,True,Tier-1,Financing,,True,offering,
0002047235,"Winchester Bancorp, Inc./MD/",WSBK,8-K,2025-04-30,2025-04-29,2025-04-29,0000943374-25-000172,https://www.sec.gov/Archives/edgar/data/2047235/000094337425000172/form8k_042925.htm,https://www.sec.gov/Archives/edgar/data/2047235/000094337425000172/form8k_042925.htm,2025-04-29,2025-04-30 09:04:48,https://www.sec.gov/Archives/edgar/data/2047235/0000943374-25-000172-index.html,Item 8.01; Item 9.01,Item 8.01; Item 9.01,True,True,ex99-1_8k042925.htm,,True,ATM,Tier-1,https://www.sec.gov/Archives/edgar/data/2047235/000094337425000172/form8k_042925.htm,,True,Tier-1,Financing,,True,offering,
0002047235,"Winchester Bancorp, Inc./MD/",WSBK,8-K,2025-03-21,2025-03-21,2025-03-21,0001193125-25-060347,https://www.sec.gov/Archives/edgar/data/2047235/000119312525060347/d918166d8k.htm,https://www.sec.gov/Archives/edgar/data/2047235/000119312525060347/d918166d8k.htm,2025-03-21,2025-03-21 17:15:57,https://www.sec.gov/Archives/edgar/data/2047235/0001193125-25-060347-index.html,Item 8.01; Item 9.01,Item 8.01; Item 9.01,False,True,,,False,ATM,Tier-1,https://www.sec.gov/Archives/edgar/data/2047235/000119312525060347/d918166d8k.htm,,True,Tier-1,Financing,,True,offering,
0002047235,"Winchester Bancorp, Inc./MD/",WSBK,8-K,2025-03-20,2025-03-20,2025-03-20,0001193125-25-058404,https://www.sec.gov/Archives/edgar/data/2047235/000119312525058404/d902092d8k.htm,https://www.sec.gov/Archives/edgar/data/2047235/000119312525058404/d902092d8k.htm,2025-03-20,2025-03-20 09:02:07,https://www.sec.gov/Archives/edgar/data/2047235/0001193125-25-058404-index.html,Item 8.01; Item 9.01,Item 8.01; Item 9.01,False,True,,,False,ATM,Tier-1,https://www.sec.gov/Archives/edgar/data/2047235/000119312525058404/d902092d8k.htm,,True,Tier-1,Financing,,True,offering,
0002047235,"Winchester Bancorp, Inc./MD/",WSBK,8-K,2025-02-18,2025-02-11,2025-02-11,0001193125-25-028296,https://www.sec.gov/Archives/edgar/data/2047235/000119312525028296/d925775d8k.htm,https://www.sec.gov/Archives/edgar/data/2047235/000119312525028296/d925775d8k.htm,2025-02-11,2025-02-18 10:07:46,https://www.sec.gov/Archives/edgar/data/2047235/0001193125-25-028296-index.html,Item 1.01; Item 9.01,Item 1.01; Item 9.01,False,True,,d925775dex11.htm,True,ATM,Tier-1,https://www.sec.gov/Archives/edgar/data/2047235/000119312525028296/d925775d8k.htm,,True,Tier-1,Financing,,True,offering,
0002053927,Wintergreen Acquisition Corp.,WTGUU,8-K,2025-11-18,2025-11-17,2025-11-17,0001829126-25-009262,https://www.sec.gov/Archives/edgar/data/2053927/000182912625009262/wintergreenacq_8k.htm,https://www.sec.gov/Archives/edgar/data/2053927/000182912625009262/wintergreenacq_8k.htm,2025-11-17,2025-11-17 18:00:29,https://www.sec.gov/Archives/edgar/data/2053927/0001829126-25-009262-index.html,Item 1.01; Item 7.01; Item 9.01,Item 1.01; Item 7.01; Item 9.01,False,True,,wintergreenacq_ex2-1.htm; wintergreenacq_ex2-2.htm; wintergreenacq_ex2-3.htm; wintergreenacq_ex2-4.htm,True,ATM,Tier-1,https://www.sec.gov/Archives/edgar/data/2053927/000182912625009262/wintergreenacq_8k.htm,,True,Tier-1,Financing,,True,warrant,
0002053927,Wintergreen Acquisition Corp.,WTGUU,8-K,2025-07-17,2025-07-16,2025-07-16,0001829126-25-005115,https://www.sec.gov/Archives/edgar/data/2053927/000182912625005115/wintergreenacq_8k.htm,https://www.sec.gov/Archives/edgar/data/2053927/000182912625005115/wintergreenacq_8k.htm,2025-07-16,2025-07-17 16:47:24,https://www.sec.gov/Archives/edgar/data/2053927/0001829126-25-005115-index.html,Item 8.01; Item 9.01,Item 8.01; Item 9.01,True,True,wintergreen_ex99-1.htm,,True,ATM,Tier-1,https://www.sec.gov/Archives/edgar/data/2053927/000182912625005115/wintergreenacq_8k.htm,,True,Tier-1,Financing,,True,offering,
0002047235,"Winchester Bancorp, Inc./MD/",WSBK,8-K,2025-07-30,2025-07-30,2025-07-30,0000950170-25-100224,https://www.sec.gov/Archives/edgar/data/2047235/000095017025100224/wsbk-20250730.htm,https://www.sec.gov/Archives/edgar/data/2047235/000095017025100224/wsbk-20250730.htm,2025-07-30,2025-07-30 16:07:13,https://www.sec.gov/Archives/edgar/data/2047235/0000950170-25-100224-index.html,Item 2.02; Item 9.01,Item 2.02; Item 9.01,True,True,wsbk-ex99_1.htm,,True,ATM,Tier-1,https://www.sec.gov/Archives/edgar/data/2047235/000095017025100224/wsbk-20250730.htm,,True,Tier-1,Financing,,True,offering,
0002047235,"Winchester Bancorp, Inc./MD/",WSBK,8-K,2025-10-22,2025-10-22,2025-10-22,0001193125-25-246729,https://www.sec.gov/Archives/edgar/data/2047235/000119312525246729/wsbk-20251022.htm,https://www.sec.gov/Archives/edgar/data/2047235/000119312525246729/wsbk-20251022.htm,2025-10-22,2025-10-22 15:57:06,https://www.sec.gov/Archives/edgar/data/2047235/0001193125-25-246729-index.html,Item 2.02; Item 9.01,Item 2.02; Item 9.01,True,True,wsbk-ex99_1.htm,,True,ATM,Tier-1,https://www.sec.gov/Archives/edgar/data/2047235/000119312525246729/wsbk-20251022.htm,,True,Tier-1,Financing,,True,offering,
0002053927,Wintergreen Acquisition Corp.,WTGUU,8-K,2025-05-29,2025-05-28,2025-05-28,0001829126-25-004044,https://www.sec.gov/Archives/edgar/data/2053927/000182912625004044/wintergreenacq_8k.htm,https://www.sec.gov/Archives/edgar/data/2053927/000182912625004044/wintergreenacq_8k.htm,2025-05-28,2025-05-29 15:25:45,https://www.sec.gov/Archives/edgar/data/2053927/0001829126-25-004044-index.html,Item 1.01; Item 8.01; Item 9.01,Item 1.01; Item 8.01; Item 9.01,True,True,wintergreenacq_ex99-1.htm,wintergreenacq_ex1-1.htm; wintergreenacq_ex10-1.htm; wintergreenacq_ex10-2.htm; wintergreenacq_ex10-3.htm; wintergreenacq_ex10-4i.htm; wintergreenacq_ex10-4ii.htm; wintergreenacq_ex10-4iii.htm; wintergreenacq_ex10-4iv.htm; wintergreenacq_ex10-4v.htm; wintergreenacq_ex10-5.htm; wintergreenacq_ex10-6.htm,True,ATM,Tier-1,https://www.sec.gov/Archives/edgar/data/2053927/000182912625004044/wintergreenacq_8k.htm,,True,Tier-1,Financing,,True,purchase_agreement;underwriting_agreement;offering,
0002053927,Wintergreen Acquisition Corp.,WTGUU,8-K,2025-06-05,2025-05-30,2025-05-30,0001829126-25-004255,https://www.sec.gov/Archives/edgar/data/2053927/000182912625004255/wintergreenacq_8k.htm,https://www.sec.gov/Archives/edgar/data/2053927/000182912625004255/wintergreenacq_8k.htm,2025-05-30,2025-06-05 13:33:37,https://www.sec.gov/Archives/edgar/data/2053927/0001829126-25-004255-index.html,Item 3.02; Item 8.01; Item 9.01,Item 3.02; Item 8.01; Item 9.01,True,True,wintergreenacq_ex99-1.htm; wintergreenacq_ex99-2.htm,,True,ATM,Tier-1,https://www.sec.gov/Archives/edgar/data/2053927/000182912625004255/wintergreenacq_8k.htm,,True,Tier-1,Financing,,True,purchase_agreement;underwriting_agreement;convertible;warrant;offering,
0001288403,W&T OFFSHORE INC,WTI,8-K,2025-08-28,2025-08-28,2025-08-28,0001104659-25-084791,https://www.sec.gov/Archives/edgar/data/1288403/000110465925084791/tm2523664d2_8k.htm,https://www.sec.gov/Archives/edgar/data/1288403/000110465925084791/tm2523664d2_8k.htm,2025-08-28,2025-08-28 16:31:22,https://www.sec.gov/Archives/edgar/data/1288403/0001104659-25-084791-index.html,Item 1.01; Item 9.01,Item 1.01; Item 9.01,False,True,,tm2523664d2_ex1-1.htm,True,ATM,Tier-1,https://www.sec.gov/Archives/edgar/data/1288403/000110465925084791/tm2523664d2_8k.htm,,True,Tier-1,Financing,,True,atm;offering,
0001288403,W&T OFFSHORE INC,WTI,8-K,2025-06-17,2025-06-14,2025-06-14,0001104659-25-060067,https://www.sec.gov/Archives/edgar/data/1288403/000110465925060067/tm2518155d1_8k.htm,https://www.sec.gov/Archives/edgar/data/1288403/000110465925060067/tm2518155d1_8k.htm,2025-06-14,2025-06-17 07:01:46,https://www.sec.gov/Archives/edgar/data/1288403/0001104659-25-060067-index.html,Item 7.01; Item 8.01; Item 9.01,Item 7.01; Item 8.01; Item 9.01,True,True,tm2518155d1_ex99-1.htm; tm2518155d1_ex99-2.htm; tm2518155d1_ex99-3.htm,,True,FDA,Tier-1,https://www.sec.gov/Archives/edgar/data/1288403/000110465925060067/tm2518155d1_8k.htm,,True,Tier-2,,,False,,
0001288403,W&T OFFSHORE INC,WTI,8-K,2025-11-05,2025-11-05,2025-11-05,0001104659-25-107091,https://www.sec.gov/Archives/edgar/data/1288403/000110465925107091/wti-20251105x8k.htm,https://www.sec.gov/Archives/edgar/data/1288403/000110465925107091/wti-20251105x8k.htm,2025-11-05,2025-11-05 17:01:47,https://www.sec.gov/Archives/edgar/data/1288403/0001104659-25-107091-index.html,Item 2.02; Item 9.01,Item 2.02; Item 9.01,True,True,wti-20251105xex99d1.htm,,True,FDA,Tier-1,https://www.sec.gov/Archives/edgar/data/1288403/000110465925107091/wti-20251105x8k.htm,,True,Tier-2,,,False,,
0001288403,W&T OFFSHORE INC,WTI,8-K,2025-05-06,2025-05-06,2025-05-06,0001558370-25-006528,https://www.sec.gov/Archives/edgar/data/1288403/000155837025006528/wti-20250506x8k.htm,https://www.sec.gov/Archives/edgar/data/1288403/000155837025006528/wti-20250506x8k.htm,2025-05-06,2025-05-06 17:00:51,https://www.sec.gov/Archives/edgar/data/1288403/0001558370-25-006528-index.html,Item 2.02; Item 9.01,Item 2.02; Item 9.01,True,True,wti-20250506xex99d1.htm,,True,ATM,Tier-1,https://www.sec.gov/Archives/edgar/data/1288403/000155837025006528/wti-20250506x8k.htm,,True,Tier-1,Financing,,True,offering,
0001288403,W&T OFFSHORE INC,WTI,8-K,2025-02-03,2025-01-28,2025-01-28,0001104659-25-008711,https://www.sec.gov/Archives/edgar/data/1288403/000110465925008711/tm254674d2_8k.htm,https://www.sec.gov/Archives/edgar/data/1288403/000110465925008711/tm254674d2_8k.htm,2025-01-28,2025-02-03 17:22:36,https://www.sec.gov/Archives/edgar/data/1288403/0001104659-25-008711-index.html,Item 1.01; Item 1.02,Item 1.01; Item 1.02,False,True,,tm254674d2_ex10-1.htm; tm254674d2_ex10-2.htm,True,ATM,Tier-1,https://www.sec.gov/Archives/edgar/data/1288403/000110465925008711/tm254674d2_8k.htm,,True,Tier-1,Financing,,True,purchase_agreement;warrant;offering,
0001288403,W&T OFFSHORE INC,WTI,8-K,2025-08-04,2025-08-04,2025-08-04,0001558370-25-010109,https://www.sec.gov/Archives/edgar/data/1288403/000155837025010109/wti-20250804x8k.htm,https://www.sec.gov/Archives/edgar/data/1288403/000155837025010109/wti-20250804x8k.htm,2025-08-04,2025-08-04 16:40:45,https://www.sec.gov/Archives/edgar/data/1288403/0001558370-25-010109-index.html,Item 2.02; Item 9.01,Item 2.02; Item 9.01,True,True,wti-20250804xex99d1.htm,,True,FDA,Tier-1,https://www.sec.gov/Archives/edgar/data/1288403/000155837025010109/wti-20250804x8k.htm,,True,Tier-2,,,False,,
0001288403,W&T OFFSHORE INC,WTI,8-K,2025-01-29,2025-01-29,2025-01-29,0001104659-25-006983,https://www.sec.gov/Archives/edgar/data/1288403/000110465925006983/tm254674d1_8k.htm,https://www.sec.gov/Archives/edgar/data/1288403/000110465925006983/tm254674d1_8k.htm,2025-01-29,2025-01-29 07:15:23,https://www.sec.gov/Archives/edgar/data/1288403/0001104659-25-006983-index.html,Item 7.01,Item 7.01,True,True,tm254674d1_ex99-1.htm; tm254674d1_ex99-2.htm,,True,ATM,Tier-1,https://www.sec.gov/Archives/edgar/data/1288403/000110465925006983/tm254674d1_8k.htm,,True,Tier-1,Financing,,True,offering,
0001529113,"XTI Aerospace, Inc.",XTIA,8-K,2025-11-13,2025-11-13,2025-11-13,0001213900-25-110022,https://www.sec.gov/Archives/edgar/data/1529113/000121390025110022/ea026561001-8k_xti.htm,https://www.sec.gov/Archives/edgar/data/1529113/000121390025110022/ea026561001-8k_xti.htm,2025-11-13,2025-11-13 16:25:11,https://www.sec.gov/Archives/edgar/data/1529113/0001213900-25-110022-index.html,Item 8.01; Item 9.01,Item 8.01; Item 9.01,True,True,ea026561001-8kex99i_xti.htm,,True,ListingChange,Tier-1,https://www.sec.gov/Archives/edgar/data/1529113/000121390025110022/ea026561001-8k_xti.htm,,True,Tier-2,,,False,,
0001529113,"XTI Aerospace, Inc.",XTIA,8-K,2025-11-19,2025-11-19,2025-11-19,0001213900-25-112700,https://www.sec.gov/Archives/edgar/data/1529113/000121390025112700/ea0266488-8k_xti.htm,https://www.sec.gov/Archives/edgar/data/1529113/000121390025112700/ea0266488-8k_xti.htm,2025-11-19,2025-11-19 17:05:24,https://www.sec.gov/Archives/edgar/data/1529113/0001213900-25-112700-index.html,Item 2.02; Item 9.01,Item 2.02; Item 9.01,True,True,ea026648801ex99-1_xti.htm,,True,ATM,Tier-1,https://www.sec.gov/Archives/edgar/data/1529113/000121390025112700/ea0266488-8k_xti.htm,,True,Tier-1,Financing,,True,warrant;offering,
0001288403,W&T OFFSHORE INC,WTI,8-K,2025-03-03,2025-03-03,2025-03-03,0001558370-25-002050,https://www.sec.gov/Archives/edgar/data/1288403/000155837025002050/wti-20250303x8k.htm,https://www.sec.gov/Archives/edgar/data/1288403/000155837025002050/wti-20250303x8k.htm,2025-03-03,2025-03-03 16:50:20,https://www.sec.gov/Archives/edgar/data/1288403/0001558370-25-002050-index.html,Item 2.02; Item 9.01,Item 2.02; Item 9.01,True,True,wti-20250303xex99d1.htm,,True,ATM,Tier-1,https://www.sec.gov/Archives/edgar/data/1288403/000155837025002050/wti-20250303x8k.htm,,True,Tier-1,Financing,,True,offering,
0001529113,"XTI Aerospace, Inc.",XTIA,8-K,2025-10-30,2025-10-30,2025-10-30,0001213900-25-103779,https://www.sec.gov/Archives/edgar/data/1529113/000121390025103779/ea0263108-8k_xtiaero.htm,https://www.sec.gov/Archives/edgar/data/1529113/000121390025103779/ea0263108-8k_xtiaero.htm,2025-10-30,2025-10-30 08:00:44,https://www.sec.gov/Archives/edgar/data/1529113/0001213900-25-103779-index.html,Item 7.01; Item 9.01,Item 7.01; Item 9.01,True,True,ea026310801ex99-1_xtiaero.htm,,True,ATM,Tier-1,https://www.sec.gov/Archives/edgar/data/1529113/000121390025103779/ea0263108-8k_xtiaero.htm,,True,Tier-1,Financing,,True,warrant,
0001529113,"XTI Aerospace, Inc.",XTIA,8-K,2025-10-27,2025-10-21,2025-10-21,0001213900-25-102373,https://www.sec.gov/Archives/edgar/data/1529113/000121390025102373/ea0262559-8k_xtiaero.htm,https://www.sec.gov/Archives/edgar/data/1529113/000121390025102373/ea0262559-8k_xtiaero.htm,2025-10-21,2025-10-27 09:21:09,https://www.sec.gov/Archives/edgar/data/1529113/0001213900-25-102373-index.html,Item 1.01; Item 7.01; Item 9.01,Item 1.01; Item 7.01; Item 9.01,True,True,ea026255901ex99-1_xtiaero.htm,ea026255901ex10-1_xtiaero.htm,True,ATM,Tier-1,https://www.sec.gov/Archives/edgar/data/1529113/000121390025102373/ea0262559-8k_xtiaero.htm,,True,Tier-1,Financing,,True,convertible,
0001529113,"XTI Aerospace, Inc.",XTIA,8-K,2025-09-15,2025-09-12,2025-09-12,0001213900-25-087390,https://www.sec.gov/Archives/edgar/data/1529113/000121390025087390/ea0257228-8k_xtiaero.htm,https://www.sec.gov/Archives/edgar/data/1529113/000121390025087390/ea0257228-8k_xtiaero.htm,2025-09-12,2025-09-15 06:37:43,https://www.sec.gov/Archives/edgar/data/1529113/0001213900-25-087390-index.html,Item 1.01; Item 8.01; Item 9.01,Item 1.01; Item 8.01; Item 9.01,True,True,ea025722801ex99-1_xtiaero.htm; ea025722801ex99-2_xtiaero.htm,ea025722801ex10-1_xtiaero.htm; ea025722801ex10-2_xtiaero.htm,True,ATM,Tier-1,https://www.sec.gov/Archives/edgar/data/1529113/000121390025087390/ea0257228-8k_xtiaero.htm,,True,Tier-1,Financing,,True,atm;convertible;warrant;offering,
0001529113,"XTI Aerospace, Inc.",XTIA,8-K,2025-11-12,2025-11-10,2025-11-10,0001213900-25-108855,https://www.sec.gov/Archives/edgar/data/1529113/000121390025108855/ea0264722-8k_xtiaero.htm,https://www.sec.gov/Archives/edgar/data/1529113/000121390025108855/ea0264722-8k_xtiaero.htm,2025-11-10,2025-11-12 09:28:52,https://www.sec.gov/Archives/edgar/data/1529113/0001213900-25-108855-index.html,Item 1.01; Item 2.01; Item 3.02; Item 3.03; Item 7.01; Item 8.01; Item 9.01,Item 1.01; Item 2.01; Item 3.02; Item 3.03; Item 7.01; Item 8.01; Item 9.01,True,True,ea026472201ex99-1_xtiaero.htm; ea026472201ex99-2_xtiaero.htm; ea026472201ex99-3_xtiaero.htm; ea026472201ex99-4_xtiaero.htm; ea026472201ex99-5_xtiaero.htm,ea026472201ex2-1_xtiaero.htm; ea026472201ex2-2_xtiaero.htm; ea026472201ex10-1_xtiaero.htm; ea026472201ex10-2_xtiaero.htm; ea026472201ex10-3_xtiaero.htm; ea026472201ex10-4_xtiaero.htm; ea026472201ex10-5_xtiaero.htm; ea026472201ex10-6_xtiaero.htm; ea026472201ex10-7_xtiaero.htm; ea026472201ex10-8_xtiaero.htm; ea026472201ex23-1_xtiaero.htm,True,ATM,Tier-1,https://www.sec.gov/Archives/edgar/data/1529113/000121390025108855/ea0264722-8k_xtiaero.htm,,True,Tier-1,Financing,,True,spa;purchase_agreement;convertible;warrant;offering,
0001854139,Zevia PBC,ZVIA,8-K,2025-08-12,2025-08-12,2025-08-12,0001437749-25-026251,https://www.sec.gov/Archives/edgar/data/1854139/000143774925026251/zvia20250808_8k.htm,https://www.sec.gov/Archives/edgar/data/1854139/000143774925026251/zvia20250808_8k.htm,2025-08-12,2025-08-12 16:48:14,https://www.sec.gov/Archives/edgar/data/1854139/0001437749-25-026251-index.html,Item 1.01; Item 9.01,Item 1.01; Item 9.01,False,True,,ex_851587.htm,True,ATM,Tier-1,https://www.sec.gov/Archives/edgar/data/1854139/000143774925026251/zvia20250808_8k.htm,,True,Tier-1,Financing,,True,warrant;offering,
0001854139,Zevia PBC,ZVIA,8-K,2025-08-25,2025-08-25,2025-08-25,0001437749-25-027678,https://www.sec.gov/Archives/edgar/data/1854139/000143774925027678/zvia20250823_8k.htm,https://www.sec.gov/Archives/edgar/data/1854139/000143774925027678/zvia20250823_8k.htm,2025-08-25,2025-08-25 16:40:36,https://www.sec.gov/Archives/edgar/data/1854139/0001437749-25-027678-index.html,Item 7.01; Item 9.01,Item 7.01; Item 9.01,True,True,ex_856444.htm,,True,OtherEvent,Tier-2,https://www.sec.gov/Archives/edgar/data/1854139/000143774925027678/zvia20250823_8k.htm,,True,Tier-2,,,False,,
0001854139,Zevia PBC,ZVIA,8-K,2025-11-05,2025-11-05,2025-11-05,0001437749-25-033349,https://www.sec.gov/Archives/edgar/data/1854139/000143774925033349/zvia20250815_8k.htm,https://www.sec.gov/Archives/edgar/data/1854139/000143774925033349/zvia20250815_8k.htm,2025-11-05,2025-11-05 16:11:28,https://www.sec.gov/Archives/edgar/data/1854139/0001437749-25-033349-index.html,Item 2.02; Item 9.01,Item 2.02; Item 9.01,True,True,ex_854133.htm,,True,ATM,Tier-1,https://www.sec.gov/Archives/edgar/data/1854139/000143774925033349/zvia20250815_8k.htm,,True,Tier-1,Financing,,True,offering,
0001854139,Zevia PBC,ZVIA,8-K,2025-01-13,2025-01-13,2025-01-13,0000950170-25-004583,https://www.sec.gov/Archives/edgar/data/1854139/000095017025004583/zvia-20250113.htm,https://www.sec.gov/Archives/edgar/data/1854139/000095017025004583/zvia-20250113.htm,2025-01-13,2025-01-13 08:10:10,https://www.sec.gov/Archives/edgar/data/1854139/0000950170-25-004583-index.html,Item 2.02; Item 9.01,Item 2.02; Item 9.01,True,True,zvia-ex99_1.htm,,True,ATM,Tier-1,https://www.sec.gov/Archives/edgar/data/1854139/000095017025004583/zvia-20250113.htm,,True,Tier-1,Financing,,True,offering,
0001854139,Zevia PBC,ZVIA,8-K,2025-08-06,2025-08-06,2025-08-06,0000950170-25-104033,https://www.sec.gov/Archives/edgar/data/1854139/000095017025104033/zvia-20250806.htm,https://www.sec.gov/Archives/edgar/data/1854139/000095017025104033/zvia-20250806.htm,2025-08-06,2025-08-06 16:12:20,https://www.sec.gov/Archives/edgar/data/1854139/0000950170-25-104033-index.html,Item 2.02; Item 9.01,Item 2.02; Item 9.01,True,True,zvia-ex99_1.htm,,True,ATM,Tier-1,https://www.sec.gov/Archives/edgar/data/1854139/000095017025104033/zvia-20250806.htm,,True,Tier-1,Financing,,True,offering,
0001854139,Zevia PBC,ZVIA,8-K,2025-05-07,2025-05-07,2025-05-07,0000950170-25-065642,https://www.sec.gov/Archives/edgar/data/1854139/000095017025065642/zvia-20250507.htm,https://www.sec.gov/Archives/edgar/data/1854139/000095017025065642/zvia-20250507.htm,2025-05-07,2025-05-07 16:07:09,https://www.sec.gov/Archives/edgar/data/1854139/0000950170-25-065642-index.html,Item 2.02; Item 9.01,Item 2.02; Item 9.01,True,True,zvia-ex99_1.htm,,True,ATM,Tier-1,https://www.sec.gov/Archives/edgar/data/1854139/000095017025065642/zvia-20250507.htm,,True,Tier-1,Financing,,True,offering,
0001854139,Zevia PBC,ZVIA,8-K,2025-02-26,2025-02-26,2025-02-26,0000950170-25-027326,https://www.sec.gov/Archives/edgar/data/1854139/000095017025027326/zvia-20250226.htm,https://www.sec.gov/Archives/edgar/data/1854139/000095017025027326/zvia-20250226.htm,2025-02-26,2025-02-26 07:10:11,https://www.sec.gov/Archives/edgar/data/1854139/0000950170-25-027326-index.html,Item 2.02; Item 9.01,Item 2.02; Item 9.01,True,True,zvia-ex99_1.htm,,True,ATM,Tier-1,https://www.sec.gov/Archives/edgar/data/1854139/000095017025027326/zvia-20250226.htm,,True,Tier-1,Financing,,True,offering,
0000846475,ZYNEX INC,ZYXI,8-K,2025-10-14,2025-10-07,2025-10-07,0001104659-25-099361,https://www.sec.gov/Archives/edgar/data/846475/000110465925099361/zyxi-20251007x8k.htm,https://www.sec.gov/Archives/edgar/data/846475/000110465925099361/zyxi-20251007x8k.htm,2025-10-07,2025-10-14 17:29:10,https://www.sec.gov/Archives/edgar/data/846475/0001104659-25-099361-index.html,Item 5.02; Item 7.01; Item 9.01,Item 5.02; Item 7.01; Item 9.01,True,True,zyxi-20251007xex99.htm,,True,ATM,Tier-1,https://www.sec.gov/Archives/edgar/data/846475/000110465925099361/zyxi-20251007x8k.htm,,True,Tier-1,Financing,,True,warrant,
0001854139,Zevia PBC,ZVIA,8-K,2024-11-06,2024-11-06,2024-11-06,0000950170-24-121808,https://www.sec.gov/Archives/edgar/data/1854139/000095017024121808/zvia-20241106.htm,https://www.sec.gov/Archives/edgar/data/1854139/000095017024121808/zvia-20241106.htm,2024-11-06,2024-11-06 07:10:08,https://www.sec.gov/Archives/edgar/data/1854139/0000950170-24-121808-index.html,Item 2.02; Item 9.01,Item 2.02; Item 9.01,True,True,zvia-ex99_1.htm,,True,ATM,Tier-1,https://www.sec.gov/Archives/edgar/data/1854139/000095017024121808/zvia-20241106.htm,,True,Tier-1,Financing,,True,offering,
0000846475,ZYNEX INC,ZYXI,8-K,2025-11-17,2025-11-17,2025-11-17,0001104659-25-113276,https://www.sec.gov/Archives/edgar/data/846475/000110465925113276/zyxi-20251117x8k.htm,https://www.sec.gov/Archives/edgar/data/846475/000110465925113276/zyxi-20251117x8k.htm,2025-11-17,2025-11-17 17:17:42,https://www.sec.gov/Archives/edgar/data/846475/0001104659-25-113276-index.html,Item 2.02; Item 9.01,Item 2.02; Item 9.01,True,True,zyxi-20251117xex99.htm,,True,ATM,Tier-1,https://www.sec.gov/Archives/edgar/data/846475/000110465925113276/zyxi-20251117x8k.htm,,True,Tier-1,Financing,,True,convertible;warrant,
0000846475,ZYNEX INC,ZYXI,8-K,2025-08-20,2025-08-18,2025-08-18,0001558370-25-011685,https://www.sec.gov/Archives/edgar/data/846475/000155837025011685/zyxi-20250818x8k.htm,https://www.sec.gov/Archives/edgar/data/846475/000155837025011685/zyxi-20250818x8k.htm,2025-08-18,2025-08-20 08:15:47,https://www.sec.gov/Archives/edgar/data/846475/0001558370-25-011685-index.html,Item 5.02,Item 5.02,True,True,zyxi-20250818xex99d1.htm,,True,ATM,Tier-1,https://www.sec.gov/Archives/edgar/data/846475/000155837025011685/zyxi-20250818x8k.htm,,True,Tier-1,Financing,,True,warrant,
0000846475,ZYNEX INC,ZYXI,8-K,2025-07-02,2025-06-30,2025-06-30,0001558370-25-009040,https://www.sec.gov/Archives/edgar/data/846475/000155837025009040/zyxi-20250630x8k.htm,https://www.sec.gov/Archives/edgar/data/846475/000155837025009040/zyxi-20250630x8k.htm,2025-06-30,2025-07-02 09:00:12,https://www.sec.gov/Archives/edgar/data/846475/0001558370-25-009040-index.html,Item 9.01; Item 7.01,Item 9.01; Item 7.01,True,True,zyxi-20250630xex99d1.htm,zyxi-20250630xex10d1.htm; zyxi-20250630xex10d2.htm,True,ATM,Tier-1,https://www.sec.gov/Archives/edgar/data/846475/000155837025009040/zyxi-20250630x8k.htm,,True,Tier-1,Financing,,True,warrant,
0000846475,ZYNEX INC,ZYXI,8-K,2025-07-02,2025-07-02,2025-07-02,0001558370-25-009065,https://www.sec.gov/Archives/edgar/data/846475/000155837025009065/zyxi-20250702x8k.htm,https://www.sec.gov/Archives/edgar/data/846475/000155837025009065/zyxi-20250702x8k.htm,2025-07-02,2025-07-02 17:20:08,https://www.sec.gov/Archives/edgar/data/846475/0001558370-25-009065-index.html,Item 8.01; Item 9.01,Item 8.01; Item 9.01,True,True,zyxi-20250702xex99d1.htm,,True,ATM,Tier-1,https://www.sec.gov/Archives/edgar/data/846475/000155837025009065/zyxi-20250702x8k.htm,,True,Tier-1,Financing,,True,warrant,
0000846475,ZYNEX INC,ZYXI,8-K,2025-07-31,2025-07-31,2025-07-31,0001558370-25-009895,https://www.sec.gov/Archives/edgar/data/846475/000155837025009895/zyxi-20250731x8k.htm,https://www.sec.gov/Archives/edgar/data/846475/000155837025009895/zyxi-20250731x8k.htm,2025-07-31,2025-07-31 16:49:51,https://www.sec.gov/Archives/edgar/data/846475/0001558370-25-009895-index.html,Item 2.02; Item 9.01,Item 2.02; Item 9.01,True,True,zyxi-20250731xex99d1.htm,,True,ATM,Tier-1,https://www.sec.gov/Archives/edgar/data/846475/000155837025009895/zyxi-20250731x8k.htm,,True,Tier-1,Financing,,True,convertible;warrant,
