Ticker,Company,CIK,event_date,event_type,event_tier,primary_source_url,secondary_source_url,Form,FilingDate,EventDate,DateOfReport,AccessionNo,FilingURL,FilingUrlTxt,PeriodOfReport,AcceptanceDateTime,HomepageURL,ItemsPresent,ItemsNormalized,EventType,EventTier,PrimarySourceURL,SecondarySourceURL,Tier,EventDate_canonical,PrimarySource,SecondarySource
ABAT,AMERICAN BATTERY TECHNOLOGY Co,0001576873,2025-11-13,OtherEvent,Tier-2,https://www.sec.gov/Archives/edgar/data/1576873/000149315225023902/form8-k.htm,https://www.sec.gov/Archives/edgar/data/1576873/0001493152-25-023902-index.html,8-K,2025-11-17,2025-11-13,2025-11-13,0001493152-25-023902,https://www.sec.gov/Archives/edgar/data/1576873/000149315225023902/form8-k.htm,https://www.sec.gov/Archives/edgar/data/1576873/000149315225023902/form8-k.htm,2025-11-13,2025-11-17 16:45:44,https://www.sec.gov/Archives/edgar/data/1576873/0001493152-25-023902-index.html,Item 5.07; Item 7.01; Item 9.01,Item 5.07; Item 7.01; Item 9.01,OtherEvent,Tier-2,https://www.sec.gov/Archives/edgar/data/1576873/000149315225023902/form8-k.htm,,Tier-2,2025-11-13,https://www.sec.gov/Archives/edgar/data/1576873/000149315225023902/form8-k.htm,https://www.sec.gov/Archives/edgar/data/1576873/0001493152-25-023902-index.html
ABAT,AMERICAN BATTERY TECHNOLOGY Co,0001576873,2025-09-19,ATM,Tier-1,https://www.sec.gov/Archives/edgar/data/1576873/000149315225014321/form8-k.htm,https://www.sec.gov/Archives/edgar/data/1576873/0001493152-25-014321-index.html,8-K,2025-09-19,2025-09-19,2025-09-19,0001493152-25-014321,https://www.sec.gov/Archives/edgar/data/1576873/000149315225014321/form8-k.htm,https://www.sec.gov/Archives/edgar/data/1576873/000149315225014321/form8-k.htm,2025-09-19,2025-09-19 17:20:09,https://www.sec.gov/Archives/edgar/data/1576873/0001493152-25-014321-index.html,Item 8.01,Item 8.01,ATM,Tier-1,https://www.sec.gov/Archives/edgar/data/1576873/000149315225014321/form8-k.htm,,Tier-1,2025-09-19,https://www.sec.gov/Archives/edgar/data/1576873/000149315225014321/form8-k.htm,https://www.sec.gov/Archives/edgar/data/1576873/0001493152-25-014321-index.html
ABAT,AMERICAN BATTERY TECHNOLOGY Co,0001576873,2025-10-13,FDA,Tier-1,https://www.sec.gov/Archives/edgar/data/1576873/000149315225018037/form8-k.htm,https://www.sec.gov/Archives/edgar/data/1576873/0001493152-25-018037-index.html,8-K,2025-10-14,2025-10-13,2025-10-13,0001493152-25-018037,https://www.sec.gov/Archives/edgar/data/1576873/000149315225018037/form8-k.htm,https://www.sec.gov/Archives/edgar/data/1576873/000149315225018037/form8-k.htm,2025-10-13,2025-10-14 17:00:31,https://www.sec.gov/Archives/edgar/data/1576873/0001493152-25-018037-index.html,Item 7.01; Item 9.01,Item 7.01; Item 9.01,FDA,Tier-1,https://www.sec.gov/Archives/edgar/data/1576873/000149315225018037/form8-k.htm,,Tier-1,2025-10-13,https://www.sec.gov/Archives/edgar/data/1576873/000149315225018037/form8-k.htm,https://www.sec.gov/Archives/edgar/data/1576873/0001493152-25-018037-index.html
ABAT,AMERICAN BATTERY TECHNOLOGY Co,0001576873,2025-09-22,OtherEvent,Tier-2,https://www.sec.gov/Archives/edgar/data/1576873/000149315225014657/form8-k.htm,https://www.sec.gov/Archives/edgar/data/1576873/0001493152-25-014657-index.html,8-K,2025-09-23,2025-09-22,2025-09-22,0001493152-25-014657,https://www.sec.gov/Archives/edgar/data/1576873/000149315225014657/form8-k.htm,https://www.sec.gov/Archives/edgar/data/1576873/000149315225014657/form8-k.htm,2025-09-22,2025-09-23 17:01:02,https://www.sec.gov/Archives/edgar/data/1576873/0001493152-25-014657-index.html,Item 2.02; Item 9.01,Item 2.02; Item 9.01,OtherEvent,Tier-2,https://www.sec.gov/Archives/edgar/data/1576873/000149315225014657/form8-k.htm,,Tier-2,2025-09-22,https://www.sec.gov/Archives/edgar/data/1576873/000149315225014657/form8-k.htm,https://www.sec.gov/Archives/edgar/data/1576873/0001493152-25-014657-index.html
ABAT,AMERICAN BATTERY TECHNOLOGY Co,0001576873,2025-09-18,FDA,Tier-1,https://www.sec.gov/Archives/edgar/data/1576873/000149315225014076/form8-k.htm,https://www.sec.gov/Archives/edgar/data/1576873/0001493152-25-014076-index.html,8-K,2025-09-18,2025-09-18,2025-09-18,0001493152-25-014076,https://www.sec.gov/Archives/edgar/data/1576873/000149315225014076/form8-k.htm,https://www.sec.gov/Archives/edgar/data/1576873/000149315225014076/form8-k.htm,2025-09-18,2025-09-18 16:36:33,https://www.sec.gov/Archives/edgar/data/1576873/0001493152-25-014076-index.html,Item 2.02; Item 9.01,Item 2.02; Item 9.01,FDA,Tier-1,https://www.sec.gov/Archives/edgar/data/1576873/000149315225014076/form8-k.htm,,Tier-1,2025-09-18,https://www.sec.gov/Archives/edgar/data/1576873/000149315225014076/form8-k.htm,https://www.sec.gov/Archives/edgar/data/1576873/0001493152-25-014076-index.html
ABAT,AMERICAN BATTERY TECHNOLOGY Co,0001576873,2025-07-28,Financing,Tier-1,https://www.sec.gov/Archives/edgar/data/1576873/000164117225021929/form8-k.htm,https://www.sec.gov/Archives/edgar/data/1576873/0001641172-25-021929-index.html,8-K,2025-08-01,2025-07-28,2025-07-28,0001641172-25-021929,https://www.sec.gov/Archives/edgar/data/1576873/000164117225021929/form8-k.htm,https://www.sec.gov/Archives/edgar/data/1576873/000164117225021929/form8-k.htm,2025-07-28,2025-08-01 17:00:42,https://www.sec.gov/Archives/edgar/data/1576873/0001641172-25-021929-index.html,Item 1.02,Item 1.02,Financing,Tier-1,https://www.sec.gov/Archives/edgar/data/1576873/000164117225021929/form8-k.htm,,Tier-1,2025-07-28,https://www.sec.gov/Archives/edgar/data/1576873/000164117225021929/form8-k.htm,https://www.sec.gov/Archives/edgar/data/1576873/0001641172-25-021929-index.html
AGEN,AGENUS INC,0001098972,2025-11-10,ATM,Tier-1,https://www.sec.gov/Archives/edgar/data/1098972/000119312525273266/agen-20251110.htm,https://www.sec.gov/Archives/edgar/data/1098972/0001193125-25-273266-index.html,8-K,2025-11-10,2025-11-10,2025-11-10,0001193125-25-273266,https://www.sec.gov/Archives/edgar/data/1098972/000119312525273266/agen-20251110.htm,https://www.sec.gov/Archives/edgar/data/1098972/000119312525273266/agen-20251110.htm,2025-11-10,2025-11-10 07:32:25,https://www.sec.gov/Archives/edgar/data/1098972/0001193125-25-273266-index.html,Item 2.02; Item 9.01,Item 2.02; Item 9.01,ATM,Tier-1,https://www.sec.gov/Archives/edgar/data/1098972/000119312525273266/agen-20251110.htm,,Tier-1,2025-11-10,https://www.sec.gov/Archives/edgar/data/1098972/000119312525273266/agen-20251110.htm,https://www.sec.gov/Archives/edgar/data/1098972/0001193125-25-273266-index.html
AGEN,AGENUS INC,0001098972,2025-10-08,ATM,Tier-1,https://www.sec.gov/Archives/edgar/data/1098972/000119312525235819/agen-20251008.htm,https://www.sec.gov/Archives/edgar/data/1098972/0001193125-25-235819-index.html,8-K,2025-10-09,2025-10-08,2025-10-08,0001193125-25-235819,https://www.sec.gov/Archives/edgar/data/1098972/000119312525235819/agen-20251008.htm,https://www.sec.gov/Archives/edgar/data/1098972/000119312525235819/agen-20251008.htm,2025-10-08,2025-10-09 16:05:27,https://www.sec.gov/Archives/edgar/data/1098972/0001193125-25-235819-index.html,Item 1.01; Item 2.03,Item 1.01; Item 2.03,ATM,Tier-1,https://www.sec.gov/Archives/edgar/data/1098972/000119312525235819/agen-20251008.htm,,Tier-1,2025-10-08,https://www.sec.gov/Archives/edgar/data/1098972/000119312525235819/agen-20251008.htm,https://www.sec.gov/Archives/edgar/data/1098972/0001193125-25-235819-index.html
AGEN,AGENUS INC,0001098972,2025-09-17,Financing,Tier-1,https://www.sec.gov/Archives/edgar/data/1098972/000119312525213574/agen-20250917.htm,https://www.sec.gov/Archives/edgar/data/1098972/0001193125-25-213574-index.html,8-K,2025-09-23,2025-09-17,2025-09-17,0001193125-25-213574,https://www.sec.gov/Archives/edgar/data/1098972/000119312525213574/agen-20250917.htm,https://www.sec.gov/Archives/edgar/data/1098972/000119312525213574/agen-20250917.htm,2025-09-17,2025-09-23 17:12:12,https://www.sec.gov/Archives/edgar/data/1098972/0001193125-25-213574-index.html,Item 8.01,Item 8.01,Financing,Tier-1,https://www.sec.gov/Archives/edgar/data/1098972/000119312525213574/agen-20250917.htm,,Tier-1,2025-09-17,https://www.sec.gov/Archives/edgar/data/1098972/000119312525213574/agen-20250917.htm,https://www.sec.gov/Archives/edgar/data/1098972/0001193125-25-213574-index.html
AGEN,AGENUS INC,0001098972,2025-08-11,ATM,Tier-1,https://www.sec.gov/Archives/edgar/data/1098972/000095017025106235/agen-20250811.htm,https://www.sec.gov/Archives/edgar/data/1098972/0000950170-25-106235-index.html,8-K,2025-08-11,2025-08-11,2025-08-11,0000950170-25-106235,https://www.sec.gov/Archives/edgar/data/1098972/000095017025106235/agen-20250811.htm,https://www.sec.gov/Archives/edgar/data/1098972/000095017025106235/agen-20250811.htm,2025-08-11,2025-08-11 07:31:27,https://www.sec.gov/Archives/edgar/data/1098972/0000950170-25-106235-index.html,Item 2.02; Item 9.01,Item 2.02; Item 9.01,ATM,Tier-1,https://www.sec.gov/Archives/edgar/data/1098972/000095017025106235/agen-20250811.htm,,Tier-1,2025-08-11,https://www.sec.gov/Archives/edgar/data/1098972/000095017025106235/agen-20250811.htm,https://www.sec.gov/Archives/edgar/data/1098972/0000950170-25-106235-index.html
AIRS,"Airsculpt Technologies, Inc.",0001870940,2025-11-14,ATM,Tier-1,https://www.sec.gov/Archives/edgar/data/1870940/000110465925113294/tm2531412d1_8k.htm,https://www.sec.gov/Archives/edgar/data/1870940/0001104659-25-113294-index.html,8-K,2025-11-18,2025-11-14,2025-11-14,0001104659-25-113294,https://www.sec.gov/Archives/edgar/data/1870940/000110465925113294/tm2531412d1_8k.htm,https://www.sec.gov/Archives/edgar/data/1870940/000110465925113294/tm2531412d1_8k.htm,2025-11-14,2025-11-17 18:10:40,https://www.sec.gov/Archives/edgar/data/1870940/0001104659-25-113294-index.html,Item 9.01,Item 9.01,ATM,Tier-1,https://www.sec.gov/Archives/edgar/data/1870940/000110465925113294/tm2531412d1_8k.htm,,Tier-1,2025-11-14,https://www.sec.gov/Archives/edgar/data/1870940/000110465925113294/tm2531412d1_8k.htm,https://www.sec.gov/Archives/edgar/data/1870940/0001104659-25-113294-index.html
AGEN,AGENUS INC,0001098972,2025-06-03,ATM,Tier-1,https://www.sec.gov/Archives/edgar/data/1098972/000095017025081674/agen-20250603.htm,https://www.sec.gov/Archives/edgar/data/1098972/0000950170-25-081674-index.html,8-K,2025-06-04,2025-06-03,2025-06-03,0000950170-25-081674,https://www.sec.gov/Archives/edgar/data/1098972/000095017025081674/agen-20250603.htm,https://www.sec.gov/Archives/edgar/data/1098972/000095017025081674/agen-20250603.htm,2025-06-03,2025-06-04 16:37:44,https://www.sec.gov/Archives/edgar/data/1098972/0000950170-25-081674-index.html,Item 1.01; Item 7.01; Item 9.01,Item 1.01; Item 7.01; Item 9.01,ATM,Tier-1,https://www.sec.gov/Archives/edgar/data/1098972/000095017025081674/agen-20250603.htm,,Tier-1,2025-06-03,https://www.sec.gov/Archives/edgar/data/1098972/000095017025081674/agen-20250603.htm,https://www.sec.gov/Archives/edgar/data/1098972/0000950170-25-081674-index.html
AIRS,"Airsculpt Technologies, Inc.",0001870940,2025-11-07,ATM,Tier-1,https://www.sec.gov/Archives/edgar/data/1870940/000187094025000037/airs-20251107.htm,https://www.sec.gov/Archives/edgar/data/1870940/0001870940-25-000037-index.html,8-K,2025-11-07,2025-11-07,2025-11-07,0001870940-25-000037,https://www.sec.gov/Archives/edgar/data/1870940/000187094025000037/airs-20251107.htm,https://www.sec.gov/Archives/edgar/data/1870940/000187094025000037/airs-20251107.htm,2025-11-07,2025-11-07 06:08:27,https://www.sec.gov/Archives/edgar/data/1870940/0001870940-25-000037-index.html,Item 2.02; Item 5.02,Item 2.02; Item 5.02,ATM,Tier-1,https://www.sec.gov/Archives/edgar/data/1870940/000187094025000037/airs-20251107.htm,,Tier-1,2025-11-07,https://www.sec.gov/Archives/edgar/data/1870940/000187094025000037/airs-20251107.htm,https://www.sec.gov/Archives/edgar/data/1870940/0001870940-25-000037-index.html
AIRS,"Airsculpt Technologies, Inc.",0001870940,2025-06-09,ATM,Tier-1,https://www.sec.gov/Archives/edgar/data/1870940/000110465925058544/tm2517716d1_8k.htm,https://www.sec.gov/Archives/edgar/data/1870940/0001104659-25-058544-index.html,8-K,2025-06-11,2025-06-09,2025-06-09,0001104659-25-058544,https://www.sec.gov/Archives/edgar/data/1870940/000110465925058544/tm2517716d1_8k.htm,https://www.sec.gov/Archives/edgar/data/1870940/000110465925058544/tm2517716d1_8k.htm,2025-06-09,2025-06-11 16:15:43,https://www.sec.gov/Archives/edgar/data/1870940/0001104659-25-058544-index.html,Item 1.01; Item 8.01; Item 9.01,Item 1.01; Item 8.01; Item 9.01,ATM,Tier-1,https://www.sec.gov/Archives/edgar/data/1870940/000110465925058544/tm2517716d1_8k.htm,,Tier-1,2025-06-09,https://www.sec.gov/Archives/edgar/data/1870940/000110465925058544/tm2517716d1_8k.htm,https://www.sec.gov/Archives/edgar/data/1870940/0001104659-25-058544-index.html
AIRS,"Airsculpt Technologies, Inc.",0001870940,2025-08-01,ATM,Tier-1,https://www.sec.gov/Archives/edgar/data/1870940/000187094025000028/airs-20250801.htm,https://www.sec.gov/Archives/edgar/data/1870940/0001870940-25-000028-index.html,8-K,2025-08-01,2025-08-01,2025-08-01,0001870940-25-000028,https://www.sec.gov/Archives/edgar/data/1870940/000187094025000028/airs-20250801.htm,https://www.sec.gov/Archives/edgar/data/1870940/000187094025000028/airs-20250801.htm,2025-08-01,2025-08-01 06:06:52,https://www.sec.gov/Archives/edgar/data/1870940/0001870940-25-000028-index.html,Item 2.02; Item 5.02,Item 2.02; Item 5.02,ATM,Tier-1,https://www.sec.gov/Archives/edgar/data/1870940/000187094025000028/airs-20250801.htm,,Tier-1,2025-08-01,https://www.sec.gov/Archives/edgar/data/1870940/000187094025000028/airs-20250801.htm,https://www.sec.gov/Archives/edgar/data/1870940/0001870940-25-000028-index.html
AISP,"Airship AI Holdings, Inc.",0001842566,2025-10-08,ATM,Tier-1,https://www.sec.gov/Archives/edgar/data/1842566/000165495425011611/airsp_8k.htm,https://www.sec.gov/Archives/edgar/data/1842566/0001654954-25-011611-index.html,8-K,2025-10-09,2025-10-08,2025-10-08,0001654954-25-011611,https://www.sec.gov/Archives/edgar/data/1842566/000165495425011611/airsp_8k.htm,https://www.sec.gov/Archives/edgar/data/1842566/000165495425011611/airsp_8k.htm,2025-10-08,2025-10-09 16:17:25,https://www.sec.gov/Archives/edgar/data/1842566/0001654954-25-011611-index.html,Item 1.01; Item 3.02; Item 3.03; Item 9.01,Item 1.01; Item 3.02; Item 3.03; Item 9.01,ATM,Tier-1,https://www.sec.gov/Archives/edgar/data/1842566/000165495425011611/airsp_8k.htm,,Tier-1,2025-10-08,https://www.sec.gov/Archives/edgar/data/1842566/000165495425011611/airsp_8k.htm,https://www.sec.gov/Archives/edgar/data/1842566/0001654954-25-011611-index.html
AISP,"Airship AI Holdings, Inc.",0001842566,2025-07-31,ATM,Tier-1,https://www.sec.gov/Archives/edgar/data/1842566/000165495425008859/airsp_8k.htm,https://www.sec.gov/Archives/edgar/data/1842566/0001654954-25-008859-index.html,8-K,2025-08-01,2025-07-31,2025-07-31,0001654954-25-008859,https://www.sec.gov/Archives/edgar/data/1842566/000165495425008859/airsp_8k.htm,https://www.sec.gov/Archives/edgar/data/1842566/000165495425008859/airsp_8k.htm,2025-07-31,2025-08-01 16:15:43,https://www.sec.gov/Archives/edgar/data/1842566/0001654954-25-008859-index.html,Item 8.01; Item 9.01,Item 8.01; Item 9.01,ATM,Tier-1,https://www.sec.gov/Archives/edgar/data/1842566/000165495425008859/airsp_8k.htm,,Tier-1,2025-07-31,https://www.sec.gov/Archives/edgar/data/1842566/000165495425008859/airsp_8k.htm,https://www.sec.gov/Archives/edgar/data/1842566/0001654954-25-008859-index.html
AISP,"Airship AI Holdings, Inc.",0001842566,2025-11-17,ATM,Tier-1,https://www.sec.gov/Archives/edgar/data/1842566/000165495425013123/airsp_8k.htm,https://www.sec.gov/Archives/edgar/data/1842566/0001654954-25-013123-index.html,8-K,2025-11-17,2025-11-17,2025-11-17,0001654954-25-013123,https://www.sec.gov/Archives/edgar/data/1842566/000165495425013123/airsp_8k.htm,https://www.sec.gov/Archives/edgar/data/1842566/000165495425013123/airsp_8k.htm,2025-11-17,2025-11-17 09:01:28,https://www.sec.gov/Archives/edgar/data/1842566/0001654954-25-013123-index.html,Item 2.02; Item 7.01; Item 9.01,Item 2.02; Item 7.01; Item 9.01,ATM,Tier-1,https://www.sec.gov/Archives/edgar/data/1842566/000165495425013123/airsp_8k.htm,,Tier-1,2025-11-17,https://www.sec.gov/Archives/edgar/data/1842566/000165495425013123/airsp_8k.htm,https://www.sec.gov/Archives/edgar/data/1842566/0001654954-25-013123-index.html
ALTO,"Alto Ingredients, Inc.",0000778164,2025-11-05,GuidanceUp,Tier-1,https://www.sec.gov/Archives/edgar/data/778164/000121390025106654/ea0264140-8k_altoingred.htm,https://www.sec.gov/Archives/edgar/data/778164/0001213900-25-106654-index.html,8-K,2025-11-05,2025-11-05,2025-11-05,0001213900-25-106654,https://www.sec.gov/Archives/edgar/data/778164/000121390025106654/ea0264140-8k_altoingred.htm,https://www.sec.gov/Archives/edgar/data/778164/000121390025106654/ea0264140-8k_altoingred.htm,2025-11-05,2025-11-05 16:15:28,https://www.sec.gov/Archives/edgar/data/778164/0001213900-25-106654-index.html,Item 2.02; Item 9.01,Item 2.02; Item 9.01,GuidanceUp,Tier-1,https://www.sec.gov/Archives/edgar/data/778164/000121390025106654/ea0264140-8k_altoingred.htm,,Tier-1,2025-11-05,https://www.sec.gov/Archives/edgar/data/778164/000121390025106654/ea0264140-8k_altoingred.htm,https://www.sec.gov/Archives/edgar/data/778164/0001213900-25-106654-index.html
AMTX,"AEMETIS, INC",0000738214,2025-10-15,Financing,Tier-1,https://www.sec.gov/Archives/edgar/data/738214/000143774925031431/amtx20251021_8k.htm,https://www.sec.gov/Archives/edgar/data/738214/0001437749-25-031431-index.html,8-K,2025-10-21,2025-10-15,2025-10-15,0001437749-25-031431,https://www.sec.gov/Archives/edgar/data/738214/000143774925031431/amtx20251021_8k.htm,https://www.sec.gov/Archives/edgar/data/738214/000143774925031431/amtx20251021_8k.htm,2025-10-15,2025-10-21 17:02:28,https://www.sec.gov/Archives/edgar/data/738214/0001437749-25-031431-index.html,Item 1.01; Item 9.01,Item 1.01; Item 9.01,Financing,Tier-1,https://www.sec.gov/Archives/edgar/data/738214/000143774925031431/amtx20251021_8k.htm,,Tier-1,2025-10-15,https://www.sec.gov/Archives/edgar/data/738214/000143774925031431/amtx20251021_8k.htm,https://www.sec.gov/Archives/edgar/data/738214/0001437749-25-031431-index.html
ALTO,"Alto Ingredients, Inc.",0000778164,2025-08-06,GuidanceUp,Tier-1,https://www.sec.gov/Archives/edgar/data/778164/000121390025072564/ea0251984-8k_altoingred.htm,https://www.sec.gov/Archives/edgar/data/778164/0001213900-25-072564-index.html,8-K,2025-08-06,2025-08-06,2025-08-06,0001213900-25-072564,https://www.sec.gov/Archives/edgar/data/778164/000121390025072564/ea0251984-8k_altoingred.htm,https://www.sec.gov/Archives/edgar/data/778164/000121390025072564/ea0251984-8k_altoingred.htm,2025-08-06,2025-08-06 16:19:40,https://www.sec.gov/Archives/edgar/data/778164/0001213900-25-072564-index.html,Item 2.02; Item 9.01,Item 2.02; Item 9.01,GuidanceUp,Tier-1,https://www.sec.gov/Archives/edgar/data/778164/000121390025072564/ea0251984-8k_altoingred.htm,,Tier-1,2025-08-06,https://www.sec.gov/Archives/edgar/data/778164/000121390025072564/ea0251984-8k_altoingred.htm,https://www.sec.gov/Archives/edgar/data/778164/0001213900-25-072564-index.html
AMTX,"AEMETIS, INC",0000738214,2025-11-06,ContractAward,Tier-1,https://www.sec.gov/Archives/edgar/data/738214/000143774925033473/amtx20251104_8k.htm,https://www.sec.gov/Archives/edgar/data/738214/0001437749-25-033473-index.html,8-K,2025-11-06,2025-11-06,2025-11-06,0001437749-25-033473,https://www.sec.gov/Archives/edgar/data/738214/000143774925033473/amtx20251104_8k.htm,https://www.sec.gov/Archives/edgar/data/738214/000143774925033473/amtx20251104_8k.htm,2025-11-06,2025-11-06 08:30:09,https://www.sec.gov/Archives/edgar/data/738214/0001437749-25-033473-index.html,Item 2.02; Item 7.01; Item 9.01,Item 2.02; Item 7.01; Item 9.01,ContractAward,Tier-1,https://www.sec.gov/Archives/edgar/data/738214/000143774925033473/amtx20251104_8k.htm,,Tier-1,2025-11-06,https://www.sec.gov/Archives/edgar/data/738214/000143774925033473/amtx20251104_8k.htm,https://www.sec.gov/Archives/edgar/data/738214/0001437749-25-033473-index.html
ANVS,"Annovis Bio, Inc.",0001477845,2025-10-26,ATM,Tier-1,https://www.sec.gov/Archives/edgar/data/1477845/000110465925103254/tm2529544d2_8k.htm,https://www.sec.gov/Archives/edgar/data/1477845/0001104659-25-103254-index.html,8-K,2025-10-28,2025-10-26,2025-10-26,0001104659-25-103254,https://www.sec.gov/Archives/edgar/data/1477845/000110465925103254/tm2529544d2_8k.htm,https://www.sec.gov/Archives/edgar/data/1477845/000110465925103254/tm2529544d2_8k.htm,2025-10-26,2025-10-28 17:07:47,https://www.sec.gov/Archives/edgar/data/1477845/0001104659-25-103254-index.html,Item 1.01; Item 8.01; Item 9.01,Item 1.01; Item 8.01; Item 9.01,ATM,Tier-1,https://www.sec.gov/Archives/edgar/data/1477845/000110465925103254/tm2529544d2_8k.htm,,Tier-1,2025-10-26,https://www.sec.gov/Archives/edgar/data/1477845/000110465925103254/tm2529544d2_8k.htm,https://www.sec.gov/Archives/edgar/data/1477845/0001104659-25-103254-index.html
ANVS,"Annovis Bio, Inc.",0001477845,2025-11-12,ATM,Tier-1,https://www.sec.gov/Archives/edgar/data/1477845/000110465925110548/anvs-20251112x8k.htm,https://www.sec.gov/Archives/edgar/data/1477845/0001104659-25-110548-index.html,8-K,2025-11-13,2025-11-12,2025-11-12,0001104659-25-110548,https://www.sec.gov/Archives/edgar/data/1477845/000110465925110548/anvs-20251112x8k.htm,https://www.sec.gov/Archives/edgar/data/1477845/000110465925110548/anvs-20251112x8k.htm,2025-11-12,2025-11-12 17:49:26,https://www.sec.gov/Archives/edgar/data/1477845/0001104659-25-110548-index.html,Item 9.01,Item 9.01,ATM,Tier-1,https://www.sec.gov/Archives/edgar/data/1477845/000110465925110548/anvs-20251112x8k.htm,,Tier-1,2025-11-12,https://www.sec.gov/Archives/edgar/data/1477845/000110465925110548/anvs-20251112x8k.htm,https://www.sec.gov/Archives/edgar/data/1477845/0001104659-25-110548-index.html
ANVS,"Annovis Bio, Inc.",0001477845,2025-10-10,ATM,Tier-1,https://www.sec.gov/Archives/edgar/data/1477845/000110465925099356/tm2528502d2_8k.htm,https://www.sec.gov/Archives/edgar/data/1477845/0001104659-25-099356-index.html,8-K,2025-10-14,2025-10-10,2025-10-10,0001104659-25-099356,https://www.sec.gov/Archives/edgar/data/1477845/000110465925099356/tm2528502d2_8k.htm,https://www.sec.gov/Archives/edgar/data/1477845/000110465925099356/tm2528502d2_8k.htm,2025-10-10,2025-10-14 17:19:23,https://www.sec.gov/Archives/edgar/data/1477845/0001104659-25-099356-index.html,Item 1.01; Item 7.01; Item 8.01; Item 9.01,Item 1.01; Item 7.01; Item 8.01; Item 9.01,ATM,Tier-1,https://www.sec.gov/Archives/edgar/data/1477845/000110465925099356/tm2528502d2_8k.htm,,Tier-1,2025-10-10,https://www.sec.gov/Archives/edgar/data/1477845/000110465925099356/tm2528502d2_8k.htm,https://www.sec.gov/Archives/edgar/data/1477845/0001104659-25-099356-index.html
ANVS,"Annovis Bio, Inc.",0001477845,2025-09-25,ATM,Tier-1,https://www.sec.gov/Archives/edgar/data/1477845/000110465925094522/tm2527170d1_8k.htm,https://www.sec.gov/Archives/edgar/data/1477845/0001104659-25-094522-index.html,8-K,2025-09-29,2025-09-25,2025-09-25,0001104659-25-094522,https://www.sec.gov/Archives/edgar/data/1477845/000110465925094522/tm2527170d1_8k.htm,https://www.sec.gov/Archives/edgar/data/1477845/000110465925094522/tm2527170d1_8k.htm,2025-09-25,2025-09-29 16:31:24,https://www.sec.gov/Archives/edgar/data/1477845/0001104659-25-094522-index.html,Item 5.02; Item 9.01,Item 5.02; Item 9.01,ATM,Tier-1,https://www.sec.gov/Archives/edgar/data/1477845/000110465925094522/tm2527170d1_8k.htm,,Tier-1,2025-09-25,https://www.sec.gov/Archives/edgar/data/1477845/000110465925094522/tm2527170d1_8k.htm,https://www.sec.gov/Archives/edgar/data/1477845/0001104659-25-094522-index.html
AMTX,"AEMETIS, INC",0000738214,2025-08-07,ContractAward,Tier-1,https://www.sec.gov/Archives/edgar/data/738214/000143774925025253/amtx20250806_8k.htm,https://www.sec.gov/Archives/edgar/data/738214/0001437749-25-025253-index.html,8-K,2025-08-07,2025-08-07,2025-08-07,0001437749-25-025253,https://www.sec.gov/Archives/edgar/data/738214/000143774925025253/amtx20250806_8k.htm,https://www.sec.gov/Archives/edgar/data/738214/000143774925025253/amtx20250806_8k.htm,2025-08-07,2025-08-07 08:45:25,https://www.sec.gov/Archives/edgar/data/738214/0001437749-25-025253-index.html,Item 2.02; Item 7.01; Item 9.01,Item 2.02; Item 7.01; Item 9.01,ContractAward,Tier-1,https://www.sec.gov/Archives/edgar/data/738214/000143774925025253/amtx20250806_8k.htm,,Tier-1,2025-08-07,https://www.sec.gov/Archives/edgar/data/738214/000143774925025253/amtx20250806_8k.htm,https://www.sec.gov/Archives/edgar/data/738214/0001437749-25-025253-index.html
ANVS,"Annovis Bio, Inc.",0001477845,2025-08-12,ATM,Tier-1,https://www.sec.gov/Archives/edgar/data/1477845/000110465925076851/tm2523281d1_8k.htm,https://www.sec.gov/Archives/edgar/data/1477845/0001104659-25-076851-index.html,8-K,2025-08-12,2025-08-12,2025-08-12,0001104659-25-076851,https://www.sec.gov/Archives/edgar/data/1477845/000110465925076851/tm2523281d1_8k.htm,https://www.sec.gov/Archives/edgar/data/1477845/000110465925076851/tm2523281d1_8k.htm,2025-08-12,2025-08-12 16:16:48,https://www.sec.gov/Archives/edgar/data/1477845/0001104659-25-076851-index.html,Item 2.02; Item 9.01,Item 2.02; Item 9.01,ATM,Tier-1,https://www.sec.gov/Archives/edgar/data/1477845/000110465925076851/tm2523281d1_8k.htm,,Tier-1,2025-08-12,https://www.sec.gov/Archives/edgar/data/1477845/000110465925076851/tm2523281d1_8k.htm,https://www.sec.gov/Archives/edgar/data/1477845/0001104659-25-076851-index.html
ANVS,"Annovis Bio, Inc.",0001477845,2025-06-19,ListingChange,Tier-1,https://www.sec.gov/Archives/edgar/data/1477845/000110465925060784/tm2518347d1_8k.htm,https://www.sec.gov/Archives/edgar/data/1477845/0001104659-25-060784-index.html,8-K,2025-06-20,2025-06-19,2025-06-19,0001104659-25-060784,https://www.sec.gov/Archives/edgar/data/1477845/000110465925060784/tm2518347d1_8k.htm,https://www.sec.gov/Archives/edgar/data/1477845/000110465925060784/tm2518347d1_8k.htm,2025-06-19,2025-06-20 06:01:32,https://www.sec.gov/Archives/edgar/data/1477845/0001104659-25-060784-index.html,Item 7.01; Item 9.01,Item 7.01; Item 9.01,ListingChange,Tier-1,https://www.sec.gov/Archives/edgar/data/1477845/000110465925060784/tm2518347d1_8k.htm,,Tier-1,2025-06-19,https://www.sec.gov/Archives/edgar/data/1477845/000110465925060784/tm2518347d1_8k.htm,https://www.sec.gov/Archives/edgar/data/1477845/0001104659-25-060784-index.html
APACU,StoneBridge Acquisition II Corp,0002043630,2025-11-18,ATM,Tier-1,https://www.sec.gov/Archives/edgar/data/2043630/000182912625009283/stonebridgeacq2_8k.htm,https://www.sec.gov/Archives/edgar/data/2043630/0001829126-25-009283-index.html,8-K,2025-11-18,2025-11-18,2025-11-18,0001829126-25-009283,https://www.sec.gov/Archives/edgar/data/2043630/000182912625009283/stonebridgeacq2_8k.htm,https://www.sec.gov/Archives/edgar/data/2043630/000182912625009283/stonebridgeacq2_8k.htm,2025-11-18,2025-11-18 16:38:56,https://www.sec.gov/Archives/edgar/data/2043630/0001829126-25-009283-index.html,Item 8.01; Item 9.01,Item 8.01; Item 9.01,ATM,Tier-1,https://www.sec.gov/Archives/edgar/data/2043630/000182912625009283/stonebridgeacq2_8k.htm,,Tier-1,2025-11-18,https://www.sec.gov/Archives/edgar/data/2043630/000182912625009283/stonebridgeacq2_8k.htm,https://www.sec.gov/Archives/edgar/data/2043630/0001829126-25-009283-index.html
APACU,StoneBridge Acquisition II Corp,0002043630,2025-09-30,ATM,Tier-1,https://www.sec.gov/Archives/edgar/data/2043630/000182912625007897/stonebridgeacq2_8k.htm,https://www.sec.gov/Archives/edgar/data/2043630/0001829126-25-007897-index.html,8-K,2025-10-06,2025-09-30,2025-09-30,0001829126-25-007897,https://www.sec.gov/Archives/edgar/data/2043630/000182912625007897/stonebridgeacq2_8k.htm,https://www.sec.gov/Archives/edgar/data/2043630/000182912625007897/stonebridgeacq2_8k.htm,2025-09-30,2025-10-03 20:03:14,https://www.sec.gov/Archives/edgar/data/2043630/0001829126-25-007897-index.html,Item 1.01; Item 3.02; Item 8.01; Item 9.01,Item 1.01; Item 3.02; Item 8.01; Item 9.01,ATM,Tier-1,https://www.sec.gov/Archives/edgar/data/2043630/000182912625007897/stonebridgeacq2_8k.htm,,Tier-1,2025-09-30,https://www.sec.gov/Archives/edgar/data/2043630/000182912625007897/stonebridgeacq2_8k.htm,https://www.sec.gov/Archives/edgar/data/2043630/0001829126-25-007897-index.html
APACU,StoneBridge Acquisition II Corp,0002043630,2025-10-01,ATM,Tier-1,https://www.sec.gov/Archives/edgar/data/2043630/000182912625007939/stonebridgeacq2_8k.htm,https://www.sec.gov/Archives/edgar/data/2043630/0001829126-25-007939-index.html,8-K,2025-10-07,2025-10-01,2025-10-01,0001829126-25-007939,https://www.sec.gov/Archives/edgar/data/2043630/000182912625007939/stonebridgeacq2_8k.htm,https://www.sec.gov/Archives/edgar/data/2043630/000182912625007939/stonebridgeacq2_8k.htm,2025-10-01,2025-10-07 15:33:03,https://www.sec.gov/Archives/edgar/data/2043630/0001829126-25-007939-index.html,Item 8.01; Item 9.01,Item 8.01; Item 9.01,ATM,Tier-1,https://www.sec.gov/Archives/edgar/data/2043630/000182912625007939/stonebridgeacq2_8k.htm,,Tier-1,2025-10-01,https://www.sec.gov/Archives/edgar/data/2043630/000182912625007939/stonebridgeacq2_8k.htm,https://www.sec.gov/Archives/edgar/data/2043630/0001829126-25-007939-index.html
APUS,"Apimeds Pharmaceuticals US, Inc.",0001894525,2025-07-15,ATM,Tier-1,https://www.sec.gov/Archives/edgar/data/1894525/000121390025064446/ea0249160-8k_apimeds.htm,https://www.sec.gov/Archives/edgar/data/1894525/0001213900-25-064446-index.html,8-K,2025-07-16,2025-07-15,2025-07-15,0001213900-25-064446,https://www.sec.gov/Archives/edgar/data/1894525/000121390025064446/ea0249160-8k_apimeds.htm,https://www.sec.gov/Archives/edgar/data/1894525/000121390025064446/ea0249160-8k_apimeds.htm,2025-07-15,2025-07-16 06:29:09,https://www.sec.gov/Archives/edgar/data/1894525/0001213900-25-064446-index.html,Item 7.01; Item 9.01,Item 7.01; Item 9.01,ATM,Tier-1,https://www.sec.gov/Archives/edgar/data/1894525/000121390025064446/ea0249160-8k_apimeds.htm,,Tier-1,2025-07-15,https://www.sec.gov/Archives/edgar/data/1894525/000121390025064446/ea0249160-8k_apimeds.htm,https://www.sec.gov/Archives/edgar/data/1894525/0001213900-25-064446-index.html
APVO,Aptevo Therapeutics Inc.,0001671584,2025-09-16,ATM,Tier-1,https://www.sec.gov/Archives/edgar/data/1671584/000119312525205107/apvo-20250916.htm,https://www.sec.gov/Archives/edgar/data/1671584/0001193125-25-205107-index.html,8-K,2025-09-16,2025-09-16,2025-09-16,0001193125-25-205107,https://www.sec.gov/Archives/edgar/data/1671584/000119312525205107/apvo-20250916.htm,https://www.sec.gov/Archives/edgar/data/1671584/000119312525205107/apvo-20250916.htm,2025-09-16,2025-09-16 17:07:43,https://www.sec.gov/Archives/edgar/data/1671584/0001193125-25-205107-index.html,Item 8.01; Item 9.01,Item 8.01; Item 9.01,ATM,Tier-1,https://www.sec.gov/Archives/edgar/data/1671584/000119312525205107/apvo-20250916.htm,,Tier-1,2025-09-16,https://www.sec.gov/Archives/edgar/data/1671584/000119312525205107/apvo-20250916.htm,https://www.sec.gov/Archives/edgar/data/1671584/0001193125-25-205107-index.html
APVO,Aptevo Therapeutics Inc.,0001671584,2025-09-04,ATM,Tier-1,https://www.sec.gov/Archives/edgar/data/1671584/000167158425000005/apvo-20250904.htm,https://www.sec.gov/Archives/edgar/data/1671584/0001671584-25-000005-index.html,8-K,2025-09-04,2025-09-04,2025-09-04,0001671584-25-000005,https://www.sec.gov/Archives/edgar/data/1671584/000167158425000005/apvo-20250904.htm,https://www.sec.gov/Archives/edgar/data/1671584/000167158425000005/apvo-20250904.htm,2025-09-04,2025-09-04 16:19:47,https://www.sec.gov/Archives/edgar/data/1671584/0001671584-25-000005-index.html,Item 8.01; Item 9.01,Item 8.01; Item 9.01,ATM,Tier-1,https://www.sec.gov/Archives/edgar/data/1671584/000167158425000005/apvo-20250904.htm,,Tier-1,2025-09-04,https://www.sec.gov/Archives/edgar/data/1671584/000167158425000005/apvo-20250904.htm,https://www.sec.gov/Archives/edgar/data/1671584/0001671584-25-000005-index.html
APVO,Aptevo Therapeutics Inc.,0001671584,2025-11-06,ATM,Tier-1,https://www.sec.gov/Archives/edgar/data/1671584/000119312525269470/apvo-20251106.htm,https://www.sec.gov/Archives/edgar/data/1671584/0001193125-25-269470-index.html,8-K,2025-11-06,2025-11-06,2025-11-06,0001193125-25-269470,https://www.sec.gov/Archives/edgar/data/1671584/000119312525269470/apvo-20251106.htm,https://www.sec.gov/Archives/edgar/data/1671584/000119312525269470/apvo-20251106.htm,2025-11-06,2025-11-06 16:06:15,https://www.sec.gov/Archives/edgar/data/1671584/0001193125-25-269470-index.html,Item 2.02; Item 9.01,Item 2.02; Item 9.01,ATM,Tier-1,https://www.sec.gov/Archives/edgar/data/1671584/000119312525269470/apvo-20251106.htm,,Tier-1,2025-11-06,https://www.sec.gov/Archives/edgar/data/1671584/000119312525269470/apvo-20251106.htm,https://www.sec.gov/Archives/edgar/data/1671584/0001193125-25-269470-index.html
APVO,Aptevo Therapeutics Inc.,0001671584,2025-08-11,ATM,Tier-1,https://www.sec.gov/Archives/edgar/data/1671584/000095017025106246/apvo-20250811.htm,https://www.sec.gov/Archives/edgar/data/1671584/0000950170-25-106246-index.html,8-K,2025-08-11,2025-08-11,2025-08-11,0000950170-25-106246,https://www.sec.gov/Archives/edgar/data/1671584/000095017025106246/apvo-20250811.htm,https://www.sec.gov/Archives/edgar/data/1671584/000095017025106246/apvo-20250811.htm,2025-08-11,2025-08-11 08:11:40,https://www.sec.gov/Archives/edgar/data/1671584/0000950170-25-106246-index.html,Item 2.02; Item 9.01,Item 2.02; Item 9.01,ATM,Tier-1,https://www.sec.gov/Archives/edgar/data/1671584/000095017025106246/apvo-20250811.htm,,Tier-1,2025-08-11,https://www.sec.gov/Archives/edgar/data/1671584/000095017025106246/apvo-20250811.htm,https://www.sec.gov/Archives/edgar/data/1671584/0000950170-25-106246-index.html
APVO,Aptevo Therapeutics Inc.,0001671584,2025-07-24,ATM,Tier-1,https://www.sec.gov/Archives/edgar/data/1671584/000095017025098429/apvo-20250724.htm,https://www.sec.gov/Archives/edgar/data/1671584/0000950170-25-098429-index.html,8-K,2025-07-24,2025-07-24,2025-07-24,0000950170-25-098429,https://www.sec.gov/Archives/edgar/data/1671584/000095017025098429/apvo-20250724.htm,https://www.sec.gov/Archives/edgar/data/1671584/000095017025098429/apvo-20250724.htm,2025-07-24,2025-07-24 17:28:24,https://www.sec.gov/Archives/edgar/data/1671584/0000950170-25-098429-index.html,Item 5.07,Item 5.07,ATM,Tier-1,https://www.sec.gov/Archives/edgar/data/1671584/000095017025098429/apvo-20250724.htm,,Tier-1,2025-07-24,https://www.sec.gov/Archives/edgar/data/1671584/000095017025098429/apvo-20250724.htm,https://www.sec.gov/Archives/edgar/data/1671584/0000950170-25-098429-index.html
ABAT,AMERICAN BATTERY TECHNOLOGY Co,0001576873,2025-10-16,ATM,Tier-1,https://www.sec.gov/Archives/edgar/data/1576873/000149315225018287/form8-k.htm,https://www.sec.gov/Archives/edgar/data/1576873/0001493152-25-018287-index.html,8-K,2025-10-16,2025-10-16,2025-10-16,0001493152-25-018287,https://www.sec.gov/Archives/edgar/data/1576873/000149315225018287/form8-k.htm,https://www.sec.gov/Archives/edgar/data/1576873/000149315225018287/form8-k.htm,2025-10-16,2025-10-16 14:58:14,https://www.sec.gov/Archives/edgar/data/1576873/0001493152-25-018287-index.html,Item 8.01,Item 8.01,ATM,Tier-1,https://www.sec.gov/Archives/edgar/data/1576873/000149315225018287/form8-k.htm,,Tier-1,2025-10-16,https://www.sec.gov/Archives/edgar/data/1576873/000149315225018287/form8-k.htm,https://www.sec.gov/Archives/edgar/data/1576873/0001493152-25-018287-index.html
APVO,Aptevo Therapeutics Inc.,0001671584,2025-06-30,ATM,Tier-1,https://www.sec.gov/Archives/edgar/data/1671584/000095017025091581/apvo-20250630.htm,https://www.sec.gov/Archives/edgar/data/1671584/0000950170-25-091581-index.html,8-K,2025-06-30,2025-06-30,2025-06-30,0000950170-25-091581,https://www.sec.gov/Archives/edgar/data/1671584/000095017025091581/apvo-20250630.htm,https://www.sec.gov/Archives/edgar/data/1671584/000095017025091581/apvo-20250630.htm,2025-06-30,2025-06-30 16:15:28,https://www.sec.gov/Archives/edgar/data/1671584/0000950170-25-091581-index.html,Item 8.01,Item 8.01,ATM,Tier-1,https://www.sec.gov/Archives/edgar/data/1671584/000095017025091581/apvo-20250630.htm,,Tier-1,2025-06-30,https://www.sec.gov/Archives/edgar/data/1671584/000095017025091581/apvo-20250630.htm,https://www.sec.gov/Archives/edgar/data/1671584/0000950170-25-091581-index.html
ARAY,ACCURAY INC,0001138723,2025-10-17,ATM,Tier-1,https://www.sec.gov/Archives/edgar/data/1138723/000119312525243143/d58913d8k.htm,https://www.sec.gov/Archives/edgar/data/1138723/0001193125-25-243143-index.html,8-K,2025-10-20,2025-10-17,2025-10-17,0001193125-25-243143,https://www.sec.gov/Archives/edgar/data/1138723/000119312525243143/d58913d8k.htm,https://www.sec.gov/Archives/edgar/data/1138723/000119312525243143/d58913d8k.htm,2025-10-17,2025-10-20 09:20:06,https://www.sec.gov/Archives/edgar/data/1138723/0001193125-25-243143-index.html,Item 2.02; Item 5.02; Item 9.01,Item 2.02; Item 5.02; Item 9.01,ATM,Tier-1,https://www.sec.gov/Archives/edgar/data/1138723/000119312525243143/d58913d8k.htm,,Tier-1,2025-10-17,https://www.sec.gov/Archives/edgar/data/1138723/000119312525243143/d58913d8k.htm,https://www.sec.gov/Archives/edgar/data/1138723/0001193125-25-243143-index.html
ARAY,ACCURAY INC,0001138723,2025-11-05,ATM,Tier-1,https://www.sec.gov/Archives/edgar/data/1138723/000119312525266940/aray-20251105.htm,https://www.sec.gov/Archives/edgar/data/1138723/0001193125-25-266940-index.html,8-K,2025-11-05,2025-11-05,2025-11-05,0001193125-25-266940,https://www.sec.gov/Archives/edgar/data/1138723/000119312525266940/aray-20251105.htm,https://www.sec.gov/Archives/edgar/data/1138723/000119312525266940/aray-20251105.htm,2025-11-05,2025-11-05 16:11:03,https://www.sec.gov/Archives/edgar/data/1138723/0001193125-25-266940-index.html,Item 2.02; Item 7.01; Item 9.01,Item 2.02; Item 7.01; Item 9.01,ATM,Tier-1,https://www.sec.gov/Archives/edgar/data/1138723/000119312525266940/aray-20251105.htm,,Tier-1,2025-11-05,https://www.sec.gov/Archives/edgar/data/1138723/000119312525266940/aray-20251105.htm,https://www.sec.gov/Archives/edgar/data/1138723/0001193125-25-266940-index.html
ASPN,ASPEN AEROGELS INC,0001145986,2025-11-06,ATM,Tier-1,https://www.sec.gov/Archives/edgar/data/1145986/000117184325007067/f8k_110625.htm,https://www.sec.gov/Archives/edgar/data/1145986/0001171843-25-007067-index.html,8-K,2025-11-06,2025-11-06,2025-11-06,0001171843-25-007067,https://www.sec.gov/Archives/edgar/data/1145986/000117184325007067/f8k_110625.htm,https://www.sec.gov/Archives/edgar/data/1145986/000117184325007067/f8k_110625.htm,2025-11-06,2025-11-06 06:30:31,https://www.sec.gov/Archives/edgar/data/1145986/0001171843-25-007067-index.html,Item 2.02; Item 7.01; Item 9.01,Item 2.02; Item 7.01; Item 9.01,ATM,Tier-1,https://www.sec.gov/Archives/edgar/data/1145986/000117184325007067/f8k_110625.htm,,Tier-1,2025-11-06,https://www.sec.gov/Archives/edgar/data/1145986/000117184325007067/f8k_110625.htm,https://www.sec.gov/Archives/edgar/data/1145986/0001171843-25-007067-index.html
ARAY,ACCURAY INC,0001138723,2025-06-03,ATM,Tier-1,https://www.sec.gov/Archives/edgar/data/1138723/000095010325007090/dp229846_8k.htm,https://www.sec.gov/Archives/edgar/data/1138723/0000950103-25-007090-index.html,8-K,2025-06-06,2025-06-03,2025-06-03,0000950103-25-007090,https://www.sec.gov/Archives/edgar/data/1138723/000095010325007090/dp229846_8k.htm,https://www.sec.gov/Archives/edgar/data/1138723/000095010325007090/dp229846_8k.htm,2025-06-03,2025-06-06 07:36:36,https://www.sec.gov/Archives/edgar/data/1138723/0000950103-25-007090-index.html,Item 1.01; Item 1.02; Item 3.02; Item 8.01,Item 1.01; Item 1.02; Item 3.02; Item 8.01,ATM,Tier-1,https://www.sec.gov/Archives/edgar/data/1138723/000095010325007090/dp229846_8k.htm,,Tier-1,2025-06-03,https://www.sec.gov/Archives/edgar/data/1138723/000095010325007090/dp229846_8k.htm,https://www.sec.gov/Archives/edgar/data/1138723/0000950103-25-007090-index.html
ASPN,ASPEN AEROGELS INC,0001145986,2025-08-07,ATM,Tier-1,https://www.sec.gov/Archives/edgar/data/1145986/000117184325005147/f8k_080725.htm,https://www.sec.gov/Archives/edgar/data/1145986/0001171843-25-005147-index.html,8-K,2025-08-07,2025-08-07,2025-08-07,0001171843-25-005147,https://www.sec.gov/Archives/edgar/data/1145986/000117184325005147/f8k_080725.htm,https://www.sec.gov/Archives/edgar/data/1145986/000117184325005147/f8k_080725.htm,2025-08-07,2025-08-07 06:30:30,https://www.sec.gov/Archives/edgar/data/1145986/0001171843-25-005147-index.html,Item 2.02; Item 7.01; Item 9.01,Item 2.02; Item 7.01; Item 9.01,ATM,Tier-1,https://www.sec.gov/Archives/edgar/data/1145986/000117184325005147/f8k_080725.htm,,Tier-1,2025-08-07,https://www.sec.gov/Archives/edgar/data/1145986/000117184325005147/f8k_080725.htm,https://www.sec.gov/Archives/edgar/data/1145986/0001171843-25-005147-index.html
AVBH,"Avidbank Holdings, Inc.",0001443575,2025-08-11,ATM,Tier-1,https://www.sec.gov/Archives/edgar/data/1443575/000182912625006211/avidbankholdings_8k.htm,https://www.sec.gov/Archives/edgar/data/1443575/0001829126-25-006211-index.html,8-K,2025-08-13,2025-08-11,2025-08-11,0001829126-25-006211,https://www.sec.gov/Archives/edgar/data/1443575/000182912625006211/avidbankholdings_8k.htm,https://www.sec.gov/Archives/edgar/data/1443575/000182912625006211/avidbankholdings_8k.htm,2025-08-11,2025-08-13 17:00:42,https://www.sec.gov/Archives/edgar/data/1443575/0001829126-25-006211-index.html,Item 8.01,Item 8.01,ATM,Tier-1,https://www.sec.gov/Archives/edgar/data/1443575/000182912625006211/avidbankholdings_8k.htm,,Tier-1,2025-08-11,https://www.sec.gov/Archives/edgar/data/1443575/000182912625006211/avidbankholdings_8k.htm,https://www.sec.gov/Archives/edgar/data/1443575/0001829126-25-006211-index.html
ARAY,ACCURAY INC,0001138723,2025-08-13,ATM,Tier-1,https://www.sec.gov/Archives/edgar/data/1138723/000119312525179806/aray-20250813.htm,https://www.sec.gov/Archives/edgar/data/1138723/0001193125-25-179806-index.html,8-K,2025-08-13,2025-08-13,2025-08-13,0001193125-25-179806,https://www.sec.gov/Archives/edgar/data/1138723/000119312525179806/aray-20250813.htm,https://www.sec.gov/Archives/edgar/data/1138723/000119312525179806/aray-20250813.htm,2025-08-13,2025-08-13 16:05:11,https://www.sec.gov/Archives/edgar/data/1138723/0001193125-25-179806-index.html,Item 2.02; Item 7.01; Item 9.01,Item 2.02; Item 7.01; Item 9.01,ATM,Tier-1,https://www.sec.gov/Archives/edgar/data/1138723/000119312525179806/aray-20250813.htm,,Tier-1,2025-08-13,https://www.sec.gov/Archives/edgar/data/1138723/000119312525179806/aray-20250813.htm,https://www.sec.gov/Archives/edgar/data/1138723/0001193125-25-179806-index.html
AXIN,Axiom Intelligence Acquisition Corp 1,0002057030,2025-07-31,ATM,Tier-1,https://www.sec.gov/Archives/edgar/data/2057030/000121390025069646/ea0250578-8k_axiom1.htm,https://www.sec.gov/Archives/edgar/data/2057030/0001213900-25-069646-index.html,8-K,2025-07-31,2025-07-31,2025-07-31,0001213900-25-069646,https://www.sec.gov/Archives/edgar/data/2057030/000121390025069646/ea0250578-8k_axiom1.htm,https://www.sec.gov/Archives/edgar/data/2057030/000121390025069646/ea0250578-8k_axiom1.htm,2025-07-31,2025-07-31 08:15:26,https://www.sec.gov/Archives/edgar/data/2057030/0001213900-25-069646-index.html,Item 8.01; Item 9.01,Item 8.01; Item 9.01,ATM,Tier-1,https://www.sec.gov/Archives/edgar/data/2057030/000121390025069646/ea0250578-8k_axiom1.htm,,Tier-1,2025-07-31,https://www.sec.gov/Archives/edgar/data/2057030/000121390025069646/ea0250578-8k_axiom1.htm,https://www.sec.gov/Archives/edgar/data/2057030/0001213900-25-069646-index.html
AXIN,Axiom Intelligence Acquisition Corp 1,0002057030,2025-06-17,ATM,Tier-1,https://www.sec.gov/Archives/edgar/data/2057030/000121390025057243/ea0246675-8k_axiom1.htm,https://www.sec.gov/Archives/edgar/data/2057030/0001213900-25-057243-index.html,8-K,2025-06-24,2025-06-17,2025-06-17,0001213900-25-057243,https://www.sec.gov/Archives/edgar/data/2057030/000121390025057243/ea0246675-8k_axiom1.htm,https://www.sec.gov/Archives/edgar/data/2057030/000121390025057243/ea0246675-8k_axiom1.htm,2025-06-17,2025-06-24 16:15:12,https://www.sec.gov/Archives/edgar/data/2057030/0001213900-25-057243-index.html,Item 1.01; Item 3.02; Item 8.01; Item 9.01,Item 1.01; Item 3.02; Item 8.01; Item 9.01,ATM,Tier-1,https://www.sec.gov/Archives/edgar/data/2057030/000121390025057243/ea0246675-8k_axiom1.htm,,Tier-1,2025-06-17,https://www.sec.gov/Archives/edgar/data/2057030/000121390025057243/ea0246675-8k_axiom1.htm,https://www.sec.gov/Archives/edgar/data/2057030/0001213900-25-057243-index.html
AXIN,Axiom Intelligence Acquisition Corp 1,0002057030,2025-06-20,ATM,Tier-1,https://www.sec.gov/Archives/edgar/data/2057030/000121390025058439/ea0247081-8k_axiom1.htm,https://www.sec.gov/Archives/edgar/data/2057030/0001213900-25-058439-index.html,8-K,2025-06-26,2025-06-20,2025-06-20,0001213900-25-058439,https://www.sec.gov/Archives/edgar/data/2057030/000121390025058439/ea0247081-8k_axiom1.htm,https://www.sec.gov/Archives/edgar/data/2057030/000121390025058439/ea0247081-8k_axiom1.htm,2025-06-20,2025-06-26 17:00:09,https://www.sec.gov/Archives/edgar/data/2057030/0001213900-25-058439-index.html,Item 8.01; Item 9.01,Item 8.01; Item 9.01,ATM,Tier-1,https://www.sec.gov/Archives/edgar/data/2057030/000121390025058439/ea0247081-8k_axiom1.htm,,Tier-1,2025-06-20,https://www.sec.gov/Archives/edgar/data/2057030/000121390025058439/ea0247081-8k_axiom1.htm,https://www.sec.gov/Archives/edgar/data/2057030/0001213900-25-058439-index.html
BAER,"Bridger Aerospace Group Holdings, Inc.",0001941536,2025-11-21,ContractAward,Tier-1,https://www.sec.gov/Archives/edgar/data/1941536/000168316825008629/bridger_8k.htm,https://www.sec.gov/Archives/edgar/data/1941536/0001683168-25-008629-index.html,8-K,2025-11-24,2025-11-21,2025-11-21,0001683168-25-008629,https://www.sec.gov/Archives/edgar/data/1941536/000168316825008629/bridger_8k.htm,https://www.sec.gov/Archives/edgar/data/1941536/000168316825008629/bridger_8k.htm,2025-11-21,2025-11-24 08:05:47,https://www.sec.gov/Archives/edgar/data/1941536/0001683168-25-008629-index.html,Item 1.01; Item 7.01; Item 9.01,Item 1.01; Item 7.01; Item 9.01,ContractAward,Tier-1,https://www.sec.gov/Archives/edgar/data/1941536/000168316825008629/bridger_8k.htm,,Tier-1,2025-11-21,https://www.sec.gov/Archives/edgar/data/1941536/000168316825008629/bridger_8k.htm,https://www.sec.gov/Archives/edgar/data/1941536/0001683168-25-008629-index.html
BAER,"Bridger Aerospace Group Holdings, Inc.",0001941536,2025-11-18,GuidanceUp,Tier-1,https://www.sec.gov/Archives/edgar/data/1941536/000168316825008597/bridger_8k.htm,https://www.sec.gov/Archives/edgar/data/1941536/0001683168-25-008597-index.html,8-K,2025-11-21,2025-11-18,2025-11-18,0001683168-25-008597,https://www.sec.gov/Archives/edgar/data/1941536/000168316825008597/bridger_8k.htm,https://www.sec.gov/Archives/edgar/data/1941536/000168316825008597/bridger_8k.htm,2025-11-18,2025-11-21 08:06:06,https://www.sec.gov/Archives/edgar/data/1941536/0001683168-25-008597-index.html,Item 5.02; Item 7.01; Item 9.01,Item 5.02; Item 7.01; Item 9.01,GuidanceUp,Tier-1,https://www.sec.gov/Archives/edgar/data/1941536/000168316825008597/bridger_8k.htm,,Tier-1,2025-11-18,https://www.sec.gov/Archives/edgar/data/1941536/000168316825008597/bridger_8k.htm,https://www.sec.gov/Archives/edgar/data/1941536/0001683168-25-008597-index.html
BAER,"Bridger Aerospace Group Holdings, Inc.",0001941536,2025-11-10,ATM,Tier-1,https://www.sec.gov/Archives/edgar/data/1941536/000168316825008097/bridger_8k.htm,https://www.sec.gov/Archives/edgar/data/1941536/0001683168-25-008097-index.html,8-K,2025-11-10,2025-11-10,2025-11-10,0001683168-25-008097,https://www.sec.gov/Archives/edgar/data/1941536/000168316825008097/bridger_8k.htm,https://www.sec.gov/Archives/edgar/data/1941536/000168316825008097/bridger_8k.htm,2025-11-10,2025-11-10 08:15:03,https://www.sec.gov/Archives/edgar/data/1941536/0001683168-25-008097-index.html,Item 7.01; Item 9.01,Item 7.01; Item 9.01,ATM,Tier-1,https://www.sec.gov/Archives/edgar/data/1941536/000168316825008097/bridger_8k.htm,,Tier-1,2025-11-10,https://www.sec.gov/Archives/edgar/data/1941536/000168316825008097/bridger_8k.htm,https://www.sec.gov/Archives/edgar/data/1941536/0001683168-25-008097-index.html
BAER,"Bridger Aerospace Group Holdings, Inc.",0001941536,2025-11-06,ATM,Tier-1,https://www.sec.gov/Archives/edgar/data/1941536/000117184325007096/f8k_110625.htm,https://www.sec.gov/Archives/edgar/data/1941536/0001171843-25-007096-index.html,8-K,2025-11-06,2025-11-06,2025-11-06,0001171843-25-007096,https://www.sec.gov/Archives/edgar/data/1941536/000117184325007096/f8k_110625.htm,https://www.sec.gov/Archives/edgar/data/1941536/000117184325007096/f8k_110625.htm,2025-11-06,2025-11-06 16:12:44,https://www.sec.gov/Archives/edgar/data/1941536/0001171843-25-007096-index.html,Item 2.02; Item 9.01,Item 2.02; Item 9.01,ATM,Tier-1,https://www.sec.gov/Archives/edgar/data/1941536/000117184325007096/f8k_110625.htm,,Tier-1,2025-11-06,https://www.sec.gov/Archives/edgar/data/1941536/000117184325007096/f8k_110625.htm,https://www.sec.gov/Archives/edgar/data/1941536/0001171843-25-007096-index.html
BAER,"Bridger Aerospace Group Holdings, Inc.",0001941536,2025-10-27,ContractAward,Tier-1,https://www.sec.gov/Archives/edgar/data/1941536/000168316825007822/bridger_8k.htm,https://www.sec.gov/Archives/edgar/data/1941536/0001683168-25-007822-index.html,8-K,2025-10-29,2025-10-27,2025-10-27,0001683168-25-007822,https://www.sec.gov/Archives/edgar/data/1941536/000168316825007822/bridger_8k.htm,https://www.sec.gov/Archives/edgar/data/1941536/000168316825007822/bridger_8k.htm,2025-10-27,2025-10-29 08:25:27,https://www.sec.gov/Archives/edgar/data/1941536/0001683168-25-007822-index.html,Item 1.01; Item 1.02; Item 2.01; Item 7.01; Item 9.01,Item 1.01; Item 1.02; Item 2.01; Item 7.01; Item 9.01,ContractAward,Tier-1,https://www.sec.gov/Archives/edgar/data/1941536/000168316825007822/bridger_8k.htm,,Tier-1,2025-10-27,https://www.sec.gov/Archives/edgar/data/1941536/000168316825007822/bridger_8k.htm,https://www.sec.gov/Archives/edgar/data/1941536/0001683168-25-007822-index.html
BAER,"Bridger Aerospace Group Holdings, Inc.",0001941536,2025-08-11,ATM,Tier-1,https://www.sec.gov/Archives/edgar/data/1941536/000168316825005849/bridger_8k.htm,https://www.sec.gov/Archives/edgar/data/1941536/0001683168-25-005849-index.html,8-K,2025-08-11,2025-08-11,2025-08-11,0001683168-25-005849,https://www.sec.gov/Archives/edgar/data/1941536/000168316825005849/bridger_8k.htm,https://www.sec.gov/Archives/edgar/data/1941536/000168316825005849/bridger_8k.htm,2025-08-11,2025-08-11 07:31:11,https://www.sec.gov/Archives/edgar/data/1941536/0001683168-25-005849-index.html,Item 7.01; Item 9.01,Item 7.01; Item 9.01,ATM,Tier-1,https://www.sec.gov/Archives/edgar/data/1941536/000168316825005849/bridger_8k.htm,,Tier-1,2025-08-11,https://www.sec.gov/Archives/edgar/data/1941536/000168316825005849/bridger_8k.htm,https://www.sec.gov/Archives/edgar/data/1941536/0001683168-25-005849-index.html
BAER,"Bridger Aerospace Group Holdings, Inc.",0001941536,2025-08-07,ATM,Tier-1,https://www.sec.gov/Archives/edgar/data/1941536/000117184325005183/f8k_080725.htm,https://www.sec.gov/Archives/edgar/data/1941536/0001171843-25-005183-index.html,8-K,2025-08-07,2025-08-07,2025-08-07,0001171843-25-005183,https://www.sec.gov/Archives/edgar/data/1941536/000117184325005183/f8k_080725.htm,https://www.sec.gov/Archives/edgar/data/1941536/000117184325005183/f8k_080725.htm,2025-08-07,2025-08-07 16:09:06,https://www.sec.gov/Archives/edgar/data/1941536/0001171843-25-005183-index.html,Item 2.02; Item 9.01,Item 2.02; Item 9.01,ATM,Tier-1,https://www.sec.gov/Archives/edgar/data/1941536/000117184325005183/f8k_080725.htm,,Tier-1,2025-08-07,https://www.sec.gov/Archives/edgar/data/1941536/000117184325005183/f8k_080725.htm,https://www.sec.gov/Archives/edgar/data/1941536/0001171843-25-005183-index.html
BCG,"Binah Capital Group, Inc.",0001953984,2025-08-13,ATM,Tier-1,https://www.sec.gov/Archives/edgar/data/1953984/000110465925077670/tm2523359d1_8k.htm,https://www.sec.gov/Archives/edgar/data/1953984/0001104659-25-077670-index.html,8-K,2025-08-14,2025-08-13,2025-08-13,0001104659-25-077670,https://www.sec.gov/Archives/edgar/data/1953984/000110465925077670/tm2523359d1_8k.htm,https://www.sec.gov/Archives/edgar/data/1953984/000110465925077670/tm2523359d1_8k.htm,2025-08-13,2025-08-13 17:45:51,https://www.sec.gov/Archives/edgar/data/1953984/0001104659-25-077670-index.html,Item 2.02; Item 9.01,Item 2.02; Item 9.01,ATM,Tier-1,https://www.sec.gov/Archives/edgar/data/1953984/000110465925077670/tm2523359d1_8k.htm,,Tier-1,2025-08-13,https://www.sec.gov/Archives/edgar/data/1953984/000110465925077670/tm2523359d1_8k.htm,https://www.sec.gov/Archives/edgar/data/1953984/0001104659-25-077670-index.html
BCG,"Binah Capital Group, Inc.",0001953984,2025-11-13,ATM,Tier-1,https://www.sec.gov/Archives/edgar/data/1953984/000110465925111478/tm2531199d1_8k.htm,https://www.sec.gov/Archives/edgar/data/1953984/0001104659-25-111478-index.html,8-K,2025-11-13,2025-11-13,2025-11-13,0001104659-25-111478,https://www.sec.gov/Archives/edgar/data/1953984/000110465925111478/tm2531199d1_8k.htm,https://www.sec.gov/Archives/edgar/data/1953984/000110465925111478/tm2531199d1_8k.htm,2025-11-13,2025-11-13 17:08:31,https://www.sec.gov/Archives/edgar/data/1953984/0001104659-25-111478-index.html,Item 2.02; Item 9.01,Item 2.02; Item 9.01,ATM,Tier-1,https://www.sec.gov/Archives/edgar/data/1953984/000110465925111478/tm2531199d1_8k.htm,,Tier-1,2025-11-13,https://www.sec.gov/Archives/edgar/data/1953984/000110465925111478/tm2531199d1_8k.htm,https://www.sec.gov/Archives/edgar/data/1953984/0001104659-25-111478-index.html
BEEM,Beam Global,0001398805,2025-11-14,ATM,Tier-1,https://www.sec.gov/Archives/edgar/data/1398805/000143774925035217/beem20250917_8k.htm,https://www.sec.gov/Archives/edgar/data/1398805/0001437749-25-035217-index.html,8-K,2025-11-14,2025-11-14,2025-11-14,0001437749-25-035217,https://www.sec.gov/Archives/edgar/data/1398805/000143774925035217/beem20250917_8k.htm,https://www.sec.gov/Archives/edgar/data/1398805/000143774925035217/beem20250917_8k.htm,2025-11-14,2025-11-14 16:33:34,https://www.sec.gov/Archives/edgar/data/1398805/0001437749-25-035217-index.html,Item 2.02; Item 9.01,Item 2.02; Item 9.01,ATM,Tier-1,https://www.sec.gov/Archives/edgar/data/1398805/000143774925035217/beem20250917_8k.htm,,Tier-1,2025-11-14,https://www.sec.gov/Archives/edgar/data/1398805/000143774925035217/beem20250917_8k.htm,https://www.sec.gov/Archives/edgar/data/1398805/0001437749-25-035217-index.html
AVBH,"Avidbank Holdings, Inc.",0001443575,2025-08-25,ATM,Tier-1,https://www.sec.gov/Archives/edgar/data/1443575/000156276225000218/avbh-20250825x8k.htm,https://www.sec.gov/Archives/edgar/data/1443575/0001562762-25-000218-index.html,8-K,2025-08-25,2025-08-25,2025-08-25,0001562762-25-000218,https://www.sec.gov/Archives/edgar/data/1443575/000156276225000218/avbh-20250825x8k.htm,https://www.sec.gov/Archives/edgar/data/1443575/000156276225000218/avbh-20250825x8k.htm,2025-08-25,2025-08-25 16:14:37,https://www.sec.gov/Archives/edgar/data/1443575/0001562762-25-000218-index.html,Item 2.02; Item 9.01,Item 2.02; Item 9.01,ATM,Tier-1,https://www.sec.gov/Archives/edgar/data/1443575/000156276225000218/avbh-20250825x8k.htm,,Tier-1,2025-08-25,https://www.sec.gov/Archives/edgar/data/1443575/000156276225000218/avbh-20250825x8k.htm,https://www.sec.gov/Archives/edgar/data/1443575/0001562762-25-000218-index.html
BEEM,Beam Global,0001398805,2025-08-14,ATM,Tier-1,https://www.sec.gov/Archives/edgar/data/1398805/000168316825006165/beam_8k.htm,https://www.sec.gov/Archives/edgar/data/1398805/0001683168-25-006165-index.html,8-K,2025-08-14,2025-08-14,2025-08-14,0001683168-25-006165,https://www.sec.gov/Archives/edgar/data/1398805/000168316825006165/beam_8k.htm,https://www.sec.gov/Archives/edgar/data/1398805/000168316825006165/beam_8k.htm,2025-08-14,2025-08-14 16:04:27,https://www.sec.gov/Archives/edgar/data/1398805/0001683168-25-006165-index.html,Item 2.02; Item 9.01,Item 2.02; Item 9.01,ATM,Tier-1,https://www.sec.gov/Archives/edgar/data/1398805/000168316825006165/beam_8k.htm,,Tier-1,2025-08-14,https://www.sec.gov/Archives/edgar/data/1398805/000168316825006165/beam_8k.htm,https://www.sec.gov/Archives/edgar/data/1398805/0001683168-25-006165-index.html
BEEM,Beam Global,0001398805,2025-06-20,FDA,Tier-1,https://www.sec.gov/Archives/edgar/data/1398805/000168316825004764/beam_8k.htm,https://www.sec.gov/Archives/edgar/data/1398805/0001683168-25-004764-index.html,8-K,2025-06-26,2025-06-20,2025-06-20,0001683168-25-004764,https://www.sec.gov/Archives/edgar/data/1398805/000168316825004764/beam_8k.htm,https://www.sec.gov/Archives/edgar/data/1398805/000168316825004764/beam_8k.htm,2025-06-20,2025-06-26 08:00:29,https://www.sec.gov/Archives/edgar/data/1398805/0001683168-25-004764-index.html,Item 1.01; Item 7.01; Item 9.01,Item 1.01; Item 7.01; Item 9.01,FDA,Tier-1,https://www.sec.gov/Archives/edgar/data/1398805/000168316825004764/beam_8k.htm,,Tier-1,2025-06-20,https://www.sec.gov/Archives/edgar/data/1398805/000168316825004764/beam_8k.htm,https://www.sec.gov/Archives/edgar/data/1398805/0001683168-25-004764-index.html
BLFY,Blue Foundry Bancorp,0001846017,2025-11-24,ATM,Tier-1,https://www.sec.gov/Archives/edgar/data/1846017/000119312525294478/d922774d8k.htm,https://www.sec.gov/Archives/edgar/data/1846017/0001193125-25-294478-index.html,8-K,2025-11-25,2025-11-24,2025-11-24,0001193125-25-294478,https://www.sec.gov/Archives/edgar/data/1846017/000119312525294478/d922774d8k.htm,https://www.sec.gov/Archives/edgar/data/1846017/000119312525294478/d922774d8k.htm,2025-11-24,2025-11-25 06:30:29,https://www.sec.gov/Archives/edgar/data/1846017/0001193125-25-294478-index.html,Item 1.01; Item 5.02; Item 7.01; Item 9.01,Item 1.01; Item 5.02; Item 7.01; Item 9.01,ATM,Tier-1,https://www.sec.gov/Archives/edgar/data/1846017/000119312525294478/d922774d8k.htm,,Tier-1,2025-11-24,https://www.sec.gov/Archives/edgar/data/1846017/000119312525294478/d922774d8k.htm,https://www.sec.gov/Archives/edgar/data/1846017/0001193125-25-294478-index.html
AVBH,"Avidbank Holdings, Inc.",0001443575,2025-10-23,ATM,Tier-1,https://www.sec.gov/Archives/edgar/data/1443575/000144357525000034/avbh-20251023x8k.htm,https://www.sec.gov/Archives/edgar/data/1443575/0001443575-25-000034-index.html,8-K,2025-10-23,2025-10-23,2025-10-23,0001443575-25-000034,https://www.sec.gov/Archives/edgar/data/1443575/000144357525000034/avbh-20251023x8k.htm,https://www.sec.gov/Archives/edgar/data/1443575/000144357525000034/avbh-20251023x8k.htm,2025-10-23,2025-10-23 16:06:07,https://www.sec.gov/Archives/edgar/data/1443575/0001443575-25-000034-index.html,Item 2.02; Item 7.01; Item 9.01,Item 2.02; Item 7.01; Item 9.01,ATM,Tier-1,https://www.sec.gov/Archives/edgar/data/1443575/000144357525000034/avbh-20251023x8k.htm,,Tier-1,2025-10-23,https://www.sec.gov/Archives/edgar/data/1443575/000144357525000034/avbh-20251023x8k.htm,https://www.sec.gov/Archives/edgar/data/1443575/0001443575-25-000034-index.html
BLFY,Blue Foundry Bancorp,0001846017,2025-06-18,ListingChange,Tier-1,https://www.sec.gov/Archives/edgar/data/1846017/000162828025032668/blue-20250618.htm,https://www.sec.gov/Archives/edgar/data/1846017/0001628280-25-032668-index.html,8-K,2025-06-24,2025-06-18,2025-06-18,0001628280-25-032668,https://www.sec.gov/Archives/edgar/data/1846017/000162828025032668/blue-20250618.htm,https://www.sec.gov/Archives/edgar/data/1846017/000162828025032668/blue-20250618.htm,2025-06-18,2025-06-23 17:46:13,https://www.sec.gov/Archives/edgar/data/1846017/0001628280-25-032668-index.html,Item 8.01; Item 9.01,Item 8.01; Item 9.01,ListingChange,Tier-1,https://www.sec.gov/Archives/edgar/data/1846017/000162828025032668/blue-20250618.htm,,Tier-1,2025-06-18,https://www.sec.gov/Archives/edgar/data/1846017/000162828025032668/blue-20250618.htm,https://www.sec.gov/Archives/edgar/data/1846017/0001628280-25-032668-index.html
BLFY,Blue Foundry Bancorp,0001846017,2025-10-29,ContractAward,Tier-1,https://www.sec.gov/Archives/edgar/data/1846017/000162828025046959/blue-20251029.htm,https://www.sec.gov/Archives/edgar/data/1846017/0001628280-25-046959-index.html,8-K,2025-10-29,2025-10-29,2025-10-29,0001628280-25-046959,https://www.sec.gov/Archives/edgar/data/1846017/000162828025046959/blue-20251029.htm,https://www.sec.gov/Archives/edgar/data/1846017/000162828025046959/blue-20251029.htm,2025-10-29,2025-10-29 10:12:01,https://www.sec.gov/Archives/edgar/data/1846017/0001628280-25-046959-index.html,Item 2.02; Item 9.01,Item 2.02; Item 9.01,ContractAward,Tier-1,https://www.sec.gov/Archives/edgar/data/1846017/000162828025046959/blue-20251029.htm,,Tier-1,2025-10-29,https://www.sec.gov/Archives/edgar/data/1846017/000162828025046959/blue-20251029.htm,https://www.sec.gov/Archives/edgar/data/1846017/0001628280-25-046959-index.html
BLFY,Blue Foundry Bancorp,0001846017,2025-07-30,ContractAward,Tier-1,https://www.sec.gov/Archives/edgar/data/1846017/000162828025036585/blue-20250730.htm,https://www.sec.gov/Archives/edgar/data/1846017/0001628280-25-036585-index.html,8-K,2025-07-30,2025-07-30,2025-07-30,0001628280-25-036585,https://www.sec.gov/Archives/edgar/data/1846017/000162828025036585/blue-20250730.htm,https://www.sec.gov/Archives/edgar/data/1846017/000162828025036585/blue-20250730.htm,2025-07-30,2025-07-30 10:04:58,https://www.sec.gov/Archives/edgar/data/1846017/0001628280-25-036585-index.html,Item 2.02; Item 9.01,Item 2.02; Item 9.01,ContractAward,Tier-1,https://www.sec.gov/Archives/edgar/data/1846017/000162828025036585/blue-20250730.htm,,Tier-1,2025-07-30,https://www.sec.gov/Archives/edgar/data/1846017/000162828025036585/blue-20250730.htm,https://www.sec.gov/Archives/edgar/data/1846017/0001628280-25-036585-index.html
BLNK,Blink Charging Co.,0001429764,2025-09-09,ListingChange,Tier-1,https://www.sec.gov/Archives/edgar/data/1429764/000164117225027095/form8-k.htm,https://www.sec.gov/Archives/edgar/data/1429764/0001641172-25-027095-index.html,8-K,2025-09-11,2025-09-09,2025-09-09,0001641172-25-027095,https://www.sec.gov/Archives/edgar/data/1429764/000164117225027095/form8-k.htm,https://www.sec.gov/Archives/edgar/data/1429764/000164117225027095/form8-k.htm,2025-09-09,2025-09-11 08:00:29,https://www.sec.gov/Archives/edgar/data/1429764/0001641172-25-027095-index.html,Item 3.01; Item 7.01; Item 9.01,Item 3.01; Item 7.01; Item 9.01,ListingChange,Tier-1,https://www.sec.gov/Archives/edgar/data/1429764/000164117225027095/form8-k.htm,,Tier-1,2025-09-09,https://www.sec.gov/Archives/edgar/data/1429764/000164117225027095/form8-k.htm,https://www.sec.gov/Archives/edgar/data/1429764/0001641172-25-027095-index.html
BLFY,Blue Foundry Bancorp,0001846017,2025-07-30,ContractAward,Tier-1,https://www.sec.gov/Archives/edgar/data/1846017/000162828025036756/blue-20250730.htm,https://www.sec.gov/Archives/edgar/data/1846017/0001628280-25-036756-index.html,8-K/A,2025-07-30,2025-07-30,2025-07-30,0001628280-25-036756,https://www.sec.gov/Archives/edgar/data/1846017/000162828025036756/blue-20250730.htm,https://www.sec.gov/Archives/edgar/data/1846017/000162828025036756/blue-20250730.htm,2025-07-30,2025-07-30 17:04:17,https://www.sec.gov/Archives/edgar/data/1846017/0001628280-25-036756-index.html,Item 2.02; Item 9.01,Item 2.02; Item 9.01,ContractAward,Tier-1,https://www.sec.gov/Archives/edgar/data/1846017/000162828025036756/blue-20250730.htm,,Tier-1,2025-07-30,https://www.sec.gov/Archives/edgar/data/1846017/000162828025036756/blue-20250730.htm,https://www.sec.gov/Archives/edgar/data/1846017/0001628280-25-036756-index.html
BLNK,Blink Charging Co.,0001429764,2025-11-06,ATM,Tier-1,https://www.sec.gov/Archives/edgar/data/1429764/000149315225021067/form8-k.htm,https://www.sec.gov/Archives/edgar/data/1429764/0001493152-25-021067-index.html,8-K,2025-11-06,2025-11-06,2025-11-06,0001493152-25-021067,https://www.sec.gov/Archives/edgar/data/1429764/000149315225021067/form8-k.htm,https://www.sec.gov/Archives/edgar/data/1429764/000149315225021067/form8-k.htm,2025-11-06,2025-11-06 16:07:03,https://www.sec.gov/Archives/edgar/data/1429764/0001493152-25-021067-index.html,Item 2.02; Item 9.01,Item 2.02; Item 9.01,ATM,Tier-1,https://www.sec.gov/Archives/edgar/data/1429764/000149315225021067/form8-k.htm,,Tier-1,2025-11-06,https://www.sec.gov/Archives/edgar/data/1429764/000149315225021067/form8-k.htm,https://www.sec.gov/Archives/edgar/data/1429764/0001493152-25-021067-index.html
BLNK,Blink Charging Co.,0001429764,2025-09-09,OtherEvent,Tier-2,https://www.sec.gov/Archives/edgar/data/1429764/000164117225026972/form8-k.htm,https://www.sec.gov/Archives/edgar/data/1429764/0001641172-25-026972-index.html,8-K,2025-09-09,2025-09-09,2025-09-09,0001641172-25-026972,https://www.sec.gov/Archives/edgar/data/1429764/000164117225026972/form8-k.htm,https://www.sec.gov/Archives/edgar/data/1429764/000164117225026972/form8-k.htm,2025-09-09,2025-09-09 16:15:59,https://www.sec.gov/Archives/edgar/data/1429764/0001641172-25-026972-index.html,Item 7.01; Item 9.01,Item 7.01; Item 9.01,OtherEvent,Tier-2,https://www.sec.gov/Archives/edgar/data/1429764/000164117225026972/form8-k.htm,,Tier-2,2025-09-09,https://www.sec.gov/Archives/edgar/data/1429764/000164117225026972/form8-k.htm,https://www.sec.gov/Archives/edgar/data/1429764/0001641172-25-026972-index.html
BLNK,Blink Charging Co.,0001429764,2025-09-02,FDA,Tier-1,https://www.sec.gov/Archives/edgar/data/1429764/000164117225026230/form8-k.htm,https://www.sec.gov/Archives/edgar/data/1429764/0001641172-25-026230-index.html,8-K,2025-09-02,2025-09-02,2025-09-02,0001641172-25-026230,https://www.sec.gov/Archives/edgar/data/1429764/000164117225026230/form8-k.htm,https://www.sec.gov/Archives/edgar/data/1429764/000164117225026230/form8-k.htm,2025-09-02,2025-09-02 17:14:45,https://www.sec.gov/Archives/edgar/data/1429764/0001641172-25-026230-index.html,Item 8.01; Item 9.01,Item 8.01; Item 9.01,FDA,Tier-1,https://www.sec.gov/Archives/edgar/data/1429764/000164117225026230/form8-k.htm,,Tier-1,2025-09-02,https://www.sec.gov/Archives/edgar/data/1429764/000164117225026230/form8-k.htm,https://www.sec.gov/Archives/edgar/data/1429764/0001641172-25-026230-index.html
BLNK,Blink Charging Co.,0001429764,2025-08-26,ATM,Tier-1,https://www.sec.gov/Archives/edgar/data/1429764/000164117225025995/form8-k.htm,https://www.sec.gov/Archives/edgar/data/1429764/0001641172-25-025995-index.html,8-K,2025-08-29,2025-08-26,2025-08-26,0001641172-25-025995,https://www.sec.gov/Archives/edgar/data/1429764/000164117225025995/form8-k.htm,https://www.sec.gov/Archives/edgar/data/1429764/000164117225025995/form8-k.htm,2025-08-26,2025-08-29 16:28:24,https://www.sec.gov/Archives/edgar/data/1429764/0001641172-25-025995-index.html,Item 1.01; Item 3.02; Item 9.01,Item 1.01; Item 3.02; Item 9.01,ATM,Tier-1,https://www.sec.gov/Archives/edgar/data/1429764/000164117225025995/form8-k.htm,,Tier-1,2025-08-26,https://www.sec.gov/Archives/edgar/data/1429764/000164117225025995/form8-k.htm,https://www.sec.gov/Archives/edgar/data/1429764/0001641172-25-025995-index.html
BLNK,Blink Charging Co.,0001429764,2025-08-04,ATM,Tier-1,https://www.sec.gov/Archives/edgar/data/1429764/000164117225022447/form8-k.htm,https://www.sec.gov/Archives/edgar/data/1429764/0001641172-25-022447-index.html,8-K,2025-08-06,2025-08-04,2025-08-04,0001641172-25-022447,https://www.sec.gov/Archives/edgar/data/1429764/000164117225022447/form8-k.htm,https://www.sec.gov/Archives/edgar/data/1429764/000164117225022447/form8-k.htm,2025-08-04,2025-08-06 17:00:21,https://www.sec.gov/Archives/edgar/data/1429764/0001641172-25-022447-index.html,Item 1.01; Item 9.01,Item 1.01; Item 9.01,ATM,Tier-1,https://www.sec.gov/Archives/edgar/data/1429764/000164117225022447/form8-k.htm,,Tier-1,2025-08-04,https://www.sec.gov/Archives/edgar/data/1429764/000164117225022447/form8-k.htm,https://www.sec.gov/Archives/edgar/data/1429764/0001641172-25-022447-index.html
BLNK,Blink Charging Co.,0001429764,2025-08-18,ATM,Tier-1,https://www.sec.gov/Archives/edgar/data/1429764/000164117225024621/form8-k.htm,https://www.sec.gov/Archives/edgar/data/1429764/0001641172-25-024621-index.html,8-K,2025-08-18,2025-08-18,2025-08-18,0001641172-25-024621,https://www.sec.gov/Archives/edgar/data/1429764/000164117225024621/form8-k.htm,https://www.sec.gov/Archives/edgar/data/1429764/000164117225024621/form8-k.htm,2025-08-18,2025-08-18 16:26:05,https://www.sec.gov/Archives/edgar/data/1429764/0001641172-25-024621-index.html,Item 2.02; Item 9.01,Item 2.02; Item 9.01,ATM,Tier-1,https://www.sec.gov/Archives/edgar/data/1429764/000164117225024621/form8-k.htm,,Tier-1,2025-08-18,https://www.sec.gov/Archives/edgar/data/1429764/000164117225024621/form8-k.htm,https://www.sec.gov/Archives/edgar/data/1429764/0001641172-25-024621-index.html
BLZE,"Backblaze, Inc.",0001462056,2025-11-06,ATM,Tier-1,https://www.sec.gov/Archives/edgar/data/1462056/000162828025049848/blze-20251106.htm,https://www.sec.gov/Archives/edgar/data/1462056/0001628280-25-049848-index.html,8-K,2025-11-06,2025-11-06,2025-11-06,0001628280-25-049848,https://www.sec.gov/Archives/edgar/data/1462056/000162828025049848/blze-20251106.htm,https://www.sec.gov/Archives/edgar/data/1462056/000162828025049848/blze-20251106.htm,2025-11-06,2025-11-06 07:03:20,https://www.sec.gov/Archives/edgar/data/1462056/0001628280-25-049848-index.html,Item 2.02; Item 8.01; Item 9.01,Item 2.02; Item 8.01; Item 9.01,ATM,Tier-1,https://www.sec.gov/Archives/edgar/data/1462056/000162828025049848/blze-20251106.htm,,Tier-1,2025-11-06,https://www.sec.gov/Archives/edgar/data/1462056/000162828025049848/blze-20251106.htm,https://www.sec.gov/Archives/edgar/data/1462056/0001628280-25-049848-index.html
BLZE,"Backblaze, Inc.",0001462056,2025-08-07,ATM,Tier-1,https://www.sec.gov/Archives/edgar/data/1462056/000162828025038582/blze-20250807.htm,https://www.sec.gov/Archives/edgar/data/1462056/0001628280-25-038582-index.html,8-K,2025-08-07,2025-08-07,2025-08-07,0001628280-25-038582,https://www.sec.gov/Archives/edgar/data/1462056/000162828025038582/blze-20250807.htm,https://www.sec.gov/Archives/edgar/data/1462056/000162828025038582/blze-20250807.htm,2025-08-07,2025-08-07 07:09:29,https://www.sec.gov/Archives/edgar/data/1462056/0001628280-25-038582-index.html,Item 1.01; Item 2.02; Item 8.01; Item 9.01,Item 1.01; Item 2.02; Item 8.01; Item 9.01,ATM,Tier-1,https://www.sec.gov/Archives/edgar/data/1462056/000162828025038582/blze-20250807.htm,,Tier-1,2025-08-07,https://www.sec.gov/Archives/edgar/data/1462056/000162828025038582/blze-20250807.htm,https://www.sec.gov/Archives/edgar/data/1462056/0001628280-25-038582-index.html
BMEA,"Biomea Fusion, Inc.",0001840439,2025-10-06,ATM,Tier-1,https://www.sec.gov/Archives/edgar/data/1840439/000119312525233614/d237219d8k.htm,https://www.sec.gov/Archives/edgar/data/1840439/0001193125-25-233614-index.html,8-K,2025-10-07,2025-10-06,2025-10-06,0001193125-25-233614,https://www.sec.gov/Archives/edgar/data/1840439/000119312525233614/d237219d8k.htm,https://www.sec.gov/Archives/edgar/data/1840439/000119312525233614/d237219d8k.htm,2025-10-06,2025-10-07 17:06:50,https://www.sec.gov/Archives/edgar/data/1840439/0001193125-25-233614-index.html,Item 1.01; Item 8.01; Item 9.01,Item 1.01; Item 8.01; Item 9.01,ATM,Tier-1,https://www.sec.gov/Archives/edgar/data/1840439/000119312525233614/d237219d8k.htm,,Tier-1,2025-10-06,https://www.sec.gov/Archives/edgar/data/1840439/000119312525233614/d237219d8k.htm,https://www.sec.gov/Archives/edgar/data/1840439/0001193125-25-233614-index.html
BMEA,"Biomea Fusion, Inc.",0001840439,2025-11-04,ATM,Tier-1,https://www.sec.gov/Archives/edgar/data/1840439/000119312525264631/bmea-20251104.htm,https://www.sec.gov/Archives/edgar/data/1840439/0001193125-25-264631-index.html,8-K,2025-11-04,2025-11-04,2025-11-04,0001193125-25-264631,https://www.sec.gov/Archives/edgar/data/1840439/000119312525264631/bmea-20251104.htm,https://www.sec.gov/Archives/edgar/data/1840439/000119312525264631/bmea-20251104.htm,2025-11-04,2025-11-04 16:03:19,https://www.sec.gov/Archives/edgar/data/1840439/0001193125-25-264631-index.html,Item 2.02; Item 9.01,Item 2.02; Item 9.01,ATM,Tier-1,https://www.sec.gov/Archives/edgar/data/1840439/000119312525264631/bmea-20251104.htm,,Tier-1,2025-11-04,https://www.sec.gov/Archives/edgar/data/1840439/000119312525264631/bmea-20251104.htm,https://www.sec.gov/Archives/edgar/data/1840439/0001193125-25-264631-index.html
BMEA,"Biomea Fusion, Inc.",0001840439,2025-07-22,GuidanceUp,Tier-1,https://www.sec.gov/Archives/edgar/data/1840439/000119312525163815/d57486d8k.htm,https://www.sec.gov/Archives/edgar/data/1840439/0001193125-25-163815-index.html,8-K,2025-07-24,2025-07-22,2025-07-22,0001193125-25-163815,https://www.sec.gov/Archives/edgar/data/1840439/000119312525163815/d57486d8k.htm,https://www.sec.gov/Archives/edgar/data/1840439/000119312525163815/d57486d8k.htm,2025-07-22,2025-07-24 07:13:53,https://www.sec.gov/Archives/edgar/data/1840439/0001193125-25-163815-index.html,Item 5.02; Item 9.01,Item 5.02; Item 9.01,GuidanceUp,Tier-1,https://www.sec.gov/Archives/edgar/data/1840439/000119312525163815/d57486d8k.htm,,Tier-1,2025-07-22,https://www.sec.gov/Archives/edgar/data/1840439/000119312525163815/d57486d8k.htm,https://www.sec.gov/Archives/edgar/data/1840439/0001193125-25-163815-index.html
BMEA,"Biomea Fusion, Inc.",0001840439,2025-06-17,ATM,Tier-1,https://www.sec.gov/Archives/edgar/data/1840439/000119312525143747/d877313d8k.htm,https://www.sec.gov/Archives/edgar/data/1840439/0001193125-25-143747-index.html,8-K,2025-06-20,2025-06-17,2025-06-17,0001193125-25-143747,https://www.sec.gov/Archives/edgar/data/1840439/000119312525143747/d877313d8k.htm,https://www.sec.gov/Archives/edgar/data/1840439/000119312525143747/d877313d8k.htm,2025-06-17,2025-06-20 17:13:37,https://www.sec.gov/Archives/edgar/data/1840439/0001193125-25-143747-index.html,Item 1.01; Item 9.01,Item 1.01; Item 9.01,ATM,Tier-1,https://www.sec.gov/Archives/edgar/data/1840439/000119312525143747/d877313d8k.htm,,Tier-1,2025-06-17,https://www.sec.gov/Archives/edgar/data/1840439/000119312525143747/d877313d8k.htm,https://www.sec.gov/Archives/edgar/data/1840439/0001193125-25-143747-index.html
BLZE,"Backblaze, Inc.",0001462056,2025-08-07,ATM,Tier-1,https://www.sec.gov/Archives/edgar/data/1462056/000162828025038639/blze-20250807.htm,https://www.sec.gov/Archives/edgar/data/1462056/0001628280-25-038639-index.html,8-K/A,2025-08-07,2025-08-07,2025-08-07,0001628280-25-038639,https://www.sec.gov/Archives/edgar/data/1462056/000162828025038639/blze-20250807.htm,https://www.sec.gov/Archives/edgar/data/1462056/000162828025038639/blze-20250807.htm,2025-08-07,2025-08-07 09:23:45,https://www.sec.gov/Archives/edgar/data/1462056/0001628280-25-038639-index.html,Item 9.01,Item 9.01,ATM,Tier-1,https://www.sec.gov/Archives/edgar/data/1462056/000162828025038639/blze-20250807.htm,,Tier-1,2025-08-07,https://www.sec.gov/Archives/edgar/data/1462056/000162828025038639/blze-20250807.htm,https://www.sec.gov/Archives/edgar/data/1462056/0001628280-25-038639-index.html
BMEA,"Biomea Fusion, Inc.",0001840439,2025-08-05,ATM,Tier-1,https://www.sec.gov/Archives/edgar/data/1840439/000095017025103023/bmea-20250805.htm,https://www.sec.gov/Archives/edgar/data/1840439/0000950170-25-103023-index.html,8-K,2025-08-05,2025-08-05,2025-08-05,0000950170-25-103023,https://www.sec.gov/Archives/edgar/data/1840439/000095017025103023/bmea-20250805.htm,https://www.sec.gov/Archives/edgar/data/1840439/000095017025103023/bmea-20250805.htm,2025-08-05,2025-08-05 16:06:31,https://www.sec.gov/Archives/edgar/data/1840439/0000950170-25-103023-index.html,Item 2.02; Item 9.01,Item 2.02; Item 9.01,ATM,Tier-1,https://www.sec.gov/Archives/edgar/data/1840439/000095017025103023/bmea-20250805.htm,,Tier-1,2025-08-05,https://www.sec.gov/Archives/edgar/data/1840439/000095017025103023/bmea-20250805.htm,https://www.sec.gov/Archives/edgar/data/1840439/0000950170-25-103023-index.html
BMEA,"Biomea Fusion, Inc.",0001840439,2025-06-17,ATM,Tier-1,https://www.sec.gov/Archives/edgar/data/1840439/000119312525142830/d44604d8k.htm,https://www.sec.gov/Archives/edgar/data/1840439/0001193125-25-142830-index.html,8-K,2025-06-18,2025-06-17,2025-06-17,0001193125-25-142830,https://www.sec.gov/Archives/edgar/data/1840439/000119312525142830/d44604d8k.htm,https://www.sec.gov/Archives/edgar/data/1840439/000119312525142830/d44604d8k.htm,2025-06-17,2025-06-18 17:30:11,https://www.sec.gov/Archives/edgar/data/1840439/0001193125-25-142830-index.html,Item 1.01; Item 8.01,Item 1.01; Item 8.01,ATM,Tier-1,https://www.sec.gov/Archives/edgar/data/1840439/000119312525142830/d44604d8k.htm,,Tier-1,2025-06-17,https://www.sec.gov/Archives/edgar/data/1840439/000119312525142830/d44604d8k.htm,https://www.sec.gov/Archives/edgar/data/1840439/0001193125-25-142830-index.html
BMEA,"Biomea Fusion, Inc.",0001840439,2025-06-17,ATM,Tier-1,https://www.sec.gov/Archives/edgar/data/1840439/000119312525142126/d915732d8k.htm,https://www.sec.gov/Archives/edgar/data/1840439/0001193125-25-142126-index.html,8-K,2025-06-17,2025-06-17,2025-06-17,0001193125-25-142126,https://www.sec.gov/Archives/edgar/data/1840439/000119312525142126/d915732d8k.htm,https://www.sec.gov/Archives/edgar/data/1840439/000119312525142126/d915732d8k.htm,2025-06-17,2025-06-17 16:53:15,https://www.sec.gov/Archives/edgar/data/1840439/0001193125-25-142126-index.html,Item 7.01; Item 8.01; Item 9.01,Item 7.01; Item 8.01; Item 9.01,ATM,Tier-1,https://www.sec.gov/Archives/edgar/data/1840439/000119312525142126/d915732d8k.htm,,Tier-1,2025-06-17,https://www.sec.gov/Archives/edgar/data/1840439/000119312525142126/d915732d8k.htm,https://www.sec.gov/Archives/edgar/data/1840439/0001193125-25-142126-index.html
BTCS,BTCS Inc.,0001436229,2025-08-18,ATM,Tier-1,https://www.sec.gov/Archives/edgar/data/1436229/000149315225012108/form8-k.htm,https://www.sec.gov/Archives/edgar/data/1436229/0001493152-25-012108-index.html,8-K,2025-08-18,2025-08-18,2025-08-18,0001493152-25-012108,https://www.sec.gov/Archives/edgar/data/1436229/000149315225012108/form8-k.htm,https://www.sec.gov/Archives/edgar/data/1436229/000149315225012108/form8-k.htm,2025-08-18,2025-08-18 07:00:50,https://www.sec.gov/Archives/edgar/data/1436229/0001493152-25-012108-index.html,Item 7.01; Item 8.01; Item 9.01,Item 7.01; Item 8.01; Item 9.01,ATM,Tier-1,https://www.sec.gov/Archives/edgar/data/1436229/000149315225012108/form8-k.htm,,Tier-1,2025-08-18,https://www.sec.gov/Archives/edgar/data/1436229/000149315225012108/form8-k.htm,https://www.sec.gov/Archives/edgar/data/1436229/0001493152-25-012108-index.html
BTCS,BTCS Inc.,0001436229,2025-08-14,ContractAward,Tier-1,https://www.sec.gov/Archives/edgar/data/1436229/000164117225023717/form8-k.htm,https://www.sec.gov/Archives/edgar/data/1436229/0001641172-25-023717-index.html,8-K,2025-08-14,2025-08-14,2025-08-14,0001641172-25-023717,https://www.sec.gov/Archives/edgar/data/1436229/000164117225023717/form8-k.htm,https://www.sec.gov/Archives/edgar/data/1436229/000164117225023717/form8-k.htm,2025-08-14,2025-08-14 07:31:07,https://www.sec.gov/Archives/edgar/data/1436229/0001641172-25-023717-index.html,Item 7.01; Item 8.01; Item 9.01,Item 7.01; Item 8.01; Item 9.01,ContractAward,Tier-1,https://www.sec.gov/Archives/edgar/data/1436229/000164117225023717/form8-k.htm,,Tier-1,2025-08-14,https://www.sec.gov/Archives/edgar/data/1436229/000164117225023717/form8-k.htm,https://www.sec.gov/Archives/edgar/data/1436229/0001641172-25-023717-index.html
BTCS,BTCS Inc.,0001436229,2025-07-22,ATM,Tier-1,https://www.sec.gov/Archives/edgar/data/1436229/000149315225011437/form8-k.htm,https://www.sec.gov/Archives/edgar/data/1436229/0001493152-25-011437-index.html,8-K,2025-07-28,2025-07-22,2025-07-22,0001493152-25-011437,https://www.sec.gov/Archives/edgar/data/1436229/000149315225011437/form8-k.htm,https://www.sec.gov/Archives/edgar/data/1436229/000149315225011437/form8-k.htm,2025-07-22,2025-07-28 07:00:47,https://www.sec.gov/Archives/edgar/data/1436229/0001493152-25-011437-index.html,Item 2.03; Item 3.02; Item 9.01,Item 2.03; Item 3.02; Item 9.01,ATM,Tier-1,https://www.sec.gov/Archives/edgar/data/1436229/000149315225011437/form8-k.htm,,Tier-1,2025-07-22,https://www.sec.gov/Archives/edgar/data/1436229/000149315225011437/form8-k.htm,https://www.sec.gov/Archives/edgar/data/1436229/0001493152-25-011437-index.html
BTCS,BTCS Inc.,0001436229,2025-07-21,ATM,Tier-1,https://www.sec.gov/Archives/edgar/data/1436229/000149315225011311/form8-k.htm,https://www.sec.gov/Archives/edgar/data/1436229/0001493152-25-011311-index.html,8-K,2025-07-21,2025-07-21,2025-07-21,0001493152-25-011311,https://www.sec.gov/Archives/edgar/data/1436229/000149315225011311/form8-k.htm,https://www.sec.gov/Archives/edgar/data/1436229/000149315225011311/form8-k.htm,2025-07-21,2025-07-21 07:00:44,https://www.sec.gov/Archives/edgar/data/1436229/0001493152-25-011311-index.html,Item 2.03; Item 3.02; Item 9.01,Item 2.03; Item 3.02; Item 9.01,ATM,Tier-1,https://www.sec.gov/Archives/edgar/data/1436229/000149315225011311/form8-k.htm,,Tier-1,2025-07-21,https://www.sec.gov/Archives/edgar/data/1436229/000149315225011311/form8-k.htm,https://www.sec.gov/Archives/edgar/data/1436229/0001493152-25-011311-index.html
BTCS,BTCS Inc.,0001436229,2025-11-14,ATM,Tier-1,https://www.sec.gov/Archives/edgar/data/1436229/000149315225022605/form8-k.htm,https://www.sec.gov/Archives/edgar/data/1436229/0001493152-25-022605-index.html,8-K,2025-11-14,2025-11-14,2025-11-14,0001493152-25-022605,https://www.sec.gov/Archives/edgar/data/1436229/000149315225022605/form8-k.htm,https://www.sec.gov/Archives/edgar/data/1436229/000149315225022605/form8-k.htm,2025-11-14,2025-11-14 08:30:56,https://www.sec.gov/Archives/edgar/data/1436229/0001493152-25-022605-index.html,Item 7.01; Item 9.01,Item 7.01; Item 9.01,ATM,Tier-1,https://www.sec.gov/Archives/edgar/data/1436229/000149315225022605/form8-k.htm,,Tier-1,2025-11-14,https://www.sec.gov/Archives/edgar/data/1436229/000149315225022605/form8-k.htm,https://www.sec.gov/Archives/edgar/data/1436229/0001493152-25-022605-index.html
BTCS,BTCS Inc.,0001436229,2025-07-09,ATM,Tier-1,https://www.sec.gov/Archives/edgar/data/1436229/000164117225018876/form8-k.htm,https://www.sec.gov/Archives/edgar/data/1436229/0001641172-25-018876-index.html,8-K,2025-07-14,2025-07-09,2025-07-09,0001641172-25-018876,https://www.sec.gov/Archives/edgar/data/1436229/000164117225018876/form8-k.htm,https://www.sec.gov/Archives/edgar/data/1436229/000164117225018876/form8-k.htm,2025-07-09,2025-07-14 06:30:31,https://www.sec.gov/Archives/edgar/data/1436229/0001641172-25-018876-index.html,Item 9.01,Item 9.01,ATM,Tier-1,https://www.sec.gov/Archives/edgar/data/1436229/000164117225018876/form8-k.htm,,Tier-1,2025-07-09,https://www.sec.gov/Archives/edgar/data/1436229/000164117225018876/form8-k.htm,https://www.sec.gov/Archives/edgar/data/1436229/0001641172-25-018876-index.html
BTM,Bitcoin Depot Inc.,0001901799,2025-11-21,ATM,Tier-1,https://www.sec.gov/Archives/edgar/data/1901799/000119312525290629/d845053d8k.htm,https://www.sec.gov/Archives/edgar/data/1901799/0001193125-25-290629-index.html,8-K,2025-11-21,2025-11-21,2025-11-21,0001193125-25-290629,https://www.sec.gov/Archives/edgar/data/1901799/000119312525290629/d845053d8k.htm,https://www.sec.gov/Archives/edgar/data/1901799/000119312525290629/d845053d8k.htm,2025-11-21,2025-11-21 08:00:38,https://www.sec.gov/Archives/edgar/data/1901799/0001193125-25-290629-index.html,Item 5.02; Item 7.01; Item 9.01,Item 5.02; Item 7.01; Item 9.01,ATM,Tier-1,https://www.sec.gov/Archives/edgar/data/1901799/000119312525290629/d845053d8k.htm,,Tier-1,2025-11-21,https://www.sec.gov/Archives/edgar/data/1901799/000119312525290629/d845053d8k.htm,https://www.sec.gov/Archives/edgar/data/1901799/0001193125-25-290629-index.html
BTM,Bitcoin Depot Inc.,0001901799,2025-10-06,ATM,Tier-1,https://www.sec.gov/Archives/edgar/data/1901799/000119312525233985/d42449d8k.htm,https://www.sec.gov/Archives/edgar/data/1901799/0001193125-25-233985-index.html,8-K,2025-10-08,2025-10-06,2025-10-06,0001193125-25-233985,https://www.sec.gov/Archives/edgar/data/1901799/000119312525233985/d42449d8k.htm,https://www.sec.gov/Archives/edgar/data/1901799/000119312525233985/d42449d8k.htm,2025-10-06,2025-10-08 07:05:20,https://www.sec.gov/Archives/edgar/data/1901799/0001193125-25-233985-index.html,Item 1.01; Item 8.01; Item 9.01,Item 1.01; Item 8.01; Item 9.01,ATM,Tier-1,https://www.sec.gov/Archives/edgar/data/1901799/000119312525233985/d42449d8k.htm,,Tier-1,2025-10-06,https://www.sec.gov/Archives/edgar/data/1901799/000119312525233985/d42449d8k.htm,https://www.sec.gov/Archives/edgar/data/1901799/0001193125-25-233985-index.html
BTM,Bitcoin Depot Inc.,0001901799,2025-10-01,ATM,Tier-1,https://www.sec.gov/Archives/edgar/data/1901799/000119312525225908/btm-20251001.htm,https://www.sec.gov/Archives/edgar/data/1901799/0001193125-25-225908-index.html,8-K,2025-10-01,2025-10-01,2025-10-01,0001193125-25-225908,https://www.sec.gov/Archives/edgar/data/1901799/000119312525225908/btm-20251001.htm,https://www.sec.gov/Archives/edgar/data/1901799/000119312525225908/btm-20251001.htm,2025-10-01,2025-10-01 08:05:08,https://www.sec.gov/Archives/edgar/data/1901799/0001193125-25-225908-index.html,Item 2.02; Item 9.01,Item 2.02; Item 9.01,ATM,Tier-1,https://www.sec.gov/Archives/edgar/data/1901799/000119312525225908/btm-20251001.htm,,Tier-1,2025-10-01,https://www.sec.gov/Archives/edgar/data/1901799/000119312525225908/btm-20251001.htm,https://www.sec.gov/Archives/edgar/data/1901799/0001193125-25-225908-index.html
BTM,Bitcoin Depot Inc.,0001901799,2025-11-13,ATM,Tier-1,https://www.sec.gov/Archives/edgar/data/1901799/000119312525279033/btm-20251113.htm,https://www.sec.gov/Archives/edgar/data/1901799/0001193125-25-279033-index.html,8-K,2025-11-13,2025-11-13,2025-11-13,0001193125-25-279033,https://www.sec.gov/Archives/edgar/data/1901799/000119312525279033/btm-20251113.htm,https://www.sec.gov/Archives/edgar/data/1901799/000119312525279033/btm-20251113.htm,2025-11-13,2025-11-13 08:03:13,https://www.sec.gov/Archives/edgar/data/1901799/0001193125-25-279033-index.html,Item 2.02; Item 9.01,Item 2.02; Item 9.01,ATM,Tier-1,https://www.sec.gov/Archives/edgar/data/1901799/000119312525279033/btm-20251113.htm,,Tier-1,2025-11-13,https://www.sec.gov/Archives/edgar/data/1901799/000119312525279033/btm-20251113.htm,https://www.sec.gov/Archives/edgar/data/1901799/0001193125-25-279033-index.html
BWEN,"BROADWIND, INC.",0001120370,2025-09-10,ATM,Tier-1,https://www.sec.gov/Archives/edgar/data/1120370/000143774925028777/bwen20250909c_8k.htm,https://www.sec.gov/Archives/edgar/data/1120370/0001437749-25-028777-index.html,8-K,2025-09-10,2025-09-10,2025-09-10,0001437749-25-028777,https://www.sec.gov/Archives/edgar/data/1120370/000143774925028777/bwen20250909c_8k.htm,https://www.sec.gov/Archives/edgar/data/1120370/000143774925028777/bwen20250909c_8k.htm,2025-09-10,2025-09-10 16:43:12,https://www.sec.gov/Archives/edgar/data/1120370/0001437749-25-028777-index.html,Item 8.01; Item 9.01,Item 8.01; Item 9.01,ATM,Tier-1,https://www.sec.gov/Archives/edgar/data/1120370/000143774925028777/bwen20250909c_8k.htm,,Tier-1,2025-09-10,https://www.sec.gov/Archives/edgar/data/1120370/000143774925028777/bwen20250909c_8k.htm,https://www.sec.gov/Archives/edgar/data/1120370/0001437749-25-028777-index.html
BWEN,"BROADWIND, INC.",0001120370,2025-11-13,ATM,Tier-1,https://www.sec.gov/Archives/edgar/data/1120370/000117184325007255/f8k_111225.htm,https://www.sec.gov/Archives/edgar/data/1120370/0001171843-25-007255-index.html,8-K,2025-11-13,2025-11-13,2025-11-13,0001171843-25-007255,https://www.sec.gov/Archives/edgar/data/1120370/000117184325007255/f8k_111225.htm,https://www.sec.gov/Archives/edgar/data/1120370/000117184325007255/f8k_111225.htm,2025-11-13,2025-11-13 07:00:43,https://www.sec.gov/Archives/edgar/data/1120370/0001171843-25-007255-index.html,Item 2.02; Item 7.01; Item 9.01,Item 2.02; Item 7.01; Item 9.01,ATM,Tier-1,https://www.sec.gov/Archives/edgar/data/1120370/000117184325007255/f8k_111225.htm,,Tier-1,2025-11-13,https://www.sec.gov/Archives/edgar/data/1120370/000117184325007255/f8k_111225.htm,https://www.sec.gov/Archives/edgar/data/1120370/0001171843-25-007255-index.html
BWEN,"BROADWIND, INC.",0001120370,2025-09-08,ATM,Tier-1,https://www.sec.gov/Archives/edgar/data/1120370/000143774925028776/bwen20250909_8k.htm,https://www.sec.gov/Archives/edgar/data/1120370/0001437749-25-028776-index.html,8-K,2025-09-10,2025-09-08,2025-09-08,0001437749-25-028776,https://www.sec.gov/Archives/edgar/data/1120370/000143774925028776/bwen20250909_8k.htm,https://www.sec.gov/Archives/edgar/data/1120370/000143774925028776/bwen20250909_8k.htm,2025-09-08,2025-09-10 16:42:07,https://www.sec.gov/Archives/edgar/data/1120370/0001437749-25-028776-index.html,Item 2.01; Item 5.02; Item 7.01; Item 9.01,Item 2.01; Item 5.02; Item 7.01; Item 9.01,ATM,Tier-1,https://www.sec.gov/Archives/edgar/data/1120370/000143774925028776/bwen20250909_8k.htm,,Tier-1,2025-09-08,https://www.sec.gov/Archives/edgar/data/1120370/000143774925028776/bwen20250909_8k.htm,https://www.sec.gov/Archives/edgar/data/1120370/0001437749-25-028776-index.html
BWEN,"BROADWIND, INC.",0001120370,2025-06-04,ATM,Tier-1,https://www.sec.gov/Archives/edgar/data/1120370/000117184325003691/f8k_060425.htm,https://www.sec.gov/Archives/edgar/data/1120370/0001171843-25-003691-index.html,8-K,2025-06-05,2025-06-04,2025-06-04,0001171843-25-003691,https://www.sec.gov/Archives/edgar/data/1120370/000117184325003691/f8k_060425.htm,https://www.sec.gov/Archives/edgar/data/1120370/000117184325003691/f8k_060425.htm,2025-06-04,2025-06-04 19:00:09,https://www.sec.gov/Archives/edgar/data/1120370/0001171843-25-003691-index.html,Item 1.01; Item 1.02; Item 7.01; Item 9.01,Item 1.01; Item 1.02; Item 7.01; Item 9.01,ATM,Tier-1,https://www.sec.gov/Archives/edgar/data/1120370/000117184325003691/f8k_060425.htm,,Tier-1,2025-06-04,https://www.sec.gov/Archives/edgar/data/1120370/000117184325003691/f8k_060425.htm,https://www.sec.gov/Archives/edgar/data/1120370/0001171843-25-003691-index.html
BZAI,"Blaize Holdings, Inc.",0001871638,2025-11-11,ATM,Tier-1,https://www.sec.gov/Archives/edgar/data/1871638/000119312525275658/bzai-20251111.htm,https://www.sec.gov/Archives/edgar/data/1871638/0001193125-25-275658-index.html,8-K,2025-11-12,2025-11-11,2025-11-11,0001193125-25-275658,https://www.sec.gov/Archives/edgar/data/1871638/000119312525275658/bzai-20251111.htm,https://www.sec.gov/Archives/edgar/data/1871638/000119312525275658/bzai-20251111.htm,2025-11-11,2025-11-12 06:08:10,https://www.sec.gov/Archives/edgar/data/1871638/0001193125-25-275658-index.html,Item 2.02; Item 7.01; Item 9.01,Item 2.02; Item 7.01; Item 9.01,ATM,Tier-1,https://www.sec.gov/Archives/edgar/data/1871638/000119312525275658/bzai-20251111.htm,,Tier-1,2025-11-11,https://www.sec.gov/Archives/edgar/data/1871638/000119312525275658/bzai-20251111.htm,https://www.sec.gov/Archives/edgar/data/1871638/0001193125-25-275658-index.html
BTM,Bitcoin Depot Inc.,0001901799,2025-08-12,ATM,Tier-1,https://www.sec.gov/Archives/edgar/data/1901799/000095017025106931/btm-20250812.htm,https://www.sec.gov/Archives/edgar/data/1901799/0000950170-25-106931-index.html,8-K,2025-08-12,2025-08-12,2025-08-12,0000950170-25-106931,https://www.sec.gov/Archives/edgar/data/1901799/000095017025106931/btm-20250812.htm,https://www.sec.gov/Archives/edgar/data/1901799/000095017025106931/btm-20250812.htm,2025-08-12,2025-08-12 08:04:39,https://www.sec.gov/Archives/edgar/data/1901799/0000950170-25-106931-index.html,Item 2.02; Item 9.01,Item 2.02; Item 9.01,ATM,Tier-1,https://www.sec.gov/Archives/edgar/data/1901799/000095017025106931/btm-20250812.htm,,Tier-1,2025-08-12,https://www.sec.gov/Archives/edgar/data/1901799/000095017025106931/btm-20250812.htm,https://www.sec.gov/Archives/edgar/data/1901799/0000950170-25-106931-index.html
BWEN,"BROADWIND, INC.",0001120370,2025-08-12,ATM,Tier-1,https://www.sec.gov/Archives/edgar/data/1120370/000117184325005308/f8k_081125.htm,https://www.sec.gov/Archives/edgar/data/1120370/0001171843-25-005308-index.html,8-K,2025-08-12,2025-08-12,2025-08-12,0001171843-25-005308,https://www.sec.gov/Archives/edgar/data/1120370/000117184325005308/f8k_081125.htm,https://www.sec.gov/Archives/edgar/data/1120370/000117184325005308/f8k_081125.htm,2025-08-12,2025-08-12 07:00:39,https://www.sec.gov/Archives/edgar/data/1120370/0001171843-25-005308-index.html,Item 2.02; Item 7.01; Item 9.01,Item 2.02; Item 7.01; Item 9.01,ATM,Tier-1,https://www.sec.gov/Archives/edgar/data/1120370/000117184325005308/f8k_081125.htm,,Tier-1,2025-08-12,https://www.sec.gov/Archives/edgar/data/1120370/000117184325005308/f8k_081125.htm,https://www.sec.gov/Archives/edgar/data/1120370/0001171843-25-005308-index.html
BZAI,"Blaize Holdings, Inc.",0001871638,2025-07-17,ATM,Tier-1,https://www.sec.gov/Archives/edgar/data/1871638/000119312525160625/d54932d8k.htm,https://www.sec.gov/Archives/edgar/data/1871638/0001193125-25-160625-index.html,8-K,2025-07-18,2025-07-17,2025-07-17,0001193125-25-160625,https://www.sec.gov/Archives/edgar/data/1871638/000119312525160625/d54932d8k.htm,https://www.sec.gov/Archives/edgar/data/1871638/000119312525160625/d54932d8k.htm,2025-07-17,2025-07-17 17:57:41,https://www.sec.gov/Archives/edgar/data/1871638/0001193125-25-160625-index.html,Item 7.01; Item 9.01,Item 7.01; Item 9.01,ATM,Tier-1,https://www.sec.gov/Archives/edgar/data/1871638/000119312525160625/d54932d8k.htm,,Tier-1,2025-07-17,https://www.sec.gov/Archives/edgar/data/1871638/000119312525160625/d54932d8k.htm,https://www.sec.gov/Archives/edgar/data/1871638/0001193125-25-160625-index.html
BZAI,"Blaize Holdings, Inc.",0001871638,2025-07-14,ATM,Tier-1,https://www.sec.gov/Archives/edgar/data/1871638/000119312525158997/d13627d8k.htm,https://www.sec.gov/Archives/edgar/data/1871638/0001193125-25-158997-index.html,8-K,2025-07-15,2025-07-14,2025-07-14,0001193125-25-158997,https://www.sec.gov/Archives/edgar/data/1871638/000119312525158997/d13627d8k.htm,https://www.sec.gov/Archives/edgar/data/1871638/000119312525158997/d13627d8k.htm,2025-07-14,2025-07-15 06:05:10,https://www.sec.gov/Archives/edgar/data/1871638/0001193125-25-158997-index.html,Item 1.01; Item 3.02; Item 9.01,Item 1.01; Item 3.02; Item 9.01,ATM,Tier-1,https://www.sec.gov/Archives/edgar/data/1871638/000119312525158997/d13627d8k.htm,,Tier-1,2025-07-14,https://www.sec.gov/Archives/edgar/data/1871638/000119312525158997/d13627d8k.htm,https://www.sec.gov/Archives/edgar/data/1871638/0001193125-25-158997-index.html
BZAI,"Blaize Holdings, Inc.",0001871638,2025-11-13,ATM,Tier-1,https://www.sec.gov/Archives/edgar/data/1871638/000119312525280249/bzai-20251113.htm,https://www.sec.gov/Archives/edgar/data/1871638/0001193125-25-280249-index.html,8-K,2025-11-13,2025-11-13,2025-11-13,0001193125-25-280249,https://www.sec.gov/Archives/edgar/data/1871638/000119312525280249/bzai-20251113.htm,https://www.sec.gov/Archives/edgar/data/1871638/000119312525280249/bzai-20251113.htm,2025-11-13,2025-11-13 16:26:28,https://www.sec.gov/Archives/edgar/data/1871638/0001193125-25-280249-index.html,Item 2.02; Item 9.01,Item 2.02; Item 9.01,ATM,Tier-1,https://www.sec.gov/Archives/edgar/data/1871638/000119312525280249/bzai-20251113.htm,,Tier-1,2025-11-13,https://www.sec.gov/Archives/edgar/data/1871638/000119312525280249/bzai-20251113.htm,https://www.sec.gov/Archives/edgar/data/1871638/0001193125-25-280249-index.html
BZAI,"Blaize Holdings, Inc.",0001871638,2025-08-14,ATM,Tier-1,https://www.sec.gov/Archives/edgar/data/1871638/000119312525180822/d65761d8k.htm,https://www.sec.gov/Archives/edgar/data/1871638/0001193125-25-180822-index.html,8-K,2025-08-14,2025-08-14,2025-08-14,0001193125-25-180822,https://www.sec.gov/Archives/edgar/data/1871638/000119312525180822/d65761d8k.htm,https://www.sec.gov/Archives/edgar/data/1871638/000119312525180822/d65761d8k.htm,2025-08-14,2025-08-14 16:31:08,https://www.sec.gov/Archives/edgar/data/1871638/0001193125-25-180822-index.html,Item 2.02; Item 9.01,Item 2.02; Item 9.01,ATM,Tier-1,https://www.sec.gov/Archives/edgar/data/1871638/000119312525180822/d65761d8k.htm,,Tier-1,2025-08-14,https://www.sec.gov/Archives/edgar/data/1871638/000119312525180822/d65761d8k.htm,https://www.sec.gov/Archives/edgar/data/1871638/0001193125-25-180822-index.html
CABA,"Cabaletta Bio, Inc.",0001759138,2025-11-10,ATM,Tier-1,https://www.sec.gov/Archives/edgar/data/1759138/000119312525273272/caba-20251110.htm,https://www.sec.gov/Archives/edgar/data/1759138/0001193125-25-273272-index.html,8-K,2025-11-10,2025-11-10,2025-11-10,0001193125-25-273272,https://www.sec.gov/Archives/edgar/data/1759138/000119312525273272/caba-20251110.htm,https://www.sec.gov/Archives/edgar/data/1759138/000119312525273272/caba-20251110.htm,2025-11-10,2025-11-10 07:33:40,https://www.sec.gov/Archives/edgar/data/1759138/0001193125-25-273272-index.html,Item 2.02; Item 9.01,Item 2.02; Item 9.01,ATM,Tier-1,https://www.sec.gov/Archives/edgar/data/1759138/000119312525273272/caba-20251110.htm,,Tier-1,2025-11-10,https://www.sec.gov/Archives/edgar/data/1759138/000119312525273272/caba-20251110.htm,https://www.sec.gov/Archives/edgar/data/1759138/0001193125-25-273272-index.html
CABA,"Cabaletta Bio, Inc.",0001759138,2025-10-29,ATM,Tier-1,https://www.sec.gov/Archives/edgar/data/1759138/000119312525254610/caba-20251029.htm,https://www.sec.gov/Archives/edgar/data/1759138/0001193125-25-254610-index.html,8-K,2025-10-29,2025-10-29,2025-10-29,0001193125-25-254610,https://www.sec.gov/Archives/edgar/data/1759138/000119312525254610/caba-20251029.htm,https://www.sec.gov/Archives/edgar/data/1759138/000119312525254610/caba-20251029.htm,2025-10-29,2025-10-29 07:01:44,https://www.sec.gov/Archives/edgar/data/1759138/0001193125-25-254610-index.html,Item 8.01; Item 9.01,Item 8.01; Item 9.01,ATM,Tier-1,https://www.sec.gov/Archives/edgar/data/1759138/000119312525254610/caba-20251029.htm,,Tier-1,2025-10-29,https://www.sec.gov/Archives/edgar/data/1759138/000119312525254610/caba-20251029.htm,https://www.sec.gov/Archives/edgar/data/1759138/0001193125-25-254610-index.html
CABA,"Cabaletta Bio, Inc.",0001759138,2025-10-27,ATM,Tier-1,https://www.sec.gov/Archives/edgar/data/1759138/000119312525250676/caba-20251027.htm,https://www.sec.gov/Archives/edgar/data/1759138/0001193125-25-250676-index.html,8-K,2025-10-27,2025-10-27,2025-10-27,0001193125-25-250676,https://www.sec.gov/Archives/edgar/data/1759138/000119312525250676/caba-20251027.htm,https://www.sec.gov/Archives/edgar/data/1759138/000119312525250676/caba-20251027.htm,2025-10-27,2025-10-27 07:02:07,https://www.sec.gov/Archives/edgar/data/1759138/0001193125-25-250676-index.html,Item 7.01; Item 8.01; Item 9.01,Item 7.01; Item 8.01; Item 9.01,ATM,Tier-1,https://www.sec.gov/Archives/edgar/data/1759138/000119312525250676/caba-20251027.htm,,Tier-1,2025-10-27,https://www.sec.gov/Archives/edgar/data/1759138/000119312525250676/caba-20251027.htm,https://www.sec.gov/Archives/edgar/data/1759138/0001193125-25-250676-index.html
CABA,"Cabaletta Bio, Inc.",0001759138,2025-10-09,ATM,Tier-1,https://www.sec.gov/Archives/edgar/data/1759138/000119312525235533/caba-20251009.htm,https://www.sec.gov/Archives/edgar/data/1759138/0001193125-25-235533-index.html,8-K,2025-10-09,2025-10-09,2025-10-09,0001193125-25-235533,https://www.sec.gov/Archives/edgar/data/1759138/000119312525235533/caba-20251009.htm,https://www.sec.gov/Archives/edgar/data/1759138/000119312525235533/caba-20251009.htm,2025-10-09,2025-10-09 12:03:05,https://www.sec.gov/Archives/edgar/data/1759138/0001193125-25-235533-index.html,Item 7.01; Item 8.01; Item 9.01,Item 7.01; Item 8.01; Item 9.01,ATM,Tier-1,https://www.sec.gov/Archives/edgar/data/1759138/000119312525235533/caba-20251009.htm,,Tier-1,2025-10-09,https://www.sec.gov/Archives/edgar/data/1759138/000119312525235533/caba-20251009.htm,https://www.sec.gov/Archives/edgar/data/1759138/0001193125-25-235533-index.html
CABA,"Cabaletta Bio, Inc.",0001759138,2025-09-03,ATM,Tier-1,https://www.sec.gov/Archives/edgar/data/1759138/000175913825000007/caba-20250903.htm,https://www.sec.gov/Archives/edgar/data/1759138/0001759138-25-000007-index.html,8-K,2025-09-03,2025-09-03,2025-09-03,0001759138-25-000007,https://www.sec.gov/Archives/edgar/data/1759138/000175913825000007/caba-20250903.htm,https://www.sec.gov/Archives/edgar/data/1759138/000175913825000007/caba-20250903.htm,2025-09-03,2025-09-03 06:03:02,https://www.sec.gov/Archives/edgar/data/1759138/0001759138-25-000007-index.html,Item 7.01; Item 9.01,Item 7.01; Item 9.01,ATM,Tier-1,https://www.sec.gov/Archives/edgar/data/1759138/000175913825000007/caba-20250903.htm,,Tier-1,2025-09-03,https://www.sec.gov/Archives/edgar/data/1759138/000175913825000007/caba-20250903.htm,https://www.sec.gov/Archives/edgar/data/1759138/0001759138-25-000007-index.html
CABA,"Cabaletta Bio, Inc.",0001759138,2025-06-11,ATM,Tier-1,https://www.sec.gov/Archives/edgar/data/1759138/000119312525139517/d828604d8k.htm,https://www.sec.gov/Archives/edgar/data/1759138/0001193125-25-139517-index.html,8-K,2025-06-12,2025-06-11,2025-06-11,0001193125-25-139517,https://www.sec.gov/Archives/edgar/data/1759138/000119312525139517/d828604d8k.htm,https://www.sec.gov/Archives/edgar/data/1759138/000119312525139517/d828604d8k.htm,2025-06-11,2025-06-12 06:05:29,https://www.sec.gov/Archives/edgar/data/1759138/0001193125-25-139517-index.html,Item 1.01; Item 8.01; Item 9.01,Item 1.01; Item 8.01; Item 9.01,ATM,Tier-1,https://www.sec.gov/Archives/edgar/data/1759138/000119312525139517/d828604d8k.htm,,Tier-1,2025-06-11,https://www.sec.gov/Archives/edgar/data/1759138/000119312525139517/d828604d8k.htm,https://www.sec.gov/Archives/edgar/data/1759138/0001193125-25-139517-index.html
CABA,"Cabaletta Bio, Inc.",0001759138,2025-06-11,ATM,Tier-1,https://www.sec.gov/Archives/edgar/data/1759138/000119312525138737/d78097d8k.htm,https://www.sec.gov/Archives/edgar/data/1759138/0001193125-25-138737-index.html,8-K,2025-06-11,2025-06-11,2025-06-11,0001193125-25-138737,https://www.sec.gov/Archives/edgar/data/1759138/000119312525138737/d78097d8k.htm,https://www.sec.gov/Archives/edgar/data/1759138/000119312525138737/d78097d8k.htm,2025-06-11,2025-06-11 06:11:28,https://www.sec.gov/Archives/edgar/data/1759138/0001193125-25-138737-index.html,Item 1.02; Item 7.01; Item 8.01; Item 9.01,Item 1.02; Item 7.01; Item 8.01; Item 9.01,ATM,Tier-1,https://www.sec.gov/Archives/edgar/data/1759138/000119312525138737/d78097d8k.htm,,Tier-1,2025-06-11,https://www.sec.gov/Archives/edgar/data/1759138/000119312525138737/d78097d8k.htm,https://www.sec.gov/Archives/edgar/data/1759138/0001193125-25-138737-index.html
CABA,"Cabaletta Bio, Inc.",0001759138,2025-08-07,ATM,Tier-1,https://www.sec.gov/Archives/edgar/data/1759138/000095017025104570/caba-20250807.htm,https://www.sec.gov/Archives/edgar/data/1759138/0000950170-25-104570-index.html,8-K,2025-08-07,2025-08-07,2025-08-07,0000950170-25-104570,https://www.sec.gov/Archives/edgar/data/1759138/000095017025104570/caba-20250807.htm,https://www.sec.gov/Archives/edgar/data/1759138/000095017025104570/caba-20250807.htm,2025-08-07,2025-08-07 07:37:09,https://www.sec.gov/Archives/edgar/data/1759138/0000950170-25-104570-index.html,Item 2.02; Item 9.01,Item 2.02; Item 9.01,ATM,Tier-1,https://www.sec.gov/Archives/edgar/data/1759138/000095017025104570/caba-20250807.htm,,Tier-1,2025-08-07,https://www.sec.gov/Archives/edgar/data/1759138/000095017025104570/caba-20250807.htm,https://www.sec.gov/Archives/edgar/data/1759138/0000950170-25-104570-index.html
CERS,CERUS CORP,0001020214,2025-11-06,ATM,Tier-1,https://www.sec.gov/Archives/edgar/data/1020214/000119312525269451/cers-20251106.htm,https://www.sec.gov/Archives/edgar/data/1020214/0001193125-25-269451-index.html,8-K,2025-11-06,2025-11-06,2025-11-06,0001193125-25-269451,https://www.sec.gov/Archives/edgar/data/1020214/000119312525269451/cers-20251106.htm,https://www.sec.gov/Archives/edgar/data/1020214/000119312525269451/cers-20251106.htm,2025-11-06,2025-11-06 16:03:44,https://www.sec.gov/Archives/edgar/data/1020214/0001193125-25-269451-index.html,Item 2.02; Item 9.01,Item 2.02; Item 9.01,ATM,Tier-1,https://www.sec.gov/Archives/edgar/data/1020214/000119312525269451/cers-20251106.htm,,Tier-1,2025-11-06,https://www.sec.gov/Archives/edgar/data/1020214/000119312525269451/cers-20251106.htm,https://www.sec.gov/Archives/edgar/data/1020214/0001193125-25-269451-index.html
CERS,CERUS CORP,0001020214,2025-08-05,ATM,Tier-1,https://www.sec.gov/Archives/edgar/data/1020214/000095017025102976/cers-20250805.htm,https://www.sec.gov/Archives/edgar/data/1020214/0000950170-25-102976-index.html,8-K,2025-08-05,2025-08-05,2025-08-05,0000950170-25-102976,https://www.sec.gov/Archives/edgar/data/1020214/000095017025102976/cers-20250805.htm,https://www.sec.gov/Archives/edgar/data/1020214/000095017025102976/cers-20250805.htm,2025-08-05,2025-08-05 16:02:33,https://www.sec.gov/Archives/edgar/data/1020214/0000950170-25-102976-index.html,Item 2.02; Item 9.01,Item 2.02; Item 9.01,ATM,Tier-1,https://www.sec.gov/Archives/edgar/data/1020214/000095017025102976/cers-20250805.htm,,Tier-1,2025-08-05,https://www.sec.gov/Archives/edgar/data/1020214/000095017025102976/cers-20250805.htm,https://www.sec.gov/Archives/edgar/data/1020214/0000950170-25-102976-index.html
CGC,Canopy Growth Corp,0001737927,2025-09-17,ATM,Tier-1,https://www.sec.gov/Archives/edgar/data/1737927/000110465925090861/tm2526282d1_8k.htm,https://www.sec.gov/Archives/edgar/data/1737927/0001104659-25-090861-index.html,8-K,2025-09-17,2025-09-17,2025-09-17,0001104659-25-090861,https://www.sec.gov/Archives/edgar/data/1737927/000110465925090861/tm2526282d1_8k.htm,https://www.sec.gov/Archives/edgar/data/1737927/000110465925090861/tm2526282d1_8k.htm,2025-09-17,2025-09-17 16:35:59,https://www.sec.gov/Archives/edgar/data/1737927/0001104659-25-090861-index.html,Item 5.02; Item 7.01; Item 9.01,Item 5.02; Item 7.01; Item 9.01,ATM,Tier-1,https://www.sec.gov/Archives/edgar/data/1737927/000110465925090861/tm2526282d1_8k.htm,,Tier-1,2025-09-17,https://www.sec.gov/Archives/edgar/data/1737927/000110465925090861/tm2526282d1_8k.htm,https://www.sec.gov/Archives/edgar/data/1737927/0001104659-25-090861-index.html
CGC,Canopy Growth Corp,0001737927,2025-08-29,ATM,Tier-1,https://www.sec.gov/Archives/edgar/data/1737927/000110465925085779/tm2524672d1_8k.htm,https://www.sec.gov/Archives/edgar/data/1737927/0001104659-25-085779-index.html,8-K,2025-08-29,2025-08-29,2025-08-29,0001104659-25-085779,https://www.sec.gov/Archives/edgar/data/1737927/000110465925085779/tm2524672d1_8k.htm,https://www.sec.gov/Archives/edgar/data/1737927/000110465925085779/tm2524672d1_8k.htm,2025-08-29,2025-08-29 17:03:52,https://www.sec.gov/Archives/edgar/data/1737927/0001104659-25-085779-index.html,Item 7.01; Item 8.01; Item 9.01,Item 7.01; Item 8.01; Item 9.01,ATM,Tier-1,https://www.sec.gov/Archives/edgar/data/1737927/000110465925085779/tm2524672d1_8k.htm,,Tier-1,2025-08-29,https://www.sec.gov/Archives/edgar/data/1737927/000110465925085779/tm2524672d1_8k.htm,https://www.sec.gov/Archives/edgar/data/1737927/0001104659-25-085779-index.html
CGC,Canopy Growth Corp,0001737927,2025-07-29,ListingChange,Tier-1,https://www.sec.gov/Archives/edgar/data/1737927/000110465925071781/tm2521930d1_8k.htm,https://www.sec.gov/Archives/edgar/data/1737927/0001104659-25-071781-index.html,8-K,2025-07-29,2025-07-29,2025-07-29,0001104659-25-071781,https://www.sec.gov/Archives/edgar/data/1737927/000110465925071781/tm2521930d1_8k.htm,https://www.sec.gov/Archives/edgar/data/1737927/000110465925071781/tm2521930d1_8k.htm,2025-07-29,2025-07-29 17:03:00,https://www.sec.gov/Archives/edgar/data/1737927/0001104659-25-071781-index.html,Item 1.01; Item 7.01; Item 9.01,Item 1.01; Item 7.01; Item 9.01,ListingChange,Tier-1,https://www.sec.gov/Archives/edgar/data/1737927/000110465925071781/tm2521930d1_8k.htm,,Tier-1,2025-07-29,https://www.sec.gov/Archives/edgar/data/1737927/000110465925071781/tm2521930d1_8k.htm,https://www.sec.gov/Archives/edgar/data/1737927/0001104659-25-071781-index.html
CGC,Canopy Growth Corp,0001737927,2025-07-09,ListingChange,Tier-1,https://www.sec.gov/Archives/edgar/data/1737927/000110465925066600/tm2520113d1_8k.htm,https://www.sec.gov/Archives/edgar/data/1737927/0001104659-25-066600-index.html,8-K,2025-07-09,2025-07-09,2025-07-09,0001104659-25-066600,https://www.sec.gov/Archives/edgar/data/1737927/000110465925066600/tm2520113d1_8k.htm,https://www.sec.gov/Archives/edgar/data/1737927/000110465925066600/tm2520113d1_8k.htm,2025-07-09,2025-07-09 09:03:16,https://www.sec.gov/Archives/edgar/data/1737927/0001104659-25-066600-index.html,Item 5.02; Item 7.01; Item 9.01,Item 5.02; Item 7.01; Item 9.01,ListingChange,Tier-1,https://www.sec.gov/Archives/edgar/data/1737927/000110465925066600/tm2520113d1_8k.htm,,Tier-1,2025-07-09,https://www.sec.gov/Archives/edgar/data/1737927/000110465925066600/tm2520113d1_8k.htm,https://www.sec.gov/Archives/edgar/data/1737927/0001104659-25-066600-index.html
CGC,Canopy Growth Corp,0001737927,2025-11-07,ATM,Tier-1,https://www.sec.gov/Archives/edgar/data/1737927/000119312525270995/cgc-20251107.htm,https://www.sec.gov/Archives/edgar/data/1737927/0001193125-25-270995-index.html,8-K,2025-11-07,2025-11-07,2025-11-07,0001193125-25-270995,https://www.sec.gov/Archives/edgar/data/1737927/000119312525270995/cgc-20251107.htm,https://www.sec.gov/Archives/edgar/data/1737927/000119312525270995/cgc-20251107.htm,2025-11-07,2025-11-07 07:05:21,https://www.sec.gov/Archives/edgar/data/1737927/0001193125-25-270995-index.html,Item 2.02; Item 9.01,Item 2.02; Item 9.01,ATM,Tier-1,https://www.sec.gov/Archives/edgar/data/1737927/000119312525270995/cgc-20251107.htm,,Tier-1,2025-11-07,https://www.sec.gov/Archives/edgar/data/1737927/000119312525270995/cgc-20251107.htm,https://www.sec.gov/Archives/edgar/data/1737927/0001193125-25-270995-index.html
CGTX,COGNITION THERAPEUTICS INC,0001455365,2025-11-06,ATM,Tier-1,https://www.sec.gov/Archives/edgar/data/1455365/000110465925107390/tm2530237d1_8k.htm,https://www.sec.gov/Archives/edgar/data/1455365/0001104659-25-107390-index.html,8-K,2025-11-06,2025-11-06,2025-11-06,0001104659-25-107390,https://www.sec.gov/Archives/edgar/data/1455365/000110465925107390/tm2530237d1_8k.htm,https://www.sec.gov/Archives/edgar/data/1455365/000110465925107390/tm2530237d1_8k.htm,2025-11-06,2025-11-06 07:34:11,https://www.sec.gov/Archives/edgar/data/1455365/0001104659-25-107390-index.html,Item 2.02; Item 9.01,Item 2.02; Item 9.01,ATM,Tier-1,https://www.sec.gov/Archives/edgar/data/1455365/000110465925107390/tm2530237d1_8k.htm,,Tier-1,2025-11-06,https://www.sec.gov/Archives/edgar/data/1455365/000110465925107390/tm2530237d1_8k.htm,https://www.sec.gov/Archives/edgar/data/1455365/0001104659-25-107390-index.html
CGTX,COGNITION THERAPEUTICS INC,0001455365,2025-08-27,ATM,Tier-1,https://www.sec.gov/Archives/edgar/data/1455365/000110465925084845/tm2524576d2_8k.htm,https://www.sec.gov/Archives/edgar/data/1455365/0001104659-25-084845-index.html,8-K,2025-08-28,2025-08-27,2025-08-27,0001104659-25-084845,https://www.sec.gov/Archives/edgar/data/1455365/000110465925084845/tm2524576d2_8k.htm,https://www.sec.gov/Archives/edgar/data/1455365/000110465925084845/tm2524576d2_8k.htm,2025-08-27,2025-08-28 17:10:29,https://www.sec.gov/Archives/edgar/data/1455365/0001104659-25-084845-index.html,Item 1.01; Item 9.01,Item 1.01; Item 9.01,ATM,Tier-1,https://www.sec.gov/Archives/edgar/data/1455365/000110465925084845/tm2524576d2_8k.htm,,Tier-1,2025-08-27,https://www.sec.gov/Archives/edgar/data/1455365/000110465925084845/tm2524576d2_8k.htm,https://www.sec.gov/Archives/edgar/data/1455365/0001104659-25-084845-index.html
CGTX,COGNITION THERAPEUTICS INC,0001455365,2025-09-15,ATM,Tier-1,https://www.sec.gov/Archives/edgar/data/1455365/000110465925089737/tm2525997d1_8k.htm,https://www.sec.gov/Archives/edgar/data/1455365/0001104659-25-089737-index.html,8-K,2025-09-15,2025-09-15,2025-09-15,0001104659-25-089737,https://www.sec.gov/Archives/edgar/data/1455365/000110465925089737/tm2525997d1_8k.htm,https://www.sec.gov/Archives/edgar/data/1455365/000110465925089737/tm2525997d1_8k.htm,2025-09-15,2025-09-15 07:00:54,https://www.sec.gov/Archives/edgar/data/1455365/0001104659-25-089737-index.html,Item 8.01; Item 9.01,Item 8.01; Item 9.01,ATM,Tier-1,https://www.sec.gov/Archives/edgar/data/1455365/000110465925089737/tm2525997d1_8k.htm,,Tier-1,2025-09-15,https://www.sec.gov/Archives/edgar/data/1455365/000110465925089737/tm2525997d1_8k.htm,https://www.sec.gov/Archives/edgar/data/1455365/0001104659-25-089737-index.html
CGC,Canopy Growth Corp,0001737927,2025-08-06,ATM,Tier-1,https://www.sec.gov/Archives/edgar/data/1737927/000119312525176020/cgc-20250806.htm,https://www.sec.gov/Archives/edgar/data/1737927/0001193125-25-176020-index.html,8-K,2025-08-08,2025-08-06,2025-08-06,0001193125-25-176020,https://www.sec.gov/Archives/edgar/data/1737927/000119312525176020/cgc-20250806.htm,https://www.sec.gov/Archives/edgar/data/1737927/000119312525176020/cgc-20250806.htm,2025-08-06,2025-08-08 07:06:37,https://www.sec.gov/Archives/edgar/data/1737927/0001193125-25-176020-index.html,Item 2.02; Item 5.02; Item 9.01,Item 2.02; Item 5.02; Item 9.01,ATM,Tier-1,https://www.sec.gov/Archives/edgar/data/1737927/000119312525176020/cgc-20250806.htm,,Tier-1,2025-08-06,https://www.sec.gov/Archives/edgar/data/1737927/000119312525176020/cgc-20250806.htm,https://www.sec.gov/Archives/edgar/data/1737927/0001193125-25-176020-index.html
CGTX,COGNITION THERAPEUTICS INC,0001455365,2025-08-07,ATM,Tier-1,https://www.sec.gov/Archives/edgar/data/1455365/000110465925075268/tm2522152d2_8k.htm,https://www.sec.gov/Archives/edgar/data/1455365/0001104659-25-075268-index.html,8-K,2025-08-07,2025-08-07,2025-08-07,0001104659-25-075268,https://www.sec.gov/Archives/edgar/data/1455365/000110465925075268/tm2522152d2_8k.htm,https://www.sec.gov/Archives/edgar/data/1455365/000110465925075268/tm2522152d2_8k.htm,2025-08-07,2025-08-07 17:16:41,https://www.sec.gov/Archives/edgar/data/1455365/0001104659-25-075268-index.html,Item 2.02; Item 9.01,Item 2.02; Item 9.01,ATM,Tier-1,https://www.sec.gov/Archives/edgar/data/1455365/000110465925075268/tm2522152d2_8k.htm,,Tier-1,2025-08-07,https://www.sec.gov/Archives/edgar/data/1455365/000110465925075268/tm2522152d2_8k.htm,https://www.sec.gov/Archives/edgar/data/1455365/0001104659-25-075268-index.html
CHMI,Cherry Hill Mortgage Investment Corp,0001571776,2025-11-06,ListingChange,Tier-1,https://www.sec.gov/Archives/edgar/data/1571776/000114036125040789/ef20058393_8k.htm,https://www.sec.gov/Archives/edgar/data/1571776/0001140361-25-040789-index.html,8-K,2025-11-06,2025-11-06,2025-11-06,0001140361-25-040789,https://www.sec.gov/Archives/edgar/data/1571776/000114036125040789/ef20058393_8k.htm,https://www.sec.gov/Archives/edgar/data/1571776/000114036125040789/ef20058393_8k.htm,2025-11-06,2025-11-06 16:25:03,https://www.sec.gov/Archives/edgar/data/1571776/0001140361-25-040789-index.html,Item 2.02; Item 9.01,Item 2.02; Item 9.01,ListingChange,Tier-1,https://www.sec.gov/Archives/edgar/data/1571776/000114036125040789/ef20058393_8k.htm,,Tier-1,2025-11-06,https://www.sec.gov/Archives/edgar/data/1571776/000114036125040789/ef20058393_8k.htm,https://www.sec.gov/Archives/edgar/data/1571776/0001140361-25-040789-index.html
CHPG,ChampionsGate Acquisition Corp,0002024460,2025-10-17,ATM,Tier-1,https://www.sec.gov/Archives/edgar/data/2024460/000121390025100238/ea0261759-8k_champions.htm,https://www.sec.gov/Archives/edgar/data/2024460/0001213900-25-100238-index.html,8-K,2025-10-20,2025-10-17,2025-10-17,0001213900-25-100238,https://www.sec.gov/Archives/edgar/data/2024460/000121390025100238/ea0261759-8k_champions.htm,https://www.sec.gov/Archives/edgar/data/2024460/000121390025100238/ea0261759-8k_champions.htm,2025-10-17,2025-10-20 11:27:59,https://www.sec.gov/Archives/edgar/data/2024460/0001213900-25-100238-index.html,Item 1.01; Item 7.01; Item 9.01,Item 1.01; Item 7.01; Item 9.01,ATM,Tier-1,https://www.sec.gov/Archives/edgar/data/2024460/000121390025100238/ea0261759-8k_champions.htm,,Tier-1,2025-10-17,https://www.sec.gov/Archives/edgar/data/2024460/000121390025100238/ea0261759-8k_champions.htm,https://www.sec.gov/Archives/edgar/data/2024460/0001213900-25-100238-index.html
CHMI,Cherry Hill Mortgage Investment Corp,0001571776,2025-08-07,ATM,Tier-1,https://www.sec.gov/Archives/edgar/data/1571776/000114036125029605/ef20053350_8k.htm,https://www.sec.gov/Archives/edgar/data/1571776/0001140361-25-029605-index.html,8-K,2025-08-07,2025-08-07,2025-08-07,0001140361-25-029605,https://www.sec.gov/Archives/edgar/data/1571776/000114036125029605/ef20053350_8k.htm,https://www.sec.gov/Archives/edgar/data/1571776/000114036125029605/ef20053350_8k.htm,2025-08-07,2025-08-07 16:28:41,https://www.sec.gov/Archives/edgar/data/1571776/0001140361-25-029605-index.html,Item 2.02; Item 9.01,Item 2.02; Item 9.01,ATM,Tier-1,https://www.sec.gov/Archives/edgar/data/1571776/000114036125029605/ef20053350_8k.htm,,Tier-1,2025-08-07,https://www.sec.gov/Archives/edgar/data/1571776/000114036125029605/ef20053350_8k.htm,https://www.sec.gov/Archives/edgar/data/1571776/0001140361-25-029605-index.html
CHPG,ChampionsGate Acquisition Corp,0002024460,2025-06-16,ATM,Tier-1,https://www.sec.gov/Archives/edgar/data/2024460/000121390025055176/ea0245970-8k_champions.htm,https://www.sec.gov/Archives/edgar/data/2024460/0001213900-25-055176-index.html,8-K,2025-06-17,2025-06-16,2025-06-16,0001213900-25-055176,https://www.sec.gov/Archives/edgar/data/2024460/000121390025055176/ea0245970-8k_champions.htm,https://www.sec.gov/Archives/edgar/data/2024460/000121390025055176/ea0245970-8k_champions.htm,2025-06-16,2025-06-17 16:00:24,https://www.sec.gov/Archives/edgar/data/2024460/0001213900-25-055176-index.html,Item 8.01; Item 9.01,Item 8.01; Item 9.01,ATM,Tier-1,https://www.sec.gov/Archives/edgar/data/2024460/000121390025055176/ea0245970-8k_champions.htm,,Tier-1,2025-06-16,https://www.sec.gov/Archives/edgar/data/2024460/000121390025055176/ea0245970-8k_champions.htm,https://www.sec.gov/Archives/edgar/data/2024460/0001213900-25-055176-index.html
CHPG,ChampionsGate Acquisition Corp,0002024460,2025-05-29,ATM,Tier-1,https://www.sec.gov/Archives/edgar/data/2024460/000121390025051329/ea0244455-8k_champions.htm,https://www.sec.gov/Archives/edgar/data/2024460/0001213900-25-051329-index.html,8-K,2025-06-05,2025-05-29,2025-05-29,0001213900-25-051329,https://www.sec.gov/Archives/edgar/data/2024460/000121390025051329/ea0244455-8k_champions.htm,https://www.sec.gov/Archives/edgar/data/2024460/000121390025051329/ea0244455-8k_champions.htm,2025-05-29,2025-06-05 06:17:45,https://www.sec.gov/Archives/edgar/data/2024460/0001213900-25-051329-index.html,Item 8.01; Item 9.01,Item 8.01; Item 9.01,ATM,Tier-1,https://www.sec.gov/Archives/edgar/data/2024460/000121390025051329/ea0244455-8k_champions.htm,,Tier-1,2025-05-29,https://www.sec.gov/Archives/edgar/data/2024460/000121390025051329/ea0244455-8k_champions.htm,https://www.sec.gov/Archives/edgar/data/2024460/0001213900-25-051329-index.html
CHPT,"ChargePoint Holdings, Inc.",0001777393,2025-07-25,ATM,Tier-1,https://www.sec.gov/Archives/edgar/data/1777393/000177739325000144/chpt-20250725.htm,https://www.sec.gov/Archives/edgar/data/1777393/0001777393-25-000144-index.html,8-K,2025-07-28,2025-07-25,2025-07-25,0001777393-25-000144,https://www.sec.gov/Archives/edgar/data/1777393/000177739325000144/chpt-20250725.htm,https://www.sec.gov/Archives/edgar/data/1777393/000177739325000144/chpt-20250725.htm,2025-07-25,2025-07-28 16:43:41,https://www.sec.gov/Archives/edgar/data/1777393/0001777393-25-000144-index.html,Item 5.03,Item 5.03,ATM,Tier-1,https://www.sec.gov/Archives/edgar/data/1777393/000177739325000144/chpt-20250725.htm,,Tier-1,2025-07-25,https://www.sec.gov/Archives/edgar/data/1777393/000177739325000144/chpt-20250725.htm,https://www.sec.gov/Archives/edgar/data/1777393/0001777393-25-000144-index.html
CHPT,"ChargePoint Holdings, Inc.",0001777393,2025-11-14,ATM,Tier-1,https://www.sec.gov/Archives/edgar/data/1777393/000177739325000173/chpt-20251114.htm,https://www.sec.gov/Archives/edgar/data/1777393/0001777393-25-000173-index.html,8-K,2025-11-18,2025-11-14,2025-11-14,0001777393-25-000173,https://www.sec.gov/Archives/edgar/data/1777393/000177739325000173/chpt-20251114.htm,https://www.sec.gov/Archives/edgar/data/1777393/000177739325000173/chpt-20251114.htm,2025-11-14,2025-11-18 16:07:54,https://www.sec.gov/Archives/edgar/data/1777393/0001777393-25-000173-index.html,Item 1.01; Item 1.02; Item 2.03; Item 3.02; Item 9.01,Item 1.01; Item 1.02; Item 2.03; Item 3.02; Item 9.01,ATM,Tier-1,https://www.sec.gov/Archives/edgar/data/1777393/000177739325000173/chpt-20251114.htm,,Tier-1,2025-11-14,https://www.sec.gov/Archives/edgar/data/1777393/000177739325000173/chpt-20251114.htm,https://www.sec.gov/Archives/edgar/data/1777393/0001777393-25-000173-index.html
CHPT,"ChargePoint Holdings, Inc.",0001777393,2025-07-07,ATM,Tier-1,https://www.sec.gov/Archives/edgar/data/1777393/000177739325000119/chpt-20250707.htm,https://www.sec.gov/Archives/edgar/data/1777393/0001777393-25-000119-index.html,8-K,2025-07-09,2025-07-07,2025-07-07,0001777393-25-000119,https://www.sec.gov/Archives/edgar/data/1777393/000177739325000119/chpt-20250707.htm,https://www.sec.gov/Archives/edgar/data/1777393/000177739325000119/chpt-20250707.htm,2025-07-07,2025-07-09 16:16:07,https://www.sec.gov/Archives/edgar/data/1777393/0001777393-25-000119-index.html,Item 5.07,Item 5.07,ATM,Tier-1,https://www.sec.gov/Archives/edgar/data/1777393/000177739325000119/chpt-20250707.htm,,Tier-1,2025-07-07,https://www.sec.gov/Archives/edgar/data/1777393/000177739325000119/chpt-20250707.htm,https://www.sec.gov/Archives/edgar/data/1777393/0001777393-25-000119-index.html
CHPT,"ChargePoint Holdings, Inc.",0001777393,2025-09-03,GuidanceUp,Tier-1,https://www.sec.gov/Archives/edgar/data/1777393/000177739325000150/chpt-20250903.htm,https://www.sec.gov/Archives/edgar/data/1777393/0001777393-25-000150-index.html,8-K,2025-09-03,2025-09-03,2025-09-03,0001777393-25-000150,https://www.sec.gov/Archives/edgar/data/1777393/000177739325000150/chpt-20250903.htm,https://www.sec.gov/Archives/edgar/data/1777393/000177739325000150/chpt-20250903.htm,2025-09-03,2025-09-03 16:10:34,https://www.sec.gov/Archives/edgar/data/1777393/0001777393-25-000150-index.html,Item 2.02; Item 9.01,Item 2.02; Item 9.01,GuidanceUp,Tier-1,https://www.sec.gov/Archives/edgar/data/1777393/000177739325000150/chpt-20250903.htm,,Tier-1,2025-09-03,https://www.sec.gov/Archives/edgar/data/1777393/000177739325000150/chpt-20250903.htm,https://www.sec.gov/Archives/edgar/data/1777393/0001777393-25-000150-index.html
CHSCN,CHS INC,0000823277,2025-11-05,ContractAward,Tier-1,https://www.sec.gov/Archives/edgar/data/823277/000082327725000039/chscp-20251105.htm,https://www.sec.gov/Archives/edgar/data/823277/0000823277-25-000039-index.html,8-K,2025-11-05,2025-11-05,2025-11-05,0000823277-25-000039,https://www.sec.gov/Archives/edgar/data/823277/000082327725000039/chscp-20251105.htm,https://www.sec.gov/Archives/edgar/data/823277/000082327725000039/chscp-20251105.htm,2025-11-05,2025-11-05 11:45:32,https://www.sec.gov/Archives/edgar/data/823277/0000823277-25-000039-index.html,Item 2.02; Item 9.01,Item 2.02; Item 9.01,ContractAward,Tier-1,https://www.sec.gov/Archives/edgar/data/823277/000082327725000039/chscp-20251105.htm,,Tier-1,2025-11-05,https://www.sec.gov/Archives/edgar/data/823277/000082327725000039/chscp-20251105.htm,https://www.sec.gov/Archives/edgar/data/823277/0000823277-25-000039-index.html
CHPT,"ChargePoint Holdings, Inc.",0001777393,2025-06-04,GuidanceUp,Tier-1,https://www.sec.gov/Archives/edgar/data/1777393/000177739325000077/chpt-20250604.htm,https://www.sec.gov/Archives/edgar/data/1777393/0001777393-25-000077-index.html,8-K,2025-06-04,2025-06-04,2025-06-04,0001777393-25-000077,https://www.sec.gov/Archives/edgar/data/1777393/000177739325000077/chpt-20250604.htm,https://www.sec.gov/Archives/edgar/data/1777393/000177739325000077/chpt-20250604.htm,2025-06-04,2025-06-04 16:09:50,https://www.sec.gov/Archives/edgar/data/1777393/0001777393-25-000077-index.html,Item 2.02; Item 9.01,Item 2.02; Item 9.01,GuidanceUp,Tier-1,https://www.sec.gov/Archives/edgar/data/1777393/000177739325000077/chpt-20250604.htm,,Tier-1,2025-06-04,https://www.sec.gov/Archives/edgar/data/1777393/000177739325000077/chpt-20250604.htm,https://www.sec.gov/Archives/edgar/data/1777393/0001777393-25-000077-index.html
CHSCN,CHS INC,0000823277,2025-08-27,Financing,Tier-1,https://www.sec.gov/Archives/edgar/data/823277/000082327725000028/chscp-20250827.htm,https://www.sec.gov/Archives/edgar/data/823277/0000823277-25-000028-index.html,8-K,2025-08-29,2025-08-27,2025-08-27,0000823277-25-000028,https://www.sec.gov/Archives/edgar/data/823277/000082327725000028/chscp-20250827.htm,https://www.sec.gov/Archives/edgar/data/823277/000082327725000028/chscp-20250827.htm,2025-08-27,2025-08-29 09:03:21,https://www.sec.gov/Archives/edgar/data/823277/0000823277-25-000028-index.html,Item 1.01; Item 2.03,Item 1.01; Item 2.03,Financing,Tier-1,https://www.sec.gov/Archives/edgar/data/823277/000082327725000028/chscp-20250827.htm,,Tier-1,2025-08-27,https://www.sec.gov/Archives/edgar/data/823277/000082327725000028/chscp-20250827.htm,https://www.sec.gov/Archives/edgar/data/823277/0000823277-25-000028-index.html
CHSCN,CHS INC,0000823277,2025-07-09,ContractAward,Tier-1,https://www.sec.gov/Archives/edgar/data/823277/000082327725000024/chscp-20250709.htm,https://www.sec.gov/Archives/edgar/data/823277/0000823277-25-000024-index.html,8-K,2025-07-09,2025-07-09,2025-07-09,0000823277-25-000024,https://www.sec.gov/Archives/edgar/data/823277/000082327725000024/chscp-20250709.htm,https://www.sec.gov/Archives/edgar/data/823277/000082327725000024/chscp-20250709.htm,2025-07-09,2025-07-09 12:00:34,https://www.sec.gov/Archives/edgar/data/823277/0000823277-25-000024-index.html,Item 2.02; Item 9.01,Item 2.02; Item 9.01,ContractAward,Tier-1,https://www.sec.gov/Archives/edgar/data/823277/000082327725000024/chscp-20250709.htm,,Tier-1,2025-07-09,https://www.sec.gov/Archives/edgar/data/823277/000082327725000024/chscp-20250709.htm,https://www.sec.gov/Archives/edgar/data/823277/0000823277-25-000024-index.html
CHSCN,CHS INC,0000823277,2025-07-18,ContractAward,Tier-1,https://www.sec.gov/Archives/edgar/data/823277/000082327725000026/chscp-20250718.htm,https://www.sec.gov/Archives/edgar/data/823277/0000823277-25-000026-index.html,8-K,2025-07-18,2025-07-18,2025-07-18,0000823277-25-000026,https://www.sec.gov/Archives/edgar/data/823277/000082327725000026/chscp-20250718.htm,https://www.sec.gov/Archives/edgar/data/823277/000082327725000026/chscp-20250718.htm,2025-07-18,2025-07-18 09:00:57,https://www.sec.gov/Archives/edgar/data/823277/0000823277-25-000026-index.html,Item 7.01; Item 9.01,Item 7.01; Item 9.01,ContractAward,Tier-1,https://www.sec.gov/Archives/edgar/data/823277/000082327725000026/chscp-20250718.htm,,Tier-1,2025-07-18,https://www.sec.gov/Archives/edgar/data/823277/000082327725000026/chscp-20250718.htm,https://www.sec.gov/Archives/edgar/data/823277/0000823277-25-000026-index.html
CIO,"City Office REIT, Inc.",0001593222,2025-10-16,FDA,Tier-1,https://www.sec.gov/Archives/edgar/data/1593222/000119312525241716/d80098d8k.htm,https://www.sec.gov/Archives/edgar/data/1593222/0001193125-25-241716-index.html,8-K,2025-10-17,2025-10-16,2025-10-16,0001193125-25-241716,https://www.sec.gov/Archives/edgar/data/1593222/000119312525241716/d80098d8k.htm,https://www.sec.gov/Archives/edgar/data/1593222/000119312525241716/d80098d8k.htm,2025-10-16,2025-10-16 20:11:25,https://www.sec.gov/Archives/edgar/data/1593222/0001193125-25-241716-index.html,Item 5.07; Item 8.01; Item 9.01,Item 5.07; Item 8.01; Item 9.01,FDA,Tier-1,https://www.sec.gov/Archives/edgar/data/1593222/000119312525241716/d80098d8k.htm,,Tier-1,2025-10-16,https://www.sec.gov/Archives/edgar/data/1593222/000119312525241716/d80098d8k.htm,https://www.sec.gov/Archives/edgar/data/1593222/0001193125-25-241716-index.html
CIO,"City Office REIT, Inc.",0001593222,2025-07-23,ATM,Tier-1,https://www.sec.gov/Archives/edgar/data/1593222/000119312525163765/d923147d8k.htm,https://www.sec.gov/Archives/edgar/data/1593222/0001193125-25-163765-index.html,8-K,2025-07-24,2025-07-23,2025-07-23,0001193125-25-163765,https://www.sec.gov/Archives/edgar/data/1593222/000119312525163765/d923147d8k.htm,https://www.sec.gov/Archives/edgar/data/1593222/000119312525163765/d923147d8k.htm,2025-07-23,2025-07-24 06:09:06,https://www.sec.gov/Archives/edgar/data/1593222/0001193125-25-163765-index.html,Item 1.01; Item 8.01; Item 9.01,Item 1.01; Item 8.01; Item 9.01,ATM,Tier-1,https://www.sec.gov/Archives/edgar/data/1593222/000119312525163765/d923147d8k.htm,,Tier-1,2025-07-23,https://www.sec.gov/Archives/edgar/data/1593222/000119312525163765/d923147d8k.htm,https://www.sec.gov/Archives/edgar/data/1593222/0001193125-25-163765-index.html
CIO,"City Office REIT, Inc.",0001593222,2025-08-15,ATM,Tier-1,https://www.sec.gov/Archives/edgar/data/1593222/000119312525181880/d927791d8k.htm,https://www.sec.gov/Archives/edgar/data/1593222/0001193125-25-181880-index.html,8-K,2025-08-15,2025-08-15,2025-08-15,0001193125-25-181880,https://www.sec.gov/Archives/edgar/data/1593222/000119312525181880/d927791d8k.htm,https://www.sec.gov/Archives/edgar/data/1593222/000119312525181880/d927791d8k.htm,2025-08-15,2025-08-15 16:15:43,https://www.sec.gov/Archives/edgar/data/1593222/0001193125-25-181880-index.html,Item 1.01; Item 2.01; Item 2.03; Item 8.01; Item 9.01,Item 1.01; Item 2.01; Item 2.03; Item 8.01; Item 9.01,ATM,Tier-1,https://www.sec.gov/Archives/edgar/data/1593222/000119312525181880/d927791d8k.htm,,Tier-1,2025-08-15,https://www.sec.gov/Archives/edgar/data/1593222/000119312525181880/d927791d8k.htm,https://www.sec.gov/Archives/edgar/data/1593222/0001193125-25-181880-index.html
CRACU,Crown Reserve Acquisition Corp. I,0002070887,2025-09-26,ATM,Tier-1,https://www.sec.gov/Archives/edgar/data/2070887/000121390025108750/ea0264850-8k_crown1.htm,https://www.sec.gov/Archives/edgar/data/2070887/0001213900-25-108750-index.html,8-K,2025-11-12,2025-09-26,2025-09-26,0001213900-25-108750,https://www.sec.gov/Archives/edgar/data/2070887/000121390025108750/ea0264850-8k_crown1.htm,https://www.sec.gov/Archives/edgar/data/2070887/000121390025108750/ea0264850-8k_crown1.htm,2025-09-26,2025-11-12 08:02:46,https://www.sec.gov/Archives/edgar/data/2070887/0001213900-25-108750-index.html,Item 1.01; Item 3.02; Item 5.03; Item 8.01; Item 9.01,Item 1.01; Item 3.02; Item 5.03; Item 8.01; Item 9.01,ATM,Tier-1,https://www.sec.gov/Archives/edgar/data/2070887/000121390025108750/ea0264850-8k_crown1.htm,,Tier-1,2025-09-26,https://www.sec.gov/Archives/edgar/data/2070887/000121390025108750/ea0264850-8k_crown1.htm,https://www.sec.gov/Archives/edgar/data/2070887/0001213900-25-108750-index.html
CRBU,"Caribou Biosciences, Inc.",0001619856,2025-11-12,ATM,Tier-1,https://www.sec.gov/Archives/edgar/data/1619856/000161985625000070/crbu-20251112.htm,https://www.sec.gov/Archives/edgar/data/1619856/0001619856-25-000070-index.html,8-K,2025-11-12,2025-11-12,2025-11-12,0001619856-25-000070,https://www.sec.gov/Archives/edgar/data/1619856/000161985625000070/crbu-20251112.htm,https://www.sec.gov/Archives/edgar/data/1619856/000161985625000070/crbu-20251112.htm,2025-11-12,2025-11-12 16:08:10,https://www.sec.gov/Archives/edgar/data/1619856/0001619856-25-000070-index.html,Item 2.02; Item 9.01,Item 2.02; Item 9.01,ATM,Tier-1,https://www.sec.gov/Archives/edgar/data/1619856/000161985625000070/crbu-20251112.htm,,Tier-1,2025-11-12,https://www.sec.gov/Archives/edgar/data/1619856/000161985625000070/crbu-20251112.htm,https://www.sec.gov/Archives/edgar/data/1619856/0001619856-25-000070-index.html
CIO,"City Office REIT, Inc.",0001593222,2025-07-31,FDA,Tier-1,https://www.sec.gov/Archives/edgar/data/1593222/000095017025100535/cio-20250731.htm,https://www.sec.gov/Archives/edgar/data/1593222/0000950170-25-100535-index.html,8-K,2025-07-31,2025-07-31,2025-07-31,0000950170-25-100535,https://www.sec.gov/Archives/edgar/data/1593222/000095017025100535/cio-20250731.htm,https://www.sec.gov/Archives/edgar/data/1593222/000095017025100535/cio-20250731.htm,2025-07-31,2025-07-31 06:10:09,https://www.sec.gov/Archives/edgar/data/1593222/0000950170-25-100535-index.html,Item 2.02; Item 9.01,Item 2.02; Item 9.01,FDA,Tier-1,https://www.sec.gov/Archives/edgar/data/1593222/000095017025100535/cio-20250731.htm,,Tier-1,2025-07-31,https://www.sec.gov/Archives/edgar/data/1593222/000095017025100535/cio-20250731.htm,https://www.sec.gov/Archives/edgar/data/1593222/0000950170-25-100535-index.html
CRBU,"Caribou Biosciences, Inc.",0001619856,2025-08-12,ATM,Tier-1,https://www.sec.gov/Archives/edgar/data/1619856/000161985625000060/crbu-20250812.htm,https://www.sec.gov/Archives/edgar/data/1619856/0001619856-25-000060-index.html,8-K,2025-08-12,2025-08-12,2025-08-12,0001619856-25-000060,https://www.sec.gov/Archives/edgar/data/1619856/000161985625000060/crbu-20250812.htm,https://www.sec.gov/Archives/edgar/data/1619856/000161985625000060/crbu-20250812.htm,2025-08-12,2025-08-12 16:07:56,https://www.sec.gov/Archives/edgar/data/1619856/0001619856-25-000060-index.html,Item 2.02; Item 9.01,Item 2.02; Item 9.01,ATM,Tier-1,https://www.sec.gov/Archives/edgar/data/1619856/000161985625000060/crbu-20250812.htm,,Tier-1,2025-08-12,https://www.sec.gov/Archives/edgar/data/1619856/000161985625000060/crbu-20250812.htm,https://www.sec.gov/Archives/edgar/data/1619856/0001619856-25-000060-index.html
CRBU,"Caribou Biosciences, Inc.",0001619856,2025-11-03,ATM,Tier-1,https://www.sec.gov/Archives/edgar/data/1619856/000161985625000065/crbu-20251103.htm,https://www.sec.gov/Archives/edgar/data/1619856/0001619856-25-000065-index.html,8-K,2025-11-03,2025-11-03,2025-11-03,0001619856-25-000065,https://www.sec.gov/Archives/edgar/data/1619856/000161985625000065/crbu-20251103.htm,https://www.sec.gov/Archives/edgar/data/1619856/000161985625000065/crbu-20251103.htm,2025-11-03,2025-11-03 07:02:57,https://www.sec.gov/Archives/edgar/data/1619856/0001619856-25-000065-index.html,Item 2.02; Item 7.01; Item 8.01; Item 9.01,Item 2.02; Item 7.01; Item 8.01; Item 9.01,ATM,Tier-1,https://www.sec.gov/Archives/edgar/data/1619856/000161985625000065/crbu-20251103.htm,,Tier-1,2025-11-03,https://www.sec.gov/Archives/edgar/data/1619856/000161985625000065/crbu-20251103.htm,https://www.sec.gov/Archives/edgar/data/1619856/0001619856-25-000065-index.html
CRDF,"Cardiff Oncology, Inc.",0001213037,2025-11-06,ATM,Tier-1,https://www.sec.gov/Archives/edgar/data/1213037/000119312525269492/crdf-20251106.htm,https://www.sec.gov/Archives/edgar/data/1213037/0001193125-25-269492-index.html,8-K,2025-11-06,2025-11-06,2025-11-06,0001193125-25-269492,https://www.sec.gov/Archives/edgar/data/1213037/000119312525269492/crdf-20251106.htm,https://www.sec.gov/Archives/edgar/data/1213037/000119312525269492/crdf-20251106.htm,2025-11-06,2025-11-06 16:08:38,https://www.sec.gov/Archives/edgar/data/1213037/0001193125-25-269492-index.html,Item 2.02; Item 9.01,Item 2.02; Item 9.01,ATM,Tier-1,https://www.sec.gov/Archives/edgar/data/1213037/000119312525269492/crdf-20251106.htm,,Tier-1,2025-11-06,https://www.sec.gov/Archives/edgar/data/1213037/000119312525269492/crdf-20251106.htm,https://www.sec.gov/Archives/edgar/data/1213037/0001193125-25-269492-index.html
CRDF,"Cardiff Oncology, Inc.",0001213037,2025-06-13,ATM,Tier-1,https://www.sec.gov/Archives/edgar/data/1213037/000095017025087369/crdf-20250613.htm,https://www.sec.gov/Archives/edgar/data/1213037/0000950170-25-087369-index.html,8-K,2025-06-17,2025-06-13,2025-06-13,0000950170-25-087369,https://www.sec.gov/Archives/edgar/data/1213037/000095017025087369/crdf-20250613.htm,https://www.sec.gov/Archives/edgar/data/1213037/000095017025087369/crdf-20250613.htm,2025-06-13,2025-06-17 16:15:28,https://www.sec.gov/Archives/edgar/data/1213037/0000950170-25-087369-index.html,Item 5.02; Item 8.01; Item 9.01,Item 5.02; Item 8.01; Item 9.01,ATM,Tier-1,https://www.sec.gov/Archives/edgar/data/1213037/000095017025087369/crdf-20250613.htm,,Tier-1,2025-06-13,https://www.sec.gov/Archives/edgar/data/1213037/000095017025087369/crdf-20250613.htm,https://www.sec.gov/Archives/edgar/data/1213037/0000950170-25-087369-index.html
CRDF,"Cardiff Oncology, Inc.",0001213037,2025-07-29,ATM,Tier-1,https://www.sec.gov/Archives/edgar/data/1213037/000095017025099631/crdf-20250729.htm,https://www.sec.gov/Archives/edgar/data/1213037/0000950170-25-099631-index.html,8-K,2025-07-29,2025-07-29,2025-07-29,0000950170-25-099631,https://www.sec.gov/Archives/edgar/data/1213037/000095017025099631/crdf-20250729.htm,https://www.sec.gov/Archives/edgar/data/1213037/000095017025099631/crdf-20250729.htm,2025-07-29,2025-07-29 16:10:34,https://www.sec.gov/Archives/edgar/data/1213037/0000950170-25-099631-index.html,Item 2.02; Item 7.01; Item 8.01; Item 9.01,Item 2.02; Item 7.01; Item 8.01; Item 9.01,ATM,Tier-1,https://www.sec.gov/Archives/edgar/data/1213037/000095017025099631/crdf-20250729.htm,,Tier-1,2025-07-29,https://www.sec.gov/Archives/edgar/data/1213037/000095017025099631/crdf-20250729.htm,https://www.sec.gov/Archives/edgar/data/1213037/0000950170-25-099631-index.html
CTM,"Castellum, Inc.",0001877939,2025-11-13,ContractAward,Tier-1,https://www.sec.gov/Archives/edgar/data/1877939/000187793925000124/ctm-20251113.htm,https://www.sec.gov/Archives/edgar/data/1877939/0001877939-25-000124-index.html,8-K,2025-11-13,2025-11-13,2025-11-13,0001877939-25-000124,https://www.sec.gov/Archives/edgar/data/1877939/000187793925000124/ctm-20251113.htm,https://www.sec.gov/Archives/edgar/data/1877939/000187793925000124/ctm-20251113.htm,2025-11-13,2025-11-13 16:01:10,https://www.sec.gov/Archives/edgar/data/1877939/0001877939-25-000124-index.html,Item 8.01; Item 9.01,Item 8.01; Item 9.01,ContractAward,Tier-1,https://www.sec.gov/Archives/edgar/data/1877939/000187793925000124/ctm-20251113.htm,,Tier-1,2025-11-13,https://www.sec.gov/Archives/edgar/data/1877939/000187793925000124/ctm-20251113.htm,https://www.sec.gov/Archives/edgar/data/1877939/0001877939-25-000124-index.html
CTM,"Castellum, Inc.",0001877939,2025-11-07,ContractAward,Tier-1,https://www.sec.gov/Archives/edgar/data/1877939/000187793925000114/ctm-20251107.htm,https://www.sec.gov/Archives/edgar/data/1877939/0001877939-25-000114-index.html,8-K,2025-11-07,2025-11-07,2025-11-07,0001877939-25-000114,https://www.sec.gov/Archives/edgar/data/1877939/000187793925000114/ctm-20251107.htm,https://www.sec.gov/Archives/edgar/data/1877939/000187793925000114/ctm-20251107.htm,2025-11-07,2025-11-07 16:01:39,https://www.sec.gov/Archives/edgar/data/1877939/0001877939-25-000114-index.html,Item 2.02; Item 9.01,Item 2.02; Item 9.01,ContractAward,Tier-1,https://www.sec.gov/Archives/edgar/data/1877939/000187793925000114/ctm-20251107.htm,,Tier-1,2025-11-07,https://www.sec.gov/Archives/edgar/data/1877939/000187793925000114/ctm-20251107.htm,https://www.sec.gov/Archives/edgar/data/1877939/0001877939-25-000114-index.html
CTM,"Castellum, Inc.",0001877939,2025-10-31,ContractAward,Tier-1,https://www.sec.gov/Archives/edgar/data/1877939/000187793925000110/ctm-20251031.htm,https://www.sec.gov/Archives/edgar/data/1877939/0001877939-25-000110-index.html,8-K,2025-10-31,2025-10-31,2025-10-31,0001877939-25-000110,https://www.sec.gov/Archives/edgar/data/1877939/000187793925000110/ctm-20251031.htm,https://www.sec.gov/Archives/edgar/data/1877939/000187793925000110/ctm-20251031.htm,2025-10-31,2025-10-31 16:01:11,https://www.sec.gov/Archives/edgar/data/1877939/0001877939-25-000110-index.html,Item 8.01; Item 9.01,Item 8.01; Item 9.01,ContractAward,Tier-1,https://www.sec.gov/Archives/edgar/data/1877939/000187793925000110/ctm-20251031.htm,,Tier-1,2025-10-31,https://www.sec.gov/Archives/edgar/data/1877939/000187793925000110/ctm-20251031.htm,https://www.sec.gov/Archives/edgar/data/1877939/0001877939-25-000110-index.html
CTM,"Castellum, Inc.",0001877939,2025-10-20,ContractAward,Tier-1,https://www.sec.gov/Archives/edgar/data/1877939/000187793925000108/ctm-20251020.htm,https://www.sec.gov/Archives/edgar/data/1877939/0001877939-25-000108-index.html,8-K,2025-10-21,2025-10-20,2025-10-20,0001877939-25-000108,https://www.sec.gov/Archives/edgar/data/1877939/000187793925000108/ctm-20251020.htm,https://www.sec.gov/Archives/edgar/data/1877939/000187793925000108/ctm-20251020.htm,2025-10-20,2025-10-21 16:01:46,https://www.sec.gov/Archives/edgar/data/1877939/0001877939-25-000108-index.html,Item 8.01; Item 9.01,Item 8.01; Item 9.01,ContractAward,Tier-1,https://www.sec.gov/Archives/edgar/data/1877939/000187793925000108/ctm-20251020.htm,,Tier-1,2025-10-20,https://www.sec.gov/Archives/edgar/data/1877939/000187793925000108/ctm-20251020.htm,https://www.sec.gov/Archives/edgar/data/1877939/0001877939-25-000108-index.html
CTM,"Castellum, Inc.",0001877939,2025-10-14,ContractAward,Tier-1,https://www.sec.gov/Archives/edgar/data/1877939/000187793925000106/ctm-20251014.htm,https://www.sec.gov/Archives/edgar/data/1877939/0001877939-25-000106-index.html,8-K,2025-10-14,2025-10-14,2025-10-14,0001877939-25-000106,https://www.sec.gov/Archives/edgar/data/1877939/000187793925000106/ctm-20251014.htm,https://www.sec.gov/Archives/edgar/data/1877939/000187793925000106/ctm-20251014.htm,2025-10-14,2025-10-14 16:03:23,https://www.sec.gov/Archives/edgar/data/1877939/0001877939-25-000106-index.html,Item 8.01; Item 9.01,Item 8.01; Item 9.01,ContractAward,Tier-1,https://www.sec.gov/Archives/edgar/data/1877939/000187793925000106/ctm-20251014.htm,,Tier-1,2025-10-14,https://www.sec.gov/Archives/edgar/data/1877939/000187793925000106/ctm-20251014.htm,https://www.sec.gov/Archives/edgar/data/1877939/0001877939-25-000106-index.html
CTM,"Castellum, Inc.",0001877939,2025-08-19,ContractAward,Tier-1,https://www.sec.gov/Archives/edgar/data/1877939/000187793925000089/ctm-20250819.htm,https://www.sec.gov/Archives/edgar/data/1877939/0001877939-25-000089-index.html,8-K,2025-08-19,2025-08-19,2025-08-19,0001877939-25-000089,https://www.sec.gov/Archives/edgar/data/1877939/000187793925000089/ctm-20250819.htm,https://www.sec.gov/Archives/edgar/data/1877939/000187793925000089/ctm-20250819.htm,2025-08-19,2025-08-19 16:00:35,https://www.sec.gov/Archives/edgar/data/1877939/0001877939-25-000089-index.html,Item 8.01; Item 9.01,Item 8.01; Item 9.01,ContractAward,Tier-1,https://www.sec.gov/Archives/edgar/data/1877939/000187793925000089/ctm-20250819.htm,,Tier-1,2025-08-19,https://www.sec.gov/Archives/edgar/data/1877939/000187793925000089/ctm-20250819.htm,https://www.sec.gov/Archives/edgar/data/1877939/0001877939-25-000089-index.html
CTM,"Castellum, Inc.",0001877939,2025-08-14,ATM,Tier-1,https://www.sec.gov/Archives/edgar/data/1877939/000187793925000087/ctm-20250814.htm,https://www.sec.gov/Archives/edgar/data/1877939/0001877939-25-000087-index.html,8-K,2025-08-15,2025-08-14,2025-08-14,0001877939-25-000087,https://www.sec.gov/Archives/edgar/data/1877939/000187793925000087/ctm-20250814.htm,https://www.sec.gov/Archives/edgar/data/1877939/000187793925000087/ctm-20250814.htm,2025-08-14,2025-08-15 06:33:39,https://www.sec.gov/Archives/edgar/data/1877939/0001877939-25-000087-index.html,Item 8.01; Item 9.01,Item 8.01; Item 9.01,ATM,Tier-1,https://www.sec.gov/Archives/edgar/data/1877939/000187793925000087/ctm-20250814.htm,,Tier-1,2025-08-14,https://www.sec.gov/Archives/edgar/data/1877939/000187793925000087/ctm-20250814.htm,https://www.sec.gov/Archives/edgar/data/1877939/0001877939-25-000087-index.html
CTM,"Castellum, Inc.",0001877939,2025-08-12,ContractAward,Tier-1,https://www.sec.gov/Archives/edgar/data/1877939/000187793925000085/ctm-20250812.htm,https://www.sec.gov/Archives/edgar/data/1877939/0001877939-25-000085-index.html,8-K,2025-08-12,2025-08-12,2025-08-12,0001877939-25-000085,https://www.sec.gov/Archives/edgar/data/1877939/000187793925000085/ctm-20250812.htm,https://www.sec.gov/Archives/edgar/data/1877939/000187793925000085/ctm-20250812.htm,2025-08-12,2025-08-12 16:00:25,https://www.sec.gov/Archives/edgar/data/1877939/0001877939-25-000085-index.html,Item 8.01; Item 9.01,Item 8.01; Item 9.01,ContractAward,Tier-1,https://www.sec.gov/Archives/edgar/data/1877939/000187793925000085/ctm-20250812.htm,,Tier-1,2025-08-12,https://www.sec.gov/Archives/edgar/data/1877939/000187793925000085/ctm-20250812.htm,https://www.sec.gov/Archives/edgar/data/1877939/0001877939-25-000085-index.html
CTM,"Castellum, Inc.",0001877939,2025-08-08,ContractAward,Tier-1,https://www.sec.gov/Archives/edgar/data/1877939/000187793925000083/ctm-20250808.htm,https://www.sec.gov/Archives/edgar/data/1877939/0001877939-25-000083-index.html,8-K,2025-08-08,2025-08-08,2025-08-08,0001877939-25-000083,https://www.sec.gov/Archives/edgar/data/1877939/000187793925000083/ctm-20250808.htm,https://www.sec.gov/Archives/edgar/data/1877939/000187793925000083/ctm-20250808.htm,2025-08-08,2025-08-08 16:18:54,https://www.sec.gov/Archives/edgar/data/1877939/0001877939-25-000083-index.html,Item 2.02; Item 9.01,Item 2.02; Item 9.01,ContractAward,Tier-1,https://www.sec.gov/Archives/edgar/data/1877939/000187793925000083/ctm-20250808.htm,,Tier-1,2025-08-08,https://www.sec.gov/Archives/edgar/data/1877939/000187793925000083/ctm-20250808.htm,https://www.sec.gov/Archives/edgar/data/1877939/0001877939-25-000083-index.html
CTM,"Castellum, Inc.",0001877939,2025-08-04,ContractAward,Tier-1,https://www.sec.gov/Archives/edgar/data/1877939/000187793925000077/ctm-20250804.htm,https://www.sec.gov/Archives/edgar/data/1877939/0001877939-25-000077-index.html,8-K,2025-08-05,2025-08-04,2025-08-04,0001877939-25-000077,https://www.sec.gov/Archives/edgar/data/1877939/000187793925000077/ctm-20250804.htm,https://www.sec.gov/Archives/edgar/data/1877939/000187793925000077/ctm-20250804.htm,2025-08-04,2025-08-05 16:01:30,https://www.sec.gov/Archives/edgar/data/1877939/0001877939-25-000077-index.html,Item 1.01; Item 8.01; Item 9.01,Item 1.01; Item 8.01; Item 9.01,ContractAward,Tier-1,https://www.sec.gov/Archives/edgar/data/1877939/000187793925000077/ctm-20250804.htm,,Tier-1,2025-08-04,https://www.sec.gov/Archives/edgar/data/1877939/000187793925000077/ctm-20250804.htm,https://www.sec.gov/Archives/edgar/data/1877939/0001877939-25-000077-index.html
CVM,CEL SCI CORP,0000725363,2025-08-27,ATM,Tier-1,https://www.sec.gov/Archives/edgar/data/725363/000165495425010184/cvm_8k.htm,https://www.sec.gov/Archives/edgar/data/725363/0001654954-25-010184-index.html,8-K,2025-08-29,2025-08-27,2025-08-27,0001654954-25-010184,https://www.sec.gov/Archives/edgar/data/725363/000165495425010184/cvm_8k.htm,https://www.sec.gov/Archives/edgar/data/725363/000165495425010184/cvm_8k.htm,2025-08-27,2025-08-29 13:15:44,https://www.sec.gov/Archives/edgar/data/725363/0001654954-25-010184-index.html,Item 1.01; Item 8.01; Item 9.01,Item 1.01; Item 8.01; Item 9.01,ATM,Tier-1,https://www.sec.gov/Archives/edgar/data/725363/000165495425010184/cvm_8k.htm,,Tier-1,2025-08-27,https://www.sec.gov/Archives/edgar/data/725363/000165495425010184/cvm_8k.htm,https://www.sec.gov/Archives/edgar/data/725363/0001654954-25-010184-index.html
CYPH,CYPHERPUNK TECHNOLOGIES INC.,0001509745,2025-11-19,ATM,Tier-1,https://www.sec.gov/Archives/edgar/data/1509745/000110465925114435/tm2531822d1_8k.htm,https://www.sec.gov/Archives/edgar/data/1509745/0001104659-25-114435-index.html,8-K,2025-11-20,2025-11-19,2025-11-19,0001104659-25-114435,https://www.sec.gov/Archives/edgar/data/1509745/000110465925114435/tm2531822d1_8k.htm,https://www.sec.gov/Archives/edgar/data/1509745/000110465925114435/tm2531822d1_8k.htm,2025-11-19,2025-11-20 08:18:49,https://www.sec.gov/Archives/edgar/data/1509745/0001104659-25-114435-index.html,Item 1.01,Item 1.01,ATM,Tier-1,https://www.sec.gov/Archives/edgar/data/1509745/000110465925114435/tm2531822d1_8k.htm,,Tier-1,2025-11-19,https://www.sec.gov/Archives/edgar/data/1509745/000110465925114435/tm2531822d1_8k.htm,https://www.sec.gov/Archives/edgar/data/1509745/0001104659-25-114435-index.html
CVM,CEL SCI CORP,0000725363,2025-07-11,ATM,Tier-1,https://www.sec.gov/Archives/edgar/data/725363/000165495425008033/cvm_8k.htm,https://www.sec.gov/Archives/edgar/data/725363/0001654954-25-008033-index.html,8-K,2025-07-14,2025-07-11,2025-07-11,0001654954-25-008033,https://www.sec.gov/Archives/edgar/data/725363/000165495425008033/cvm_8k.htm,https://www.sec.gov/Archives/edgar/data/725363/000165495425008033/cvm_8k.htm,2025-07-11,2025-07-14 16:25:11,https://www.sec.gov/Archives/edgar/data/725363/0001654954-25-008033-index.html,Item 1.01; Item 8.01; Item 9.01,Item 1.01; Item 8.01; Item 9.01,ATM,Tier-1,https://www.sec.gov/Archives/edgar/data/725363/000165495425008033/cvm_8k.htm,,Tier-1,2025-07-11,https://www.sec.gov/Archives/edgar/data/725363/000165495425008033/cvm_8k.htm,https://www.sec.gov/Archives/edgar/data/725363/0001654954-25-008033-index.html
CYPH,CYPHERPUNK TECHNOLOGIES INC.,0001509745,2025-11-18,ATM,Tier-1,https://www.sec.gov/Archives/edgar/data/1509745/000110465925113698/tm2531584d1_8k.htm,https://www.sec.gov/Archives/edgar/data/1509745/0001104659-25-113698-index.html,8-K,2025-11-18,2025-11-18,2025-11-18,0001104659-25-113698,https://www.sec.gov/Archives/edgar/data/1509745/000110465925113698/tm2531584d1_8k.htm,https://www.sec.gov/Archives/edgar/data/1509745/000110465925113698/tm2531584d1_8k.htm,2025-11-18,2025-11-18 16:43:45,https://www.sec.gov/Archives/edgar/data/1509745/0001104659-25-113698-index.html,Item 7.01; Item 8.01; Item 9.01,Item 7.01; Item 8.01; Item 9.01,ATM,Tier-1,https://www.sec.gov/Archives/edgar/data/1509745/000110465925113698/tm2531584d1_8k.htm,,Tier-1,2025-11-18,https://www.sec.gov/Archives/edgar/data/1509745/000110465925113698/tm2531584d1_8k.htm,https://www.sec.gov/Archives/edgar/data/1509745/0001104659-25-113698-index.html
CYPH,"LEAP THERAPEUTICS, INC.",0001509745,2025-11-12,ATM,Tier-1,https://www.sec.gov/Archives/edgar/data/1509745/000110465925110341/tm2530735d2_8k.htm,https://www.sec.gov/Archives/edgar/data/1509745/0001104659-25-110341-index.html,8-K,2025-11-12,2025-11-12,2025-11-12,0001104659-25-110341,https://www.sec.gov/Archives/edgar/data/1509745/000110465925110341/tm2530735d2_8k.htm,https://www.sec.gov/Archives/edgar/data/1509745/000110465925110341/tm2530735d2_8k.htm,2025-11-12,2025-11-12 16:06:53,https://www.sec.gov/Archives/edgar/data/1509745/0001104659-25-110341-index.html,Item 1.01,Item 1.01,ATM,Tier-1,https://www.sec.gov/Archives/edgar/data/1509745/000110465925110341/tm2530735d2_8k.htm,,Tier-1,2025-11-12,https://www.sec.gov/Archives/edgar/data/1509745/000110465925110341/tm2530735d2_8k.htm,https://www.sec.gov/Archives/edgar/data/1509745/0001104659-25-110341-index.html
CYPH,"LEAP THERAPEUTICS, INC.",0001509745,2025-11-11,ATM,Tier-1,https://www.sec.gov/Archives/edgar/data/1509745/000110465925109820/tm2530735d1_8k.htm,https://www.sec.gov/Archives/edgar/data/1509745/0001104659-25-109820-index.html,8-K,2025-11-12,2025-11-11,2025-11-11,0001104659-25-109820,https://www.sec.gov/Archives/edgar/data/1509745/000110465925109820/tm2530735d1_8k.htm,https://www.sec.gov/Archives/edgar/data/1509745/000110465925109820/tm2530735d1_8k.htm,2025-11-11,2025-11-12 08:10:08,https://www.sec.gov/Archives/edgar/data/1509745/0001104659-25-109820-index.html,Item 1.01; Item 2.02; Item 5.02; Item 5.03; Item 7.01; Item 8.01,Item 1.01; Item 2.02; Item 5.02; Item 5.03; Item 7.01; Item 8.01,ATM,Tier-1,https://www.sec.gov/Archives/edgar/data/1509745/000110465925109820/tm2530735d1_8k.htm,,Tier-1,2025-11-11,https://www.sec.gov/Archives/edgar/data/1509745/000110465925109820/tm2530735d1_8k.htm,https://www.sec.gov/Archives/edgar/data/1509745/0001104659-25-109820-index.html
CYPH,"LEAP THERAPEUTICS, INC.",0001509745,2025-10-20,ATM,Tier-1,https://www.sec.gov/Archives/edgar/data/1509745/000110465925100646/tm2529085d1_8k.htm,https://www.sec.gov/Archives/edgar/data/1509745/0001104659-25-100646-index.html,8-K,2025-10-20,2025-10-20,2025-10-20,0001104659-25-100646,https://www.sec.gov/Archives/edgar/data/1509745/000110465925100646/tm2529085d1_8k.htm,https://www.sec.gov/Archives/edgar/data/1509745/000110465925100646/tm2529085d1_8k.htm,2025-10-20,2025-10-20 08:49:15,https://www.sec.gov/Archives/edgar/data/1509745/0001104659-25-100646-index.html,Item 8.01,Item 8.01,ATM,Tier-1,https://www.sec.gov/Archives/edgar/data/1509745/000110465925100646/tm2529085d1_8k.htm,,Tier-1,2025-10-20,https://www.sec.gov/Archives/edgar/data/1509745/000110465925100646/tm2529085d1_8k.htm,https://www.sec.gov/Archives/edgar/data/1509745/0001104659-25-100646-index.html
CYPH,"LEAP THERAPEUTICS, INC.",0001509745,2025-10-06,ATM,Tier-1,https://www.sec.gov/Archives/edgar/data/1509745/000110465925096966/tm2528058d1_8k.htm,https://www.sec.gov/Archives/edgar/data/1509745/0001104659-25-096966-index.html,8-K,2025-10-06,2025-10-06,2025-10-06,0001104659-25-096966,https://www.sec.gov/Archives/edgar/data/1509745/000110465925096966/tm2528058d1_8k.htm,https://www.sec.gov/Archives/edgar/data/1509745/000110465925096966/tm2528058d1_8k.htm,2025-10-06,2025-10-06 09:08:18,https://www.sec.gov/Archives/edgar/data/1509745/0001104659-25-096966-index.html,Item 8.01,Item 8.01,ATM,Tier-1,https://www.sec.gov/Archives/edgar/data/1509745/000110465925096966/tm2528058d1_8k.htm,,Tier-1,2025-10-06,https://www.sec.gov/Archives/edgar/data/1509745/000110465925096966/tm2528058d1_8k.htm,https://www.sec.gov/Archives/edgar/data/1509745/0001104659-25-096966-index.html
CYPH,"LEAP THERAPEUTICS, INC.",0001509745,2025-10-06,ATM,Tier-1,https://www.sec.gov/Archives/edgar/data/1509745/000110465925098082/tm2528058d2_8k.htm,https://www.sec.gov/Archives/edgar/data/1509745/0001104659-25-098082-index.html,8-K,2025-10-09,2025-10-06,2025-10-06,0001104659-25-098082,https://www.sec.gov/Archives/edgar/data/1509745/000110465925098082/tm2528058d2_8k.htm,https://www.sec.gov/Archives/edgar/data/1509745/000110465925098082/tm2528058d2_8k.htm,2025-10-06,2025-10-09 07:09:26,https://www.sec.gov/Archives/edgar/data/1509745/0001104659-25-098082-index.html,Item 1.01; Item 3.02; Item 7.01,Item 1.01; Item 3.02; Item 7.01,ATM,Tier-1,https://www.sec.gov/Archives/edgar/data/1509745/000110465925098082/tm2528058d2_8k.htm,,Tier-1,2025-10-06,https://www.sec.gov/Archives/edgar/data/1509745/000110465925098082/tm2528058d2_8k.htm,https://www.sec.gov/Archives/edgar/data/1509745/0001104659-25-098082-index.html
CYPH,"LEAP THERAPEUTICS, INC.",0001509745,2025-08-14,ATM,Tier-1,https://www.sec.gov/Archives/edgar/data/1509745/000110465925078077/tm2523408d1_8k.htm,https://www.sec.gov/Archives/edgar/data/1509745/0001104659-25-078077-index.html,8-K,2025-08-14,2025-08-14,2025-08-14,0001104659-25-078077,https://www.sec.gov/Archives/edgar/data/1509745/000110465925078077/tm2523408d1_8k.htm,https://www.sec.gov/Archives/edgar/data/1509745/000110465925078077/tm2523408d1_8k.htm,2025-08-14,2025-08-14 07:11:02,https://www.sec.gov/Archives/edgar/data/1509745/0001104659-25-078077-index.html,Item 2.02; Item 9.01,Item 2.02; Item 9.01,ATM,Tier-1,https://www.sec.gov/Archives/edgar/data/1509745/000110465925078077/tm2523408d1_8k.htm,,Tier-1,2025-08-14,https://www.sec.gov/Archives/edgar/data/1509745/000110465925078077/tm2523408d1_8k.htm,https://www.sec.gov/Archives/edgar/data/1509745/0001104659-25-078077-index.html
CZNC,CITIZENS & NORTHERN CORP,0000810958,2025-11-07,FDA,Tier-1,https://www.sec.gov/Archives/edgar/data/810958/000110465925108359/cznc-20251107x8k.htm,https://www.sec.gov/Archives/edgar/data/810958/0001104659-25-108359-index.html,8-K,2025-11-07,2025-11-07,2025-11-07,0001104659-25-108359,https://www.sec.gov/Archives/edgar/data/810958/000110465925108359/cznc-20251107x8k.htm,https://www.sec.gov/Archives/edgar/data/810958/000110465925108359/cznc-20251107x8k.htm,2025-11-07,2025-11-07 14:10:30,https://www.sec.gov/Archives/edgar/data/810958/0001104659-25-108359-index.html,Item 7.01; Item 9.01,Item 7.01; Item 9.01,FDA,Tier-1,https://www.sec.gov/Archives/edgar/data/810958/000110465925108359/cznc-20251107x8k.htm,,Tier-1,2025-11-07,https://www.sec.gov/Archives/edgar/data/810958/000110465925108359/cznc-20251107x8k.htm,https://www.sec.gov/Archives/edgar/data/810958/0001104659-25-108359-index.html
CZNC,CITIZENS & NORTHERN CORP,0000810958,2025-10-01,ListingChange,Tier-1,https://www.sec.gov/Archives/edgar/data/810958/000110465925095389/cznc-20251001x8k.htm,https://www.sec.gov/Archives/edgar/data/810958/0001104659-25-095389-index.html,8-K,2025-10-01,2025-10-01,2025-10-01,0001104659-25-095389,https://www.sec.gov/Archives/edgar/data/810958/000110465925095389/cznc-20251001x8k.htm,https://www.sec.gov/Archives/edgar/data/810958/000110465925095389/cznc-20251001x8k.htm,2025-10-01,2025-10-01 09:42:51,https://www.sec.gov/Archives/edgar/data/810958/0001104659-25-095389-index.html,Item 2.01; Item 5.02; Item 8.01; Item 9.01,Item 2.01; Item 5.02; Item 8.01; Item 9.01,ListingChange,Tier-1,https://www.sec.gov/Archives/edgar/data/810958/000110465925095389/cznc-20251001x8k.htm,,Tier-1,2025-10-01,https://www.sec.gov/Archives/edgar/data/810958/000110465925095389/cznc-20251001x8k.htm,https://www.sec.gov/Archives/edgar/data/810958/0001104659-25-095389-index.html
CYPH,"LEAP THERAPEUTICS, INC.",0001509745,2025-06-23,ATM,Tier-1,https://www.sec.gov/Archives/edgar/data/1509745/000110465925061385/tm2518612d1_8k.htm,https://www.sec.gov/Archives/edgar/data/1509745/0001104659-25-061385-index.html,8-K,2025-06-23,2025-06-23,2025-06-23,0001104659-25-061385,https://www.sec.gov/Archives/edgar/data/1509745/000110465925061385/tm2518612d1_8k.htm,https://www.sec.gov/Archives/edgar/data/1509745/000110465925061385/tm2518612d1_8k.htm,2025-06-23,2025-06-23 07:15:56,https://www.sec.gov/Archives/edgar/data/1509745/0001104659-25-061385-index.html,Item 2.05; Item 5.07; Item 8.01; Item 9.01,Item 2.05; Item 5.07; Item 8.01; Item 9.01,ATM,Tier-1,https://www.sec.gov/Archives/edgar/data/1509745/000110465925061385/tm2518612d1_8k.htm,,Tier-1,2025-06-23,https://www.sec.gov/Archives/edgar/data/1509745/000110465925061385/tm2518612d1_8k.htm,https://www.sec.gov/Archives/edgar/data/1509745/0001104659-25-061385-index.html
CZNC,CITIZENS & NORTHERN CORP,0000810958,2025-09-22,FDA,Tier-1,https://www.sec.gov/Archives/edgar/data/810958/000110465925092067/cznc-20250922x8k.htm,https://www.sec.gov/Archives/edgar/data/810958/0001104659-25-092067-index.html,8-K,2025-09-22,2025-09-22,2025-09-22,0001104659-25-092067,https://www.sec.gov/Archives/edgar/data/810958/000110465925092067/cznc-20250922x8k.htm,https://www.sec.gov/Archives/edgar/data/810958/000110465925092067/cznc-20250922x8k.htm,2025-09-22,2025-09-22 14:18:31,https://www.sec.gov/Archives/edgar/data/810958/0001104659-25-092067-index.html,Item 8.01; Item 9.01,Item 8.01; Item 9.01,FDA,Tier-1,https://www.sec.gov/Archives/edgar/data/810958/000110465925092067/cznc-20250922x8k.htm,,Tier-1,2025-09-22,https://www.sec.gov/Archives/edgar/data/810958/000110465925092067/cznc-20250922x8k.htm,https://www.sec.gov/Archives/edgar/data/810958/0001104659-25-092067-index.html
CZNC,CITIZENS & NORTHERN CORP,0000810958,2025-07-24,FDA,Tier-1,https://www.sec.gov/Archives/edgar/data/810958/000155837025009537/cznc-20250724x8k.htm,https://www.sec.gov/Archives/edgar/data/810958/0001558370-25-009537-index.html,8-K,2025-07-24,2025-07-24,2025-07-24,0001558370-25-009537,https://www.sec.gov/Archives/edgar/data/810958/000155837025009537/cznc-20250724x8k.htm,https://www.sec.gov/Archives/edgar/data/810958/000155837025009537/cznc-20250724x8k.htm,2025-07-24,2025-07-24 16:09:22,https://www.sec.gov/Archives/edgar/data/810958/0001558370-25-009537-index.html,Item 2.02; Item 9.01,Item 2.02; Item 9.01,FDA,Tier-1,https://www.sec.gov/Archives/edgar/data/810958/000155837025009537/cznc-20250724x8k.htm,,Tier-1,2025-07-24,https://www.sec.gov/Archives/edgar/data/810958/000155837025009537/cznc-20250724x8k.htm,https://www.sec.gov/Archives/edgar/data/810958/0001558370-25-009537-index.html
DCTH,"DELCATH SYSTEMS, INC.",0000872912,2025-10-18,ATM,Tier-1,https://www.sec.gov/Archives/edgar/data/872912/000119312525242909/d51469d8k.htm,https://www.sec.gov/Archives/edgar/data/872912/0001193125-25-242909-index.html,8-K,2025-10-20,2025-10-18,2025-10-18,0001193125-25-242909,https://www.sec.gov/Archives/edgar/data/872912/000119312525242909/d51469d8k.htm,https://www.sec.gov/Archives/edgar/data/872912/000119312525242909/d51469d8k.htm,2025-10-18,2025-10-20 06:01:41,https://www.sec.gov/Archives/edgar/data/872912/0001193125-25-242909-index.html,Item 2.02; Item 7.01; Item 8.01; Item 9.01,Item 2.02; Item 7.01; Item 8.01; Item 9.01,ATM,Tier-1,https://www.sec.gov/Archives/edgar/data/872912/000119312525242909/d51469d8k.htm,,Tier-1,2025-10-18,https://www.sec.gov/Archives/edgar/data/872912/000119312525242909/d51469d8k.htm,https://www.sec.gov/Archives/edgar/data/872912/0001193125-25-242909-index.html
DCTH,"DELCATH SYSTEMS, INC.",0000872912,2025-11-04,ATM,Tier-1,https://www.sec.gov/Archives/edgar/data/872912/000162828025048539/dcth-20251104.htm,https://www.sec.gov/Archives/edgar/data/872912/0001628280-25-048539-index.html,8-K,2025-11-04,2025-11-04,2025-11-04,0001628280-25-048539,https://www.sec.gov/Archives/edgar/data/872912/000162828025048539/dcth-20251104.htm,https://www.sec.gov/Archives/edgar/data/872912/000162828025048539/dcth-20251104.htm,2025-11-04,2025-11-04 08:02:41,https://www.sec.gov/Archives/edgar/data/872912/0001628280-25-048539-index.html,Item 2.02; Item 9.01,Item 2.02; Item 9.01,ATM,Tier-1,https://www.sec.gov/Archives/edgar/data/872912/000162828025048539/dcth-20251104.htm,,Tier-1,2025-11-04,https://www.sec.gov/Archives/edgar/data/872912/000162828025048539/dcth-20251104.htm,https://www.sec.gov/Archives/edgar/data/872912/0001628280-25-048539-index.html
DCTH,"DELCATH SYSTEMS, INC.",0000872912,2025-08-06,ATM,Tier-1,https://www.sec.gov/Archives/edgar/data/872912/000162828025038098/dcth-20250806.htm,https://www.sec.gov/Archives/edgar/data/872912/0001628280-25-038098-index.html,8-K,2025-08-06,2025-08-06,2025-08-06,0001628280-25-038098,https://www.sec.gov/Archives/edgar/data/872912/000162828025038098/dcth-20250806.htm,https://www.sec.gov/Archives/edgar/data/872912/000162828025038098/dcth-20250806.htm,2025-08-06,2025-08-06 08:03:24,https://www.sec.gov/Archives/edgar/data/872912/0001628280-25-038098-index.html,Item 2.02; Item 9.01,Item 2.02; Item 9.01,ATM,Tier-1,https://www.sec.gov/Archives/edgar/data/872912/000162828025038098/dcth-20250806.htm,,Tier-1,2025-08-06,https://www.sec.gov/Archives/edgar/data/872912/000162828025038098/dcth-20250806.htm,https://www.sec.gov/Archives/edgar/data/872912/0001628280-25-038098-index.html
DDD,3D SYSTEMS CORP,0000910638,2025-08-20,ListingChange,Tier-1,https://www.sec.gov/Archives/edgar/data/910638/000119312525184165/d921658d8k.htm,https://www.sec.gov/Archives/edgar/data/910638/0001193125-25-184165-index.html,8-K,2025-08-20,2025-08-20,2025-08-20,0001193125-25-184165,https://www.sec.gov/Archives/edgar/data/910638/000119312525184165/d921658d8k.htm,https://www.sec.gov/Archives/edgar/data/910638/000119312525184165/d921658d8k.htm,2025-08-20,2025-08-20 16:58:41,https://www.sec.gov/Archives/edgar/data/910638/0001193125-25-184165-index.html,Item 5.02; Item 7.01; Item 9.01,Item 5.02; Item 7.01; Item 9.01,ListingChange,Tier-1,https://www.sec.gov/Archives/edgar/data/910638/000119312525184165/d921658d8k.htm,,Tier-1,2025-08-20,https://www.sec.gov/Archives/edgar/data/910638/000119312525184165/d921658d8k.htm,https://www.sec.gov/Archives/edgar/data/910638/0001193125-25-184165-index.html
DDD,3D SYSTEMS CORP,0000910638,2025-06-18,ATM,Tier-1,https://www.sec.gov/Archives/edgar/data/910638/000119312525145744/d870332d8k.htm,https://www.sec.gov/Archives/edgar/data/910638/0001193125-25-145744-index.html,8-K,2025-06-24,2025-06-18,2025-06-18,0001193125-25-145744,https://www.sec.gov/Archives/edgar/data/910638/000119312525145744/d870332d8k.htm,https://www.sec.gov/Archives/edgar/data/910638/000119312525145744/d870332d8k.htm,2025-06-18,2025-06-24 16:15:22,https://www.sec.gov/Archives/edgar/data/910638/0001193125-25-145744-index.html,Item 1.01; Item 2.03; Item 3.02; Item 8.01; Item 9.01,Item 1.01; Item 2.03; Item 3.02; Item 8.01; Item 9.01,ATM,Tier-1,https://www.sec.gov/Archives/edgar/data/910638/000119312525145744/d870332d8k.htm,,Tier-1,2025-06-18,https://www.sec.gov/Archives/edgar/data/910638/000119312525145744/d870332d8k.htm,https://www.sec.gov/Archives/edgar/data/910638/0001193125-25-145744-index.html
DDD,3D SYSTEMS CORP,0000910638,2025-11-04,GuidanceUp,Tier-1,https://www.sec.gov/Archives/edgar/data/910638/000162828025048900/ddd-20251104.htm,https://www.sec.gov/Archives/edgar/data/910638/0001628280-25-048900-index.html,8-K,2025-11-04,2025-11-04,2025-11-04,0001628280-25-048900,https://www.sec.gov/Archives/edgar/data/910638/000162828025048900/ddd-20251104.htm,https://www.sec.gov/Archives/edgar/data/910638/000162828025048900/ddd-20251104.htm,2025-11-04,2025-11-04 16:35:11,https://www.sec.gov/Archives/edgar/data/910638/0001628280-25-048900-index.html,Item 2.02; Item 9.01,Item 2.02; Item 9.01,GuidanceUp,Tier-1,https://www.sec.gov/Archives/edgar/data/910638/000162828025048900/ddd-20251104.htm,,Tier-1,2025-11-04,https://www.sec.gov/Archives/edgar/data/910638/000162828025048900/ddd-20251104.htm,https://www.sec.gov/Archives/edgar/data/910638/0001628280-25-048900-index.html
DENN,DENNY'S Corp,0000852772,2025-11-03,ATM,Tier-1,https://www.sec.gov/Archives/edgar/data/852772/000119312525263393/d17512d8k.htm,https://www.sec.gov/Archives/edgar/data/852772/0001193125-25-263393-index.html,8-K,2025-11-04,2025-11-03,2025-11-03,0001193125-25-263393,https://www.sec.gov/Archives/edgar/data/852772/000119312525263393/d17512d8k.htm,https://www.sec.gov/Archives/edgar/data/852772/000119312525263393/d17512d8k.htm,2025-11-03,2025-11-04 06:05:19,https://www.sec.gov/Archives/edgar/data/852772/0001193125-25-263393-index.html,Item 1.01; Item 8.01; Item 9.01,Item 1.01; Item 8.01; Item 9.01,ATM,Tier-1,https://www.sec.gov/Archives/edgar/data/852772/000119312525263393/d17512d8k.htm,,Tier-1,2025-11-03,https://www.sec.gov/Archives/edgar/data/852772/000119312525263393/d17512d8k.htm,https://www.sec.gov/Archives/edgar/data/852772/0001193125-25-263393-index.html
CZNC,CITIZENS & NORTHERN CORP,0000810958,2025-10-23,ATM,Tier-1,https://www.sec.gov/Archives/edgar/data/810958/000110465925101823/cznc-20251023x8k.htm,https://www.sec.gov/Archives/edgar/data/810958/0001104659-25-101823-index.html,8-K,2025-10-23,2025-10-23,2025-10-23,0001104659-25-101823,https://www.sec.gov/Archives/edgar/data/810958/000110465925101823/cznc-20251023x8k.htm,https://www.sec.gov/Archives/edgar/data/810958/000110465925101823/cznc-20251023x8k.htm,2025-10-23,2025-10-23 16:08:56,https://www.sec.gov/Archives/edgar/data/810958/0001104659-25-101823-index.html,Item 2.02; Item 9.01,Item 2.02; Item 9.01,ATM,Tier-1,https://www.sec.gov/Archives/edgar/data/810958/000110465925101823/cznc-20251023x8k.htm,,Tier-1,2025-10-23,https://www.sec.gov/Archives/edgar/data/810958/000110465925101823/cznc-20251023x8k.htm,https://www.sec.gov/Archives/edgar/data/810958/0001104659-25-101823-index.html
DDD,3D SYSTEMS CORP,0000910638,2025-08-11,GuidanceUp,Tier-1,https://www.sec.gov/Archives/edgar/data/910638/000119312525177976/d90147d8k.htm,https://www.sec.gov/Archives/edgar/data/910638/0001193125-25-177976-index.html,8-K,2025-08-11,2025-08-11,2025-08-11,0001193125-25-177976,https://www.sec.gov/Archives/edgar/data/910638/000119312525177976/d90147d8k.htm,https://www.sec.gov/Archives/edgar/data/910638/000119312525177976/d90147d8k.htm,2025-08-11,2025-08-11 16:30:21,https://www.sec.gov/Archives/edgar/data/910638/0001193125-25-177976-index.html,Item 2.02; Item 9.01,Item 2.02; Item 9.01,GuidanceUp,Tier-1,https://www.sec.gov/Archives/edgar/data/910638/000119312525177976/d90147d8k.htm,,Tier-1,2025-08-11,https://www.sec.gov/Archives/edgar/data/910638/000119312525177976/d90147d8k.htm,https://www.sec.gov/Archives/edgar/data/910638/0001193125-25-177976-index.html
DMAA,Drugs Made In America Acquisition Corp.,0002028614,2025-10-08,ATM,Tier-1,https://www.sec.gov/Archives/edgar/data/2028614/000121390025111704/ea0265998-8k_drugs.htm,https://www.sec.gov/Archives/edgar/data/2028614/0001213900-25-111704-index.html,8-K,2025-11-18,2025-10-08,2025-10-08,0001213900-25-111704,https://www.sec.gov/Archives/edgar/data/2028614/000121390025111704/ea0265998-8k_drugs.htm,https://www.sec.gov/Archives/edgar/data/2028614/000121390025111704/ea0265998-8k_drugs.htm,2025-10-08,2025-11-17 21:03:35,https://www.sec.gov/Archives/edgar/data/2028614/0001213900-25-111704-index.html,Item 5.02,Item 5.02,ATM,Tier-1,https://www.sec.gov/Archives/edgar/data/2028614/000121390025111704/ea0265998-8k_drugs.htm,,Tier-1,2025-10-08,https://www.sec.gov/Archives/edgar/data/2028614/000121390025111704/ea0265998-8k_drugs.htm,https://www.sec.gov/Archives/edgar/data/2028614/0001213900-25-111704-index.html
DENN,DENNY'S Corp,0000852772,2025-11-03,ATM,Tier-1,https://www.sec.gov/Archives/edgar/data/852772/000085277225000119/denn-20251103.htm,https://www.sec.gov/Archives/edgar/data/852772/0000852772-25-000119-index.html,8-K,2025-11-04,2025-11-03,2025-11-03,0000852772-25-000119,https://www.sec.gov/Archives/edgar/data/852772/000085277225000119/denn-20251103.htm,https://www.sec.gov/Archives/edgar/data/852772/000085277225000119/denn-20251103.htm,2025-11-03,2025-11-03 18:47:20,https://www.sec.gov/Archives/edgar/data/852772/0000852772-25-000119-index.html,Item 2.02; Item 9.01,Item 2.02; Item 9.01,ATM,Tier-1,https://www.sec.gov/Archives/edgar/data/852772/000085277225000119/denn-20251103.htm,,Tier-1,2025-11-03,https://www.sec.gov/Archives/edgar/data/852772/000085277225000119/denn-20251103.htm,https://www.sec.gov/Archives/edgar/data/852772/0000852772-25-000119-index.html
DTSQ,DT Cloud Star Acquisition Corp,0002017950,2025-11-26,ATM,Tier-1,https://www.sec.gov/Archives/edgar/data/2017950/000149315225025378/form8-k.htm,https://www.sec.gov/Archives/edgar/data/2017950/0001493152-25-025378-index.html,8-K,2025-11-28,2025-11-26,2025-11-26,0001493152-25-025378,https://www.sec.gov/Archives/edgar/data/2017950/000149315225025378/form8-k.htm,https://www.sec.gov/Archives/edgar/data/2017950/000149315225025378/form8-k.htm,2025-11-26,2025-11-28 16:00:53,https://www.sec.gov/Archives/edgar/data/2017950/0001493152-25-025378-index.html,Item 5.02,Item 5.02,ATM,Tier-1,https://www.sec.gov/Archives/edgar/data/2017950/000149315225025378/form8-k.htm,,Tier-1,2025-11-26,https://www.sec.gov/Archives/edgar/data/2017950/000149315225025378/form8-k.htm,https://www.sec.gov/Archives/edgar/data/2017950/0001493152-25-025378-index.html
DENN,DENNY'S Corp,0000852772,2025-08-04,ListingChange,Tier-1,https://www.sec.gov/Archives/edgar/data/852772/000085277225000106/denn-20250804.htm,https://www.sec.gov/Archives/edgar/data/852772/0000852772-25-000106-index.html,8-K,2025-08-04,2025-08-04,2025-08-04,0000852772-25-000106,https://www.sec.gov/Archives/edgar/data/852772/000085277225000106/denn-20250804.htm,https://www.sec.gov/Archives/edgar/data/852772/000085277225000106/denn-20250804.htm,2025-08-04,2025-08-04 16:09:14,https://www.sec.gov/Archives/edgar/data/852772/0000852772-25-000106-index.html,Item 2.02; Item 7.01; Item 9.01,Item 2.02; Item 7.01; Item 9.01,ListingChange,Tier-1,https://www.sec.gov/Archives/edgar/data/852772/000085277225000106/denn-20250804.htm,,Tier-1,2025-08-04,https://www.sec.gov/Archives/edgar/data/852772/000085277225000106/denn-20250804.htm,https://www.sec.gov/Archives/edgar/data/852772/0000852772-25-000106-index.html
EDIT,"Editas Medicine, Inc.",0001650664,2025-11-10,ATM,Tier-1,https://www.sec.gov/Archives/edgar/data/1650664/000165066425000153/edit-20251110.htm,https://www.sec.gov/Archives/edgar/data/1650664/0001650664-25-000153-index.html,8-K,2025-11-10,2025-11-10,2025-11-10,0001650664-25-000153,https://www.sec.gov/Archives/edgar/data/1650664/000165066425000153/edit-20251110.htm,https://www.sec.gov/Archives/edgar/data/1650664/000165066425000153/edit-20251110.htm,2025-11-10,2025-11-10 07:06:14,https://www.sec.gov/Archives/edgar/data/1650664/0001650664-25-000153-index.html,Item 2.02; Item 9.01,Item 2.02; Item 9.01,ATM,Tier-1,https://www.sec.gov/Archives/edgar/data/1650664/000165066425000153/edit-20251110.htm,,Tier-1,2025-11-10,https://www.sec.gov/Archives/edgar/data/1650664/000165066425000153/edit-20251110.htm,https://www.sec.gov/Archives/edgar/data/1650664/0001650664-25-000153-index.html
EDIT,"Editas Medicine, Inc.",0001650664,2025-10-09,ATM,Tier-1,https://www.sec.gov/Archives/edgar/data/1650664/000165066425000148/edit-20251009.htm,https://www.sec.gov/Archives/edgar/data/1650664/0001650664-25-000148-index.html,8-K,2025-10-09,2025-10-09,2025-10-09,0001650664-25-000148,https://www.sec.gov/Archives/edgar/data/1650664/000165066425000148/edit-20251009.htm,https://www.sec.gov/Archives/edgar/data/1650664/000165066425000148/edit-20251009.htm,2025-10-09,2025-10-09 16:31:21,https://www.sec.gov/Archives/edgar/data/1650664/0001650664-25-000148-index.html,Item 7.01; Item 8.01; Item 9.01,Item 7.01; Item 8.01; Item 9.01,ATM,Tier-1,https://www.sec.gov/Archives/edgar/data/1650664/000165066425000148/edit-20251009.htm,,Tier-1,2025-10-09,https://www.sec.gov/Archives/edgar/data/1650664/000165066425000148/edit-20251009.htm,https://www.sec.gov/Archives/edgar/data/1650664/0001650664-25-000148-index.html
EDIT,"Editas Medicine, Inc.",0001650664,2025-08-12,ATM,Tier-1,https://www.sec.gov/Archives/edgar/data/1650664/000165066425000123/edit-20250812.htm,https://www.sec.gov/Archives/edgar/data/1650664/0001650664-25-000123-index.html,8-K,2025-08-12,2025-08-12,2025-08-12,0001650664-25-000123,https://www.sec.gov/Archives/edgar/data/1650664/000165066425000123/edit-20250812.htm,https://www.sec.gov/Archives/edgar/data/1650664/000165066425000123/edit-20250812.htm,2025-08-12,2025-08-12 16:03:42,https://www.sec.gov/Archives/edgar/data/1650664/0001650664-25-000123-index.html,Item 2.02; Item 9.01,Item 2.02; Item 9.01,ATM,Tier-1,https://www.sec.gov/Archives/edgar/data/1650664/000165066425000123/edit-20250812.htm,,Tier-1,2025-08-12,https://www.sec.gov/Archives/edgar/data/1650664/000165066425000123/edit-20250812.htm,https://www.sec.gov/Archives/edgar/data/1650664/0001650664-25-000123-index.html
EDIT,"Editas Medicine, Inc.",0001650664,2025-09-02,ATM,Tier-1,https://www.sec.gov/Archives/edgar/data/1650664/000165066425000134/edit-20250902.htm,https://www.sec.gov/Archives/edgar/data/1650664/0001650664-25-000134-index.html,8-K,2025-09-02,2025-09-02,2025-09-02,0001650664-25-000134,https://www.sec.gov/Archives/edgar/data/1650664/000165066425000134/edit-20250902.htm,https://www.sec.gov/Archives/edgar/data/1650664/000165066425000134/edit-20250902.htm,2025-09-02,2025-09-02 07:03:43,https://www.sec.gov/Archives/edgar/data/1650664/0001650664-25-000134-index.html,Item 7.01; Item 8.01; Item 9.01,Item 7.01; Item 8.01; Item 9.01,ATM,Tier-1,https://www.sec.gov/Archives/edgar/data/1650664/000165066425000134/edit-20250902.htm,,Tier-1,2025-09-02,https://www.sec.gov/Archives/edgar/data/1650664/000165066425000134/edit-20250902.htm,https://www.sec.gov/Archives/edgar/data/1650664/0001650664-25-000134-index.html
EDIT,"Editas Medicine, Inc.",0001650664,2025-06-12,ATM,Tier-1,https://www.sec.gov/Archives/edgar/data/1650664/000165066425000106/edit-20250612.htm,https://www.sec.gov/Archives/edgar/data/1650664/0001650664-25-000106-index.html,8-K,2025-06-12,2025-06-12,2025-06-12,0001650664-25-000106,https://www.sec.gov/Archives/edgar/data/1650664/000165066425000106/edit-20250612.htm,https://www.sec.gov/Archives/edgar/data/1650664/000165066425000106/edit-20250612.htm,2025-06-12,2025-06-12 06:28:39,https://www.sec.gov/Archives/edgar/data/1650664/0001650664-25-000106-index.html,Item 7.01; Item 8.01; Item 9.01,Item 7.01; Item 8.01; Item 9.01,ATM,Tier-1,https://www.sec.gov/Archives/edgar/data/1650664/000165066425000106/edit-20250612.htm,,Tier-1,2025-06-12,https://www.sec.gov/Archives/edgar/data/1650664/000165066425000106/edit-20250612.htm,https://www.sec.gov/Archives/edgar/data/1650664/0001650664-25-000106-index.html
EGHT,8X8 INC /DE/,0001023731,2025-11-04,ATM,Tier-1,https://www.sec.gov/Archives/edgar/data/1023731/000102373125000102/eght-20251104.htm,https://www.sec.gov/Archives/edgar/data/1023731/0001023731-25-000102-index.html,8-K,2025-11-04,2025-11-04,2025-11-04,0001023731-25-000102,https://www.sec.gov/Archives/edgar/data/1023731/000102373125000102/eght-20251104.htm,https://www.sec.gov/Archives/edgar/data/1023731/000102373125000102/eght-20251104.htm,2025-11-04,2025-11-04 16:11:28,https://www.sec.gov/Archives/edgar/data/1023731/0001023731-25-000102-index.html,Item 9.01,Item 9.01,ATM,Tier-1,https://www.sec.gov/Archives/edgar/data/1023731/000102373125000102/eght-20251104.htm,,Tier-1,2025-11-04,https://www.sec.gov/Archives/edgar/data/1023731/000102373125000102/eght-20251104.htm,https://www.sec.gov/Archives/edgar/data/1023731/0001023731-25-000102-index.html
EGHT,8X8 INC /DE/,0001023731,2025-08-05,ATM,Tier-1,https://www.sec.gov/Archives/edgar/data/1023731/000102373125000076/eght-20250805.htm,https://www.sec.gov/Archives/edgar/data/1023731/0001023731-25-000076-index.html,8-K,2025-08-05,2025-08-05,2025-08-05,0001023731-25-000076,https://www.sec.gov/Archives/edgar/data/1023731/000102373125000076/eght-20250805.htm,https://www.sec.gov/Archives/edgar/data/1023731/000102373125000076/eght-20250805.htm,2025-08-05,2025-08-05 16:50:50,https://www.sec.gov/Archives/edgar/data/1023731/0001023731-25-000076-index.html,Item 9.01,Item 9.01,ATM,Tier-1,https://www.sec.gov/Archives/edgar/data/1023731/000102373125000076/eght-20250805.htm,,Tier-1,2025-08-05,https://www.sec.gov/Archives/edgar/data/1023731/000102373125000076/eght-20250805.htm,https://www.sec.gov/Archives/edgar/data/1023731/0001023731-25-000076-index.html
ELDN,"Eledon Pharmaceuticals, Inc.",0001404281,2025-11-12,ATM,Tier-1,https://www.sec.gov/Archives/edgar/data/1404281/000119312525278392/d28785d8k.htm,https://www.sec.gov/Archives/edgar/data/1404281/0001193125-25-278392-index.html,8-K,2025-11-13,2025-11-12,2025-11-12,0001193125-25-278392,https://www.sec.gov/Archives/edgar/data/1404281/000119312525278392/d28785d8k.htm,https://www.sec.gov/Archives/edgar/data/1404281/000119312525278392/d28785d8k.htm,2025-11-12,2025-11-12 20:55:33,https://www.sec.gov/Archives/edgar/data/1404281/0001193125-25-278392-index.html,Item 1.01; Item 9.01,Item 1.01; Item 9.01,ATM,Tier-1,https://www.sec.gov/Archives/edgar/data/1404281/000119312525278392/d28785d8k.htm,,Tier-1,2025-11-12,https://www.sec.gov/Archives/edgar/data/1404281/000119312525278392/d28785d8k.htm,https://www.sec.gov/Archives/edgar/data/1404281/0001193125-25-278392-index.html
ELDN,"Eledon Pharmaceuticals, Inc.",0001404281,2025-11-06,ATM,Tier-1,https://www.sec.gov/Archives/edgar/data/1404281/000119312525270286/eldn-20251106.htm,https://www.sec.gov/Archives/edgar/data/1404281/0001193125-25-270286-index.html,8-K,2025-11-07,2025-11-06,2025-11-06,0001193125-25-270286,https://www.sec.gov/Archives/edgar/data/1404281/000119312525270286/eldn-20251106.htm,https://www.sec.gov/Archives/edgar/data/1404281/000119312525270286/eldn-20251106.htm,2025-11-06,2025-11-06 18:44:31,https://www.sec.gov/Archives/edgar/data/1404281/0001193125-25-270286-index.html,Item 2.02; Item 7.01; Item 9.01,Item 2.02; Item 7.01; Item 9.01,ATM,Tier-1,https://www.sec.gov/Archives/edgar/data/1404281/000119312525270286/eldn-20251106.htm,,Tier-1,2025-11-06,https://www.sec.gov/Archives/edgar/data/1404281/000119312525270286/eldn-20251106.htm,https://www.sec.gov/Archives/edgar/data/1404281/0001193125-25-270286-index.html
ELDN,"Eledon Pharmaceuticals, Inc.",0001404281,2025-11-14,ATM,Tier-1,https://www.sec.gov/Archives/edgar/data/1404281/000119312525283294/eldn-20251114.htm,https://www.sec.gov/Archives/edgar/data/1404281/0001193125-25-283294-index.html,8-K,2025-11-14,2025-11-14,2025-11-14,0001193125-25-283294,https://www.sec.gov/Archives/edgar/data/1404281/000119312525283294/eldn-20251114.htm,https://www.sec.gov/Archives/edgar/data/1404281/000119312525283294/eldn-20251114.htm,2025-11-14,2025-11-14 17:11:57,https://www.sec.gov/Archives/edgar/data/1404281/0001193125-25-283294-index.html,Item 2.02; Item 9.01,Item 2.02; Item 9.01,ATM,Tier-1,https://www.sec.gov/Archives/edgar/data/1404281/000119312525283294/eldn-20251114.htm,,Tier-1,2025-11-14,https://www.sec.gov/Archives/edgar/data/1404281/000119312525283294/eldn-20251114.htm,https://www.sec.gov/Archives/edgar/data/1404281/0001193125-25-283294-index.html
ELDN,"Eledon Pharmaceuticals, Inc.",0001404281,2025-08-06,ATM,Tier-1,https://www.sec.gov/Archives/edgar/data/1404281/000095017025103975/eldn-20250806.htm,https://www.sec.gov/Archives/edgar/data/1404281/0000950170-25-103975-index.html,8-K,2025-08-06,2025-08-06,2025-08-06,0000950170-25-103975,https://www.sec.gov/Archives/edgar/data/1404281/000095017025103975/eldn-20250806.htm,https://www.sec.gov/Archives/edgar/data/1404281/000095017025103975/eldn-20250806.htm,2025-08-06,2025-08-06 16:03:27,https://www.sec.gov/Archives/edgar/data/1404281/0000950170-25-103975-index.html,Item 7.01; Item 9.01,Item 7.01; Item 9.01,ATM,Tier-1,https://www.sec.gov/Archives/edgar/data/1404281/000095017025103975/eldn-20250806.htm,,Tier-1,2025-08-06,https://www.sec.gov/Archives/edgar/data/1404281/000095017025103975/eldn-20250806.htm,https://www.sec.gov/Archives/edgar/data/1404281/0000950170-25-103975-index.html
ELDN,"Eledon Pharmaceuticals, Inc.",0001404281,2025-08-11,ATM,Tier-1,https://www.sec.gov/Archives/edgar/data/1404281/000119312525180820/eldn-20250811.htm,https://www.sec.gov/Archives/edgar/data/1404281/0001193125-25-180820-index.html,8-K,2025-08-14,2025-08-11,2025-08-11,0001193125-25-180820,https://www.sec.gov/Archives/edgar/data/1404281/000119312525180820/eldn-20250811.htm,https://www.sec.gov/Archives/edgar/data/1404281/000119312525180820/eldn-20250811.htm,2025-08-11,2025-08-14 16:30:29,https://www.sec.gov/Archives/edgar/data/1404281/0001193125-25-180820-index.html,Item 2.02; Item 4.02; Item 9.01,Item 2.02; Item 4.02; Item 9.01,ATM,Tier-1,https://www.sec.gov/Archives/edgar/data/1404281/000119312525180820/eldn-20250811.htm,,Tier-1,2025-08-11,https://www.sec.gov/Archives/edgar/data/1404281/000119312525180820/eldn-20250811.htm,https://www.sec.gov/Archives/edgar/data/1404281/0001193125-25-180820-index.html
EMIS,Emmis Acquisition Corp.,0002075816,2025-10-15,ATM,Tier-1,https://www.sec.gov/Archives/edgar/data/2075816/000121390025099249/ea0261097-8k_emmis.htm,https://www.sec.gov/Archives/edgar/data/2075816/0001213900-25-099249-index.html,8-K,2025-10-16,2025-10-15,2025-10-15,0001213900-25-099249,https://www.sec.gov/Archives/edgar/data/2075816/000121390025099249/ea0261097-8k_emmis.htm,https://www.sec.gov/Archives/edgar/data/2075816/000121390025099249/ea0261097-8k_emmis.htm,2025-10-15,2025-10-15 18:01:51,https://www.sec.gov/Archives/edgar/data/2075816/0001213900-25-099249-index.html,Item 8.01; Item 9.01,Item 8.01; Item 9.01,ATM,Tier-1,https://www.sec.gov/Archives/edgar/data/2075816/000121390025099249/ea0261097-8k_emmis.htm,,Tier-1,2025-10-15,https://www.sec.gov/Archives/edgar/data/2075816/000121390025099249/ea0261097-8k_emmis.htm,https://www.sec.gov/Archives/edgar/data/2075816/0001213900-25-099249-index.html
EMIS,Emmis Acquisition Corp.,0002075816,2025-09-26,ATM,Tier-1,https://www.sec.gov/Archives/edgar/data/2075816/000121390025093113/ea0259053-8k_emmis.htm,https://www.sec.gov/Archives/edgar/data/2075816/0001213900-25-093113-index.html,8-K,2025-09-29,2025-09-26,2025-09-26,0001213900-25-093113,https://www.sec.gov/Archives/edgar/data/2075816/000121390025093113/ea0259053-8k_emmis.htm,https://www.sec.gov/Archives/edgar/data/2075816/000121390025093113/ea0259053-8k_emmis.htm,2025-09-26,2025-09-29 16:30:30,https://www.sec.gov/Archives/edgar/data/2075816/0001213900-25-093113-index.html,Item 1.01; Item 3.02; Item 5.02; Item 5.03; Item 8.01; Item 9.01,Item 1.01; Item 3.02; Item 5.02; Item 5.03; Item 8.01; Item 9.01,ATM,Tier-1,https://www.sec.gov/Archives/edgar/data/2075816/000121390025093113/ea0259053-8k_emmis.htm,,Tier-1,2025-09-26,https://www.sec.gov/Archives/edgar/data/2075816/000121390025093113/ea0259053-8k_emmis.htm,https://www.sec.gov/Archives/edgar/data/2075816/0001213900-25-093113-index.html
EMIS,Emmis Acquisition Corp.,0002075816,2025-09-26,ATM,Tier-1,https://www.sec.gov/Archives/edgar/data/2075816/000121390025095324/ea0259486-8k_emmis.htm,https://www.sec.gov/Archives/edgar/data/2075816/0001213900-25-095324-index.html,8-K,2025-10-02,2025-09-26,2025-09-26,0001213900-25-095324,https://www.sec.gov/Archives/edgar/data/2075816/000121390025095324/ea0259486-8k_emmis.htm,https://www.sec.gov/Archives/edgar/data/2075816/000121390025095324/ea0259486-8k_emmis.htm,2025-09-26,2025-10-02 15:14:49,https://www.sec.gov/Archives/edgar/data/2075816/0001213900-25-095324-index.html,Item 8.01; Item 9.01,Item 8.01; Item 9.01,ATM,Tier-1,https://www.sec.gov/Archives/edgar/data/2075816/000121390025095324/ea0259486-8k_emmis.htm,,Tier-1,2025-09-26,https://www.sec.gov/Archives/edgar/data/2075816/000121390025095324/ea0259486-8k_emmis.htm,https://www.sec.gov/Archives/edgar/data/2075816/0001213900-25-095324-index.html
ETHM,Dynamix Corp,0002028699,2025-09-09,Financing,Tier-1,https://www.sec.gov/Archives/edgar/data/2028699/000121390025086219/ea0256703-8k425_dynamix.htm,https://www.sec.gov/Archives/edgar/data/2028699/0001213900-25-086219-index.html,8-K,2025-09-09,2025-09-09,2025-09-09,0001213900-25-086219,https://www.sec.gov/Archives/edgar/data/2028699/000121390025086219/ea0256703-8k425_dynamix.htm,https://www.sec.gov/Archives/edgar/data/2028699/000121390025086219/ea0256703-8k425_dynamix.htm,2025-09-09,2025-09-09 16:57:53,https://www.sec.gov/Archives/edgar/data/2028699/0001213900-25-086219-index.html,Item 7.01,Item 7.01,Financing,Tier-1,https://www.sec.gov/Archives/edgar/data/2028699/000121390025086219/ea0256703-8k425_dynamix.htm,,Tier-1,2025-09-09,https://www.sec.gov/Archives/edgar/data/2028699/000121390025086219/ea0256703-8k425_dynamix.htm,https://www.sec.gov/Archives/edgar/data/2028699/0001213900-25-086219-index.html
ETHM,Dynamix Corp,0002028699,2025-09-16,ATM,Tier-1,https://www.sec.gov/Archives/edgar/data/2028699/000121390025088254/ea0257600-8k425_dynamix.htm,https://www.sec.gov/Archives/edgar/data/2028699/0001213900-25-088254-index.html,8-K,2025-09-16,2025-09-16,2025-09-16,0001213900-25-088254,https://www.sec.gov/Archives/edgar/data/2028699/000121390025088254/ea0257600-8k425_dynamix.htm,https://www.sec.gov/Archives/edgar/data/2028699/000121390025088254/ea0257600-8k425_dynamix.htm,2025-09-16,2025-09-16 17:20:47,https://www.sec.gov/Archives/edgar/data/2028699/0001213900-25-088254-index.html,Item 7.01,Item 7.01,ATM,Tier-1,https://www.sec.gov/Archives/edgar/data/2028699/000121390025088254/ea0257600-8k425_dynamix.htm,,Tier-1,2025-09-16,https://www.sec.gov/Archives/edgar/data/2028699/000121390025088254/ea0257600-8k425_dynamix.htm,https://www.sec.gov/Archives/edgar/data/2028699/0001213900-25-088254-index.html
ETHM,Dynamix Corp,0002028699,2025-08-26,ATM,Tier-1,https://www.sec.gov/Archives/edgar/data/2028699/000121390025080531/ea0254594-8k425_dynamix.htm,https://www.sec.gov/Archives/edgar/data/2028699/0001213900-25-080531-index.html,8-K,2025-08-26,2025-08-26,2025-08-26,0001213900-25-080531,https://www.sec.gov/Archives/edgar/data/2028699/000121390025080531/ea0254594-8k425_dynamix.htm,https://www.sec.gov/Archives/edgar/data/2028699/000121390025080531/ea0254594-8k425_dynamix.htm,2025-08-26,2025-08-26 08:35:33,https://www.sec.gov/Archives/edgar/data/2028699/0001213900-25-080531-index.html,Item 8.01; Item 9.01,Item 8.01; Item 9.01,ATM,Tier-1,https://www.sec.gov/Archives/edgar/data/2028699/000121390025080531/ea0254594-8k425_dynamix.htm,,Tier-1,2025-08-26,https://www.sec.gov/Archives/edgar/data/2028699/000121390025080531/ea0254594-8k425_dynamix.htm,https://www.sec.gov/Archives/edgar/data/2028699/0001213900-25-080531-index.html
ETHM,Dynamix Corp,0002028699,2025-08-06,Financing,Tier-1,https://www.sec.gov/Archives/edgar/data/2028699/000121390025072294/ea025187101-8k425_dynamix.htm,https://www.sec.gov/Archives/edgar/data/2028699/0001213900-25-072294-index.html,8-K,2025-08-06,2025-08-06,2025-08-06,0001213900-25-072294,https://www.sec.gov/Archives/edgar/data/2028699/000121390025072294/ea025187101-8k425_dynamix.htm,https://www.sec.gov/Archives/edgar/data/2028699/000121390025072294/ea025187101-8k425_dynamix.htm,2025-08-06,2025-08-06 06:30:33,https://www.sec.gov/Archives/edgar/data/2028699/0001213900-25-072294-index.html,Item 7.01,Item 7.01,Financing,Tier-1,https://www.sec.gov/Archives/edgar/data/2028699/000121390025072294/ea025187101-8k425_dynamix.htm,,Tier-1,2025-08-06,https://www.sec.gov/Archives/edgar/data/2028699/000121390025072294/ea025187101-8k425_dynamix.htm,https://www.sec.gov/Archives/edgar/data/2028699/0001213900-25-072294-index.html
ETHM,Dynamix Corp,0002028699,2025-08-04,ATM,Tier-1,https://www.sec.gov/Archives/edgar/data/2028699/000121390025070903/ea0251499-8k425_dynamix.htm,https://www.sec.gov/Archives/edgar/data/2028699/0001213900-25-070903-index.html,8-K,2025-08-04,2025-08-04,2025-08-04,0001213900-25-070903,https://www.sec.gov/Archives/edgar/data/2028699/000121390025070903/ea0251499-8k425_dynamix.htm,https://www.sec.gov/Archives/edgar/data/2028699/000121390025070903/ea0251499-8k425_dynamix.htm,2025-08-04,2025-08-04 09:11:02,https://www.sec.gov/Archives/edgar/data/2028699/0001213900-25-070903-index.html,Item 7.01; Item 9.01,Item 7.01; Item 9.01,ATM,Tier-1,https://www.sec.gov/Archives/edgar/data/2028699/000121390025070903/ea0251499-8k425_dynamix.htm,,Tier-1,2025-08-04,https://www.sec.gov/Archives/edgar/data/2028699/000121390025070903/ea0251499-8k425_dynamix.htm,https://www.sec.gov/Archives/edgar/data/2028699/0001213900-25-070903-index.html
ETHM,Dynamix Corp,0002028699,2025-07-21,ATM,Tier-1,https://www.sec.gov/Archives/edgar/data/2028699/000121390025067776/ea0250107-8k425_dynamix.htm,https://www.sec.gov/Archives/edgar/data/2028699/0001213900-25-067776-index.html,8-K,2025-07-25,2025-07-21,2025-07-21,0001213900-25-067776,https://www.sec.gov/Archives/edgar/data/2028699/000121390025067776/ea0250107-8k425_dynamix.htm,https://www.sec.gov/Archives/edgar/data/2028699/000121390025067776/ea0250107-8k425_dynamix.htm,2025-07-21,2025-07-25 16:30:30,https://www.sec.gov/Archives/edgar/data/2028699/0001213900-25-067776-index.html,Item 1.01; Item 3.02; Item 8.01; Item 9.01,Item 1.01; Item 3.02; Item 8.01; Item 9.01,ATM,Tier-1,https://www.sec.gov/Archives/edgar/data/2028699/000121390025067776/ea0250107-8k425_dynamix.htm,,Tier-1,2025-07-21,https://www.sec.gov/Archives/edgar/data/2028699/000121390025067776/ea0250107-8k425_dynamix.htm,https://www.sec.gov/Archives/edgar/data/2028699/0001213900-25-067776-index.html
ETHM,Dynamix Corp,0002028699,2025-07-21,ATM,Tier-1,https://www.sec.gov/Archives/edgar/data/2028699/000121390025065907/ea0249661-8k425_dynamix.htm,https://www.sec.gov/Archives/edgar/data/2028699/0001213900-25-065907-index.html,8-K,2025-07-21,2025-07-21,2025-07-21,0001213900-25-065907,https://www.sec.gov/Archives/edgar/data/2028699/000121390025065907/ea0249661-8k425_dynamix.htm,https://www.sec.gov/Archives/edgar/data/2028699/000121390025065907/ea0249661-8k425_dynamix.htm,2025-07-21,2025-07-21 09:32:19,https://www.sec.gov/Archives/edgar/data/2028699/0001213900-25-065907-index.html,Item 7.01; Item 9.01,Item 7.01; Item 9.01,ATM,Tier-1,https://www.sec.gov/Archives/edgar/data/2028699/000121390025065907/ea0249661-8k425_dynamix.htm,,Tier-1,2025-07-21,https://www.sec.gov/Archives/edgar/data/2028699/000121390025065907/ea0249661-8k425_dynamix.htm,https://www.sec.gov/Archives/edgar/data/2028699/0001213900-25-065907-index.html
ETHM,Dynamix Corp,0002028699,2025-08-29,ATM,Tier-1,https://www.sec.gov/Archives/edgar/data/2028699/000121390025082962/ea0255431-8k425_dynamix.htm,https://www.sec.gov/Archives/edgar/data/2028699/0001213900-25-082962-index.html,8-K,2025-09-02,2025-08-29,2025-08-29,0001213900-25-082962,https://www.sec.gov/Archives/edgar/data/2028699/000121390025082962/ea0255431-8k425_dynamix.htm,https://www.sec.gov/Archives/edgar/data/2028699/000121390025082962/ea0255431-8k425_dynamix.htm,2025-08-29,2025-09-02 09:06:49,https://www.sec.gov/Archives/edgar/data/2028699/0001213900-25-082962-index.html,Item 7.01; Item 8.01; Item 9.01,Item 7.01; Item 8.01; Item 9.01,ATM,Tier-1,https://www.sec.gov/Archives/edgar/data/2028699/000121390025082962/ea0255431-8k425_dynamix.htm,,Tier-1,2025-08-29,https://www.sec.gov/Archives/edgar/data/2028699/000121390025082962/ea0255431-8k425_dynamix.htm,https://www.sec.gov/Archives/edgar/data/2028699/0001213900-25-082962-index.html
ETHZ,ETHZilla Corp,0001690080,2025-10-29,ATM,Tier-1,https://www.sec.gov/Archives/edgar/data/1690080/000121390025103260/ea0262895-8k_ethzilla.htm,https://www.sec.gov/Archives/edgar/data/1690080/0001213900-25-103260-index.html,8-K,2025-10-29,2025-10-29,2025-10-29,0001213900-25-103260,https://www.sec.gov/Archives/edgar/data/1690080/000121390025103260/ea0262895-8k_ethzilla.htm,https://www.sec.gov/Archives/edgar/data/1690080/000121390025103260/ea0262895-8k_ethzilla.htm,2025-10-29,2025-10-29 08:01:28,https://www.sec.gov/Archives/edgar/data/1690080/0001213900-25-103260-index.html,Item 7.01; Item 9.01,Item 7.01; Item 9.01,ATM,Tier-1,https://www.sec.gov/Archives/edgar/data/1690080/000121390025103260/ea0262895-8k_ethzilla.htm,,Tier-1,2025-10-29,https://www.sec.gov/Archives/edgar/data/1690080/000121390025103260/ea0262895-8k_ethzilla.htm,https://www.sec.gov/Archives/edgar/data/1690080/0001213900-25-103260-index.html
ETHZ,ETHZilla Corp,0001690080,2025-10-27,ATM,Tier-1,https://www.sec.gov/Archives/edgar/data/1690080/000121390025102560/ea026264901-8k_ethzilla.htm,https://www.sec.gov/Archives/edgar/data/1690080/0001213900-25-102560-index.html,8-K,2025-10-27,2025-10-27,2025-10-27,0001213900-25-102560,https://www.sec.gov/Archives/edgar/data/1690080/000121390025102560/ea026264901-8k_ethzilla.htm,https://www.sec.gov/Archives/edgar/data/1690080/000121390025102560/ea026264901-8k_ethzilla.htm,2025-10-27,2025-10-27 16:00:34,https://www.sec.gov/Archives/edgar/data/1690080/0001213900-25-102560-index.html,Item 7.01; Item 8.01,Item 7.01; Item 8.01,ATM,Tier-1,https://www.sec.gov/Archives/edgar/data/1690080/000121390025102560/ea026264901-8k_ethzilla.htm,,Tier-1,2025-10-27,https://www.sec.gov/Archives/edgar/data/1690080/000121390025102560/ea026264901-8k_ethzilla.htm,https://www.sec.gov/Archives/edgar/data/1690080/0001213900-25-102560-index.html
ETHZ,ETHZilla Corp,0001690080,2025-11-12,ATM,Tier-1,https://www.sec.gov/Archives/edgar/data/1690080/000121390025110370/ea0265689-8k_ethzilla.htm,https://www.sec.gov/Archives/edgar/data/1690080/0001213900-25-110370-index.html,8-K,2025-11-14,2025-11-12,2025-11-12,0001213900-25-110370,https://www.sec.gov/Archives/edgar/data/1690080/000121390025110370/ea0265689-8k_ethzilla.htm,https://www.sec.gov/Archives/edgar/data/1690080/000121390025110370/ea0265689-8k_ethzilla.htm,2025-11-12,2025-11-14 08:01:51,https://www.sec.gov/Archives/edgar/data/1690080/0001213900-25-110370-index.html,Item 2.02; Item 5.02; Item 9.01,Item 2.02; Item 5.02; Item 9.01,ATM,Tier-1,https://www.sec.gov/Archives/edgar/data/1690080/000121390025110370/ea0265689-8k_ethzilla.htm,,Tier-1,2025-11-12,https://www.sec.gov/Archives/edgar/data/1690080/000121390025110370/ea0265689-8k_ethzilla.htm,https://www.sec.gov/Archives/edgar/data/1690080/0001213900-25-110370-index.html
ETHZ,ETHZilla Corp,0001690080,2025-10-22,ATM,Tier-1,https://www.sec.gov/Archives/edgar/data/1690080/000121390025101418/ea0262209-8k_ethzilla.htm,https://www.sec.gov/Archives/edgar/data/1690080/0001213900-25-101418-index.html,8-K,2025-10-23,2025-10-22,2025-10-22,0001213900-25-101418,https://www.sec.gov/Archives/edgar/data/1690080/000121390025101418/ea0262209-8k_ethzilla.htm,https://www.sec.gov/Archives/edgar/data/1690080/000121390025101418/ea0262209-8k_ethzilla.htm,2025-10-22,2025-10-23 08:01:07,https://www.sec.gov/Archives/edgar/data/1690080/0001213900-25-101418-index.html,Item 1.01; Item 2.01; Item 3.02; Item 7.01; Item 9.01,Item 1.01; Item 2.01; Item 3.02; Item 7.01; Item 9.01,ATM,Tier-1,https://www.sec.gov/Archives/edgar/data/1690080/000121390025101418/ea0262209-8k_ethzilla.htm,,Tier-1,2025-10-22,https://www.sec.gov/Archives/edgar/data/1690080/000121390025101418/ea0262209-8k_ethzilla.htm,https://www.sec.gov/Archives/edgar/data/1690080/0001213900-25-101418-index.html
ETHZ,ETHZilla Corp,0001690080,2025-10-14,ATM,Tier-1,https://www.sec.gov/Archives/edgar/data/1690080/000121390025098968/ea0261267-8k_ethzilla.htm,https://www.sec.gov/Archives/edgar/data/1690080/0001213900-25-098968-index.html,8-K,2025-10-15,2025-10-14,2025-10-14,0001213900-25-098968,https://www.sec.gov/Archives/edgar/data/1690080/000121390025098968/ea0261267-8k_ethzilla.htm,https://www.sec.gov/Archives/edgar/data/1690080/000121390025098968/ea0261267-8k_ethzilla.htm,2025-10-14,2025-10-15 08:00:30,https://www.sec.gov/Archives/edgar/data/1690080/0001213900-25-098968-index.html,Item 5.03; Item 3.03; Item 5.07; Item 8.01; Item 9.01,Item 5.03; Item 3.03; Item 5.07; Item 8.01; Item 9.01,ATM,Tier-1,https://www.sec.gov/Archives/edgar/data/1690080/000121390025098968/ea0261267-8k_ethzilla.htm,,Tier-1,2025-10-14,https://www.sec.gov/Archives/edgar/data/1690080/000121390025098968/ea0261267-8k_ethzilla.htm,https://www.sec.gov/Archives/edgar/data/1690080/0001213900-25-098968-index.html
ETHZ,ETHZilla Corp,0001690080,2025-10-07,ATM,Tier-1,https://www.sec.gov/Archives/edgar/data/1690080/000121390025097483/ea0260653-8k_ethzilla.htm,https://www.sec.gov/Archives/edgar/data/1690080/0001213900-25-097483-index.html,8-K,2025-10-08,2025-10-07,2025-10-07,0001213900-25-097483,https://www.sec.gov/Archives/edgar/data/1690080/000121390025097483/ea0260653-8k_ethzilla.htm,https://www.sec.gov/Archives/edgar/data/1690080/000121390025097483/ea0260653-8k_ethzilla.htm,2025-10-07,2025-10-08 17:15:25,https://www.sec.gov/Archives/edgar/data/1690080/0001213900-25-097483-index.html,Item 3.03; Item 5.03; Item 5.07; Item 5.02; Item 7.01; Item 8.01; Item 9.01,Item 3.03; Item 5.03; Item 5.07; Item 5.02; Item 7.01; Item 8.01; Item 9.01,ATM,Tier-1,https://www.sec.gov/Archives/edgar/data/1690080/000121390025097483/ea0260653-8k_ethzilla.htm,,Tier-1,2025-10-07,https://www.sec.gov/Archives/edgar/data/1690080/000121390025097483/ea0260653-8k_ethzilla.htm,https://www.sec.gov/Archives/edgar/data/1690080/0001213900-25-097483-index.html
ETHZ,ETHZilla Corp,0001690080,2025-09-30,ATM,Tier-1,https://www.sec.gov/Archives/edgar/data/1690080/000121390025093411/ea0259105-8k_ethzilla.htm,https://www.sec.gov/Archives/edgar/data/1690080/0001213900-25-093411-index.html,8-K,2025-09-30,2025-09-30,2025-09-30,0001213900-25-093411,https://www.sec.gov/Archives/edgar/data/1690080/000121390025093411/ea0259105-8k_ethzilla.htm,https://www.sec.gov/Archives/edgar/data/1690080/000121390025093411/ea0259105-8k_ethzilla.htm,2025-09-30,2025-09-30 08:00:55,https://www.sec.gov/Archives/edgar/data/1690080/0001213900-25-093411-index.html,Item 7.01; Item 8.01; Item 9.01,Item 7.01; Item 8.01; Item 9.01,ATM,Tier-1,https://www.sec.gov/Archives/edgar/data/1690080/000121390025093411/ea0259105-8k_ethzilla.htm,,Tier-1,2025-09-30,https://www.sec.gov/Archives/edgar/data/1690080/000121390025093411/ea0259105-8k_ethzilla.htm,https://www.sec.gov/Archives/edgar/data/1690080/0001213900-25-093411-index.html
ETHZ,ETHZilla Corp,0001690080,2025-09-22,ATM,Tier-1,https://www.sec.gov/Archives/edgar/data/1690080/000121390025089862/ea0258188-8k_ethzilla.htm,https://www.sec.gov/Archives/edgar/data/1690080/0001213900-25-089862-index.html,8-K,2025-09-22,2025-09-22,2025-09-22,0001213900-25-089862,https://www.sec.gov/Archives/edgar/data/1690080/000121390025089862/ea0258188-8k_ethzilla.htm,https://www.sec.gov/Archives/edgar/data/1690080/000121390025089862/ea0258188-8k_ethzilla.htm,2025-09-22,2025-09-22 09:25:42,https://www.sec.gov/Archives/edgar/data/1690080/0001213900-25-089862-index.html,Item 1.01; Item 2.03; Item 3.02; Item 3.03; Item 7.01; Item 8.01; Item 9.01,Item 1.01; Item 2.03; Item 3.02; Item 3.03; Item 7.01; Item 8.01; Item 9.01,ATM,Tier-1,https://www.sec.gov/Archives/edgar/data/1690080/000121390025089862/ea0258188-8k_ethzilla.htm,,Tier-1,2025-09-22,https://www.sec.gov/Archives/edgar/data/1690080/000121390025089862/ea0258188-8k_ethzilla.htm,https://www.sec.gov/Archives/edgar/data/1690080/0001213900-25-089862-index.html
ETHZ,ETHZilla Corp,0001690080,2025-09-22,ATM,Tier-1,https://www.sec.gov/Archives/edgar/data/1690080/000121390025091334/ea0258605-8ka1_ethzilla.htm,https://www.sec.gov/Archives/edgar/data/1690080/0001213900-25-091334-index.html,8-K/A,2025-09-25,2025-09-22,2025-09-22,0001213900-25-091334,https://www.sec.gov/Archives/edgar/data/1690080/000121390025091334/ea0258605-8ka1_ethzilla.htm,https://www.sec.gov/Archives/edgar/data/1690080/000121390025091334/ea0258605-8ka1_ethzilla.htm,2025-09-22,2025-09-24 21:22:57,https://www.sec.gov/Archives/edgar/data/1690080/0001213900-25-091334-index.html,Item 1.01; Item 2.03; Item 3.02; Item 3.03; Item 7.01; Item 8.01; Item 9.01,Item 1.01; Item 2.03; Item 3.02; Item 3.03; Item 7.01; Item 8.01; Item 9.01,ATM,Tier-1,https://www.sec.gov/Archives/edgar/data/1690080/000121390025091334/ea0258605-8ka1_ethzilla.htm,,Tier-1,2025-09-22,https://www.sec.gov/Archives/edgar/data/1690080/000121390025091334/ea0258605-8ka1_ethzilla.htm,https://www.sec.gov/Archives/edgar/data/1690080/0001213900-25-091334-index.html
ETHZ,ETHZilla Corp,0001690080,2025-08-07,ATM,Tier-1,https://www.sec.gov/Archives/edgar/data/1690080/000121390025079088/ea0254067-8ka1_ethzilla.htm,https://www.sec.gov/Archives/edgar/data/1690080/0001213900-25-079088-index.html,8-K/A,2025-08-21,2025-08-07,2025-08-07,0001213900-25-079088,https://www.sec.gov/Archives/edgar/data/1690080/000121390025079088/ea0254067-8ka1_ethzilla.htm,https://www.sec.gov/Archives/edgar/data/1690080/000121390025079088/ea0254067-8ka1_ethzilla.htm,2025-08-07,2025-08-20 19:32:28,https://www.sec.gov/Archives/edgar/data/1690080/0001213900-25-079088-index.html,Item 1.01; Item 2.03; Item 3.02; Item 5.02; Item 3.03; Item 7.01; Item 8.01; Item 9.01,Item 1.01; Item 2.03; Item 3.02; Item 5.02; Item 3.03; Item 7.01; Item 8.01; Item 9.01,ATM,Tier-1,https://www.sec.gov/Archives/edgar/data/1690080/000121390025079088/ea0254067-8ka1_ethzilla.htm,,Tier-1,2025-08-07,https://www.sec.gov/Archives/edgar/data/1690080/000121390025079088/ea0254067-8ka1_ethzilla.htm,https://www.sec.gov/Archives/edgar/data/1690080/0001213900-25-079088-index.html
EXFY,"Expensify, Inc.",0001476840,2025-10-09,ATM,Tier-1,https://www.sec.gov/Archives/edgar/data/1476840/000147684025000131/exfy-20251009.htm,https://www.sec.gov/Archives/edgar/data/1476840/0001476840-25-000131-index.html,8-K,2025-10-15,2025-10-09,2025-10-09,0001476840-25-000131,https://www.sec.gov/Archives/edgar/data/1476840/000147684025000131/exfy-20251009.htm,https://www.sec.gov/Archives/edgar/data/1476840/000147684025000131/exfy-20251009.htm,2025-10-09,2025-10-15 16:47:08,https://www.sec.gov/Archives/edgar/data/1476840/0001476840-25-000131-index.html,Item 1.01; Item 2.03; Item 9.01,Item 1.01; Item 2.03; Item 9.01,ATM,Tier-1,https://www.sec.gov/Archives/edgar/data/1476840/000147684025000131/exfy-20251009.htm,,Tier-1,2025-10-09,https://www.sec.gov/Archives/edgar/data/1476840/000147684025000131/exfy-20251009.htm,https://www.sec.gov/Archives/edgar/data/1476840/0001476840-25-000131-index.html
EXFY,"Expensify, Inc.",0001476840,2025-11-06,ATM,Tier-1,https://www.sec.gov/Archives/edgar/data/1476840/000147684025000139/exfy-20251106.htm,https://www.sec.gov/Archives/edgar/data/1476840/0001476840-25-000139-index.html,8-K,2025-11-06,2025-11-06,2025-11-06,0001476840-25-000139,https://www.sec.gov/Archives/edgar/data/1476840/000147684025000139/exfy-20251106.htm,https://www.sec.gov/Archives/edgar/data/1476840/000147684025000139/exfy-20251106.htm,2025-11-06,2025-11-06 16:38:12,https://www.sec.gov/Archives/edgar/data/1476840/0001476840-25-000139-index.html,Item 2.02; Item 7.01; Item 9.01,Item 2.02; Item 7.01; Item 9.01,ATM,Tier-1,https://www.sec.gov/Archives/edgar/data/1476840/000147684025000139/exfy-20251106.htm,,Tier-1,2025-11-06,https://www.sec.gov/Archives/edgar/data/1476840/000147684025000139/exfy-20251106.htm,https://www.sec.gov/Archives/edgar/data/1476840/0001476840-25-000139-index.html
FCEL,FUELCELL ENERGY INC,0000886128,2025-11-06,ATM,Tier-1,https://www.sec.gov/Archives/edgar/data/886128/000110465925109262/fcel-20251106x8k.htm,https://www.sec.gov/Archives/edgar/data/886128/0001104659-25-109262-index.html,8-K,2025-11-10,2025-11-06,2025-11-06,0001104659-25-109262,https://www.sec.gov/Archives/edgar/data/886128/000110465925109262/fcel-20251106x8k.htm,https://www.sec.gov/Archives/edgar/data/886128/000110465925109262/fcel-20251106x8k.htm,2025-11-06,2025-11-10 17:00:10,https://www.sec.gov/Archives/edgar/data/886128/0001104659-25-109262-index.html,Item 8.01,Item 8.01,ATM,Tier-1,https://www.sec.gov/Archives/edgar/data/886128/000110465925109262/fcel-20251106x8k.htm,,Tier-1,2025-11-06,https://www.sec.gov/Archives/edgar/data/886128/000110465925109262/fcel-20251106x8k.htm,https://www.sec.gov/Archives/edgar/data/886128/0001104659-25-109262-index.html
EXFY,"Expensify, Inc.",0001476840,2025-08-07,ATM,Tier-1,https://www.sec.gov/Archives/edgar/data/1476840/000147684025000114/exfy-20250807.htm,https://www.sec.gov/Archives/edgar/data/1476840/0001476840-25-000114-index.html,8-K,2025-08-07,2025-08-07,2025-08-07,0001476840-25-000114,https://www.sec.gov/Archives/edgar/data/1476840/000147684025000114/exfy-20250807.htm,https://www.sec.gov/Archives/edgar/data/1476840/000147684025000114/exfy-20250807.htm,2025-08-07,2025-08-07 16:07:44,https://www.sec.gov/Archives/edgar/data/1476840/0001476840-25-000114-index.html,Item 2.02; Item 7.01; Item 9.01,Item 2.02; Item 7.01; Item 9.01,ATM,Tier-1,https://www.sec.gov/Archives/edgar/data/1476840/000147684025000114/exfy-20250807.htm,,Tier-1,2025-08-07,https://www.sec.gov/Archives/edgar/data/1476840/000147684025000114/exfy-20250807.htm,https://www.sec.gov/Archives/edgar/data/1476840/0001476840-25-000114-index.html
FDBC,FIDELITY D & D BANCORP INC,0001098151,2025-11-03,OtherEvent,Tier-2,https://www.sec.gov/Archives/edgar/data/1098151/000143774925032964/fdbc20251031_8k.htm,https://www.sec.gov/Archives/edgar/data/1098151/0001437749-25-032964-index.html,8-K,2025-11-04,2025-11-03,2025-11-03,0001437749-25-032964,https://www.sec.gov/Archives/edgar/data/1098151/000143774925032964/fdbc20251031_8k.htm,https://www.sec.gov/Archives/edgar/data/1098151/000143774925032964/fdbc20251031_8k.htm,2025-11-03,2025-11-04 14:05:42,https://www.sec.gov/Archives/edgar/data/1098151/0001437749-25-032964-index.html,Item 8.01,Item 8.01,OtherEvent,Tier-2,https://www.sec.gov/Archives/edgar/data/1098151/000143774925032964/fdbc20251031_8k.htm,,Tier-2,2025-11-03,https://www.sec.gov/Archives/edgar/data/1098151/000143774925032964/fdbc20251031_8k.htm,https://www.sec.gov/Archives/edgar/data/1098151/0001437749-25-032964-index.html
FCEL,FUELCELL ENERGY INC,0000886128,2025-09-09,ContractAward,Tier-1,https://www.sec.gov/Archives/edgar/data/886128/000155837025011950/fcel-20250909x8k.htm,https://www.sec.gov/Archives/edgar/data/886128/0001558370-25-011950-index.html,8-K,2025-09-09,2025-09-09,2025-09-09,0001558370-25-011950,https://www.sec.gov/Archives/edgar/data/886128/000155837025011950/fcel-20250909x8k.htm,https://www.sec.gov/Archives/edgar/data/886128/000155837025011950/fcel-20250909x8k.htm,2025-09-09,2025-09-09 07:36:21,https://www.sec.gov/Archives/edgar/data/886128/0001558370-25-011950-index.html,Item 2.02; Item 7.01; Item 9.01,Item 2.02; Item 7.01; Item 9.01,ContractAward,Tier-1,https://www.sec.gov/Archives/edgar/data/886128/000155837025011950/fcel-20250909x8k.htm,,Tier-1,2025-09-09,https://www.sec.gov/Archives/edgar/data/886128/000155837025011950/fcel-20250909x8k.htm,https://www.sec.gov/Archives/edgar/data/886128/0001558370-25-011950-index.html
FDBC,FIDELITY D & D BANCORP INC,0001098151,2025-09-16,ATM,Tier-1,https://www.sec.gov/Archives/edgar/data/1098151/000143774925029374/fdbc20250911_8k.htm,https://www.sec.gov/Archives/edgar/data/1098151/0001437749-25-029374-index.html,8-K,2025-09-18,2025-09-16,2025-09-16,0001437749-25-029374,https://www.sec.gov/Archives/edgar/data/1098151/000143774925029374/fdbc20250911_8k.htm,https://www.sec.gov/Archives/edgar/data/1098151/000143774925029374/fdbc20250911_8k.htm,2025-09-16,2025-09-18 13:10:48,https://www.sec.gov/Archives/edgar/data/1098151/0001437749-25-029374-index.html,Item 5.02,Item 5.02,ATM,Tier-1,https://www.sec.gov/Archives/edgar/data/1098151/000143774925029374/fdbc20250911_8k.htm,,Tier-1,2025-09-16,https://www.sec.gov/Archives/edgar/data/1098151/000143774925029374/fdbc20250911_8k.htm,https://www.sec.gov/Archives/edgar/data/1098151/0001437749-25-029374-index.html
FCEL,FUELCELL ENERGY INC,0000886128,2025-06-06,ContractAward,Tier-1,https://www.sec.gov/Archives/edgar/data/886128/000155837025008461/fcel-20250606x8k.htm,https://www.sec.gov/Archives/edgar/data/886128/0001558370-25-008461-index.html,8-K,2025-06-06,2025-06-06,2025-06-06,0001558370-25-008461,https://www.sec.gov/Archives/edgar/data/886128/000155837025008461/fcel-20250606x8k.htm,https://www.sec.gov/Archives/edgar/data/886128/000155837025008461/fcel-20250606x8k.htm,2025-06-06,2025-06-06 07:35:19,https://www.sec.gov/Archives/edgar/data/886128/0001558370-25-008461-index.html,Item 2.02; Item 7.01; Item 9.01,Item 2.02; Item 7.01; Item 9.01,ContractAward,Tier-1,https://www.sec.gov/Archives/edgar/data/886128/000155837025008461/fcel-20250606x8k.htm,,Tier-1,2025-06-06,https://www.sec.gov/Archives/edgar/data/886128/000155837025008461/fcel-20250606x8k.htm,https://www.sec.gov/Archives/edgar/data/886128/0001558370-25-008461-index.html
FEMY,FEMASYS INC,0001339005,2025-11-10,ATM,Tier-1,https://www.sec.gov/Archives/edgar/data/1339005/000114036125041293/ef20058658_form8k.htm,https://www.sec.gov/Archives/edgar/data/1339005/0001140361-25-041293-index.html,8-K,2025-11-10,2025-11-10,2025-11-10,0001140361-25-041293,https://www.sec.gov/Archives/edgar/data/1339005/000114036125041293/ef20058658_form8k.htm,https://www.sec.gov/Archives/edgar/data/1339005/000114036125041293/ef20058658_form8k.htm,2025-11-10,2025-11-10 09:22:58,https://www.sec.gov/Archives/edgar/data/1339005/0001140361-25-041293-index.html,Item 8.01; Item 9.01,Item 8.01; Item 9.01,ATM,Tier-1,https://www.sec.gov/Archives/edgar/data/1339005/000114036125041293/ef20058658_form8k.htm,,Tier-1,2025-11-10,https://www.sec.gov/Archives/edgar/data/1339005/000114036125041293/ef20058658_form8k.htm,https://www.sec.gov/Archives/edgar/data/1339005/0001140361-25-041293-index.html
FEMY,FEMASYS INC,0001339005,2025-11-03,ATM,Tier-1,https://www.sec.gov/Archives/edgar/data/1339005/000114036125041180/ef20058459_8k.htm,https://www.sec.gov/Archives/edgar/data/1339005/0001140361-25-041180-index.html,8-K,2025-11-07,2025-11-03,2025-11-03,0001140361-25-041180,https://www.sec.gov/Archives/edgar/data/1339005/000114036125041180/ef20058459_8k.htm,https://www.sec.gov/Archives/edgar/data/1339005/000114036125041180/ef20058459_8k.htm,2025-11-03,2025-11-07 17:08:36,https://www.sec.gov/Archives/edgar/data/1339005/0001140361-25-041180-index.html,Item 1.01; Item 3.02; Item 9.01,Item 1.01; Item 3.02; Item 9.01,ATM,Tier-1,https://www.sec.gov/Archives/edgar/data/1339005/000114036125041180/ef20058459_8k.htm,,Tier-1,2025-11-03,https://www.sec.gov/Archives/edgar/data/1339005/000114036125041180/ef20058459_8k.htm,https://www.sec.gov/Archives/edgar/data/1339005/0001140361-25-041180-index.html
FEMY,FEMASYS INC,0001339005,2025-11-14,ATM,Tier-1,https://www.sec.gov/Archives/edgar/data/1339005/000114036125042304/ef20059086_8k.htm,https://www.sec.gov/Archives/edgar/data/1339005/0001140361-25-042304-index.html,8-K,2025-11-14,2025-11-14,2025-11-14,0001140361-25-042304,https://www.sec.gov/Archives/edgar/data/1339005/000114036125042304/ef20059086_8k.htm,https://www.sec.gov/Archives/edgar/data/1339005/000114036125042304/ef20059086_8k.htm,2025-11-14,2025-11-14 16:09:04,https://www.sec.gov/Archives/edgar/data/1339005/0001140361-25-042304-index.html,Item 2.02; Item 9.01,Item 2.02; Item 9.01,ATM,Tier-1,https://www.sec.gov/Archives/edgar/data/1339005/000114036125042304/ef20059086_8k.htm,,Tier-1,2025-11-14,https://www.sec.gov/Archives/edgar/data/1339005/000114036125042304/ef20059086_8k.htm,https://www.sec.gov/Archives/edgar/data/1339005/0001140361-25-042304-index.html
FDBC,FIDELITY D & D BANCORP INC,0001098151,2025-10-22,ATM,Tier-1,https://www.sec.gov/Archives/edgar/data/1098151/000143774925031479/fdbc20250819_8k.htm,https://www.sec.gov/Archives/edgar/data/1098151/0001437749-25-031479-index.html,8-K,2025-10-22,2025-10-22,2025-10-22,0001437749-25-031479,https://www.sec.gov/Archives/edgar/data/1098151/000143774925031479/fdbc20250819_8k.htm,https://www.sec.gov/Archives/edgar/data/1098151/000143774925031479/fdbc20250819_8k.htm,2025-10-22,2025-10-22 11:04:59,https://www.sec.gov/Archives/edgar/data/1098151/0001437749-25-031479-index.html,Item 2.02; Item 9.01,Item 2.02; Item 9.01,ATM,Tier-1,https://www.sec.gov/Archives/edgar/data/1098151/000143774925031479/fdbc20250819_8k.htm,,Tier-1,2025-10-22,https://www.sec.gov/Archives/edgar/data/1098151/000143774925031479/fdbc20250819_8k.htm,https://www.sec.gov/Archives/edgar/data/1098151/0001437749-25-031479-index.html
FEMY,FEMASYS INC,0001339005,2025-11-03,ATM,Tier-1,https://www.sec.gov/Archives/edgar/data/1339005/000114036125040104/ef20058162_8k.htm,https://www.sec.gov/Archives/edgar/data/1339005/0001140361-25-040104-index.html,8-K,2025-11-03,2025-11-03,2025-11-03,0001140361-25-040104,https://www.sec.gov/Archives/edgar/data/1339005/000114036125040104/ef20058162_8k.htm,https://www.sec.gov/Archives/edgar/data/1339005/000114036125040104/ef20058162_8k.htm,2025-11-03,2025-11-03 09:19:40,https://www.sec.gov/Archives/edgar/data/1339005/0001140361-25-040104-index.html,Item 8.01; Item 9.01,Item 8.01; Item 9.01,ATM,Tier-1,https://www.sec.gov/Archives/edgar/data/1339005/000114036125040104/ef20058162_8k.htm,,Tier-1,2025-11-03,https://www.sec.gov/Archives/edgar/data/1339005/000114036125040104/ef20058162_8k.htm,https://www.sec.gov/Archives/edgar/data/1339005/0001140361-25-040104-index.html
FDBC,FIDELITY D & D BANCORP INC,0001098151,2025-07-23,ATM,Tier-1,https://www.sec.gov/Archives/edgar/data/1098151/000143774925023295/fdbc20250522_8k.htm,https://www.sec.gov/Archives/edgar/data/1098151/0001437749-25-023295-index.html,8-K,2025-07-23,2025-07-23,2025-07-23,0001437749-25-023295,https://www.sec.gov/Archives/edgar/data/1098151/000143774925023295/fdbc20250522_8k.htm,https://www.sec.gov/Archives/edgar/data/1098151/000143774925023295/fdbc20250522_8k.htm,2025-07-23,2025-07-23 11:36:21,https://www.sec.gov/Archives/edgar/data/1098151/0001437749-25-023295-index.html,Item 2.02; Item 9.01,Item 2.02; Item 9.01,ATM,Tier-1,https://www.sec.gov/Archives/edgar/data/1098151/000143774925023295/fdbc20250522_8k.htm,,Tier-1,2025-07-23,https://www.sec.gov/Archives/edgar/data/1098151/000143774925023295/fdbc20250522_8k.htm,https://www.sec.gov/Archives/edgar/data/1098151/0001437749-25-023295-index.html
FEMY,FEMASYS INC,0001339005,2025-10-20,ATM,Tier-1,https://www.sec.gov/Archives/edgar/data/1339005/000114036125038733/ef20057473_8k.htm,https://www.sec.gov/Archives/edgar/data/1339005/0001140361-25-038733-index.html,8-K,2025-10-21,2025-10-20,2025-10-20,0001140361-25-038733,https://www.sec.gov/Archives/edgar/data/1339005/000114036125038733/ef20057473_8k.htm,https://www.sec.gov/Archives/edgar/data/1339005/000114036125038733/ef20057473_8k.htm,2025-10-20,2025-10-21 09:16:10,https://www.sec.gov/Archives/edgar/data/1339005/0001140361-25-038733-index.html,Item 3.01; Item 9.01,Item 3.01; Item 9.01,ATM,Tier-1,https://www.sec.gov/Archives/edgar/data/1339005/000114036125038733/ef20057473_8k.htm,,Tier-1,2025-10-20,https://www.sec.gov/Archives/edgar/data/1339005/000114036125038733/ef20057473_8k.htm,https://www.sec.gov/Archives/edgar/data/1339005/0001140361-25-038733-index.html
FEMY,FEMASYS INC,0001339005,2025-08-25,ATM,Tier-1,https://www.sec.gov/Archives/edgar/data/1339005/000114036125032806/ny20053452x9_8k.htm,https://www.sec.gov/Archives/edgar/data/1339005/0001140361-25-032806-index.html,8-K,2025-08-27,2025-08-25,2025-08-25,0001140361-25-032806,https://www.sec.gov/Archives/edgar/data/1339005/000114036125032806/ny20053452x9_8k.htm,https://www.sec.gov/Archives/edgar/data/1339005/000114036125032806/ny20053452x9_8k.htm,2025-08-25,2025-08-26 21:34:22,https://www.sec.gov/Archives/edgar/data/1339005/0001140361-25-032806-index.html,Item 1.01; Item 3.02; Item 9.01,Item 1.01; Item 3.02; Item 9.01,ATM,Tier-1,https://www.sec.gov/Archives/edgar/data/1339005/000114036125032806/ny20053452x9_8k.htm,,Tier-1,2025-08-25,https://www.sec.gov/Archives/edgar/data/1339005/000114036125032806/ny20053452x9_8k.htm,https://www.sec.gov/Archives/edgar/data/1339005/0001140361-25-032806-index.html
FEMY,FEMASYS INC,0001339005,2025-08-20,ATM,Tier-1,https://www.sec.gov/Archives/edgar/data/1339005/000114036125032014/ef20054250_8k.htm,https://www.sec.gov/Archives/edgar/data/1339005/0001140361-25-032014-index.html,8-K,2025-08-20,2025-08-20,2025-08-20,0001140361-25-032014,https://www.sec.gov/Archives/edgar/data/1339005/000114036125032014/ef20054250_8k.htm,https://www.sec.gov/Archives/edgar/data/1339005/000114036125032014/ef20054250_8k.htm,2025-08-20,2025-08-20 09:16:11,https://www.sec.gov/Archives/edgar/data/1339005/0001140361-25-032014-index.html,Item 8.01; Item 9.01,Item 8.01; Item 9.01,ATM,Tier-1,https://www.sec.gov/Archives/edgar/data/1339005/000114036125032014/ef20054250_8k.htm,,Tier-1,2025-08-20,https://www.sec.gov/Archives/edgar/data/1339005/000114036125032014/ef20054250_8k.htm,https://www.sec.gov/Archives/edgar/data/1339005/0001140361-25-032014-index.html
FEMY,FEMASYS INC,0001339005,2025-08-08,ATM,Tier-1,https://www.sec.gov/Archives/edgar/data/1339005/000114036125029860/ef20053541_8k.htm,https://www.sec.gov/Archives/edgar/data/1339005/0001140361-25-029860-index.html,8-K,2025-08-08,2025-08-08,2025-08-08,0001140361-25-029860,https://www.sec.gov/Archives/edgar/data/1339005/000114036125029860/ef20053541_8k.htm,https://www.sec.gov/Archives/edgar/data/1339005/000114036125029860/ef20053541_8k.htm,2025-08-08,2025-08-08 16:11:06,https://www.sec.gov/Archives/edgar/data/1339005/0001140361-25-029860-index.html,Item 2.02; Item 9.01,Item 2.02; Item 9.01,ATM,Tier-1,https://www.sec.gov/Archives/edgar/data/1339005/000114036125029860/ef20053541_8k.htm,,Tier-1,2025-08-08,https://www.sec.gov/Archives/edgar/data/1339005/000114036125029860/ef20053541_8k.htm,https://www.sec.gov/Archives/edgar/data/1339005/0001140361-25-029860-index.html
FEMY,FEMASYS INC,0001339005,2025-08-06,ATM,Tier-1,https://www.sec.gov/Archives/edgar/data/1339005/000114036125029065/ef20053293_8k.htm,https://www.sec.gov/Archives/edgar/data/1339005/0001140361-25-029065-index.html,8-K,2025-08-06,2025-08-06,2025-08-06,0001140361-25-029065,https://www.sec.gov/Archives/edgar/data/1339005/000114036125029065/ef20053293_8k.htm,https://www.sec.gov/Archives/edgar/data/1339005/000114036125029065/ef20053293_8k.htm,2025-08-06,2025-08-06 09:20:02,https://www.sec.gov/Archives/edgar/data/1339005/0001140361-25-029065-index.html,Item 8.01; Item 9.01,Item 8.01; Item 9.01,ATM,Tier-1,https://www.sec.gov/Archives/edgar/data/1339005/000114036125029065/ef20053293_8k.htm,,Tier-1,2025-08-06,https://www.sec.gov/Archives/edgar/data/1339005/000114036125029065/ef20053293_8k.htm,https://www.sec.gov/Archives/edgar/data/1339005/0001140361-25-029065-index.html
FF,FutureFuel Corp.,0001337298,2025-10-21,ListingChange,Tier-1,https://www.sec.gov/Archives/edgar/data/1337298/000143774925031439/ff20251021_8k.htm,https://www.sec.gov/Archives/edgar/data/1337298/0001437749-25-031439-index.html,8-K,2025-10-22,2025-10-21,2025-10-21,0001437749-25-031439,https://www.sec.gov/Archives/edgar/data/1337298/000143774925031439/ff20251021_8k.htm,https://www.sec.gov/Archives/edgar/data/1337298/000143774925031439/ff20251021_8k.htm,2025-10-21,2025-10-21 18:25:09,https://www.sec.gov/Archives/edgar/data/1337298/0001437749-25-031439-index.html,Item 8.01; Item 9.01,Item 8.01; Item 9.01,ListingChange,Tier-1,https://www.sec.gov/Archives/edgar/data/1337298/000143774925031439/ff20251021_8k.htm,,Tier-1,2025-10-21,https://www.sec.gov/Archives/edgar/data/1337298/000143774925031439/ff20251021_8k.htm,https://www.sec.gov/Archives/edgar/data/1337298/0001437749-25-031439-index.html
FF,FutureFuel Corp.,0001337298,2025-09-17,ListingChange,Tier-1,https://www.sec.gov/Archives/edgar/data/1337298/000143774925030059/ff20250929_8k.htm,https://www.sec.gov/Archives/edgar/data/1337298/0001437749-25-030059-index.html,8-K,2025-09-30,2025-09-17,2025-09-17,0001437749-25-030059,https://www.sec.gov/Archives/edgar/data/1337298/000143774925030059/ff20250929_8k.htm,https://www.sec.gov/Archives/edgar/data/1337298/000143774925030059/ff20250929_8k.htm,2025-09-17,2025-09-29 21:21:24,https://www.sec.gov/Archives/edgar/data/1337298/0001437749-25-030059-index.html,Item 5.02; Item 9.01,Item 5.02; Item 9.01,ListingChange,Tier-1,https://www.sec.gov/Archives/edgar/data/1337298/000143774925030059/ff20250929_8k.htm,,Tier-1,2025-09-17,https://www.sec.gov/Archives/edgar/data/1337298/000143774925030059/ff20250929_8k.htm,https://www.sec.gov/Archives/edgar/data/1337298/0001437749-25-030059-index.html
FF,FutureFuel Corp.,0001337298,2025-07-01,ListingChange,Tier-1,https://www.sec.gov/Archives/edgar/data/1337298/000143774925021742/ff20250701_8k.htm,https://www.sec.gov/Archives/edgar/data/1337298/0001437749-25-021742-index.html,8-K,2025-07-01,2025-07-01,2025-07-01,0001437749-25-021742,https://www.sec.gov/Archives/edgar/data/1337298/000143774925021742/ff20250701_8k.htm,https://www.sec.gov/Archives/edgar/data/1337298/000143774925021742/ff20250701_8k.htm,2025-07-01,2025-07-01 16:10:30,https://www.sec.gov/Archives/edgar/data/1337298/0001437749-25-021742-index.html,Item 8.01; Item 9.01,Item 8.01; Item 9.01,ListingChange,Tier-1,https://www.sec.gov/Archives/edgar/data/1337298/000143774925021742/ff20250701_8k.htm,,Tier-1,2025-07-01,https://www.sec.gov/Archives/edgar/data/1337298/000143774925021742/ff20250701_8k.htm,https://www.sec.gov/Archives/edgar/data/1337298/0001437749-25-021742-index.html
FF,FutureFuel Corp.,0001337298,2025-11-10,ATM,Tier-1,https://www.sec.gov/Archives/edgar/data/1337298/000143774925034099/ff20250821_8k.htm,https://www.sec.gov/Archives/edgar/data/1337298/0001437749-25-034099-index.html,8-K,2025-11-10,2025-11-10,2025-11-10,0001437749-25-034099,https://www.sec.gov/Archives/edgar/data/1337298/000143774925034099/ff20250821_8k.htm,https://www.sec.gov/Archives/edgar/data/1337298/000143774925034099/ff20250821_8k.htm,2025-11-10,2025-11-10 16:13:05,https://www.sec.gov/Archives/edgar/data/1337298/0001437749-25-034099-index.html,Item 2.02; Item 9.01,Item 2.02; Item 9.01,ATM,Tier-1,https://www.sec.gov/Archives/edgar/data/1337298/000143774925034099/ff20250821_8k.htm,,Tier-1,2025-11-10,https://www.sec.gov/Archives/edgar/data/1337298/000143774925034099/ff20250821_8k.htm,https://www.sec.gov/Archives/edgar/data/1337298/0001437749-25-034099-index.html
FF,FutureFuel Corp.,0001337298,2025-06-17,FDA,Tier-1,https://www.sec.gov/Archives/edgar/data/1337298/000143774925020694/ff20250617_8k.htm,https://www.sec.gov/Archives/edgar/data/1337298/0001437749-25-020694-index.html,8-K,2025-06-17,2025-06-17,2025-06-17,0001437749-25-020694,https://www.sec.gov/Archives/edgar/data/1337298/000143774925020694/ff20250617_8k.htm,https://www.sec.gov/Archives/edgar/data/1337298/000143774925020694/ff20250617_8k.htm,2025-06-17,2025-06-17 17:02:49,https://www.sec.gov/Archives/edgar/data/1337298/0001437749-25-020694-index.html,Item 8.01; Item 9.01,Item 8.01; Item 9.01,FDA,Tier-1,https://www.sec.gov/Archives/edgar/data/1337298/000143774925020694/ff20250617_8k.htm,,Tier-1,2025-06-17,https://www.sec.gov/Archives/edgar/data/1337298/000143774925020694/ff20250617_8k.htm,https://www.sec.gov/Archives/edgar/data/1337298/0001437749-25-020694-index.html
FGBI,"First Guaranty Bancshares, Inc.",0001408534,2025-11-14,ATM,Tier-1,https://www.sec.gov/Archives/edgar/data/1408534/000140853425000090/fgbi-20251114.htm,https://www.sec.gov/Archives/edgar/data/1408534/0001408534-25-000090-index.html,8-K,2025-11-14,2025-11-14,2025-11-14,0001408534-25-000090,https://www.sec.gov/Archives/edgar/data/1408534/000140853425000090/fgbi-20251114.htm,https://www.sec.gov/Archives/edgar/data/1408534/000140853425000090/fgbi-20251114.htm,2025-11-14,2025-11-14 16:30:29,https://www.sec.gov/Archives/edgar/data/1408534/0001408534-25-000090-index.html,Item 2.02; Item 9.01,Item 2.02; Item 9.01,ATM,Tier-1,https://www.sec.gov/Archives/edgar/data/1408534/000140853425000090/fgbi-20251114.htm,,Tier-1,2025-11-14,https://www.sec.gov/Archives/edgar/data/1408534/000140853425000090/fgbi-20251114.htm,https://www.sec.gov/Archives/edgar/data/1408534/0001408534-25-000090-index.html
FF,FutureFuel Corp.,0001337298,2025-08-11,ATM,Tier-1,https://www.sec.gov/Archives/edgar/data/1337298/000143774925025924/ff20250529_8k.htm,https://www.sec.gov/Archives/edgar/data/1337298/0001437749-25-025924-index.html,8-K,2025-08-11,2025-08-11,2025-08-11,0001437749-25-025924,https://www.sec.gov/Archives/edgar/data/1337298/000143774925025924/ff20250529_8k.htm,https://www.sec.gov/Archives/edgar/data/1337298/000143774925025924/ff20250529_8k.htm,2025-08-11,2025-08-11 16:06:42,https://www.sec.gov/Archives/edgar/data/1337298/0001437749-25-025924-index.html,Item 2.02; Item 9.01,Item 2.02; Item 9.01,ATM,Tier-1,https://www.sec.gov/Archives/edgar/data/1337298/000143774925025924/ff20250529_8k.htm,,Tier-1,2025-08-11,https://www.sec.gov/Archives/edgar/data/1337298/000143774925025924/ff20250529_8k.htm,https://www.sec.gov/Archives/edgar/data/1337298/0001437749-25-025924-index.html
FGBI,"First Guaranty Bancshares, Inc.",0001408534,2025-08-25,ATM,Tier-1,https://www.sec.gov/Archives/edgar/data/1408534/000140853425000073/fgbi-20250825.htm,https://www.sec.gov/Archives/edgar/data/1408534/0001408534-25-000073-index.html,8-K,2025-08-25,2025-08-25,2025-08-25,0001408534-25-000073,https://www.sec.gov/Archives/edgar/data/1408534/000140853425000073/fgbi-20250825.htm,https://www.sec.gov/Archives/edgar/data/1408534/000140853425000073/fgbi-20250825.htm,2025-08-25,2025-08-25 16:30:42,https://www.sec.gov/Archives/edgar/data/1408534/0001408534-25-000073-index.html,Item 2.02; Item 9.01,Item 2.02; Item 9.01,ATM,Tier-1,https://www.sec.gov/Archives/edgar/data/1408534/000140853425000073/fgbi-20250825.htm,,Tier-1,2025-08-25,https://www.sec.gov/Archives/edgar/data/1408534/000140853425000073/fgbi-20250825.htm,https://www.sec.gov/Archives/edgar/data/1408534/0001408534-25-000073-index.html
FGBI,"First Guaranty Bancshares, Inc.",0001408534,2025-10-31,ATM,Tier-1,https://www.sec.gov/Archives/edgar/data/1408534/000140853425000084/fgbi-20251031.htm,https://www.sec.gov/Archives/edgar/data/1408534/0001408534-25-000084-index.html,8-K,2025-10-31,2025-10-31,2025-10-31,0001408534-25-000084,https://www.sec.gov/Archives/edgar/data/1408534/000140853425000084/fgbi-20251031.htm,https://www.sec.gov/Archives/edgar/data/1408534/000140853425000084/fgbi-20251031.htm,2025-10-31,2025-10-31 09:17:36,https://www.sec.gov/Archives/edgar/data/1408534/0001408534-25-000084-index.html,Item 2.02; Item 9.01,Item 2.02; Item 9.01,ATM,Tier-1,https://www.sec.gov/Archives/edgar/data/1408534/000140853425000084/fgbi-20251031.htm,,Tier-1,2025-10-31,https://www.sec.gov/Archives/edgar/data/1408534/000140853425000084/fgbi-20251031.htm,https://www.sec.gov/Archives/edgar/data/1408534/0001408534-25-000084-index.html
FGBI,"First Guaranty Bancshares, Inc.",0001408534,2025-06-16,ATM,Tier-1,https://www.sec.gov/Archives/edgar/data/1408534/000140853425000049/fgbi-20250616.htm,https://www.sec.gov/Archives/edgar/data/1408534/0001408534-25-000049-index.html,8-K,2025-06-18,2025-06-16,2025-06-16,0001408534-25-000049,https://www.sec.gov/Archives/edgar/data/1408534/000140853425000049/fgbi-20250616.htm,https://www.sec.gov/Archives/edgar/data/1408534/000140853425000049/fgbi-20250616.htm,2025-06-16,2025-06-18 17:25:14,https://www.sec.gov/Archives/edgar/data/1408534/0001408534-25-000049-index.html,Item 1.01,Item 1.01,ATM,Tier-1,https://www.sec.gov/Archives/edgar/data/1408534/000140853425000049/fgbi-20250616.htm,,Tier-1,2025-06-16,https://www.sec.gov/Archives/edgar/data/1408534/000140853425000049/fgbi-20250616.htm,https://www.sec.gov/Archives/edgar/data/1408534/0001408534-25-000049-index.html
FGBI,"First Guaranty Bancshares, Inc.",0001408534,2025-07-31,ATM,Tier-1,https://www.sec.gov/Archives/edgar/data/1408534/000140853425000063/fgbi-20250731.htm,https://www.sec.gov/Archives/edgar/data/1408534/0001408534-25-000063-index.html,8-K,2025-08-01,2025-07-31,2025-07-31,0001408534-25-000063,https://www.sec.gov/Archives/edgar/data/1408534/000140853425000063/fgbi-20250731.htm,https://www.sec.gov/Archives/edgar/data/1408534/000140853425000063/fgbi-20250731.htm,2025-07-31,2025-07-31 17:49:43,https://www.sec.gov/Archives/edgar/data/1408534/0001408534-25-000063-index.html,Item 2.02; Item 9.01,Item 2.02; Item 9.01,ATM,Tier-1,https://www.sec.gov/Archives/edgar/data/1408534/000140853425000063/fgbi-20250731.htm,,Tier-1,2025-07-31,https://www.sec.gov/Archives/edgar/data/1408534/000140853425000063/fgbi-20250731.htm,https://www.sec.gov/Archives/edgar/data/1408534/0001408534-25-000063-index.html
FGMC,FG Merger II Corp.,0001906364,2025-11-03,ATM,Tier-1,https://www.sec.gov/Archives/edgar/data/1906364/000110465925105936/tm2530117d1_8k.htm,https://www.sec.gov/Archives/edgar/data/1906364/0001104659-25-105936-index.html,8-K,2025-11-04,2025-11-03,2025-11-03,0001104659-25-105936,https://www.sec.gov/Archives/edgar/data/1906364/000110465925105936/tm2530117d1_8k.htm,https://www.sec.gov/Archives/edgar/data/1906364/000110465925105936/tm2530117d1_8k.htm,2025-11-03,2025-11-04 08:00:35,https://www.sec.gov/Archives/edgar/data/1906364/0001104659-25-105936-index.html,Item 7.01,Item 7.01,ATM,Tier-1,https://www.sec.gov/Archives/edgar/data/1906364/000110465925105936/tm2530117d1_8k.htm,,Tier-1,2025-11-03,https://www.sec.gov/Archives/edgar/data/1906364/000110465925105936/tm2530117d1_8k.htm,https://www.sec.gov/Archives/edgar/data/1906364/0001104659-25-105936-index.html
FGMC,FG Merger II Corp.,0001906364,2025-08-22,ATM,Tier-1,https://www.sec.gov/Archives/edgar/data/1906364/000110465925081877/tm2524123d1_8k.htm,https://www.sec.gov/Archives/edgar/data/1906364/0001104659-25-081877-index.html,8-K,2025-08-22,2025-08-22,2025-08-22,0001104659-25-081877,https://www.sec.gov/Archives/edgar/data/1906364/000110465925081877/tm2524123d1_8k.htm,https://www.sec.gov/Archives/edgar/data/1906364/000110465925081877/tm2524123d1_8k.htm,2025-08-22,2025-08-22 16:06:49,https://www.sec.gov/Archives/edgar/data/1906364/0001104659-25-081877-index.html,Item 7.01; Item 9.01,Item 7.01; Item 9.01,ATM,Tier-1,https://www.sec.gov/Archives/edgar/data/1906364/000110465925081877/tm2524123d1_8k.htm,,Tier-1,2025-08-22,https://www.sec.gov/Archives/edgar/data/1906364/000110465925081877/tm2524123d1_8k.htm,https://www.sec.gov/Archives/edgar/data/1906364/0001104659-25-081877-index.html
FGBI,"First Guaranty Bancshares, Inc.",0001408534,2025-07-31,ATM,Tier-1,https://www.sec.gov/Archives/edgar/data/1408534/000140853425000069/fgbi-20250731.htm,https://www.sec.gov/Archives/edgar/data/1408534/0001408534-25-000069-index.html,8-K/A,2025-08-18,2025-07-31,2025-07-31,0001408534-25-000069,https://www.sec.gov/Archives/edgar/data/1408534/000140853425000069/fgbi-20250731.htm,https://www.sec.gov/Archives/edgar/data/1408534/000140853425000069/fgbi-20250731.htm,2025-07-31,2025-08-18 13:20:28,https://www.sec.gov/Archives/edgar/data/1408534/0001408534-25-000069-index.html,Item 2.02,Item 2.02,ATM,Tier-1,https://www.sec.gov/Archives/edgar/data/1408534/000140853425000069/fgbi-20250731.htm,,Tier-1,2025-07-31,https://www.sec.gov/Archives/edgar/data/1408534/000140853425000069/fgbi-20250731.htm,https://www.sec.gov/Archives/edgar/data/1408534/0001408534-25-000069-index.html
FLUX,"Flux Power Holdings, Inc.",0001083743,2025-11-17,ATM,Tier-1,https://www.sec.gov/Archives/edgar/data/1083743/000149315225023900/form8-k.htm,https://www.sec.gov/Archives/edgar/data/1083743/0001493152-25-023900-index.html,8-K,2025-11-17,2025-11-17,2025-11-17,0001493152-25-023900,https://www.sec.gov/Archives/edgar/data/1083743/000149315225023900/form8-k.htm,https://www.sec.gov/Archives/edgar/data/1083743/000149315225023900/form8-k.htm,2025-11-17,2025-11-17 16:45:24,https://www.sec.gov/Archives/edgar/data/1083743/0001493152-25-023900-index.html,Item 8.01,Item 8.01,ATM,Tier-1,https://www.sec.gov/Archives/edgar/data/1083743/000149315225023900/form8-k.htm,,Tier-1,2025-11-17,https://www.sec.gov/Archives/edgar/data/1083743/000149315225023900/form8-k.htm,https://www.sec.gov/Archives/edgar/data/1083743/0001493152-25-023900-index.html
FGMC,FG Merger II Corp.,0001906364,2025-08-04,ATM,Tier-1,https://www.sec.gov/Archives/edgar/data/1906364/000110465925073952/tm2522561d1_8k.htm,https://www.sec.gov/Archives/edgar/data/1906364/0001104659-25-073952-index.html,8-K,2025-08-05,2025-08-04,2025-08-04,0001104659-25-073952,https://www.sec.gov/Archives/edgar/data/1906364/000110465925073952/tm2522561d1_8k.htm,https://www.sec.gov/Archives/edgar/data/1906364/000110465925073952/tm2522561d1_8k.htm,2025-08-04,2025-08-05 08:06:14,https://www.sec.gov/Archives/edgar/data/1906364/0001104659-25-073952-index.html,Item 1.01; Item 7.01; Item 9.01,Item 1.01; Item 7.01; Item 9.01,ATM,Tier-1,https://www.sec.gov/Archives/edgar/data/1906364/000110465925073952/tm2522561d1_8k.htm,,Tier-1,2025-08-04,https://www.sec.gov/Archives/edgar/data/1906364/000110465925073952/tm2522561d1_8k.htm,https://www.sec.gov/Archives/edgar/data/1906364/0001104659-25-073952-index.html
FLUX,"Flux Power Holdings, Inc.",0001083743,2025-11-13,ATM,Tier-1,https://www.sec.gov/Archives/edgar/data/1083743/000149315225022337/form8-k.htm,https://www.sec.gov/Archives/edgar/data/1083743/0001493152-25-022337-index.html,8-K,2025-11-13,2025-11-13,2025-11-13,0001493152-25-022337,https://www.sec.gov/Archives/edgar/data/1083743/000149315225022337/form8-k.htm,https://www.sec.gov/Archives/edgar/data/1083743/000149315225022337/form8-k.htm,2025-11-13,2025-11-13 16:26:48,https://www.sec.gov/Archives/edgar/data/1083743/0001493152-25-022337-index.html,Item 2.02; Item 9.01,Item 2.02; Item 9.01,ATM,Tier-1,https://www.sec.gov/Archives/edgar/data/1083743/000149315225022337/form8-k.htm,,Tier-1,2025-11-13,https://www.sec.gov/Archives/edgar/data/1083743/000149315225022337/form8-k.htm,https://www.sec.gov/Archives/edgar/data/1083743/0001493152-25-022337-index.html
FLUX,"Flux Power Holdings, Inc.",0001083743,2025-09-15,ATM,Tier-1,https://www.sec.gov/Archives/edgar/data/1083743/000149315225013636/form8-k.htm,https://www.sec.gov/Archives/edgar/data/1083743/0001493152-25-013636-index.html,8-K,2025-09-16,2025-09-15,2025-09-15,0001493152-25-013636,https://www.sec.gov/Archives/edgar/data/1083743/000149315225013636/form8-k.htm,https://www.sec.gov/Archives/edgar/data/1083743/000149315225013636/form8-k.htm,2025-09-15,2025-09-16 08:35:26,https://www.sec.gov/Archives/edgar/data/1083743/0001493152-25-013636-index.html,Item 1.01; Item 1.02; Item 3.02; Item 7.01; Item 9.01,Item 1.01; Item 1.02; Item 3.02; Item 7.01; Item 9.01,ATM,Tier-1,https://www.sec.gov/Archives/edgar/data/1083743/000149315225013636/form8-k.htm,,Tier-1,2025-09-15,https://www.sec.gov/Archives/edgar/data/1083743/000149315225013636/form8-k.htm,https://www.sec.gov/Archives/edgar/data/1083743/0001493152-25-013636-index.html
FLUX,"Flux Power Holdings, Inc.",0001083743,2025-09-16,ATM,Tier-1,https://www.sec.gov/Archives/edgar/data/1083743/000149315225013712/form8-k.htm,https://www.sec.gov/Archives/edgar/data/1083743/0001493152-25-013712-index.html,8-K,2025-09-16,2025-09-16,2025-09-16,0001493152-25-013712,https://www.sec.gov/Archives/edgar/data/1083743/000149315225013712/form8-k.htm,https://www.sec.gov/Archives/edgar/data/1083743/000149315225013712/form8-k.htm,2025-09-16,2025-09-16 16:16:38,https://www.sec.gov/Archives/edgar/data/1083743/0001493152-25-013712-index.html,Item 2.02; Item 7.01; Item 9.01,Item 2.02; Item 7.01; Item 9.01,ATM,Tier-1,https://www.sec.gov/Archives/edgar/data/1083743/000149315225013712/form8-k.htm,,Tier-1,2025-09-16,https://www.sec.gov/Archives/edgar/data/1083743/000149315225013712/form8-k.htm,https://www.sec.gov/Archives/edgar/data/1083743/0001493152-25-013712-index.html
FLUX,"Flux Power Holdings, Inc.",0001083743,2025-09-10,ATM,Tier-1,https://www.sec.gov/Archives/edgar/data/1083743/000149315225013478/form8-k.htm,https://www.sec.gov/Archives/edgar/data/1083743/0001493152-25-013478-index.html,8-K,2025-09-15,2025-09-10,2025-09-10,0001493152-25-013478,https://www.sec.gov/Archives/edgar/data/1083743/000149315225013478/form8-k.htm,https://www.sec.gov/Archives/edgar/data/1083743/000149315225013478/form8-k.htm,2025-09-10,2025-09-15 16:17:56,https://www.sec.gov/Archives/edgar/data/1083743/0001493152-25-013478-index.html,Item 3.03; Item 5.03; Item 9.01,Item 3.03; Item 5.03; Item 9.01,ATM,Tier-1,https://www.sec.gov/Archives/edgar/data/1083743/000149315225013478/form8-k.htm,,Tier-1,2025-09-10,https://www.sec.gov/Archives/edgar/data/1083743/000149315225013478/form8-k.htm,https://www.sec.gov/Archives/edgar/data/1083743/0001493152-25-013478-index.html
FLUX,"Flux Power Holdings, Inc.",0001083743,2025-08-29,ATM,Tier-1,https://www.sec.gov/Archives/edgar/data/1083743/000164117225026233/form8-k.htm,https://www.sec.gov/Archives/edgar/data/1083743/0001641172-25-026233-index.html,8-K,2025-09-02,2025-08-29,2025-08-29,0001641172-25-026233,https://www.sec.gov/Archives/edgar/data/1083743/000164117225026233/form8-k.htm,https://www.sec.gov/Archives/edgar/data/1083743/000164117225026233/form8-k.htm,2025-08-29,2025-09-02 17:17:54,https://www.sec.gov/Archives/edgar/data/1083743/0001641172-25-026233-index.html,Item 5.07,Item 5.07,ATM,Tier-1,https://www.sec.gov/Archives/edgar/data/1083743/000164117225026233/form8-k.htm,,Tier-1,2025-08-29,https://www.sec.gov/Archives/edgar/data/1083743/000164117225026233/form8-k.htm,https://www.sec.gov/Archives/edgar/data/1083743/0001641172-25-026233-index.html
FNGR,"FingerMotion, Inc.",0001602409,2025-11-14,ATM,Tier-1,https://www.sec.gov/Archives/edgar/data/1602409/000152013825000362/fngr-20251117_8k.htm,https://www.sec.gov/Archives/edgar/data/1602409/0001520138-25-000362-index.html,8-K,2025-11-17,2025-11-14,2025-11-14,0001520138-25-000362,https://www.sec.gov/Archives/edgar/data/1602409/000152013825000362/fngr-20251117_8k.htm,https://www.sec.gov/Archives/edgar/data/1602409/000152013825000362/fngr-20251117_8k.htm,2025-11-14,2025-11-17 17:08:27,https://www.sec.gov/Archives/edgar/data/1602409/0001520138-25-000362-index.html,Item 7.01,Item 7.01,ATM,Tier-1,https://www.sec.gov/Archives/edgar/data/1602409/000152013825000362/fngr-20251117_8k.htm,,Tier-1,2025-11-14,https://www.sec.gov/Archives/edgar/data/1602409/000152013825000362/fngr-20251117_8k.htm,https://www.sec.gov/Archives/edgar/data/1602409/0001520138-25-000362-index.html
FNGR,"FingerMotion, Inc.",0001602409,2025-10-21,ATM,Tier-1,https://www.sec.gov/Archives/edgar/data/1602409/000152013825000324/fngr-20251024_8k.htm,https://www.sec.gov/Archives/edgar/data/1602409/0001520138-25-000324-index.html,8-K,2025-10-24,2025-10-21,2025-10-21,0001520138-25-000324,https://www.sec.gov/Archives/edgar/data/1602409/000152013825000324/fngr-20251024_8k.htm,https://www.sec.gov/Archives/edgar/data/1602409/000152013825000324/fngr-20251024_8k.htm,2025-10-21,2025-10-24 16:23:35,https://www.sec.gov/Archives/edgar/data/1602409/0001520138-25-000324-index.html,Item 3.02,Item 3.02,ATM,Tier-1,https://www.sec.gov/Archives/edgar/data/1602409/000152013825000324/fngr-20251024_8k.htm,,Tier-1,2025-10-21,https://www.sec.gov/Archives/edgar/data/1602409/000152013825000324/fngr-20251024_8k.htm,https://www.sec.gov/Archives/edgar/data/1602409/0001520138-25-000324-index.html
FNGR,"FingerMotion, Inc.",0001602409,2025-10-23,ATM,Tier-1,https://www.sec.gov/Archives/edgar/data/1602409/000152013825000316/fngr-20251023_8k.htm,https://www.sec.gov/Archives/edgar/data/1602409/0001520138-25-000316-index.html,8-K,2025-10-23,2025-10-23,2025-10-23,0001520138-25-000316,https://www.sec.gov/Archives/edgar/data/1602409/000152013825000316/fngr-20251023_8k.htm,https://www.sec.gov/Archives/edgar/data/1602409/000152013825000316/fngr-20251023_8k.htm,2025-10-23,2025-10-23 08:56:38,https://www.sec.gov/Archives/edgar/data/1602409/0001520138-25-000316-index.html,Item 1.01,Item 1.01,ATM,Tier-1,https://www.sec.gov/Archives/edgar/data/1602409/000152013825000316/fngr-20251023_8k.htm,,Tier-1,2025-10-23,https://www.sec.gov/Archives/edgar/data/1602409/000152013825000316/fngr-20251023_8k.htm,https://www.sec.gov/Archives/edgar/data/1602409/0001520138-25-000316-index.html
FNGR,"FingerMotion, Inc.",0001602409,2025-10-15,ContractAward,Tier-1,https://www.sec.gov/Archives/edgar/data/1602409/000152013825000309/fngr-20251015_8k.htm,https://www.sec.gov/Archives/edgar/data/1602409/0001520138-25-000309-index.html,8-K,2025-10-15,2025-10-15,2025-10-15,0001520138-25-000309,https://www.sec.gov/Archives/edgar/data/1602409/000152013825000309/fngr-20251015_8k.htm,https://www.sec.gov/Archives/edgar/data/1602409/000152013825000309/fngr-20251015_8k.htm,2025-10-15,2025-10-15 16:30:32,https://www.sec.gov/Archives/edgar/data/1602409/0001520138-25-000309-index.html,Item 2.02; Item 7.01; Item 9.01,Item 2.02; Item 7.01; Item 9.01,ContractAward,Tier-1,https://www.sec.gov/Archives/edgar/data/1602409/000152013825000309/fngr-20251015_8k.htm,,Tier-1,2025-10-15,https://www.sec.gov/Archives/edgar/data/1602409/000152013825000309/fngr-20251015_8k.htm,https://www.sec.gov/Archives/edgar/data/1602409/0001520138-25-000309-index.html
FNGR,"FingerMotion, Inc.",0001602409,2025-09-30,Financing,Tier-1,https://www.sec.gov/Archives/edgar/data/1602409/000152013825000296/fngr-20251006_8k.htm,https://www.sec.gov/Archives/edgar/data/1602409/0001520138-25-000296-index.html,8-K,2025-10-06,2025-09-30,2025-09-30,0001520138-25-000296,https://www.sec.gov/Archives/edgar/data/1602409/000152013825000296/fngr-20251006_8k.htm,https://www.sec.gov/Archives/edgar/data/1602409/000152013825000296/fngr-20251006_8k.htm,2025-09-30,2025-10-06 16:30:43,https://www.sec.gov/Archives/edgar/data/1602409/0001520138-25-000296-index.html,Item 1.01; Item 2.01; Item 3.02,Item 1.01; Item 2.01; Item 3.02,Financing,Tier-1,https://www.sec.gov/Archives/edgar/data/1602409/000152013825000296/fngr-20251006_8k.htm,,Tier-1,2025-09-30,https://www.sec.gov/Archives/edgar/data/1602409/000152013825000296/fngr-20251006_8k.htm,https://www.sec.gov/Archives/edgar/data/1602409/0001520138-25-000296-index.html
FLWS,1 800 FLOWERS COM INC,0001084869,2025-10-30,ATM,Tier-1,https://www.sec.gov/Archives/edgar/data/1084869/000143774925032283/flws20251029_8k.htm,https://www.sec.gov/Archives/edgar/data/1084869/0001437749-25-032283-index.html,8-K,2025-10-30,2025-10-30,2025-10-30,0001437749-25-032283,https://www.sec.gov/Archives/edgar/data/1084869/000143774925032283/flws20251029_8k.htm,https://www.sec.gov/Archives/edgar/data/1084869/000143774925032283/flws20251029_8k.htm,2025-10-30,2025-10-30 07:19:05,https://www.sec.gov/Archives/edgar/data/1084869/0001437749-25-032283-index.html,Item 2.02; Item 9.01,Item 2.02; Item 9.01,ATM,Tier-1,https://www.sec.gov/Archives/edgar/data/1084869/000143774925032283/flws20251029_8k.htm,,Tier-1,2025-10-30,https://www.sec.gov/Archives/edgar/data/1084869/000143774925032283/flws20251029_8k.htm,https://www.sec.gov/Archives/edgar/data/1084869/0001437749-25-032283-index.html
FNGR,"FingerMotion, Inc.",0001602409,2025-08-14,ContractAward,Tier-1,https://www.sec.gov/Archives/edgar/data/1602409/000152013825000254/fngr-20250814_8k.htm,https://www.sec.gov/Archives/edgar/data/1602409/0001520138-25-000254-index.html,8-K,2025-08-14,2025-08-14,2025-08-14,0001520138-25-000254,https://www.sec.gov/Archives/edgar/data/1602409/000152013825000254/fngr-20250814_8k.htm,https://www.sec.gov/Archives/edgar/data/1602409/000152013825000254/fngr-20250814_8k.htm,2025-08-14,2025-08-14 16:35:42,https://www.sec.gov/Archives/edgar/data/1602409/0001520138-25-000254-index.html,Item 7.01,Item 7.01,ContractAward,Tier-1,https://www.sec.gov/Archives/edgar/data/1602409/000152013825000254/fngr-20250814_8k.htm,,Tier-1,2025-08-14,https://www.sec.gov/Archives/edgar/data/1602409/000152013825000254/fngr-20250814_8k.htm,https://www.sec.gov/Archives/edgar/data/1602409/0001520138-25-000254-index.html
FNGR,"FingerMotion, Inc.",0001602409,2025-07-16,ContractAward,Tier-1,https://www.sec.gov/Archives/edgar/data/1602409/000152013825000213/fngr-20250716_8k.htm,https://www.sec.gov/Archives/edgar/data/1602409/0001520138-25-000213-index.html,8-K,2025-07-16,2025-07-16,2025-07-16,0001520138-25-000213,https://www.sec.gov/Archives/edgar/data/1602409/000152013825000213/fngr-20250716_8k.htm,https://www.sec.gov/Archives/edgar/data/1602409/000152013825000213/fngr-20250716_8k.htm,2025-07-16,2025-07-16 16:16:07,https://www.sec.gov/Archives/edgar/data/1602409/0001520138-25-000213-index.html,Item 2.02; Item 7.01; Item 9.01,Item 2.02; Item 7.01; Item 9.01,ContractAward,Tier-1,https://www.sec.gov/Archives/edgar/data/1602409/000152013825000213/fngr-20250716_8k.htm,,Tier-1,2025-07-16,https://www.sec.gov/Archives/edgar/data/1602409/000152013825000213/fngr-20250716_8k.htm,https://www.sec.gov/Archives/edgar/data/1602409/0001520138-25-000213-index.html
FNGR,"FingerMotion, Inc.",0001602409,2025-06-16,ContractAward,Tier-1,https://www.sec.gov/Archives/edgar/data/1602409/000152013825000178/fngr-20250616_8k.htm,https://www.sec.gov/Archives/edgar/data/1602409/0001520138-25-000178-index.html,8-K,2025-06-16,2025-06-16,2025-06-16,0001520138-25-000178,https://www.sec.gov/Archives/edgar/data/1602409/000152013825000178/fngr-20250616_8k.htm,https://www.sec.gov/Archives/edgar/data/1602409/000152013825000178/fngr-20250616_8k.htm,2025-06-16,2025-06-16 17:07:38,https://www.sec.gov/Archives/edgar/data/1602409/0001520138-25-000178-index.html,Item 7.01,Item 7.01,ContractAward,Tier-1,https://www.sec.gov/Archives/edgar/data/1602409/000152013825000178/fngr-20250616_8k.htm,,Tier-1,2025-06-16,https://www.sec.gov/Archives/edgar/data/1602409/000152013825000178/fngr-20250616_8k.htm,https://www.sec.gov/Archives/edgar/data/1602409/0001520138-25-000178-index.html
FLWS,1 800 FLOWERS COM INC,0001084869,2025-09-04,ATM,Tier-1,https://www.sec.gov/Archives/edgar/data/1084869/000143774925028327/flws20250903_8k.htm,https://www.sec.gov/Archives/edgar/data/1084869/0001437749-25-028327-index.html,8-K,2025-09-04,2025-09-04,2025-09-04,0001437749-25-028327,https://www.sec.gov/Archives/edgar/data/1084869/000143774925028327/flws20250903_8k.htm,https://www.sec.gov/Archives/edgar/data/1084869/000143774925028327/flws20250903_8k.htm,2025-09-04,2025-09-04 07:14:59,https://www.sec.gov/Archives/edgar/data/1084869/0001437749-25-028327-index.html,Item 2.02; Item 9.01,Item 2.02; Item 9.01,ATM,Tier-1,https://www.sec.gov/Archives/edgar/data/1084869/000143774925028327/flws20250903_8k.htm,,Tier-1,2025-09-04,https://www.sec.gov/Archives/edgar/data/1084869/000143774925028327/flws20250903_8k.htm,https://www.sec.gov/Archives/edgar/data/1084869/0001437749-25-028327-index.html
FNGR,"FingerMotion, Inc.",0001602409,2025-06-09,ContractAward,Tier-1,https://www.sec.gov/Archives/edgar/data/1602409/000152013825000174/fngr-20250609_8k.htm,https://www.sec.gov/Archives/edgar/data/1602409/0001520138-25-000174-index.html,8-K,2025-06-09,2025-06-09,2025-06-09,0001520138-25-000174,https://www.sec.gov/Archives/edgar/data/1602409/000152013825000174/fngr-20250609_8k.htm,https://www.sec.gov/Archives/edgar/data/1602409/000152013825000174/fngr-20250609_8k.htm,2025-06-09,2025-06-09 16:15:41,https://www.sec.gov/Archives/edgar/data/1602409/0001520138-25-000174-index.html,Item 7.01,Item 7.01,ContractAward,Tier-1,https://www.sec.gov/Archives/edgar/data/1602409/000152013825000174/fngr-20250609_8k.htm,,Tier-1,2025-06-09,https://www.sec.gov/Archives/edgar/data/1602409/000152013825000174/fngr-20250609_8k.htm,https://www.sec.gov/Archives/edgar/data/1602409/0001520138-25-000174-index.html
FNKO,"Funko, Inc.",0001704711,2025-08-14,ATM,Tier-1,https://www.sec.gov/Archives/edgar/data/1704711/000119312525181846/d941176d8k.htm,https://www.sec.gov/Archives/edgar/data/1704711/0001193125-25-181846-index.html,8-K,2025-08-15,2025-08-14,2025-08-14,0001193125-25-181846,https://www.sec.gov/Archives/edgar/data/1704711/000119312525181846/d941176d8k.htm,https://www.sec.gov/Archives/edgar/data/1704711/000119312525181846/d941176d8k.htm,2025-08-14,2025-08-15 16:05:14,https://www.sec.gov/Archives/edgar/data/1704711/0001193125-25-181846-index.html,Item 1.01; Item 9.01,Item 1.01; Item 9.01,ATM,Tier-1,https://www.sec.gov/Archives/edgar/data/1704711/000119312525181846/d941176d8k.htm,,Tier-1,2025-08-14,https://www.sec.gov/Archives/edgar/data/1704711/000119312525181846/d941176d8k.htm,https://www.sec.gov/Archives/edgar/data/1704711/0001193125-25-181846-index.html
FNKO,"Funko, Inc.",0001704711,2025-11-06,ATM,Tier-1,https://www.sec.gov/Archives/edgar/data/1704711/000170471125000134/fnko-20251106.htm,https://www.sec.gov/Archives/edgar/data/1704711/0001704711-25-000134-index.html,8-K,2025-11-06,2025-11-06,2025-11-06,0001704711-25-000134,https://www.sec.gov/Archives/edgar/data/1704711/000170471125000134/fnko-20251106.htm,https://www.sec.gov/Archives/edgar/data/1704711/000170471125000134/fnko-20251106.htm,2025-11-06,2025-11-06 16:25:13,https://www.sec.gov/Archives/edgar/data/1704711/0001704711-25-000134-index.html,Item 2.02; Item 7.01; Item 9.01,Item 2.02; Item 7.01; Item 9.01,ATM,Tier-1,https://www.sec.gov/Archives/edgar/data/1704711/000170471125000134/fnko-20251106.htm,,Tier-1,2025-11-06,https://www.sec.gov/Archives/edgar/data/1704711/000170471125000134/fnko-20251106.htm,https://www.sec.gov/Archives/edgar/data/1704711/0001704711-25-000134-index.html
FNKO,"Funko, Inc.",0001704711,2025-08-07,ATM,Tier-1,https://www.sec.gov/Archives/edgar/data/1704711/000170471125000118/fnko-20250807.htm,https://www.sec.gov/Archives/edgar/data/1704711/0001704711-25-000118-index.html,8-K,2025-08-07,2025-08-07,2025-08-07,0001704711-25-000118,https://www.sec.gov/Archives/edgar/data/1704711/000170471125000118/fnko-20250807.htm,https://www.sec.gov/Archives/edgar/data/1704711/000170471125000118/fnko-20250807.htm,2025-08-07,2025-08-07 16:11:01,https://www.sec.gov/Archives/edgar/data/1704711/0001704711-25-000118-index.html,Item 2.02; Item 7.01; Item 9.01,Item 2.02; Item 7.01; Item 9.01,ATM,Tier-1,https://www.sec.gov/Archives/edgar/data/1704711/000170471125000118/fnko-20250807.htm,,Tier-1,2025-08-07,https://www.sec.gov/Archives/edgar/data/1704711/000170471125000118/fnko-20250807.htm,https://www.sec.gov/Archives/edgar/data/1704711/0001704711-25-000118-index.html
FRAF,FRANKLIN FINANCIAL SERVICES CORP /PA/,0000723646,2025-11-12,ATM,Tier-1,https://www.sec.gov/Archives/edgar/data/723646/000072364625000083/fraf-20251112x8k.htm,https://www.sec.gov/Archives/edgar/data/723646/0000723646-25-000083-index.html,8-K,2025-11-12,2025-11-12,2025-11-12,0000723646-25-000083,https://www.sec.gov/Archives/edgar/data/723646/000072364625000083/fraf-20251112x8k.htm,https://www.sec.gov/Archives/edgar/data/723646/000072364625000083/fraf-20251112x8k.htm,2025-11-12,2025-11-12 16:07:53,https://www.sec.gov/Archives/edgar/data/723646/0000723646-25-000083-index.html,Item 7.01; Item 9.01,Item 7.01; Item 9.01,ATM,Tier-1,https://www.sec.gov/Archives/edgar/data/723646/000072364625000083/fraf-20251112x8k.htm,,Tier-1,2025-11-12,https://www.sec.gov/Archives/edgar/data/723646/000072364625000083/fraf-20251112x8k.htm,https://www.sec.gov/Archives/edgar/data/723646/0000723646-25-000083-index.html
FNKO,"Funko, Inc.",0001704711,2025-08-07,ATM,Tier-1,https://www.sec.gov/Archives/edgar/data/1704711/000170471125000120/fnko-20250807_d2.htm,https://www.sec.gov/Archives/edgar/data/1704711/0001704711-25-000120-index.html,8-K,2025-08-07,2025-08-07,2025-08-07,0001704711-25-000120,https://www.sec.gov/Archives/edgar/data/1704711/000170471125000120/fnko-20250807_d2.htm,https://www.sec.gov/Archives/edgar/data/1704711/000170471125000120/fnko-20250807_d2.htm,2025-08-07,2025-08-07 16:25:53,https://www.sec.gov/Archives/edgar/data/1704711/0001704711-25-000120-index.html,Item 8.01; Item 9.01,Item 8.01; Item 9.01,ATM,Tier-1,https://www.sec.gov/Archives/edgar/data/1704711/000170471125000120/fnko-20250807_d2.htm,,Tier-1,2025-08-07,https://www.sec.gov/Archives/edgar/data/1704711/000170471125000120/fnko-20250807_d2.htm,https://www.sec.gov/Archives/edgar/data/1704711/0001704711-25-000120-index.html
FRAF,FRANKLIN FINANCIAL SERVICES CORP /PA/,0000723646,2025-10-28,GuidanceUp,Tier-1,https://www.sec.gov/Archives/edgar/data/723646/000072364625000077/fraf-20251028x8k.htm,https://www.sec.gov/Archives/edgar/data/723646/0000723646-25-000077-index.html,8-K,2025-10-28,2025-10-28,2025-10-28,0000723646-25-000077,https://www.sec.gov/Archives/edgar/data/723646/000072364625000077/fraf-20251028x8k.htm,https://www.sec.gov/Archives/edgar/data/723646/000072364625000077/fraf-20251028x8k.htm,2025-10-28,2025-10-28 16:05:27,https://www.sec.gov/Archives/edgar/data/723646/0000723646-25-000077-index.html,Item 2.02; Item 9.01,Item 2.02; Item 9.01,GuidanceUp,Tier-1,https://www.sec.gov/Archives/edgar/data/723646/000072364625000077/fraf-20251028x8k.htm,,Tier-1,2025-10-28,https://www.sec.gov/Archives/edgar/data/723646/000072364625000077/fraf-20251028x8k.htm,https://www.sec.gov/Archives/edgar/data/723646/0000723646-25-000077-index.html
FRAF,FRANKLIN FINANCIAL SERVICES CORP /PA/,0000723646,2025-07-25,ATM,Tier-1,https://www.sec.gov/Archives/edgar/data/723646/000072364625000058/fraf-20250725x8k.htm,https://www.sec.gov/Archives/edgar/data/723646/0000723646-25-000058-index.html,8-K,2025-07-25,2025-07-25,2025-07-25,0000723646-25-000058,https://www.sec.gov/Archives/edgar/data/723646/000072364625000058/fraf-20250725x8k.htm,https://www.sec.gov/Archives/edgar/data/723646/000072364625000058/fraf-20250725x8k.htm,2025-07-25,2025-07-25 16:06:27,https://www.sec.gov/Archives/edgar/data/723646/0000723646-25-000058-index.html,Item 7.01; Item 9.01,Item 7.01; Item 9.01,ATM,Tier-1,https://www.sec.gov/Archives/edgar/data/723646/000072364625000058/fraf-20250725x8k.htm,,Tier-1,2025-07-25,https://www.sec.gov/Archives/edgar/data/723646/000072364625000058/fraf-20250725x8k.htm,https://www.sec.gov/Archives/edgar/data/723646/0000723646-25-000058-index.html
FTEK,"FUEL TECH, INC.",0000846913,2025-11-04,ATM,Tier-1,https://www.sec.gov/Archives/edgar/data/846913/000143774925033042/ftek20251028_8k.htm,https://www.sec.gov/Archives/edgar/data/846913/0001437749-25-033042-index.html,8-K,2025-11-04,2025-11-04,2025-11-04,0001437749-25-033042,https://www.sec.gov/Archives/edgar/data/846913/000143774925033042/ftek20251028_8k.htm,https://www.sec.gov/Archives/edgar/data/846913/000143774925033042/ftek20251028_8k.htm,2025-11-04,2025-11-04 16:33:41,https://www.sec.gov/Archives/edgar/data/846913/0001437749-25-033042-index.html,Item 2.02; Item 9.01,Item 2.02; Item 9.01,ATM,Tier-1,https://www.sec.gov/Archives/edgar/data/846913/000143774925033042/ftek20251028_8k.htm,,Tier-1,2025-11-04,https://www.sec.gov/Archives/edgar/data/846913/000143774925033042/ftek20251028_8k.htm,https://www.sec.gov/Archives/edgar/data/846913/0001437749-25-033042-index.html
FTEK,"FUEL TECH, INC.",0000846913,2025-08-05,ATM,Tier-1,https://www.sec.gov/Archives/edgar/data/846913/000143774925024872/ftek20250729_8k.htm,https://www.sec.gov/Archives/edgar/data/846913/0001437749-25-024872-index.html,8-K,2025-08-05,2025-08-05,2025-08-05,0001437749-25-024872,https://www.sec.gov/Archives/edgar/data/846913/000143774925024872/ftek20250729_8k.htm,https://www.sec.gov/Archives/edgar/data/846913/000143774925024872/ftek20250729_8k.htm,2025-08-05,2025-08-05 16:30:47,https://www.sec.gov/Archives/edgar/data/846913/0001437749-25-024872-index.html,Item 2.02; Item 9.01,Item 2.02; Item 9.01,ATM,Tier-1,https://www.sec.gov/Archives/edgar/data/846913/000143774925024872/ftek20250729_8k.htm,,Tier-1,2025-08-05,https://www.sec.gov/Archives/edgar/data/846913/000143774925024872/ftek20250729_8k.htm,https://www.sec.gov/Archives/edgar/data/846913/0001437749-25-024872-index.html
FRAF,FRANKLIN FINANCIAL SERVICES CORP /PA/,0000723646,2025-07-22,GuidanceUp,Tier-1,https://www.sec.gov/Archives/edgar/data/723646/000072364625000055/fraf-20250722x8k.htm,https://www.sec.gov/Archives/edgar/data/723646/0000723646-25-000055-index.html,8-K,2025-07-22,2025-07-22,2025-07-22,0000723646-25-000055,https://www.sec.gov/Archives/edgar/data/723646/000072364625000055/fraf-20250722x8k.htm,https://www.sec.gov/Archives/edgar/data/723646/000072364625000055/fraf-20250722x8k.htm,2025-07-22,2025-07-22 16:05:30,https://www.sec.gov/Archives/edgar/data/723646/0000723646-25-000055-index.html,Item 2.02; Item 8.01; Item 9.01,Item 2.02; Item 8.01; Item 9.01,GuidanceUp,Tier-1,https://www.sec.gov/Archives/edgar/data/723646/000072364625000055/fraf-20250722x8k.htm,,Tier-1,2025-07-22,https://www.sec.gov/Archives/edgar/data/723646/000072364625000055/fraf-20250722x8k.htm,https://www.sec.gov/Archives/edgar/data/723646/0000723646-25-000055-index.html
FTIIU,FutureTech II Acquisition Corp.,0001889450,2025-08-12,ATM,Tier-1,https://www.sec.gov/Archives/edgar/data/1889450/000164117225024668/form8-k.htm,https://www.sec.gov/Archives/edgar/data/1889450/0001641172-25-024668-index.html,8-K,2025-08-18,2025-08-12,2025-08-12,0001641172-25-024668,https://www.sec.gov/Archives/edgar/data/1889450/000164117225024668/form8-k.htm,https://www.sec.gov/Archives/edgar/data/1889450/000164117225024668/form8-k.htm,2025-08-12,2025-08-18 17:26:57,https://www.sec.gov/Archives/edgar/data/1889450/0001641172-25-024668-index.html,Item 1.01,Item 1.01,ATM,Tier-1,https://www.sec.gov/Archives/edgar/data/1889450/000164117225024668/form8-k.htm,,Tier-1,2025-08-12,https://www.sec.gov/Archives/edgar/data/1889450/000164117225024668/form8-k.htm,https://www.sec.gov/Archives/edgar/data/1889450/0001641172-25-024668-index.html
FTIIU,FutureTech II Acquisition Corp.,0001889450,2025-08-14,ATM,Tier-1,https://www.sec.gov/Archives/edgar/data/1889450/000164117225024504/form8-k.htm,https://www.sec.gov/Archives/edgar/data/1889450/0001641172-25-024504-index.html,8-K,2025-08-18,2025-08-14,2025-08-14,0001641172-25-024504,https://www.sec.gov/Archives/edgar/data/1889450/000164117225024504/form8-k.htm,https://www.sec.gov/Archives/edgar/data/1889450/000164117225024504/form8-k.htm,2025-08-14,2025-08-15 18:41:34,https://www.sec.gov/Archives/edgar/data/1889450/0001641172-25-024504-index.html,Item 5.03; Item 5.07; Item 8.01; Item 9.01,Item 5.03; Item 5.07; Item 8.01; Item 9.01,ATM,Tier-1,https://www.sec.gov/Archives/edgar/data/1889450/000164117225024504/form8-k.htm,,Tier-1,2025-08-14,https://www.sec.gov/Archives/edgar/data/1889450/000164117225024504/form8-k.htm,https://www.sec.gov/Archives/edgar/data/1889450/0001641172-25-024504-index.html
FTIIU,FutureTech II Acquisition Corp.,0001889450,2025-11-08,ATM,Tier-1,https://www.sec.gov/Archives/edgar/data/1889450/000149315225021600/form8-k.htm,https://www.sec.gov/Archives/edgar/data/1889450/0001493152-25-021600-index.html,8-K,2025-11-12,2025-11-08,2025-11-08,0001493152-25-021600,https://www.sec.gov/Archives/edgar/data/1889450/000149315225021600/form8-k.htm,https://www.sec.gov/Archives/edgar/data/1889450/000149315225021600/form8-k.htm,2025-11-08,2025-11-10 21:50:39,https://www.sec.gov/Archives/edgar/data/1889450/0001493152-25-021600-index.html,Item 1.02; Item 9.01,Item 1.02; Item 9.01,ATM,Tier-1,https://www.sec.gov/Archives/edgar/data/1889450/000149315225021600/form8-k.htm,,Tier-1,2025-11-08,https://www.sec.gov/Archives/edgar/data/1889450/000149315225021600/form8-k.htm,https://www.sec.gov/Archives/edgar/data/1889450/0001493152-25-021600-index.html
FTIIU,FutureTech II Acquisition Corp.,0001889450,2025-08-06,ATM,Tier-1,https://www.sec.gov/Archives/edgar/data/1889450/000164117225023249/form8-k.htm,https://www.sec.gov/Archives/edgar/data/1889450/0001641172-25-023249-index.html,8-K,2025-08-12,2025-08-06,2025-08-06,0001641172-25-023249,https://www.sec.gov/Archives/edgar/data/1889450/000164117225023249/form8-k.htm,https://www.sec.gov/Archives/edgar/data/1889450/000164117225023249/form8-k.htm,2025-08-06,2025-08-12 17:20:28,https://www.sec.gov/Archives/edgar/data/1889450/0001641172-25-023249-index.html,Item 1.01,Item 1.01,ATM,Tier-1,https://www.sec.gov/Archives/edgar/data/1889450/000164117225023249/form8-k.htm,,Tier-1,2025-08-06,https://www.sec.gov/Archives/edgar/data/1889450/000164117225023249/form8-k.htm,https://www.sec.gov/Archives/edgar/data/1889450/0001641172-25-023249-index.html
GCTS,"GCT Semiconductor Holding, Inc.",0001851961,2025-09-18,ATM,Tier-1,https://www.sec.gov/Archives/edgar/data/1851961/000092963825003527/form8k.htm,https://www.sec.gov/Archives/edgar/data/1851961/0000929638-25-003527-index.html,8-K,2025-09-19,2025-09-18,2025-09-18,0000929638-25-003527,https://www.sec.gov/Archives/edgar/data/1851961/000092963825003527/form8k.htm,https://www.sec.gov/Archives/edgar/data/1851961/000092963825003527/form8k.htm,2025-09-18,2025-09-19 16:07:19,https://www.sec.gov/Archives/edgar/data/1851961/0000929638-25-003527-index.html,Item 5.07,Item 5.07,ATM,Tier-1,https://www.sec.gov/Archives/edgar/data/1851961/000092963825003527/form8k.htm,,Tier-1,2025-09-18,https://www.sec.gov/Archives/edgar/data/1851961/000092963825003527/form8k.htm,https://www.sec.gov/Archives/edgar/data/1851961/0000929638-25-003527-index.html
GCTS,"GCT Semiconductor Holding, Inc.",0001851961,2025-11-12,ATM,Tier-1,https://www.sec.gov/Archives/edgar/data/1851961/000092963825004231/form8k.htm,https://www.sec.gov/Archives/edgar/data/1851961/0000929638-25-004231-index.html,8-K,2025-11-12,2025-11-12,2025-11-12,0000929638-25-004231,https://www.sec.gov/Archives/edgar/data/1851961/000092963825004231/form8k.htm,https://www.sec.gov/Archives/edgar/data/1851961/000092963825004231/form8k.htm,2025-11-12,2025-11-12 16:37:02,https://www.sec.gov/Archives/edgar/data/1851961/0000929638-25-004231-index.html,Item 2.02; Item 9.01,Item 2.02; Item 9.01,ATM,Tier-1,https://www.sec.gov/Archives/edgar/data/1851961/000092963825004231/form8k.htm,,Tier-1,2025-11-12,https://www.sec.gov/Archives/edgar/data/1851961/000092963825004231/form8k.htm,https://www.sec.gov/Archives/edgar/data/1851961/0000929638-25-004231-index.html
GCTS,"GCT Semiconductor Holding, Inc.",0001851961,2025-09-10,ATM,Tier-1,https://www.sec.gov/Archives/edgar/data/1851961/000092963825003426/form8k.htm,https://www.sec.gov/Archives/edgar/data/1851961/0000929638-25-003426-index.html,8-K,2025-09-11,2025-09-10,2025-09-10,0000929638-25-003426,https://www.sec.gov/Archives/edgar/data/1851961/000092963825003426/form8k.htm,https://www.sec.gov/Archives/edgar/data/1851961/000092963825003426/form8k.htm,2025-09-10,2025-09-11 08:44:26,https://www.sec.gov/Archives/edgar/data/1851961/0000929638-25-003426-index.html,Item 2.03,Item 2.03,ATM,Tier-1,https://www.sec.gov/Archives/edgar/data/1851961/000092963825003426/form8k.htm,,Tier-1,2025-09-10,https://www.sec.gov/Archives/edgar/data/1851961/000092963825003426/form8k.htm,https://www.sec.gov/Archives/edgar/data/1851961/0000929638-25-003426-index.html
GECCG,Great Elm Capital Corp.,0001675033,2025-10-07,ATM,Tier-1,https://www.sec.gov/Archives/edgar/data/1675033/000119312525232655/d31018d8k.htm,https://www.sec.gov/Archives/edgar/data/1675033/0001193125-25-232655-index.html,8-K,2025-10-07,2025-10-07,2025-10-07,0001193125-25-232655,https://www.sec.gov/Archives/edgar/data/1675033/000119312525232655/d31018d8k.htm,https://www.sec.gov/Archives/edgar/data/1675033/000119312525232655/d31018d8k.htm,2025-10-07,2025-10-07 08:35:38,https://www.sec.gov/Archives/edgar/data/1675033/0001193125-25-232655-index.html,Item 2.02; Item 8.01; Item 9.01,Item 2.02; Item 8.01; Item 9.01,ATM,Tier-1,https://www.sec.gov/Archives/edgar/data/1675033/000119312525232655/d31018d8k.htm,,Tier-1,2025-10-07,https://www.sec.gov/Archives/edgar/data/1675033/000119312525232655/d31018d8k.htm,https://www.sec.gov/Archives/edgar/data/1675033/0001193125-25-232655-index.html
GCTS,"GCT Semiconductor Holding, Inc.",0001851961,2025-08-12,ATM,Tier-1,https://www.sec.gov/Archives/edgar/data/1851961/000092963825002962/form8k.htm,https://www.sec.gov/Archives/edgar/data/1851961/0000929638-25-002962-index.html,8-K,2025-08-12,2025-08-12,2025-08-12,0000929638-25-002962,https://www.sec.gov/Archives/edgar/data/1851961/000092963825002962/form8k.htm,https://www.sec.gov/Archives/edgar/data/1851961/000092963825002962/form8k.htm,2025-08-12,2025-08-12 16:16:48,https://www.sec.gov/Archives/edgar/data/1851961/0000929638-25-002962-index.html,Item 2.02; Item 9.01,Item 2.02; Item 9.01,ATM,Tier-1,https://www.sec.gov/Archives/edgar/data/1851961/000092963825002962/form8k.htm,,Tier-1,2025-08-12,https://www.sec.gov/Archives/edgar/data/1851961/000092963825002962/form8k.htm,https://www.sec.gov/Archives/edgar/data/1851961/0000929638-25-002962-index.html
GCTS,"GCT Semiconductor Holding, Inc.",0001851961,2025-06-06,ATM,Tier-1,https://www.sec.gov/Archives/edgar/data/1851961/000092963825002185/form8k.htm,https://www.sec.gov/Archives/edgar/data/1851961/0000929638-25-002185-index.html,8-K,2025-06-06,2025-06-06,2025-06-06,0000929638-25-002185,https://www.sec.gov/Archives/edgar/data/1851961/000092963825002185/form8k.htm,https://www.sec.gov/Archives/edgar/data/1851961/000092963825002185/form8k.htm,2025-06-06,2025-06-06 16:15:38,https://www.sec.gov/Archives/edgar/data/1851961/0000929638-25-002185-index.html,Item 8.01,Item 8.01,ATM,Tier-1,https://www.sec.gov/Archives/edgar/data/1851961/000092963825002185/form8k.htm,,Tier-1,2025-06-06,https://www.sec.gov/Archives/edgar/data/1851961/000092963825002185/form8k.htm,https://www.sec.gov/Archives/edgar/data/1851961/0000929638-25-002185-index.html
GECCG,Great Elm Capital Corp.,0001675033,2025-10-01,ATM,Tier-1,https://www.sec.gov/Archives/edgar/data/1675033/000095010325012773/dp235476_8k.htm,https://www.sec.gov/Archives/edgar/data/1675033/0000950103-25-012773-index.html,8-K,2025-10-02,2025-10-01,2025-10-01,0000950103-25-012773,https://www.sec.gov/Archives/edgar/data/1675033/000095010325012773/dp235476_8k.htm,https://www.sec.gov/Archives/edgar/data/1675033/000095010325012773/dp235476_8k.htm,2025-10-01,2025-10-02 16:39:11,https://www.sec.gov/Archives/edgar/data/1675033/0000950103-25-012773-index.html,Item 8.01; Item 9.01,Item 8.01; Item 9.01,ATM,Tier-1,https://www.sec.gov/Archives/edgar/data/1675033/000095010325012773/dp235476_8k.htm,,Tier-1,2025-10-01,https://www.sec.gov/Archives/edgar/data/1675033/000095010325012773/dp235476_8k.htm,https://www.sec.gov/Archives/edgar/data/1675033/0000950103-25-012773-index.html
GECCG,Great Elm Capital Corp.,0001675033,2025-09-11,ATM,Tier-1,https://www.sec.gov/Archives/edgar/data/1675033/000095010325011541/dp234250_8k.htm,https://www.sec.gov/Archives/edgar/data/1675033/0000950103-25-011541-index.html,8-K,2025-09-11,2025-09-11,2025-09-11,0000950103-25-011541,https://www.sec.gov/Archives/edgar/data/1675033/000095010325011541/dp234250_8k.htm,https://www.sec.gov/Archives/edgar/data/1675033/000095010325011541/dp234250_8k.htm,2025-09-11,2025-09-11 16:22:07,https://www.sec.gov/Archives/edgar/data/1675033/0000950103-25-011541-index.html,Item 1.01; Item 2.03; Item 9.01,Item 1.01; Item 2.03; Item 9.01,ATM,Tier-1,https://www.sec.gov/Archives/edgar/data/1675033/000095010325011541/dp234250_8k.htm,,Tier-1,2025-09-11,https://www.sec.gov/Archives/edgar/data/1675033/000095010325011541/dp234250_8k.htm,https://www.sec.gov/Archives/edgar/data/1675033/0000950103-25-011541-index.html
GECCG,Great Elm Capital Corp.,0001675033,2025-09-04,ATM,Tier-1,https://www.sec.gov/Archives/edgar/data/1675033/000095010325011498/dp234216_8k.htm,https://www.sec.gov/Archives/edgar/data/1675033/0000950103-25-011498-index.html,8-K,2025-09-10,2025-09-04,2025-09-04,0000950103-25-011498,https://www.sec.gov/Archives/edgar/data/1675033/000095010325011498/dp234216_8k.htm,https://www.sec.gov/Archives/edgar/data/1675033/000095010325011498/dp234216_8k.htm,2025-09-04,2025-09-10 16:36:44,https://www.sec.gov/Archives/edgar/data/1675033/0000950103-25-011498-index.html,Item 1.01; Item 9.01,Item 1.01; Item 9.01,ATM,Tier-1,https://www.sec.gov/Archives/edgar/data/1675033/000095010325011498/dp234216_8k.htm,,Tier-1,2025-09-04,https://www.sec.gov/Archives/edgar/data/1675033/000095010325011498/dp234216_8k.htm,https://www.sec.gov/Archives/edgar/data/1675033/0000950103-25-011498-index.html
GECCG,Great Elm Capital Corp.,0001675033,2025-11-04,ATM,Tier-1,https://www.sec.gov/Archives/edgar/data/1675033/000119312525264872/gecc-20251104.htm,https://www.sec.gov/Archives/edgar/data/1675033/0001193125-25-264872-index.html,8-K,2025-11-04,2025-11-04,2025-11-04,0001193125-25-264872,https://www.sec.gov/Archives/edgar/data/1675033/000119312525264872/gecc-20251104.htm,https://www.sec.gov/Archives/edgar/data/1675033/000119312525264872/gecc-20251104.htm,2025-11-04,2025-11-04 16:42:11,https://www.sec.gov/Archives/edgar/data/1675033/0001193125-25-264872-index.html,Item 2.02; Item 9.01,Item 2.02; Item 9.01,ATM,Tier-1,https://www.sec.gov/Archives/edgar/data/1675033/000119312525264872/gecc-20251104.htm,,Tier-1,2025-11-04,https://www.sec.gov/Archives/edgar/data/1675033/000119312525264872/gecc-20251104.htm,https://www.sec.gov/Archives/edgar/data/1675033/0001193125-25-264872-index.html
GECCG,Great Elm Capital Corp.,0001675033,2025-08-29,ListingChange,Tier-1,https://www.sec.gov/Archives/edgar/data/1675033/000095010325010993/dp233732_8k.htm,https://www.sec.gov/Archives/edgar/data/1675033/0000950103-25-010993-index.html,8-K,2025-08-29,2025-08-29,2025-08-29,0000950103-25-010993,https://www.sec.gov/Archives/edgar/data/1675033/000095010325010993/dp233732_8k.htm,https://www.sec.gov/Archives/edgar/data/1675033/000095010325010993/dp233732_8k.htm,2025-08-29,2025-08-29 16:31:53,https://www.sec.gov/Archives/edgar/data/1675033/0000950103-25-010993-index.html,Item 8.01; Item 9.01,Item 8.01; Item 9.01,ListingChange,Tier-1,https://www.sec.gov/Archives/edgar/data/1675033/000095010325010993/dp233732_8k.htm,,Tier-1,2025-08-29,https://www.sec.gov/Archives/edgar/data/1675033/000095010325010993/dp233732_8k.htm,https://www.sec.gov/Archives/edgar/data/1675033/0000950103-25-010993-index.html
GECCG,Great Elm Capital Corp.,0001675033,2025-08-27,ListingChange,Tier-1,https://www.sec.gov/Archives/edgar/data/1675033/000095010325010785/dp233518_8k.htm,https://www.sec.gov/Archives/edgar/data/1675033/0000950103-25-010785-index.html,8-K,2025-08-27,2025-08-27,2025-08-27,0000950103-25-010785,https://www.sec.gov/Archives/edgar/data/1675033/000095010325010785/dp233518_8k.htm,https://www.sec.gov/Archives/edgar/data/1675033/000095010325010785/dp233518_8k.htm,2025-08-27,2025-08-27 16:28:57,https://www.sec.gov/Archives/edgar/data/1675033/0000950103-25-010785-index.html,Item 1.01; Item 3.02; Item 8.01,Item 1.01; Item 3.02; Item 8.01,ListingChange,Tier-1,https://www.sec.gov/Archives/edgar/data/1675033/000095010325010785/dp233518_8k.htm,,Tier-1,2025-08-27,https://www.sec.gov/Archives/edgar/data/1675033/000095010325010785/dp233518_8k.htm,https://www.sec.gov/Archives/edgar/data/1675033/0000950103-25-010785-index.html
GECCG,Great Elm Capital Corp.,0001675033,2025-08-13,ListingChange,Tier-1,https://www.sec.gov/Archives/edgar/data/1675033/000095010325010214/dp232978_8k.htm,https://www.sec.gov/Archives/edgar/data/1675033/0000950103-25-010214-index.html,8-K,2025-08-13,2025-08-13,2025-08-13,0000950103-25-010214,https://www.sec.gov/Archives/edgar/data/1675033/000095010325010214/dp232978_8k.htm,https://www.sec.gov/Archives/edgar/data/1675033/000095010325010214/dp232978_8k.htm,2025-08-13,2025-08-13 08:08:18,https://www.sec.gov/Archives/edgar/data/1675033/0000950103-25-010214-index.html,Item 1.01; Item 9.01,Item 1.01; Item 9.01,ListingChange,Tier-1,https://www.sec.gov/Archives/edgar/data/1675033/000095010325010214/dp232978_8k.htm,,Tier-1,2025-08-13,https://www.sec.gov/Archives/edgar/data/1675033/000095010325010214/dp232978_8k.htm,https://www.sec.gov/Archives/edgar/data/1675033/0000950103-25-010214-index.html
GIW,GigCapital8 Corp.,0002080019,2025-10-23,ATM,Tier-1,https://www.sec.gov/Archives/edgar/data/2080019/000119312525248776/giwwu-20251023.htm,https://www.sec.gov/Archives/edgar/data/2080019/0001193125-25-248776-index.html,8-K,2025-10-23,2025-10-23,2025-10-23,0001193125-25-248776,https://www.sec.gov/Archives/edgar/data/2080019/000119312525248776/giwwu-20251023.htm,https://www.sec.gov/Archives/edgar/data/2080019/000119312525248776/giwwu-20251023.htm,2025-10-23,2025-10-23 16:15:49,https://www.sec.gov/Archives/edgar/data/2080019/0001193125-25-248776-index.html,Item 8.01; Item 9.01,Item 8.01; Item 9.01,ATM,Tier-1,https://www.sec.gov/Archives/edgar/data/2080019/000119312525248776/giwwu-20251023.htm,,Tier-1,2025-10-23,https://www.sec.gov/Archives/edgar/data/2080019/000119312525248776/giwwu-20251023.htm,https://www.sec.gov/Archives/edgar/data/2080019/0001193125-25-248776-index.html
GIW,GigCapital8 Corp.,0002080019,2025-10-07,ATM,Tier-1,https://www.sec.gov/Archives/edgar/data/2080019/000119312525239036/d71695d8k.htm,https://www.sec.gov/Archives/edgar/data/2080019/0001193125-25-239036-index.html,8-K,2025-10-14,2025-10-07,2025-10-07,0001193125-25-239036,https://www.sec.gov/Archives/edgar/data/2080019/000119312525239036/d71695d8k.htm,https://www.sec.gov/Archives/edgar/data/2080019/000119312525239036/d71695d8k.htm,2025-10-07,2025-10-14 16:15:32,https://www.sec.gov/Archives/edgar/data/2080019/0001193125-25-239036-index.html,Item 5.02; Item 8.01; Item 9.01,Item 5.02; Item 8.01; Item 9.01,ATM,Tier-1,https://www.sec.gov/Archives/edgar/data/2080019/000119312525239036/d71695d8k.htm,,Tier-1,2025-10-07,https://www.sec.gov/Archives/edgar/data/2080019/000119312525239036/d71695d8k.htm,https://www.sec.gov/Archives/edgar/data/2080019/0001193125-25-239036-index.html
GIW,GigCapital8 Corp.,0002080019,2025-10-03,ATM,Tier-1,https://www.sec.gov/Archives/edgar/data/2080019/000119312525235847/d87287d8k.htm,https://www.sec.gov/Archives/edgar/data/2080019/0001193125-25-235847-index.html,8-K,2025-10-09,2025-10-03,2025-10-03,0001193125-25-235847,https://www.sec.gov/Archives/edgar/data/2080019/000119312525235847/d87287d8k.htm,https://www.sec.gov/Archives/edgar/data/2080019/000119312525235847/d87287d8k.htm,2025-10-03,2025-10-09 16:10:55,https://www.sec.gov/Archives/edgar/data/2080019/0001193125-25-235847-index.html,Item 1.01; Item 3.02; Item 5.02; Item 5.03; Item 8.01; Item 9.01,Item 1.01; Item 3.02; Item 5.02; Item 5.03; Item 8.01; Item 9.01,ATM,Tier-1,https://www.sec.gov/Archives/edgar/data/2080019/000119312525235847/d87287d8k.htm,,Tier-1,2025-10-03,https://www.sec.gov/Archives/edgar/data/2080019/000119312525235847/d87287d8k.htm,https://www.sec.gov/Archives/edgar/data/2080019/0001193125-25-235847-index.html
GECCG,Great Elm Capital Corp.,0001675033,2025-08-04,ATM,Tier-1,https://www.sec.gov/Archives/edgar/data/1675033/000095017025102181/gecc-20250804.htm,https://www.sec.gov/Archives/edgar/data/1675033/0000950170-25-102181-index.html,8-K,2025-08-05,2025-08-04,2025-08-04,0000950170-25-102181,https://www.sec.gov/Archives/edgar/data/1675033/000095017025102181/gecc-20250804.htm,https://www.sec.gov/Archives/edgar/data/1675033/000095017025102181/gecc-20250804.htm,2025-08-04,2025-08-04 17:41:35,https://www.sec.gov/Archives/edgar/data/1675033/0000950170-25-102181-index.html,Item 2.02; Item 9.01,Item 2.02; Item 9.01,ATM,Tier-1,https://www.sec.gov/Archives/edgar/data/1675033/000095017025102181/gecc-20250804.htm,,Tier-1,2025-08-04,https://www.sec.gov/Archives/edgar/data/1675033/000095017025102181/gecc-20250804.htm,https://www.sec.gov/Archives/edgar/data/1675033/0000950170-25-102181-index.html
GPRO,"GoPro, Inc.",0001500435,2025-11-05,ATM,Tier-1,https://www.sec.gov/Archives/edgar/data/1500435/000150043525000093/gpro-20251105.htm,https://www.sec.gov/Archives/edgar/data/1500435/0001500435-25-000093-index.html,8-K,2025-11-06,2025-11-05,2025-11-05,0001500435-25-000093,https://www.sec.gov/Archives/edgar/data/1500435/000150043525000093/gpro-20251105.htm,https://www.sec.gov/Archives/edgar/data/1500435/000150043525000093/gpro-20251105.htm,2025-11-05,2025-11-06 16:03:07,https://www.sec.gov/Archives/edgar/data/1500435/0001500435-25-000093-index.html,Item 1.01; Item 2.02; Item 3.02; Item 3.03; Item 5.05; Item 9.01,Item 1.01; Item 2.02; Item 3.02; Item 3.03; Item 5.05; Item 9.01,ATM,Tier-1,https://www.sec.gov/Archives/edgar/data/1500435/000150043525000093/gpro-20251105.htm,,Tier-1,2025-11-05,https://www.sec.gov/Archives/edgar/data/1500435/000150043525000093/gpro-20251105.htm,https://www.sec.gov/Archives/edgar/data/1500435/0001500435-25-000093-index.html
GPRO,"GoPro, Inc.",0001500435,2025-08-11,ATM,Tier-1,https://www.sec.gov/Archives/edgar/data/1500435/000150043525000056/gpro-20250811.htm,https://www.sec.gov/Archives/edgar/data/1500435/0001500435-25-000056-index.html,8-K,2025-08-11,2025-08-11,2025-08-11,0001500435-25-000056,https://www.sec.gov/Archives/edgar/data/1500435/000150043525000056/gpro-20250811.htm,https://www.sec.gov/Archives/edgar/data/1500435/000150043525000056/gpro-20250811.htm,2025-08-11,2025-08-11 16:02:29,https://www.sec.gov/Archives/edgar/data/1500435/0001500435-25-000056-index.html,Item 2.02; Item 9.01,Item 2.02; Item 9.01,ATM,Tier-1,https://www.sec.gov/Archives/edgar/data/1500435/000150043525000056/gpro-20250811.htm,,Tier-1,2025-08-11,https://www.sec.gov/Archives/edgar/data/1500435/000150043525000056/gpro-20250811.htm,https://www.sec.gov/Archives/edgar/data/1500435/0001500435-25-000056-index.html
GPRO,"GoPro, Inc.",0001500435,2025-08-04,ATM,Tier-1,https://www.sec.gov/Archives/edgar/data/1500435/000150043525000047/gpro-20250804.htm,https://www.sec.gov/Archives/edgar/data/1500435/0001500435-25-000047-index.html,8-K,2025-08-04,2025-08-04,2025-08-04,0001500435-25-000047,https://www.sec.gov/Archives/edgar/data/1500435/000150043525000047/gpro-20250804.htm,https://www.sec.gov/Archives/edgar/data/1500435/000150043525000047/gpro-20250804.htm,2025-08-04,2025-08-04 09:02:14,https://www.sec.gov/Archives/edgar/data/1500435/0001500435-25-000047-index.html,Item 1.01; Item 2.03; Item 7.01; Item 9.01,Item 1.01; Item 2.03; Item 7.01; Item 9.01,ATM,Tier-1,https://www.sec.gov/Archives/edgar/data/1500435/000150043525000047/gpro-20250804.htm,,Tier-1,2025-08-04,https://www.sec.gov/Archives/edgar/data/1500435/000150043525000047/gpro-20250804.htm,https://www.sec.gov/Archives/edgar/data/1500435/0001500435-25-000047-index.html
GPRO,"GoPro, Inc.",0001500435,2025-07-10,OtherEvent,Tier-2,https://www.sec.gov/Archives/edgar/data/1500435/000162828025034761/gpro-20250710.htm,https://www.sec.gov/Archives/edgar/data/1500435/0001628280-25-034761-index.html,8-K,2025-07-11,2025-07-10,2025-07-10,0001628280-25-034761,https://www.sec.gov/Archives/edgar/data/1500435/000162828025034761/gpro-20250710.htm,https://www.sec.gov/Archives/edgar/data/1500435/000162828025034761/gpro-20250710.htm,2025-07-10,2025-07-11 06:49:15,https://www.sec.gov/Archives/edgar/data/1500435/0001628280-25-034761-index.html,Item 9.01,Item 9.01,OtherEvent,Tier-2,https://www.sec.gov/Archives/edgar/data/1500435/000162828025034761/gpro-20250710.htm,,Tier-2,2025-07-10,https://www.sec.gov/Archives/edgar/data/1500435/000162828025034761/gpro-20250710.htm,https://www.sec.gov/Archives/edgar/data/1500435/0001628280-25-034761-index.html
GPRO,"GoPro, Inc.",0001500435,2025-11-10,ListingChange,Tier-1,https://www.sec.gov/Archives/edgar/data/1500435/000150043525000106/gpro-20251110.htm,https://www.sec.gov/Archives/edgar/data/1500435/0001500435-25-000106-index.html,8-K/A,2025-11-13,2025-11-10,2025-11-10,0001500435-25-000106,https://www.sec.gov/Archives/edgar/data/1500435/000150043525000106/gpro-20251110.htm,https://www.sec.gov/Archives/edgar/data/1500435/000150043525000106/gpro-20251110.htm,2025-11-10,2025-11-13 16:58:44,https://www.sec.gov/Archives/edgar/data/1500435/0001500435-25-000106-index.html,Item 1.01; Item 3.02; Item 7.01; Item 9.01,Item 1.01; Item 3.02; Item 7.01; Item 9.01,ListingChange,Tier-1,https://www.sec.gov/Archives/edgar/data/1500435/000150043525000106/gpro-20251110.htm,,Tier-1,2025-11-10,https://www.sec.gov/Archives/edgar/data/1500435/000150043525000106/gpro-20251110.htm,https://www.sec.gov/Archives/edgar/data/1500435/0001500435-25-000106-index.html
GRCE,"Grace Therapeutics, Inc.",0001444192,2025-10-23,ATM,Tier-1,https://www.sec.gov/Archives/edgar/data/1444192/000114036125039020/ef20057547_8k.htm,https://www.sec.gov/Archives/edgar/data/1444192/0001140361-25-039020-index.html,8-K,2025-10-23,2025-10-23,2025-10-23,0001140361-25-039020,https://www.sec.gov/Archives/edgar/data/1444192/000114036125039020/ef20057547_8k.htm,https://www.sec.gov/Archives/edgar/data/1444192/000114036125039020/ef20057547_8k.htm,2025-10-23,2025-10-23 08:09:26,https://www.sec.gov/Archives/edgar/data/1444192/0001140361-25-039020-index.html,Item 8.01; Item 9.01,Item 8.01; Item 9.01,ATM,Tier-1,https://www.sec.gov/Archives/edgar/data/1444192/000114036125039020/ef20057547_8k.htm,,Tier-1,2025-10-23,https://www.sec.gov/Archives/edgar/data/1444192/000114036125039020/ef20057547_8k.htm,https://www.sec.gov/Archives/edgar/data/1444192/0001140361-25-039020-index.html
GRCE,"Grace Therapeutics, Inc.",0001444192,2025-09-18,ATM,Tier-1,https://www.sec.gov/Archives/edgar/data/1444192/000114036125035337/ef20055717_8k.htm,https://www.sec.gov/Archives/edgar/data/1444192/0001140361-25-035337-index.html,8-K,2025-09-18,2025-09-18,2025-09-18,0001140361-25-035337,https://www.sec.gov/Archives/edgar/data/1444192/000114036125035337/ef20055717_8k.htm,https://www.sec.gov/Archives/edgar/data/1444192/000114036125035337/ef20055717_8k.htm,2025-09-18,2025-09-18 08:43:32,https://www.sec.gov/Archives/edgar/data/1444192/0001140361-25-035337-index.html,Item 8.01; Item 9.01,Item 8.01; Item 9.01,ATM,Tier-1,https://www.sec.gov/Archives/edgar/data/1444192/000114036125035337/ef20055717_8k.htm,,Tier-1,2025-09-18,https://www.sec.gov/Archives/edgar/data/1444192/000114036125035337/ef20055717_8k.htm,https://www.sec.gov/Archives/edgar/data/1444192/0001140361-25-035337-index.html
GRCE,"Grace Therapeutics, Inc.",0001444192,2025-11-13,ATM,Tier-1,https://www.sec.gov/Archives/edgar/data/1444192/000114036125041807/ef20058656_8k.htm,https://www.sec.gov/Archives/edgar/data/1444192/0001140361-25-041807-index.html,8-K,2025-11-13,2025-11-13,2025-11-13,0001140361-25-041807,https://www.sec.gov/Archives/edgar/data/1444192/000114036125041807/ef20058656_8k.htm,https://www.sec.gov/Archives/edgar/data/1444192/000114036125041807/ef20058656_8k.htm,2025-11-13,2025-11-13 08:01:09,https://www.sec.gov/Archives/edgar/data/1444192/0001140361-25-041807-index.html,Item 2.02; Item 8.01; Item 9.01,Item 2.02; Item 8.01; Item 9.01,ATM,Tier-1,https://www.sec.gov/Archives/edgar/data/1444192/000114036125041807/ef20058656_8k.htm,,Tier-1,2025-11-13,https://www.sec.gov/Archives/edgar/data/1444192/000114036125041807/ef20058656_8k.htm,https://www.sec.gov/Archives/edgar/data/1444192/0001140361-25-041807-index.html
GRCE,"Grace Therapeutics, Inc.",0001444192,2025-08-27,ATM,Tier-1,https://www.sec.gov/Archives/edgar/data/1444192/000114036125032847/ef20054617_8k.htm,https://www.sec.gov/Archives/edgar/data/1444192/0001140361-25-032847-index.html,8-K,2025-08-27,2025-08-27,2025-08-27,0001140361-25-032847,https://www.sec.gov/Archives/edgar/data/1444192/000114036125032847/ef20054617_8k.htm,https://www.sec.gov/Archives/edgar/data/1444192/000114036125032847/ef20054617_8k.htm,2025-08-27,2025-08-27 08:08:12,https://www.sec.gov/Archives/edgar/data/1444192/0001140361-25-032847-index.html,Item 8.01; Item 9.01,Item 8.01; Item 9.01,ATM,Tier-1,https://www.sec.gov/Archives/edgar/data/1444192/000114036125032847/ef20054617_8k.htm,,Tier-1,2025-08-27,https://www.sec.gov/Archives/edgar/data/1444192/000114036125032847/ef20054617_8k.htm,https://www.sec.gov/Archives/edgar/data/1444192/0001140361-25-032847-index.html
GRCE,"Grace Therapeutics, Inc.",0001444192,2025-08-12,ATM,Tier-1,https://www.sec.gov/Archives/edgar/data/1444192/000114036125030400/ef20053073_8k.htm,https://www.sec.gov/Archives/edgar/data/1444192/0001140361-25-030400-index.html,8-K,2025-08-12,2025-08-12,2025-08-12,0001140361-25-030400,https://www.sec.gov/Archives/edgar/data/1444192/000114036125030400/ef20053073_8k.htm,https://www.sec.gov/Archives/edgar/data/1444192/000114036125030400/ef20053073_8k.htm,2025-08-12,2025-08-12 08:00:49,https://www.sec.gov/Archives/edgar/data/1444192/0001140361-25-030400-index.html,Item 2.02; Item 9.01,Item 2.02; Item 9.01,ATM,Tier-1,https://www.sec.gov/Archives/edgar/data/1444192/000114036125030400/ef20053073_8k.htm,,Tier-1,2025-08-12,https://www.sec.gov/Archives/edgar/data/1444192/000114036125030400/ef20053073_8k.htm,https://www.sec.gov/Archives/edgar/data/1444192/0001140361-25-030400-index.html
GRCE,"Grace Therapeutics, Inc.",0001444192,2025-06-25,ATM,Tier-1,https://www.sec.gov/Archives/edgar/data/1444192/000114036125023557/ef20051001_8k.htm,https://www.sec.gov/Archives/edgar/data/1444192/0001140361-25-023557-index.html,8-K,2025-06-25,2025-06-25,2025-06-25,0001140361-25-023557,https://www.sec.gov/Archives/edgar/data/1444192/000114036125023557/ef20051001_8k.htm,https://www.sec.gov/Archives/edgar/data/1444192/000114036125023557/ef20051001_8k.htm,2025-06-25,2025-06-25 08:19:04,https://www.sec.gov/Archives/edgar/data/1444192/0001140361-25-023557-index.html,Item 8.01; Item 9.01,Item 8.01; Item 9.01,ATM,Tier-1,https://www.sec.gov/Archives/edgar/data/1444192/000114036125023557/ef20051001_8k.htm,,Tier-1,2025-06-25,https://www.sec.gov/Archives/edgar/data/1444192/000114036125023557/ef20051001_8k.htm,https://www.sec.gov/Archives/edgar/data/1444192/0001140361-25-023557-index.html
GRWG,GrowGeneration Corp.,0001604868,2025-11-06,GuidanceUp,Tier-1,https://www.sec.gov/Archives/edgar/data/1604868/000160486825000031/grwg-20251106.htm,https://www.sec.gov/Archives/edgar/data/1604868/0001604868-25-000031-index.html,8-K,2025-11-06,2025-11-06,2025-11-06,0001604868-25-000031,https://www.sec.gov/Archives/edgar/data/1604868/000160486825000031/grwg-20251106.htm,https://www.sec.gov/Archives/edgar/data/1604868/000160486825000031/grwg-20251106.htm,2025-11-06,2025-11-06 16:08:59,https://www.sec.gov/Archives/edgar/data/1604868/0001604868-25-000031-index.html,Item 7.01; Item 9.01,Item 7.01; Item 9.01,GuidanceUp,Tier-1,https://www.sec.gov/Archives/edgar/data/1604868/000160486825000031/grwg-20251106.htm,,Tier-1,2025-11-06,https://www.sec.gov/Archives/edgar/data/1604868/000160486825000031/grwg-20251106.htm,https://www.sec.gov/Archives/edgar/data/1604868/0001604868-25-000031-index.html
GRCE,"Grace Therapeutics, Inc.",0001444192,2025-06-23,ATM,Tier-1,https://www.sec.gov/Archives/edgar/data/1444192/000114036125023261/ef20050698_8k.htm,https://www.sec.gov/Archives/edgar/data/1444192/0001140361-25-023261-index.html,8-K,2025-06-23,2025-06-23,2025-06-23,0001140361-25-023261,https://www.sec.gov/Archives/edgar/data/1444192/000114036125023261/ef20050698_8k.htm,https://www.sec.gov/Archives/edgar/data/1444192/000114036125023261/ef20050698_8k.htm,2025-06-23,2025-06-23 08:00:43,https://www.sec.gov/Archives/edgar/data/1444192/0001140361-25-023261-index.html,Item 2.02; Item 9.01,Item 2.02; Item 9.01,ATM,Tier-1,https://www.sec.gov/Archives/edgar/data/1444192/000114036125023261/ef20050698_8k.htm,,Tier-1,2025-06-23,https://www.sec.gov/Archives/edgar/data/1444192/000114036125023261/ef20050698_8k.htm,https://www.sec.gov/Archives/edgar/data/1444192/0001140361-25-023261-index.html
GRWG,GrowGeneration Corp.,0001604868,2025-08-11,ListingChange,Tier-1,https://www.sec.gov/Archives/edgar/data/1604868/000160486825000026/grwg-20250811.htm,https://www.sec.gov/Archives/edgar/data/1604868/0001604868-25-000026-index.html,8-K,2025-08-11,2025-08-11,2025-08-11,0001604868-25-000026,https://www.sec.gov/Archives/edgar/data/1604868/000160486825000026/grwg-20250811.htm,https://www.sec.gov/Archives/edgar/data/1604868/000160486825000026/grwg-20250811.htm,2025-08-11,2025-08-11 16:07:11,https://www.sec.gov/Archives/edgar/data/1604868/0001604868-25-000026-index.html,Item 7.01; Item 9.01,Item 7.01; Item 9.01,ListingChange,Tier-1,https://www.sec.gov/Archives/edgar/data/1604868/000160486825000026/grwg-20250811.htm,,Tier-1,2025-08-11,https://www.sec.gov/Archives/edgar/data/1604868/000160486825000026/grwg-20250811.htm,https://www.sec.gov/Archives/edgar/data/1604868/0001604868-25-000026-index.html
GRWG,GrowGeneration Corp.,0001604868,2025-06-09,ListingChange,Tier-1,https://www.sec.gov/Archives/edgar/data/1604868/000160486825000018/grwg-20250609.htm,https://www.sec.gov/Archives/edgar/data/1604868/0001604868-25-000018-index.html,8-K,2025-06-09,2025-06-09,2025-06-09,0001604868-25-000018,https://www.sec.gov/Archives/edgar/data/1604868/000160486825000018/grwg-20250609.htm,https://www.sec.gov/Archives/edgar/data/1604868/000160486825000018/grwg-20250609.htm,2025-06-09,2025-06-09 08:01:47,https://www.sec.gov/Archives/edgar/data/1604868/0001604868-25-000018-index.html,Item 8.01; Item 9.01,Item 8.01; Item 9.01,ListingChange,Tier-1,https://www.sec.gov/Archives/edgar/data/1604868/000160486825000018/grwg-20250609.htm,,Tier-1,2025-06-09,https://www.sec.gov/Archives/edgar/data/1604868/000160486825000018/grwg-20250609.htm,https://www.sec.gov/Archives/edgar/data/1604868/0001604868-25-000018-index.html
GSRF,GSR IV Acquisition Corp.,0002072404,2025-10-17,ATM,Tier-1,https://www.sec.gov/Archives/edgar/data/2072404/000121390025101769/ea0262318-8k_gsr4.htm,https://www.sec.gov/Archives/edgar/data/2072404/0001213900-25-101769-index.html,8-K,2025-10-24,2025-10-17,2025-10-17,0001213900-25-101769,https://www.sec.gov/Archives/edgar/data/2072404/000121390025101769/ea0262318-8k_gsr4.htm,https://www.sec.gov/Archives/edgar/data/2072404/000121390025101769/ea0262318-8k_gsr4.htm,2025-10-17,2025-10-23 17:55:34,https://www.sec.gov/Archives/edgar/data/2072404/0001213900-25-101769-index.html,Item 8.01; Item 9.01,Item 8.01; Item 9.01,ATM,Tier-1,https://www.sec.gov/Archives/edgar/data/2072404/000121390025101769/ea0262318-8k_gsr4.htm,,Tier-1,2025-10-17,https://www.sec.gov/Archives/edgar/data/2072404/000121390025101769/ea0262318-8k_gsr4.htm,https://www.sec.gov/Archives/edgar/data/2072404/0001213900-25-101769-index.html
GSRF,GSR IV Acquisition Corp.,0002072404,2025-09-02,ATM,Tier-1,https://www.sec.gov/Archives/edgar/data/2072404/000121390025085027/ea0256171-8k_gsracq4.htm,https://www.sec.gov/Archives/edgar/data/2072404/0001213900-25-085027-index.html,8-K,2025-09-05,2025-09-02,2025-09-02,0001213900-25-085027,https://www.sec.gov/Archives/edgar/data/2072404/000121390025085027/ea0256171-8k_gsracq4.htm,https://www.sec.gov/Archives/edgar/data/2072404/000121390025085027/ea0256171-8k_gsracq4.htm,2025-09-02,2025-09-05 16:12:26,https://www.sec.gov/Archives/edgar/data/2072404/0001213900-25-085027-index.html,Item 1.01; Item 3.02; Item 8.01; Item 9.01,Item 1.01; Item 3.02; Item 8.01; Item 9.01,ATM,Tier-1,https://www.sec.gov/Archives/edgar/data/2072404/000121390025085027/ea0256171-8k_gsracq4.htm,,Tier-1,2025-09-02,https://www.sec.gov/Archives/edgar/data/2072404/000121390025085027/ea0256171-8k_gsracq4.htm,https://www.sec.gov/Archives/edgar/data/2072404/0001213900-25-085027-index.html
GSRF,GSR IV Acquisition Corp.,0002072404,2025-09-05,ATM,Tier-1,https://www.sec.gov/Archives/edgar/data/2072404/000121390025086822/ea0256904-8k_gsracq4.htm,https://www.sec.gov/Archives/edgar/data/2072404/0001213900-25-086822-index.html,8-K,2025-09-11,2025-09-05,2025-09-05,0001213900-25-086822,https://www.sec.gov/Archives/edgar/data/2072404/000121390025086822/ea0256904-8k_gsracq4.htm,https://www.sec.gov/Archives/edgar/data/2072404/000121390025086822/ea0256904-8k_gsracq4.htm,2025-09-05,2025-09-11 16:01:33,https://www.sec.gov/Archives/edgar/data/2072404/0001213900-25-086822-index.html,Item 8.01; Item 9.01,Item 8.01; Item 9.01,ATM,Tier-1,https://www.sec.gov/Archives/edgar/data/2072404/000121390025086822/ea0256904-8k_gsracq4.htm,,Tier-1,2025-09-05,https://www.sec.gov/Archives/edgar/data/2072404/000121390025086822/ea0256904-8k_gsracq4.htm,https://www.sec.gov/Archives/edgar/data/2072404/0001213900-25-086822-index.html
GUTS,"FRACTYL HEALTH, INC.",0001572616,2025-10-03,ATM,Tier-1,https://www.sec.gov/Archives/edgar/data/1572616/000119312525230096/guts-20251003.htm,https://www.sec.gov/Archives/edgar/data/1572616/0001193125-25-230096-index.html,8-K,2025-10-03,2025-10-03,2025-10-03,0001193125-25-230096,https://www.sec.gov/Archives/edgar/data/1572616/000119312525230096/guts-20251003.htm,https://www.sec.gov/Archives/edgar/data/1572616/000119312525230096/guts-20251003.htm,2025-10-03,2025-10-03 16:05:27,https://www.sec.gov/Archives/edgar/data/1572616/0001193125-25-230096-index.html,Item 5.07,Item 5.07,ATM,Tier-1,https://www.sec.gov/Archives/edgar/data/1572616/000119312525230096/guts-20251003.htm,,Tier-1,2025-10-03,https://www.sec.gov/Archives/edgar/data/1572616/000119312525230096/guts-20251003.htm,https://www.sec.gov/Archives/edgar/data/1572616/0001193125-25-230096-index.html
GUTS,"FRACTYL HEALTH, INC.",0001572616,2025-09-26,ATM,Tier-1,https://www.sec.gov/Archives/edgar/data/1572616/000119312525218515/d140541d8k.htm,https://www.sec.gov/Archives/edgar/data/1572616/0001193125-25-218515-index.html,8-K,2025-09-26,2025-09-26,2025-09-26,0001193125-25-218515,https://www.sec.gov/Archives/edgar/data/1572616/000119312525218515/d140541d8k.htm,https://www.sec.gov/Archives/edgar/data/1572616/000119312525218515/d140541d8k.htm,2025-09-26,2025-09-26 07:20:09,https://www.sec.gov/Archives/edgar/data/1572616/0001193125-25-218515-index.html,Item 1.01; Item 7.01; Item 9.01,Item 1.01; Item 7.01; Item 9.01,ATM,Tier-1,https://www.sec.gov/Archives/edgar/data/1572616/000119312525218515/d140541d8k.htm,,Tier-1,2025-09-26,https://www.sec.gov/Archives/edgar/data/1572616/000119312525218515/d140541d8k.htm,https://www.sec.gov/Archives/edgar/data/1572616/0001193125-25-218515-index.html
GUTS,"FRACTYL HEALTH, INC.",0001572616,2025-11-12,ATM,Tier-1,https://www.sec.gov/Archives/edgar/data/1572616/000119312525277524/guts-20251112.htm,https://www.sec.gov/Archives/edgar/data/1572616/0001193125-25-277524-index.html,8-K,2025-11-12,2025-11-12,2025-11-12,0001193125-25-277524,https://www.sec.gov/Archives/edgar/data/1572616/000119312525277524/guts-20251112.htm,https://www.sec.gov/Archives/edgar/data/1572616/000119312525277524/guts-20251112.htm,2025-11-12,2025-11-12 16:05:32,https://www.sec.gov/Archives/edgar/data/1572616/0001193125-25-277524-index.html,Item 2.02; Item 9.01,Item 2.02; Item 9.01,ATM,Tier-1,https://www.sec.gov/Archives/edgar/data/1572616/000119312525277524/guts-20251112.htm,,Tier-1,2025-11-12,https://www.sec.gov/Archives/edgar/data/1572616/000119312525277524/guts-20251112.htm,https://www.sec.gov/Archives/edgar/data/1572616/0001193125-25-277524-index.html
GUTS,"FRACTYL HEALTH, INC.",0001572616,2025-09-26,ATM,Tier-1,https://www.sec.gov/Archives/edgar/data/1572616/000119312525218508/d870124d8k.htm,https://www.sec.gov/Archives/edgar/data/1572616/0001193125-25-218508-index.html,8-K,2025-09-26,2025-09-26,2025-09-26,0001193125-25-218508,https://www.sec.gov/Archives/edgar/data/1572616/000119312525218508/d870124d8k.htm,https://www.sec.gov/Archives/edgar/data/1572616/000119312525218508/d870124d8k.htm,2025-09-26,2025-09-26 07:05:16,https://www.sec.gov/Archives/edgar/data/1572616/0001193125-25-218508-index.html,Item 7.01; Item 8.01; Item 9.01,Item 7.01; Item 8.01; Item 9.01,ATM,Tier-1,https://www.sec.gov/Archives/edgar/data/1572616/000119312525218508/d870124d8k.htm,,Tier-1,2025-09-26,https://www.sec.gov/Archives/edgar/data/1572616/000119312525218508/d870124d8k.htm,https://www.sec.gov/Archives/edgar/data/1572616/0001193125-25-218508-index.html
GUTS,"FRACTYL HEALTH, INC.",0001572616,2025-08-06,ATM,Tier-1,https://www.sec.gov/Archives/edgar/data/1572616/000119312525175581/d944083d8k.htm,https://www.sec.gov/Archives/edgar/data/1572616/0001193125-25-175581-index.html,8-K,2025-08-07,2025-08-06,2025-08-06,0001193125-25-175581,https://www.sec.gov/Archives/edgar/data/1572616/000119312525175581/d944083d8k.htm,https://www.sec.gov/Archives/edgar/data/1572616/000119312525175581/d944083d8k.htm,2025-08-06,2025-08-07 17:23:44,https://www.sec.gov/Archives/edgar/data/1572616/0001193125-25-175581-index.html,Item 1.01; Item 9.01,Item 1.01; Item 9.01,ATM,Tier-1,https://www.sec.gov/Archives/edgar/data/1572616/000119312525175581/d944083d8k.htm,,Tier-1,2025-08-06,https://www.sec.gov/Archives/edgar/data/1572616/000119312525175581/d944083d8k.htm,https://www.sec.gov/Archives/edgar/data/1572616/0001193125-25-175581-index.html
GUTS,"FRACTYL HEALTH, INC.",0001572616,2025-08-12,ATM,Tier-1,https://www.sec.gov/Archives/edgar/data/1572616/000095017025107295/guts-20250812.htm,https://www.sec.gov/Archives/edgar/data/1572616/0000950170-25-107295-index.html,8-K,2025-08-12,2025-08-12,2025-08-12,0000950170-25-107295,https://www.sec.gov/Archives/edgar/data/1572616/000095017025107295/guts-20250812.htm,https://www.sec.gov/Archives/edgar/data/1572616/000095017025107295/guts-20250812.htm,2025-08-12,2025-08-12 16:05:42,https://www.sec.gov/Archives/edgar/data/1572616/0000950170-25-107295-index.html,Item 2.02; Item 9.01,Item 2.02; Item 9.01,ATM,Tier-1,https://www.sec.gov/Archives/edgar/data/1572616/000095017025107295/guts-20250812.htm,,Tier-1,2025-08-12,https://www.sec.gov/Archives/edgar/data/1572616/000095017025107295/guts-20250812.htm,https://www.sec.gov/Archives/edgar/data/1572616/0000950170-25-107295-index.html
GUTS,"FRACTYL HEALTH, INC.",0001572616,2025-06-23,ATM,Tier-1,https://www.sec.gov/Archives/edgar/data/1572616/000095017025088710/guts-20250623.htm,https://www.sec.gov/Archives/edgar/data/1572616/0000950170-25-088710-index.html,8-K,2025-06-23,2025-06-23,2025-06-23,0000950170-25-088710,https://www.sec.gov/Archives/edgar/data/1572616/000095017025088710/guts-20250623.htm,https://www.sec.gov/Archives/edgar/data/1572616/000095017025088710/guts-20250623.htm,2025-06-23,2025-06-23 07:45:27,https://www.sec.gov/Archives/edgar/data/1572616/0000950170-25-088710-index.html,Item 7.01; Item 8.01; Item 9.01,Item 7.01; Item 8.01; Item 9.01,ATM,Tier-1,https://www.sec.gov/Archives/edgar/data/1572616/000095017025088710/guts-20250623.htm,,Tier-1,2025-06-23,https://www.sec.gov/Archives/edgar/data/1572616/000095017025088710/guts-20250623.htm,https://www.sec.gov/Archives/edgar/data/1572616/0000950170-25-088710-index.html
GUTS,"FRACTYL HEALTH, INC.",0001572616,2025-06-18,ATM,Tier-1,https://www.sec.gov/Archives/edgar/data/1572616/000095017025087678/guts-20250618.htm,https://www.sec.gov/Archives/edgar/data/1572616/0000950170-25-087678-index.html,8-K,2025-06-18,2025-06-18,2025-06-18,0000950170-25-087678,https://www.sec.gov/Archives/edgar/data/1572616/000095017025087678/guts-20250618.htm,https://www.sec.gov/Archives/edgar/data/1572616/000095017025087678/guts-20250618.htm,2025-06-18,2025-06-18 07:05:27,https://www.sec.gov/Archives/edgar/data/1572616/0000950170-25-087678-index.html,Item 7.01; Item 8.01; Item 9.01,Item 7.01; Item 8.01; Item 9.01,ATM,Tier-1,https://www.sec.gov/Archives/edgar/data/1572616/000095017025087678/guts-20250618.htm,,Tier-1,2025-06-18,https://www.sec.gov/Archives/edgar/data/1572616/000095017025087678/guts-20250618.htm,https://www.sec.gov/Archives/edgar/data/1572616/0000950170-25-087678-index.html
HCMA,HCM III ACQUISITION CORP.,0002069856,2025-09-19,ATM,Tier-1,https://www.sec.gov/Archives/edgar/data/2069856/000121390025089356/ea0257932-8k_hcm3.htm,https://www.sec.gov/Archives/edgar/data/2069856/0001213900-25-089356-index.html,8-K,2025-09-19,2025-09-19,2025-09-19,0001213900-25-089356,https://www.sec.gov/Archives/edgar/data/2069856/000121390025089356/ea0257932-8k_hcm3.htm,https://www.sec.gov/Archives/edgar/data/2069856/000121390025089356/ea0257932-8k_hcm3.htm,2025-09-19,2025-09-19 12:16:29,https://www.sec.gov/Archives/edgar/data/2069856/0001213900-25-089356-index.html,Item 8.01; Item 9.01,Item 8.01; Item 9.01,ATM,Tier-1,https://www.sec.gov/Archives/edgar/data/2069856/000121390025089356/ea0257932-8k_hcm3.htm,,Tier-1,2025-09-19,https://www.sec.gov/Archives/edgar/data/2069856/000121390025089356/ea0257932-8k_hcm3.htm,https://www.sec.gov/Archives/edgar/data/2069856/0001213900-25-089356-index.html
HCMA,HCM III ACQUISITION CORP.,0002069856,2025-08-19,ATM,Tier-1,https://www.sec.gov/Archives/edgar/data/2069856/000121390025078540/ea0253622-8k_hcm3.htm,https://www.sec.gov/Archives/edgar/data/2069856/0001213900-25-078540-index.html,8-K,2025-08-19,2025-08-19,2025-08-19,0001213900-25-078540,https://www.sec.gov/Archives/edgar/data/2069856/000121390025078540/ea0253622-8k_hcm3.htm,https://www.sec.gov/Archives/edgar/data/2069856/000121390025078540/ea0253622-8k_hcm3.htm,2025-08-19,2025-08-19 16:44:42,https://www.sec.gov/Archives/edgar/data/2069856/0001213900-25-078540-index.html,Item 1.01; Item 8.01; Item 9.01,Item 1.01; Item 8.01; Item 9.01,ATM,Tier-1,https://www.sec.gov/Archives/edgar/data/2069856/000121390025078540/ea0253622-8k_hcm3.htm,,Tier-1,2025-08-19,https://www.sec.gov/Archives/edgar/data/2069856/000121390025078540/ea0253622-8k_hcm3.htm,https://www.sec.gov/Archives/edgar/data/2069856/0001213900-25-078540-index.html
HCMA,HCM III ACQUISITION CORP.,0002069856,2025-07-31,ATM,Tier-1,https://www.sec.gov/Archives/edgar/data/2069856/000121390025071597/ea0251478-8k_hcm3.htm,https://www.sec.gov/Archives/edgar/data/2069856/0001213900-25-071597-index.html,8-K,2025-08-05,2025-07-31,2025-07-31,0001213900-25-071597,https://www.sec.gov/Archives/edgar/data/2069856/000121390025071597/ea0251478-8k_hcm3.htm,https://www.sec.gov/Archives/edgar/data/2069856/000121390025071597/ea0251478-8k_hcm3.htm,2025-07-31,2025-08-04 19:19:47,https://www.sec.gov/Archives/edgar/data/2069856/0001213900-25-071597-index.html,Item 9.01,Item 9.01,ATM,Tier-1,https://www.sec.gov/Archives/edgar/data/2069856/000121390025071597/ea0251478-8k_hcm3.htm,,Tier-1,2025-07-31,https://www.sec.gov/Archives/edgar/data/2069856/000121390025071597/ea0251478-8k_hcm3.htm,https://www.sec.gov/Archives/edgar/data/2069856/0001213900-25-071597-index.html
HIT,"Health In Tech, Inc.",0002019505,2025-11-10,ATM,Tier-1,https://www.sec.gov/Archives/edgar/data/2019505/000121390025108537/ea0265132-8k_health.htm,https://www.sec.gov/Archives/edgar/data/2019505/0001213900-25-108537-index.html,8-K,2025-11-12,2025-11-10,2025-11-10,0001213900-25-108537,https://www.sec.gov/Archives/edgar/data/2019505/000121390025108537/ea0265132-8k_health.htm,https://www.sec.gov/Archives/edgar/data/2019505/000121390025108537/ea0265132-8k_health.htm,2025-11-10,2025-11-12 06:22:17,https://www.sec.gov/Archives/edgar/data/2019505/0001213900-25-108537-index.html,Item 7.01; Item 9.01,Item 7.01; Item 9.01,ATM,Tier-1,https://www.sec.gov/Archives/edgar/data/2019505/000121390025108537/ea0265132-8k_health.htm,,Tier-1,2025-11-10,https://www.sec.gov/Archives/edgar/data/2019505/000121390025108537/ea0265132-8k_health.htm,https://www.sec.gov/Archives/edgar/data/2019505/0001213900-25-108537-index.html
HIT,"Health In Tech, Inc.",0002019505,2025-11-10,ATM,Tier-1,https://www.sec.gov/Archives/edgar/data/2019505/000121390025108530/ea0265129-8k_healthin.htm,https://www.sec.gov/Archives/edgar/data/2019505/0001213900-25-108530-index.html,8-K,2025-11-12,2025-11-10,2025-11-10,0001213900-25-108530,https://www.sec.gov/Archives/edgar/data/2019505/000121390025108530/ea0265129-8k_healthin.htm,https://www.sec.gov/Archives/edgar/data/2019505/000121390025108530/ea0265129-8k_healthin.htm,2025-11-10,2025-11-12 06:20:35,https://www.sec.gov/Archives/edgar/data/2019505/0001213900-25-108530-index.html,Item 2.02; Item 7.01; Item 9.01,Item 2.02; Item 7.01; Item 9.01,ATM,Tier-1,https://www.sec.gov/Archives/edgar/data/2019505/000121390025108530/ea0265129-8k_healthin.htm,,Tier-1,2025-11-10,https://www.sec.gov/Archives/edgar/data/2019505/000121390025108530/ea0265129-8k_healthin.htm,https://www.sec.gov/Archives/edgar/data/2019505/0001213900-25-108530-index.html
HIT,"Health In Tech, Inc.",0002019505,2025-10-03,ATM,Tier-1,https://www.sec.gov/Archives/edgar/data/2019505/000121390025096221/ea0260290-8k_health.htm,https://www.sec.gov/Archives/edgar/data/2019505/0001213900-25-096221-index.html,8-K,2025-10-06,2025-10-03,2025-10-03,0001213900-25-096221,https://www.sec.gov/Archives/edgar/data/2019505/000121390025096221/ea0260290-8k_health.htm,https://www.sec.gov/Archives/edgar/data/2019505/000121390025096221/ea0260290-8k_health.htm,2025-10-03,2025-10-03 18:25:25,https://www.sec.gov/Archives/edgar/data/2019505/0001213900-25-096221-index.html,Item 5.07,Item 5.07,ATM,Tier-1,https://www.sec.gov/Archives/edgar/data/2019505/000121390025096221/ea0260290-8k_health.htm,,Tier-1,2025-10-03,https://www.sec.gov/Archives/edgar/data/2019505/000121390025096221/ea0260290-8k_health.htm,https://www.sec.gov/Archives/edgar/data/2019505/0001213900-25-096221-index.html
HIT,"Health In Tech, Inc.",0002019505,2025-11-10,ATM,Tier-1,https://www.sec.gov/Archives/edgar/data/2019505/000121390025108520/ea0265121-8k_health.htm,https://www.sec.gov/Archives/edgar/data/2019505/0001213900-25-108520-index.html,8-K,2025-11-12,2025-11-10,2025-11-10,0001213900-25-108520,https://www.sec.gov/Archives/edgar/data/2019505/000121390025108520/ea0265121-8k_health.htm,https://www.sec.gov/Archives/edgar/data/2019505/000121390025108520/ea0265121-8k_health.htm,2025-11-10,2025-11-12 06:18:47,https://www.sec.gov/Archives/edgar/data/2019505/0001213900-25-108520-index.html,Item 7.01; Item 9.01,Item 7.01; Item 9.01,ATM,Tier-1,https://www.sec.gov/Archives/edgar/data/2019505/000121390025108520/ea0265121-8k_health.htm,,Tier-1,2025-11-10,https://www.sec.gov/Archives/edgar/data/2019505/000121390025108520/ea0265121-8k_health.htm,https://www.sec.gov/Archives/edgar/data/2019505/0001213900-25-108520-index.html
HIT,"Health In Tech, Inc.",0002019505,2025-07-21,ATM,Tier-1,https://www.sec.gov/Archives/edgar/data/2019505/000121390025066154/ea0249715-8k_health.htm,https://www.sec.gov/Archives/edgar/data/2019505/0001213900-25-066154-index.html,8-K,2025-07-21,2025-07-21,2025-07-21,0001213900-25-066154,https://www.sec.gov/Archives/edgar/data/2019505/000121390025066154/ea0249715-8k_health.htm,https://www.sec.gov/Archives/edgar/data/2019505/000121390025066154/ea0249715-8k_health.htm,2025-07-21,2025-07-21 16:35:27,https://www.sec.gov/Archives/edgar/data/2019505/0001213900-25-066154-index.html,Item 2.02; Item 7.01; Item 9.01,Item 2.02; Item 7.01; Item 9.01,ATM,Tier-1,https://www.sec.gov/Archives/edgar/data/2019505/000121390025066154/ea0249715-8k_health.htm,,Tier-1,2025-07-21,https://www.sec.gov/Archives/edgar/data/2019505/000121390025066154/ea0249715-8k_health.htm,https://www.sec.gov/Archives/edgar/data/2019505/0001213900-25-066154-index.html
HIT,"Health In Tech, Inc.",0002019505,2025-07-21,ATM,Tier-1,https://www.sec.gov/Archives/edgar/data/2019505/000121390025066191/ea0249627-8k_health.htm,https://www.sec.gov/Archives/edgar/data/2019505/0001213900-25-066191-index.html,8-K,2025-07-21,2025-07-21,2025-07-21,0001213900-25-066191,https://www.sec.gov/Archives/edgar/data/2019505/000121390025066191/ea0249627-8k_health.htm,https://www.sec.gov/Archives/edgar/data/2019505/000121390025066191/ea0249627-8k_health.htm,2025-07-21,2025-07-21 17:00:47,https://www.sec.gov/Archives/edgar/data/2019505/0001213900-25-066191-index.html,Item 7.01; Item 9.01,Item 7.01; Item 9.01,ATM,Tier-1,https://www.sec.gov/Archives/edgar/data/2019505/000121390025066191/ea0249627-8k_health.htm,,Tier-1,2025-07-21,https://www.sec.gov/Archives/edgar/data/2019505/000121390025066191/ea0249627-8k_health.htm,https://www.sec.gov/Archives/edgar/data/2019505/0001213900-25-066191-index.html
HNVR,"Hanover Bancorp, Inc. /MD",0001828588,2025-11-11,ATM,Tier-1,https://www.sec.gov/Archives/edgar/data/1828588/000110465925109407/hnvr-20251111x8k.htm,https://www.sec.gov/Archives/edgar/data/1828588/0001104659-25-109407-index.html,8-K,2025-11-12,2025-11-11,2025-11-11,0001104659-25-109407,https://www.sec.gov/Archives/edgar/data/1828588/000110465925109407/hnvr-20251111x8k.htm,https://www.sec.gov/Archives/edgar/data/1828588/000110465925109407/hnvr-20251111x8k.htm,2025-11-11,2025-11-10 19:23:42,https://www.sec.gov/Archives/edgar/data/1828588/0001104659-25-109407-index.html,Item 7.01; Item 9.01,Item 7.01; Item 9.01,ATM,Tier-1,https://www.sec.gov/Archives/edgar/data/1828588/000110465925109407/hnvr-20251111x8k.htm,,Tier-1,2025-11-11,https://www.sec.gov/Archives/edgar/data/1828588/000110465925109407/hnvr-20251111x8k.htm,https://www.sec.gov/Archives/edgar/data/1828588/0001104659-25-109407-index.html
HNVR,"Hanover Bancorp, Inc. /NY",0001828588,2025-09-04,ATM,Tier-1,https://www.sec.gov/Archives/edgar/data/1828588/000155837025011861/hnvr-20250904x8k.htm,https://www.sec.gov/Archives/edgar/data/1828588/0001558370-25-011861-index.html,8-K,2025-09-04,2025-09-04,2025-09-04,0001558370-25-011861,https://www.sec.gov/Archives/edgar/data/1828588/000155837025011861/hnvr-20250904x8k.htm,https://www.sec.gov/Archives/edgar/data/1828588/000155837025011861/hnvr-20250904x8k.htm,2025-09-04,2025-09-04 07:00:31,https://www.sec.gov/Archives/edgar/data/1828588/0001558370-25-011861-index.html,Item 7.01; Item 9.01,Item 7.01; Item 9.01,ATM,Tier-1,https://www.sec.gov/Archives/edgar/data/1828588/000155837025011861/hnvr-20250904x8k.htm,,Tier-1,2025-09-04,https://www.sec.gov/Archives/edgar/data/1828588/000155837025011861/hnvr-20250904x8k.htm,https://www.sec.gov/Archives/edgar/data/1828588/0001558370-25-011861-index.html
HNVR,"Hanover Bancorp, Inc. /NY",0001828588,2025-06-18,ATM,Tier-1,https://www.sec.gov/Archives/edgar/data/1828588/000155837025008709/hnvr-20250618x8k.htm,https://www.sec.gov/Archives/edgar/data/1828588/0001558370-25-008709-index.html,8-K,2025-06-18,2025-06-18,2025-06-18,0001558370-25-008709,https://www.sec.gov/Archives/edgar/data/1828588/000155837025008709/hnvr-20250618x8k.htm,https://www.sec.gov/Archives/edgar/data/1828588/000155837025008709/hnvr-20250618x8k.htm,2025-06-18,2025-06-18 07:00:51,https://www.sec.gov/Archives/edgar/data/1828588/0001558370-25-008709-index.html,Item 7.01; Item 9.01,Item 7.01; Item 9.01,ATM,Tier-1,https://www.sec.gov/Archives/edgar/data/1828588/000155837025008709/hnvr-20250618x8k.htm,,Tier-1,2025-06-18,https://www.sec.gov/Archives/edgar/data/1828588/000155837025008709/hnvr-20250618x8k.htm,https://www.sec.gov/Archives/edgar/data/1828588/0001558370-25-008709-index.html
HOVR,New Horizon Aircraft Ltd.,0001930021,2025-11-25,ATM,Tier-1,https://www.sec.gov/Archives/edgar/data/1930021/000121390025115105/ea0267249-8k_newhorizon.htm,https://www.sec.gov/Archives/edgar/data/1930021/0001213900-25-115105-index.html,8-K,2025-11-26,2025-11-25,2025-11-25,0001213900-25-115105,https://www.sec.gov/Archives/edgar/data/1930021/000121390025115105/ea0267249-8k_newhorizon.htm,https://www.sec.gov/Archives/edgar/data/1930021/000121390025115105/ea0267249-8k_newhorizon.htm,2025-11-25,2025-11-26 08:36:24,https://www.sec.gov/Archives/edgar/data/1930021/0001213900-25-115105-index.html,Item 7.01; Item 9.01,Item 7.01; Item 9.01,ATM,Tier-1,https://www.sec.gov/Archives/edgar/data/1930021/000121390025115105/ea0267249-8k_newhorizon.htm,,Tier-1,2025-11-25,https://www.sec.gov/Archives/edgar/data/1930021/000121390025115105/ea0267249-8k_newhorizon.htm,https://www.sec.gov/Archives/edgar/data/1930021/0001213900-25-115105-index.html
HOVR,New Horizon Aircraft Ltd.,0001930021,2025-10-31,ATM,Tier-1,https://www.sec.gov/Archives/edgar/data/1930021/000121390025104674/ea0263394-8k_newhorizon.htm,https://www.sec.gov/Archives/edgar/data/1930021/0001213900-25-104674-index.html,8-K,2025-10-31,2025-10-31,2025-10-31,0001213900-25-104674,https://www.sec.gov/Archives/edgar/data/1930021/000121390025104674/ea0263394-8k_newhorizon.htm,https://www.sec.gov/Archives/edgar/data/1930021/000121390025104674/ea0263394-8k_newhorizon.htm,2025-10-31,2025-10-31 16:06:54,https://www.sec.gov/Archives/edgar/data/1930021/0001213900-25-104674-index.html,Item 8.01; Item 9.01,Item 8.01; Item 9.01,ATM,Tier-1,https://www.sec.gov/Archives/edgar/data/1930021/000121390025104674/ea0263394-8k_newhorizon.htm,,Tier-1,2025-10-31,https://www.sec.gov/Archives/edgar/data/1930021/000121390025104674/ea0263394-8k_newhorizon.htm,https://www.sec.gov/Archives/edgar/data/1930021/0001213900-25-104674-index.html
HOVR,New Horizon Aircraft Ltd.,0001930021,2025-10-10,ATM,Tier-1,https://www.sec.gov/Archives/edgar/data/1930021/000121390025097943/ea0260851-8k_newhorizon.htm,https://www.sec.gov/Archives/edgar/data/1930021/0001213900-25-097943-index.html,8-K,2025-10-10,2025-10-10,2025-10-10,0001213900-25-097943,https://www.sec.gov/Archives/edgar/data/1930021/000121390025097943/ea0260851-8k_newhorizon.htm,https://www.sec.gov/Archives/edgar/data/1930021/000121390025097943/ea0260851-8k_newhorizon.htm,2025-10-10,2025-10-10 08:37:46,https://www.sec.gov/Archives/edgar/data/1930021/0001213900-25-097943-index.html,Item 2.02; Item 9.01,Item 2.02; Item 9.01,ATM,Tier-1,https://www.sec.gov/Archives/edgar/data/1930021/000121390025097943/ea0260851-8k_newhorizon.htm,,Tier-1,2025-10-10,https://www.sec.gov/Archives/edgar/data/1930021/000121390025097943/ea0260851-8k_newhorizon.htm,https://www.sec.gov/Archives/edgar/data/1930021/0001213900-25-097943-index.html
HOVR,New Horizon Aircraft Ltd.,0001930021,2025-06-27,ATM,Tier-1,https://www.sec.gov/Archives/edgar/data/1930021/000121390025059095/ea0246663-8k_newhorizon.htm,https://www.sec.gov/Archives/edgar/data/1930021/0001213900-25-059095-index.html,8-K,2025-06-27,2025-06-27,2025-06-27,0001213900-25-059095,https://www.sec.gov/Archives/edgar/data/1930021/000121390025059095/ea0246663-8k_newhorizon.htm,https://www.sec.gov/Archives/edgar/data/1930021/000121390025059095/ea0246663-8k_newhorizon.htm,2025-06-27,2025-06-27 17:04:56,https://www.sec.gov/Archives/edgar/data/1930021/0001213900-25-059095-index.html,Item 8.01; Item 9.01,Item 8.01; Item 9.01,ATM,Tier-1,https://www.sec.gov/Archives/edgar/data/1930021/000121390025059095/ea0246663-8k_newhorizon.htm,,Tier-1,2025-06-27,https://www.sec.gov/Archives/edgar/data/1930021/000121390025059095/ea0246663-8k_newhorizon.htm,https://www.sec.gov/Archives/edgar/data/1930021/0001213900-25-059095-index.html
HOVR,New Horizon Aircraft Ltd.,0001930021,2025-06-26,ATM,Tier-1,https://www.sec.gov/Archives/edgar/data/1930021/000121390025058626/ea0247256-8k_newhorizon.htm,https://www.sec.gov/Archives/edgar/data/1930021/0001213900-25-058626-index.html,8-K,2025-06-27,2025-06-26,2025-06-26,0001213900-25-058626,https://www.sec.gov/Archives/edgar/data/1930021/000121390025058626/ea0247256-8k_newhorizon.htm,https://www.sec.gov/Archives/edgar/data/1930021/000121390025058626/ea0247256-8k_newhorizon.htm,2025-06-26,2025-06-27 08:40:28,https://www.sec.gov/Archives/edgar/data/1930021/0001213900-25-058626-index.html,Item 7.01; Item 9.01,Item 7.01; Item 9.01,ATM,Tier-1,https://www.sec.gov/Archives/edgar/data/1930021/000121390025058626/ea0247256-8k_newhorizon.htm,,Tier-1,2025-06-26,https://www.sec.gov/Archives/edgar/data/1930021/000121390025058626/ea0247256-8k_newhorizon.htm,https://www.sec.gov/Archives/edgar/data/1930021/0001213900-25-058626-index.html
HOWL,"Werewolf Therapeutics, Inc.",0001785530,2025-11-04,ATM,Tier-1,https://www.sec.gov/Archives/edgar/data/1785530/000178553025000030/howl-20251104.htm,https://www.sec.gov/Archives/edgar/data/1785530/0001785530-25-000030-index.html,8-K,2025-11-04,2025-11-04,2025-11-04,0001785530-25-000030,https://www.sec.gov/Archives/edgar/data/1785530/000178553025000030/howl-20251104.htm,https://www.sec.gov/Archives/edgar/data/1785530/000178553025000030/howl-20251104.htm,2025-11-04,2025-11-04 07:07:08,https://www.sec.gov/Archives/edgar/data/1785530/0001785530-25-000030-index.html,Item 2.02; Item 9.01,Item 2.02; Item 9.01,ATM,Tier-1,https://www.sec.gov/Archives/edgar/data/1785530/000178553025000030/howl-20251104.htm,,Tier-1,2025-11-04,https://www.sec.gov/Archives/edgar/data/1785530/000178553025000030/howl-20251104.htm,https://www.sec.gov/Archives/edgar/data/1785530/0001785530-25-000030-index.html
HOWL,"Werewolf Therapeutics, Inc.",0001785530,2025-08-14,ATM,Tier-1,https://www.sec.gov/Archives/edgar/data/1785530/000178553025000020/howl-20250814.htm,https://www.sec.gov/Archives/edgar/data/1785530/0001785530-25-000020-index.html,8-K,2025-08-14,2025-08-14,2025-08-14,0001785530-25-000020,https://www.sec.gov/Archives/edgar/data/1785530/000178553025000020/howl-20250814.htm,https://www.sec.gov/Archives/edgar/data/1785530/000178553025000020/howl-20250814.htm,2025-08-14,2025-08-14 07:06:21,https://www.sec.gov/Archives/edgar/data/1785530/0001785530-25-000020-index.html,Item 2.02; Item 7.01; Item 9.01,Item 2.02; Item 7.01; Item 9.01,ATM,Tier-1,https://www.sec.gov/Archives/edgar/data/1785530/000178553025000020/howl-20250814.htm,,Tier-1,2025-08-14,https://www.sec.gov/Archives/edgar/data/1785530/000178553025000020/howl-20250814.htm,https://www.sec.gov/Archives/edgar/data/1785530/0001785530-25-000020-index.html
HRZN,Horizon Technology Finance Corp,0001487428,2025-10-28,ATM,Tier-1,https://www.sec.gov/Archives/edgar/data/1487428/000143774925032019/hrzn20251028_8k.htm,https://www.sec.gov/Archives/edgar/data/1487428/0001437749-25-032019-index.html,8-K,2025-10-28,2025-10-28,2025-10-28,0001437749-25-032019,https://www.sec.gov/Archives/edgar/data/1487428/000143774925032019/hrzn20251028_8k.htm,https://www.sec.gov/Archives/edgar/data/1487428/000143774925032019/hrzn20251028_8k.htm,2025-10-28,2025-10-28 17:14:38,https://www.sec.gov/Archives/edgar/data/1487428/0001437749-25-032019-index.html,Item 8.01; Item 9.01,Item 8.01; Item 9.01,ATM,Tier-1,https://www.sec.gov/Archives/edgar/data/1487428/000143774925032019/hrzn20251028_8k.htm,,Tier-1,2025-10-28,https://www.sec.gov/Archives/edgar/data/1487428/000143774925032019/hrzn20251028_8k.htm,https://www.sec.gov/Archives/edgar/data/1487428/0001437749-25-032019-index.html
HRZN,Horizon Technology Finance Corp,0001487428,2025-09-04,ATM,Tier-1,https://www.sec.gov/Archives/edgar/data/1487428/000143774925028475/hrzn20250903_8k.htm,https://www.sec.gov/Archives/edgar/data/1487428/0001437749-25-028475-index.html,8-K,2025-09-05,2025-09-04,2025-09-04,0001437749-25-028475,https://www.sec.gov/Archives/edgar/data/1487428/000143774925028475/hrzn20250903_8k.htm,https://www.sec.gov/Archives/edgar/data/1487428/000143774925028475/hrzn20250903_8k.htm,2025-09-04,2025-09-05 16:06:13,https://www.sec.gov/Archives/edgar/data/1487428/0001437749-25-028475-index.html,Item 1.01; Item 2.03; Item 3.02; Item 9.01,Item 1.01; Item 2.03; Item 3.02; Item 9.01,ATM,Tier-1,https://www.sec.gov/Archives/edgar/data/1487428/000143774925028475/hrzn20250903_8k.htm,,Tier-1,2025-09-04,https://www.sec.gov/Archives/edgar/data/1487428/000143774925028475/hrzn20250903_8k.htm,https://www.sec.gov/Archives/edgar/data/1487428/0001437749-25-028475-index.html
HNVR,"Hanover Bancorp, Inc. /MD",0001828588,2025-10-30,ATM,Tier-1,https://www.sec.gov/Archives/edgar/data/1828588/000110465925104347/hnvr-20251030x8k.htm,https://www.sec.gov/Archives/edgar/data/1828588/0001104659-25-104347-index.html,8-K,2025-10-30,2025-10-30,2025-10-30,0001104659-25-104347,https://www.sec.gov/Archives/edgar/data/1828588/000110465925104347/hnvr-20251030x8k.htm,https://www.sec.gov/Archives/edgar/data/1828588/000110465925104347/hnvr-20251030x8k.htm,2025-10-30,2025-10-30 16:01:12,https://www.sec.gov/Archives/edgar/data/1828588/0001104659-25-104347-index.html,Item 2.02; Item 9.01,Item 2.02; Item 9.01,ATM,Tier-1,https://www.sec.gov/Archives/edgar/data/1828588/000110465925104347/hnvr-20251030x8k.htm,,Tier-1,2025-10-30,https://www.sec.gov/Archives/edgar/data/1828588/000110465925104347/hnvr-20251030x8k.htm,https://www.sec.gov/Archives/edgar/data/1828588/0001104659-25-104347-index.html
HRZN,Horizon Technology Finance Corp,0001487428,2025-10-28,ATM,Tier-1,https://www.sec.gov/Archives/edgar/data/1487428/000143774925031987/hrzn20251028c_8k.htm,https://www.sec.gov/Archives/edgar/data/1487428/0001437749-25-031987-index.html,8-K,2025-10-28,2025-10-28,2025-10-28,0001437749-25-031987,https://www.sec.gov/Archives/edgar/data/1487428/000143774925031987/hrzn20251028c_8k.htm,https://www.sec.gov/Archives/edgar/data/1487428/000143774925031987/hrzn20251028c_8k.htm,2025-10-28,2025-10-28 16:28:24,https://www.sec.gov/Archives/edgar/data/1487428/0001437749-25-031987-index.html,Item 2.02; Item 9.01,Item 2.02; Item 9.01,ATM,Tier-1,https://www.sec.gov/Archives/edgar/data/1487428/000143774925031987/hrzn20251028c_8k.htm,,Tier-1,2025-10-28,https://www.sec.gov/Archives/edgar/data/1487428/000143774925031987/hrzn20251028c_8k.htm,https://www.sec.gov/Archives/edgar/data/1487428/0001437749-25-031987-index.html
HNVR,"Hanover Bancorp, Inc. /NY",0001828588,2025-07-23,ATM,Tier-1,https://www.sec.gov/Archives/edgar/data/1828588/000155837025009443/hnvr-20250723x8k.htm,https://www.sec.gov/Archives/edgar/data/1828588/0001558370-25-009443-index.html,8-K,2025-07-23,2025-07-23,2025-07-23,0001558370-25-009443,https://www.sec.gov/Archives/edgar/data/1828588/000155837025009443/hnvr-20250723x8k.htm,https://www.sec.gov/Archives/edgar/data/1828588/000155837025009443/hnvr-20250723x8k.htm,2025-07-23,2025-07-23 16:10:26,https://www.sec.gov/Archives/edgar/data/1828588/0001558370-25-009443-index.html,Item 2.02; Item 9.01,Item 2.02; Item 9.01,ATM,Tier-1,https://www.sec.gov/Archives/edgar/data/1828588/000155837025009443/hnvr-20250723x8k.htm,,Tier-1,2025-07-23,https://www.sec.gov/Archives/edgar/data/1828588/000155837025009443/hnvr-20250723x8k.htm,https://www.sec.gov/Archives/edgar/data/1828588/0001558370-25-009443-index.html
HRZN,Horizon Technology Finance Corp,0001487428,2025-08-07,ATM,Tier-1,https://www.sec.gov/Archives/edgar/data/1487428/000143774925025756/hrzn20250808_8k.htm,https://www.sec.gov/Archives/edgar/data/1487428/0001437749-25-025756-index.html,8-K,2025-08-08,2025-08-07,2025-08-07,0001437749-25-025756,https://www.sec.gov/Archives/edgar/data/1487428/000143774925025756/hrzn20250808_8k.htm,https://www.sec.gov/Archives/edgar/data/1487428/000143774925025756/hrzn20250808_8k.htm,2025-08-07,2025-08-08 16:51:51,https://www.sec.gov/Archives/edgar/data/1487428/0001437749-25-025756-index.html,Item 1.01; Item 9.01,Item 1.01; Item 9.01,ATM,Tier-1,https://www.sec.gov/Archives/edgar/data/1487428/000143774925025756/hrzn20250808_8k.htm,,Tier-1,2025-08-07,https://www.sec.gov/Archives/edgar/data/1487428/000143774925025756/hrzn20250808_8k.htm,https://www.sec.gov/Archives/edgar/data/1487428/0001437749-25-025756-index.html
HRZN,Horizon Technology Finance Corp,0001487428,2025-08-07,ATM,Tier-1,https://www.sec.gov/Archives/edgar/data/1487428/000143774925025496/hrzn20250807c_8k.htm,https://www.sec.gov/Archives/edgar/data/1487428/0001437749-25-025496-index.html,8-K,2025-08-07,2025-08-07,2025-08-07,0001437749-25-025496,https://www.sec.gov/Archives/edgar/data/1487428/000143774925025496/hrzn20250807c_8k.htm,https://www.sec.gov/Archives/edgar/data/1487428/000143774925025496/hrzn20250807c_8k.htm,2025-08-07,2025-08-07 17:05:19,https://www.sec.gov/Archives/edgar/data/1487428/0001437749-25-025496-index.html,Item 8.01; Item 9.01,Item 8.01; Item 9.01,ATM,Tier-1,https://www.sec.gov/Archives/edgar/data/1487428/000143774925025496/hrzn20250807c_8k.htm,,Tier-1,2025-08-07,https://www.sec.gov/Archives/edgar/data/1487428/000143774925025496/hrzn20250807c_8k.htm,https://www.sec.gov/Archives/edgar/data/1487428/0001437749-25-025496-index.html
HRZN,Horizon Technology Finance Corp,0001487428,2025-06-09,ATM,Tier-1,https://www.sec.gov/Archives/edgar/data/1487428/000143774925019883/hrzn20250609_8k.htm,https://www.sec.gov/Archives/edgar/data/1487428/0001437749-25-019883-index.html,8-K,2025-06-09,2025-06-09,2025-06-09,0001437749-25-019883,https://www.sec.gov/Archives/edgar/data/1487428/000143774925019883/hrzn20250609_8k.htm,https://www.sec.gov/Archives/edgar/data/1487428/000143774925019883/hrzn20250609_8k.htm,2025-06-09,2025-06-09 17:17:42,https://www.sec.gov/Archives/edgar/data/1487428/0001437749-25-019883-index.html,Item 5.02; Item 7.01; Item 9.01,Item 5.02; Item 7.01; Item 9.01,ATM,Tier-1,https://www.sec.gov/Archives/edgar/data/1487428/000143774925019883/hrzn20250609_8k.htm,,Tier-1,2025-06-09,https://www.sec.gov/Archives/edgar/data/1487428/000143774925019883/hrzn20250609_8k.htm,https://www.sec.gov/Archives/edgar/data/1487428/0001437749-25-019883-index.html
HRZN,Horizon Technology Finance Corp,0001487428,2025-08-07,ATM,Tier-1,https://www.sec.gov/Archives/edgar/data/1487428/000143774925025489/hrzn20250807d_8k.htm,https://www.sec.gov/Archives/edgar/data/1487428/0001437749-25-025489-index.html,8-K,2025-08-07,2025-08-07,2025-08-07,0001437749-25-025489,https://www.sec.gov/Archives/edgar/data/1487428/000143774925025489/hrzn20250807d_8k.htm,https://www.sec.gov/Archives/edgar/data/1487428/000143774925025489/hrzn20250807d_8k.htm,2025-08-07,2025-08-07 17:00:03,https://www.sec.gov/Archives/edgar/data/1487428/0001437749-25-025489-index.html,Item 2.02; Item 9.01,Item 2.02; Item 9.01,ATM,Tier-1,https://www.sec.gov/Archives/edgar/data/1487428/000143774925025489/hrzn20250807d_8k.htm,,Tier-1,2025-08-07,https://www.sec.gov/Archives/edgar/data/1487428/000143774925025489/hrzn20250807d_8k.htm,https://www.sec.gov/Archives/edgar/data/1487428/0001437749-25-025489-index.html
HRZN,Horizon Technology Finance Corp,0001487428,2025-07-09,ATM,Tier-1,https://www.sec.gov/Archives/edgar/data/1487428/000143774925022431/hrzn20250709_8k.htm,https://www.sec.gov/Archives/edgar/data/1487428/0001437749-25-022431-index.html,8-K,2025-07-09,2025-07-09,2025-07-09,0001437749-25-022431,https://www.sec.gov/Archives/edgar/data/1487428/000143774925022431/hrzn20250709_8k.htm,https://www.sec.gov/Archives/edgar/data/1487428/000143774925022431/hrzn20250709_8k.htm,2025-07-09,2025-07-09 16:36:16,https://www.sec.gov/Archives/edgar/data/1487428/0001437749-25-022431-index.html,Item 2.02; Item 9.01,Item 2.02; Item 9.01,ATM,Tier-1,https://www.sec.gov/Archives/edgar/data/1487428/000143774925022431/hrzn20250709_8k.htm,,Tier-1,2025-07-09,https://www.sec.gov/Archives/edgar/data/1487428/000143774925022431/hrzn20250709_8k.htm,https://www.sec.gov/Archives/edgar/data/1487428/0001437749-25-022431-index.html
HRZN,Horizon Technology Finance Corp,0001487428,2025-08-07,ATM,Tier-1,https://www.sec.gov/Archives/edgar/data/1487428/000143774925025481/hrzn20250807_8k.htm,https://www.sec.gov/Archives/edgar/data/1487428/0001437749-25-025481-index.html,8-K,2025-08-07,2025-08-07,2025-08-07,0001437749-25-025481,https://www.sec.gov/Archives/edgar/data/1487428/000143774925025481/hrzn20250807_8k.htm,https://www.sec.gov/Archives/edgar/data/1487428/000143774925025481/hrzn20250807_8k.htm,2025-08-07,2025-08-07 16:53:32,https://www.sec.gov/Archives/edgar/data/1487428/0001437749-25-025481-index.html,Item 7.01; Item 9.01,Item 7.01; Item 9.01,ATM,Tier-1,https://www.sec.gov/Archives/edgar/data/1487428/000143774925025481/hrzn20250807_8k.htm,,Tier-1,2025-08-07,https://www.sec.gov/Archives/edgar/data/1487428/000143774925025481/hrzn20250807_8k.htm,https://www.sec.gov/Archives/edgar/data/1487428/0001437749-25-025481-index.html
HSPT,Horizon Space Acquisition II Corp.,0002032950,2025-07-05,ATM,Tier-1,https://www.sec.gov/Archives/edgar/data/2032950/000192998025000525/hspt_8k.htm,https://www.sec.gov/Archives/edgar/data/2032950/0001929980-25-000525-index.html,8-K,2025-07-08,2025-07-05,2025-07-05,0001929980-25-000525,https://www.sec.gov/Archives/edgar/data/2032950/000192998025000525/hspt_8k.htm,https://www.sec.gov/Archives/edgar/data/2032950/000192998025000525/hspt_8k.htm,2025-07-05,2025-07-08 09:05:27,https://www.sec.gov/Archives/edgar/data/2032950/0001929980-25-000525-index.html,Item 1.01; Item 2.03; Item 3.02; Item 9.01,Item 1.01; Item 2.03; Item 3.02; Item 9.01,ATM,Tier-1,https://www.sec.gov/Archives/edgar/data/2032950/000192998025000525/hspt_8k.htm,,Tier-1,2025-07-05,https://www.sec.gov/Archives/edgar/data/2032950/000192998025000525/hspt_8k.htm,https://www.sec.gov/Archives/edgar/data/2032950/0001929980-25-000525-index.html
HUSA,HOUSTON AMERICAN ENERGY CORP,0001156041,2025-11-25,ListingChange,Tier-1,https://www.sec.gov/Archives/edgar/data/1156041/000149315225024910/form8-k.htm,https://www.sec.gov/Archives/edgar/data/1156041/0001493152-25-024910-index.html,8-K,2025-11-25,2025-11-25,2025-11-25,0001493152-25-024910,https://www.sec.gov/Archives/edgar/data/1156041/000149315225024910/form8-k.htm,https://www.sec.gov/Archives/edgar/data/1156041/000149315225024910/form8-k.htm,2025-11-25,2025-11-25 08:35:53,https://www.sec.gov/Archives/edgar/data/1156041/0001493152-25-024910-index.html,Item 9.01,Item 9.01,ListingChange,Tier-1,https://www.sec.gov/Archives/edgar/data/1156041/000149315225024910/form8-k.htm,,Tier-1,2025-11-25,https://www.sec.gov/Archives/edgar/data/1156041/000149315225024910/form8-k.htm,https://www.sec.gov/Archives/edgar/data/1156041/0001493152-25-024910-index.html
HUSA,HOUSTON AMERICAN ENERGY CORP,0001156041,2025-11-19,ATM,Tier-1,https://www.sec.gov/Archives/edgar/data/1156041/000149315225024623/form8-k.htm,https://www.sec.gov/Archives/edgar/data/1156041/0001493152-25-024623-index.html,8-K,2025-11-21,2025-11-19,2025-11-19,0001493152-25-024623,https://www.sec.gov/Archives/edgar/data/1156041/000149315225024623/form8-k.htm,https://www.sec.gov/Archives/edgar/data/1156041/000149315225024623/form8-k.htm,2025-11-19,2025-11-21 16:05:48,https://www.sec.gov/Archives/edgar/data/1156041/0001493152-25-024623-index.html,Item 1.01; Item 8.01; Item 9.01,Item 1.01; Item 8.01; Item 9.01,ATM,Tier-1,https://www.sec.gov/Archives/edgar/data/1156041/000149315225024623/form8-k.htm,,Tier-1,2025-11-19,https://www.sec.gov/Archives/edgar/data/1156041/000149315225024623/form8-k.htm,https://www.sec.gov/Archives/edgar/data/1156041/0001493152-25-024623-index.html
HUSA,HOUSTON AMERICAN ENERGY CORP,0001156041,2025-11-10,ListingChange,Tier-1,https://www.sec.gov/Archives/edgar/data/1156041/000149315225021430/form8-k.htm,https://www.sec.gov/Archives/edgar/data/1156041/0001493152-25-021430-index.html,8-K,2025-11-10,2025-11-10,2025-11-10,0001493152-25-021430,https://www.sec.gov/Archives/edgar/data/1156041/000149315225021430/form8-k.htm,https://www.sec.gov/Archives/edgar/data/1156041/000149315225021430/form8-k.htm,2025-11-10,2025-11-10 08:45:43,https://www.sec.gov/Archives/edgar/data/1156041/0001493152-25-021430-index.html,Item 2.02; Item 8.01; Item 9.01,Item 2.02; Item 8.01; Item 9.01,ListingChange,Tier-1,https://www.sec.gov/Archives/edgar/data/1156041/000149315225021430/form8-k.htm,,Tier-1,2025-11-10,https://www.sec.gov/Archives/edgar/data/1156041/000149315225021430/form8-k.htm,https://www.sec.gov/Archives/edgar/data/1156041/0001493152-25-021430-index.html
HUSA,HOUSTON AMERICAN ENERGY CORP,0001156041,2025-09-08,ATM,Tier-1,https://www.sec.gov/Archives/edgar/data/1156041/000149315225013093/form8-k.htm,https://www.sec.gov/Archives/edgar/data/1156041/0001493152-25-013093-index.html,8-K,2025-09-11,2025-09-08,2025-09-08,0001493152-25-013093,https://www.sec.gov/Archives/edgar/data/1156041/000149315225013093/form8-k.htm,https://www.sec.gov/Archives/edgar/data/1156041/000149315225013093/form8-k.htm,2025-09-08,2025-09-11 16:53:01,https://www.sec.gov/Archives/edgar/data/1156041/0001493152-25-013093-index.html,Item 5.02; Item 5.07; Item 9.01,Item 5.02; Item 5.07; Item 9.01,ATM,Tier-1,https://www.sec.gov/Archives/edgar/data/1156041/000149315225013093/form8-k.htm,,Tier-1,2025-09-08,https://www.sec.gov/Archives/edgar/data/1156041/000149315225013093/form8-k.htm,https://www.sec.gov/Archives/edgar/data/1156041/0001493152-25-013093-index.html
HUSA,HOUSTON AMERICAN ENERGY CORP,0001156041,2025-08-01,ListingChange,Tier-1,https://www.sec.gov/Archives/edgar/data/1156041/000164117225021998/form8-k.htm,https://www.sec.gov/Archives/edgar/data/1156041/0001641172-25-021998-index.html,8-K,2025-08-04,2025-08-01,2025-08-01,0001641172-25-021998,https://www.sec.gov/Archives/edgar/data/1156041/000164117225021998/form8-k.htm,https://www.sec.gov/Archives/edgar/data/1156041/000164117225021998/form8-k.htm,2025-08-01,2025-08-04 08:40:28,https://www.sec.gov/Archives/edgar/data/1156041/0001641172-25-021998-index.html,Item 5.02; Item 8.01; Item 9.01,Item 5.02; Item 8.01; Item 9.01,ListingChange,Tier-1,https://www.sec.gov/Archives/edgar/data/1156041/000164117225021998/form8-k.htm,,Tier-1,2025-08-01,https://www.sec.gov/Archives/edgar/data/1156041/000164117225021998/form8-k.htm,https://www.sec.gov/Archives/edgar/data/1156041/0001641172-25-021998-index.html
HUSA,HOUSTON AMERICAN ENERGY CORP,0001156041,2025-07-10,ATM,Tier-1,https://www.sec.gov/Archives/edgar/data/1156041/000164117225019841/form8-k.htm,https://www.sec.gov/Archives/edgar/data/1156041/0001641172-25-019841-index.html,8-K,2025-07-16,2025-07-10,2025-07-10,0001641172-25-019841,https://www.sec.gov/Archives/edgar/data/1156041/000164117225019841/form8-k.htm,https://www.sec.gov/Archives/edgar/data/1156041/000164117225019841/form8-k.htm,2025-07-10,2025-07-16 09:23:41,https://www.sec.gov/Archives/edgar/data/1156041/0001641172-25-019841-index.html,Item 1.01; Item 2.01; Item 2.03; Item 3.02; Item 8.01; Item 9.01,Item 1.01; Item 2.01; Item 2.03; Item 3.02; Item 8.01; Item 9.01,ATM,Tier-1,https://www.sec.gov/Archives/edgar/data/1156041/000164117225019841/form8-k.htm,,Tier-1,2025-07-10,https://www.sec.gov/Archives/edgar/data/1156041/000164117225019841/form8-k.htm,https://www.sec.gov/Archives/edgar/data/1156041/0001641172-25-019841-index.html
HUSA,HOUSTON AMERICAN ENERGY CORP,0001156041,2025-07-01,ContractAward,Tier-1,https://www.sec.gov/Archives/edgar/data/1156041/000164117225017360/form8-k.htm,https://www.sec.gov/Archives/edgar/data/1156041/0001641172-25-017360-index.html,8-K,2025-07-01,2025-07-01,2025-07-01,0001641172-25-017360,https://www.sec.gov/Archives/edgar/data/1156041/000164117225017360/form8-k.htm,https://www.sec.gov/Archives/edgar/data/1156041/000164117225017360/form8-k.htm,2025-07-01,2025-07-01 16:05:11,https://www.sec.gov/Archives/edgar/data/1156041/0001641172-25-017360-index.html,Item 2.01; Item 3.02; Item 5.01; Item 5.02; Item 8.01; Item 9.01,Item 2.01; Item 3.02; Item 5.01; Item 5.02; Item 8.01; Item 9.01,ContractAward,Tier-1,https://www.sec.gov/Archives/edgar/data/1156041/000164117225017360/form8-k.htm,,Tier-1,2025-07-01,https://www.sec.gov/Archives/edgar/data/1156041/000164117225017360/form8-k.htm,https://www.sec.gov/Archives/edgar/data/1156041/0001641172-25-017360-index.html
HVMC,Highview Merger Corp.,0002070602,2025-09-30,ATM,Tier-1,https://www.sec.gov/Archives/edgar/data/2070602/000118518525001310/hvmc8k092925.htm,https://www.sec.gov/Archives/edgar/data/2070602/0001185185-25-001310-index.html,8-K,2025-09-30,2025-09-30,2025-09-30,0001185185-25-001310,https://www.sec.gov/Archives/edgar/data/2070602/000118518525001310/hvmc8k092925.htm,https://www.sec.gov/Archives/edgar/data/2070602/000118518525001310/hvmc8k092925.htm,2025-09-30,2025-09-30 06:11:47,https://www.sec.gov/Archives/edgar/data/2070602/0001185185-25-001310-index.html,Item 8.01; Item 9.01,Item 8.01; Item 9.01,ATM,Tier-1,https://www.sec.gov/Archives/edgar/data/2070602/000118518525001310/hvmc8k092925.htm,,Tier-1,2025-09-30,https://www.sec.gov/Archives/edgar/data/2070602/000118518525001310/hvmc8k092925.htm,https://www.sec.gov/Archives/edgar/data/2070602/0001185185-25-001310-index.html
HVMC,Highview Merger Corp.,0002070602,2025-08-13,ATM,Tier-1,https://www.sec.gov/Archives/edgar/data/2070602/000118518525001039/hvmc8k081825.htm,https://www.sec.gov/Archives/edgar/data/2070602/0001185185-25-001039-index.html,8-K,2025-08-19,2025-08-13,2025-08-13,0001185185-25-001039,https://www.sec.gov/Archives/edgar/data/2070602/000118518525001039/hvmc8k081825.htm,https://www.sec.gov/Archives/edgar/data/2070602/000118518525001039/hvmc8k081825.htm,2025-08-13,2025-08-19 16:30:25,https://www.sec.gov/Archives/edgar/data/2070602/0001185185-25-001039-index.html,Item 9.01,Item 9.01,ATM,Tier-1,https://www.sec.gov/Archives/edgar/data/2070602/000118518525001039/hvmc8k081825.htm,,Tier-1,2025-08-13,https://www.sec.gov/Archives/edgar/data/2070602/000118518525001039/hvmc8k081825.htm,https://www.sec.gov/Archives/edgar/data/2070602/0001185185-25-001039-index.html
HUSA,HOUSTON AMERICAN ENERGY CORP,0001156041,2025-07-01,ATM,Tier-1,https://www.sec.gov/Archives/edgar/data/1156041/000164117225021795/form8-ka.htm,https://www.sec.gov/Archives/edgar/data/1156041/0001641172-25-021795-index.html,8-K/A,2025-08-01,2025-07-01,2025-07-01,0001641172-25-021795,https://www.sec.gov/Archives/edgar/data/1156041/000164117225021795/form8-ka.htm,https://www.sec.gov/Archives/edgar/data/1156041/000164117225021795/form8-ka.htm,2025-07-01,2025-07-31 20:01:20,https://www.sec.gov/Archives/edgar/data/1156041/0001641172-25-021795-index.html,Item 9.01,Item 9.01,ATM,Tier-1,https://www.sec.gov/Archives/edgar/data/1156041/000164117225021795/form8-ka.htm,,Tier-1,2025-07-01,https://www.sec.gov/Archives/edgar/data/1156041/000164117225021795/form8-ka.htm,https://www.sec.gov/Archives/edgar/data/1156041/0001641172-25-021795-index.html
IBAC,IB Acquisition Corp.,0001998781,2025-09-22,ATM,Tier-1,https://www.sec.gov/Archives/edgar/data/1998781/000149315225014810/form8-k.htm,https://www.sec.gov/Archives/edgar/data/1998781/0001493152-25-014810-index.html,8-K,2025-09-24,2025-09-22,2025-09-22,0001493152-25-014810,https://www.sec.gov/Archives/edgar/data/1998781/000149315225014810/form8-k.htm,https://www.sec.gov/Archives/edgar/data/1998781/000149315225014810/form8-k.htm,2025-09-22,2025-09-24 16:40:33,https://www.sec.gov/Archives/edgar/data/1998781/0001493152-25-014810-index.html,Item 1.01; Item 5.03; Item 5.07; Item 9.01,Item 1.01; Item 5.03; Item 5.07; Item 9.01,ATM,Tier-1,https://www.sec.gov/Archives/edgar/data/1998781/000149315225014810/form8-k.htm,,Tier-1,2025-09-22,https://www.sec.gov/Archives/edgar/data/1998781/000149315225014810/form8-k.htm,https://www.sec.gov/Archives/edgar/data/1998781/0001493152-25-014810-index.html
HVMC,Highview Merger Corp.,0002070602,2025-08-11,ATM,Tier-1,https://www.sec.gov/Archives/edgar/data/2070602/000118518525000959/hvmc8k081325.htm,https://www.sec.gov/Archives/edgar/data/2070602/0001185185-25-000959-index.html,8-K,2025-08-13,2025-08-11,2025-08-11,0001185185-25-000959,https://www.sec.gov/Archives/edgar/data/2070602/000118518525000959/hvmc8k081325.htm,https://www.sec.gov/Archives/edgar/data/2070602/000118518525000959/hvmc8k081325.htm,2025-08-11,2025-08-13 16:36:41,https://www.sec.gov/Archives/edgar/data/2070602/0001185185-25-000959-index.html,Item 9.01,Item 9.01,ATM,Tier-1,https://www.sec.gov/Archives/edgar/data/2070602/000118518525000959/hvmc8k081325.htm,,Tier-1,2025-08-11,https://www.sec.gov/Archives/edgar/data/2070602/000118518525000959/hvmc8k081325.htm,https://www.sec.gov/Archives/edgar/data/2070602/0001185185-25-000959-index.html
IMRX,Immuneering Corp,0001790340,2025-09-24,ATM,Tier-1,https://www.sec.gov/Archives/edgar/data/1790340/000110465925093436/tm2526946d1_8k.htm,https://www.sec.gov/Archives/edgar/data/1790340/0001104659-25-093436-index.html,8-K,2025-09-25,2025-09-24,2025-09-24,0001104659-25-093436,https://www.sec.gov/Archives/edgar/data/1790340/000110465925093436/tm2526946d1_8k.htm,https://www.sec.gov/Archives/edgar/data/1790340/000110465925093436/tm2526946d1_8k.htm,2025-09-24,2025-09-25 17:23:28,https://www.sec.gov/Archives/edgar/data/1790340/0001104659-25-093436-index.html,Item 1.01; Item 8.01; Item 9.01,Item 1.01; Item 8.01; Item 9.01,ATM,Tier-1,https://www.sec.gov/Archives/edgar/data/1790340/000110465925093436/tm2526946d1_8k.htm,,Tier-1,2025-09-24,https://www.sec.gov/Archives/edgar/data/1790340/000110465925093436/tm2526946d1_8k.htm,https://www.sec.gov/Archives/edgar/data/1790340/0001104659-25-093436-index.html
IMRX,Immuneering Corp,0001790340,2025-11-12,ATM,Tier-1,https://www.sec.gov/Archives/edgar/data/1790340/000179034025000133/imrx-20251112.htm,https://www.sec.gov/Archives/edgar/data/1790340/0001790340-25-000133-index.html,8-K,2025-11-12,2025-11-12,2025-11-12,0001790340-25-000133,https://www.sec.gov/Archives/edgar/data/1790340/000179034025000133/imrx-20251112.htm,https://www.sec.gov/Archives/edgar/data/1790340/000179034025000133/imrx-20251112.htm,2025-11-12,2025-11-12 16:07:25,https://www.sec.gov/Archives/edgar/data/1790340/0001790340-25-000133-index.html,Item 2.02; Item 9.01,Item 2.02; Item 9.01,ATM,Tier-1,https://www.sec.gov/Archives/edgar/data/1790340/000179034025000133/imrx-20251112.htm,,Tier-1,2025-11-12,https://www.sec.gov/Archives/edgar/data/1790340/000179034025000133/imrx-20251112.htm,https://www.sec.gov/Archives/edgar/data/1790340/0001790340-25-000133-index.html
IMRX,Immuneering Corp,0001790340,2025-09-24,ATM,Tier-1,https://www.sec.gov/Archives/edgar/data/1790340/000110465925092957/tm2526843d1_8k.htm,https://www.sec.gov/Archives/edgar/data/1790340/0001104659-25-092957-index.html,8-K,2025-09-24,2025-09-24,2025-09-24,0001104659-25-092957,https://www.sec.gov/Archives/edgar/data/1790340/000110465925092957/tm2526843d1_8k.htm,https://www.sec.gov/Archives/edgar/data/1790340/000110465925092957/tm2526843d1_8k.htm,2025-09-24,2025-09-24 16:15:26,https://www.sec.gov/Archives/edgar/data/1790340/0001104659-25-092957-index.html,Item 1.01; Item 3.02; Item 8.01; Item 9.01,Item 1.01; Item 3.02; Item 8.01; Item 9.01,ATM,Tier-1,https://www.sec.gov/Archives/edgar/data/1790340/000110465925092957/tm2526843d1_8k.htm,,Tier-1,2025-09-24,https://www.sec.gov/Archives/edgar/data/1790340/000110465925092957/tm2526843d1_8k.htm,https://www.sec.gov/Archives/edgar/data/1790340/0001104659-25-092957-index.html
III,Information Services Group Inc.,0001371489,2025-08-06,GuidanceUp,Tier-1,https://www.sec.gov/Archives/edgar/data/1371489/000155837025010547/iii-20250806x8k.htm,https://www.sec.gov/Archives/edgar/data/1371489/0001558370-25-010547-index.html,8-K,2025-08-06,2025-08-06,2025-08-06,0001558370-25-010547,https://www.sec.gov/Archives/edgar/data/1371489/000155837025010547/iii-20250806x8k.htm,https://www.sec.gov/Archives/edgar/data/1371489/000155837025010547/iii-20250806x8k.htm,2025-08-06,2025-08-06 16:33:02,https://www.sec.gov/Archives/edgar/data/1371489/0001558370-25-010547-index.html,Item 2.02; Item 9.01,Item 2.02; Item 9.01,GuidanceUp,Tier-1,https://www.sec.gov/Archives/edgar/data/1371489/000155837025010547/iii-20250806x8k.htm,,Tier-1,2025-08-06,https://www.sec.gov/Archives/edgar/data/1371489/000155837025010547/iii-20250806x8k.htm,https://www.sec.gov/Archives/edgar/data/1371489/0001558370-25-010547-index.html
III,Information Services Group Inc.,0001371489,2025-11-03,GuidanceUp,Tier-1,https://www.sec.gov/Archives/edgar/data/1371489/000110465925105204/iii-20251103x8k.htm,https://www.sec.gov/Archives/edgar/data/1371489/0001104659-25-105204-index.html,8-K,2025-11-03,2025-11-03,2025-11-03,0001104659-25-105204,https://www.sec.gov/Archives/edgar/data/1371489/000110465925105204/iii-20251103x8k.htm,https://www.sec.gov/Archives/edgar/data/1371489/000110465925105204/iii-20251103x8k.htm,2025-11-03,2025-11-03 06:49:39,https://www.sec.gov/Archives/edgar/data/1371489/0001104659-25-105204-index.html,Item 2.02; Item 9.01,Item 2.02; Item 9.01,GuidanceUp,Tier-1,https://www.sec.gov/Archives/edgar/data/1371489/000110465925105204/iii-20251103x8k.htm,,Tier-1,2025-11-03,https://www.sec.gov/Archives/edgar/data/1371489/000110465925105204/iii-20251103x8k.htm,https://www.sec.gov/Archives/edgar/data/1371489/0001104659-25-105204-index.html
IMRX,Immuneering Corp,0001790340,2025-08-21,ATM,Tier-1,https://www.sec.gov/Archives/edgar/data/1790340/000110465925081995/tm2524079d1_8k.htm,https://www.sec.gov/Archives/edgar/data/1790340/0001104659-25-081995-index.html,8-K,2025-08-25,2025-08-21,2025-08-21,0001104659-25-081995,https://www.sec.gov/Archives/edgar/data/1790340/000110465925081995/tm2524079d1_8k.htm,https://www.sec.gov/Archives/edgar/data/1790340/000110465925081995/tm2524079d1_8k.htm,2025-08-21,2025-08-22 20:58:37,https://www.sec.gov/Archives/edgar/data/1790340/0001104659-25-081995-index.html,Item 1.01; Item 3.02; Item 8.01; Item 9.01,Item 1.01; Item 3.02; Item 8.01; Item 9.01,ATM,Tier-1,https://www.sec.gov/Archives/edgar/data/1790340/000110465925081995/tm2524079d1_8k.htm,,Tier-1,2025-08-21,https://www.sec.gov/Archives/edgar/data/1790340/000110465925081995/tm2524079d1_8k.htm,https://www.sec.gov/Archives/edgar/data/1790340/0001104659-25-081995-index.html
IMRX,Immuneering Corp,0001790340,2025-08-13,ATM,Tier-1,https://www.sec.gov/Archives/edgar/data/1790340/000179034025000102/imrx-20250813.htm,https://www.sec.gov/Archives/edgar/data/1790340/0001790340-25-000102-index.html,8-K,2025-08-13,2025-08-13,2025-08-13,0001790340-25-000102,https://www.sec.gov/Archives/edgar/data/1790340/000179034025000102/imrx-20250813.htm,https://www.sec.gov/Archives/edgar/data/1790340/000179034025000102/imrx-20250813.htm,2025-08-13,2025-08-13 16:13:47,https://www.sec.gov/Archives/edgar/data/1790340/0001790340-25-000102-index.html,Item 2.02; Item 9.01,Item 2.02; Item 9.01,ATM,Tier-1,https://www.sec.gov/Archives/edgar/data/1790340/000179034025000102/imrx-20250813.htm,,Tier-1,2025-08-13,https://www.sec.gov/Archives/edgar/data/1790340/000179034025000102/imrx-20250813.htm,https://www.sec.gov/Archives/edgar/data/1790340/0001790340-25-000102-index.html
INAC,Indigo Acquisition Corp.,0002063816,2025-07-18,ATM,Tier-1,https://www.sec.gov/Archives/edgar/data/2063816/000121390025065338/ea0249409-8k_indigoacq.htm,https://www.sec.gov/Archives/edgar/data/2063816/0001213900-25-065338-index.html,8-K,2025-07-18,2025-07-18,2025-07-18,0001213900-25-065338,https://www.sec.gov/Archives/edgar/data/2063816/000121390025065338/ea0249409-8k_indigoacq.htm,https://www.sec.gov/Archives/edgar/data/2063816/000121390025065338/ea0249409-8k_indigoacq.htm,2025-07-18,2025-07-18 08:07:28,https://www.sec.gov/Archives/edgar/data/2063816/0001213900-25-065338-index.html,Item 8.01; Item 9.01,Item 8.01; Item 9.01,ATM,Tier-1,https://www.sec.gov/Archives/edgar/data/2063816/000121390025065338/ea0249409-8k_indigoacq.htm,,Tier-1,2025-07-18,https://www.sec.gov/Archives/edgar/data/2063816/000121390025065338/ea0249409-8k_indigoacq.htm,https://www.sec.gov/Archives/edgar/data/2063816/0001213900-25-065338-index.html
INAC,Indigo Acquisition Corp.,0002063816,2025-07-02,ATM,Tier-1,https://www.sec.gov/Archives/edgar/data/2063816/000121390025063295/ea0248651-8k_indigoacq.htm,https://www.sec.gov/Archives/edgar/data/2063816/0001213900-25-063295-index.html,8-K,2025-07-11,2025-07-02,2025-07-02,0001213900-25-063295,https://www.sec.gov/Archives/edgar/data/2063816/000121390025063295/ea0248651-8k_indigoacq.htm,https://www.sec.gov/Archives/edgar/data/2063816/000121390025063295/ea0248651-8k_indigoacq.htm,2025-07-02,2025-07-11 16:30:31,https://www.sec.gov/Archives/edgar/data/2063816/0001213900-25-063295-index.html,Item 3.02; Item 8.01; Item 9.01,Item 3.02; Item 8.01; Item 9.01,ATM,Tier-1,https://www.sec.gov/Archives/edgar/data/2063816/000121390025063295/ea0248651-8k_indigoacq.htm,,Tier-1,2025-07-02,https://www.sec.gov/Archives/edgar/data/2063816/000121390025063295/ea0248651-8k_indigoacq.htm,https://www.sec.gov/Archives/edgar/data/2063816/0001213900-25-063295-index.html
INAC,Indigo Acquisition Corp.,0002063816,2025-07-02,ATM,Tier-1,https://www.sec.gov/Archives/edgar/data/2063816/000121390025062451/ea0248330-8k_indigo.htm,https://www.sec.gov/Archives/edgar/data/2063816/0001213900-25-062451-index.html,8-K,2025-07-10,2025-07-02,2025-07-02,0001213900-25-062451,https://www.sec.gov/Archives/edgar/data/2063816/000121390025062451/ea0248330-8k_indigo.htm,https://www.sec.gov/Archives/edgar/data/2063816/000121390025062451/ea0248330-8k_indigo.htm,2025-07-02,2025-07-09 18:43:25,https://www.sec.gov/Archives/edgar/data/2063816/0001213900-25-062451-index.html,Item 3.02; Item 8.01; Item 9.01,Item 3.02; Item 8.01; Item 9.01,ATM,Tier-1,https://www.sec.gov/Archives/edgar/data/2063816/000121390025062451/ea0248330-8k_indigo.htm,,Tier-1,2025-07-02,https://www.sec.gov/Archives/edgar/data/2063816/000121390025062451/ea0248330-8k_indigo.htm,https://www.sec.gov/Archives/edgar/data/2063816/0001213900-25-062451-index.html
INAC,Indigo Acquisition Corp.,0002063816,2025-06-30,ATM,Tier-1,https://www.sec.gov/Archives/edgar/data/2063816/000121390025059954/ea0247505-8k_indigo.htm,https://www.sec.gov/Archives/edgar/data/2063816/0001213900-25-059954-index.html,8-K,2025-07-01,2025-06-30,2025-06-30,0001213900-25-059954,https://www.sec.gov/Archives/edgar/data/2063816/000121390025059954/ea0247505-8k_indigo.htm,https://www.sec.gov/Archives/edgar/data/2063816/000121390025059954/ea0247505-8k_indigo.htm,2025-06-30,2025-07-01 06:30:54,https://www.sec.gov/Archives/edgar/data/2063816/0001213900-25-059954-index.html,Item 9.01,Item 9.01,ATM,Tier-1,https://www.sec.gov/Archives/edgar/data/2063816/000121390025059954/ea0247505-8k_indigo.htm,,Tier-1,2025-06-30,https://www.sec.gov/Archives/edgar/data/2063816/000121390025059954/ea0247505-8k_indigo.htm,https://www.sec.gov/Archives/edgar/data/2063816/0001213900-25-059954-index.html
INBK,First Internet Bancorp,0001562463,2025-09-18,ATM,Tier-1,https://www.sec.gov/Archives/edgar/data/1562463/000156246325000095/inbk-20250918.htm,https://www.sec.gov/Archives/edgar/data/1562463/0001562463-25-000095-index.html,8-K,2025-09-22,2025-09-18,2025-09-18,0001562463-25-000095,https://www.sec.gov/Archives/edgar/data/1562463/000156246325000095/inbk-20250918.htm,https://www.sec.gov/Archives/edgar/data/1562463/000156246325000095/inbk-20250918.htm,2025-09-18,2025-09-22 16:11:15,https://www.sec.gov/Archives/edgar/data/1562463/0001562463-25-000095-index.html,Item 2.01; Item 9.01,Item 2.01; Item 9.01,ATM,Tier-1,https://www.sec.gov/Archives/edgar/data/1562463/000156246325000095/inbk-20250918.htm,,Tier-1,2025-09-18,https://www.sec.gov/Archives/edgar/data/1562463/000156246325000095/inbk-20250918.htm,https://www.sec.gov/Archives/edgar/data/1562463/0001562463-25-000095-index.html
INBK,First Internet Bancorp,0001562463,2025-09-16,ContractAward,Tier-1,https://www.sec.gov/Archives/edgar/data/1562463/000156246325000086/inbk-20250916.htm,https://www.sec.gov/Archives/edgar/data/1562463/0001562463-25-000086-index.html,8-K,2025-09-16,2025-09-16,2025-09-16,0001562463-25-000086,https://www.sec.gov/Archives/edgar/data/1562463/000156246325000086/inbk-20250916.htm,https://www.sec.gov/Archives/edgar/data/1562463/000156246325000086/inbk-20250916.htm,2025-09-16,2025-09-16 16:24:14,https://www.sec.gov/Archives/edgar/data/1562463/0001562463-25-000086-index.html,Item 7.01; Item 9.01,Item 7.01; Item 9.01,ContractAward,Tier-1,https://www.sec.gov/Archives/edgar/data/1562463/000156246325000086/inbk-20250916.htm,,Tier-1,2025-09-16,https://www.sec.gov/Archives/edgar/data/1562463/000156246325000086/inbk-20250916.htm,https://www.sec.gov/Archives/edgar/data/1562463/0001562463-25-000086-index.html
INBK,First Internet Bancorp,0001562463,2025-09-05,ATM,Tier-1,https://www.sec.gov/Archives/edgar/data/1562463/000156246325000083/inbk-20250905.htm,https://www.sec.gov/Archives/edgar/data/1562463/0001562463-25-000083-index.html,8-K,2025-09-10,2025-09-05,2025-09-05,0001562463-25-000083,https://www.sec.gov/Archives/edgar/data/1562463/000156246325000083/inbk-20250905.htm,https://www.sec.gov/Archives/edgar/data/1562463/000156246325000083/inbk-20250905.htm,2025-09-05,2025-09-10 16:36:57,https://www.sec.gov/Archives/edgar/data/1562463/0001562463-25-000083-index.html,Item 1.01; Item 2.06; Item 7.01; Item 9.01,Item 1.01; Item 2.06; Item 7.01; Item 9.01,ATM,Tier-1,https://www.sec.gov/Archives/edgar/data/1562463/000156246325000083/inbk-20250905.htm,,Tier-1,2025-09-05,https://www.sec.gov/Archives/edgar/data/1562463/000156246325000083/inbk-20250905.htm,https://www.sec.gov/Archives/edgar/data/1562463/0001562463-25-000083-index.html
INBK,First Internet Bancorp,0001562463,2025-06-17,ContractAward,Tier-1,https://www.sec.gov/Archives/edgar/data/1562463/000156246325000062/inbk-20250617.htm,https://www.sec.gov/Archives/edgar/data/1562463/0001562463-25-000062-index.html,8-K,2025-06-17,2025-06-17,2025-06-17,0001562463-25-000062,https://www.sec.gov/Archives/edgar/data/1562463/000156246325000062/inbk-20250617.htm,https://www.sec.gov/Archives/edgar/data/1562463/000156246325000062/inbk-20250617.htm,2025-06-17,2025-06-17 16:20:49,https://www.sec.gov/Archives/edgar/data/1562463/0001562463-25-000062-index.html,Item 7.01; Item 9.01,Item 7.01; Item 9.01,ContractAward,Tier-1,https://www.sec.gov/Archives/edgar/data/1562463/000156246325000062/inbk-20250617.htm,,Tier-1,2025-06-17,https://www.sec.gov/Archives/edgar/data/1562463/000156246325000062/inbk-20250617.htm,https://www.sec.gov/Archives/edgar/data/1562463/0001562463-25-000062-index.html
INSG,INSEEGO CORP.,0001022652,2025-10-28,ContractAward,Tier-1,https://www.sec.gov/Archives/edgar/data/1022652/000168316825007893/inseego_8k.htm,https://www.sec.gov/Archives/edgar/data/1022652/0001683168-25-007893-index.html,8-K,2025-11-03,2025-10-28,2025-10-28,0001683168-25-007893,https://www.sec.gov/Archives/edgar/data/1022652/000168316825007893/inseego_8k.htm,https://www.sec.gov/Archives/edgar/data/1022652/000168316825007893/inseego_8k.htm,2025-10-28,2025-11-03 08:00:13,https://www.sec.gov/Archives/edgar/data/1022652/0001683168-25-007893-index.html,Item 5.02; Item 7.01; Item 9.01,Item 5.02; Item 7.01; Item 9.01,ContractAward,Tier-1,https://www.sec.gov/Archives/edgar/data/1022652/000168316825007893/inseego_8k.htm,,Tier-1,2025-10-28,https://www.sec.gov/Archives/edgar/data/1022652/000168316825007893/inseego_8k.htm,https://www.sec.gov/Archives/edgar/data/1022652/0001683168-25-007893-index.html
INBK,First Internet Bancorp,0001562463,2025-10-22,ListingChange,Tier-1,https://www.sec.gov/Archives/edgar/data/1562463/000156246325000103/inbk-20251022.htm,https://www.sec.gov/Archives/edgar/data/1562463/0001562463-25-000103-index.html,8-K,2025-10-22,2025-10-22,2025-10-22,0001562463-25-000103,https://www.sec.gov/Archives/edgar/data/1562463/000156246325000103/inbk-20251022.htm,https://www.sec.gov/Archives/edgar/data/1562463/000156246325000103/inbk-20251022.htm,2025-10-22,2025-10-22 16:54:18,https://www.sec.gov/Archives/edgar/data/1562463/0001562463-25-000103-index.html,Item 2.02; Item 8.01; Item 9.01,Item 2.02; Item 8.01; Item 9.01,ListingChange,Tier-1,https://www.sec.gov/Archives/edgar/data/1562463/000156246325000103/inbk-20251022.htm,,Tier-1,2025-10-22,https://www.sec.gov/Archives/edgar/data/1562463/000156246325000103/inbk-20251022.htm,https://www.sec.gov/Archives/edgar/data/1562463/0001562463-25-000103-index.html
INSG,INSEEGO CORP.,0001022652,2025-11-06,ATM,Tier-1,https://www.sec.gov/Archives/edgar/data/1022652/000168316825008028/inseego_8k.htm,https://www.sec.gov/Archives/edgar/data/1022652/0001683168-25-008028-index.html,8-K,2025-11-06,2025-11-06,2025-11-06,0001683168-25-008028,https://www.sec.gov/Archives/edgar/data/1022652/000168316825008028/inseego_8k.htm,https://www.sec.gov/Archives/edgar/data/1022652/000168316825008028/inseego_8k.htm,2025-11-06,2025-11-06 16:06:07,https://www.sec.gov/Archives/edgar/data/1022652/0001683168-25-008028-index.html,Item 2.02; Item 9.01,Item 2.02; Item 9.01,ATM,Tier-1,https://www.sec.gov/Archives/edgar/data/1022652/000168316825008028/inseego_8k.htm,,Tier-1,2025-11-06,https://www.sec.gov/Archives/edgar/data/1022652/000168316825008028/inseego_8k.htm,https://www.sec.gov/Archives/edgar/data/1022652/0001683168-25-008028-index.html
INSG,INSEEGO CORP.,0001022652,2025-08-05,ATM,Tier-1,https://www.sec.gov/Archives/edgar/data/1022652/000168316825005754/inseego_8k.htm,https://www.sec.gov/Archives/edgar/data/1022652/0001683168-25-005754-index.html,8-K,2025-08-07,2025-08-05,2025-08-05,0001683168-25-005754,https://www.sec.gov/Archives/edgar/data/1022652/000168316825005754/inseego_8k.htm,https://www.sec.gov/Archives/edgar/data/1022652/000168316825005754/inseego_8k.htm,2025-08-05,2025-08-07 16:06:19,https://www.sec.gov/Archives/edgar/data/1022652/0001683168-25-005754-index.html,Item 1.01; Item 2.02; Item 2.03; Item 9.01,Item 1.01; Item 2.02; Item 2.03; Item 9.01,ATM,Tier-1,https://www.sec.gov/Archives/edgar/data/1022652/000168316825005754/inseego_8k.htm,,Tier-1,2025-08-05,https://www.sec.gov/Archives/edgar/data/1022652/000168316825005754/inseego_8k.htm,https://www.sec.gov/Archives/edgar/data/1022652/0001683168-25-005754-index.html
INBK,First Internet Bancorp,0001562463,2025-07-23,FDA,Tier-1,https://www.sec.gov/Archives/edgar/data/1562463/000156246325000068/inbk-20250723.htm,https://www.sec.gov/Archives/edgar/data/1562463/0001562463-25-000068-index.html,8-K,2025-07-23,2025-07-23,2025-07-23,0001562463-25-000068,https://www.sec.gov/Archives/edgar/data/1562463/000156246325000068/inbk-20250723.htm,https://www.sec.gov/Archives/edgar/data/1562463/000156246325000068/inbk-20250723.htm,2025-07-23,2025-07-23 17:28:47,https://www.sec.gov/Archives/edgar/data/1562463/0001562463-25-000068-index.html,Item 2.02; Item 9.01,Item 2.02; Item 9.01,FDA,Tier-1,https://www.sec.gov/Archives/edgar/data/1562463/000156246325000068/inbk-20250723.htm,,Tier-1,2025-07-23,https://www.sec.gov/Archives/edgar/data/1562463/000156246325000068/inbk-20250723.htm,https://www.sec.gov/Archives/edgar/data/1562463/0001562463-25-000068-index.html
INV,"Innventure, Inc.",0002001557,2025-11-12,ATM,Tier-1,https://www.sec.gov/Archives/edgar/data/2001557/000162828025051586/innv-20251112.htm,https://www.sec.gov/Archives/edgar/data/2001557/0001628280-25-051586-index.html,8-K,2025-11-12,2025-11-12,2025-11-12,0001628280-25-051586,https://www.sec.gov/Archives/edgar/data/2001557/000162828025051586/innv-20251112.htm,https://www.sec.gov/Archives/edgar/data/2001557/000162828025051586/innv-20251112.htm,2025-11-12,2025-11-12 16:04:25,https://www.sec.gov/Archives/edgar/data/2001557/0001628280-25-051586-index.html,Item 1.01; Item 2.03; Item 3.02; Item 9.01,Item 1.01; Item 2.03; Item 3.02; Item 9.01,ATM,Tier-1,https://www.sec.gov/Archives/edgar/data/2001557/000162828025051586/innv-20251112.htm,,Tier-1,2025-11-12,https://www.sec.gov/Archives/edgar/data/2001557/000162828025051586/innv-20251112.htm,https://www.sec.gov/Archives/edgar/data/2001557/0001628280-25-051586-index.html
INV,"Innventure, Inc.",0002001557,2025-10-02,ATM,Tier-1,https://www.sec.gov/Archives/edgar/data/2001557/000114036125037342/ef20056646_8k.htm,https://www.sec.gov/Archives/edgar/data/2001557/0001140361-25-037342-index.html,8-K,2025-10-06,2025-10-02,2025-10-02,0001140361-25-037342,https://www.sec.gov/Archives/edgar/data/2001557/000114036125037342/ef20056646_8k.htm,https://www.sec.gov/Archives/edgar/data/2001557/000114036125037342/ef20056646_8k.htm,2025-10-02,2025-10-06 14:00:49,https://www.sec.gov/Archives/edgar/data/2001557/0001140361-25-037342-index.html,Item 1.01; Item 8.01; Item 9.01,Item 1.01; Item 8.01; Item 9.01,ATM,Tier-1,https://www.sec.gov/Archives/edgar/data/2001557/000114036125037342/ef20056646_8k.htm,,Tier-1,2025-10-02,https://www.sec.gov/Archives/edgar/data/2001557/000114036125037342/ef20056646_8k.htm,https://www.sec.gov/Archives/edgar/data/2001557/0001140361-25-037342-index.html
INV,"Innventure, Inc.",0002001557,2025-11-13,ATM,Tier-1,https://www.sec.gov/Archives/edgar/data/2001557/000162828025052110/innv-20251113.htm,https://www.sec.gov/Archives/edgar/data/2001557/0001628280-25-052110-index.html,8-K,2025-11-13,2025-11-13,2025-11-13,0001628280-25-052110,https://www.sec.gov/Archives/edgar/data/2001557/000162828025052110/innv-20251113.htm,https://www.sec.gov/Archives/edgar/data/2001557/000162828025052110/innv-20251113.htm,2025-11-13,2025-11-13 16:52:18,https://www.sec.gov/Archives/edgar/data/2001557/0001628280-25-052110-index.html,Item 2.02; Item 9.01,Item 2.02; Item 9.01,ATM,Tier-1,https://www.sec.gov/Archives/edgar/data/2001557/000162828025052110/innv-20251113.htm,,Tier-1,2025-11-13,https://www.sec.gov/Archives/edgar/data/2001557/000162828025052110/innv-20251113.htm,https://www.sec.gov/Archives/edgar/data/2001557/0001628280-25-052110-index.html
INV,"Innventure, Inc.",0002001557,2025-09-15,ATM,Tier-1,https://www.sec.gov/Archives/edgar/data/2001557/000200155725000007/innv-20250915.htm,https://www.sec.gov/Archives/edgar/data/2001557/0002001557-25-000007-index.html,8-K,2025-09-16,2025-09-15,2025-09-15,0002001557-25-000007,https://www.sec.gov/Archives/edgar/data/2001557/000200155725000007/innv-20250915.htm,https://www.sec.gov/Archives/edgar/data/2001557/000200155725000007/innv-20250915.htm,2025-09-15,2025-09-15 19:54:01,https://www.sec.gov/Archives/edgar/data/2001557/0002001557-25-000007-index.html,Item 1.01; Item 2.03; Item 3.02; Item 9.01,Item 1.01; Item 2.03; Item 3.02; Item 9.01,ATM,Tier-1,https://www.sec.gov/Archives/edgar/data/2001557/000200155725000007/innv-20250915.htm,,Tier-1,2025-09-15,https://www.sec.gov/Archives/edgar/data/2001557/000200155725000007/innv-20250915.htm,https://www.sec.gov/Archives/edgar/data/2001557/0002001557-25-000007-index.html
INV,"Innventure, Inc.",0002001557,2025-08-14,ATM,Tier-1,https://www.sec.gov/Archives/edgar/data/2001557/000162828025040378/innv-20250814.htm,https://www.sec.gov/Archives/edgar/data/2001557/0001628280-25-040378-index.html,8-K,2025-08-14,2025-08-14,2025-08-14,0001628280-25-040378,https://www.sec.gov/Archives/edgar/data/2001557/000162828025040378/innv-20250814.htm,https://www.sec.gov/Archives/edgar/data/2001557/000162828025040378/innv-20250814.htm,2025-08-14,2025-08-14 16:09:06,https://www.sec.gov/Archives/edgar/data/2001557/0001628280-25-040378-index.html,Item 2.02; Item 9.01,Item 2.02; Item 9.01,ATM,Tier-1,https://www.sec.gov/Archives/edgar/data/2001557/000162828025040378/innv-20250814.htm,,Tier-1,2025-08-14,https://www.sec.gov/Archives/edgar/data/2001557/000162828025040378/innv-20250814.htm,https://www.sec.gov/Archives/edgar/data/2001557/0001628280-25-040378-index.html
INV,"Innventure, Inc.",0002001557,2025-06-25,ATM,Tier-1,https://www.sec.gov/Archives/edgar/data/2001557/000162828025033614/inv-20250625.htm,https://www.sec.gov/Archives/edgar/data/2001557/0001628280-25-033614-index.html,8-K,2025-07-01,2025-06-25,2025-06-25,0001628280-25-033614,https://www.sec.gov/Archives/edgar/data/2001557/000162828025033614/inv-20250625.htm,https://www.sec.gov/Archives/edgar/data/2001557/000162828025033614/inv-20250625.htm,2025-06-25,2025-07-01 08:32:47,https://www.sec.gov/Archives/edgar/data/2001557/0001628280-25-033614-index.html,Item 1.01; Item 5.02; Item 5.07; Item 9.01,Item 1.01; Item 5.02; Item 5.07; Item 9.01,ATM,Tier-1,https://www.sec.gov/Archives/edgar/data/2001557/000162828025033614/inv-20250625.htm,,Tier-1,2025-06-25,https://www.sec.gov/Archives/edgar/data/2001557/000162828025033614/inv-20250625.htm,https://www.sec.gov/Archives/edgar/data/2001557/0001628280-25-033614-index.html
INV,"Innventure, Inc.",0002001557,2025-04-14,ATM,Tier-1,https://www.sec.gov/Archives/edgar/data/2001557/000162828025029330/inv-20250414.htm,https://www.sec.gov/Archives/edgar/data/2001557/0001628280-25-029330-index.html,8-K/A,2025-06-04,2025-04-14,2025-04-14,0001628280-25-029330,https://www.sec.gov/Archives/edgar/data/2001557/000162828025029330/inv-20250414.htm,https://www.sec.gov/Archives/edgar/data/2001557/000162828025029330/inv-20250414.htm,2025-04-14,2025-06-04 16:21:46,https://www.sec.gov/Archives/edgar/data/2001557/0001628280-25-029330-index.html,Item 1.01; Item 9.01,Item 1.01; Item 9.01,ATM,Tier-1,https://www.sec.gov/Archives/edgar/data/2001557/000162828025029330/inv-20250414.htm,,Tier-1,2025-04-14,https://www.sec.gov/Archives/edgar/data/2001557/000162828025029330/inv-20250414.htm,https://www.sec.gov/Archives/edgar/data/2001557/0001628280-25-029330-index.html
INV,"Innventure, Inc.",0002001557,2025-06-30,ATM,Tier-1,https://www.sec.gov/Archives/edgar/data/2001557/000162828025033968/inv-20250630.htm,https://www.sec.gov/Archives/edgar/data/2001557/0001628280-25-033968-index.html,8-K,2025-07-02,2025-06-30,2025-06-30,0001628280-25-033968,https://www.sec.gov/Archives/edgar/data/2001557/000162828025033968/inv-20250630.htm,https://www.sec.gov/Archives/edgar/data/2001557/000162828025033968/inv-20250630.htm,2025-06-30,2025-07-02 16:10:17,https://www.sec.gov/Archives/edgar/data/2001557/0001628280-25-033968-index.html,Item 1.01; Item 9.01,Item 1.01; Item 9.01,ATM,Tier-1,https://www.sec.gov/Archives/edgar/data/2001557/000162828025033968/inv-20250630.htm,,Tier-1,2025-06-30,https://www.sec.gov/Archives/edgar/data/2001557/000162828025033968/inv-20250630.htm,https://www.sec.gov/Archives/edgar/data/2001557/0001628280-25-033968-index.html
ISBA,ISABELLA BANK CORP,0000842517,2025-11-20,ListingChange,Tier-1,https://www.sec.gov/Archives/edgar/data/842517/000084251725000212/isba-20251120.htm,https://www.sec.gov/Archives/edgar/data/842517/0000842517-25-000212-index.html,8-K,2025-11-20,2025-11-20,2025-11-20,0000842517-25-000212,https://www.sec.gov/Archives/edgar/data/842517/000084251725000212/isba-20251120.htm,https://www.sec.gov/Archives/edgar/data/842517/000084251725000212/isba-20251120.htm,2025-11-20,2025-11-20 16:39:03,https://www.sec.gov/Archives/edgar/data/842517/0000842517-25-000212-index.html,Item 8.01; Item 9.01,Item 8.01; Item 9.01,ListingChange,Tier-1,https://www.sec.gov/Archives/edgar/data/842517/000084251725000212/isba-20251120.htm,,Tier-1,2025-11-20,https://www.sec.gov/Archives/edgar/data/842517/000084251725000212/isba-20251120.htm,https://www.sec.gov/Archives/edgar/data/842517/0000842517-25-000212-index.html
IPI,"Intrepid Potash, Inc.",0001421461,2025-11-05,ContractAward,Tier-1,https://www.sec.gov/Archives/edgar/data/1421461/000142146125000032/ipi-20251105.htm,https://www.sec.gov/Archives/edgar/data/1421461/0001421461-25-000032-index.html,8-K,2025-11-05,2025-11-05,2025-11-05,0001421461-25-000032,https://www.sec.gov/Archives/edgar/data/1421461/000142146125000032/ipi-20251105.htm,https://www.sec.gov/Archives/edgar/data/1421461/000142146125000032/ipi-20251105.htm,2025-11-05,2025-11-05 16:34:48,https://www.sec.gov/Archives/edgar/data/1421461/0001421461-25-000032-index.html,Item 2.02; Item 9.01,Item 2.02; Item 9.01,ContractAward,Tier-1,https://www.sec.gov/Archives/edgar/data/1421461/000142146125000032/ipi-20251105.htm,,Tier-1,2025-11-05,https://www.sec.gov/Archives/edgar/data/1421461/000142146125000032/ipi-20251105.htm,https://www.sec.gov/Archives/edgar/data/1421461/0001421461-25-000032-index.html
IPI,"Intrepid Potash, Inc.",0001421461,2025-08-06,ContractAward,Tier-1,https://www.sec.gov/Archives/edgar/data/1421461/000142146125000020/ipi-20250806.htm,https://www.sec.gov/Archives/edgar/data/1421461/0001421461-25-000020-index.html,8-K,2025-08-06,2025-08-06,2025-08-06,0001421461-25-000020,https://www.sec.gov/Archives/edgar/data/1421461/000142146125000020/ipi-20250806.htm,https://www.sec.gov/Archives/edgar/data/1421461/000142146125000020/ipi-20250806.htm,2025-08-06,2025-08-06 16:46:17,https://www.sec.gov/Archives/edgar/data/1421461/0001421461-25-000020-index.html,Item 2.02; Item 9.01,Item 2.02; Item 9.01,ContractAward,Tier-1,https://www.sec.gov/Archives/edgar/data/1421461/000142146125000020/ipi-20250806.htm,,Tier-1,2025-08-06,https://www.sec.gov/Archives/edgar/data/1421461/000142146125000020/ipi-20250806.htm,https://www.sec.gov/Archives/edgar/data/1421461/0001421461-25-000020-index.html
ISBA,ISABELLA BANK CORP,0000842517,2025-10-06,ListingChange,Tier-1,https://www.sec.gov/Archives/edgar/data/842517/000084251725000199/isba-20251006.htm,https://www.sec.gov/Archives/edgar/data/842517/0000842517-25-000199-index.html,8-K,2025-10-09,2025-10-06,2025-10-06,0000842517-25-000199,https://www.sec.gov/Archives/edgar/data/842517/000084251725000199/isba-20251006.htm,https://www.sec.gov/Archives/edgar/data/842517/000084251725000199/isba-20251006.htm,2025-10-06,2025-10-09 11:57:39,https://www.sec.gov/Archives/edgar/data/842517/0000842517-25-000199-index.html,Item 5.02; Item 9.01,Item 5.02; Item 9.01,ListingChange,Tier-1,https://www.sec.gov/Archives/edgar/data/842517/000084251725000199/isba-20251006.htm,,Tier-1,2025-10-06,https://www.sec.gov/Archives/edgar/data/842517/000084251725000199/isba-20251006.htm,https://www.sec.gov/Archives/edgar/data/842517/0000842517-25-000199-index.html
ISBA,ISABELLA BANK CORP,0000842517,2025-10-27,ATM,Tier-1,https://www.sec.gov/Archives/edgar/data/842517/000084251725000207/isba-20251027.htm,https://www.sec.gov/Archives/edgar/data/842517/0000842517-25-000207-index.html,8-K,2025-10-27,2025-10-27,2025-10-27,0000842517-25-000207,https://www.sec.gov/Archives/edgar/data/842517/000084251725000207/isba-20251027.htm,https://www.sec.gov/Archives/edgar/data/842517/000084251725000207/isba-20251027.htm,2025-10-27,2025-10-27 17:27:50,https://www.sec.gov/Archives/edgar/data/842517/0000842517-25-000207-index.html,Item 2.02; Item 9.01,Item 2.02; Item 9.01,ATM,Tier-1,https://www.sec.gov/Archives/edgar/data/842517/000084251725000207/isba-20251027.htm,,Tier-1,2025-10-27,https://www.sec.gov/Archives/edgar/data/842517/000084251725000207/isba-20251027.htm,https://www.sec.gov/Archives/edgar/data/842517/0000842517-25-000207-index.html
ISBA,ISABELLA BANK CORP,0000842517,2025-08-28,ListingChange,Tier-1,https://www.sec.gov/Archives/edgar/data/842517/000084251725000139/isba-20250828.htm,https://www.sec.gov/Archives/edgar/data/842517/0000842517-25-000139-index.html,8-K,2025-08-28,2025-08-28,2025-08-28,0000842517-25-000139,https://www.sec.gov/Archives/edgar/data/842517/000084251725000139/isba-20250828.htm,https://www.sec.gov/Archives/edgar/data/842517/000084251725000139/isba-20250828.htm,2025-08-28,2025-08-28 16:32:06,https://www.sec.gov/Archives/edgar/data/842517/0000842517-25-000139-index.html,Item 8.01; Item 9.01,Item 8.01; Item 9.01,ListingChange,Tier-1,https://www.sec.gov/Archives/edgar/data/842517/000084251725000139/isba-20250828.htm,,Tier-1,2025-08-28,https://www.sec.gov/Archives/edgar/data/842517/000084251725000139/isba-20250828.htm,https://www.sec.gov/Archives/edgar/data/842517/0000842517-25-000139-index.html
IVVD,"Invivyd, Inc.",0001832038,2025-11-24,ATM,Tier-1,https://www.sec.gov/Archives/edgar/data/1832038/000119312525291992/ivvd-20251124.htm,https://www.sec.gov/Archives/edgar/data/1832038/0001193125-25-291992-index.html,8-K,2025-11-24,2025-11-24,2025-11-24,0001193125-25-291992,https://www.sec.gov/Archives/edgar/data/1832038/000119312525291992/ivvd-20251124.htm,https://www.sec.gov/Archives/edgar/data/1832038/000119312525291992/ivvd-20251124.htm,2025-11-24,2025-11-24 07:06:00,https://www.sec.gov/Archives/edgar/data/1832038/0001193125-25-291992-index.html,Item 8.01; Item 9.01,Item 8.01; Item 9.01,ATM,Tier-1,https://www.sec.gov/Archives/edgar/data/1832038/000119312525291992/ivvd-20251124.htm,,Tier-1,2025-11-24,https://www.sec.gov/Archives/edgar/data/1832038/000119312525291992/ivvd-20251124.htm,https://www.sec.gov/Archives/edgar/data/1832038/0001193125-25-291992-index.html
IVVD,"Invivyd, Inc.",0001832038,2025-11-17,ATM,Tier-1,https://www.sec.gov/Archives/edgar/data/1832038/000119312525288347/ivvd-20251117.htm,https://www.sec.gov/Archives/edgar/data/1832038/0001193125-25-288347-index.html,8-K,2025-11-19,2025-11-17,2025-11-17,0001193125-25-288347,https://www.sec.gov/Archives/edgar/data/1832038/000119312525288347/ivvd-20251117.htm,https://www.sec.gov/Archives/edgar/data/1832038/000119312525288347/ivvd-20251117.htm,2025-11-17,2025-11-19 17:23:35,https://www.sec.gov/Archives/edgar/data/1832038/0001193125-25-288347-index.html,Item 1.01; Item 8.01; Item 9.01,Item 1.01; Item 8.01; Item 9.01,ATM,Tier-1,https://www.sec.gov/Archives/edgar/data/1832038/000119312525288347/ivvd-20251117.htm,,Tier-1,2025-11-17,https://www.sec.gov/Archives/edgar/data/1832038/000119312525288347/ivvd-20251117.htm,https://www.sec.gov/Archives/edgar/data/1832038/0001193125-25-288347-index.html
ISBA,ISABELLA BANK CORP,0000842517,2025-07-24,ATM,Tier-1,https://www.sec.gov/Archives/edgar/data/842517/000084251725000132/isba-20250724.htm,https://www.sec.gov/Archives/edgar/data/842517/0000842517-25-000132-index.html,8-K,2025-07-24,2025-07-24,2025-07-24,0000842517-25-000132,https://www.sec.gov/Archives/edgar/data/842517/000084251725000132/isba-20250724.htm,https://www.sec.gov/Archives/edgar/data/842517/000084251725000132/isba-20250724.htm,2025-07-24,2025-07-24 16:47:58,https://www.sec.gov/Archives/edgar/data/842517/0000842517-25-000132-index.html,Item 2.02; Item 9.01,Item 2.02; Item 9.01,ATM,Tier-1,https://www.sec.gov/Archives/edgar/data/842517/000084251725000132/isba-20250724.htm,,Tier-1,2025-07-24,https://www.sec.gov/Archives/edgar/data/842517/000084251725000132/isba-20250724.htm,https://www.sec.gov/Archives/edgar/data/842517/0000842517-25-000132-index.html
IVVD,"Invivyd, Inc.",0001832038,2025-10-06,ATM,Tier-1,https://www.sec.gov/Archives/edgar/data/1832038/000119312525230898/ivvd-20251006.htm,https://www.sec.gov/Archives/edgar/data/1832038/0001193125-25-230898-index.html,8-K,2025-10-06,2025-10-06,2025-10-06,0001193125-25-230898,https://www.sec.gov/Archives/edgar/data/1832038/000119312525230898/ivvd-20251006.htm,https://www.sec.gov/Archives/edgar/data/1832038/000119312525230898/ivvd-20251006.htm,2025-10-06,2025-10-06 07:07:20,https://www.sec.gov/Archives/edgar/data/1832038/0001193125-25-230898-index.html,Item 8.01,Item 8.01,ATM,Tier-1,https://www.sec.gov/Archives/edgar/data/1832038/000119312525230898/ivvd-20251006.htm,,Tier-1,2025-10-06,https://www.sec.gov/Archives/edgar/data/1832038/000119312525230898/ivvd-20251006.htm,https://www.sec.gov/Archives/edgar/data/1832038/0001193125-25-230898-index.html
IVVD,"Invivyd, Inc.",0001832038,2025-10-30,ATM,Tier-1,https://www.sec.gov/Archives/edgar/data/1832038/000119312525258526/d24723d8k.htm,https://www.sec.gov/Archives/edgar/data/1832038/0001193125-25-258526-index.html,8-K,2025-10-30,2025-10-30,2025-10-30,0001193125-25-258526,https://www.sec.gov/Archives/edgar/data/1832038/000119312525258526/d24723d8k.htm,https://www.sec.gov/Archives/edgar/data/1832038/000119312525258526/d24723d8k.htm,2025-10-30,2025-10-30 16:07:14,https://www.sec.gov/Archives/edgar/data/1832038/0001193125-25-258526-index.html,Item 8.01; Item 9.01,Item 8.01; Item 9.01,ATM,Tier-1,https://www.sec.gov/Archives/edgar/data/1832038/000119312525258526/d24723d8k.htm,,Tier-1,2025-10-30,https://www.sec.gov/Archives/edgar/data/1832038/000119312525258526/d24723d8k.htm,https://www.sec.gov/Archives/edgar/data/1832038/0001193125-25-258526-index.html
IVVD,"Invivyd, Inc.",0001832038,2025-09-22,ATM,Tier-1,https://www.sec.gov/Archives/edgar/data/1832038/000119312525215541/ivvd-20250922.htm,https://www.sec.gov/Archives/edgar/data/1832038/0001193125-25-215541-index.html,8-K,2025-09-24,2025-09-22,2025-09-22,0001193125-25-215541,https://www.sec.gov/Archives/edgar/data/1832038/000119312525215541/ivvd-20250922.htm,https://www.sec.gov/Archives/edgar/data/1832038/000119312525215541/ivvd-20250922.htm,2025-09-22,2025-09-24 16:45:16,https://www.sec.gov/Archives/edgar/data/1832038/0001193125-25-215541-index.html,Item 5.02; Item 7.01; Item 8.01,Item 5.02; Item 7.01; Item 8.01,ATM,Tier-1,https://www.sec.gov/Archives/edgar/data/1832038/000119312525215541/ivvd-20250922.htm,,Tier-1,2025-09-22,https://www.sec.gov/Archives/edgar/data/1832038/000119312525215541/ivvd-20250922.htm,https://www.sec.gov/Archives/edgar/data/1832038/0001193125-25-215541-index.html
IVVD,"Invivyd, Inc.",0001832038,2025-11-06,ATM,Tier-1,https://www.sec.gov/Archives/edgar/data/1832038/000119312525268057/d81968d8k.htm,https://www.sec.gov/Archives/edgar/data/1832038/0001193125-25-268057-index.html,8-K,2025-11-06,2025-11-06,2025-11-06,0001193125-25-268057,https://www.sec.gov/Archives/edgar/data/1832038/000119312525268057/d81968d8k.htm,https://www.sec.gov/Archives/edgar/data/1832038/000119312525268057/d81968d8k.htm,2025-11-06,2025-11-06 07:10:17,https://www.sec.gov/Archives/edgar/data/1832038/0001193125-25-268057-index.html,Item 2.02; Item 8.01; Item 9.01,Item 2.02; Item 8.01; Item 9.01,ATM,Tier-1,https://www.sec.gov/Archives/edgar/data/1832038/000119312525268057/d81968d8k.htm,,Tier-1,2025-11-06,https://www.sec.gov/Archives/edgar/data/1832038/000119312525268057/d81968d8k.htm,https://www.sec.gov/Archives/edgar/data/1832038/0001193125-25-268057-index.html
IVVD,"Invivyd, Inc.",0001832038,2025-08-20,ATM,Tier-1,https://www.sec.gov/Archives/edgar/data/1832038/000095017025110952/ivvd-20250820.htm,https://www.sec.gov/Archives/edgar/data/1832038/0000950170-25-110952-index.html,8-K,2025-08-22,2025-08-20,2025-08-20,0000950170-25-110952,https://www.sec.gov/Archives/edgar/data/1832038/000095017025110952/ivvd-20250820.htm,https://www.sec.gov/Archives/edgar/data/1832038/000095017025110952/ivvd-20250820.htm,2025-08-20,2025-08-22 16:07:27,https://www.sec.gov/Archives/edgar/data/1832038/0000950170-25-110952-index.html,Item 1.01; Item 8.01; Item 9.01,Item 1.01; Item 8.01; Item 9.01,ATM,Tier-1,https://www.sec.gov/Archives/edgar/data/1832038/000095017025110952/ivvd-20250820.htm,,Tier-1,2025-08-20,https://www.sec.gov/Archives/edgar/data/1832038/000095017025110952/ivvd-20250820.htm,https://www.sec.gov/Archives/edgar/data/1832038/0000950170-25-110952-index.html
IVVD,"Invivyd, Inc.",0001832038,2025-07-02,ATM,Tier-1,https://www.sec.gov/Archives/edgar/data/1832038/000095017025092528/ivvd-20250702.htm,https://www.sec.gov/Archives/edgar/data/1832038/0000950170-25-092528-index.html,8-K,2025-07-02,2025-07-02,2025-07-02,0000950170-25-092528,https://www.sec.gov/Archives/edgar/data/1832038/000095017025092528/ivvd-20250702.htm,https://www.sec.gov/Archives/edgar/data/1832038/000095017025092528/ivvd-20250702.htm,2025-07-02,2025-07-02 07:08:36,https://www.sec.gov/Archives/edgar/data/1832038/0000950170-25-092528-index.html,Item 8.01; Item 9.01,Item 8.01; Item 9.01,ATM,Tier-1,https://www.sec.gov/Archives/edgar/data/1832038/000095017025092528/ivvd-20250702.htm,,Tier-1,2025-07-02,https://www.sec.gov/Archives/edgar/data/1832038/000095017025092528/ivvd-20250702.htm,https://www.sec.gov/Archives/edgar/data/1832038/0000950170-25-092528-index.html
IVVD,"Invivyd, Inc.",0001832038,2025-06-26,ATM,Tier-1,https://www.sec.gov/Archives/edgar/data/1832038/000095017025090172/ivvd-20250626.htm,https://www.sec.gov/Archives/edgar/data/1832038/0000950170-25-090172-index.html,8-K,2025-06-26,2025-06-26,2025-06-26,0000950170-25-090172,https://www.sec.gov/Archives/edgar/data/1832038/000095017025090172/ivvd-20250626.htm,https://www.sec.gov/Archives/edgar/data/1832038/000095017025090172/ivvd-20250626.htm,2025-06-26,2025-06-26 07:13:10,https://www.sec.gov/Archives/edgar/data/1832038/0000950170-25-090172-index.html,Item 8.01; Item 9.01,Item 8.01; Item 9.01,ATM,Tier-1,https://www.sec.gov/Archives/edgar/data/1832038/000095017025090172/ivvd-20250626.htm,,Tier-1,2025-06-26,https://www.sec.gov/Archives/edgar/data/1832038/000095017025090172/ivvd-20250626.htm,https://www.sec.gov/Archives/edgar/data/1832038/0000950170-25-090172-index.html
KLXE,"KLX Energy Services Holdings, Inc.",0001738827,2025-11-12,ATM,Tier-1,https://www.sec.gov/Archives/edgar/data/1738827/000173882725000076/klxe-20251112.htm,https://www.sec.gov/Archives/edgar/data/1738827/0001738827-25-000076-index.html,8-K,2025-11-12,2025-11-12,2025-11-12,0001738827-25-000076,https://www.sec.gov/Archives/edgar/data/1738827/000173882725000076/klxe-20251112.htm,https://www.sec.gov/Archives/edgar/data/1738827/000173882725000076/klxe-20251112.htm,2025-11-12,2025-11-12 07:01:23,https://www.sec.gov/Archives/edgar/data/1738827/0001738827-25-000076-index.html,Item 2.02; Item 7.01; Item 9.01,Item 2.02; Item 7.01; Item 9.01,ATM,Tier-1,https://www.sec.gov/Archives/edgar/data/1738827/000173882725000076/klxe-20251112.htm,,Tier-1,2025-11-12,https://www.sec.gov/Archives/edgar/data/1738827/000173882725000076/klxe-20251112.htm,https://www.sec.gov/Archives/edgar/data/1738827/0001738827-25-000076-index.html
IVVD,"Invivyd, Inc.",0001832038,2025-08-14,ATM,Tier-1,https://www.sec.gov/Archives/edgar/data/1832038/000119312525180890/d936404d8k.htm,https://www.sec.gov/Archives/edgar/data/1832038/0001193125-25-180890-index.html,8-K,2025-08-14,2025-08-14,2025-08-14,0001193125-25-180890,https://www.sec.gov/Archives/edgar/data/1832038/000119312525180890/d936404d8k.htm,https://www.sec.gov/Archives/edgar/data/1832038/000119312525180890/d936404d8k.htm,2025-08-14,2025-08-14 16:56:50,https://www.sec.gov/Archives/edgar/data/1832038/0001193125-25-180890-index.html,Item 2.02; Item 8.01; Item 9.01,Item 2.02; Item 8.01; Item 9.01,ATM,Tier-1,https://www.sec.gov/Archives/edgar/data/1832038/000119312525180890/d936404d8k.htm,,Tier-1,2025-08-14,https://www.sec.gov/Archives/edgar/data/1832038/000119312525180890/d936404d8k.htm,https://www.sec.gov/Archives/edgar/data/1832038/0001193125-25-180890-index.html
KLXE,"KLX Energy Services Holdings, Inc.",0001738827,2025-11-05,ContractAward,Tier-1,https://www.sec.gov/Archives/edgar/data/1738827/000173882725000072/klxe-20251105.htm,https://www.sec.gov/Archives/edgar/data/1738827/0001738827-25-000072-index.html,8-K,2025-11-05,2025-11-05,2025-11-05,0001738827-25-000072,https://www.sec.gov/Archives/edgar/data/1738827/000173882725000072/klxe-20251105.htm,https://www.sec.gov/Archives/edgar/data/1738827/000173882725000072/klxe-20251105.htm,2025-11-05,2025-11-05 16:06:00,https://www.sec.gov/Archives/edgar/data/1738827/0001738827-25-000072-index.html,Item 2.02; Item 9.01,Item 2.02; Item 9.01,ContractAward,Tier-1,https://www.sec.gov/Archives/edgar/data/1738827/000173882725000072/klxe-20251105.htm,,Tier-1,2025-11-05,https://www.sec.gov/Archives/edgar/data/1738827/000173882725000072/klxe-20251105.htm,https://www.sec.gov/Archives/edgar/data/1738827/0001738827-25-000072-index.html
KOLD,ProShares Trust II,0001415311,2025-11-04,ATM,Tier-1,https://www.sec.gov/Archives/edgar/data/1415311/000119312525264886/d904599d8k.htm,https://www.sec.gov/Archives/edgar/data/1415311/0001193125-25-264886-index.html,8-K,2025-11-04,2025-11-04,2025-11-04,0001193125-25-264886,https://www.sec.gov/Archives/edgar/data/1415311/000119312525264886/d904599d8k.htm,https://www.sec.gov/Archives/edgar/data/1415311/000119312525264886/d904599d8k.htm,2025-11-04,2025-11-04 16:47:32,https://www.sec.gov/Archives/edgar/data/1415311/0001193125-25-264886-index.html,Item 8.01; Item 9.01,Item 8.01; Item 9.01,ATM,Tier-1,https://www.sec.gov/Archives/edgar/data/1415311/000119312525264886/d904599d8k.htm,,Tier-1,2025-11-04,https://www.sec.gov/Archives/edgar/data/1415311/000119312525264886/d904599d8k.htm,https://www.sec.gov/Archives/edgar/data/1415311/0001193125-25-264886-index.html
KLXE,"KLX Energy Services Holdings, Inc.",0001738827,2025-08-26,ATM,Tier-1,https://www.sec.gov/Archives/edgar/data/1738827/000173882725000069/klxe-20250826.htm,https://www.sec.gov/Archives/edgar/data/1738827/0001738827-25-000069-index.html,8-K,2025-08-26,2025-08-26,2025-08-26,0001738827-25-000069,https://www.sec.gov/Archives/edgar/data/1738827/000173882725000069/klxe-20250826.htm,https://www.sec.gov/Archives/edgar/data/1738827/000173882725000069/klxe-20250826.htm,2025-08-26,2025-08-26 16:09:59,https://www.sec.gov/Archives/edgar/data/1738827/0001738827-25-000069-index.html,Item 2.02; Item 7.01; Item 9.01,Item 2.02; Item 7.01; Item 9.01,ATM,Tier-1,https://www.sec.gov/Archives/edgar/data/1738827/000173882725000069/klxe-20250826.htm,,Tier-1,2025-08-26,https://www.sec.gov/Archives/edgar/data/1738827/000173882725000069/klxe-20250826.htm,https://www.sec.gov/Archives/edgar/data/1738827/0001738827-25-000069-index.html
KOLD,ProShares Trust II,0001415311,2025-05-28,ContractAward,Tier-1,https://www.sec.gov/Archives/edgar/data/1415311/000119312525137140/d926338d8ka.htm,https://www.sec.gov/Archives/edgar/data/1415311/0001193125-25-137140-index.html,8-K/A,2025-06-06,2025-05-28,2025-05-28,0001193125-25-137140,https://www.sec.gov/Archives/edgar/data/1415311/000119312525137140/d926338d8ka.htm,https://www.sec.gov/Archives/edgar/data/1415311/000119312525137140/d926338d8ka.htm,2025-05-28,2025-06-06 16:44:09,https://www.sec.gov/Archives/edgar/data/1415311/0001193125-25-137140-index.html,Item 9.01,Item 9.01,ContractAward,Tier-1,https://www.sec.gov/Archives/edgar/data/1415311/000119312525137140/d926338d8ka.htm,,Tier-1,2025-05-28,https://www.sec.gov/Archives/edgar/data/1415311/000119312525137140/d926338d8ka.htm,https://www.sec.gov/Archives/edgar/data/1415311/0001193125-25-137140-index.html
KULR,"KULR Technology Group, Inc.",0001662684,2025-11-24,ATM,Tier-1,https://www.sec.gov/Archives/edgar/data/1662684/000110465925115183/tm2532002d1_8k.htm,https://www.sec.gov/Archives/edgar/data/1662684/0001104659-25-115183-index.html,8-K,2025-11-24,2025-11-24,2025-11-24,0001104659-25-115183,https://www.sec.gov/Archives/edgar/data/1662684/000110465925115183/tm2532002d1_8k.htm,https://www.sec.gov/Archives/edgar/data/1662684/000110465925115183/tm2532002d1_8k.htm,2025-11-24,2025-11-24 08:30:43,https://www.sec.gov/Archives/edgar/data/1662684/0001104659-25-115183-index.html,Item 7.01; Item 9.01,Item 7.01; Item 9.01,ATM,Tier-1,https://www.sec.gov/Archives/edgar/data/1662684/000110465925115183/tm2532002d1_8k.htm,,Tier-1,2025-11-24,https://www.sec.gov/Archives/edgar/data/1662684/000110465925115183/tm2532002d1_8k.htm,https://www.sec.gov/Archives/edgar/data/1662684/0001104659-25-115183-index.html
KULR,"KULR Technology Group, Inc.",0001662684,2025-11-18,ATM,Tier-1,https://www.sec.gov/Archives/edgar/data/1662684/000110465925113666/tm2531615d1_8k.htm,https://www.sec.gov/Archives/edgar/data/1662684/0001104659-25-113666-index.html,8-K,2025-11-18,2025-11-18,2025-11-18,0001104659-25-113666,https://www.sec.gov/Archives/edgar/data/1662684/000110465925113666/tm2531615d1_8k.htm,https://www.sec.gov/Archives/edgar/data/1662684/000110465925113666/tm2531615d1_8k.htm,2025-11-18,2025-11-18 16:16:07,https://www.sec.gov/Archives/edgar/data/1662684/0001104659-25-113666-index.html,Item 2.02; Item 7.01; Item 9.01,Item 2.02; Item 7.01; Item 9.01,ATM,Tier-1,https://www.sec.gov/Archives/edgar/data/1662684/000110465925113666/tm2531615d1_8k.htm,,Tier-1,2025-11-18,https://www.sec.gov/Archives/edgar/data/1662684/000110465925113666/tm2531615d1_8k.htm,https://www.sec.gov/Archives/edgar/data/1662684/0001104659-25-113666-index.html
KLXE,"KLX Energy Services Holdings, Inc.",0001738827,2025-08-06,ListingChange,Tier-1,https://www.sec.gov/Archives/edgar/data/1738827/000173882725000063/klxe-20250806.htm,https://www.sec.gov/Archives/edgar/data/1738827/0001738827-25-000063-index.html,8-K,2025-08-06,2025-08-06,2025-08-06,0001738827-25-000063,https://www.sec.gov/Archives/edgar/data/1738827/000173882725000063/klxe-20250806.htm,https://www.sec.gov/Archives/edgar/data/1738827/000173882725000063/klxe-20250806.htm,2025-08-06,2025-08-06 16:11:51,https://www.sec.gov/Archives/edgar/data/1738827/0001738827-25-000063-index.html,Item 2.02; Item 9.01,Item 2.02; Item 9.01,ListingChange,Tier-1,https://www.sec.gov/Archives/edgar/data/1738827/000173882725000063/klxe-20250806.htm,,Tier-1,2025-08-06,https://www.sec.gov/Archives/edgar/data/1738827/000173882725000063/klxe-20250806.htm,https://www.sec.gov/Archives/edgar/data/1738827/0001738827-25-000063-index.html
KULR,"KULR Technology Group, Inc.",0001662684,2025-11-12,ATM,Tier-1,https://www.sec.gov/Archives/edgar/data/1662684/000110465925110399/tm2531047d1_8k.htm,https://www.sec.gov/Archives/edgar/data/1662684/0001104659-25-110399-index.html,8-K,2025-11-12,2025-11-12,2025-11-12,0001104659-25-110399,https://www.sec.gov/Archives/edgar/data/1662684/000110465925110399/tm2531047d1_8k.htm,https://www.sec.gov/Archives/edgar/data/1662684/000110465925110399/tm2531047d1_8k.htm,2025-11-12,2025-11-12 16:17:28,https://www.sec.gov/Archives/edgar/data/1662684/0001104659-25-110399-index.html,Item 7.01; Item 9.01,Item 7.01; Item 9.01,ATM,Tier-1,https://www.sec.gov/Archives/edgar/data/1662684/000110465925110399/tm2531047d1_8k.htm,,Tier-1,2025-11-12,https://www.sec.gov/Archives/edgar/data/1662684/000110465925110399/tm2531047d1_8k.htm,https://www.sec.gov/Archives/edgar/data/1662684/0001104659-25-110399-index.html
KULR,"KULR Technology Group, Inc.",0001662684,2025-10-09,ATM,Tier-1,https://www.sec.gov/Archives/edgar/data/1662684/000110465925098100/tm2528372d1_8k.htm,https://www.sec.gov/Archives/edgar/data/1662684/0001104659-25-098100-index.html,8-K,2025-10-09,2025-10-09,2025-10-09,0001104659-25-098100,https://www.sec.gov/Archives/edgar/data/1662684/000110465925098100/tm2528372d1_8k.htm,https://www.sec.gov/Archives/edgar/data/1662684/000110465925098100/tm2528372d1_8k.htm,2025-10-09,2025-10-09 08:30:39,https://www.sec.gov/Archives/edgar/data/1662684/0001104659-25-098100-index.html,Item 7.01; Item 9.01,Item 7.01; Item 9.01,ATM,Tier-1,https://www.sec.gov/Archives/edgar/data/1662684/000110465925098100/tm2528372d1_8k.htm,,Tier-1,2025-10-09,https://www.sec.gov/Archives/edgar/data/1662684/000110465925098100/tm2528372d1_8k.htm,https://www.sec.gov/Archives/edgar/data/1662684/0001104659-25-098100-index.html
KULR,"KULR Technology Group, Inc.",0001662684,2025-10-02,ATM,Tier-1,https://www.sec.gov/Archives/edgar/data/1662684/000110465925095884/tm2527802d1_8k.htm,https://www.sec.gov/Archives/edgar/data/1662684/0001104659-25-095884-index.html,8-K,2025-10-02,2025-10-02,2025-10-02,0001104659-25-095884,https://www.sec.gov/Archives/edgar/data/1662684/000110465925095884/tm2527802d1_8k.htm,https://www.sec.gov/Archives/edgar/data/1662684/000110465925095884/tm2527802d1_8k.htm,2025-10-02,2025-10-02 08:30:35,https://www.sec.gov/Archives/edgar/data/1662684/0001104659-25-095884-index.html,Item 7.01; Item 9.01,Item 7.01; Item 9.01,ATM,Tier-1,https://www.sec.gov/Archives/edgar/data/1662684/000110465925095884/tm2527802d1_8k.htm,,Tier-1,2025-10-02,https://www.sec.gov/Archives/edgar/data/1662684/000110465925095884/tm2527802d1_8k.htm,https://www.sec.gov/Archives/edgar/data/1662684/0001104659-25-095884-index.html
KULR,"KULR Technology Group, Inc.",0001662684,2025-09-09,ATM,Tier-1,https://www.sec.gov/Archives/edgar/data/1662684/000110465925088474/tm2525621d1_8k.htm,https://www.sec.gov/Archives/edgar/data/1662684/0001104659-25-088474-index.html,8-K,2025-09-09,2025-09-09,2025-09-09,0001104659-25-088474,https://www.sec.gov/Archives/edgar/data/1662684/000110465925088474/tm2525621d1_8k.htm,https://www.sec.gov/Archives/edgar/data/1662684/000110465925088474/tm2525621d1_8k.htm,2025-09-09,2025-09-09 08:30:41,https://www.sec.gov/Archives/edgar/data/1662684/0001104659-25-088474-index.html,Item 7.01; Item 9.01,Item 7.01; Item 9.01,ATM,Tier-1,https://www.sec.gov/Archives/edgar/data/1662684/000110465925088474/tm2525621d1_8k.htm,,Tier-1,2025-09-09,https://www.sec.gov/Archives/edgar/data/1662684/000110465925088474/tm2525621d1_8k.htm,https://www.sec.gov/Archives/edgar/data/1662684/0001104659-25-088474-index.html
KULR,"KULR Technology Group, Inc.",0001662684,2025-08-20,ATM,Tier-1,https://www.sec.gov/Archives/edgar/data/1662684/000110465925080557/tm2523940d1_8k.htm,https://www.sec.gov/Archives/edgar/data/1662684/0001104659-25-080557-index.html,8-K,2025-08-20,2025-08-20,2025-08-20,0001104659-25-080557,https://www.sec.gov/Archives/edgar/data/1662684/000110465925080557/tm2523940d1_8k.htm,https://www.sec.gov/Archives/edgar/data/1662684/000110465925080557/tm2523940d1_8k.htm,2025-08-20,2025-08-20 08:30:38,https://www.sec.gov/Archives/edgar/data/1662684/0001104659-25-080557-index.html,Item 7.01; Item 9.01,Item 7.01; Item 9.01,ATM,Tier-1,https://www.sec.gov/Archives/edgar/data/1662684/000110465925080557/tm2523940d1_8k.htm,,Tier-1,2025-08-20,https://www.sec.gov/Archives/edgar/data/1662684/000110465925080557/tm2523940d1_8k.htm,https://www.sec.gov/Archives/edgar/data/1662684/0001104659-25-080557-index.html
KULR,"KULR Technology Group, Inc.",0001662684,2025-08-19,ATM,Tier-1,https://www.sec.gov/Archives/edgar/data/1662684/000110465925080047/tm2523817d1_8k.htm,https://www.sec.gov/Archives/edgar/data/1662684/0001104659-25-080047-index.html,8-K,2025-08-19,2025-08-19,2025-08-19,0001104659-25-080047,https://www.sec.gov/Archives/edgar/data/1662684/000110465925080047/tm2523817d1_8k.htm,https://www.sec.gov/Archives/edgar/data/1662684/000110465925080047/tm2523817d1_8k.htm,2025-08-19,2025-08-19 08:30:48,https://www.sec.gov/Archives/edgar/data/1662684/0001104659-25-080047-index.html,Item 7.01; Item 9.01,Item 7.01; Item 9.01,ATM,Tier-1,https://www.sec.gov/Archives/edgar/data/1662684/000110465925080047/tm2523817d1_8k.htm,,Tier-1,2025-08-19,https://www.sec.gov/Archives/edgar/data/1662684/000110465925080047/tm2523817d1_8k.htm,https://www.sec.gov/Archives/edgar/data/1662684/0001104659-25-080047-index.html
KULR,"KULR Technology Group, Inc.",0001662684,2025-08-14,ATM,Tier-1,https://www.sec.gov/Archives/edgar/data/1662684/000110465925078619/tm2523554d1_8k.htm,https://www.sec.gov/Archives/edgar/data/1662684/0001104659-25-078619-index.html,8-K,2025-08-14,2025-08-14,2025-08-14,0001104659-25-078619,https://www.sec.gov/Archives/edgar/data/1662684/000110465925078619/tm2523554d1_8k.htm,https://www.sec.gov/Archives/edgar/data/1662684/000110465925078619/tm2523554d1_8k.htm,2025-08-14,2025-08-14 16:17:26,https://www.sec.gov/Archives/edgar/data/1662684/0001104659-25-078619-index.html,Item 2.02; Item 7.01; Item 9.01,Item 2.02; Item 7.01; Item 9.01,ATM,Tier-1,https://www.sec.gov/Archives/edgar/data/1662684/000110465925078619/tm2523554d1_8k.htm,,Tier-1,2025-08-14,https://www.sec.gov/Archives/edgar/data/1662684/000110465925078619/tm2523554d1_8k.htm,https://www.sec.gov/Archives/edgar/data/1662684/0001104659-25-078619-index.html
LAND,GLADSTONE LAND Corp,0001495240,2025-08-07,ATM,Tier-1,https://www.sec.gov/Archives/edgar/data/1495240/000149524025000023/land-20250807.htm,https://www.sec.gov/Archives/edgar/data/1495240/0001495240-25-000023-index.html,8-K,2025-08-07,2025-08-07,2025-08-07,0001495240-25-000023,https://www.sec.gov/Archives/edgar/data/1495240/000149524025000023/land-20250807.htm,https://www.sec.gov/Archives/edgar/data/1495240/000149524025000023/land-20250807.htm,2025-08-07,2025-08-07 16:13:32,https://www.sec.gov/Archives/edgar/data/1495240/0001495240-25-000023-index.html,Item 2.02; Item 9.01,Item 2.02; Item 9.01,ATM,Tier-1,https://www.sec.gov/Archives/edgar/data/1495240/000149524025000023/land-20250807.htm,,Tier-1,2025-08-07,https://www.sec.gov/Archives/edgar/data/1495240/000149524025000023/land-20250807.htm,https://www.sec.gov/Archives/edgar/data/1495240/0001495240-25-000023-index.html
LAND,GLADSTONE LAND Corp,0001495240,2025-11-05,ATM,Tier-1,https://www.sec.gov/Archives/edgar/data/1495240/000149524025000030/land-20251105.htm,https://www.sec.gov/Archives/edgar/data/1495240/0001495240-25-000030-index.html,8-K,2025-11-05,2025-11-05,2025-11-05,0001495240-25-000030,https://www.sec.gov/Archives/edgar/data/1495240/000149524025000030/land-20251105.htm,https://www.sec.gov/Archives/edgar/data/1495240/000149524025000030/land-20251105.htm,2025-11-05,2025-11-05 16:07:29,https://www.sec.gov/Archives/edgar/data/1495240/0001495240-25-000030-index.html,Item 2.02; Item 9.01,Item 2.02; Item 9.01,ATM,Tier-1,https://www.sec.gov/Archives/edgar/data/1495240/000149524025000030/land-20251105.htm,,Tier-1,2025-11-05,https://www.sec.gov/Archives/edgar/data/1495240/000149524025000030/land-20251105.htm,https://www.sec.gov/Archives/edgar/data/1495240/0001495240-25-000030-index.html
LCCC,Lakeshore Acquisition III Corp.,0002049248,2025-06-18,ListingChange,Tier-1,https://www.sec.gov/Archives/edgar/data/2049248/000192998025000511/lccc_8k.htm,https://www.sec.gov/Archives/edgar/data/2049248/0001929980-25-000511-index.html,8-K,2025-06-20,2025-06-18,2025-06-18,0001929980-25-000511,https://www.sec.gov/Archives/edgar/data/2049248/000192998025000511/lccc_8k.htm,https://www.sec.gov/Archives/edgar/data/2049248/000192998025000511/lccc_8k.htm,2025-06-18,2025-06-18 21:51:01,https://www.sec.gov/Archives/edgar/data/2049248/0001929980-25-000511-index.html,Item 8.01; Item 9.01,Item 8.01; Item 9.01,ListingChange,Tier-1,https://www.sec.gov/Archives/edgar/data/2049248/000192998025000511/lccc_8k.htm,,Tier-1,2025-06-18,https://www.sec.gov/Archives/edgar/data/2049248/000192998025000511/lccc_8k.htm,https://www.sec.gov/Archives/edgar/data/2049248/0001929980-25-000511-index.html
LAND,GLADSTONE LAND Corp,0001495240,2025-07-11,ATM,Tier-1,https://www.sec.gov/Archives/edgar/data/1495240/000119312525157864/d157350d8k.htm,https://www.sec.gov/Archives/edgar/data/1495240/0001193125-25-157864-index.html,8-K,2025-07-11,2025-07-11,2025-07-11,0001193125-25-157864,https://www.sec.gov/Archives/edgar/data/1495240/000119312525157864/d157350d8k.htm,https://www.sec.gov/Archives/edgar/data/1495240/000119312525157864/d157350d8k.htm,2025-07-11,2025-07-11 08:30:18,https://www.sec.gov/Archives/edgar/data/1495240/0001193125-25-157864-index.html,Item 8.01; Item 9.01,Item 8.01; Item 9.01,ATM,Tier-1,https://www.sec.gov/Archives/edgar/data/1495240/000119312525157864/d157350d8k.htm,,Tier-1,2025-07-11,https://www.sec.gov/Archives/edgar/data/1495240/000119312525157864/d157350d8k.htm,https://www.sec.gov/Archives/edgar/data/1495240/0001193125-25-157864-index.html
LFVN,Lifevantage Corp,0000849146,2025-11-04,GuidanceUp,Tier-1,https://www.sec.gov/Archives/edgar/data/849146/000162828025048801/lfvn-20251104.htm,https://www.sec.gov/Archives/edgar/data/849146/0001628280-25-048801-index.html,8-K,2025-11-04,2025-11-04,2025-11-04,0001628280-25-048801,https://www.sec.gov/Archives/edgar/data/849146/000162828025048801/lfvn-20251104.htm,https://www.sec.gov/Archives/edgar/data/849146/000162828025048801/lfvn-20251104.htm,2025-11-04,2025-11-04 16:06:51,https://www.sec.gov/Archives/edgar/data/849146/0001628280-25-048801-index.html,Item 2.02; Item 9.01,Item 2.02; Item 9.01,GuidanceUp,Tier-1,https://www.sec.gov/Archives/edgar/data/849146/000162828025048801/lfvn-20251104.htm,,Tier-1,2025-11-04,https://www.sec.gov/Archives/edgar/data/849146/000162828025048801/lfvn-20251104.htm,https://www.sec.gov/Archives/edgar/data/849146/0001628280-25-048801-index.html
LIDR,"AEye, Inc.",0001818644,2025-08-05,ContractAward,Tier-1,https://www.sec.gov/Archives/edgar/data/1818644/000094787125000721/ss5170628_8k.htm,https://www.sec.gov/Archives/edgar/data/1818644/0000947871-25-000721-index.html,8-K,2025-08-05,2025-08-05,2025-08-05,0000947871-25-000721,https://www.sec.gov/Archives/edgar/data/1818644/000094787125000721/ss5170628_8k.htm,https://www.sec.gov/Archives/edgar/data/1818644/000094787125000721/ss5170628_8k.htm,2025-08-05,2025-08-05 06:05:40,https://www.sec.gov/Archives/edgar/data/1818644/0000947871-25-000721-index.html,Item 7.01; Item 9.01,Item 7.01; Item 9.01,ContractAward,Tier-1,https://www.sec.gov/Archives/edgar/data/1818644/000094787125000721/ss5170628_8k.htm,,Tier-1,2025-08-05,https://www.sec.gov/Archives/edgar/data/1818644/000094787125000721/ss5170628_8k.htm,https://www.sec.gov/Archives/edgar/data/1818644/0000947871-25-000721-index.html
LIDR,"AEye, Inc.",0001818644,2025-11-06,ATM,Tier-1,https://www.sec.gov/Archives/edgar/data/1818644/000121390025107165/ea0264320-8k_aeye.htm,https://www.sec.gov/Archives/edgar/data/1818644/0001213900-25-107165-index.html,8-K,2025-11-06,2025-11-06,2025-11-06,0001213900-25-107165,https://www.sec.gov/Archives/edgar/data/1818644/000121390025107165/ea0264320-8k_aeye.htm,https://www.sec.gov/Archives/edgar/data/1818644/000121390025107165/ea0264320-8k_aeye.htm,2025-11-06,2025-11-06 16:12:19,https://www.sec.gov/Archives/edgar/data/1818644/0001213900-25-107165-index.html,Item 2.02; Item 9.01,Item 2.02; Item 9.01,ATM,Tier-1,https://www.sec.gov/Archives/edgar/data/1818644/000121390025107165/ea0264320-8k_aeye.htm,,Tier-1,2025-11-06,https://www.sec.gov/Archives/edgar/data/1818644/000121390025107165/ea0264320-8k_aeye.htm,https://www.sec.gov/Archives/edgar/data/1818644/0001213900-25-107165-index.html
LIDR,"AEye, Inc.",0001818644,2025-07-30,ListingChange,Tier-1,https://www.sec.gov/Archives/edgar/data/1818644/000094787125000709/ss5150727_8k.htm,https://www.sec.gov/Archives/edgar/data/1818644/0000947871-25-000709-index.html,8-K,2025-07-30,2025-07-30,2025-07-30,0000947871-25-000709,https://www.sec.gov/Archives/edgar/data/1818644/000094787125000709/ss5150727_8k.htm,https://www.sec.gov/Archives/edgar/data/1818644/000094787125000709/ss5150727_8k.htm,2025-07-30,2025-07-30 16:39:12,https://www.sec.gov/Archives/edgar/data/1818644/0000947871-25-000709-index.html,Item 8.01; Item 9.01,Item 8.01; Item 9.01,ListingChange,Tier-1,https://www.sec.gov/Archives/edgar/data/1818644/000094787125000709/ss5150727_8k.htm,,Tier-1,2025-07-30,https://www.sec.gov/Archives/edgar/data/1818644/000094787125000709/ss5150727_8k.htm,https://www.sec.gov/Archives/edgar/data/1818644/0000947871-25-000709-index.html
LFVN,Lifevantage Corp,0000849146,2025-09-04,GuidanceUp,Tier-1,https://www.sec.gov/Archives/edgar/data/849146/000084914625000069/lfvn-20250904.htm,https://www.sec.gov/Archives/edgar/data/849146/0000849146-25-000069-index.html,8-K,2025-09-04,2025-09-04,2025-09-04,0000849146-25-000069,https://www.sec.gov/Archives/edgar/data/849146/000084914625000069/lfvn-20250904.htm,https://www.sec.gov/Archives/edgar/data/849146/000084914625000069/lfvn-20250904.htm,2025-09-04,2025-09-04 16:06:47,https://www.sec.gov/Archives/edgar/data/849146/0000849146-25-000069-index.html,Item 2.02; Item 9.01,Item 2.02; Item 9.01,GuidanceUp,Tier-1,https://www.sec.gov/Archives/edgar/data/849146/000084914625000069/lfvn-20250904.htm,,Tier-1,2025-09-04,https://www.sec.gov/Archives/edgar/data/849146/000084914625000069/lfvn-20250904.htm,https://www.sec.gov/Archives/edgar/data/849146/0000849146-25-000069-index.html
LIDR,"AEye, Inc.",0001818644,2025-07-31,ATM,Tier-1,https://www.sec.gov/Archives/edgar/data/1818644/000094787125000714/ss5150732_8k-2.htm,https://www.sec.gov/Archives/edgar/data/1818644/0000947871-25-000714-index.html,8-K,2025-07-31,2025-07-31,2025-07-31,0000947871-25-000714,https://www.sec.gov/Archives/edgar/data/1818644/000094787125000714/ss5150732_8k-2.htm,https://www.sec.gov/Archives/edgar/data/1818644/000094787125000714/ss5150732_8k-2.htm,2025-07-31,2025-07-31 16:16:00,https://www.sec.gov/Archives/edgar/data/1818644/0000947871-25-000714-index.html,Item 2.02; Item 9.01,Item 2.02; Item 9.01,ATM,Tier-1,https://www.sec.gov/Archives/edgar/data/1818644/000094787125000714/ss5150732_8k-2.htm,,Tier-1,2025-07-31,https://www.sec.gov/Archives/edgar/data/1818644/000094787125000714/ss5150732_8k-2.htm,https://www.sec.gov/Archives/edgar/data/1818644/0000947871-25-000714-index.html
LIMN,"Liminatus Pharma, Inc.",0001971387,2025-08-14,FDA,Tier-1,https://www.sec.gov/Archives/edgar/data/1971387/000110465925078577/tm2523534d1_8k.htm,https://www.sec.gov/Archives/edgar/data/1971387/0001104659-25-078577-index.html,8-K,2025-08-14,2025-08-14,2025-08-14,0001104659-25-078577,https://www.sec.gov/Archives/edgar/data/1971387/000110465925078577/tm2523534d1_8k.htm,https://www.sec.gov/Archives/edgar/data/1971387/000110465925078577/tm2523534d1_8k.htm,2025-08-14,2025-08-14 16:06:14,https://www.sec.gov/Archives/edgar/data/1971387/0001104659-25-078577-index.html,Item 7.01; Item 9.01,Item 7.01; Item 9.01,FDA,Tier-1,https://www.sec.gov/Archives/edgar/data/1971387/000110465925078577/tm2523534d1_8k.htm,,Tier-1,2025-08-14,https://www.sec.gov/Archives/edgar/data/1971387/000110465925078577/tm2523534d1_8k.htm,https://www.sec.gov/Archives/edgar/data/1971387/0001104659-25-078577-index.html
LIMN,"Liminatus Pharma, Inc.",0001971387,2025-07-16,ATM,Tier-1,https://www.sec.gov/Archives/edgar/data/1971387/000110465925068670/tm2521089d1_8k.htm,https://www.sec.gov/Archives/edgar/data/1971387/0001104659-25-068670-index.html,8-K,2025-07-17,2025-07-16,2025-07-16,0001104659-25-068670,https://www.sec.gov/Archives/edgar/data/1971387/000110465925068670/tm2521089d1_8k.htm,https://www.sec.gov/Archives/edgar/data/1971387/000110465925068670/tm2521089d1_8k.htm,2025-07-16,2025-07-17 16:19:27,https://www.sec.gov/Archives/edgar/data/1971387/0001104659-25-068670-index.html,Item 1.01; Item 3.02; Item 9.01,Item 1.01; Item 3.02; Item 9.01,ATM,Tier-1,https://www.sec.gov/Archives/edgar/data/1971387/000110465925068670/tm2521089d1_8k.htm,,Tier-1,2025-07-16,https://www.sec.gov/Archives/edgar/data/1971387/000110465925068670/tm2521089d1_8k.htm,https://www.sec.gov/Archives/edgar/data/1971387/0001104659-25-068670-index.html
LIMN,"Liminatus Pharma, Inc.",0001971387,2025-06-24,ATM,Tier-1,https://www.sec.gov/Archives/edgar/data/1971387/000110465925062058/tm2518817d1_8k.htm,https://www.sec.gov/Archives/edgar/data/1971387/0001104659-25-062058-index.html,8-K,2025-06-24,2025-06-24,2025-06-24,0001104659-25-062058,https://www.sec.gov/Archives/edgar/data/1971387/000110465925062058/tm2518817d1_8k.htm,https://www.sec.gov/Archives/edgar/data/1971387/000110465925062058/tm2518817d1_8k.htm,2025-06-24,2025-06-24 15:03:57,https://www.sec.gov/Archives/edgar/data/1971387/0001104659-25-062058-index.html,Item 7.01; Item 9.01,Item 7.01; Item 9.01,ATM,Tier-1,https://www.sec.gov/Archives/edgar/data/1971387/000110465925062058/tm2518817d1_8k.htm,,Tier-1,2025-06-24,https://www.sec.gov/Archives/edgar/data/1971387/000110465925062058/tm2518817d1_8k.htm,https://www.sec.gov/Archives/edgar/data/1971387/0001104659-25-062058-index.html
LIMN,"Liminatus Pharma, Inc.",0001971387,2025-06-23,ATM,Tier-1,https://www.sec.gov/Archives/edgar/data/1971387/000110465925061875/tm2518647d1_8k.htm,https://www.sec.gov/Archives/edgar/data/1971387/0001104659-25-061875-index.html,8-K,2025-06-24,2025-06-23,2025-06-23,0001104659-25-061875,https://www.sec.gov/Archives/edgar/data/1971387/000110465925061875/tm2518647d1_8k.htm,https://www.sec.gov/Archives/edgar/data/1971387/000110465925061875/tm2518647d1_8k.htm,2025-06-23,2025-06-24 06:03:41,https://www.sec.gov/Archives/edgar/data/1971387/0001104659-25-061875-index.html,Item 8.01; Item 9.01,Item 8.01; Item 9.01,ATM,Tier-1,https://www.sec.gov/Archives/edgar/data/1971387/000110465925061875/tm2518647d1_8k.htm,,Tier-1,2025-06-23,https://www.sec.gov/Archives/edgar/data/1971387/000110465925061875/tm2518647d1_8k.htm,https://www.sec.gov/Archives/edgar/data/1971387/0001104659-25-061875-index.html
LKSP,Lake Superior Acquisition Corp,0002043508,2025-10-08,ATM,Tier-1,https://www.sec.gov/Archives/edgar/data/2043508/000147793225007586/lake_8k.htm,https://www.sec.gov/Archives/edgar/data/2043508/0001477932-25-007586-index.html,8-K,2025-10-15,2025-10-08,2025-10-08,0001477932-25-007586,https://www.sec.gov/Archives/edgar/data/2043508/000147793225007586/lake_8k.htm,https://www.sec.gov/Archives/edgar/data/2043508/000147793225007586/lake_8k.htm,2025-10-08,2025-10-15 16:05:34,https://www.sec.gov/Archives/edgar/data/2043508/0001477932-25-007586-index.html,Item 8.01; Item 9.01,Item 8.01; Item 9.01,ATM,Tier-1,https://www.sec.gov/Archives/edgar/data/2043508/000147793225007586/lake_8k.htm,,Tier-1,2025-10-08,https://www.sec.gov/Archives/edgar/data/2043508/000147793225007586/lake_8k.htm,https://www.sec.gov/Archives/edgar/data/2043508/0001477932-25-007586-index.html
LOAN,"MANHATTAN BRIDGE CAPITAL, INC",0001080340,2025-11-20,ListingChange,Tier-1,https://www.sec.gov/Archives/edgar/data/1080340/000149315225024401/form8-k.htm,https://www.sec.gov/Archives/edgar/data/1080340/0001493152-25-024401-index.html,8-K,2025-11-20,2025-11-20,2025-11-20,0001493152-25-024401,https://www.sec.gov/Archives/edgar/data/1080340/000149315225024401/form8-k.htm,https://www.sec.gov/Archives/edgar/data/1080340/000149315225024401/form8-k.htm,2025-11-20,2025-11-20 09:00:27,https://www.sec.gov/Archives/edgar/data/1080340/0001493152-25-024401-index.html,Item 8.01,Item 8.01,ListingChange,Tier-1,https://www.sec.gov/Archives/edgar/data/1080340/000149315225024401/form8-k.htm,,Tier-1,2025-11-20,https://www.sec.gov/Archives/edgar/data/1080340/000149315225024401/form8-k.htm,https://www.sec.gov/Archives/edgar/data/1080340/0001493152-25-024401-index.html
LKSP,Lake Superior Acquisition Corp,0002043508,2025-10-06,ATM,Tier-1,https://www.sec.gov/Archives/edgar/data/2043508/000147793225007478/lake_8k.htm,https://www.sec.gov/Archives/edgar/data/2043508/0001477932-25-007478-index.html,8-K,2025-10-10,2025-10-06,2025-10-06,0001477932-25-007478,https://www.sec.gov/Archives/edgar/data/2043508/000147793225007478/lake_8k.htm,https://www.sec.gov/Archives/edgar/data/2043508/000147793225007478/lake_8k.htm,2025-10-06,2025-10-10 06:04:06,https://www.sec.gov/Archives/edgar/data/2043508/0001477932-25-007478-index.html,Item 1.01; Item 3.02; Item 9.01,Item 1.01; Item 3.02; Item 9.01,ATM,Tier-1,https://www.sec.gov/Archives/edgar/data/2043508/000147793225007478/lake_8k.htm,,Tier-1,2025-10-06,https://www.sec.gov/Archives/edgar/data/2043508/000147793225007478/lake_8k.htm,https://www.sec.gov/Archives/edgar/data/2043508/0001477932-25-007478-index.html
LOKV,Live Oak Acquisition Corp. V,0002048951,2025-11-14,ATM,Tier-1,https://www.sec.gov/Archives/edgar/data/2048951/000121390025111183/ea0265779-8k425_liveoak5.htm,https://www.sec.gov/Archives/edgar/data/2048951/0001213900-25-111183-index.html,8-K,2025-11-17,2025-11-14,2025-11-14,0001213900-25-111183,https://www.sec.gov/Archives/edgar/data/2048951/000121390025111183/ea0265779-8k425_liveoak5.htm,https://www.sec.gov/Archives/edgar/data/2048951/000121390025111183/ea0265779-8k425_liveoak5.htm,2025-11-14,2025-11-14 20:46:24,https://www.sec.gov/Archives/edgar/data/2048951/0001213900-25-111183-index.html,Item 7.01; Item 9.01,Item 7.01; Item 9.01,ATM,Tier-1,https://www.sec.gov/Archives/edgar/data/2048951/000121390025111183/ea0265779-8k425_liveoak5.htm,,Tier-1,2025-11-14,https://www.sec.gov/Archives/edgar/data/2048951/000121390025111183/ea0265779-8k425_liveoak5.htm,https://www.sec.gov/Archives/edgar/data/2048951/0001213900-25-111183-index.html
LOVE,Lovesac Co,0001701758,2025-11-20,ATM,Tier-1,https://www.sec.gov/Archives/edgar/data/1701758/000162828025053320/love-20251120.htm,https://www.sec.gov/Archives/edgar/data/1701758/0001628280-25-053320-index.html,8-K,2025-11-20,2025-11-20,2025-11-20,0001628280-25-053320,https://www.sec.gov/Archives/edgar/data/1701758/000162828025053320/love-20251120.htm,https://www.sec.gov/Archives/edgar/data/1701758/000162828025053320/love-20251120.htm,2025-11-20,2025-11-20 07:18:42,https://www.sec.gov/Archives/edgar/data/1701758/0001628280-25-053320-index.html,Item 5.02; Item 7.01; Item 9.01,Item 5.02; Item 7.01; Item 9.01,ATM,Tier-1,https://www.sec.gov/Archives/edgar/data/1701758/000162828025053320/love-20251120.htm,,Tier-1,2025-11-20,https://www.sec.gov/Archives/edgar/data/1701758/000162828025053320/love-20251120.htm,https://www.sec.gov/Archives/edgar/data/1701758/0001628280-25-053320-index.html
LOVE,Lovesac Co,0001701758,2025-06-13,ATM,Tier-1,https://www.sec.gov/Archives/edgar/data/1701758/000121390025054278/ea0245351-8k_lovesac.htm,https://www.sec.gov/Archives/edgar/data/1701758/0001213900-25-054278-index.html,8-K,2025-06-13,2025-06-13,2025-06-13,0001213900-25-054278,https://www.sec.gov/Archives/edgar/data/1701758/000121390025054278/ea0245351-8k_lovesac.htm,https://www.sec.gov/Archives/edgar/data/1701758/000121390025054278/ea0245351-8k_lovesac.htm,2025-06-13,2025-06-13 16:01:32,https://www.sec.gov/Archives/edgar/data/1701758/0001213900-25-054278-index.html,Item 8.01; Item 9.01,Item 8.01; Item 9.01,ATM,Tier-1,https://www.sec.gov/Archives/edgar/data/1701758/000121390025054278/ea0245351-8k_lovesac.htm,,Tier-1,2025-06-13,https://www.sec.gov/Archives/edgar/data/1701758/000121390025054278/ea0245351-8k_lovesac.htm,https://www.sec.gov/Archives/edgar/data/1701758/0001213900-25-054278-index.html
LOVE,Lovesac Co,0001701758,2025-08-27,ATM,Tier-1,https://www.sec.gov/Archives/edgar/data/1701758/000170175825000009/love-20250827.htm,https://www.sec.gov/Archives/edgar/data/1701758/0001701758-25-000009-index.html,8-K,2025-08-27,2025-08-27,2025-08-27,0001701758-25-000009,https://www.sec.gov/Archives/edgar/data/1701758/000170175825000009/love-20250827.htm,https://www.sec.gov/Archives/edgar/data/1701758/000170175825000009/love-20250827.htm,2025-08-27,2025-08-27 07:05:42,https://www.sec.gov/Archives/edgar/data/1701758/0001701758-25-000009-index.html,Item 5.02; Item 7.01; Item 9.01,Item 5.02; Item 7.01; Item 9.01,ATM,Tier-1,https://www.sec.gov/Archives/edgar/data/1701758/000170175825000009/love-20250827.htm,,Tier-1,2025-08-27,https://www.sec.gov/Archives/edgar/data/1701758/000170175825000009/love-20250827.htm,https://www.sec.gov/Archives/edgar/data/1701758/0001701758-25-000009-index.html
LOKV,Live Oak Acquisition Corp. V,0002048951,2025-11-14,ATM,Tier-1,https://www.sec.gov/Archives/edgar/data/2048951/000121390025110418/ea0265582-8k425_liveoak5.htm,https://www.sec.gov/Archives/edgar/data/2048951/0001213900-25-110418-index.html,8-K,2025-11-14,2025-11-14,2025-11-14,0001213900-25-110418,https://www.sec.gov/Archives/edgar/data/2048951/000121390025110418/ea0265582-8k425_liveoak5.htm,https://www.sec.gov/Archives/edgar/data/2048951/000121390025110418/ea0265582-8k425_liveoak5.htm,2025-11-14,2025-11-14 09:15:43,https://www.sec.gov/Archives/edgar/data/2048951/0001213900-25-110418-index.html,Item 1.01; Item 3.02; Item 7.01; Item 9.01,Item 1.01; Item 3.02; Item 7.01; Item 9.01,ATM,Tier-1,https://www.sec.gov/Archives/edgar/data/2048951/000121390025110418/ea0265582-8k425_liveoak5.htm,,Tier-1,2025-11-14,https://www.sec.gov/Archives/edgar/data/2048951/000121390025110418/ea0265582-8k425_liveoak5.htm,https://www.sec.gov/Archives/edgar/data/2048951/0001213900-25-110418-index.html
LOVE,Lovesac Co,0001701758,2025-09-11,ATM,Tier-1,https://www.sec.gov/Archives/edgar/data/1701758/000170175825000015/love-20250911.htm,https://www.sec.gov/Archives/edgar/data/1701758/0001701758-25-000015-index.html,8-K,2025-09-11,2025-09-11,2025-09-11,0001701758-25-000015,https://www.sec.gov/Archives/edgar/data/1701758/000170175825000015/love-20250911.htm,https://www.sec.gov/Archives/edgar/data/1701758/000170175825000015/love-20250911.htm,2025-09-11,2025-09-11 07:24:28,https://www.sec.gov/Archives/edgar/data/1701758/0001701758-25-000015-index.html,Item 2.02; Item 9.01,Item 2.02; Item 9.01,ATM,Tier-1,https://www.sec.gov/Archives/edgar/data/1701758/000170175825000015/love-20250911.htm,,Tier-1,2025-09-11,https://www.sec.gov/Archives/edgar/data/1701758/000170175825000015/love-20250911.htm,https://www.sec.gov/Archives/edgar/data/1701758/0001701758-25-000015-index.html
LOVE,Lovesac Co,0001701758,2025-06-12,ATM,Tier-1,https://www.sec.gov/Archives/edgar/data/1701758/000162828025030859/love-20250612.htm,https://www.sec.gov/Archives/edgar/data/1701758/0001628280-25-030859-index.html,8-K,2025-06-12,2025-06-12,2025-06-12,0001628280-25-030859,https://www.sec.gov/Archives/edgar/data/1701758/000162828025030859/love-20250612.htm,https://www.sec.gov/Archives/edgar/data/1701758/000162828025030859/love-20250612.htm,2025-06-12,2025-06-12 07:00:56,https://www.sec.gov/Archives/edgar/data/1701758/0001628280-25-030859-index.html,Item 2.02; Item 9.01,Item 2.02; Item 9.01,ATM,Tier-1,https://www.sec.gov/Archives/edgar/data/1701758/000162828025030859/love-20250612.htm,,Tier-1,2025-06-12,https://www.sec.gov/Archives/edgar/data/1701758/000162828025030859/love-20250612.htm,https://www.sec.gov/Archives/edgar/data/1701758/0001628280-25-030859-index.html
LPSN,LIVEPERSON INC,0001102993,2025-11-07,ATM,Tier-1,https://www.sec.gov/Archives/edgar/data/1102993/000110299325000192/lpsn-20251107.htm,https://www.sec.gov/Archives/edgar/data/1102993/0001102993-25-000192-index.html,8-K,2025-11-14,2025-11-07,2025-11-07,0001102993-25-000192,https://www.sec.gov/Archives/edgar/data/1102993/000110299325000192/lpsn-20251107.htm,https://www.sec.gov/Archives/edgar/data/1102993/000110299325000192/lpsn-20251107.htm,2025-11-07,2025-11-14 16:19:57,https://www.sec.gov/Archives/edgar/data/1102993/0001102993-25-000192-index.html,Item 5.02,Item 5.02,ATM,Tier-1,https://www.sec.gov/Archives/edgar/data/1102993/000110299325000192/lpsn-20251107.htm,,Tier-1,2025-11-07,https://www.sec.gov/Archives/edgar/data/1102993/000110299325000192/lpsn-20251107.htm,https://www.sec.gov/Archives/edgar/data/1102993/0001102993-25-000192-index.html
LPSN,LIVEPERSON INC,0001102993,2025-10-14,ATM,Tier-1,https://www.sec.gov/Archives/edgar/data/1102993/000110299325000175/lpsn-20251014.htm,https://www.sec.gov/Archives/edgar/data/1102993/0001102993-25-000175-index.html,8-K,2025-10-20,2025-10-14,2025-10-14,0001102993-25-000175,https://www.sec.gov/Archives/edgar/data/1102993/000110299325000175/lpsn-20251014.htm,https://www.sec.gov/Archives/edgar/data/1102993/000110299325000175/lpsn-20251014.htm,2025-10-14,2025-10-20 13:52:49,https://www.sec.gov/Archives/edgar/data/1102993/0001102993-25-000175-index.html,Item 5.02; Item 8.01,Item 5.02; Item 8.01,ATM,Tier-1,https://www.sec.gov/Archives/edgar/data/1102993/000110299325000175/lpsn-20251014.htm,,Tier-1,2025-10-14,https://www.sec.gov/Archives/edgar/data/1102993/000110299325000175/lpsn-20251014.htm,https://www.sec.gov/Archives/edgar/data/1102993/0001102993-25-000175-index.html
LPSN,LIVEPERSON INC,0001102993,2025-11-10,ATM,Tier-1,https://www.sec.gov/Archives/edgar/data/1102993/000110299325000179/lpsn-20251110.htm,https://www.sec.gov/Archives/edgar/data/1102993/0001102993-25-000179-index.html,8-K,2025-11-10,2025-11-10,2025-11-10,0001102993-25-000179,https://www.sec.gov/Archives/edgar/data/1102993/000110299325000179/lpsn-20251110.htm,https://www.sec.gov/Archives/edgar/data/1102993/000110299325000179/lpsn-20251110.htm,2025-11-10,2025-11-10 16:34:40,https://www.sec.gov/Archives/edgar/data/1102993/0001102993-25-000179-index.html,Item 2.02; Item 9.01,Item 2.02; Item 9.01,ATM,Tier-1,https://www.sec.gov/Archives/edgar/data/1102993/000110299325000179/lpsn-20251110.htm,,Tier-1,2025-11-10,https://www.sec.gov/Archives/edgar/data/1102993/000110299325000179/lpsn-20251110.htm,https://www.sec.gov/Archives/edgar/data/1102993/0001102993-25-000179-index.html
LPSN,LIVEPERSON INC,0001102993,2025-10-08,ATM,Tier-1,https://www.sec.gov/Archives/edgar/data/1102993/000110299325000171/lpsn-20251008.htm,https://www.sec.gov/Archives/edgar/data/1102993/0001102993-25-000171-index.html,8-K,2025-10-08,2025-10-08,2025-10-08,0001102993-25-000171,https://www.sec.gov/Archives/edgar/data/1102993/000110299325000171/lpsn-20251008.htm,https://www.sec.gov/Archives/edgar/data/1102993/000110299325000171/lpsn-20251008.htm,2025-10-08,2025-10-08 17:26:45,https://www.sec.gov/Archives/edgar/data/1102993/0001102993-25-000171-index.html,Item 3.03; Item 5.03,Item 3.03; Item 5.03,ATM,Tier-1,https://www.sec.gov/Archives/edgar/data/1102993/000110299325000171/lpsn-20251008.htm,,Tier-1,2025-10-08,https://www.sec.gov/Archives/edgar/data/1102993/000110299325000171/lpsn-20251008.htm,https://www.sec.gov/Archives/edgar/data/1102993/0001102993-25-000171-index.html
LPSN,LIVEPERSON INC,0001102993,2025-10-02,ATM,Tier-1,https://www.sec.gov/Archives/edgar/data/1102993/000110299325000165/lpsn-20251002.htm,https://www.sec.gov/Archives/edgar/data/1102993/0001102993-25-000165-index.html,8-K,2025-10-07,2025-10-02,2025-10-02,0001102993-25-000165,https://www.sec.gov/Archives/edgar/data/1102993/000110299325000165/lpsn-20251002.htm,https://www.sec.gov/Archives/edgar/data/1102993/000110299325000165/lpsn-20251002.htm,2025-10-02,2025-10-07 08:39:09,https://www.sec.gov/Archives/edgar/data/1102993/0001102993-25-000165-index.html,Item 5.03; Item 5.07; Item 8.01,Item 5.03; Item 5.07; Item 8.01,ATM,Tier-1,https://www.sec.gov/Archives/edgar/data/1102993/000110299325000165/lpsn-20251002.htm,,Tier-1,2025-10-02,https://www.sec.gov/Archives/edgar/data/1102993/000110299325000165/lpsn-20251002.htm,https://www.sec.gov/Archives/edgar/data/1102993/0001102993-25-000165-index.html
LPSN,LIVEPERSON INC,0001102993,2025-08-28,ATM,Tier-1,https://www.sec.gov/Archives/edgar/data/1102993/000110299325000145/lpsn-20250828.htm,https://www.sec.gov/Archives/edgar/data/1102993/0001102993-25-000145-index.html,8-K,2025-08-28,2025-08-28,2025-08-28,0001102993-25-000145,https://www.sec.gov/Archives/edgar/data/1102993/000110299325000145/lpsn-20250828.htm,https://www.sec.gov/Archives/edgar/data/1102993/000110299325000145/lpsn-20250828.htm,2025-08-28,2025-08-28 14:46:30,https://www.sec.gov/Archives/edgar/data/1102993/0001102993-25-000145-index.html,Item 7.01,Item 7.01,ATM,Tier-1,https://www.sec.gov/Archives/edgar/data/1102993/000110299325000145/lpsn-20250828.htm,,Tier-1,2025-08-28,https://www.sec.gov/Archives/edgar/data/1102993/000110299325000145/lpsn-20250828.htm,https://www.sec.gov/Archives/edgar/data/1102993/0001102993-25-000145-index.html
LPSN,LIVEPERSON INC,0001102993,2025-09-10,ATM,Tier-1,https://www.sec.gov/Archives/edgar/data/1102993/000110299325000154/lpsn-20250910.htm,https://www.sec.gov/Archives/edgar/data/1102993/0001102993-25-000154-index.html,8-K,2025-09-15,2025-09-10,2025-09-10,0001102993-25-000154,https://www.sec.gov/Archives/edgar/data/1102993/000110299325000154/lpsn-20250910.htm,https://www.sec.gov/Archives/edgar/data/1102993/000110299325000154/lpsn-20250910.htm,2025-09-10,2025-09-15 17:15:00,https://www.sec.gov/Archives/edgar/data/1102993/0001102993-25-000154-index.html,Item 1.01; Item 2.03; Item 3.02; Item 3.03; Item 5.02; Item 5.03; Item 8.01,Item 1.01; Item 2.03; Item 3.02; Item 3.03; Item 5.02; Item 5.03; Item 8.01,ATM,Tier-1,https://www.sec.gov/Archives/edgar/data/1102993/000110299325000154/lpsn-20250910.htm,,Tier-1,2025-09-10,https://www.sec.gov/Archives/edgar/data/1102993/000110299325000154/lpsn-20250910.htm,https://www.sec.gov/Archives/edgar/data/1102993/0001102993-25-000154-index.html
LPSN,LIVEPERSON INC,0001102993,2025-08-08,ATM,Tier-1,https://www.sec.gov/Archives/edgar/data/1102993/000119312525177962/d847884d8k.htm,https://www.sec.gov/Archives/edgar/data/1102993/0001193125-25-177962-index.html,8-K,2025-08-11,2025-08-08,2025-08-08,0001193125-25-177962,https://www.sec.gov/Archives/edgar/data/1102993/000119312525177962/d847884d8k.htm,https://www.sec.gov/Archives/edgar/data/1102993/000119312525177962/d847884d8k.htm,2025-08-08,2025-08-11 16:22:50,https://www.sec.gov/Archives/edgar/data/1102993/0001193125-25-177962-index.html,Item 1.01; Item 2.03; Item 3.02; Item 5.03; Item 7.01; Item 8.01; Item 9.01,Item 1.01; Item 2.03; Item 3.02; Item 5.03; Item 7.01; Item 8.01; Item 9.01,ATM,Tier-1,https://www.sec.gov/Archives/edgar/data/1102993/000119312525177962/d847884d8k.htm,,Tier-1,2025-08-08,https://www.sec.gov/Archives/edgar/data/1102993/000119312525177962/d847884d8k.htm,https://www.sec.gov/Archives/edgar/data/1102993/0001193125-25-177962-index.html
LPSN,LIVEPERSON INC,0001102993,2025-08-11,ATM,Tier-1,https://www.sec.gov/Archives/edgar/data/1102993/000110299325000102/lpsn-20250811.htm,https://www.sec.gov/Archives/edgar/data/1102993/0001102993-25-000102-index.html,8-K,2025-08-11,2025-08-11,2025-08-11,0001102993-25-000102,https://www.sec.gov/Archives/edgar/data/1102993/000110299325000102/lpsn-20250811.htm,https://www.sec.gov/Archives/edgar/data/1102993/000110299325000102/lpsn-20250811.htm,2025-08-11,2025-08-11 16:34:03,https://www.sec.gov/Archives/edgar/data/1102993/0001102993-25-000102-index.html,Item 2.02; Item 9.01,Item 2.02; Item 9.01,ATM,Tier-1,https://www.sec.gov/Archives/edgar/data/1102993/000110299325000102/lpsn-20250811.htm,,Tier-1,2025-08-11,https://www.sec.gov/Archives/edgar/data/1102993/000110299325000102/lpsn-20250811.htm,https://www.sec.gov/Archives/edgar/data/1102993/0001102993-25-000102-index.html
LUCD,Lucid Diagnostics Inc.,0001799011,2025-09-22,ATM,Tier-1,https://www.sec.gov/Archives/edgar/data/1799011/000149315225014872/form8-k.htm,https://www.sec.gov/Archives/edgar/data/1799011/0001493152-25-014872-index.html,8-K,2025-09-25,2025-09-22,2025-09-22,0001493152-25-014872,https://www.sec.gov/Archives/edgar/data/1799011/000149315225014872/form8-k.htm,https://www.sec.gov/Archives/edgar/data/1799011/000149315225014872/form8-k.htm,2025-09-22,2025-09-25 08:57:08,https://www.sec.gov/Archives/edgar/data/1799011/0001493152-25-014872-index.html,Item 5.02; Item 7.01; Item 9.01,Item 5.02; Item 7.01; Item 9.01,ATM,Tier-1,https://www.sec.gov/Archives/edgar/data/1799011/000149315225014872/form8-k.htm,,Tier-1,2025-09-22,https://www.sec.gov/Archives/edgar/data/1799011/000149315225014872/form8-k.htm,https://www.sec.gov/Archives/edgar/data/1799011/0001493152-25-014872-index.html
LUCD,Lucid Diagnostics Inc.,0001799011,2025-09-11,ATM,Tier-1,https://www.sec.gov/Archives/edgar/data/1799011/000149315225013046/form8-k.htm,https://www.sec.gov/Archives/edgar/data/1799011/0001493152-25-013046-index.html,8-K,2025-09-11,2025-09-11,2025-09-11,0001493152-25-013046,https://www.sec.gov/Archives/edgar/data/1799011/000149315225013046/form8-k.htm,https://www.sec.gov/Archives/edgar/data/1799011/000149315225013046/form8-k.htm,2025-09-11,2025-09-11 09:27:38,https://www.sec.gov/Archives/edgar/data/1799011/0001493152-25-013046-index.html,Item 7.01; Item 8.01; Item 9.01,Item 7.01; Item 8.01; Item 9.01,ATM,Tier-1,https://www.sec.gov/Archives/edgar/data/1799011/000149315225013046/form8-k.htm,,Tier-1,2025-09-11,https://www.sec.gov/Archives/edgar/data/1799011/000149315225013046/form8-k.htm,https://www.sec.gov/Archives/edgar/data/1799011/0001493152-25-013046-index.html
LUCD,Lucid Diagnostics Inc.,0001799011,2025-11-12,ATM,Tier-1,https://www.sec.gov/Archives/edgar/data/1799011/000149315225021748/form8-k.htm,https://www.sec.gov/Archives/edgar/data/1799011/0001493152-25-021748-index.html,8-K,2025-11-12,2025-11-12,2025-11-12,0001493152-25-021748,https://www.sec.gov/Archives/edgar/data/1799011/000149315225021748/form8-k.htm,https://www.sec.gov/Archives/edgar/data/1799011/000149315225021748/form8-k.htm,2025-11-12,2025-11-12 08:15:37,https://www.sec.gov/Archives/edgar/data/1799011/0001493152-25-021748-index.html,Item 2.02; Item 7.01; Item 9.01,Item 2.02; Item 7.01; Item 9.01,ATM,Tier-1,https://www.sec.gov/Archives/edgar/data/1799011/000149315225021748/form8-k.htm,,Tier-1,2025-11-12,https://www.sec.gov/Archives/edgar/data/1799011/000149315225021748/form8-k.htm,https://www.sec.gov/Archives/edgar/data/1799011/0001493152-25-021748-index.html
LUCD,Lucid Diagnostics Inc.,0001799011,2025-09-10,ATM,Tier-1,https://www.sec.gov/Archives/edgar/data/1799011/000149315225012962/form8-k.htm,https://www.sec.gov/Archives/edgar/data/1799011/0001493152-25-012962-index.html,8-K,2025-09-10,2025-09-10,2025-09-10,0001493152-25-012962,https://www.sec.gov/Archives/edgar/data/1799011/000149315225012962/form8-k.htm,https://www.sec.gov/Archives/edgar/data/1799011/000149315225012962/form8-k.htm,2025-09-10,2025-09-10 09:15:29,https://www.sec.gov/Archives/edgar/data/1799011/0001493152-25-012962-index.html,Item 1.01; Item 7.01; Item 9.01,Item 1.01; Item 7.01; Item 9.01,ATM,Tier-1,https://www.sec.gov/Archives/edgar/data/1799011/000149315225012962/form8-k.htm,,Tier-1,2025-09-10,https://www.sec.gov/Archives/edgar/data/1799011/000149315225012962/form8-k.htm,https://www.sec.gov/Archives/edgar/data/1799011/0001493152-25-012962-index.html
LUCD,Lucid Diagnostics Inc.,0001799011,2025-06-18,ATM,Tier-1,https://www.sec.gov/Archives/edgar/data/1799011/000164117225015613/form8-k.htm,https://www.sec.gov/Archives/edgar/data/1799011/0001641172-25-015613-index.html,8-K,2025-06-18,2025-06-18,2025-06-18,0001641172-25-015613,https://www.sec.gov/Archives/edgar/data/1799011/000164117225015613/form8-k.htm,https://www.sec.gov/Archives/edgar/data/1799011/000164117225015613/form8-k.htm,2025-06-18,2025-06-18 17:00:40,https://www.sec.gov/Archives/edgar/data/1799011/0001641172-25-015613-index.html,Item 5.07; Item 9.01,Item 5.07; Item 9.01,ATM,Tier-1,https://www.sec.gov/Archives/edgar/data/1799011/000164117225015613/form8-k.htm,,Tier-1,2025-06-18,https://www.sec.gov/Archives/edgar/data/1799011/000164117225015613/form8-k.htm,https://www.sec.gov/Archives/edgar/data/1799011/0001641172-25-015613-index.html
LUCD,Lucid Diagnostics Inc.,0001799011,2025-08-13,ATM,Tier-1,https://www.sec.gov/Archives/edgar/data/1799011/000149315225011882/form8-k.htm,https://www.sec.gov/Archives/edgar/data/1799011/0001493152-25-011882-index.html,8-K,2025-08-13,2025-08-13,2025-08-13,0001493152-25-011882,https://www.sec.gov/Archives/edgar/data/1799011/000149315225011882/form8-k.htm,https://www.sec.gov/Archives/edgar/data/1799011/000149315225011882/form8-k.htm,2025-08-13,2025-08-13 08:00:40,https://www.sec.gov/Archives/edgar/data/1799011/0001493152-25-011882-index.html,Item 2.02; Item 7.01; Item 9.01,Item 2.02; Item 7.01; Item 9.01,ATM,Tier-1,https://www.sec.gov/Archives/edgar/data/1799011/000149315225011882/form8-k.htm,,Tier-1,2025-08-13,https://www.sec.gov/Archives/edgar/data/1799011/000149315225011882/form8-k.htm,https://www.sec.gov/Archives/edgar/data/1799011/0001493152-25-011882-index.html
LUNG,Pulmonx Corp,0001127537,2025-11-12,ATM,Tier-1,https://www.sec.gov/Archives/edgar/data/1127537/000112753725000058/lung-20251112.htm,https://www.sec.gov/Archives/edgar/data/1127537/0001127537-25-000058-index.html,8-K,2025-11-12,2025-11-12,2025-11-12,0001127537-25-000058,https://www.sec.gov/Archives/edgar/data/1127537/000112753725000058/lung-20251112.htm,https://www.sec.gov/Archives/edgar/data/1127537/000112753725000058/lung-20251112.htm,2025-11-12,2025-11-12 16:05:04,https://www.sec.gov/Archives/edgar/data/1127537/0001127537-25-000058-index.html,Item 2.02; Item 9.01,Item 2.02; Item 9.01,ATM,Tier-1,https://www.sec.gov/Archives/edgar/data/1127537/000112753725000058/lung-20251112.htm,,Tier-1,2025-11-12,https://www.sec.gov/Archives/edgar/data/1127537/000112753725000058/lung-20251112.htm,https://www.sec.gov/Archives/edgar/data/1127537/0001127537-25-000058-index.html
LUNG,Pulmonx Corp,0001127537,2025-10-21,ATM,Tier-1,https://www.sec.gov/Archives/edgar/data/1127537/000112753725000052/lung-20251021.htm,https://www.sec.gov/Archives/edgar/data/1127537/0001127537-25-000052-index.html,8-K,2025-10-27,2025-10-21,2025-10-21,0001127537-25-000052,https://www.sec.gov/Archives/edgar/data/1127537/000112753725000052/lung-20251021.htm,https://www.sec.gov/Archives/edgar/data/1127537/000112753725000052/lung-20251021.htm,2025-10-21,2025-10-27 16:05:33,https://www.sec.gov/Archives/edgar/data/1127537/0001127537-25-000052-index.html,Item 2.02; Item 5.02; Item 9.01,Item 2.02; Item 5.02; Item 9.01,ATM,Tier-1,https://www.sec.gov/Archives/edgar/data/1127537/000112753725000052/lung-20251021.htm,,Tier-1,2025-10-21,https://www.sec.gov/Archives/edgar/data/1127537/000112753725000052/lung-20251021.htm,https://www.sec.gov/Archives/edgar/data/1127537/0001127537-25-000052-index.html
LWAC,LightWave Acquisition Corp.,0002061379,2025-06-24,ATM,Tier-1,https://www.sec.gov/Archives/edgar/data/2061379/000121390025059736/ea0247499-8k_lightwave.htm,https://www.sec.gov/Archives/edgar/data/2061379/0001213900-25-059736-index.html,8-K,2025-06-30,2025-06-24,2025-06-24,0001213900-25-059736,https://www.sec.gov/Archives/edgar/data/2061379/000121390025059736/ea0247499-8k_lightwave.htm,https://www.sec.gov/Archives/edgar/data/2061379/000121390025059736/ea0247499-8k_lightwave.htm,2025-06-24,2025-06-30 17:09:20,https://www.sec.gov/Archives/edgar/data/2061379/0001213900-25-059736-index.html,Item 1.01; Item 3.02; Item 8.01; Item 9.01,Item 1.01; Item 3.02; Item 8.01; Item 9.01,ATM,Tier-1,https://www.sec.gov/Archives/edgar/data/2061379/000121390025059736/ea0247499-8k_lightwave.htm,,Tier-1,2025-06-24,https://www.sec.gov/Archives/edgar/data/2061379/000121390025059736/ea0247499-8k_lightwave.htm,https://www.sec.gov/Archives/edgar/data/2061379/0001213900-25-059736-index.html
LWAC,LightWave Acquisition Corp.,0002061379,2025-06-26,ATM,Tier-1,https://www.sec.gov/Archives/edgar/data/2061379/000121390025061105/ea0248082-8k_light.htm,https://www.sec.gov/Archives/edgar/data/2061379/0001213900-25-061105-index.html,8-K,2025-07-02,2025-06-26,2025-06-26,0001213900-25-061105,https://www.sec.gov/Archives/edgar/data/2061379/000121390025061105/ea0248082-8k_light.htm,https://www.sec.gov/Archives/edgar/data/2061379/000121390025061105/ea0248082-8k_light.htm,2025-06-26,2025-07-02 17:23:59,https://www.sec.gov/Archives/edgar/data/2061379/0001213900-25-061105-index.html,Item 8.01; Item 9.01,Item 8.01; Item 9.01,ATM,Tier-1,https://www.sec.gov/Archives/edgar/data/2061379/000121390025061105/ea0248082-8k_light.htm,,Tier-1,2025-06-26,https://www.sec.gov/Archives/edgar/data/2061379/000121390025061105/ea0248082-8k_light.htm,https://www.sec.gov/Archives/edgar/data/2061379/0001213900-25-061105-index.html
LUNG,Pulmonx Corp,0001127537,2025-07-30,ATM,Tier-1,https://www.sec.gov/Archives/edgar/data/1127537/000112753725000041/lung-20250730.htm,https://www.sec.gov/Archives/edgar/data/1127537/0001127537-25-000041-index.html,8-K,2025-07-30,2025-07-30,2025-07-30,0001127537-25-000041,https://www.sec.gov/Archives/edgar/data/1127537/000112753725000041/lung-20250730.htm,https://www.sec.gov/Archives/edgar/data/1127537/000112753725000041/lung-20250730.htm,2025-07-30,2025-07-30 16:06:05,https://www.sec.gov/Archives/edgar/data/1127537/0001127537-25-000041-index.html,Item 2.02; Item 9.01,Item 2.02; Item 9.01,ATM,Tier-1,https://www.sec.gov/Archives/edgar/data/1127537/000112753725000041/lung-20250730.htm,,Tier-1,2025-07-30,https://www.sec.gov/Archives/edgar/data/1127537/000112753725000041/lung-20250730.htm,https://www.sec.gov/Archives/edgar/data/1127537/0001127537-25-000041-index.html
MACI,Melar Acquisition Corp. I/Cayman,0002016221,2025-09-29,ATM,Tier-1,https://www.sec.gov/Archives/edgar/data/2016221/000110465925096653/tm2527872d1_8k.htm,https://www.sec.gov/Archives/edgar/data/2016221/0001104659-25-096653-index.html,8-K,2025-10-03,2025-09-29,2025-09-29,0001104659-25-096653,https://www.sec.gov/Archives/edgar/data/2016221/000110465925096653/tm2527872d1_8k.htm,https://www.sec.gov/Archives/edgar/data/2016221/000110465925096653/tm2527872d1_8k.htm,2025-09-29,2025-10-03 16:10:35,https://www.sec.gov/Archives/edgar/data/2016221/0001104659-25-096653-index.html,Item 1.01; Item 2.03; Item 9.01,Item 1.01; Item 2.03; Item 9.01,ATM,Tier-1,https://www.sec.gov/Archives/edgar/data/2016221/000110465925096653/tm2527872d1_8k.htm,,Tier-1,2025-09-29,https://www.sec.gov/Archives/edgar/data/2016221/000110465925096653/tm2527872d1_8k.htm,https://www.sec.gov/Archives/edgar/data/2016221/0001104659-25-096653-index.html
MACI,Melar Acquisition Corp. I/Cayman,0002016221,2025-10-21,ATM,Tier-1,https://www.sec.gov/Archives/edgar/data/2016221/000110465925102190/tm2529375d1_8k.htm,https://www.sec.gov/Archives/edgar/data/2016221/0001104659-25-102190-index.html,8-K,2025-10-24,2025-10-21,2025-10-21,0001104659-25-102190,https://www.sec.gov/Archives/edgar/data/2016221/000110465925102190/tm2529375d1_8k.htm,https://www.sec.gov/Archives/edgar/data/2016221/000110465925102190/tm2529375d1_8k.htm,2025-10-21,2025-10-24 17:01:11,https://www.sec.gov/Archives/edgar/data/2016221/0001104659-25-102190-index.html,Item 8.01; Item 9.01,Item 8.01; Item 9.01,ATM,Tier-1,https://www.sec.gov/Archives/edgar/data/2016221/000110465925102190/tm2529375d1_8k.htm,,Tier-1,2025-10-21,https://www.sec.gov/Archives/edgar/data/2016221/000110465925102190/tm2529375d1_8k.htm,https://www.sec.gov/Archives/edgar/data/2016221/0001104659-25-102190-index.html
MAIA,"MAIA Biotechnology, Inc.",0001878313,2025-11-21,ATM,Tier-1,https://www.sec.gov/Archives/edgar/data/1878313/000149315225024556/form8-k.htm,https://www.sec.gov/Archives/edgar/data/1878313/0001493152-25-024556-index.html,8-K,2025-11-21,2025-11-21,2025-11-21,0001493152-25-024556,https://www.sec.gov/Archives/edgar/data/1878313/000149315225024556/form8-k.htm,https://www.sec.gov/Archives/edgar/data/1878313/000149315225024556/form8-k.htm,2025-11-21,2025-11-21 09:15:24,https://www.sec.gov/Archives/edgar/data/1878313/0001493152-25-024556-index.html,Item 8.01; Item 9.01,Item 8.01; Item 9.01,ATM,Tier-1,https://www.sec.gov/Archives/edgar/data/1878313/000149315225024556/form8-k.htm,,Tier-1,2025-11-21,https://www.sec.gov/Archives/edgar/data/1878313/000149315225024556/form8-k.htm,https://www.sec.gov/Archives/edgar/data/1878313/0001493152-25-024556-index.html
MACI,Melar Acquisition Corp. I/Cayman,0002016221,2025-07-30,ATM,Tier-1,https://www.sec.gov/Archives/edgar/data/2016221/000110465925074242/tm2522560d1_8k.htm,https://www.sec.gov/Archives/edgar/data/2016221/0001104659-25-074242-index.html,8-K,2025-08-05,2025-07-30,2025-07-30,0001104659-25-074242,https://www.sec.gov/Archives/edgar/data/2016221/000110465925074242/tm2522560d1_8k.htm,https://www.sec.gov/Archives/edgar/data/2016221/000110465925074242/tm2522560d1_8k.htm,2025-07-30,2025-08-05 16:45:52,https://www.sec.gov/Archives/edgar/data/2016221/0001104659-25-074242-index.html,Item 1.01; Item 9.01,Item 1.01; Item 9.01,ATM,Tier-1,https://www.sec.gov/Archives/edgar/data/2016221/000110465925074242/tm2522560d1_8k.htm,,Tier-1,2025-07-30,https://www.sec.gov/Archives/edgar/data/2016221/000110465925074242/tm2522560d1_8k.htm,https://www.sec.gov/Archives/edgar/data/2016221/0001104659-25-074242-index.html
MAIA,"MAIA Biotechnology, Inc.",0001878313,2025-11-20,ATM,Tier-1,https://www.sec.gov/Archives/edgar/data/1878313/000149315225024402/form8-k.htm,https://www.sec.gov/Archives/edgar/data/1878313/0001493152-25-024402-index.html,8-K,2025-11-20,2025-11-20,2025-11-20,0001493152-25-024402,https://www.sec.gov/Archives/edgar/data/1878313/000149315225024402/form8-k.htm,https://www.sec.gov/Archives/edgar/data/1878313/000149315225024402/form8-k.htm,2025-11-20,2025-11-20 09:00:27,https://www.sec.gov/Archives/edgar/data/1878313/0001493152-25-024402-index.html,Item 9.01,Item 9.01,ATM,Tier-1,https://www.sec.gov/Archives/edgar/data/1878313/000149315225024402/form8-k.htm,,Tier-1,2025-11-20,https://www.sec.gov/Archives/edgar/data/1878313/000149315225024402/form8-k.htm,https://www.sec.gov/Archives/edgar/data/1878313/0001493152-25-024402-index.html
MACI,Melar Acquisition Corp. I/Cayman,0002016221,2025-07-30,ATM,Tier-1,https://www.sec.gov/Archives/edgar/data/2016221/000110465925072519/tm2522184d1_8k.htm,https://www.sec.gov/Archives/edgar/data/2016221/0001104659-25-072519-index.html,8-K,2025-07-31,2025-07-30,2025-07-30,0001104659-25-072519,https://www.sec.gov/Archives/edgar/data/2016221/000110465925072519/tm2522184d1_8k.htm,https://www.sec.gov/Archives/edgar/data/2016221/000110465925072519/tm2522184d1_8k.htm,2025-07-30,2025-07-31 09:12:10,https://www.sec.gov/Archives/edgar/data/2016221/0001104659-25-072519-index.html,Item 7.01; Item 9.01,Item 7.01; Item 9.01,ATM,Tier-1,https://www.sec.gov/Archives/edgar/data/2016221/000110465925072519/tm2522184d1_8k.htm,,Tier-1,2025-07-30,https://www.sec.gov/Archives/edgar/data/2016221/000110465925072519/tm2522184d1_8k.htm,https://www.sec.gov/Archives/edgar/data/2016221/0001104659-25-072519-index.html
MAIA,"MAIA Biotechnology, Inc.",0001878313,2025-11-07,OtherEvent,Tier-2,https://www.sec.gov/Archives/edgar/data/1878313/000149315225021195/form8-k.htm,https://www.sec.gov/Archives/edgar/data/1878313/0001493152-25-021195-index.html,8-K,2025-11-07,2025-11-07,2025-11-07,0001493152-25-021195,https://www.sec.gov/Archives/edgar/data/1878313/000149315225021195/form8-k.htm,https://www.sec.gov/Archives/edgar/data/1878313/000149315225021195/form8-k.htm,2025-11-07,2025-11-07 09:15:37,https://www.sec.gov/Archives/edgar/data/1878313/0001493152-25-021195-index.html,Item 8.01; Item 9.01,Item 8.01; Item 9.01,OtherEvent,Tier-2,https://www.sec.gov/Archives/edgar/data/1878313/000149315225021195/form8-k.htm,,Tier-2,2025-11-07,https://www.sec.gov/Archives/edgar/data/1878313/000149315225021195/form8-k.htm,https://www.sec.gov/Archives/edgar/data/1878313/0001493152-25-021195-index.html
MAIA,"MAIA Biotechnology, Inc.",0001878313,2025-10-27,ATM,Tier-1,https://www.sec.gov/Archives/edgar/data/1878313/000149315225019748/form8-k.htm,https://www.sec.gov/Archives/edgar/data/1878313/0001493152-25-019748-index.html,8-K,2025-10-27,2025-10-27,2025-10-27,0001493152-25-019748,https://www.sec.gov/Archives/edgar/data/1878313/000149315225019748/form8-k.htm,https://www.sec.gov/Archives/edgar/data/1878313/000149315225019748/form8-k.htm,2025-10-27,2025-10-27 16:30:30,https://www.sec.gov/Archives/edgar/data/1878313/0001493152-25-019748-index.html,Item 8.01; Item 9.01,Item 8.01; Item 9.01,ATM,Tier-1,https://www.sec.gov/Archives/edgar/data/1878313/000149315225019748/form8-k.htm,,Tier-1,2025-10-27,https://www.sec.gov/Archives/edgar/data/1878313/000149315225019748/form8-k.htm,https://www.sec.gov/Archives/edgar/data/1878313/0001493152-25-019748-index.html
MAIA,"MAIA Biotechnology, Inc.",0001878313,2025-10-24,OtherEvent,Tier-2,https://www.sec.gov/Archives/edgar/data/1878313/000149315225019315/form8-k.htm,https://www.sec.gov/Archives/edgar/data/1878313/0001493152-25-019315-index.html,8-K,2025-10-24,2025-10-24,2025-10-24,0001493152-25-019315,https://www.sec.gov/Archives/edgar/data/1878313/000149315225019315/form8-k.htm,https://www.sec.gov/Archives/edgar/data/1878313/000149315225019315/form8-k.htm,2025-10-24,2025-10-24 16:30:43,https://www.sec.gov/Archives/edgar/data/1878313/0001493152-25-019315-index.html,Item 8.01; Item 9.01,Item 8.01; Item 9.01,OtherEvent,Tier-2,https://www.sec.gov/Archives/edgar/data/1878313/000149315225019315/form8-k.htm,,Tier-2,2025-10-24,https://www.sec.gov/Archives/edgar/data/1878313/000149315225019315/form8-k.htm,https://www.sec.gov/Archives/edgar/data/1878313/0001493152-25-019315-index.html
MAIA,"MAIA Biotechnology, Inc.",0001878313,2025-10-19,ATM,Tier-1,https://www.sec.gov/Archives/edgar/data/1878313/000149315225019014/form8-k.htm,https://www.sec.gov/Archives/edgar/data/1878313/0001493152-25-019014-index.html,8-K,2025-10-23,2025-10-19,2025-10-19,0001493152-25-019014,https://www.sec.gov/Archives/edgar/data/1878313/000149315225019014/form8-k.htm,https://www.sec.gov/Archives/edgar/data/1878313/000149315225019014/form8-k.htm,2025-10-19,2025-10-23 09:15:34,https://www.sec.gov/Archives/edgar/data/1878313/0001493152-25-019014-index.html,Item 7.01; Item 8.01; Item 9.01,Item 7.01; Item 8.01; Item 9.01,ATM,Tier-1,https://www.sec.gov/Archives/edgar/data/1878313/000149315225019014/form8-k.htm,,Tier-1,2025-10-19,https://www.sec.gov/Archives/edgar/data/1878313/000149315225019014/form8-k.htm,https://www.sec.gov/Archives/edgar/data/1878313/0001493152-25-019014-index.html
MAIA,"MAIA Biotechnology, Inc.",0001878313,2025-10-13,ATM,Tier-1,https://www.sec.gov/Archives/edgar/data/1878313/000149315225017948/form8-k.htm,https://www.sec.gov/Archives/edgar/data/1878313/0001493152-25-017948-index.html,8-K,2025-10-14,2025-10-13,2025-10-13,0001493152-25-017948,https://www.sec.gov/Archives/edgar/data/1878313/000149315225017948/form8-k.htm,https://www.sec.gov/Archives/edgar/data/1878313/000149315225017948/form8-k.htm,2025-10-13,2025-10-14 09:00:46,https://www.sec.gov/Archives/edgar/data/1878313/0001493152-25-017948-index.html,Item 1.01; Item 3.02; Item 8.01,Item 1.01; Item 3.02; Item 8.01,ATM,Tier-1,https://www.sec.gov/Archives/edgar/data/1878313/000149315225017948/form8-k.htm,,Tier-1,2025-10-13,https://www.sec.gov/Archives/edgar/data/1878313/000149315225017948/form8-k.htm,https://www.sec.gov/Archives/edgar/data/1878313/0001493152-25-017948-index.html
MAIA,"MAIA Biotechnology, Inc.",0001878313,2025-10-07,ATM,Tier-1,https://www.sec.gov/Archives/edgar/data/1878313/000149315225017222/form8-k.htm,https://www.sec.gov/Archives/edgar/data/1878313/0001493152-25-017222-index.html,8-K,2025-10-07,2025-10-07,2025-10-07,0001493152-25-017222,https://www.sec.gov/Archives/edgar/data/1878313/000149315225017222/form8-k.htm,https://www.sec.gov/Archives/edgar/data/1878313/000149315225017222/form8-k.htm,2025-10-07,2025-10-07 08:58:45,https://www.sec.gov/Archives/edgar/data/1878313/0001493152-25-017222-index.html,Item 9.01,Item 9.01,ATM,Tier-1,https://www.sec.gov/Archives/edgar/data/1878313/000149315225017222/form8-k.htm,,Tier-1,2025-10-07,https://www.sec.gov/Archives/edgar/data/1878313/000149315225017222/form8-k.htm,https://www.sec.gov/Archives/edgar/data/1878313/0001493152-25-017222-index.html
MAIA,"MAIA Biotechnology, Inc.",0001878313,2025-09-29,ATM,Tier-1,https://www.sec.gov/Archives/edgar/data/1878313/000149315225016200/form8-k.htm,https://www.sec.gov/Archives/edgar/data/1878313/0001493152-25-016200-index.html,8-K,2025-09-30,2025-09-29,2025-09-29,0001493152-25-016200,https://www.sec.gov/Archives/edgar/data/1878313/000149315225016200/form8-k.htm,https://www.sec.gov/Archives/edgar/data/1878313/000149315225016200/form8-k.htm,2025-09-29,2025-09-30 09:00:49,https://www.sec.gov/Archives/edgar/data/1878313/0001493152-25-016200-index.html,Item 1.01; Item 3.02; Item 8.01; Item 9.01,Item 1.01; Item 3.02; Item 8.01; Item 9.01,ATM,Tier-1,https://www.sec.gov/Archives/edgar/data/1878313/000149315225016200/form8-k.htm,,Tier-1,2025-09-29,https://www.sec.gov/Archives/edgar/data/1878313/000149315225016200/form8-k.htm,https://www.sec.gov/Archives/edgar/data/1878313/0001493152-25-016200-index.html
MAIA,"MAIA Biotechnology, Inc.",0001878313,2025-09-24,ATM,Tier-1,https://www.sec.gov/Archives/edgar/data/1878313/000149315225014729/form8-k.htm,https://www.sec.gov/Archives/edgar/data/1878313/0001493152-25-014729-index.html,8-K,2025-09-24,2025-09-24,2025-09-24,0001493152-25-014729,https://www.sec.gov/Archives/edgar/data/1878313/000149315225014729/form8-k.htm,https://www.sec.gov/Archives/edgar/data/1878313/000149315225014729/form8-k.htm,2025-09-24,2025-09-24 08:25:30,https://www.sec.gov/Archives/edgar/data/1878313/0001493152-25-014729-index.html,Item 8.01; Item 9.01,Item 8.01; Item 9.01,ATM,Tier-1,https://www.sec.gov/Archives/edgar/data/1878313/000149315225014729/form8-k.htm,,Tier-1,2025-09-24,https://www.sec.gov/Archives/edgar/data/1878313/000149315225014729/form8-k.htm,https://www.sec.gov/Archives/edgar/data/1878313/0001493152-25-014729-index.html
MBVI,M3-Brigade Acquisition VI Corp.,0002073928,2025-10-16,ATM,Tier-1,https://www.sec.gov/Archives/edgar/data/2073928/000095014225002818/eh250692721_8k.htm,https://www.sec.gov/Archives/edgar/data/2073928/0000950142-25-002818-index.html,8-K,2025-10-16,2025-10-16,2025-10-16,0000950142-25-002818,https://www.sec.gov/Archives/edgar/data/2073928/000095014225002818/eh250692721_8k.htm,https://www.sec.gov/Archives/edgar/data/2073928/000095014225002818/eh250692721_8k.htm,2025-10-16,2025-10-16 09:10:44,https://www.sec.gov/Archives/edgar/data/2073928/0000950142-25-002818-index.html,Item 8.01; Item 9.01,Item 8.01; Item 9.01,ATM,Tier-1,https://www.sec.gov/Archives/edgar/data/2073928/000095014225002818/eh250692721_8k.htm,,Tier-1,2025-10-16,https://www.sec.gov/Archives/edgar/data/2073928/000095014225002818/eh250692721_8k.htm,https://www.sec.gov/Archives/edgar/data/2073928/0000950142-25-002818-index.html
MBVI,M3-Brigade Acquisition VI Corp.,0002073928,2025-08-28,ATM,Tier-1,https://www.sec.gov/Archives/edgar/data/2073928/000121390025084538/ea0255547-8k_m3brigade6.htm,https://www.sec.gov/Archives/edgar/data/2073928/0001213900-25-084538-index.html,8-K,2025-09-04,2025-08-28,2025-08-28,0001213900-25-084538,https://www.sec.gov/Archives/edgar/data/2073928/000121390025084538/ea0255547-8k_m3brigade6.htm,https://www.sec.gov/Archives/edgar/data/2073928/000121390025084538/ea0255547-8k_m3brigade6.htm,2025-08-28,2025-09-04 16:33:43,https://www.sec.gov/Archives/edgar/data/2073928/0001213900-25-084538-index.html,Item 8.01; Item 9.01,Item 8.01; Item 9.01,ATM,Tier-1,https://www.sec.gov/Archives/edgar/data/2073928/000121390025084538/ea0255547-8k_m3brigade6.htm,,Tier-1,2025-08-28,https://www.sec.gov/Archives/edgar/data/2073928/000121390025084538/ea0255547-8k_m3brigade6.htm,https://www.sec.gov/Archives/edgar/data/2073928/0001213900-25-084538-index.html
MAYA,Maywood Acquisition Corp.,0002028355,2025-09-09,ATM,Tier-1,https://www.sec.gov/Archives/edgar/data/2028355/000121390025087044/ea0256946-8k_maywood.htm,https://www.sec.gov/Archives/edgar/data/2028355/0001213900-25-087044-index.html,8-K,2025-09-12,2025-09-09,2025-09-09,0001213900-25-087044,https://www.sec.gov/Archives/edgar/data/2028355/000121390025087044/ea0256946-8k_maywood.htm,https://www.sec.gov/Archives/edgar/data/2028355/000121390025087044/ea0256946-8k_maywood.htm,2025-09-09,2025-09-12 07:00:44,https://www.sec.gov/Archives/edgar/data/2028355/0001213900-25-087044-index.html,Item 1.01; Item 1.02; Item 5.01; Item 5.02; Item 8.01; Item 9.01,Item 1.01; Item 1.02; Item 5.01; Item 5.02; Item 8.01; Item 9.01,ATM,Tier-1,https://www.sec.gov/Archives/edgar/data/2028355/000121390025087044/ea0256946-8k_maywood.htm,,Tier-1,2025-09-09,https://www.sec.gov/Archives/edgar/data/2028355/000121390025087044/ea0256946-8k_maywood.htm,https://www.sec.gov/Archives/edgar/data/2028355/0001213900-25-087044-index.html
MBVI,M3-Brigade Acquisition VI Corp.,0002073928,2025-08-26,ATM,Tier-1,https://www.sec.gov/Archives/edgar/data/2073928/000121390025083405/ea0255430-8k_m3brig6.htm,https://www.sec.gov/Archives/edgar/data/2073928/0001213900-25-083405-index.html,8-K,2025-09-02,2025-08-26,2025-08-26,0001213900-25-083405,https://www.sec.gov/Archives/edgar/data/2073928/000121390025083405/ea0255430-8k_m3brig6.htm,https://www.sec.gov/Archives/edgar/data/2073928/000121390025083405/ea0255430-8k_m3brig6.htm,2025-08-26,2025-09-02 16:31:28,https://www.sec.gov/Archives/edgar/data/2073928/0001213900-25-083405-index.html,Item 1.01; Item 3.02; Item 8.01; Item 9.01,Item 1.01; Item 3.02; Item 8.01; Item 9.01,ATM,Tier-1,https://www.sec.gov/Archives/edgar/data/2073928/000121390025083405/ea0255430-8k_m3brig6.htm,,Tier-1,2025-08-26,https://www.sec.gov/Archives/edgar/data/2073928/000121390025083405/ea0255430-8k_m3brig6.htm,https://www.sec.gov/Archives/edgar/data/2073928/0001213900-25-083405-index.html
MAYA,Maywood Acquisition Corp.,0002028355,2025-10-13,ATM,Tier-1,https://www.sec.gov/Archives/edgar/data/2028355/000121390025098424/ea0261036-8k425_maywood.htm,https://www.sec.gov/Archives/edgar/data/2028355/0001213900-25-098424-index.html,8-K,2025-10-14,2025-10-13,2025-10-13,0001213900-25-098424,https://www.sec.gov/Archives/edgar/data/2028355/000121390025098424/ea0261036-8k425_maywood.htm,https://www.sec.gov/Archives/edgar/data/2028355/000121390025098424/ea0261036-8k425_maywood.htm,2025-10-13,2025-10-14 09:25:31,https://www.sec.gov/Archives/edgar/data/2028355/0001213900-25-098424-index.html,Item 1.01; Item 7.01; Item 8.01; Item 9.01,Item 1.01; Item 7.01; Item 8.01; Item 9.01,ATM,Tier-1,https://www.sec.gov/Archives/edgar/data/2028355/000121390025098424/ea0261036-8k425_maywood.htm,,Tier-1,2025-10-13,https://www.sec.gov/Archives/edgar/data/2028355/000121390025098424/ea0261036-8k425_maywood.htm,https://www.sec.gov/Archives/edgar/data/2028355/0001213900-25-098424-index.html
MGNX,MACROGENICS INC,0001125345,2025-11-12,ATM,Tier-1,https://www.sec.gov/Archives/edgar/data/1125345/000112534525000109/mgnx-20251112.htm,https://www.sec.gov/Archives/edgar/data/1125345/0001125345-25-000109-index.html,8-K,2025-11-12,2025-11-12,2025-11-12,0001125345-25-000109,https://www.sec.gov/Archives/edgar/data/1125345/000112534525000109/mgnx-20251112.htm,https://www.sec.gov/Archives/edgar/data/1125345/000112534525000109/mgnx-20251112.htm,2025-11-12,2025-11-12 16:04:51,https://www.sec.gov/Archives/edgar/data/1125345/0001125345-25-000109-index.html,Item 2.02; Item 9.01,Item 2.02; Item 9.01,ATM,Tier-1,https://www.sec.gov/Archives/edgar/data/1125345/000112534525000109/mgnx-20251112.htm,,Tier-1,2025-11-12,https://www.sec.gov/Archives/edgar/data/1125345/000112534525000109/mgnx-20251112.htm,https://www.sec.gov/Archives/edgar/data/1125345/0001125345-25-000109-index.html
MGNX,MACROGENICS INC,0001125345,2025-08-14,ATM,Tier-1,https://www.sec.gov/Archives/edgar/data/1125345/000112534525000100/mgnx-20250814.htm,https://www.sec.gov/Archives/edgar/data/1125345/0001125345-25-000100-index.html,8-K,2025-08-14,2025-08-14,2025-08-14,0001125345-25-000100,https://www.sec.gov/Archives/edgar/data/1125345/000112534525000100/mgnx-20250814.htm,https://www.sec.gov/Archives/edgar/data/1125345/000112534525000100/mgnx-20250814.htm,2025-08-14,2025-08-14 16:04:17,https://www.sec.gov/Archives/edgar/data/1125345/0001125345-25-000100-index.html,Item 2.02; Item 9.01,Item 2.02; Item 9.01,ATM,Tier-1,https://www.sec.gov/Archives/edgar/data/1125345/000112534525000100/mgnx-20250814.htm,,Tier-1,2025-08-14,https://www.sec.gov/Archives/edgar/data/1125345/000112534525000100/mgnx-20250814.htm,https://www.sec.gov/Archives/edgar/data/1125345/0001125345-25-000100-index.html
MGNX,MACROGENICS INC,0001125345,2025-06-09,ATM,Tier-1,https://www.sec.gov/Archives/edgar/data/1125345/000112534525000087/mgnx-20250609.htm,https://www.sec.gov/Archives/edgar/data/1125345/0001125345-25-000087-index.html,8-K,2025-06-10,2025-06-09,2025-06-09,0001125345-25-000087,https://www.sec.gov/Archives/edgar/data/1125345/000112534525000087/mgnx-20250609.htm,https://www.sec.gov/Archives/edgar/data/1125345/000112534525000087/mgnx-20250609.htm,2025-06-09,2025-06-10 07:02:42,https://www.sec.gov/Archives/edgar/data/1125345/0001125345-25-000087-index.html,Item 1.01; Item 8.01; Item 9.01,Item 1.01; Item 8.01; Item 9.01,ATM,Tier-1,https://www.sec.gov/Archives/edgar/data/1125345/000112534525000087/mgnx-20250609.htm,,Tier-1,2025-06-09,https://www.sec.gov/Archives/edgar/data/1125345/000112534525000087/mgnx-20250609.htm,https://www.sec.gov/Archives/edgar/data/1125345/0001125345-25-000087-index.html
MIRA,"MIRA PHARMACEUTICALS, INC.",0001904286,2025-10-16,ATM,Tier-1,https://www.sec.gov/Archives/edgar/data/1904286/000149315225018303/form8-k.htm,https://www.sec.gov/Archives/edgar/data/1904286/0001493152-25-018303-index.html,8-K,2025-10-16,2025-10-16,2025-10-16,0001493152-25-018303,https://www.sec.gov/Archives/edgar/data/1904286/000149315225018303/form8-k.htm,https://www.sec.gov/Archives/edgar/data/1904286/000149315225018303/form8-k.htm,2025-10-16,2025-10-16 16:01:54,https://www.sec.gov/Archives/edgar/data/1904286/0001493152-25-018303-index.html,Item 8.01,Item 8.01,ATM,Tier-1,https://www.sec.gov/Archives/edgar/data/1904286/000149315225018303/form8-k.htm,,Tier-1,2025-10-16,https://www.sec.gov/Archives/edgar/data/1904286/000149315225018303/form8-k.htm,https://www.sec.gov/Archives/edgar/data/1904286/0001493152-25-018303-index.html
MGNX,MACROGENICS INC,0001125345,2025-08-13,ATM,Tier-1,https://www.sec.gov/Archives/edgar/data/1125345/000112534525000094/mgnx-20250813.htm,https://www.sec.gov/Archives/edgar/data/1125345/0001125345-25-000094-index.html,8-K,2025-08-13,2025-08-13,2025-08-13,0001125345-25-000094,https://www.sec.gov/Archives/edgar/data/1125345/000112534525000094/mgnx-20250813.htm,https://www.sec.gov/Archives/edgar/data/1125345/000112534525000094/mgnx-20250813.htm,2025-08-13,2025-08-13 16:14:50,https://www.sec.gov/Archives/edgar/data/1125345/0001125345-25-000094-index.html,Item 5.02; Item 7.01; Item 9.01,Item 5.02; Item 7.01; Item 9.01,ATM,Tier-1,https://www.sec.gov/Archives/edgar/data/1125345/000112534525000094/mgnx-20250813.htm,,Tier-1,2025-08-13,https://www.sec.gov/Archives/edgar/data/1125345/000112534525000094/mgnx-20250813.htm,https://www.sec.gov/Archives/edgar/data/1125345/0001125345-25-000094-index.html
MIRA,"MIRA PHARMACEUTICALS, INC.",0001904286,2025-09-29,ATM,Tier-1,https://www.sec.gov/Archives/edgar/data/1904286/000149315225016168/form8-k.htm,https://www.sec.gov/Archives/edgar/data/1904286/0001493152-25-016168-index.html,8-K,2025-09-30,2025-09-29,2025-09-29,0001493152-25-016168,https://www.sec.gov/Archives/edgar/data/1904286/000149315225016168/form8-k.htm,https://www.sec.gov/Archives/edgar/data/1904286/000149315225016168/form8-k.htm,2025-09-29,2025-09-30 07:00:24,https://www.sec.gov/Archives/edgar/data/1904286/0001493152-25-016168-index.html,Item 1.01; Item 2.01,Item 1.01; Item 2.01,ATM,Tier-1,https://www.sec.gov/Archives/edgar/data/1904286/000149315225016168/form8-k.htm,,Tier-1,2025-09-29,https://www.sec.gov/Archives/edgar/data/1904286/000149315225016168/form8-k.htm,https://www.sec.gov/Archives/edgar/data/1904286/0001493152-25-016168-index.html
MIRA,"MIRA PHARMACEUTICALS, INC.",0001904286,2025-09-11,ATM,Tier-1,https://www.sec.gov/Archives/edgar/data/1904286/000149315225013100/form8-k.htm,https://www.sec.gov/Archives/edgar/data/1904286/0001493152-25-013100-index.html,8-K,2025-09-11,2025-09-11,2025-09-11,0001493152-25-013100,https://www.sec.gov/Archives/edgar/data/1904286/000149315225013100/form8-k.htm,https://www.sec.gov/Archives/edgar/data/1904286/000149315225013100/form8-k.htm,2025-09-11,2025-09-11 17:25:25,https://www.sec.gov/Archives/edgar/data/1904286/0001493152-25-013100-index.html,Item 5.02; Item 9.01,Item 5.02; Item 9.01,ATM,Tier-1,https://www.sec.gov/Archives/edgar/data/1904286/000149315225013100/form8-k.htm,,Tier-1,2025-09-11,https://www.sec.gov/Archives/edgar/data/1904286/000149315225013100/form8-k.htm,https://www.sec.gov/Archives/edgar/data/1904286/0001493152-25-013100-index.html
MIST,Milestone Pharmaceuticals Inc.,0001408443,2025-11-12,ATM,Tier-1,https://www.sec.gov/Archives/edgar/data/1408443/000110465925109744/tm2530945d1_8k.htm,https://www.sec.gov/Archives/edgar/data/1408443/0001104659-25-109744-index.html,8-K,2025-11-12,2025-11-12,2025-11-12,0001104659-25-109744,https://www.sec.gov/Archives/edgar/data/1408443/000110465925109744/tm2530945d1_8k.htm,https://www.sec.gov/Archives/edgar/data/1408443/000110465925109744/tm2530945d1_8k.htm,2025-11-12,2025-11-12 07:16:20,https://www.sec.gov/Archives/edgar/data/1408443/0001104659-25-109744-index.html,Item 2.02; Item 9.01,Item 2.02; Item 9.01,ATM,Tier-1,https://www.sec.gov/Archives/edgar/data/1408443/000110465925109744/tm2530945d1_8k.htm,,Tier-1,2025-11-12,https://www.sec.gov/Archives/edgar/data/1408443/000110465925109744/tm2530945d1_8k.htm,https://www.sec.gov/Archives/edgar/data/1408443/0001104659-25-109744-index.html
MIST,Milestone Pharmaceuticals Inc.,0001408443,2025-08-12,ATM,Tier-1,https://www.sec.gov/Archives/edgar/data/1408443/000110465925076468/tm2523169d1_8k.htm,https://www.sec.gov/Archives/edgar/data/1408443/0001104659-25-076468-index.html,8-K,2025-08-12,2025-08-12,2025-08-12,0001104659-25-076468,https://www.sec.gov/Archives/edgar/data/1408443/000110465925076468/tm2523169d1_8k.htm,https://www.sec.gov/Archives/edgar/data/1408443/000110465925076468/tm2523169d1_8k.htm,2025-08-12,2025-08-12 07:16:26,https://www.sec.gov/Archives/edgar/data/1408443/0001104659-25-076468-index.html,Item 2.02; Item 9.01,Item 2.02; Item 9.01,ATM,Tier-1,https://www.sec.gov/Archives/edgar/data/1408443/000110465925076468/tm2523169d1_8k.htm,,Tier-1,2025-08-12,https://www.sec.gov/Archives/edgar/data/1408443/000110465925076468/tm2523169d1_8k.htm,https://www.sec.gov/Archives/edgar/data/1408443/0001104659-25-076468-index.html
MIST,Milestone Pharmaceuticals Inc.,0001408443,2025-07-11,ATM,Tier-1,https://www.sec.gov/Archives/edgar/data/1408443/000110465925067579/tm2520713d1_8k.htm,https://www.sec.gov/Archives/edgar/data/1408443/0001104659-25-067579-index.html,8-K,2025-07-14,2025-07-11,2025-07-11,0001104659-25-067579,https://www.sec.gov/Archives/edgar/data/1408443/000110465925067579/tm2520713d1_8k.htm,https://www.sec.gov/Archives/edgar/data/1408443/000110465925067579/tm2520713d1_8k.htm,2025-07-11,2025-07-14 07:30:48,https://www.sec.gov/Archives/edgar/data/1408443/0001104659-25-067579-index.html,Item 1.01; Item 8.01; Item 9.01,Item 1.01; Item 8.01; Item 9.01,ATM,Tier-1,https://www.sec.gov/Archives/edgar/data/1408443/000110465925067579/tm2520713d1_8k.htm,,Tier-1,2025-07-11,https://www.sec.gov/Archives/edgar/data/1408443/000110465925067579/tm2520713d1_8k.htm,https://www.sec.gov/Archives/edgar/data/1408443/0001104659-25-067579-index.html
MIST,Milestone Pharmaceuticals Inc.,0001408443,2025-07-10,ATM,Tier-1,https://www.sec.gov/Archives/edgar/data/1408443/000110465925067108/tm2520348d2_8k.htm,https://www.sec.gov/Archives/edgar/data/1408443/0001104659-25-067108-index.html,8-K,2025-07-11,2025-07-10,2025-07-10,0001104659-25-067108,https://www.sec.gov/Archives/edgar/data/1408443/000110465925067108/tm2520348d2_8k.htm,https://www.sec.gov/Archives/edgar/data/1408443/000110465925067108/tm2520348d2_8k.htm,2025-07-10,2025-07-11 06:12:11,https://www.sec.gov/Archives/edgar/data/1408443/0001104659-25-067108-index.html,Item 1.01; Item 8.01; Item 9.01,Item 1.01; Item 8.01; Item 9.01,ATM,Tier-1,https://www.sec.gov/Archives/edgar/data/1408443/000110465925067108/tm2520348d2_8k.htm,,Tier-1,2025-07-10,https://www.sec.gov/Archives/edgar/data/1408443/000110465925067108/tm2520348d2_8k.htm,https://www.sec.gov/Archives/edgar/data/1408443/0001104659-25-067108-index.html
MIST,Milestone Pharmaceuticals Inc.,0001408443,2025-06-16,ATM,Tier-1,https://www.sec.gov/Archives/edgar/data/1408443/000110465925059671/tm2518093d1_8k.htm,https://www.sec.gov/Archives/edgar/data/1408443/0001104659-25-059671-index.html,8-K,2025-06-16,2025-06-16,2025-06-16,0001104659-25-059671,https://www.sec.gov/Archives/edgar/data/1408443/000110465925059671/tm2518093d1_8k.htm,https://www.sec.gov/Archives/edgar/data/1408443/000110465925059671/tm2518093d1_8k.htm,2025-06-16,2025-06-16 08:06:13,https://www.sec.gov/Archives/edgar/data/1408443/0001104659-25-059671-index.html,Item 8.01; Item 9.01,Item 8.01; Item 9.01,ATM,Tier-1,https://www.sec.gov/Archives/edgar/data/1408443/000110465925059671/tm2518093d1_8k.htm,,Tier-1,2025-06-16,https://www.sec.gov/Archives/edgar/data/1408443/000110465925059671/tm2518093d1_8k.htm,https://www.sec.gov/Archives/edgar/data/1408443/0001104659-25-059671-index.html
MMTXU,Miluna Acquisition Corp,0002077033,2025-10-28,ATM,Tier-1,https://www.sec.gov/Archives/edgar/data/2077033/000149315225020385/form8-k.htm,https://www.sec.gov/Archives/edgar/data/2077033/0001493152-25-020385-index.html,8-K,2025-10-31,2025-10-28,2025-10-28,0001493152-25-020385,https://www.sec.gov/Archives/edgar/data/2077033/000149315225020385/form8-k.htm,https://www.sec.gov/Archives/edgar/data/2077033/000149315225020385/form8-k.htm,2025-10-28,2025-10-31 16:15:27,https://www.sec.gov/Archives/edgar/data/2077033/0001493152-25-020385-index.html,Item 8.01,Item 8.01,ATM,Tier-1,https://www.sec.gov/Archives/edgar/data/2077033/000149315225020385/form8-k.htm,,Tier-1,2025-10-28,https://www.sec.gov/Archives/edgar/data/2077033/000149315225020385/form8-k.htm,https://www.sec.gov/Archives/edgar/data/2077033/0001493152-25-020385-index.html
MMTXU,Miluna Acquisition Corp,0002077033,2025-10-24,ATM,Tier-1,https://www.sec.gov/Archives/edgar/data/2077033/000149315225020220/form8-k.htm,https://www.sec.gov/Archives/edgar/data/2077033/0001493152-25-020220-index.html,8-K,2025-10-30,2025-10-24,2025-10-24,0001493152-25-020220,https://www.sec.gov/Archives/edgar/data/2077033/000149315225020220/form8-k.htm,https://www.sec.gov/Archives/edgar/data/2077033/000149315225020220/form8-k.htm,2025-10-24,2025-10-30 16:15:46,https://www.sec.gov/Archives/edgar/data/2077033/0001493152-25-020220-index.html,Item 8.01,Item 8.01,ATM,Tier-1,https://www.sec.gov/Archives/edgar/data/2077033/000149315225020220/form8-k.htm,,Tier-1,2025-10-24,https://www.sec.gov/Archives/edgar/data/2077033/000149315225020220/form8-k.htm,https://www.sec.gov/Archives/edgar/data/2077033/0001493152-25-020220-index.html
MPAA,MOTORCAR PARTS OF AMERICA INC,0000918251,2025-11-10,OtherEvent,Tier-2,https://www.sec.gov/Archives/edgar/data/918251/000114036125041556/ef20058853_8k.htm,https://www.sec.gov/Archives/edgar/data/918251/0001140361-25-041556-index.html,8-K,2025-11-12,2025-11-10,2025-11-10,0001140361-25-041556,https://www.sec.gov/Archives/edgar/data/918251/000114036125041556/ef20058853_8k.htm,https://www.sec.gov/Archives/edgar/data/918251/000114036125041556/ef20058853_8k.htm,2025-11-10,2025-11-12 08:31:27,https://www.sec.gov/Archives/edgar/data/918251/0001140361-25-041556-index.html,Item 5.02; Item 9.01,Item 5.02; Item 9.01,OtherEvent,Tier-2,https://www.sec.gov/Archives/edgar/data/918251/000114036125041556/ef20058853_8k.htm,,Tier-2,2025-11-10,https://www.sec.gov/Archives/edgar/data/918251/000114036125041556/ef20058853_8k.htm,https://www.sec.gov/Archives/edgar/data/918251/0001140361-25-041556-index.html
MMTXU,Miluna Acquisition Corp,0002077033,2025-10-22,ATM,Tier-1,https://www.sec.gov/Archives/edgar/data/2077033/000149315225019797/form8-k.htm,https://www.sec.gov/Archives/edgar/data/2077033/0001493152-25-019797-index.html,8-K,2025-10-28,2025-10-22,2025-10-22,0001493152-25-019797,https://www.sec.gov/Archives/edgar/data/2077033/000149315225019797/form8-k.htm,https://www.sec.gov/Archives/edgar/data/2077033/000149315225019797/form8-k.htm,2025-10-22,2025-10-27 19:06:00,https://www.sec.gov/Archives/edgar/data/2077033/0001493152-25-019797-index.html,Item 8.01,Item 8.01,ATM,Tier-1,https://www.sec.gov/Archives/edgar/data/2077033/000149315225019797/form8-k.htm,,Tier-1,2025-10-22,https://www.sec.gov/Archives/edgar/data/2077033/000149315225019797/form8-k.htm,https://www.sec.gov/Archives/edgar/data/2077033/0001493152-25-019797-index.html
MPAA,MOTORCAR PARTS OF AMERICA INC,0000918251,2025-06-10,ATM,Tier-1,https://www.sec.gov/Archives/edgar/data/918251/000114036125022376/ef20050594_8k.htm,https://www.sec.gov/Archives/edgar/data/918251/0001140361-25-022376-index.html,8-K,2025-06-13,2025-06-10,2025-06-10,0001140361-25-022376,https://www.sec.gov/Archives/edgar/data/918251/000114036125022376/ef20050594_8k.htm,https://www.sec.gov/Archives/edgar/data/918251/000114036125022376/ef20050594_8k.htm,2025-06-10,2025-06-13 08:29:37,https://www.sec.gov/Archives/edgar/data/918251/0001140361-25-022376-index.html,Item 7.01; Item 9.01,Item 7.01; Item 9.01,ATM,Tier-1,https://www.sec.gov/Archives/edgar/data/918251/000114036125022376/ef20050594_8k.htm,,Tier-1,2025-06-10,https://www.sec.gov/Archives/edgar/data/918251/000114036125022376/ef20050594_8k.htm,https://www.sec.gov/Archives/edgar/data/918251/0001140361-25-022376-index.html
MPAA,MOTORCAR PARTS OF AMERICA INC,0000918251,2025-11-10,ATM,Tier-1,https://www.sec.gov/Archives/edgar/data/918251/000114036125041280/ef20058138_8k.htm,https://www.sec.gov/Archives/edgar/data/918251/0001140361-25-041280-index.html,8-K,2025-11-10,2025-11-10,2025-11-10,0001140361-25-041280,https://www.sec.gov/Archives/edgar/data/918251/000114036125041280/ef20058138_8k.htm,https://www.sec.gov/Archives/edgar/data/918251/000114036125041280/ef20058138_8k.htm,2025-11-10,2025-11-10 07:58:39,https://www.sec.gov/Archives/edgar/data/918251/0001140361-25-041280-index.html,Item 2.02; Item 9.01,Item 2.02; Item 9.01,ATM,Tier-1,https://www.sec.gov/Archives/edgar/data/918251/000114036125041280/ef20058138_8k.htm,,Tier-1,2025-11-10,https://www.sec.gov/Archives/edgar/data/918251/000114036125041280/ef20058138_8k.htm,https://www.sec.gov/Archives/edgar/data/918251/0001140361-25-041280-index.html
MPAA,MOTORCAR PARTS OF AMERICA INC,0000918251,2025-08-11,ATM,Tier-1,https://www.sec.gov/Archives/edgar/data/918251/000114036125030003/ef20053330_8k.htm,https://www.sec.gov/Archives/edgar/data/918251/0001140361-25-030003-index.html,8-K,2025-08-11,2025-08-11,2025-08-11,0001140361-25-030003,https://www.sec.gov/Archives/edgar/data/918251/000114036125030003/ef20053330_8k.htm,https://www.sec.gov/Archives/edgar/data/918251/000114036125030003/ef20053330_8k.htm,2025-08-11,2025-08-11 07:58:57,https://www.sec.gov/Archives/edgar/data/918251/0001140361-25-030003-index.html,Item 2.02; Item 9.01,Item 2.02; Item 9.01,ATM,Tier-1,https://www.sec.gov/Archives/edgar/data/918251/000114036125030003/ef20053330_8k.htm,,Tier-1,2025-08-11,https://www.sec.gov/Archives/edgar/data/918251/000114036125030003/ef20053330_8k.htm,https://www.sec.gov/Archives/edgar/data/918251/0001140361-25-030003-index.html
MREO,Mereo BioPharma Group plc,0001719714,2025-11-10,ATM,Tier-1,https://www.sec.gov/Archives/edgar/data/1719714/000119312525274319/mreo-20251110.htm,https://www.sec.gov/Archives/edgar/data/1719714/0001193125-25-274319-index.html,8-K,2025-11-10,2025-11-10,2025-11-10,0001193125-25-274319,https://www.sec.gov/Archives/edgar/data/1719714/000119312525274319/mreo-20251110.htm,https://www.sec.gov/Archives/edgar/data/1719714/000119312525274319/mreo-20251110.htm,2025-11-10,2025-11-10 16:20:51,https://www.sec.gov/Archives/edgar/data/1719714/0001193125-25-274319-index.html,Item 2.02; Item 9.01,Item 2.02; Item 9.01,ATM,Tier-1,https://www.sec.gov/Archives/edgar/data/1719714/000119312525274319/mreo-20251110.htm,,Tier-1,2025-11-10,https://www.sec.gov/Archives/edgar/data/1719714/000119312525274319/mreo-20251110.htm,https://www.sec.gov/Archives/edgar/data/1719714/0001193125-25-274319-index.html
MREO,Mereo BioPharma Group plc,0001719714,2025-08-12,ATM,Tier-1,https://www.sec.gov/Archives/edgar/data/1719714/000095017025106924/mreo-20250812.htm,https://www.sec.gov/Archives/edgar/data/1719714/0000950170-25-106924-index.html,8-K,2025-08-12,2025-08-12,2025-08-12,0000950170-25-106924,https://www.sec.gov/Archives/edgar/data/1719714/000095017025106924/mreo-20250812.htm,https://www.sec.gov/Archives/edgar/data/1719714/000095017025106924/mreo-20250812.htm,2025-08-12,2025-08-12 07:40:38,https://www.sec.gov/Archives/edgar/data/1719714/0000950170-25-106924-index.html,Item 2.02; Item 9.01,Item 2.02; Item 9.01,ATM,Tier-1,https://www.sec.gov/Archives/edgar/data/1719714/000095017025106924/mreo-20250812.htm,,Tier-1,2025-08-12,https://www.sec.gov/Archives/edgar/data/1719714/000095017025106924/mreo-20250812.htm,https://www.sec.gov/Archives/edgar/data/1719714/0000950170-25-106924-index.html
MPAA,MOTORCAR PARTS OF AMERICA INC,0000918251,2025-06-09,ATM,Tier-1,https://www.sec.gov/Archives/edgar/data/918251/000114036125021867/ef20050110_8k.htm,https://www.sec.gov/Archives/edgar/data/918251/0001140361-25-021867-index.html,8-K,2025-06-09,2025-06-09,2025-06-09,0001140361-25-021867,https://www.sec.gov/Archives/edgar/data/918251/000114036125021867/ef20050110_8k.htm,https://www.sec.gov/Archives/edgar/data/918251/000114036125021867/ef20050110_8k.htm,2025-06-09,2025-06-09 07:58:34,https://www.sec.gov/Archives/edgar/data/918251/0001140361-25-021867-index.html,Item 2.02; Item 9.01,Item 2.02; Item 9.01,ATM,Tier-1,https://www.sec.gov/Archives/edgar/data/918251/000114036125021867/ef20050110_8k.htm,,Tier-1,2025-06-09,https://www.sec.gov/Archives/edgar/data/918251/000114036125021867/ef20050110_8k.htm,https://www.sec.gov/Archives/edgar/data/918251/0001140361-25-021867-index.html
MURA,Mural Oncology plc,0001971543,2025-08-04,ATM,Tier-1,https://www.sec.gov/Archives/edgar/data/1971543/000119312525172182/d69057d8k.htm,https://www.sec.gov/Archives/edgar/data/1971543/0001193125-25-172182-index.html,8-K,2025-08-04,2025-08-04,2025-08-04,0001193125-25-172182,https://www.sec.gov/Archives/edgar/data/1971543/000119312525172182/d69057d8k.htm,https://www.sec.gov/Archives/edgar/data/1971543/000119312525172182/d69057d8k.htm,2025-08-04,2025-08-04 08:04:43,https://www.sec.gov/Archives/edgar/data/1971543/0001193125-25-172182-index.html,Item 2.02; Item 9.01,Item 2.02; Item 9.01,ATM,Tier-1,https://www.sec.gov/Archives/edgar/data/1971543/000119312525172182/d69057d8k.htm,,Tier-1,2025-08-04,https://www.sec.gov/Archives/edgar/data/1971543/000119312525172182/d69057d8k.htm,https://www.sec.gov/Archives/edgar/data/1971543/0001193125-25-172182-index.html
MX,MAGNACHIP SEMICONDUCTOR Corp,0001325702,2025-08-08,ListingChange,Tier-1,https://www.sec.gov/Archives/edgar/data/1325702/000119312525177958/d49163d8k.htm,https://www.sec.gov/Archives/edgar/data/1325702/0001193125-25-177958-index.html,8-K,2025-08-11,2025-08-08,2025-08-08,0001193125-25-177958,https://www.sec.gov/Archives/edgar/data/1325702/000119312525177958/d49163d8k.htm,https://www.sec.gov/Archives/edgar/data/1325702/000119312525177958/d49163d8k.htm,2025-08-08,2025-08-11 16:20:35,https://www.sec.gov/Archives/edgar/data/1325702/0001193125-25-177958-index.html,Item 5.02; Item 7.01; Item 9.01,Item 5.02; Item 7.01; Item 9.01,ListingChange,Tier-1,https://www.sec.gov/Archives/edgar/data/1325702/000119312525177958/d49163d8k.htm,,Tier-1,2025-08-08,https://www.sec.gov/Archives/edgar/data/1325702/000119312525177958/d49163d8k.htm,https://www.sec.gov/Archives/edgar/data/1325702/0001193125-25-177958-index.html
MURA,Mural Oncology plc,0001971543,2025-08-20,ATM,Tier-1,https://www.sec.gov/Archives/edgar/data/1971543/000119312525183796/d947368d8k.htm,https://www.sec.gov/Archives/edgar/data/1971543/0001193125-25-183796-index.html,8-K,2025-08-20,2025-08-20,2025-08-20,0001193125-25-183796,https://www.sec.gov/Archives/edgar/data/1971543/000119312525183796/d947368d8k.htm,https://www.sec.gov/Archives/edgar/data/1971543/000119312525183796/d947368d8k.htm,2025-08-20,2025-08-20 08:50:42,https://www.sec.gov/Archives/edgar/data/1971543/0001193125-25-183796-index.html,Item 1.01; Item 7.01; Item 9.01,Item 1.01; Item 7.01; Item 9.01,ATM,Tier-1,https://www.sec.gov/Archives/edgar/data/1971543/000119312525183796/d947368d8k.htm,,Tier-1,2025-08-20,https://www.sec.gov/Archives/edgar/data/1971543/000119312525183796/d947368d8k.htm,https://www.sec.gov/Archives/edgar/data/1971543/0001193125-25-183796-index.html
MX,MAGNACHIP SEMICONDUCTOR Corp,0001325702,2025-11-03,ATM,Tier-1,https://www.sec.gov/Archives/edgar/data/1325702/000119312525262639/d36904d8k.htm,https://www.sec.gov/Archives/edgar/data/1325702/0001193125-25-262639-index.html,8-K,2025-11-03,2025-11-03,2025-11-03,0001193125-25-262639,https://www.sec.gov/Archives/edgar/data/1325702/000119312525262639/d36904d8k.htm,https://www.sec.gov/Archives/edgar/data/1325702/000119312525262639/d36904d8k.htm,2025-11-03,2025-11-03 16:30:24,https://www.sec.gov/Archives/edgar/data/1325702/0001193125-25-262639-index.html,Item 2.02; Item 9.01,Item 2.02; Item 9.01,ATM,Tier-1,https://www.sec.gov/Archives/edgar/data/1325702/000119312525262639/d36904d8k.htm,,Tier-1,2025-11-03,https://www.sec.gov/Archives/edgar/data/1325702/000119312525262639/d36904d8k.htm,https://www.sec.gov/Archives/edgar/data/1325702/0001193125-25-262639-index.html
MX,MAGNACHIP SEMICONDUCTOR Corp,0001325702,2025-07-31,ATM,Tier-1,https://www.sec.gov/Archives/edgar/data/1325702/000119312525170547/d914404d8k.htm,https://www.sec.gov/Archives/edgar/data/1325702/0001193125-25-170547-index.html,8-K,2025-07-31,2025-07-31,2025-07-31,0001193125-25-170547,https://www.sec.gov/Archives/edgar/data/1325702/000119312525170547/d914404d8k.htm,https://www.sec.gov/Archives/edgar/data/1325702/000119312525170547/d914404d8k.htm,2025-07-31,2025-07-31 16:21:25,https://www.sec.gov/Archives/edgar/data/1325702/0001193125-25-170547-index.html,Item 2.02; Item 9.01,Item 2.02; Item 9.01,ATM,Tier-1,https://www.sec.gov/Archives/edgar/data/1325702/000119312525170547/d914404d8k.htm,,Tier-1,2025-07-31,https://www.sec.gov/Archives/edgar/data/1325702/000119312525170547/d914404d8k.htm,https://www.sec.gov/Archives/edgar/data/1325702/0001193125-25-170547-index.html
NEO,NEOGENOMICS INC,0001077183,2025-10-28,ATM,Tier-1,https://www.sec.gov/Archives/edgar/data/1077183/000107718325000172/neo-20251028.htm,https://www.sec.gov/Archives/edgar/data/1077183/0001077183-25-000172-index.html,8-K,2025-10-28,2025-10-28,2025-10-28,0001077183-25-000172,https://www.sec.gov/Archives/edgar/data/1077183/000107718325000172/neo-20251028.htm,https://www.sec.gov/Archives/edgar/data/1077183/000107718325000172/neo-20251028.htm,2025-10-28,2025-10-28 07:09:29,https://www.sec.gov/Archives/edgar/data/1077183/0001077183-25-000172-index.html,Item 2.02; Item 9.01,Item 2.02; Item 9.01,ATM,Tier-1,https://www.sec.gov/Archives/edgar/data/1077183/000107718325000172/neo-20251028.htm,,Tier-1,2025-10-28,https://www.sec.gov/Archives/edgar/data/1077183/000107718325000172/neo-20251028.htm,https://www.sec.gov/Archives/edgar/data/1077183/0001077183-25-000172-index.html
NEO,NEOGENOMICS INC,0001077183,2025-06-19,ATM,Tier-1,https://www.sec.gov/Archives/edgar/data/1077183/000107718325000145/neo-20250619.htm,https://www.sec.gov/Archives/edgar/data/1077183/0001077183-25-000145-index.html,8-K,2025-06-24,2025-06-19,2025-06-19,0001077183-25-000145,https://www.sec.gov/Archives/edgar/data/1077183/000107718325000145/neo-20250619.htm,https://www.sec.gov/Archives/edgar/data/1077183/000107718325000145/neo-20250619.htm,2025-06-19,2025-06-24 07:10:30,https://www.sec.gov/Archives/edgar/data/1077183/0001077183-25-000145-index.html,Item 5.02; Item 7.01; Item 9.01,Item 5.02; Item 7.01; Item 9.01,ATM,Tier-1,https://www.sec.gov/Archives/edgar/data/1077183/000107718325000145/neo-20250619.htm,,Tier-1,2025-06-19,https://www.sec.gov/Archives/edgar/data/1077183/000107718325000145/neo-20250619.htm,https://www.sec.gov/Archives/edgar/data/1077183/0001077183-25-000145-index.html
NEUE,"NeueHealth, Inc.",0001671284,2025-09-26,ATM,Tier-1,https://www.sec.gov/Archives/edgar/data/1671284/000110465925095898/tm2527826d2_8k.htm,https://www.sec.gov/Archives/edgar/data/1671284/0001104659-25-095898-index.html,8-K,2025-10-02,2025-09-26,2025-09-26,0001104659-25-095898,https://www.sec.gov/Archives/edgar/data/1671284/000110465925095898/tm2527826d2_8k.htm,https://www.sec.gov/Archives/edgar/data/1671284/000110465925095898/tm2527826d2_8k.htm,2025-09-26,2025-10-02 09:26:12,https://www.sec.gov/Archives/edgar/data/1671284/0001104659-25-095898-index.html,Item 1.01; Item 2.01; Item 3.02; Item 3.03; Item 5.01; Item 7.01; Item 9.01,Item 1.01; Item 2.01; Item 3.02; Item 3.03; Item 5.01; Item 7.01; Item 9.01,ATM,Tier-1,https://www.sec.gov/Archives/edgar/data/1671284/000110465925095898/tm2527826d2_8k.htm,,Tier-1,2025-09-26,https://www.sec.gov/Archives/edgar/data/1671284/000110465925095898/tm2527826d2_8k.htm,https://www.sec.gov/Archives/edgar/data/1671284/0001104659-25-095898-index.html
NEO,NEOGENOMICS INC,0001077183,2025-07-29,ATM,Tier-1,https://www.sec.gov/Archives/edgar/data/1077183/000107718325000151/neo-20250729.htm,https://www.sec.gov/Archives/edgar/data/1077183/0001077183-25-000151-index.html,8-K,2025-07-29,2025-07-29,2025-07-29,0001077183-25-000151,https://www.sec.gov/Archives/edgar/data/1077183/000107718325000151/neo-20250729.htm,https://www.sec.gov/Archives/edgar/data/1077183/000107718325000151/neo-20250729.htm,2025-07-29,2025-07-29 07:08:17,https://www.sec.gov/Archives/edgar/data/1077183/0001077183-25-000151-index.html,Item 2.02; Item 9.01,Item 2.02; Item 9.01,ATM,Tier-1,https://www.sec.gov/Archives/edgar/data/1077183/000107718325000151/neo-20250729.htm,,Tier-1,2025-07-29,https://www.sec.gov/Archives/edgar/data/1077183/000107718325000151/neo-20250729.htm,https://www.sec.gov/Archives/edgar/data/1077183/0001077183-25-000151-index.html
NEUE,"NeueHealth, Inc.",0001671284,2025-08-07,ATM,Tier-1,https://www.sec.gov/Archives/edgar/data/1671284/000162828025038558/bhg-20250807.htm,https://www.sec.gov/Archives/edgar/data/1671284/0001628280-25-038558-index.html,8-K,2025-08-07,2025-08-07,2025-08-07,0001628280-25-038558,https://www.sec.gov/Archives/edgar/data/1671284/000162828025038558/bhg-20250807.htm,https://www.sec.gov/Archives/edgar/data/1671284/000162828025038558/bhg-20250807.htm,2025-08-07,2025-08-07 06:46:29,https://www.sec.gov/Archives/edgar/data/1671284/0001628280-25-038558-index.html,Item 2.02; Item 9.01,Item 2.02; Item 9.01,ATM,Tier-1,https://www.sec.gov/Archives/edgar/data/1671284/000162828025038558/bhg-20250807.htm,,Tier-1,2025-08-07,https://www.sec.gov/Archives/edgar/data/1671284/000162828025038558/bhg-20250807.htm,https://www.sec.gov/Archives/edgar/data/1671284/0001628280-25-038558-index.html
NFE,New Fortress Energy Inc.,0001749723,2025-08-19,ListingChange,Tier-1,https://www.sec.gov/Archives/edgar/data/1749723/000174972325000117/nfe-20250819.htm,https://www.sec.gov/Archives/edgar/data/1749723/0001749723-25-000117-index.html,8-K,2025-08-22,2025-08-19,2025-08-19,0001749723-25-000117,https://www.sec.gov/Archives/edgar/data/1749723/000174972325000117/nfe-20250819.htm,https://www.sec.gov/Archives/edgar/data/1749723/000174972325000117/nfe-20250819.htm,2025-08-19,2025-08-22 16:41:56,https://www.sec.gov/Archives/edgar/data/1749723/0001749723-25-000117-index.html,Item 3.01; Item 7.01,Item 3.01; Item 7.01,ListingChange,Tier-1,https://www.sec.gov/Archives/edgar/data/1749723/000174972325000117/nfe-20250819.htm,,Tier-1,2025-08-19,https://www.sec.gov/Archives/edgar/data/1749723/000174972325000117/nfe-20250819.htm,https://www.sec.gov/Archives/edgar/data/1749723/0001749723-25-000117-index.html
NFE,New Fortress Energy Inc.,0001749723,2025-09-05,ATM,Tier-1,https://www.sec.gov/Archives/edgar/data/1749723/000174972325000125/nfe-20250905.htm,https://www.sec.gov/Archives/edgar/data/1749723/0001749723-25-000125-index.html,8-K,2025-09-08,2025-09-05,2025-09-05,0001749723-25-000125,https://www.sec.gov/Archives/edgar/data/1749723/000174972325000125/nfe-20250905.htm,https://www.sec.gov/Archives/edgar/data/1749723/000174972325000125/nfe-20250905.htm,2025-09-05,2025-09-05 19:52:21,https://www.sec.gov/Archives/edgar/data/1749723/0001749723-25-000125-index.html,Item 9.01,Item 9.01,ATM,Tier-1,https://www.sec.gov/Archives/edgar/data/1749723/000174972325000125/nfe-20250905.htm,,Tier-1,2025-09-05,https://www.sec.gov/Archives/edgar/data/1749723/000174972325000125/nfe-20250905.htm,https://www.sec.gov/Archives/edgar/data/1749723/0001749723-25-000125-index.html
NHTC,NATURAL HEALTH TRENDS CORP,0000912061,2025-11-05,ListingChange,Tier-1,https://www.sec.gov/Archives/edgar/data/912061/000143774925033150/nhtc20250731_8k.htm,https://www.sec.gov/Archives/edgar/data/912061/0001437749-25-033150-index.html,8-K,2025-11-05,2025-11-05,2025-11-05,0001437749-25-033150,https://www.sec.gov/Archives/edgar/data/912061/000143774925033150/nhtc20250731_8k.htm,https://www.sec.gov/Archives/edgar/data/912061/000143774925033150/nhtc20250731_8k.htm,2025-11-05,2025-11-05 09:10:09,https://www.sec.gov/Archives/edgar/data/912061/0001437749-25-033150-index.html,Item 2.02; Item 9.01,Item 2.02; Item 9.01,ListingChange,Tier-1,https://www.sec.gov/Archives/edgar/data/912061/000143774925033150/nhtc20250731_8k.htm,,Tier-1,2025-11-05,https://www.sec.gov/Archives/edgar/data/912061/000143774925033150/nhtc20250731_8k.htm,https://www.sec.gov/Archives/edgar/data/912061/0001437749-25-033150-index.html
NFE,New Fortress Energy Inc.,0001749723,2025-06-18,ATM,Tier-1,https://www.sec.gov/Archives/edgar/data/1749723/000174972325000081/nfe-20250618.htm,https://www.sec.gov/Archives/edgar/data/1749723/0001749723-25-000081-index.html,8-K,2025-06-18,2025-06-18,2025-06-18,0001749723-25-000081,https://www.sec.gov/Archives/edgar/data/1749723/000174972325000081/nfe-20250618.htm,https://www.sec.gov/Archives/edgar/data/1749723/000174972325000081/nfe-20250618.htm,2025-06-18,2025-06-18 17:16:38,https://www.sec.gov/Archives/edgar/data/1749723/0001749723-25-000081-index.html,Item 2.02; Item 9.01,Item 2.02; Item 9.01,ATM,Tier-1,https://www.sec.gov/Archives/edgar/data/1749723/000174972325000081/nfe-20250618.htm,,Tier-1,2025-06-18,https://www.sec.gov/Archives/edgar/data/1749723/000174972325000081/nfe-20250618.htm,https://www.sec.gov/Archives/edgar/data/1749723/0001749723-25-000081-index.html
NKTX,"Nkarta, Inc.",0001787400,2025-11-10,ATM,Tier-1,https://www.sec.gov/Archives/edgar/data/1787400/000119312525274261/nktx-20251110.htm,https://www.sec.gov/Archives/edgar/data/1787400/0001193125-25-274261-index.html,8-K,2025-11-10,2025-11-10,2025-11-10,0001193125-25-274261,https://www.sec.gov/Archives/edgar/data/1787400/000119312525274261/nktx-20251110.htm,https://www.sec.gov/Archives/edgar/data/1787400/000119312525274261/nktx-20251110.htm,2025-11-10,2025-11-10 16:13:36,https://www.sec.gov/Archives/edgar/data/1787400/0001193125-25-274261-index.html,Item 2.02; Item 9.01,Item 2.02; Item 9.01,ATM,Tier-1,https://www.sec.gov/Archives/edgar/data/1787400/000119312525274261/nktx-20251110.htm,,Tier-1,2025-11-10,https://www.sec.gov/Archives/edgar/data/1787400/000119312525274261/nktx-20251110.htm,https://www.sec.gov/Archives/edgar/data/1787400/0001193125-25-274261-index.html
NKTX,"Nkarta, Inc.",0001787400,2025-06-03,ATM,Tier-1,https://www.sec.gov/Archives/edgar/data/1787400/000095017025082717/nktx-20250603.htm,https://www.sec.gov/Archives/edgar/data/1787400/0000950170-25-082717-index.html,8-K,2025-06-06,2025-06-03,2025-06-03,0000950170-25-082717,https://www.sec.gov/Archives/edgar/data/1787400/000095017025082717/nktx-20250603.htm,https://www.sec.gov/Archives/edgar/data/1787400/000095017025082717/nktx-20250603.htm,2025-06-03,2025-06-06 09:17:27,https://www.sec.gov/Archives/edgar/data/1787400/0000950170-25-082717-index.html,Item 5.02; Item 5.07; Item 7.01; Item 9.01,Item 5.02; Item 5.07; Item 7.01; Item 9.01,ATM,Tier-1,https://www.sec.gov/Archives/edgar/data/1787400/000095017025082717/nktx-20250603.htm,,Tier-1,2025-06-03,https://www.sec.gov/Archives/edgar/data/1787400/000095017025082717/nktx-20250603.htm,https://www.sec.gov/Archives/edgar/data/1787400/0000950170-25-082717-index.html
NKTX,"Nkarta, Inc.",0001787400,2025-08-12,ATM,Tier-1,https://www.sec.gov/Archives/edgar/data/1787400/000119312525178949/nktx-20250812.htm,https://www.sec.gov/Archives/edgar/data/1787400/0001193125-25-178949-index.html,8-K,2025-08-12,2025-08-12,2025-08-12,0001193125-25-178949,https://www.sec.gov/Archives/edgar/data/1787400/000119312525178949/nktx-20250812.htm,https://www.sec.gov/Archives/edgar/data/1787400/000119312525178949/nktx-20250812.htm,2025-08-12,2025-08-12 16:08:09,https://www.sec.gov/Archives/edgar/data/1787400/0001193125-25-178949-index.html,Item 2.02; Item 9.01,Item 2.02; Item 9.01,ATM,Tier-1,https://www.sec.gov/Archives/edgar/data/1787400/000119312525178949/nktx-20250812.htm,,Tier-1,2025-08-12,https://www.sec.gov/Archives/edgar/data/1787400/000119312525178949/nktx-20250812.htm,https://www.sec.gov/Archives/edgar/data/1787400/0001193125-25-178949-index.html
NHTC,NATURAL HEALTH TRENDS CORP,0000912061,2025-07-30,ListingChange,Tier-1,https://www.sec.gov/Archives/edgar/data/912061/000143774925023869/nhtc20250507_8k.htm,https://www.sec.gov/Archives/edgar/data/912061/0001437749-25-023869-index.html,8-K,2025-07-30,2025-07-30,2025-07-30,0001437749-25-023869,https://www.sec.gov/Archives/edgar/data/912061/000143774925023869/nhtc20250507_8k.htm,https://www.sec.gov/Archives/edgar/data/912061/000143774925023869/nhtc20250507_8k.htm,2025-07-30,2025-07-30 09:10:20,https://www.sec.gov/Archives/edgar/data/912061/0001437749-25-023869-index.html,Item 2.02; Item 9.01,Item 2.02; Item 9.01,ListingChange,Tier-1,https://www.sec.gov/Archives/edgar/data/912061/000143774925023869/nhtc20250507_8k.htm,,Tier-1,2025-07-30,https://www.sec.gov/Archives/edgar/data/912061/000143774925023869/nhtc20250507_8k.htm,https://www.sec.gov/Archives/edgar/data/912061/0001437749-25-023869-index.html
NMP,NMP Acquisition Corp.,0002054876,2025-08-28,ATM,Tier-1,https://www.sec.gov/Archives/edgar/data/2054876/000121390025081879/ea0255036-8k_nmpacq.htm,https://www.sec.gov/Archives/edgar/data/2054876/0001213900-25-081879-index.html,8-K,2025-08-28,2025-08-28,2025-08-28,0001213900-25-081879,https://www.sec.gov/Archives/edgar/data/2054876/000121390025081879/ea0255036-8k_nmpacq.htm,https://www.sec.gov/Archives/edgar/data/2054876/000121390025081879/ea0255036-8k_nmpacq.htm,2025-08-28,2025-08-28 17:15:27,https://www.sec.gov/Archives/edgar/data/2054876/0001213900-25-081879-index.html,Item 8.01; Item 9.01,Item 8.01; Item 9.01,ATM,Tier-1,https://www.sec.gov/Archives/edgar/data/2054876/000121390025081879/ea0255036-8k_nmpacq.htm,,Tier-1,2025-08-28,https://www.sec.gov/Archives/edgar/data/2054876/000121390025081879/ea0255036-8k_nmpacq.htm,https://www.sec.gov/Archives/edgar/data/2054876/0001213900-25-081879-index.html
NMP,NMP Acquisition Corp.,0002054876,2025-07-10,ATM,Tier-1,https://www.sec.gov/Archives/edgar/data/2054876/000121390025062837/ea0248603-8k_nmpacq.htm,https://www.sec.gov/Archives/edgar/data/2054876/0001213900-25-062837-index.html,8-K,2025-07-10,2025-07-10,2025-07-10,0001213900-25-062837,https://www.sec.gov/Archives/edgar/data/2054876/000121390025062837/ea0248603-8k_nmpacq.htm,https://www.sec.gov/Archives/edgar/data/2054876/000121390025062837/ea0248603-8k_nmpacq.htm,2025-07-10,2025-07-10 16:45:56,https://www.sec.gov/Archives/edgar/data/2054876/0001213900-25-062837-index.html,Item 3.02; Item 8.01; Item 9.01,Item 3.02; Item 8.01; Item 9.01,ATM,Tier-1,https://www.sec.gov/Archives/edgar/data/2054876/000121390025062837/ea0248603-8k_nmpacq.htm,,Tier-1,2025-07-10,https://www.sec.gov/Archives/edgar/data/2054876/000121390025062837/ea0248603-8k_nmpacq.htm,https://www.sec.gov/Archives/edgar/data/2054876/0001213900-25-062837-index.html
NMP,NMP Acquisition Corp.,0002054876,2025-07-02,ATM,Tier-1,https://www.sec.gov/Archives/edgar/data/2054876/000121390025062419/ea0248213-8k_nmpacq.htm,https://www.sec.gov/Archives/edgar/data/2054876/0001213900-25-062419-index.html,8-K,2025-07-09,2025-07-02,2025-07-02,0001213900-25-062419,https://www.sec.gov/Archives/edgar/data/2054876/000121390025062419/ea0248213-8k_nmpacq.htm,https://www.sec.gov/Archives/edgar/data/2054876/000121390025062419/ea0248213-8k_nmpacq.htm,2025-07-02,2025-07-09 17:19:54,https://www.sec.gov/Archives/edgar/data/2054876/0001213900-25-062419-index.html,Item 8.01; Item 9.01,Item 8.01; Item 9.01,ATM,Tier-1,https://www.sec.gov/Archives/edgar/data/2054876/000121390025062419/ea0248213-8k_nmpacq.htm,,Tier-1,2025-07-02,https://www.sec.gov/Archives/edgar/data/2054876/000121390025062419/ea0248213-8k_nmpacq.htm,https://www.sec.gov/Archives/edgar/data/2054876/0001213900-25-062419-index.html
NPAC,New Providence Acquisition Corp. III/Cayman,0002048948,2025-06-11,ATM,Tier-1,https://www.sec.gov/Archives/edgar/data/2048948/000121390025053893/ea0245277-8k_newpro3.htm,https://www.sec.gov/Archives/edgar/data/2048948/0001213900-25-053893-index.html,8-K,2025-06-12,2025-06-11,2025-06-11,0001213900-25-053893,https://www.sec.gov/Archives/edgar/data/2048948/000121390025053893/ea0245277-8k_newpro3.htm,https://www.sec.gov/Archives/edgar/data/2048948/000121390025053893/ea0245277-8k_newpro3.htm,2025-06-11,2025-06-12 17:00:52,https://www.sec.gov/Archives/edgar/data/2048948/0001213900-25-053893-index.html,Item 8.01; Item 9.01,Item 8.01; Item 9.01,ATM,Tier-1,https://www.sec.gov/Archives/edgar/data/2048948/000121390025053893/ea0245277-8k_newpro3.htm,,Tier-1,2025-06-11,https://www.sec.gov/Archives/edgar/data/2048948/000121390025053893/ea0245277-8k_newpro3.htm,https://www.sec.gov/Archives/edgar/data/2048948/0001213900-25-053893-index.html
NUKK,Nukkleus Inc.,0001787518,2025-11-28,ATM,Tier-1,https://www.sec.gov/Archives/edgar/data/1787518/000121390025115927/ea0267549-8k_nukkleus.htm,https://www.sec.gov/Archives/edgar/data/1787518/0001213900-25-115927-index.html,8-K,2025-11-28,2025-11-28,2025-11-28,0001213900-25-115927,https://www.sec.gov/Archives/edgar/data/1787518/000121390025115927/ea0267549-8k_nukkleus.htm,https://www.sec.gov/Archives/edgar/data/1787518/000121390025115927/ea0267549-8k_nukkleus.htm,2025-11-28,2025-11-28 13:05:35,https://www.sec.gov/Archives/edgar/data/1787518/0001213900-25-115927-index.html,Item 7.01; Item 8.01; Item 9.01,Item 7.01; Item 8.01; Item 9.01,ATM,Tier-1,https://www.sec.gov/Archives/edgar/data/1787518/000121390025115927/ea0267549-8k_nukkleus.htm,,Tier-1,2025-11-28,https://www.sec.gov/Archives/edgar/data/1787518/000121390025115927/ea0267549-8k_nukkleus.htm,https://www.sec.gov/Archives/edgar/data/1787518/0001213900-25-115927-index.html
NMP,NMP Acquisition Corp.,0002054876,2025-06-30,ATM,Tier-1,https://www.sec.gov/Archives/edgar/data/2054876/000121390025061598/ea0248118-8k_nmpacq.htm,https://www.sec.gov/Archives/edgar/data/2054876/0001213900-25-061598-index.html,8-K,2025-07-07,2025-06-30,2025-06-30,0001213900-25-061598,https://www.sec.gov/Archives/edgar/data/2054876/000121390025061598/ea0248118-8k_nmpacq.htm,https://www.sec.gov/Archives/edgar/data/2054876/000121390025061598/ea0248118-8k_nmpacq.htm,2025-06-30,2025-07-03 20:21:14,https://www.sec.gov/Archives/edgar/data/2054876/0001213900-25-061598-index.html,Item 1.01; Item 3.02; Item 8.01; Item 9.01,Item 1.01; Item 3.02; Item 8.01; Item 9.01,ATM,Tier-1,https://www.sec.gov/Archives/edgar/data/2054876/000121390025061598/ea0248118-8k_nmpacq.htm,,Tier-1,2025-06-30,https://www.sec.gov/Archives/edgar/data/2054876/000121390025061598/ea0248118-8k_nmpacq.htm,https://www.sec.gov/Archives/edgar/data/2054876/0001213900-25-061598-index.html
NUKK,Nukkleus Inc.,0001787518,2025-11-26,ATM,Tier-1,https://www.sec.gov/Archives/edgar/data/1787518/000121390025115113/ea0267370-8k_nukkleus.htm,https://www.sec.gov/Archives/edgar/data/1787518/0001213900-25-115113-index.html,8-K,2025-11-26,2025-11-26,2025-11-26,0001213900-25-115113,https://www.sec.gov/Archives/edgar/data/1787518/000121390025115113/ea0267370-8k_nukkleus.htm,https://www.sec.gov/Archives/edgar/data/1787518/000121390025115113/ea0267370-8k_nukkleus.htm,2025-11-26,2025-11-26 09:00:24,https://www.sec.gov/Archives/edgar/data/1787518/0001213900-25-115113-index.html,Item 7.01; Item 8.01; Item 9.01,Item 7.01; Item 8.01; Item 9.01,ATM,Tier-1,https://www.sec.gov/Archives/edgar/data/1787518/000121390025115113/ea0267370-8k_nukkleus.htm,,Tier-1,2025-11-26,https://www.sec.gov/Archives/edgar/data/1787518/000121390025115113/ea0267370-8k_nukkleus.htm,https://www.sec.gov/Archives/edgar/data/1787518/0001213900-25-115113-index.html
NUKK,Nukkleus Inc.,0001787518,2025-11-25,ATM,Tier-1,https://www.sec.gov/Archives/edgar/data/1787518/000121390025114869/ea0266864-8k_nukkleus.htm,https://www.sec.gov/Archives/edgar/data/1787518/0001213900-25-114869-index.html,8-K,2025-11-25,2025-11-25,2025-11-25,0001213900-25-114869,https://www.sec.gov/Archives/edgar/data/1787518/000121390025114869/ea0266864-8k_nukkleus.htm,https://www.sec.gov/Archives/edgar/data/1787518/000121390025114869/ea0266864-8k_nukkleus.htm,2025-11-25,2025-11-25 17:28:26,https://www.sec.gov/Archives/edgar/data/1787518/0001213900-25-114869-index.html,Item 8.01; Item 9.01,Item 8.01; Item 9.01,ATM,Tier-1,https://www.sec.gov/Archives/edgar/data/1787518/000121390025114869/ea0266864-8k_nukkleus.htm,,Tier-1,2025-11-25,https://www.sec.gov/Archives/edgar/data/1787518/000121390025114869/ea0266864-8k_nukkleus.htm,https://www.sec.gov/Archives/edgar/data/1787518/0001213900-25-114869-index.html
NUKK,Nukkleus Inc.,0001787518,2025-11-25,ContractAward,Tier-1,https://www.sec.gov/Archives/edgar/data/1787518/000121390025114436/ea0267122-8k_nukkleus.htm,https://www.sec.gov/Archives/edgar/data/1787518/0001213900-25-114436-index.html,8-K,2025-11-25,2025-11-25,2025-11-25,0001213900-25-114436,https://www.sec.gov/Archives/edgar/data/1787518/000121390025114436/ea0267122-8k_nukkleus.htm,https://www.sec.gov/Archives/edgar/data/1787518/000121390025114436/ea0267122-8k_nukkleus.htm,2025-11-25,2025-11-25 09:28:56,https://www.sec.gov/Archives/edgar/data/1787518/0001213900-25-114436-index.html,Item 8.01; Item 9.01,Item 8.01; Item 9.01,ContractAward,Tier-1,https://www.sec.gov/Archives/edgar/data/1787518/000121390025114436/ea0267122-8k_nukkleus.htm,,Tier-1,2025-11-25,https://www.sec.gov/Archives/edgar/data/1787518/000121390025114436/ea0267122-8k_nukkleus.htm,https://www.sec.gov/Archives/edgar/data/1787518/0001213900-25-114436-index.html
NUKK,Nukkleus Inc.,0001787518,2025-10-17,ATM,Tier-1,https://www.sec.gov/Archives/edgar/data/1787518/000121390025099738/ea0261015-8k_nukkleus.htm,https://www.sec.gov/Archives/edgar/data/1787518/0001213900-25-099738-index.html,8-K,2025-10-17,2025-10-17,2025-10-17,0001213900-25-099738,https://www.sec.gov/Archives/edgar/data/1787518/000121390025099738/ea0261015-8k_nukkleus.htm,https://www.sec.gov/Archives/edgar/data/1787518/000121390025099738/ea0261015-8k_nukkleus.htm,2025-10-17,2025-10-17 09:21:34,https://www.sec.gov/Archives/edgar/data/1787518/0001213900-25-099738-index.html,Item 7.01; Item 9.01,Item 7.01; Item 9.01,ATM,Tier-1,https://www.sec.gov/Archives/edgar/data/1787518/000121390025099738/ea0261015-8k_nukkleus.htm,,Tier-1,2025-10-17,https://www.sec.gov/Archives/edgar/data/1787518/000121390025099738/ea0261015-8k_nukkleus.htm,https://www.sec.gov/Archives/edgar/data/1787518/0001213900-25-099738-index.html
NUKK,Nukkleus Inc.,0001787518,2025-09-26,ATM,Tier-1,https://www.sec.gov/Archives/edgar/data/1787518/000121390025092677/ea0259120-8k_nukkleus.htm,https://www.sec.gov/Archives/edgar/data/1787518/0001213900-25-092677-index.html,8-K,2025-09-29,2025-09-26,2025-09-26,0001213900-25-092677,https://www.sec.gov/Archives/edgar/data/1787518/000121390025092677/ea0259120-8k_nukkleus.htm,https://www.sec.gov/Archives/edgar/data/1787518/000121390025092677/ea0259120-8k_nukkleus.htm,2025-09-26,2025-09-29 09:29:07,https://www.sec.gov/Archives/edgar/data/1787518/0001213900-25-092677-index.html,Item 8.01; Item 9.01,Item 8.01; Item 9.01,ATM,Tier-1,https://www.sec.gov/Archives/edgar/data/1787518/000121390025092677/ea0259120-8k_nukkleus.htm,,Tier-1,2025-09-26,https://www.sec.gov/Archives/edgar/data/1787518/000121390025092677/ea0259120-8k_nukkleus.htm,https://www.sec.gov/Archives/edgar/data/1787518/0001213900-25-092677-index.html
NUKK,Nukkleus Inc.,0001787518,2025-09-19,ATM,Tier-1,https://www.sec.gov/Archives/edgar/data/1787518/000121390025089259/ea0257982-8k_nukkleus.htm,https://www.sec.gov/Archives/edgar/data/1787518/0001213900-25-089259-index.html,8-K,2025-09-19,2025-09-19,2025-09-19,0001213900-25-089259,https://www.sec.gov/Archives/edgar/data/1787518/000121390025089259/ea0257982-8k_nukkleus.htm,https://www.sec.gov/Archives/edgar/data/1787518/000121390025089259/ea0257982-8k_nukkleus.htm,2025-09-19,2025-09-19 09:30:15,https://www.sec.gov/Archives/edgar/data/1787518/0001213900-25-089259-index.html,Item 1.01; Item 3.02; Item 8.01; Item 9.01,Item 1.01; Item 3.02; Item 8.01; Item 9.01,ATM,Tier-1,https://www.sec.gov/Archives/edgar/data/1787518/000121390025089259/ea0257982-8k_nukkleus.htm,,Tier-1,2025-09-19,https://www.sec.gov/Archives/edgar/data/1787518/000121390025089259/ea0257982-8k_nukkleus.htm,https://www.sec.gov/Archives/edgar/data/1787518/0001213900-25-089259-index.html
NUKK,Nukkleus Inc.,0001787518,2025-09-15,ATM,Tier-1,https://www.sec.gov/Archives/edgar/data/1787518/000121390025087962/ea0257387-8k_nukkleus.htm,https://www.sec.gov/Archives/edgar/data/1787518/0001213900-25-087962-index.html,8-K,2025-09-16,2025-09-15,2025-09-15,0001213900-25-087962,https://www.sec.gov/Archives/edgar/data/1787518/000121390025087962/ea0257387-8k_nukkleus.htm,https://www.sec.gov/Archives/edgar/data/1787518/000121390025087962/ea0257387-8k_nukkleus.htm,2025-09-15,2025-09-16 09:29:26,https://www.sec.gov/Archives/edgar/data/1787518/0001213900-25-087962-index.html,Item 1.01; Item 8.01; Item 9.01,Item 1.01; Item 8.01; Item 9.01,ATM,Tier-1,https://www.sec.gov/Archives/edgar/data/1787518/000121390025087962/ea0257387-8k_nukkleus.htm,,Tier-1,2025-09-15,https://www.sec.gov/Archives/edgar/data/1787518/000121390025087962/ea0257387-8k_nukkleus.htm,https://www.sec.gov/Archives/edgar/data/1787518/0001213900-25-087962-index.html
NXXT,"NEXTNRG, INC.",0001817004,2025-11-24,Financing,Tier-1,https://www.sec.gov/Archives/edgar/data/1817004/000149315225025382/form8-k.htm,https://www.sec.gov/Archives/edgar/data/1817004/0001493152-25-025382-index.html,8-K,2025-11-28,2025-11-24,2025-11-24,0001493152-25-025382,https://www.sec.gov/Archives/edgar/data/1817004/000149315225025382/form8-k.htm,https://www.sec.gov/Archives/edgar/data/1817004/000149315225025382/form8-k.htm,2025-11-24,2025-11-28 16:05:55,https://www.sec.gov/Archives/edgar/data/1817004/0001493152-25-025382-index.html,Item 9.01,Item 9.01,Financing,Tier-1,https://www.sec.gov/Archives/edgar/data/1817004/000149315225025382/form8-k.htm,,Tier-1,2025-11-24,https://www.sec.gov/Archives/edgar/data/1817004/000149315225025382/form8-k.htm,https://www.sec.gov/Archives/edgar/data/1817004/0001493152-25-025382-index.html
NXXT,"NEXTNRG, INC.",0001817004,2025-11-17,Financing,Tier-1,https://www.sec.gov/Archives/edgar/data/1817004/000149315225024405/form8-k.htm,https://www.sec.gov/Archives/edgar/data/1817004/0001493152-25-024405-index.html,8-K,2025-11-20,2025-11-17,2025-11-17,0001493152-25-024405,https://www.sec.gov/Archives/edgar/data/1817004/000149315225024405/form8-k.htm,https://www.sec.gov/Archives/edgar/data/1817004/000149315225024405/form8-k.htm,2025-11-17,2025-11-20 09:15:26,https://www.sec.gov/Archives/edgar/data/1817004/0001493152-25-024405-index.html,Item 9.01,Item 9.01,Financing,Tier-1,https://www.sec.gov/Archives/edgar/data/1817004/000149315225024405/form8-k.htm,,Tier-1,2025-11-17,https://www.sec.gov/Archives/edgar/data/1817004/000149315225024405/form8-k.htm,https://www.sec.gov/Archives/edgar/data/1817004/0001493152-25-024405-index.html
NUKK,Nukkleus Inc.,0001787518,2025-09-04,ATM,Tier-1,https://www.sec.gov/Archives/edgar/data/1787518/000121390025084752/ea0256178-8k_nukkleus.htm,https://www.sec.gov/Archives/edgar/data/1787518/0001213900-25-084752-index.html,8-K,2025-09-05,2025-09-04,2025-09-04,0001213900-25-084752,https://www.sec.gov/Archives/edgar/data/1787518/000121390025084752/ea0256178-8k_nukkleus.htm,https://www.sec.gov/Archives/edgar/data/1787518/000121390025084752/ea0256178-8k_nukkleus.htm,2025-09-04,2025-09-05 09:31:10,https://www.sec.gov/Archives/edgar/data/1787518/0001213900-25-084752-index.html,Item 1.01; Item 3.02; Item 7.01; Item 9.01,Item 1.01; Item 3.02; Item 7.01; Item 9.01,ATM,Tier-1,https://www.sec.gov/Archives/edgar/data/1787518/000121390025084752/ea0256178-8k_nukkleus.htm,,Tier-1,2025-09-04,https://www.sec.gov/Archives/edgar/data/1787518/000121390025084752/ea0256178-8k_nukkleus.htm,https://www.sec.gov/Archives/edgar/data/1787518/0001213900-25-084752-index.html
NXXT,"NEXTNRG, INC.",0001817004,2025-11-17,ListingChange,Tier-1,https://www.sec.gov/Archives/edgar/data/1817004/000149315225023764/form8-k.htm,https://www.sec.gov/Archives/edgar/data/1817004/0001493152-25-023764-index.html,8-K,2025-11-17,2025-11-17,2025-11-17,0001493152-25-023764,https://www.sec.gov/Archives/edgar/data/1817004/000149315225023764/form8-k.htm,https://www.sec.gov/Archives/edgar/data/1817004/000149315225023764/form8-k.htm,2025-11-17,2025-11-17 08:00:51,https://www.sec.gov/Archives/edgar/data/1817004/0001493152-25-023764-index.html,Item 2.02; Item 9.01,Item 2.02; Item 9.01,ListingChange,Tier-1,https://www.sec.gov/Archives/edgar/data/1817004/000149315225023764/form8-k.htm,,Tier-1,2025-11-17,https://www.sec.gov/Archives/edgar/data/1817004/000149315225023764/form8-k.htm,https://www.sec.gov/Archives/edgar/data/1817004/0001493152-25-023764-index.html
NXXT,"NEXTNRG, INC.",0001817004,2025-11-14,ATM,Tier-1,https://www.sec.gov/Archives/edgar/data/1817004/000149315225023590/form8-k.htm,https://www.sec.gov/Archives/edgar/data/1817004/0001493152-25-023590-index.html,8-K,2025-11-14,2025-11-14,2025-11-14,0001493152-25-023590,https://www.sec.gov/Archives/edgar/data/1817004/000149315225023590/form8-k.htm,https://www.sec.gov/Archives/edgar/data/1817004/000149315225023590/form8-k.htm,2025-11-14,2025-11-14 16:45:33,https://www.sec.gov/Archives/edgar/data/1817004/0001493152-25-023590-index.html,Item 1.01; Item 9.01,Item 1.01; Item 9.01,ATM,Tier-1,https://www.sec.gov/Archives/edgar/data/1817004/000149315225023590/form8-k.htm,,Tier-1,2025-11-14,https://www.sec.gov/Archives/edgar/data/1817004/000149315225023590/form8-k.htm,https://www.sec.gov/Archives/edgar/data/1817004/0001493152-25-023590-index.html
NXXT,"NEXTNRG, INC.",0001817004,2025-10-24,ATM,Tier-1,https://www.sec.gov/Archives/edgar/data/1817004/000149315225019307/form8-k.htm,https://www.sec.gov/Archives/edgar/data/1817004/0001493152-25-019307-index.html,8-K,2025-10-24,2025-10-24,2025-10-24,0001493152-25-019307,https://www.sec.gov/Archives/edgar/data/1817004/000149315225019307/form8-k.htm,https://www.sec.gov/Archives/edgar/data/1817004/000149315225019307/form8-k.htm,2025-10-24,2025-10-24 16:30:34,https://www.sec.gov/Archives/edgar/data/1817004/0001493152-25-019307-index.html,Item 1.01,Item 1.01,ATM,Tier-1,https://www.sec.gov/Archives/edgar/data/1817004/000149315225019307/form8-k.htm,,Tier-1,2025-10-24,https://www.sec.gov/Archives/edgar/data/1817004/000149315225019307/form8-k.htm,https://www.sec.gov/Archives/edgar/data/1817004/0001493152-25-019307-index.html
NXXT,"NEXTNRG, INC.",0001817004,2025-10-09,ATM,Tier-1,https://www.sec.gov/Archives/edgar/data/1817004/000149315225017615/form8-k.htm,https://www.sec.gov/Archives/edgar/data/1817004/0001493152-25-017615-index.html,8-K,2025-10-09,2025-10-09,2025-10-09,0001493152-25-017615,https://www.sec.gov/Archives/edgar/data/1817004/000149315225017615/form8-k.htm,https://www.sec.gov/Archives/edgar/data/1817004/000149315225017615/form8-k.htm,2025-10-09,2025-10-09 16:30:47,https://www.sec.gov/Archives/edgar/data/1817004/0001493152-25-017615-index.html,Item 1.01,Item 1.01,ATM,Tier-1,https://www.sec.gov/Archives/edgar/data/1817004/000149315225017615/form8-k.htm,,Tier-1,2025-10-09,https://www.sec.gov/Archives/edgar/data/1817004/000149315225017615/form8-k.htm,https://www.sec.gov/Archives/edgar/data/1817004/0001493152-25-017615-index.html
NXXT,"NEXTNRG, INC.",0001817004,2025-09-18,Financing,Tier-1,https://www.sec.gov/Archives/edgar/data/1817004/000149315225014161/form8-k.htm,https://www.sec.gov/Archives/edgar/data/1817004/0001493152-25-014161-index.html,8-K,2025-09-19,2025-09-18,2025-09-18,0001493152-25-014161,https://www.sec.gov/Archives/edgar/data/1817004/000149315225014161/form8-k.htm,https://www.sec.gov/Archives/edgar/data/1817004/000149315225014161/form8-k.htm,2025-09-18,2025-09-19 09:15:34,https://www.sec.gov/Archives/edgar/data/1817004/0001493152-25-014161-index.html,Item 9.01,Item 9.01,Financing,Tier-1,https://www.sec.gov/Archives/edgar/data/1817004/000149315225014161/form8-k.htm,,Tier-1,2025-09-18,https://www.sec.gov/Archives/edgar/data/1817004/000149315225014161/form8-k.htm,https://www.sec.gov/Archives/edgar/data/1817004/0001493152-25-014161-index.html
NXXT,"NEXTNRG, INC.",0001817004,2025-09-10,ListingChange,Tier-1,https://www.sec.gov/Archives/edgar/data/1817004/000149315225012960/form8-k.htm,https://www.sec.gov/Archives/edgar/data/1817004/0001493152-25-012960-index.html,8-K,2025-09-10,2025-09-10,2025-09-10,0001493152-25-012960,https://www.sec.gov/Archives/edgar/data/1817004/000149315225012960/form8-k.htm,https://www.sec.gov/Archives/edgar/data/1817004/000149315225012960/form8-k.htm,2025-09-10,2025-09-10 09:00:26,https://www.sec.gov/Archives/edgar/data/1817004/0001493152-25-012960-index.html,Item 9.01,Item 9.01,ListingChange,Tier-1,https://www.sec.gov/Archives/edgar/data/1817004/000149315225012960/form8-k.htm,,Tier-1,2025-09-10,https://www.sec.gov/Archives/edgar/data/1817004/000149315225012960/form8-k.htm,https://www.sec.gov/Archives/edgar/data/1817004/0001493152-25-012960-index.html
OBA,Oxley Bridge Acquisition Ltd,0002034313,2025-08-12,ATM,Tier-1,https://www.sec.gov/Archives/edgar/data/2034313/000121390025074993/ea0252873-8k_oxley.htm,https://www.sec.gov/Archives/edgar/data/2034313/0001213900-25-074993-index.html,8-K,2025-08-12,2025-08-12,2025-08-12,0001213900-25-074993,https://www.sec.gov/Archives/edgar/data/2034313/000121390025074993/ea0252873-8k_oxley.htm,https://www.sec.gov/Archives/edgar/data/2034313/000121390025074993/ea0252873-8k_oxley.htm,2025-08-12,2025-08-12 16:30:53,https://www.sec.gov/Archives/edgar/data/2034313/0001213900-25-074993-index.html,Item 8.01; Item 9.01,Item 8.01; Item 9.01,ATM,Tier-1,https://www.sec.gov/Archives/edgar/data/2034313/000121390025074993/ea0252873-8k_oxley.htm,,Tier-1,2025-08-12,https://www.sec.gov/Archives/edgar/data/2034313/000121390025074993/ea0252873-8k_oxley.htm,https://www.sec.gov/Archives/edgar/data/2034313/0001213900-25-074993-index.html
NXXT,"NEXTNRG, INC.",0001817004,2025-09-09,ATM,Tier-1,https://www.sec.gov/Archives/edgar/data/1817004/000149315225012924/form8-k.htm,https://www.sec.gov/Archives/edgar/data/1817004/0001493152-25-012924-index.html,8-K,2025-09-09,2025-09-09,2025-09-09,0001493152-25-012924,https://www.sec.gov/Archives/edgar/data/1817004/000149315225012924/form8-k.htm,https://www.sec.gov/Archives/edgar/data/1817004/000149315225012924/form8-k.htm,2025-09-09,2025-09-09 17:20:12,https://www.sec.gov/Archives/edgar/data/1817004/0001493152-25-012924-index.html,Item 1.01; Item 9.01,Item 1.01; Item 9.01,ATM,Tier-1,https://www.sec.gov/Archives/edgar/data/1817004/000149315225012924/form8-k.htm,,Tier-1,2025-09-09,https://www.sec.gov/Archives/edgar/data/1817004/000149315225012924/form8-k.htm,https://www.sec.gov/Archives/edgar/data/1817004/0001493152-25-012924-index.html
OBA,Oxley Bridge Acquisition Ltd,0002034313,2025-07-02,ATM,Tier-1,https://www.sec.gov/Archives/edgar/data/2034313/000121390025061096/ea0247812-8k_oxley.htm,https://www.sec.gov/Archives/edgar/data/2034313/0001213900-25-061096-index.html,8-K,2025-07-02,2025-07-02,2025-07-02,0001213900-25-061096,https://www.sec.gov/Archives/edgar/data/2034313/000121390025061096/ea0247812-8k_oxley.htm,https://www.sec.gov/Archives/edgar/data/2034313/000121390025061096/ea0247812-8k_oxley.htm,2025-07-02,2025-07-02 17:21:00,https://www.sec.gov/Archives/edgar/data/2034313/0001213900-25-061096-index.html,Item 8.01; Item 9.01,Item 8.01; Item 9.01,ATM,Tier-1,https://www.sec.gov/Archives/edgar/data/2034313/000121390025061096/ea0247812-8k_oxley.htm,,Tier-1,2025-07-02,https://www.sec.gov/Archives/edgar/data/2034313/000121390025061096/ea0247812-8k_oxley.htm,https://www.sec.gov/Archives/edgar/data/2034313/0001213900-25-061096-index.html
OBA,Oxley Bridge Acquisition Ltd,0002034313,2025-06-24,ATM,Tier-1,https://www.sec.gov/Archives/edgar/data/2034313/000121390025058441/ea0247036-8k_oxley.htm,https://www.sec.gov/Archives/edgar/data/2034313/0001213900-25-058441-index.html,8-K,2025-06-26,2025-06-24,2025-06-24,0001213900-25-058441,https://www.sec.gov/Archives/edgar/data/2034313/000121390025058441/ea0247036-8k_oxley.htm,https://www.sec.gov/Archives/edgar/data/2034313/000121390025058441/ea0247036-8k_oxley.htm,2025-06-24,2025-06-26 17:00:12,https://www.sec.gov/Archives/edgar/data/2034313/0001213900-25-058441-index.html,Item 1.01; Item 3.02; Item 8.01; Item 9.01,Item 1.01; Item 3.02; Item 8.01; Item 9.01,ATM,Tier-1,https://www.sec.gov/Archives/edgar/data/2034313/000121390025058441/ea0247036-8k_oxley.htm,,Tier-1,2025-06-24,https://www.sec.gov/Archives/edgar/data/2034313/000121390025058441/ea0247036-8k_oxley.htm,https://www.sec.gov/Archives/edgar/data/2034313/0001213900-25-058441-index.html
OEC,Orion S.A.,0001609804,2025-11-03,ATM,Tier-1,https://www.sec.gov/Archives/edgar/data/1609804/000095014225002903/eh250702504_8k.htm,https://www.sec.gov/Archives/edgar/data/1609804/0000950142-25-002903-index.html,8-K,2025-11-07,2025-11-03,2025-11-03,0000950142-25-002903,https://www.sec.gov/Archives/edgar/data/1609804/000095014225002903/eh250702504_8k.htm,https://www.sec.gov/Archives/edgar/data/1609804/000095014225002903/eh250702504_8k.htm,2025-11-03,2025-11-07 08:30:44,https://www.sec.gov/Archives/edgar/data/1609804/0000950142-25-002903-index.html,Item 9.01,Item 9.01,ATM,Tier-1,https://www.sec.gov/Archives/edgar/data/1609804/000095014225002903/eh250702504_8k.htm,,Tier-1,2025-11-03,https://www.sec.gov/Archives/edgar/data/1609804/000095014225002903/eh250702504_8k.htm,https://www.sec.gov/Archives/edgar/data/1609804/0000950142-25-002903-index.html
OEC,Orion S.A.,0001609804,2025-10-13,ATM,Tier-1,https://www.sec.gov/Archives/edgar/data/1609804/000095014225002744/eh250691384_8k.htm,https://www.sec.gov/Archives/edgar/data/1609804/0000950142-25-002744-index.html,8-K,2025-10-14,2025-10-13,2025-10-13,0000950142-25-002744,https://www.sec.gov/Archives/edgar/data/1609804/000095014225002744/eh250691384_8k.htm,https://www.sec.gov/Archives/edgar/data/1609804/000095014225002744/eh250691384_8k.htm,2025-10-13,2025-10-14 08:30:07,https://www.sec.gov/Archives/edgar/data/1609804/0000950142-25-002744-index.html,Item 2.02; Item 9.01,Item 2.02; Item 9.01,ATM,Tier-1,https://www.sec.gov/Archives/edgar/data/1609804/000095014225002744/eh250691384_8k.htm,,Tier-1,2025-10-13,https://www.sec.gov/Archives/edgar/data/1609804/000095014225002744/eh250691384_8k.htm,https://www.sec.gov/Archives/edgar/data/1609804/0000950142-25-002744-index.html
OEC,Orion S.A.,0001609804,2025-09-11,ATM,Tier-1,https://www.sec.gov/Archives/edgar/data/1609804/000095014225002423/eh250674318_8k.htm,https://www.sec.gov/Archives/edgar/data/1609804/0000950142-25-002423-index.html,8-K,2025-09-11,2025-09-11,2025-09-11,0000950142-25-002423,https://www.sec.gov/Archives/edgar/data/1609804/000095014225002423/eh250674318_8k.htm,https://www.sec.gov/Archives/edgar/data/1609804/000095014225002423/eh250674318_8k.htm,2025-09-11,2025-09-11 16:59:03,https://www.sec.gov/Archives/edgar/data/1609804/0000950142-25-002423-index.html,Item 8.01; Item 9.01,Item 8.01; Item 9.01,ATM,Tier-1,https://www.sec.gov/Archives/edgar/data/1609804/000095014225002423/eh250674318_8k.htm,,Tier-1,2025-09-11,https://www.sec.gov/Archives/edgar/data/1609804/000095014225002423/eh250674318_8k.htm,https://www.sec.gov/Archives/edgar/data/1609804/0000950142-25-002423-index.html
OEC,Orion S.A.,0001609804,2025-07-30,ATM,Tier-1,https://www.sec.gov/Archives/edgar/data/1609804/000095014225002051/eh250661535_8k.htm,https://www.sec.gov/Archives/edgar/data/1609804/0000950142-25-002051-index.html,8-K,2025-07-30,2025-07-30,2025-07-30,0000950142-25-002051,https://www.sec.gov/Archives/edgar/data/1609804/000095014225002051/eh250661535_8k.htm,https://www.sec.gov/Archives/edgar/data/1609804/000095014225002051/eh250661535_8k.htm,2025-07-30,2025-07-30 16:43:10,https://www.sec.gov/Archives/edgar/data/1609804/0000950142-25-002051-index.html,Item 9.01,Item 9.01,ATM,Tier-1,https://www.sec.gov/Archives/edgar/data/1609804/000095014225002051/eh250661535_8k.htm,,Tier-1,2025-07-30,https://www.sec.gov/Archives/edgar/data/1609804/000095014225002051/eh250661535_8k.htm,https://www.sec.gov/Archives/edgar/data/1609804/0000950142-25-002051-index.html
OEC,Orion S.A.,0001609804,2025-11-04,ATM,Tier-1,https://www.sec.gov/Archives/edgar/data/1609804/000162828025048952/oec-20251104.htm,https://www.sec.gov/Archives/edgar/data/1609804/0001628280-25-048952-index.html,8-K,2025-11-04,2025-11-04,2025-11-04,0001628280-25-048952,https://www.sec.gov/Archives/edgar/data/1609804/000162828025048952/oec-20251104.htm,https://www.sec.gov/Archives/edgar/data/1609804/000162828025048952/oec-20251104.htm,2025-11-04,2025-11-04 16:59:24,https://www.sec.gov/Archives/edgar/data/1609804/0001628280-25-048952-index.html,Item 2.02; Item 9.01,Item 2.02; Item 9.01,ATM,Tier-1,https://www.sec.gov/Archives/edgar/data/1609804/000162828025048952/oec-20251104.htm,,Tier-1,2025-11-04,https://www.sec.gov/Archives/edgar/data/1609804/000162828025048952/oec-20251104.htm,https://www.sec.gov/Archives/edgar/data/1609804/0001628280-25-048952-index.html
OEC,Orion S.A.,0001609804,2025-06-26,ATM,Tier-1,https://www.sec.gov/Archives/edgar/data/1609804/000095014225001677/eh250644945_8k.htm,https://www.sec.gov/Archives/edgar/data/1609804/0000950142-25-001677-index.html,8-K,2025-06-26,2025-06-26,2025-06-26,0000950142-25-001677,https://www.sec.gov/Archives/edgar/data/1609804/000095014225001677/eh250644945_8k.htm,https://www.sec.gov/Archives/edgar/data/1609804/000095014225001677/eh250644945_8k.htm,2025-06-26,2025-06-26 16:53:40,https://www.sec.gov/Archives/edgar/data/1609804/0000950142-25-001677-index.html,Item 8.01; Item 9.01,Item 8.01; Item 9.01,ATM,Tier-1,https://www.sec.gov/Archives/edgar/data/1609804/000095014225001677/eh250644945_8k.htm,,Tier-1,2025-06-26,https://www.sec.gov/Archives/edgar/data/1609804/000095014225001677/eh250644945_8k.htm,https://www.sec.gov/Archives/edgar/data/1609804/0000950142-25-001677-index.html
OMEX,ODYSSEY MARINE EXPLORATION INC,0000798528,2025-10-07,ATM,Tier-1,https://www.sec.gov/Archives/edgar/data/798528/000119312525239071/d86541d8k.htm,https://www.sec.gov/Archives/edgar/data/798528/0001193125-25-239071-index.html,8-K,2025-10-14,2025-10-07,2025-10-07,0001193125-25-239071,https://www.sec.gov/Archives/edgar/data/798528/000119312525239071/d86541d8k.htm,https://www.sec.gov/Archives/edgar/data/798528/000119312525239071/d86541d8k.htm,2025-10-07,2025-10-14 16:30:22,https://www.sec.gov/Archives/edgar/data/798528/0001193125-25-239071-index.html,Item 3.02,Item 3.02,ATM,Tier-1,https://www.sec.gov/Archives/edgar/data/798528/000119312525239071/d86541d8k.htm,,Tier-1,2025-10-07,https://www.sec.gov/Archives/edgar/data/798528/000119312525239071/d86541d8k.htm,https://www.sec.gov/Archives/edgar/data/798528/0001193125-25-239071-index.html
OEC,Orion S.A.,0001609804,2025-08-06,ATM,Tier-1,https://www.sec.gov/Archives/edgar/data/1609804/000160980425000022/oec-20250806.htm,https://www.sec.gov/Archives/edgar/data/1609804/0001609804-25-000022-index.html,8-K,2025-08-06,2025-08-06,2025-08-06,0001609804-25-000022,https://www.sec.gov/Archives/edgar/data/1609804/000160980425000022/oec-20250806.htm,https://www.sec.gov/Archives/edgar/data/1609804/000160980425000022/oec-20250806.htm,2025-08-06,2025-08-06 16:32:40,https://www.sec.gov/Archives/edgar/data/1609804/0001609804-25-000022-index.html,Item 2.02; Item 9.01,Item 2.02; Item 9.01,ATM,Tier-1,https://www.sec.gov/Archives/edgar/data/1609804/000160980425000022/oec-20250806.htm,,Tier-1,2025-08-06,https://www.sec.gov/Archives/edgar/data/1609804/000160980425000022/oec-20250806.htm,https://www.sec.gov/Archives/edgar/data/1609804/0001609804-25-000022-index.html
OMEX,ODYSSEY MARINE EXPLORATION INC,0000798528,2025-09-25,ATM,Tier-1,https://www.sec.gov/Archives/edgar/data/798528/000119312525225114/d65794d8k.htm,https://www.sec.gov/Archives/edgar/data/798528/0001193125-25-225114-index.html,8-K,2025-09-30,2025-09-25,2025-09-25,0001193125-25-225114,https://www.sec.gov/Archives/edgar/data/798528/000119312525225114/d65794d8k.htm,https://www.sec.gov/Archives/edgar/data/798528/000119312525225114/d65794d8k.htm,2025-09-25,2025-09-30 16:32:40,https://www.sec.gov/Archives/edgar/data/798528/0001193125-25-225114-index.html,Item 3.02,Item 3.02,ATM,Tier-1,https://www.sec.gov/Archives/edgar/data/798528/000119312525225114/d65794d8k.htm,,Tier-1,2025-09-25,https://www.sec.gov/Archives/edgar/data/798528/000119312525225114/d65794d8k.htm,https://www.sec.gov/Archives/edgar/data/798528/0001193125-25-225114-index.html
OMEX,ODYSSEY MARINE EXPLORATION INC,0000798528,2025-08-08,ATM,Tier-1,https://www.sec.gov/Archives/edgar/data/798528/000119312525180836/d824503d8k.htm,https://www.sec.gov/Archives/edgar/data/798528/0001193125-25-180836-index.html,8-K,2025-08-14,2025-08-08,2025-08-08,0001193125-25-180836,https://www.sec.gov/Archives/edgar/data/798528/000119312525180836/d824503d8k.htm,https://www.sec.gov/Archives/edgar/data/798528/000119312525180836/d824503d8k.htm,2025-08-08,2025-08-14 16:33:08,https://www.sec.gov/Archives/edgar/data/798528/0001193125-25-180836-index.html,Item 3.02,Item 3.02,ATM,Tier-1,https://www.sec.gov/Archives/edgar/data/798528/000119312525180836/d824503d8k.htm,,Tier-1,2025-08-08,https://www.sec.gov/Archives/edgar/data/798528/000119312525180836/d824503d8k.htm,https://www.sec.gov/Archives/edgar/data/798528/0001193125-25-180836-index.html
OMEX,ODYSSEY MARINE EXPLORATION INC,0000798528,2025-09-18,ATM,Tier-1,https://www.sec.gov/Archives/edgar/data/798528/000119312525213431/d77088d8k.htm,https://www.sec.gov/Archives/edgar/data/798528/0001193125-25-213431-index.html,8-K,2025-09-23,2025-09-18,2025-09-18,0001193125-25-213431,https://www.sec.gov/Archives/edgar/data/798528/000119312525213431/d77088d8k.htm,https://www.sec.gov/Archives/edgar/data/798528/000119312525213431/d77088d8k.htm,2025-09-18,2025-09-23 16:30:49,https://www.sec.gov/Archives/edgar/data/798528/0001193125-25-213431-index.html,Item 3.02,Item 3.02,ATM,Tier-1,https://www.sec.gov/Archives/edgar/data/798528/000119312525213431/d77088d8k.htm,,Tier-1,2025-09-18,https://www.sec.gov/Archives/edgar/data/798528/000119312525213431/d77088d8k.htm,https://www.sec.gov/Archives/edgar/data/798528/0001193125-25-213431-index.html
OMEX,ODYSSEY MARINE EXPLORATION INC,0000798528,2025-07-28,ATM,Tier-1,https://www.sec.gov/Archives/edgar/data/798528/000119312525171689/d893179d8k.htm,https://www.sec.gov/Archives/edgar/data/798528/0001193125-25-171689-index.html,8-K,2025-08-01,2025-07-28,2025-07-28,0001193125-25-171689,https://www.sec.gov/Archives/edgar/data/798528/000119312525171689/d893179d8k.htm,https://www.sec.gov/Archives/edgar/data/798528/000119312525171689/d893179d8k.htm,2025-07-28,2025-08-01 16:30:28,https://www.sec.gov/Archives/edgar/data/798528/0001193125-25-171689-index.html,Item 3.02,Item 3.02,ATM,Tier-1,https://www.sec.gov/Archives/edgar/data/798528/000119312525171689/d893179d8k.htm,,Tier-1,2025-07-28,https://www.sec.gov/Archives/edgar/data/798528/000119312525171689/d893179d8k.htm,https://www.sec.gov/Archives/edgar/data/798528/0001193125-25-171689-index.html
OMEX,ODYSSEY MARINE EXPLORATION INC,0000798528,2025-06-04,ATM,Tier-1,https://www.sec.gov/Archives/edgar/data/798528/000119312525138536/d924157d8k.htm,https://www.sec.gov/Archives/edgar/data/798528/0001193125-25-138536-index.html,8-K,2025-06-10,2025-06-04,2025-06-04,0001193125-25-138536,https://www.sec.gov/Archives/edgar/data/798528/000119312525138536/d924157d8k.htm,https://www.sec.gov/Archives/edgar/data/798528/000119312525138536/d924157d8k.htm,2025-06-04,2025-06-10 17:26:09,https://www.sec.gov/Archives/edgar/data/798528/0001193125-25-138536-index.html,Item 1.01; Item 3.02; Item 5.07,Item 1.01; Item 3.02; Item 5.07,ATM,Tier-1,https://www.sec.gov/Archives/edgar/data/798528/000119312525138536/d924157d8k.htm,,Tier-1,2025-06-04,https://www.sec.gov/Archives/edgar/data/798528/000119312525138536/d924157d8k.htm,https://www.sec.gov/Archives/edgar/data/798528/0001193125-25-138536-index.html
ONL,Orion Properties Inc.,0001873923,2025-11-06,ATM,Tier-1,https://www.sec.gov/Archives/edgar/data/1873923/000187392325000129/onl-20251106.htm,https://www.sec.gov/Archives/edgar/data/1873923/0001873923-25-000129-index.html,8-K,2025-11-06,2025-11-06,2025-11-06,0001873923-25-000129,https://www.sec.gov/Archives/edgar/data/1873923/000187392325000129/onl-20251106.htm,https://www.sec.gov/Archives/edgar/data/1873923/000187392325000129/onl-20251106.htm,2025-11-06,2025-11-06 16:20:04,https://www.sec.gov/Archives/edgar/data/1873923/0001873923-25-000129-index.html,Item 2.02; Item 9.01,Item 2.02; Item 9.01,ATM,Tier-1,https://www.sec.gov/Archives/edgar/data/1873923/000187392325000129/onl-20251106.htm,,Tier-1,2025-11-06,https://www.sec.gov/Archives/edgar/data/1873923/000187392325000129/onl-20251106.htm,https://www.sec.gov/Archives/edgar/data/1873923/0001873923-25-000129-index.html
ONL,Orion Properties Inc.,0001873923,2025-09-22,GuidanceUp,Tier-1,https://www.sec.gov/Archives/edgar/data/1873923/000187392325000124/onl-20250922.htm,https://www.sec.gov/Archives/edgar/data/1873923/0001873923-25-000124-index.html,8-K,2025-09-22,2025-09-22,2025-09-22,0001873923-25-000124,https://www.sec.gov/Archives/edgar/data/1873923/000187392325000124/onl-20250922.htm,https://www.sec.gov/Archives/edgar/data/1873923/000187392325000124/onl-20250922.htm,2025-09-22,2025-09-22 16:21:49,https://www.sec.gov/Archives/edgar/data/1873923/0001873923-25-000124-index.html,Item 7.01; Item 9.01,Item 7.01; Item 9.01,GuidanceUp,Tier-1,https://www.sec.gov/Archives/edgar/data/1873923/000187392325000124/onl-20250922.htm,,Tier-1,2025-09-22,https://www.sec.gov/Archives/edgar/data/1873923/000187392325000124/onl-20250922.htm,https://www.sec.gov/Archives/edgar/data/1873923/0001873923-25-000124-index.html
ONL,Orion Properties Inc.,0001873923,2025-08-06,ATM,Tier-1,https://www.sec.gov/Archives/edgar/data/1873923/000187392325000116/onl-20250806.htm,https://www.sec.gov/Archives/edgar/data/1873923/0001873923-25-000116-index.html,8-K,2025-08-06,2025-08-06,2025-08-06,0001873923-25-000116,https://www.sec.gov/Archives/edgar/data/1873923/000187392325000116/onl-20250806.htm,https://www.sec.gov/Archives/edgar/data/1873923/000187392325000116/onl-20250806.htm,2025-08-06,2025-08-06 16:19:04,https://www.sec.gov/Archives/edgar/data/1873923/0001873923-25-000116-index.html,Item 2.02; Item 9.01,Item 2.02; Item 9.01,ATM,Tier-1,https://www.sec.gov/Archives/edgar/data/1873923/000187392325000116/onl-20250806.htm,,Tier-1,2025-08-06,https://www.sec.gov/Archives/edgar/data/1873923/000187392325000116/onl-20250806.htm,https://www.sec.gov/Archives/edgar/data/1873923/0001873923-25-000116-index.html
OPAD,Offerpad Solutions Inc.,0001825024,2025-11-03,ATM,Tier-1,https://www.sec.gov/Archives/edgar/data/1825024/000119312525262580/d18006d8k.htm,https://www.sec.gov/Archives/edgar/data/1825024/0001193125-25-262580-index.html,8-K,2025-11-03,2025-11-03,2025-11-03,0001193125-25-262580,https://www.sec.gov/Archives/edgar/data/1825024/000119312525262580/d18006d8k.htm,https://www.sec.gov/Archives/edgar/data/1825024/000119312525262580/d18006d8k.htm,2025-11-03,2025-11-03 16:15:25,https://www.sec.gov/Archives/edgar/data/1825024/0001193125-25-262580-index.html,Item 2.02; Item 9.01,Item 2.02; Item 9.01,ATM,Tier-1,https://www.sec.gov/Archives/edgar/data/1825024/000119312525262580/d18006d8k.htm,,Tier-1,2025-11-03,https://www.sec.gov/Archives/edgar/data/1825024/000119312525262580/d18006d8k.htm,https://www.sec.gov/Archives/edgar/data/1825024/0001193125-25-262580-index.html
OPAD,Offerpad Solutions Inc.,0001825024,2025-08-28,ATM,Tier-1,https://www.sec.gov/Archives/edgar/data/1825024/000119312525191263/d934945d8k.htm,https://www.sec.gov/Archives/edgar/data/1825024/0001193125-25-191263-index.html,8-K,2025-08-28,2025-08-28,2025-08-28,0001193125-25-191263,https://www.sec.gov/Archives/edgar/data/1825024/000119312525191263/d934945d8k.htm,https://www.sec.gov/Archives/edgar/data/1825024/000119312525191263/d934945d8k.htm,2025-08-28,2025-08-28 16:23:05,https://www.sec.gov/Archives/edgar/data/1825024/0001193125-25-191263-index.html,Item 8.01; Item 9.01,Item 8.01; Item 9.01,ATM,Tier-1,https://www.sec.gov/Archives/edgar/data/1825024/000119312525191263/d934945d8k.htm,,Tier-1,2025-08-28,https://www.sec.gov/Archives/edgar/data/1825024/000119312525191263/d934945d8k.htm,https://www.sec.gov/Archives/edgar/data/1825024/0001193125-25-191263-index.html
OPAD,Offerpad Solutions Inc.,0001825024,2025-10-20,ATM,Tier-1,https://www.sec.gov/Archives/edgar/data/1825024/000119312525243790/d72059d8k.htm,https://www.sec.gov/Archives/edgar/data/1825024/0001193125-25-243790-index.html,8-K,2025-10-20,2025-10-20,2025-10-20,0001193125-25-243790,https://www.sec.gov/Archives/edgar/data/1825024/000119312525243790/d72059d8k.htm,https://www.sec.gov/Archives/edgar/data/1825024/000119312525243790/d72059d8k.htm,2025-10-20,2025-10-20 17:21:49,https://www.sec.gov/Archives/edgar/data/1825024/0001193125-25-243790-index.html,Item 2.02; Item 8.01,Item 2.02; Item 8.01,ATM,Tier-1,https://www.sec.gov/Archives/edgar/data/1825024/000119312525243790/d72059d8k.htm,,Tier-1,2025-10-20,https://www.sec.gov/Archives/edgar/data/1825024/000119312525243790/d72059d8k.htm,https://www.sec.gov/Archives/edgar/data/1825024/0001193125-25-243790-index.html
OPAD,Offerpad Solutions Inc.,0001825024,2025-07-24,ATM,Tier-1,https://www.sec.gov/Archives/edgar/data/1825024/000119312525165608/d66233d8k.htm,https://www.sec.gov/Archives/edgar/data/1825024/0001193125-25-165608-index.html,8-K,2025-07-28,2025-07-24,2025-07-24,0001193125-25-165608,https://www.sec.gov/Archives/edgar/data/1825024/000119312525165608/d66233d8k.htm,https://www.sec.gov/Archives/edgar/data/1825024/000119312525165608/d66233d8k.htm,2025-07-24,2025-07-25 19:04:09,https://www.sec.gov/Archives/edgar/data/1825024/0001193125-25-165608-index.html,Item 1.01; Item 3.02; Item 9.01,Item 1.01; Item 3.02; Item 9.01,ATM,Tier-1,https://www.sec.gov/Archives/edgar/data/1825024/000119312525165608/d66233d8k.htm,,Tier-1,2025-07-24,https://www.sec.gov/Archives/edgar/data/1825024/000119312525165608/d66233d8k.htm,https://www.sec.gov/Archives/edgar/data/1825024/0001193125-25-165608-index.html
OPAD,Offerpad Solutions Inc.,0001825024,2025-07-23,ATM,Tier-1,https://www.sec.gov/Archives/edgar/data/1825024/000119312525163477/d947007d8k.htm,https://www.sec.gov/Archives/edgar/data/1825024/0001193125-25-163477-index.html,8-K,2025-07-23,2025-07-23,2025-07-23,0001193125-25-163477,https://www.sec.gov/Archives/edgar/data/1825024/000119312525163477/d947007d8k.htm,https://www.sec.gov/Archives/edgar/data/1825024/000119312525163477/d947007d8k.htm,2025-07-23,2025-07-23 17:06:40,https://www.sec.gov/Archives/edgar/data/1825024/0001193125-25-163477-index.html,Item 2.02; Item 8.01,Item 2.02; Item 8.01,ATM,Tier-1,https://www.sec.gov/Archives/edgar/data/1825024/000119312525163477/d947007d8k.htm,,Tier-1,2025-07-23,https://www.sec.gov/Archives/edgar/data/1825024/000119312525163477/d947007d8k.htm,https://www.sec.gov/Archives/edgar/data/1825024/0001193125-25-163477-index.html
OPAD,Offerpad Solutions Inc.,0001825024,2025-08-04,ATM,Tier-1,https://www.sec.gov/Archives/edgar/data/1825024/000119312525172625/d946681d8k.htm,https://www.sec.gov/Archives/edgar/data/1825024/0001193125-25-172625-index.html,8-K,2025-08-04,2025-08-04,2025-08-04,0001193125-25-172625,https://www.sec.gov/Archives/edgar/data/1825024/000119312525172625/d946681d8k.htm,https://www.sec.gov/Archives/edgar/data/1825024/000119312525172625/d946681d8k.htm,2025-08-04,2025-08-04 16:19:32,https://www.sec.gov/Archives/edgar/data/1825024/0001193125-25-172625-index.html,Item 2.02; Item 9.01,Item 2.02; Item 9.01,ATM,Tier-1,https://www.sec.gov/Archives/edgar/data/1825024/000119312525172625/d946681d8k.htm,,Tier-1,2025-08-04,https://www.sec.gov/Archives/edgar/data/1825024/000119312525172625/d946681d8k.htm,https://www.sec.gov/Archives/edgar/data/1825024/0001193125-25-172625-index.html
ORIQ,Origin Investment Corp I,0002044523,2025-09-09,ATM,Tier-1,https://www.sec.gov/Archives/edgar/data/2044523/000164117225026935/form8-k.htm,https://www.sec.gov/Archives/edgar/data/2044523/0001641172-25-026935-index.html,8-K,2025-09-09,2025-09-09,2025-09-09,0001641172-25-026935,https://www.sec.gov/Archives/edgar/data/2044523/000164117225026935/form8-k.htm,https://www.sec.gov/Archives/edgar/data/2044523/000164117225026935/form8-k.htm,2025-09-09,2025-09-09 08:11:40,https://www.sec.gov/Archives/edgar/data/2044523/0001641172-25-026935-index.html,Item 9.01,Item 9.01,ATM,Tier-1,https://www.sec.gov/Archives/edgar/data/2044523/000164117225026935/form8-k.htm,,Tier-1,2025-09-09,https://www.sec.gov/Archives/edgar/data/2044523/000164117225026935/form8-k.htm,https://www.sec.gov/Archives/edgar/data/2044523/0001641172-25-026935-index.html
ORIQ,Origin Investment Corp I,0002044523,2025-07-16,ATM,Tier-1,https://www.sec.gov/Archives/edgar/data/2044523/000164117225020707/form8-k.htm,https://www.sec.gov/Archives/edgar/data/2044523/0001641172-25-020707-index.html,8-K,2025-07-23,2025-07-16,2025-07-16,0001641172-25-020707,https://www.sec.gov/Archives/edgar/data/2044523/000164117225020707/form8-k.htm,https://www.sec.gov/Archives/edgar/data/2044523/000164117225020707/form8-k.htm,2025-07-16,2025-07-23 16:36:12,https://www.sec.gov/Archives/edgar/data/2044523/0001641172-25-020707-index.html,Item 9.01,Item 9.01,ATM,Tier-1,https://www.sec.gov/Archives/edgar/data/2044523/000164117225020707/form8-k.htm,,Tier-1,2025-07-16,https://www.sec.gov/Archives/edgar/data/2044523/000164117225020707/form8-k.htm,https://www.sec.gov/Archives/edgar/data/2044523/0001641172-25-020707-index.html
ORIQ,Origin Investment Corp I,0002044523,2025-07-01,ATM,Tier-1,https://www.sec.gov/Archives/edgar/data/2044523/000164117225018191/form8-k.htm,https://www.sec.gov/Archives/edgar/data/2044523/0001641172-25-018191-index.html,8-K,2025-07-08,2025-07-01,2025-07-01,0001641172-25-018191,https://www.sec.gov/Archives/edgar/data/2044523/000164117225018191/form8-k.htm,https://www.sec.gov/Archives/edgar/data/2044523/000164117225018191/form8-k.htm,2025-07-01,2025-07-08 16:05:50,https://www.sec.gov/Archives/edgar/data/2044523/0001641172-25-018191-index.html,Item 1.01; Item 3.02; Item 5.03; Item 8.01,Item 1.01; Item 3.02; Item 5.03; Item 8.01,ATM,Tier-1,https://www.sec.gov/Archives/edgar/data/2044523/000164117225018191/form8-k.htm,,Tier-1,2025-07-01,https://www.sec.gov/Archives/edgar/data/2044523/000164117225018191/form8-k.htm,https://www.sec.gov/Archives/edgar/data/2044523/0001641172-25-018191-index.html
ORIQ,Origin Investment Corp I,0002044523,2025-07-03,ATM,Tier-1,https://www.sec.gov/Archives/edgar/data/2044523/000164117225018634/form8-k.htm,https://www.sec.gov/Archives/edgar/data/2044523/0001641172-25-018634-index.html,8-K,2025-07-10,2025-07-03,2025-07-03,0001641172-25-018634,https://www.sec.gov/Archives/edgar/data/2044523/000164117225018634/form8-k.htm,https://www.sec.gov/Archives/edgar/data/2044523/000164117225018634/form8-k.htm,2025-07-03,2025-07-10 17:29:54,https://www.sec.gov/Archives/edgar/data/2044523/0001641172-25-018634-index.html,Item 9.01,Item 9.01,ATM,Tier-1,https://www.sec.gov/Archives/edgar/data/2044523/000164117225018634/form8-k.htm,,Tier-1,2025-07-03,https://www.sec.gov/Archives/edgar/data/2044523/000164117225018634/form8-k.htm,https://www.sec.gov/Archives/edgar/data/2044523/0001641172-25-018634-index.html
ORMP,ORAMED PHARMACEUTICALS INC.,0001176309,2025-11-17,FDA,Tier-1,https://www.sec.gov/Archives/edgar/data/1176309/000121390025111310/ea0265949-8k_oramed.htm,https://www.sec.gov/Archives/edgar/data/1176309/0001213900-25-111310-index.html,8-K,2025-11-17,2025-11-17,2025-11-17,0001213900-25-111310,https://www.sec.gov/Archives/edgar/data/1176309/000121390025111310/ea0265949-8k_oramed.htm,https://www.sec.gov/Archives/edgar/data/1176309/000121390025111310/ea0265949-8k_oramed.htm,2025-11-17,2025-11-17 09:05:55,https://www.sec.gov/Archives/edgar/data/1176309/0001213900-25-111310-index.html,Item 2.02; Item 9.01,Item 2.02; Item 9.01,FDA,Tier-1,https://www.sec.gov/Archives/edgar/data/1176309/000121390025111310/ea0265949-8k_oramed.htm,,Tier-1,2025-11-17,https://www.sec.gov/Archives/edgar/data/1176309/000121390025111310/ea0265949-8k_oramed.htm,https://www.sec.gov/Archives/edgar/data/1176309/0001213900-25-111310-index.html
ORMP,ORAMED PHARMACEUTICALS INC.,0001176309,2025-11-16,ATM,Tier-1,https://www.sec.gov/Archives/edgar/data/1176309/000121390025111298/ea0265959-8k_oramed.htm,https://www.sec.gov/Archives/edgar/data/1176309/0001213900-25-111298-index.html,8-K,2025-11-17,2025-11-16,2025-11-16,0001213900-25-111298,https://www.sec.gov/Archives/edgar/data/1176309/000121390025111298/ea0265959-8k_oramed.htm,https://www.sec.gov/Archives/edgar/data/1176309/000121390025111298/ea0265959-8k_oramed.htm,2025-11-16,2025-11-17 08:50:42,https://www.sec.gov/Archives/edgar/data/1176309/0001213900-25-111298-index.html,Item 3.03; Item 9.01,Item 3.03; Item 9.01,ATM,Tier-1,https://www.sec.gov/Archives/edgar/data/1176309/000121390025111298/ea0265959-8k_oramed.htm,,Tier-1,2025-11-16,https://www.sec.gov/Archives/edgar/data/1176309/000121390025111298/ea0265959-8k_oramed.htm,https://www.sec.gov/Archives/edgar/data/1176309/0001213900-25-111298-index.html
ORMP,ORAMED PHARMACEUTICALS INC.,0001176309,2025-10-20,ATM,Tier-1,https://www.sec.gov/Archives/edgar/data/1176309/000121390025101825/ea0262319-8k_oramed.htm,https://www.sec.gov/Archives/edgar/data/1176309/0001213900-25-101825-index.html,8-K,2025-10-24,2025-10-20,2025-10-20,0001213900-25-101825,https://www.sec.gov/Archives/edgar/data/1176309/000121390025101825/ea0262319-8k_oramed.htm,https://www.sec.gov/Archives/edgar/data/1176309/000121390025101825/ea0262319-8k_oramed.htm,2025-10-20,2025-10-23 19:39:47,https://www.sec.gov/Archives/edgar/data/1176309/0001213900-25-101825-index.html,Item 1.01; Item 1.02; Item 2.02; Item 8.01; Item 9.01,Item 1.01; Item 1.02; Item 2.02; Item 8.01; Item 9.01,ATM,Tier-1,https://www.sec.gov/Archives/edgar/data/1176309/000121390025101825/ea0262319-8k_oramed.htm,,Tier-1,2025-10-20,https://www.sec.gov/Archives/edgar/data/1176309/000121390025101825/ea0262319-8k_oramed.htm,https://www.sec.gov/Archives/edgar/data/1176309/0001213900-25-101825-index.html
ORMP,ORAMED PHARMACEUTICALS INC.,0001176309,2025-09-30,ATM,Tier-1,https://www.sec.gov/Archives/edgar/data/1176309/000121390025096322/ea0260371-8k_oramed.htm,https://www.sec.gov/Archives/edgar/data/1176309/0001213900-25-096322-index.html,8-K,2025-10-06,2025-09-30,2025-09-30,0001213900-25-096322,https://www.sec.gov/Archives/edgar/data/1176309/000121390025096322/ea0260371-8k_oramed.htm,https://www.sec.gov/Archives/edgar/data/1176309/000121390025096322/ea0260371-8k_oramed.htm,2025-09-30,2025-10-06 09:28:16,https://www.sec.gov/Archives/edgar/data/1176309/0001213900-25-096322-index.html,Item 8.01,Item 8.01,ATM,Tier-1,https://www.sec.gov/Archives/edgar/data/1176309/000121390025096322/ea0260371-8k_oramed.htm,,Tier-1,2025-09-30,https://www.sec.gov/Archives/edgar/data/1176309/000121390025096322/ea0260371-8k_oramed.htm,https://www.sec.gov/Archives/edgar/data/1176309/0001213900-25-096322-index.html
ORMP,ORAMED PHARMACEUTICALS INC.,0001176309,2025-07-22,ATM,Tier-1,https://www.sec.gov/Archives/edgar/data/1176309/000121390025066819/ea0248817-8k_oramed.htm,https://www.sec.gov/Archives/edgar/data/1176309/0001213900-25-066819-index.html,8-K,2025-07-23,2025-07-22,2025-07-22,0001213900-25-066819,https://www.sec.gov/Archives/edgar/data/1176309/000121390025066819/ea0248817-8k_oramed.htm,https://www.sec.gov/Archives/edgar/data/1176309/000121390025066819/ea0248817-8k_oramed.htm,2025-07-22,2025-07-23 08:36:03,https://www.sec.gov/Archives/edgar/data/1176309/0001213900-25-066819-index.html,Item 1.01; Item 8.01; Item 9.01,Item 1.01; Item 8.01; Item 9.01,ATM,Tier-1,https://www.sec.gov/Archives/edgar/data/1176309/000121390025066819/ea0248817-8k_oramed.htm,,Tier-1,2025-07-22,https://www.sec.gov/Archives/edgar/data/1176309/000121390025066819/ea0248817-8k_oramed.htm,https://www.sec.gov/Archives/edgar/data/1176309/0001213900-25-066819-index.html
OSS,"ONE STOP SYSTEMS, INC.",0001394056,2025-10-01,ATM,Tier-1,https://www.sec.gov/Archives/edgar/data/1394056/000119312525226784/oss-20251001.htm,https://www.sec.gov/Archives/edgar/data/1394056/0001193125-25-226784-index.html,8-K,2025-10-01,2025-10-01,2025-10-01,0001193125-25-226784,https://www.sec.gov/Archives/edgar/data/1394056/000119312525226784/oss-20251001.htm,https://www.sec.gov/Archives/edgar/data/1394056/000119312525226784/oss-20251001.htm,2025-10-01,2025-10-01 16:15:03,https://www.sec.gov/Archives/edgar/data/1394056/0001193125-25-226784-index.html,Item 1.01; Item 9.01,Item 1.01; Item 9.01,ATM,Tier-1,https://www.sec.gov/Archives/edgar/data/1394056/000119312525226784/oss-20251001.htm,,Tier-1,2025-10-01,https://www.sec.gov/Archives/edgar/data/1394056/000119312525226784/oss-20251001.htm,https://www.sec.gov/Archives/edgar/data/1394056/0001193125-25-226784-index.html
OSTX,OS Therapies Inc,0001795091,2025-09-02,ATM,Tier-1,https://www.sec.gov/Archives/edgar/data/1795091/000121390025083396/ea0255568-8k_ostherap.htm,https://www.sec.gov/Archives/edgar/data/1795091/0001213900-25-083396-index.html,8-K,2025-09-02,2025-09-02,2025-09-02,0001213900-25-083396,https://www.sec.gov/Archives/edgar/data/1795091/000121390025083396/ea0255568-8k_ostherap.htm,https://www.sec.gov/Archives/edgar/data/1795091/000121390025083396/ea0255568-8k_ostherap.htm,2025-09-02,2025-09-02 16:28:09,https://www.sec.gov/Archives/edgar/data/1795091/0001213900-25-083396-index.html,Item 1.01; Item 3.02; Item 8.01; Item 9.01,Item 1.01; Item 3.02; Item 8.01; Item 9.01,ATM,Tier-1,https://www.sec.gov/Archives/edgar/data/1795091/000121390025083396/ea0255568-8k_ostherap.htm,,Tier-1,2025-09-02,https://www.sec.gov/Archives/edgar/data/1795091/000121390025083396/ea0255568-8k_ostherap.htm,https://www.sec.gov/Archives/edgar/data/1795091/0001213900-25-083396-index.html
OSTX,OS Therapies Inc,0001795091,2025-08-25,ATM,Tier-1,https://www.sec.gov/Archives/edgar/data/1795091/000121390025080484/ea0254579-8k_ostherap.htm,https://www.sec.gov/Archives/edgar/data/1795091/0001213900-25-080484-index.html,8-K,2025-08-26,2025-08-25,2025-08-25,0001213900-25-080484,https://www.sec.gov/Archives/edgar/data/1795091/000121390025080484/ea0254579-8k_ostherap.htm,https://www.sec.gov/Archives/edgar/data/1795091/000121390025080484/ea0254579-8k_ostherap.htm,2025-08-25,2025-08-26 06:15:26,https://www.sec.gov/Archives/edgar/data/1795091/0001213900-25-080484-index.html,Item 1.02; Item 8.01; Item 9.01,Item 1.02; Item 8.01; Item 9.01,ATM,Tier-1,https://www.sec.gov/Archives/edgar/data/1795091/000121390025080484/ea0254579-8k_ostherap.htm,,Tier-1,2025-08-25,https://www.sec.gov/Archives/edgar/data/1795091/000121390025080484/ea0254579-8k_ostherap.htm,https://www.sec.gov/Archives/edgar/data/1795091/0001213900-25-080484-index.html
OSTX,OS Therapies Inc,0001795091,2025-10-14,ATM,Tier-1,https://www.sec.gov/Archives/edgar/data/1795091/000121390025100019/ea0261257-8k_ostherapies.htm,https://www.sec.gov/Archives/edgar/data/1795091/0001213900-25-100019-index.html,8-K,2025-10-17,2025-10-14,2025-10-14,0001213900-25-100019,https://www.sec.gov/Archives/edgar/data/1795091/000121390025100019/ea0261257-8k_ostherapies.htm,https://www.sec.gov/Archives/edgar/data/1795091/000121390025100019/ea0261257-8k_ostherapies.htm,2025-10-14,2025-10-17 17:06:25,https://www.sec.gov/Archives/edgar/data/1795091/0001213900-25-100019-index.html,Item 7.01; Item 8.01; Item 9.01,Item 7.01; Item 8.01; Item 9.01,ATM,Tier-1,https://www.sec.gov/Archives/edgar/data/1795091/000121390025100019/ea0261257-8k_ostherapies.htm,,Tier-1,2025-10-14,https://www.sec.gov/Archives/edgar/data/1795091/000121390025100019/ea0261257-8k_ostherapies.htm,https://www.sec.gov/Archives/edgar/data/1795091/0001213900-25-100019-index.html
OSTX,OS Therapies Inc,0001795091,2025-08-19,ATM,Tier-1,https://www.sec.gov/Archives/edgar/data/1795091/000121390025078152/ea0253711-8k_ostherap.htm,https://www.sec.gov/Archives/edgar/data/1795091/0001213900-25-078152-index.html,8-K,2025-08-19,2025-08-19,2025-08-19,0001213900-25-078152,https://www.sec.gov/Archives/edgar/data/1795091/000121390025078152/ea0253711-8k_ostherap.htm,https://www.sec.gov/Archives/edgar/data/1795091/000121390025078152/ea0253711-8k_ostherap.htm,2025-08-19,2025-08-19 06:50:35,https://www.sec.gov/Archives/edgar/data/1795091/0001213900-25-078152-index.html,Item 2.02; Item 9.01,Item 2.02; Item 9.01,ATM,Tier-1,https://www.sec.gov/Archives/edgar/data/1795091/000121390025078152/ea0253711-8k_ostherap.htm,,Tier-1,2025-08-19,https://www.sec.gov/Archives/edgar/data/1795091/000121390025078152/ea0253711-8k_ostherap.htm,https://www.sec.gov/Archives/edgar/data/1795091/0001213900-25-078152-index.html
OSTX,OS Therapies Inc,0001795091,2025-06-26,ATM,Tier-1,https://www.sec.gov/Archives/edgar/data/1795091/000121390025058603/ea0247272-8k_ostherap.htm,https://www.sec.gov/Archives/edgar/data/1795091/0001213900-25-058603-index.html,8-K,2025-06-27,2025-06-26,2025-06-26,0001213900-25-058603,https://www.sec.gov/Archives/edgar/data/1795091/000121390025058603/ea0247272-8k_ostherap.htm,https://www.sec.gov/Archives/edgar/data/1795091/000121390025058603/ea0247272-8k_ostherap.htm,2025-06-26,2025-06-27 07:59:08,https://www.sec.gov/Archives/edgar/data/1795091/0001213900-25-058603-index.html,Item 1.01; Item 3.02,Item 1.01; Item 3.02,ATM,Tier-1,https://www.sec.gov/Archives/edgar/data/1795091/000121390025058603/ea0247272-8k_ostherap.htm,,Tier-1,2025-06-26,https://www.sec.gov/Archives/edgar/data/1795091/000121390025058603/ea0247272-8k_ostherap.htm,https://www.sec.gov/Archives/edgar/data/1795091/0001213900-25-058603-index.html
OSTX,OS Therapies Inc,0001795091,2025-07-11,ATM,Tier-1,https://www.sec.gov/Archives/edgar/data/1795091/000121390025063479/ea0248754-8k_ostherap.htm,https://www.sec.gov/Archives/edgar/data/1795091/0001213900-25-063479-index.html,8-K,2025-07-14,2025-07-11,2025-07-11,0001213900-25-063479,https://www.sec.gov/Archives/edgar/data/1795091/000121390025063479/ea0248754-8k_ostherap.htm,https://www.sec.gov/Archives/edgar/data/1795091/000121390025063479/ea0248754-8k_ostherap.htm,2025-07-11,2025-07-14 08:06:17,https://www.sec.gov/Archives/edgar/data/1795091/0001213900-25-063479-index.html,Item 1.01; Item 3.02; Item 8.01; Item 9.01,Item 1.01; Item 3.02; Item 8.01; Item 9.01,ATM,Tier-1,https://www.sec.gov/Archives/edgar/data/1795091/000121390025063479/ea0248754-8k_ostherap.htm,,Tier-1,2025-07-11,https://www.sec.gov/Archives/edgar/data/1795091/000121390025063479/ea0248754-8k_ostherap.htm,https://www.sec.gov/Archives/edgar/data/1795091/0001213900-25-063479-index.html
OSTX,OS Therapies Inc,0001795091,2025-06-23,ATM,Tier-1,https://www.sec.gov/Archives/edgar/data/1795091/000121390025056911/ea0246590-8k_ostherap.htm,https://www.sec.gov/Archives/edgar/data/1795091/0001213900-25-056911-index.html,8-K,2025-06-24,2025-06-23,2025-06-23,0001213900-25-056911,https://www.sec.gov/Archives/edgar/data/1795091/000121390025056911/ea0246590-8k_ostherap.htm,https://www.sec.gov/Archives/edgar/data/1795091/000121390025056911/ea0246590-8k_ostherap.htm,2025-06-23,2025-06-24 08:02:11,https://www.sec.gov/Archives/edgar/data/1795091/0001213900-25-056911-index.html,Item 1.01; Item 3.02; Item 8.01; Item 9.01,Item 1.01; Item 3.02; Item 8.01; Item 9.01,ATM,Tier-1,https://www.sec.gov/Archives/edgar/data/1795091/000121390025056911/ea0246590-8k_ostherap.htm,,Tier-1,2025-06-23,https://www.sec.gov/Archives/edgar/data/1795091/000121390025056911/ea0246590-8k_ostherap.htm,https://www.sec.gov/Archives/edgar/data/1795091/0001213900-25-056911-index.html
OTGA,OTG Acquisition Corp. I,0002077010,2025-10-29,ATM,Tier-1,https://www.sec.gov/Archives/edgar/data/2077010/000149315225020087/form8-k.htm,https://www.sec.gov/Archives/edgar/data/2077010/0001493152-25-020087-index.html,8-K,2025-10-29,2025-10-29,2025-10-29,0001493152-25-020087,https://www.sec.gov/Archives/edgar/data/2077010/000149315225020087/form8-k.htm,https://www.sec.gov/Archives/edgar/data/2077010/000149315225020087/form8-k.htm,2025-10-29,2025-10-29 16:35:27,https://www.sec.gov/Archives/edgar/data/2077010/0001493152-25-020087-index.html,Item 9.01,Item 9.01,ATM,Tier-1,https://www.sec.gov/Archives/edgar/data/2077010/000149315225020087/form8-k.htm,,Tier-1,2025-10-29,https://www.sec.gov/Archives/edgar/data/2077010/000149315225020087/form8-k.htm,https://www.sec.gov/Archives/edgar/data/2077010/0001493152-25-020087-index.html
OTGA,OTG Acquisition Corp. I,0002077010,2025-09-15,ATM,Tier-1,https://www.sec.gov/Archives/edgar/data/2077010/000149315225014265/form8-k.htm,https://www.sec.gov/Archives/edgar/data/2077010/0001493152-25-014265-index.html,8-K,2025-09-19,2025-09-15,2025-09-15,0001493152-25-014265,https://www.sec.gov/Archives/edgar/data/2077010/000149315225014265/form8-k.htm,https://www.sec.gov/Archives/edgar/data/2077010/000149315225014265/form8-k.htm,2025-09-15,2025-09-19 16:30:09,https://www.sec.gov/Archives/edgar/data/2077010/0001493152-25-014265-index.html,Item 9.01,Item 9.01,ATM,Tier-1,https://www.sec.gov/Archives/edgar/data/2077010/000149315225014265/form8-k.htm,,Tier-1,2025-09-15,https://www.sec.gov/Archives/edgar/data/2077010/000149315225014265/form8-k.htm,https://www.sec.gov/Archives/edgar/data/2077010/0001493152-25-014265-index.html
OTLK,"Outlook Therapeutics, Inc.",0001649989,2025-11-03,ATM,Tier-1,https://www.sec.gov/Archives/edgar/data/1649989/000110465925105633/tm2530088d1_8k.htm,https://www.sec.gov/Archives/edgar/data/1649989/0001104659-25-105633-index.html,8-K,2025-11-03,2025-11-03,2025-11-03,0001104659-25-105633,https://www.sec.gov/Archives/edgar/data/1649989/000110465925105633/tm2530088d1_8k.htm,https://www.sec.gov/Archives/edgar/data/1649989/000110465925105633/tm2530088d1_8k.htm,2025-11-03,2025-11-03 17:01:16,https://www.sec.gov/Archives/edgar/data/1649989/0001104659-25-105633-index.html,Item 8.01; Item 9.01,Item 8.01; Item 9.01,ATM,Tier-1,https://www.sec.gov/Archives/edgar/data/1649989/000110465925105633/tm2530088d1_8k.htm,,Tier-1,2025-11-03,https://www.sec.gov/Archives/edgar/data/1649989/000110465925105633/tm2530088d1_8k.htm,https://www.sec.gov/Archives/edgar/data/1649989/0001104659-25-105633-index.html
OTGA,OTG Acquisition Corp. I,0002077010,2025-09-11,ATM,Tier-1,https://www.sec.gov/Archives/edgar/data/2077010/000149315225013496/form8-k.htm,https://www.sec.gov/Archives/edgar/data/2077010/0001493152-25-013496-index.html,8-K,2025-09-15,2025-09-11,2025-09-11,0001493152-25-013496,https://www.sec.gov/Archives/edgar/data/2077010/000149315225013496/form8-k.htm,https://www.sec.gov/Archives/edgar/data/2077010/000149315225013496/form8-k.htm,2025-09-11,2025-09-15 16:35:34,https://www.sec.gov/Archives/edgar/data/2077010/0001493152-25-013496-index.html,Item 1.01; Item 3.02; Item 5.02; Item 5.03; Item 8.01; Item 9.01,Item 1.01; Item 3.02; Item 5.02; Item 5.03; Item 8.01; Item 9.01,ATM,Tier-1,https://www.sec.gov/Archives/edgar/data/2077010/000149315225013496/form8-k.htm,,Tier-1,2025-09-11,https://www.sec.gov/Archives/edgar/data/2077010/000149315225013496/form8-k.htm,https://www.sec.gov/Archives/edgar/data/2077010/0001493152-25-013496-index.html
OTLK,"Outlook Therapeutics, Inc.",0001649989,2025-09-29,ATM,Tier-1,https://www.sec.gov/Archives/edgar/data/1649989/000110465925094558/tm2527376d1_8k.htm,https://www.sec.gov/Archives/edgar/data/1649989/0001104659-25-094558-index.html,8-K,2025-09-29,2025-09-29,2025-09-29,0001104659-25-094558,https://www.sec.gov/Archives/edgar/data/1649989/000110465925094558/tm2527376d1_8k.htm,https://www.sec.gov/Archives/edgar/data/1649989/000110465925094558/tm2527376d1_8k.htm,2025-09-29,2025-09-29 17:00:33,https://www.sec.gov/Archives/edgar/data/1649989/0001104659-25-094558-index.html,Item 8.01; Item 9.01,Item 8.01; Item 9.01,ATM,Tier-1,https://www.sec.gov/Archives/edgar/data/1649989/000110465925094558/tm2527376d1_8k.htm,,Tier-1,2025-09-29,https://www.sec.gov/Archives/edgar/data/1649989/000110465925094558/tm2527376d1_8k.htm,https://www.sec.gov/Archives/edgar/data/1649989/0001104659-25-094558-index.html
OTLK,"Outlook Therapeutics, Inc.",0001649989,2025-08-28,ATM,Tier-1,https://www.sec.gov/Archives/edgar/data/1649989/000110465925086428/tm2524956d1_8k.htm,https://www.sec.gov/Archives/edgar/data/1649989/0001104659-25-086428-index.html,8-K,2025-09-02,2025-08-28,2025-08-28,0001104659-25-086428,https://www.sec.gov/Archives/edgar/data/1649989/000110465925086428/tm2524956d1_8k.htm,https://www.sec.gov/Archives/edgar/data/1649989/000110465925086428/tm2524956d1_8k.htm,2025-08-28,2025-09-02 17:00:49,https://www.sec.gov/Archives/edgar/data/1649989/0001104659-25-086428-index.html,Item 8.01; Item 9.01,Item 8.01; Item 9.01,ATM,Tier-1,https://www.sec.gov/Archives/edgar/data/1649989/000110465925086428/tm2524956d1_8k.htm,,Tier-1,2025-08-28,https://www.sec.gov/Archives/edgar/data/1649989/000110465925086428/tm2524956d1_8k.htm,https://www.sec.gov/Archives/edgar/data/1649989/0001104659-25-086428-index.html
OTLK,"Outlook Therapeutics, Inc.",0001649989,2025-08-14,ATM,Tier-1,https://www.sec.gov/Archives/edgar/data/1649989/000110465925078622/tm2523462d1_8k.htm,https://www.sec.gov/Archives/edgar/data/1649989/0001104659-25-078622-index.html,8-K,2025-08-14,2025-08-14,2025-08-14,0001104659-25-078622,https://www.sec.gov/Archives/edgar/data/1649989/000110465925078622/tm2523462d1_8k.htm,https://www.sec.gov/Archives/edgar/data/1649989/000110465925078622/tm2523462d1_8k.htm,2025-08-14,2025-08-14 16:17:25,https://www.sec.gov/Archives/edgar/data/1649989/0001104659-25-078622-index.html,Item 2.02; Item 9.01,Item 2.02; Item 9.01,ATM,Tier-1,https://www.sec.gov/Archives/edgar/data/1649989/000110465925078622/tm2523462d1_8k.htm,,Tier-1,2025-08-14,https://www.sec.gov/Archives/edgar/data/1649989/000110465925078622/tm2523462d1_8k.htm,https://www.sec.gov/Archives/edgar/data/1649989/0001104659-25-078622-index.html
OVID,Ovid Therapeutics Inc.,0001636651,2025-10-02,ATM,Tier-1,https://www.sec.gov/Archives/edgar/data/1636651/000119312525230409/d45212d8k.htm,https://www.sec.gov/Archives/edgar/data/1636651/0001193125-25-230409-index.html,8-K,2025-10-03,2025-10-02,2025-10-02,0001193125-25-230409,https://www.sec.gov/Archives/edgar/data/1636651/000119312525230409/d45212d8k.htm,https://www.sec.gov/Archives/edgar/data/1636651/000119312525230409/d45212d8k.htm,2025-10-02,2025-10-03 17:09:37,https://www.sec.gov/Archives/edgar/data/1636651/0001193125-25-230409-index.html,Item 1.01; Item 3.02; Item 5.03; Item 8.01; Item 9.01,Item 1.01; Item 3.02; Item 5.03; Item 8.01; Item 9.01,ATM,Tier-1,https://www.sec.gov/Archives/edgar/data/1636651/000119312525230409/d45212d8k.htm,,Tier-1,2025-10-02,https://www.sec.gov/Archives/edgar/data/1636651/000119312525230409/d45212d8k.htm,https://www.sec.gov/Archives/edgar/data/1636651/0001193125-25-230409-index.html
OVID,Ovid Therapeutics Inc.,0001636651,2025-11-12,ATM,Tier-1,https://www.sec.gov/Archives/edgar/data/1636651/000163665125000011/ovid-20251112.htm,https://www.sec.gov/Archives/edgar/data/1636651/0001636651-25-000011-index.html,8-K,2025-11-12,2025-11-12,2025-11-12,0001636651-25-000011,https://www.sec.gov/Archives/edgar/data/1636651/000163665125000011/ovid-20251112.htm,https://www.sec.gov/Archives/edgar/data/1636651/000163665125000011/ovid-20251112.htm,2025-11-12,2025-11-12 07:02:06,https://www.sec.gov/Archives/edgar/data/1636651/0001636651-25-000011-index.html,Item 2.02; Item 5.02; Item 9.01,Item 2.02; Item 5.02; Item 9.01,ATM,Tier-1,https://www.sec.gov/Archives/edgar/data/1636651/000163665125000011/ovid-20251112.htm,,Tier-1,2025-11-12,https://www.sec.gov/Archives/edgar/data/1636651/000163665125000011/ovid-20251112.htm,https://www.sec.gov/Archives/edgar/data/1636651/0001636651-25-000011-index.html
OVID,Ovid Therapeutics Inc.,0001636651,2025-08-13,ATM,Tier-1,https://www.sec.gov/Archives/edgar/data/1636651/000162828025040007/ovid-20250813.htm,https://www.sec.gov/Archives/edgar/data/1636651/0001628280-25-040007-index.html,8-K,2025-08-13,2025-08-13,2025-08-13,0001628280-25-040007,https://www.sec.gov/Archives/edgar/data/1636651/000162828025040007/ovid-20250813.htm,https://www.sec.gov/Archives/edgar/data/1636651/000162828025040007/ovid-20250813.htm,2025-08-13,2025-08-13 08:02:28,https://www.sec.gov/Archives/edgar/data/1636651/0001628280-25-040007-index.html,Item 2.02; Item 9.01,Item 2.02; Item 9.01,ATM,Tier-1,https://www.sec.gov/Archives/edgar/data/1636651/000162828025040007/ovid-20250813.htm,,Tier-1,2025-08-13,https://www.sec.gov/Archives/edgar/data/1636651/000162828025040007/ovid-20250813.htm,https://www.sec.gov/Archives/edgar/data/1636651/0001628280-25-040007-index.html
OYSE,Oyster Enterprises II Acquisition Corp,0002042182,2025-07-08,ATM,Tier-1,https://www.sec.gov/Archives/edgar/data/2042182/000121390025062065/ea0248204-8k_oyster2.htm,https://www.sec.gov/Archives/edgar/data/2042182/0001213900-25-062065-index.html,8-K,2025-07-08,2025-07-08,2025-07-08,0001213900-25-062065,https://www.sec.gov/Archives/edgar/data/2042182/000121390025062065/ea0248204-8k_oyster2.htm,https://www.sec.gov/Archives/edgar/data/2042182/000121390025062065/ea0248204-8k_oyster2.htm,2025-07-08,2025-07-08 16:10:50,https://www.sec.gov/Archives/edgar/data/2042182/0001213900-25-062065-index.html,Item 8.01; Item 9.01,Item 8.01; Item 9.01,ATM,Tier-1,https://www.sec.gov/Archives/edgar/data/2042182/000121390025062065/ea0248204-8k_oyster2.htm,,Tier-1,2025-07-08,https://www.sec.gov/Archives/edgar/data/2042182/000121390025062065/ea0248204-8k_oyster2.htm,https://www.sec.gov/Archives/edgar/data/2042182/0001213900-25-062065-index.html
OVID,Ovid Therapeutics Inc.,0001636651,2025-06-25,ATM,Tier-1,https://www.sec.gov/Archives/edgar/data/1636651/000162828025032959/ovid-20250625.htm,https://www.sec.gov/Archives/edgar/data/1636651/0001628280-25-032959-index.html,8-K,2025-06-25,2025-06-25,2025-06-25,0001628280-25-032959,https://www.sec.gov/Archives/edgar/data/1636651/000162828025032959/ovid-20250625.htm,https://www.sec.gov/Archives/edgar/data/1636651/000162828025032959/ovid-20250625.htm,2025-06-25,2025-06-25 08:22:25,https://www.sec.gov/Archives/edgar/data/1636651/0001628280-25-032959-index.html,Item 9.01,Item 9.01,ATM,Tier-1,https://www.sec.gov/Archives/edgar/data/1636651/000162828025032959/ovid-20250625.htm,,Tier-1,2025-06-25,https://www.sec.gov/Archives/edgar/data/1636651/000162828025032959/ovid-20250625.htm,https://www.sec.gov/Archives/edgar/data/1636651/0001628280-25-032959-index.html
PACH,Pioneer Acquisition I Corp,0002040381,2025-08-12,ATM,Tier-1,https://www.sec.gov/Archives/edgar/data/2040381/000182912625006115/pioneeracq1_8k.htm,https://www.sec.gov/Archives/edgar/data/2040381/0001829126-25-006115-index.html,8-K,2025-08-12,2025-08-12,2025-08-12,0001829126-25-006115,https://www.sec.gov/Archives/edgar/data/2040381/000182912625006115/pioneeracq1_8k.htm,https://www.sec.gov/Archives/edgar/data/2040381/000182912625006115/pioneeracq1_8k.htm,2025-08-12,2025-08-12 16:05:31,https://www.sec.gov/Archives/edgar/data/2040381/0001829126-25-006115-index.html,Item 8.01; Item 9.01,Item 8.01; Item 9.01,ATM,Tier-1,https://www.sec.gov/Archives/edgar/data/2040381/000182912625006115/pioneeracq1_8k.htm,,Tier-1,2025-08-12,https://www.sec.gov/Archives/edgar/data/2040381/000182912625006115/pioneeracq1_8k.htm,https://www.sec.gov/Archives/edgar/data/2040381/0001829126-25-006115-index.html
PACH,Pioneer Acquisition I Corp,0002040381,2025-06-20,ATM,Tier-1,https://www.sec.gov/Archives/edgar/data/2040381/000182912625004732/pioneeracq1_8k.htm,https://www.sec.gov/Archives/edgar/data/2040381/0001829126-25-004732-index.html,8-K,2025-06-26,2025-06-20,2025-06-20,0001829126-25-004732,https://www.sec.gov/Archives/edgar/data/2040381/000182912625004732/pioneeracq1_8k.htm,https://www.sec.gov/Archives/edgar/data/2040381/000182912625004732/pioneeracq1_8k.htm,2025-06-20,2025-06-26 17:29:18,https://www.sec.gov/Archives/edgar/data/2040381/0001829126-25-004732-index.html,Item 8.01; Item 9.01,Item 8.01; Item 9.01,ATM,Tier-1,https://www.sec.gov/Archives/edgar/data/2040381/000182912625004732/pioneeracq1_8k.htm,,Tier-1,2025-06-20,https://www.sec.gov/Archives/edgar/data/2040381/000182912625004732/pioneeracq1_8k.htm,https://www.sec.gov/Archives/edgar/data/2040381/0001829126-25-004732-index.html
PALI,"PALISADE BIO, INC.",0001357459,2025-10-15,ATM,Tier-1,https://www.sec.gov/Archives/edgar/data/1357459/000149315225018324/form8-k.htm,https://www.sec.gov/Archives/edgar/data/1357459/0001493152-25-018324-index.html,8-K,2025-10-16,2025-10-15,2025-10-15,0001493152-25-018324,https://www.sec.gov/Archives/edgar/data/1357459/000149315225018324/form8-k.htm,https://www.sec.gov/Archives/edgar/data/1357459/000149315225018324/form8-k.htm,2025-10-15,2025-10-16 16:30:58,https://www.sec.gov/Archives/edgar/data/1357459/0001493152-25-018324-index.html,Item 8.01,Item 8.01,ATM,Tier-1,https://www.sec.gov/Archives/edgar/data/1357459/000149315225018324/form8-k.htm,,Tier-1,2025-10-15,https://www.sec.gov/Archives/edgar/data/1357459/000149315225018324/form8-k.htm,https://www.sec.gov/Archives/edgar/data/1357459/0001493152-25-018324-index.html
PACH,Pioneer Acquisition I Corp,0002040381,2025-06-17,ATM,Tier-1,https://www.sec.gov/Archives/edgar/data/2040381/000182912625004628/pioneeracq1_8k.htm,https://www.sec.gov/Archives/edgar/data/2040381/0001829126-25-004628-index.html,8-K,2025-06-20,2025-06-17,2025-06-17,0001829126-25-004628,https://www.sec.gov/Archives/edgar/data/2040381/000182912625004628/pioneeracq1_8k.htm,https://www.sec.gov/Archives/edgar/data/2040381/000182912625004628/pioneeracq1_8k.htm,2025-06-17,2025-06-20 17:25:09,https://www.sec.gov/Archives/edgar/data/2040381/0001829126-25-004628-index.html,Item 9.01,Item 9.01,ATM,Tier-1,https://www.sec.gov/Archives/edgar/data/2040381/000182912625004628/pioneeracq1_8k.htm,,Tier-1,2025-06-17,https://www.sec.gov/Archives/edgar/data/2040381/000182912625004628/pioneeracq1_8k.htm,https://www.sec.gov/Archives/edgar/data/2040381/0001829126-25-004628-index.html
PALI,"PALISADE BIO, INC.",0001357459,2025-10-09,ATM,Tier-1,https://www.sec.gov/Archives/edgar/data/1357459/000149315225017630/form8-k.htm,https://www.sec.gov/Archives/edgar/data/1357459/0001493152-25-017630-index.html,8-K,2025-10-09,2025-10-09,2025-10-09,0001493152-25-017630,https://www.sec.gov/Archives/edgar/data/1357459/000149315225017630/form8-k.htm,https://www.sec.gov/Archives/edgar/data/1357459/000149315225017630/form8-k.htm,2025-10-09,2025-10-09 17:08:01,https://www.sec.gov/Archives/edgar/data/1357459/0001493152-25-017630-index.html,Item 8.01; Item 9.01,Item 8.01; Item 9.01,ATM,Tier-1,https://www.sec.gov/Archives/edgar/data/1357459/000149315225017630/form8-k.htm,,Tier-1,2025-10-09,https://www.sec.gov/Archives/edgar/data/1357459/000149315225017630/form8-k.htm,https://www.sec.gov/Archives/edgar/data/1357459/0001493152-25-017630-index.html
PALI,"PALISADE BIO, INC.",0001357459,2025-07-23,ATM,Tier-1,https://www.sec.gov/Archives/edgar/data/1357459/000164117225020896/form8-k.htm,https://www.sec.gov/Archives/edgar/data/1357459/0001641172-25-020896-index.html,8-K,2025-07-25,2025-07-23,2025-07-23,0001641172-25-020896,https://www.sec.gov/Archives/edgar/data/1357459/000164117225020896/form8-k.htm,https://www.sec.gov/Archives/edgar/data/1357459/000164117225020896/form8-k.htm,2025-07-23,2025-07-24 19:00:46,https://www.sec.gov/Archives/edgar/data/1357459/0001641172-25-020896-index.html,Item 1.01; Item 3.02; Item 8.01; Item 9.01,Item 1.01; Item 3.02; Item 8.01; Item 9.01,ATM,Tier-1,https://www.sec.gov/Archives/edgar/data/1357459/000164117225020896/form8-k.htm,,Tier-1,2025-07-23,https://www.sec.gov/Archives/edgar/data/1357459/000164117225020896/form8-k.htm,https://www.sec.gov/Archives/edgar/data/1357459/0001641172-25-020896-index.html
PCTTW,"PureCycle Technologies, Inc.",0001830033,2025-11-06,ListingChange,Tier-1,https://www.sec.gov/Archives/edgar/data/1830033/000119312525269502/pct-20251106.htm,https://www.sec.gov/Archives/edgar/data/1830033/0001193125-25-269502-index.html,8-K,2025-11-06,2025-11-06,2025-11-06,0001193125-25-269502,https://www.sec.gov/Archives/edgar/data/1830033/000119312525269502/pct-20251106.htm,https://www.sec.gov/Archives/edgar/data/1830033/000119312525269502/pct-20251106.htm,2025-11-06,2025-11-06 16:09:24,https://www.sec.gov/Archives/edgar/data/1830033/0001193125-25-269502-index.html,Item 1.01; Item 2.02; Item 7.01; Item 9.01,Item 1.01; Item 2.02; Item 7.01; Item 9.01,ListingChange,Tier-1,https://www.sec.gov/Archives/edgar/data/1830033/000119312525269502/pct-20251106.htm,,Tier-1,2025-11-06,https://www.sec.gov/Archives/edgar/data/1830033/000119312525269502/pct-20251106.htm,https://www.sec.gov/Archives/edgar/data/1830033/0001193125-25-269502-index.html
PCTTW,"PureCycle Technologies, Inc.",0001830033,2025-10-28,ATM,Tier-1,https://www.sec.gov/Archives/edgar/data/1830033/000119312525261755/pct-20251028.htm,https://www.sec.gov/Archives/edgar/data/1830033/0001193125-25-261755-index.html,8-K,2025-11-03,2025-10-28,2025-10-28,0001193125-25-261755,https://www.sec.gov/Archives/edgar/data/1830033/000119312525261755/pct-20251028.htm,https://www.sec.gov/Archives/edgar/data/1830033/000119312525261755/pct-20251028.htm,2025-10-28,2025-11-03 08:31:36,https://www.sec.gov/Archives/edgar/data/1830033/0001193125-25-261755-index.html,Item 5.02; Item 9.01,Item 5.02; Item 9.01,ATM,Tier-1,https://www.sec.gov/Archives/edgar/data/1830033/000119312525261755/pct-20251028.htm,,Tier-1,2025-10-28,https://www.sec.gov/Archives/edgar/data/1830033/000119312525261755/pct-20251028.htm,https://www.sec.gov/Archives/edgar/data/1830033/0001193125-25-261755-index.html
PCTTW,"PureCycle Technologies, Inc.",0001830033,2025-10-01,ATM,Tier-1,https://www.sec.gov/Archives/edgar/data/1830033/000119312525230978/pct-20251001.htm,https://www.sec.gov/Archives/edgar/data/1830033/0001193125-25-230978-index.html,8-K,2025-10-06,2025-10-01,2025-10-01,0001193125-25-230978,https://www.sec.gov/Archives/edgar/data/1830033/000119312525230978/pct-20251001.htm,https://www.sec.gov/Archives/edgar/data/1830033/000119312525230978/pct-20251001.htm,2025-10-01,2025-10-06 08:00:40,https://www.sec.gov/Archives/edgar/data/1830033/0001193125-25-230978-index.html,Item 7.01; Item 9.01,Item 7.01; Item 9.01,ATM,Tier-1,https://www.sec.gov/Archives/edgar/data/1830033/000119312525230978/pct-20251001.htm,,Tier-1,2025-10-01,https://www.sec.gov/Archives/edgar/data/1830033/000119312525230978/pct-20251001.htm,https://www.sec.gov/Archives/edgar/data/1830033/0001193125-25-230978-index.html
PCTTW,"PureCycle Technologies, Inc.",0001830033,2025-08-07,ATM,Tier-1,https://www.sec.gov/Archives/edgar/data/1830033/000095017025105020/pct-20250807.htm,https://www.sec.gov/Archives/edgar/data/1830033/0000950170-25-105020-index.html,8-K,2025-08-07,2025-08-07,2025-08-07,0000950170-25-105020,https://www.sec.gov/Archives/edgar/data/1830033/000095017025105020/pct-20250807.htm,https://www.sec.gov/Archives/edgar/data/1830033/000095017025105020/pct-20250807.htm,2025-08-07,2025-08-07 16:10:08,https://www.sec.gov/Archives/edgar/data/1830033/0000950170-25-105020-index.html,Item 2.02; Item 7.01; Item 9.01,Item 2.02; Item 7.01; Item 9.01,ATM,Tier-1,https://www.sec.gov/Archives/edgar/data/1830033/000095017025105020/pct-20250807.htm,,Tier-1,2025-08-07,https://www.sec.gov/Archives/edgar/data/1830033/000095017025105020/pct-20250807.htm,https://www.sec.gov/Archives/edgar/data/1830033/0000950170-25-105020-index.html
PCTTW,"PureCycle Technologies, Inc.",0001830033,2025-06-20,ATM,Tier-1,https://www.sec.gov/Archives/edgar/data/1830033/000110465925061724/tm2518118d2_8k.htm,https://www.sec.gov/Archives/edgar/data/1830033/0001104659-25-061724-index.html,8-K,2025-06-23,2025-06-20,2025-06-20,0001104659-25-061724,https://www.sec.gov/Archives/edgar/data/1830033/000110465925061724/tm2518118d2_8k.htm,https://www.sec.gov/Archives/edgar/data/1830033/000110465925061724/tm2518118d2_8k.htm,2025-06-20,2025-06-23 17:00:52,https://www.sec.gov/Archives/edgar/data/1830033/0001104659-25-061724-index.html,Item 3.03; Item 9.01,Item 3.03; Item 9.01,ATM,Tier-1,https://www.sec.gov/Archives/edgar/data/1830033/000110465925061724/tm2518118d2_8k.htm,,Tier-1,2025-06-20,https://www.sec.gov/Archives/edgar/data/1830033/000110465925061724/tm2518118d2_8k.htm,https://www.sec.gov/Archives/edgar/data/1830033/0001104659-25-061724-index.html
PCTTW,"PureCycle Technologies, Inc.",0001830033,2025-06-17,ATM,Tier-1,https://www.sec.gov/Archives/edgar/data/1830033/000095017025087491/pct-20250617.htm,https://www.sec.gov/Archives/edgar/data/1830033/0000950170-25-087491-index.html,8-K,2025-06-17,2025-06-17,2025-06-17,0000950170-25-087491,https://www.sec.gov/Archives/edgar/data/1830033/000095017025087491/pct-20250617.htm,https://www.sec.gov/Archives/edgar/data/1830033/000095017025087491/pct-20250617.htm,2025-06-17,2025-06-17 17:04:34,https://www.sec.gov/Archives/edgar/data/1830033/0000950170-25-087491-index.html,Item 7.01; Item 9.01,Item 7.01; Item 9.01,ATM,Tier-1,https://www.sec.gov/Archives/edgar/data/1830033/000095017025087491/pct-20250617.htm,,Tier-1,2025-06-17,https://www.sec.gov/Archives/edgar/data/1830033/000095017025087491/pct-20250617.htm,https://www.sec.gov/Archives/edgar/data/1830033/0000950170-25-087491-index.html
PELI,Pelican Acquisition Corp,0002037431,2025-10-31,OtherEvent,Tier-2,https://www.sec.gov/Archives/edgar/data/2037431/000182912625008699/pelicanacq_8k.htm,https://www.sec.gov/Archives/edgar/data/2037431/0001829126-25-008699-index.html,8-K,2025-10-31,2025-10-31,2025-10-31,0001829126-25-008699,https://www.sec.gov/Archives/edgar/data/2037431/000182912625008699/pelicanacq_8k.htm,https://www.sec.gov/Archives/edgar/data/2037431/000182912625008699/pelicanacq_8k.htm,2025-10-31,2025-10-31 16:30:30,https://www.sec.gov/Archives/edgar/data/2037431/0001829126-25-008699-index.html,Item 7.01; Item 9.01,Item 7.01; Item 9.01,OtherEvent,Tier-2,https://www.sec.gov/Archives/edgar/data/2037431/000182912625008699/pelicanacq_8k.htm,,Tier-2,2025-10-31,https://www.sec.gov/Archives/edgar/data/2037431/000182912625008699/pelicanacq_8k.htm,https://www.sec.gov/Archives/edgar/data/2037431/0001829126-25-008699-index.html
PCTTW,"PureCycle Technologies, Inc.",0001830033,2025-06-16,ATM,Tier-1,https://www.sec.gov/Archives/edgar/data/1830033/000110465925060075/tm2518118d1_8k.htm,https://www.sec.gov/Archives/edgar/data/1830033/0001104659-25-060075-index.html,8-K,2025-06-17,2025-06-16,2025-06-16,0001104659-25-060075,https://www.sec.gov/Archives/edgar/data/1830033/000110465925060075/tm2518118d1_8k.htm,https://www.sec.gov/Archives/edgar/data/1830033/000110465925060075/tm2518118d1_8k.htm,2025-06-16,2025-06-17 07:16:21,https://www.sec.gov/Archives/edgar/data/1830033/0001104659-25-060075-index.html,Item 1.01; Item 3.02; Item 7.01; Item 9.01,Item 1.01; Item 3.02; Item 7.01; Item 9.01,ATM,Tier-1,https://www.sec.gov/Archives/edgar/data/1830033/000110465925060075/tm2518118d1_8k.htm,,Tier-1,2025-06-16,https://www.sec.gov/Archives/edgar/data/1830033/000110465925060075/tm2518118d1_8k.htm,https://www.sec.gov/Archives/edgar/data/1830033/0001104659-25-060075-index.html
PELI,Pelican Acquisition Corp,0002037431,2025-06-10,ATM,Tier-1,https://www.sec.gov/Archives/edgar/data/2037431/000182912625004409/pelicanacq_8k.htm,https://www.sec.gov/Archives/edgar/data/2037431/0001829126-25-004409-index.html,8-K,2025-06-11,2025-06-10,2025-06-10,0001829126-25-004409,https://www.sec.gov/Archives/edgar/data/2037431/000182912625004409/pelicanacq_8k.htm,https://www.sec.gov/Archives/edgar/data/2037431/000182912625004409/pelicanacq_8k.htm,2025-06-10,2025-06-11 16:54:42,https://www.sec.gov/Archives/edgar/data/2037431/0001829126-25-004409-index.html,Item 8.01; Item 9.01,Item 8.01; Item 9.01,ATM,Tier-1,https://www.sec.gov/Archives/edgar/data/2037431/000182912625004409/pelicanacq_8k.htm,,Tier-1,2025-06-10,https://www.sec.gov/Archives/edgar/data/2037431/000182912625004409/pelicanacq_8k.htm,https://www.sec.gov/Archives/edgar/data/2037431/0001829126-25-004409-index.html
PELI,Pelican Acquisition Corp,0002037431,2025-10-17,OtherEvent,Tier-2,https://www.sec.gov/Archives/edgar/data/2037431/000182912625008231/pelicanacq_8k.htm,https://www.sec.gov/Archives/edgar/data/2037431/0001829126-25-008231-index.html,8-K,2025-10-20,2025-10-17,2025-10-17,0001829126-25-008231,https://www.sec.gov/Archives/edgar/data/2037431/000182912625008231/pelicanacq_8k.htm,https://www.sec.gov/Archives/edgar/data/2037431/000182912625008231/pelicanacq_8k.htm,2025-10-17,2025-10-20 07:00:41,https://www.sec.gov/Archives/edgar/data/2037431/0001829126-25-008231-index.html,Item 7.01; Item 9.01,Item 7.01; Item 9.01,OtherEvent,Tier-2,https://www.sec.gov/Archives/edgar/data/2037431/000182912625008231/pelicanacq_8k.htm,,Tier-2,2025-10-17,https://www.sec.gov/Archives/edgar/data/2037431/000182912625008231/pelicanacq_8k.htm,https://www.sec.gov/Archives/edgar/data/2037431/0001829126-25-008231-index.html
PELI,Pelican Acquisition Corp,0002037431,2025-09-09,ATM,Tier-1,https://www.sec.gov/Archives/edgar/data/2037431/000182912625007274/pelicanacq_8k.htm,https://www.sec.gov/Archives/edgar/data/2037431/0001829126-25-007274-index.html,8-K,2025-09-10,2025-09-09,2025-09-09,0001829126-25-007274,https://www.sec.gov/Archives/edgar/data/2037431/000182912625007274/pelicanacq_8k.htm,https://www.sec.gov/Archives/edgar/data/2037431/000182912625007274/pelicanacq_8k.htm,2025-09-09,2025-09-10 09:17:12,https://www.sec.gov/Archives/edgar/data/2037431/0001829126-25-007274-index.html,Item 1.01; Item 7.01; Item 9.01,Item 1.01; Item 7.01; Item 9.01,ATM,Tier-1,https://www.sec.gov/Archives/edgar/data/2037431/000182912625007274/pelicanacq_8k.htm,,Tier-1,2025-09-09,https://www.sec.gov/Archives/edgar/data/2037431/000182912625007274/pelicanacq_8k.htm,https://www.sec.gov/Archives/edgar/data/2037431/0001829126-25-007274-index.html
PELI,Pelican Acquisition Corp,0002037431,2025-05-30,ATM,Tier-1,https://www.sec.gov/Archives/edgar/data/2037431/000182912625004232/pelicanacq_8k.htm,https://www.sec.gov/Archives/edgar/data/2037431/0001829126-25-004232-index.html,8-K,2025-06-04,2025-05-30,2025-05-30,0001829126-25-004232,https://www.sec.gov/Archives/edgar/data/2037431/000182912625004232/pelicanacq_8k.htm,https://www.sec.gov/Archives/edgar/data/2037431/000182912625004232/pelicanacq_8k.htm,2025-05-30,2025-06-04 16:15:22,https://www.sec.gov/Archives/edgar/data/2037431/0001829126-25-004232-index.html,Item 8.01; Item 9.01,Item 8.01; Item 9.01,ATM,Tier-1,https://www.sec.gov/Archives/edgar/data/2037431/000182912625004232/pelicanacq_8k.htm,,Tier-1,2025-05-30,https://www.sec.gov/Archives/edgar/data/2037431/000182912625004232/pelicanacq_8k.htm,https://www.sec.gov/Archives/edgar/data/2037431/0001829126-25-004232-index.html
PELI,Pelican Acquisition Corp,0002037431,2025-10-20,ATM,Tier-1,https://www.sec.gov/Archives/edgar/data/2037431/000182912625008406/pelicanacq_8k.htm,https://www.sec.gov/Archives/edgar/data/2037431/0001829126-25-008406-index.html,8-K,2025-10-24,2025-10-20,2025-10-20,0001829126-25-008406,https://www.sec.gov/Archives/edgar/data/2037431/000182912625008406/pelicanacq_8k.htm,https://www.sec.gov/Archives/edgar/data/2037431/000182912625008406/pelicanacq_8k.htm,2025-10-20,2025-10-24 16:45:34,https://www.sec.gov/Archives/edgar/data/2037431/0001829126-25-008406-index.html,Item 7.01; Item 9.01,Item 7.01; Item 9.01,ATM,Tier-1,https://www.sec.gov/Archives/edgar/data/2037431/000182912625008406/pelicanacq_8k.htm,,Tier-1,2025-10-20,https://www.sec.gov/Archives/edgar/data/2037431/000182912625008406/pelicanacq_8k.htm,https://www.sec.gov/Archives/edgar/data/2037431/0001829126-25-008406-index.html
PETS,PETMED EXPRESS INC,0001040130,2025-11-12,ListingChange,Tier-1,https://www.sec.gov/Archives/edgar/data/1040130/000104013025000086/pets-20251112.htm,https://www.sec.gov/Archives/edgar/data/1040130/0001040130-25-000086-index.html,8-K,2025-11-13,2025-11-12,2025-11-12,0001040130-25-000086,https://www.sec.gov/Archives/edgar/data/1040130/000104013025000086/pets-20251112.htm,https://www.sec.gov/Archives/edgar/data/1040130/000104013025000086/pets-20251112.htm,2025-11-12,2025-11-13 08:31:59,https://www.sec.gov/Archives/edgar/data/1040130/0001040130-25-000086-index.html,Item 2.02; Item 3.01; Item 9.01,Item 2.02; Item 3.01; Item 9.01,ListingChange,Tier-1,https://www.sec.gov/Archives/edgar/data/1040130/000104013025000086/pets-20251112.htm,,Tier-1,2025-11-12,https://www.sec.gov/Archives/edgar/data/1040130/000104013025000086/pets-20251112.htm,https://www.sec.gov/Archives/edgar/data/1040130/0001040130-25-000086-index.html
PETS,PETMED EXPRESS INC,0001040130,2025-11-26,ATM,Tier-1,https://www.sec.gov/Archives/edgar/data/1040130/000104013025000091/pets-20251126.htm,https://www.sec.gov/Archives/edgar/data/1040130/0001040130-25-000091-index.html,8-K,2025-11-26,2025-11-26,2025-11-26,0001040130-25-000091,https://www.sec.gov/Archives/edgar/data/1040130/000104013025000091/pets-20251126.htm,https://www.sec.gov/Archives/edgar/data/1040130/000104013025000091/pets-20251126.htm,2025-11-26,2025-11-26 16:07:20,https://www.sec.gov/Archives/edgar/data/1040130/0001040130-25-000091-index.html,Item 1.01; Item 3.03; Item 8.01; Item 9.01,Item 1.01; Item 3.03; Item 8.01; Item 9.01,ATM,Tier-1,https://www.sec.gov/Archives/edgar/data/1040130/000104013025000091/pets-20251126.htm,,Tier-1,2025-11-26,https://www.sec.gov/Archives/edgar/data/1040130/000104013025000091/pets-20251126.htm,https://www.sec.gov/Archives/edgar/data/1040130/0001040130-25-000091-index.html
PETS,PETMED EXPRESS INC,0001040130,2025-10-19,ListingChange,Tier-1,https://www.sec.gov/Archives/edgar/data/1040130/000104013025000077/pets-20251019.htm,https://www.sec.gov/Archives/edgar/data/1040130/0001040130-25-000077-index.html,8-K,2025-10-21,2025-10-19,2025-10-19,0001040130-25-000077,https://www.sec.gov/Archives/edgar/data/1040130/000104013025000077/pets-20251019.htm,https://www.sec.gov/Archives/edgar/data/1040130/000104013025000077/pets-20251019.htm,2025-10-19,2025-10-21 16:22:21,https://www.sec.gov/Archives/edgar/data/1040130/0001040130-25-000077-index.html,Item 9.01,Item 9.01,ListingChange,Tier-1,https://www.sec.gov/Archives/edgar/data/1040130/000104013025000077/pets-20251019.htm,,Tier-1,2025-10-19,https://www.sec.gov/Archives/edgar/data/1040130/000104013025000077/pets-20251019.htm,https://www.sec.gov/Archives/edgar/data/1040130/0001040130-25-000077-index.html
PETS,PETMED EXPRESS INC,0001040130,2025-10-14,ListingChange,Tier-1,https://www.sec.gov/Archives/edgar/data/1040130/000104013025000074/pets-20251014.htm,https://www.sec.gov/Archives/edgar/data/1040130/0001040130-25-000074-index.html,8-K,2025-10-14,2025-10-14,2025-10-14,0001040130-25-000074,https://www.sec.gov/Archives/edgar/data/1040130/000104013025000074/pets-20251014.htm,https://www.sec.gov/Archives/edgar/data/1040130/000104013025000074/pets-20251014.htm,2025-10-14,2025-10-14 16:48:21,https://www.sec.gov/Archives/edgar/data/1040130/0001040130-25-000074-index.html,Item 2.02; Item 9.01,Item 2.02; Item 9.01,ListingChange,Tier-1,https://www.sec.gov/Archives/edgar/data/1040130/000104013025000074/pets-20251014.htm,,Tier-1,2025-10-14,https://www.sec.gov/Archives/edgar/data/1040130/000104013025000074/pets-20251014.htm,https://www.sec.gov/Archives/edgar/data/1040130/0001040130-25-000074-index.html
PETS,PETMED EXPRESS INC,0001040130,2025-07-24,ListingChange,Tier-1,https://www.sec.gov/Archives/edgar/data/1040130/000104013025000043/pets-20250724.htm,https://www.sec.gov/Archives/edgar/data/1040130/0001040130-25-000043-index.html,8-K,2025-07-28,2025-07-24,2025-07-24,0001040130-25-000043,https://www.sec.gov/Archives/edgar/data/1040130/000104013025000043/pets-20250724.htm,https://www.sec.gov/Archives/edgar/data/1040130/000104013025000043/pets-20250724.htm,2025-07-24,2025-07-28 06:39:26,https://www.sec.gov/Archives/edgar/data/1040130/0001040130-25-000043-index.html,Item 9.01,Item 9.01,ListingChange,Tier-1,https://www.sec.gov/Archives/edgar/data/1040130/000104013025000043/pets-20250724.htm,,Tier-1,2025-07-24,https://www.sec.gov/Archives/edgar/data/1040130/000104013025000043/pets-20250724.htm,https://www.sec.gov/Archives/edgar/data/1040130/0001040130-25-000043-index.html
PETS,PETMED EXPRESS INC,0001040130,2025-08-11,ContractAward,Tier-1,https://www.sec.gov/Archives/edgar/data/1040130/000104013025000049/pets-20250811.htm,https://www.sec.gov/Archives/edgar/data/1040130/0001040130-25-000049-index.html,8-K,2025-08-12,2025-08-11,2025-08-11,0001040130-25-000049,https://www.sec.gov/Archives/edgar/data/1040130/000104013025000049/pets-20250811.htm,https://www.sec.gov/Archives/edgar/data/1040130/000104013025000049/pets-20250811.htm,2025-08-11,2025-08-12 16:20:55,https://www.sec.gov/Archives/edgar/data/1040130/0001040130-25-000049-index.html,Item 5.02; Item 7.01; Item 8.01; Item 9.01,Item 5.02; Item 7.01; Item 8.01; Item 9.01,ContractAward,Tier-1,https://www.sec.gov/Archives/edgar/data/1040130/000104013025000049/pets-20250811.htm,,Tier-1,2025-08-11,https://www.sec.gov/Archives/edgar/data/1040130/000104013025000049/pets-20250811.htm,https://www.sec.gov/Archives/edgar/data/1040130/0001040130-25-000049-index.html
PETS,PETMED EXPRESS INC,0001040130,2025-07-02,ListingChange,Tier-1,https://www.sec.gov/Archives/edgar/data/1040130/000104013025000040/pets-20250702.htm,https://www.sec.gov/Archives/edgar/data/1040130/0001040130-25-000040-index.html,8-K,2025-07-03,2025-07-02,2025-07-02,0001040130-25-000040,https://www.sec.gov/Archives/edgar/data/1040130/000104013025000040/pets-20250702.htm,https://www.sec.gov/Archives/edgar/data/1040130/000104013025000040/pets-20250702.htm,2025-07-02,2025-07-03 08:36:16,https://www.sec.gov/Archives/edgar/data/1040130/0001040130-25-000040-index.html,Item 3.01; Item 9.01,Item 3.01; Item 9.01,ListingChange,Tier-1,https://www.sec.gov/Archives/edgar/data/1040130/000104013025000040/pets-20250702.htm,,Tier-1,2025-07-02,https://www.sec.gov/Archives/edgar/data/1040130/000104013025000040/pets-20250702.htm,https://www.sec.gov/Archives/edgar/data/1040130/0001040130-25-000040-index.html
PEW,GrabAGun Digital Holdings Inc.,0002051380,2025-10-02,ListingChange,Tier-1,https://www.sec.gov/Archives/edgar/data/2051380/000121390025095859/ea0260203-8k_graba.htm,https://www.sec.gov/Archives/edgar/data/2051380/0001213900-25-095859-index.html,8-K,2025-10-03,2025-10-02,2025-10-02,0001213900-25-095859,https://www.sec.gov/Archives/edgar/data/2051380/000121390025095859/ea0260203-8k_graba.htm,https://www.sec.gov/Archives/edgar/data/2051380/000121390025095859/ea0260203-8k_graba.htm,2025-10-02,2025-10-03 09:24:03,https://www.sec.gov/Archives/edgar/data/2051380/0001213900-25-095859-index.html,Item 2.02; Item 9.01,Item 2.02; Item 9.01,ListingChange,Tier-1,https://www.sec.gov/Archives/edgar/data/2051380/000121390025095859/ea0260203-8k_graba.htm,,Tier-1,2025-10-02,https://www.sec.gov/Archives/edgar/data/2051380/000121390025095859/ea0260203-8k_graba.htm,https://www.sec.gov/Archives/edgar/data/2051380/0001213900-25-095859-index.html
PEW,GrabAGun Digital Holdings Inc.,0002051380,2025-08-04,ListingChange,Tier-1,https://www.sec.gov/Archives/edgar/data/2051380/000121390025070943/ea0251508-8k_graba.htm,https://www.sec.gov/Archives/edgar/data/2051380/0001213900-25-070943-index.html,8-K,2025-08-04,2025-08-04,2025-08-04,0001213900-25-070943,https://www.sec.gov/Archives/edgar/data/2051380/000121390025070943/ea0251508-8k_graba.htm,https://www.sec.gov/Archives/edgar/data/2051380/000121390025070943/ea0251508-8k_graba.htm,2025-08-04,2025-08-04 10:03:05,https://www.sec.gov/Archives/edgar/data/2051380/0001213900-25-070943-index.html,Item 7.01; Item 9.01,Item 7.01; Item 9.01,ListingChange,Tier-1,https://www.sec.gov/Archives/edgar/data/2051380/000121390025070943/ea0251508-8k_graba.htm,,Tier-1,2025-08-04,https://www.sec.gov/Archives/edgar/data/2051380/000121390025070943/ea0251508-8k_graba.htm,https://www.sec.gov/Archives/edgar/data/2051380/0001213900-25-070943-index.html
PEW,GrabAGun Digital Holdings Inc.,0002051380,2025-07-22,ATM,Tier-1,https://www.sec.gov/Archives/edgar/data/2051380/000121390025066382/ea0249834-8k_graba.htm,https://www.sec.gov/Archives/edgar/data/2051380/0001213900-25-066382-index.html,8-K,2025-07-22,2025-07-22,2025-07-22,0001213900-25-066382,https://www.sec.gov/Archives/edgar/data/2051380/000121390025066382/ea0249834-8k_graba.htm,https://www.sec.gov/Archives/edgar/data/2051380/000121390025066382/ea0249834-8k_graba.htm,2025-07-22,2025-07-22 09:29:28,https://www.sec.gov/Archives/edgar/data/2051380/0001213900-25-066382-index.html,Item 7.01; Item 9.01,Item 7.01; Item 9.01,ATM,Tier-1,https://www.sec.gov/Archives/edgar/data/2051380/000121390025066382/ea0249834-8k_graba.htm,,Tier-1,2025-07-22,https://www.sec.gov/Archives/edgar/data/2051380/000121390025066382/ea0249834-8k_graba.htm,https://www.sec.gov/Archives/edgar/data/2051380/0001213900-25-066382-index.html
PEW,GrabAGun Digital Holdings Inc.,0002051380,2025-07-15,ATM,Tier-1,https://www.sec.gov/Archives/edgar/data/2051380/000121390025064226/ea0249007-8k_graba.htm,https://www.sec.gov/Archives/edgar/data/2051380/0001213900-25-064226-index.html,8-K,2025-07-15,2025-07-15,2025-07-15,0001213900-25-064226,https://www.sec.gov/Archives/edgar/data/2051380/000121390025064226/ea0249007-8k_graba.htm,https://www.sec.gov/Archives/edgar/data/2051380/000121390025064226/ea0249007-8k_graba.htm,2025-07-15,2025-07-15 15:40:51,https://www.sec.gov/Archives/edgar/data/2051380/0001213900-25-064226-index.html,Item 7.01; Item 9.01,Item 7.01; Item 9.01,ATM,Tier-1,https://www.sec.gov/Archives/edgar/data/2051380/000121390025064226/ea0249007-8k_graba.htm,,Tier-1,2025-07-15,https://www.sec.gov/Archives/edgar/data/2051380/000121390025064226/ea0249007-8k_graba.htm,https://www.sec.gov/Archives/edgar/data/2051380/0001213900-25-064226-index.html
PEW,GrabAGun Digital Holdings Inc.,0002051380,2025-11-13,ListingChange,Tier-1,https://www.sec.gov/Archives/edgar/data/2051380/000119312525280114/pew-20251113.htm,https://www.sec.gov/Archives/edgar/data/2051380/0001193125-25-280114-index.html,8-K,2025-11-13,2025-11-13,2025-11-13,0001193125-25-280114,https://www.sec.gov/Archives/edgar/data/2051380/000119312525280114/pew-20251113.htm,https://www.sec.gov/Archives/edgar/data/2051380/000119312525280114/pew-20251113.htm,2025-11-13,2025-11-13 16:04:02,https://www.sec.gov/Archives/edgar/data/2051380/0001193125-25-280114-index.html,Item 2.02; Item 9.01,Item 2.02; Item 9.01,ListingChange,Tier-1,https://www.sec.gov/Archives/edgar/data/2051380/000119312525280114/pew-20251113.htm,,Tier-1,2025-11-13,https://www.sec.gov/Archives/edgar/data/2051380/000119312525280114/pew-20251113.htm,https://www.sec.gov/Archives/edgar/data/2051380/0001193125-25-280114-index.html
PFXNZ,PhenixFIN Corp,0001490349,2025-08-06,ATM,Tier-1,https://www.sec.gov/Archives/edgar/data/1490349/000121390025072560/ea0250355-8k_phenixfin.htm,https://www.sec.gov/Archives/edgar/data/1490349/0001213900-25-072560-index.html,8-K,2025-08-06,2025-08-06,2025-08-06,0001213900-25-072560,https://www.sec.gov/Archives/edgar/data/1490349/000121390025072560/ea0250355-8k_phenixfin.htm,https://www.sec.gov/Archives/edgar/data/1490349/000121390025072560/ea0250355-8k_phenixfin.htm,2025-08-06,2025-08-06 16:16:00,https://www.sec.gov/Archives/edgar/data/1490349/0001213900-25-072560-index.html,Item 2.02; Item 9.01,Item 2.02; Item 9.01,ATM,Tier-1,https://www.sec.gov/Archives/edgar/data/1490349/000121390025072560/ea0250355-8k_phenixfin.htm,,Tier-1,2025-08-06,https://www.sec.gov/Archives/edgar/data/1490349/000121390025072560/ea0250355-8k_phenixfin.htm,https://www.sec.gov/Archives/edgar/data/1490349/0001213900-25-072560-index.html
PHGE,BiomX Inc.,0001739174,2025-11-17,ATM,Tier-1,https://www.sec.gov/Archives/edgar/data/1739174/000121390025111265/ea0265970-8k_biomx.htm,https://www.sec.gov/Archives/edgar/data/1739174/0001213900-25-111265-index.html,8-K,2025-11-17,2025-11-17,2025-11-17,0001213900-25-111265,https://www.sec.gov/Archives/edgar/data/1739174/000121390025111265/ea0265970-8k_biomx.htm,https://www.sec.gov/Archives/edgar/data/1739174/000121390025111265/ea0265970-8k_biomx.htm,2025-11-17,2025-11-17 07:56:04,https://www.sec.gov/Archives/edgar/data/1739174/0001213900-25-111265-index.html,Item 3.03; Item 5.03; Item 9.01,Item 3.03; Item 5.03; Item 9.01,ATM,Tier-1,https://www.sec.gov/Archives/edgar/data/1739174/000121390025111265/ea0265970-8k_biomx.htm,,Tier-1,2025-11-17,https://www.sec.gov/Archives/edgar/data/1739174/000121390025111265/ea0265970-8k_biomx.htm,https://www.sec.gov/Archives/edgar/data/1739174/0001213900-25-111265-index.html
PEW,GrabAGun Digital Holdings Inc.,0002051380,2025-07-15,ATM,Tier-1,https://www.sec.gov/Archives/edgar/data/2051380/000121390025076700/ea0252190-8ka1_graba.htm,https://www.sec.gov/Archives/edgar/data/2051380/0001213900-25-076700-index.html,8-K/A,2025-08-14,2025-07-15,2025-07-15,0001213900-25-076700,https://www.sec.gov/Archives/edgar/data/2051380/000121390025076700/ea0252190-8ka1_graba.htm,https://www.sec.gov/Archives/edgar/data/2051380/000121390025076700/ea0252190-8ka1_graba.htm,2025-07-15,2025-08-14 16:23:39,https://www.sec.gov/Archives/edgar/data/2051380/0001213900-25-076700-index.html,Item 2.01; Item 9.01,Item 2.01; Item 9.01,ATM,Tier-1,https://www.sec.gov/Archives/edgar/data/2051380/000121390025076700/ea0252190-8ka1_graba.htm,,Tier-1,2025-07-15,https://www.sec.gov/Archives/edgar/data/2051380/000121390025076700/ea0252190-8ka1_graba.htm,https://www.sec.gov/Archives/edgar/data/2051380/0001213900-25-076700-index.html
PHGE,BiomX Inc.,0001739174,2025-11-12,ATM,Tier-1,https://www.sec.gov/Archives/edgar/data/1739174/000121390025108722/ea0265281-8k_biomx.htm,https://www.sec.gov/Archives/edgar/data/1739174/0001213900-25-108722-index.html,8-K,2025-11-12,2025-11-12,2025-11-12,0001213900-25-108722,https://www.sec.gov/Archives/edgar/data/1739174/000121390025108722/ea0265281-8k_biomx.htm,https://www.sec.gov/Archives/edgar/data/1739174/000121390025108722/ea0265281-8k_biomx.htm,2025-11-12,2025-11-12 07:45:52,https://www.sec.gov/Archives/edgar/data/1739174/0001213900-25-108722-index.html,Item 2.02; Item 9.01,Item 2.02; Item 9.01,ATM,Tier-1,https://www.sec.gov/Archives/edgar/data/1739174/000121390025108722/ea0265281-8k_biomx.htm,,Tier-1,2025-11-12,https://www.sec.gov/Archives/edgar/data/1739174/000121390025108722/ea0265281-8k_biomx.htm,https://www.sec.gov/Archives/edgar/data/1739174/0001213900-25-108722-index.html
PHGE,BiomX Inc.,0001739174,2025-08-13,ATM,Tier-1,https://www.sec.gov/Archives/edgar/data/1739174/000121390025075272/ea0253022-8k_biomx.htm,https://www.sec.gov/Archives/edgar/data/1739174/0001213900-25-075272-index.html,8-K,2025-08-13,2025-08-13,2025-08-13,0001213900-25-075272,https://www.sec.gov/Archives/edgar/data/1739174/000121390025075272/ea0253022-8k_biomx.htm,https://www.sec.gov/Archives/edgar/data/1739174/000121390025075272/ea0253022-8k_biomx.htm,2025-08-13,2025-08-13 07:24:04,https://www.sec.gov/Archives/edgar/data/1739174/0001213900-25-075272-index.html,Item 2.02; Item 9.01,Item 2.02; Item 9.01,ATM,Tier-1,https://www.sec.gov/Archives/edgar/data/1739174/000121390025075272/ea0253022-8k_biomx.htm,,Tier-1,2025-08-13,https://www.sec.gov/Archives/edgar/data/1739174/000121390025075272/ea0253022-8k_biomx.htm,https://www.sec.gov/Archives/edgar/data/1739174/0001213900-25-075272-index.html
PHGE,BiomX Inc.,0001739174,2025-07-08,ATM,Tier-1,https://www.sec.gov/Archives/edgar/data/1739174/000121390025061939/ea0248257-8k_biomx.htm,https://www.sec.gov/Archives/edgar/data/1739174/0001213900-25-061939-index.html,8-K,2025-07-08,2025-07-08,2025-07-08,0001213900-25-061939,https://www.sec.gov/Archives/edgar/data/1739174/000121390025061939/ea0248257-8k_biomx.htm,https://www.sec.gov/Archives/edgar/data/1739174/000121390025061939/ea0248257-8k_biomx.htm,2025-07-08,2025-07-08 09:15:33,https://www.sec.gov/Archives/edgar/data/1739174/0001213900-25-061939-index.html,Item 7.01; Item 9.01,Item 7.01; Item 9.01,ATM,Tier-1,https://www.sec.gov/Archives/edgar/data/1739174/000121390025061939/ea0248257-8k_biomx.htm,,Tier-1,2025-07-08,https://www.sec.gov/Archives/edgar/data/1739174/000121390025061939/ea0248257-8k_biomx.htm,https://www.sec.gov/Archives/edgar/data/1739174/0001213900-25-061939-index.html
PHUN,"Phunware, Inc.",0001665300,2025-10-16,ContractAward,Tier-1,https://www.sec.gov/Archives/edgar/data/1665300/000119312525245840/phun-20251016.htm,https://www.sec.gov/Archives/edgar/data/1665300/0001193125-25-245840-index.html,8-K,2025-10-22,2025-10-16,2025-10-16,0001193125-25-245840,https://www.sec.gov/Archives/edgar/data/1665300/000119312525245840/phun-20251016.htm,https://www.sec.gov/Archives/edgar/data/1665300/000119312525245840/phun-20251016.htm,2025-10-16,2025-10-22 09:07:36,https://www.sec.gov/Archives/edgar/data/1665300/0001193125-25-245840-index.html,Item 5.02; Item 7.01; Item 9.01,Item 5.02; Item 7.01; Item 9.01,ContractAward,Tier-1,https://www.sec.gov/Archives/edgar/data/1665300/000119312525245840/phun-20251016.htm,,Tier-1,2025-10-16,https://www.sec.gov/Archives/edgar/data/1665300/000119312525245840/phun-20251016.htm,https://www.sec.gov/Archives/edgar/data/1665300/0001193125-25-245840-index.html
PHGE,BiomX Inc.,0001739174,2025-06-09,ATM,Tier-1,https://www.sec.gov/Archives/edgar/data/1739174/000121390025052377/ea0245109-8k_biomxinc.htm,https://www.sec.gov/Archives/edgar/data/1739174/0001213900-25-052377-index.html,8-K,2025-06-09,2025-06-09,2025-06-09,0001213900-25-052377,https://www.sec.gov/Archives/edgar/data/1739174/000121390025052377/ea0245109-8k_biomxinc.htm,https://www.sec.gov/Archives/edgar/data/1739174/000121390025052377/ea0245109-8k_biomxinc.htm,2025-06-09,2025-06-09 09:23:40,https://www.sec.gov/Archives/edgar/data/1739174/0001213900-25-052377-index.html,Item 7.01; Item 9.01,Item 7.01; Item 9.01,ATM,Tier-1,https://www.sec.gov/Archives/edgar/data/1739174/000121390025052377/ea0245109-8k_biomxinc.htm,,Tier-1,2025-06-09,https://www.sec.gov/Archives/edgar/data/1739174/000121390025052377/ea0245109-8k_biomxinc.htm,https://www.sec.gov/Archives/edgar/data/1739174/0001213900-25-052377-index.html
PHUN,"Phunware, Inc.",0001665300,2025-11-06,ATM,Tier-1,https://www.sec.gov/Archives/edgar/data/1665300/000119312525269673/phun-20251106.htm,https://www.sec.gov/Archives/edgar/data/1665300/0001193125-25-269673-index.html,8-K,2025-11-06,2025-11-06,2025-11-06,0001193125-25-269673,https://www.sec.gov/Archives/edgar/data/1665300/000119312525269673/phun-20251106.htm,https://www.sec.gov/Archives/edgar/data/1665300/000119312525269673/phun-20251106.htm,2025-11-06,2025-11-06 16:25:52,https://www.sec.gov/Archives/edgar/data/1665300/0001193125-25-269673-index.html,Item 2.02; Item 9.01,Item 2.02; Item 9.01,ATM,Tier-1,https://www.sec.gov/Archives/edgar/data/1665300/000119312525269673/phun-20251106.htm,,Tier-1,2025-11-06,https://www.sec.gov/Archives/edgar/data/1665300/000119312525269673/phun-20251106.htm,https://www.sec.gov/Archives/edgar/data/1665300/0001193125-25-269673-index.html
PHUN,"Phunware, Inc.",0001665300,2025-07-13,ContractAward,Tier-1,https://www.sec.gov/Archives/edgar/data/1665300/000095017025096670/phun-20250713.htm,https://www.sec.gov/Archives/edgar/data/1665300/0000950170-25-096670-index.html,8-K,2025-07-17,2025-07-13,2025-07-13,0000950170-25-096670,https://www.sec.gov/Archives/edgar/data/1665300/000095017025096670/phun-20250713.htm,https://www.sec.gov/Archives/edgar/data/1665300/000095017025096670/phun-20250713.htm,2025-07-13,2025-07-17 17:21:45,https://www.sec.gov/Archives/edgar/data/1665300/0000950170-25-096670-index.html,Item 1.01; Item 5.02; Item 7.01; Item 9.01,Item 1.01; Item 5.02; Item 7.01; Item 9.01,ContractAward,Tier-1,https://www.sec.gov/Archives/edgar/data/1665300/000095017025096670/phun-20250713.htm,,Tier-1,2025-07-13,https://www.sec.gov/Archives/edgar/data/1665300/000095017025096670/phun-20250713.htm,https://www.sec.gov/Archives/edgar/data/1665300/0000950170-25-096670-index.html
PHUN,"Phunware, Inc.",0001665300,2025-08-08,ListingChange,Tier-1,https://www.sec.gov/Archives/edgar/data/1665300/000095017025105872/phun-20250808.htm,https://www.sec.gov/Archives/edgar/data/1665300/0000950170-25-105872-index.html,8-K,2025-08-08,2025-08-08,2025-08-08,0000950170-25-105872,https://www.sec.gov/Archives/edgar/data/1665300/000095017025105872/phun-20250808.htm,https://www.sec.gov/Archives/edgar/data/1665300/000095017025105872/phun-20250808.htm,2025-08-08,2025-08-08 16:20:50,https://www.sec.gov/Archives/edgar/data/1665300/0000950170-25-105872-index.html,Item 2.02; Item 9.01,Item 2.02; Item 9.01,ListingChange,Tier-1,https://www.sec.gov/Archives/edgar/data/1665300/000095017025105872/phun-20250808.htm,,Tier-1,2025-08-08,https://www.sec.gov/Archives/edgar/data/1665300/000095017025105872/phun-20250808.htm,https://www.sec.gov/Archives/edgar/data/1665300/0000950170-25-105872-index.html
PLBY,"Playboy, Inc.",0001803914,2025-11-20,ATM,Tier-1,https://www.sec.gov/Archives/edgar/data/1803914/000162828025053323/ply-20251120.htm,https://www.sec.gov/Archives/edgar/data/1803914/0001628280-25-053323-index.html,8-K,2025-11-20,2025-11-20,2025-11-20,0001628280-25-053323,https://www.sec.gov/Archives/edgar/data/1803914/000162828025053323/ply-20251120.htm,https://www.sec.gov/Archives/edgar/data/1803914/000162828025053323/ply-20251120.htm,2025-11-20,2025-11-20 07:53:21,https://www.sec.gov/Archives/edgar/data/1803914/0001628280-25-053323-index.html,Item 7.01; Item 9.01,Item 7.01; Item 9.01,ATM,Tier-1,https://www.sec.gov/Archives/edgar/data/1803914/000162828025053323/ply-20251120.htm,,Tier-1,2025-11-20,https://www.sec.gov/Archives/edgar/data/1803914/000162828025053323/ply-20251120.htm,https://www.sec.gov/Archives/edgar/data/1803914/0001628280-25-053323-index.html
PLBY,"Playboy, Inc.",0001803914,2025-11-12,ListingChange,Tier-1,https://www.sec.gov/Archives/edgar/data/1803914/000162828025051608/ply-20251112.htm,https://www.sec.gov/Archives/edgar/data/1803914/0001628280-25-051608-index.html,8-K,2025-11-12,2025-11-12,2025-11-12,0001628280-25-051608,https://www.sec.gov/Archives/edgar/data/1803914/000162828025051608/ply-20251112.htm,https://www.sec.gov/Archives/edgar/data/1803914/000162828025051608/ply-20251112.htm,2025-11-12,2025-11-12 16:14:49,https://www.sec.gov/Archives/edgar/data/1803914/0001628280-25-051608-index.html,Item 2.02; Item 7.01; Item 9.01,Item 2.02; Item 7.01; Item 9.01,ListingChange,Tier-1,https://www.sec.gov/Archives/edgar/data/1803914/000162828025051608/ply-20251112.htm,,Tier-1,2025-11-12,https://www.sec.gov/Archives/edgar/data/1803914/000162828025051608/ply-20251112.htm,https://www.sec.gov/Archives/edgar/data/1803914/0001628280-25-051608-index.html
PLBY,"Playboy, Inc.",0001803914,2025-09-05,ContractAward,Tier-1,https://www.sec.gov/Archives/edgar/data/1803914/000180391425000129/ply-20250905.htm,https://www.sec.gov/Archives/edgar/data/1803914/0001803914-25-000129-index.html,8-K,2025-09-08,2025-09-05,2025-09-05,0001803914-25-000129,https://www.sec.gov/Archives/edgar/data/1803914/000180391425000129/ply-20250905.htm,https://www.sec.gov/Archives/edgar/data/1803914/000180391425000129/ply-20250905.htm,2025-09-05,2025-09-08 06:35:06,https://www.sec.gov/Archives/edgar/data/1803914/0001803914-25-000129-index.html,Item 8.01; Item 9.01,Item 8.01; Item 9.01,ContractAward,Tier-1,https://www.sec.gov/Archives/edgar/data/1803914/000180391425000129/ply-20250905.htm,,Tier-1,2025-09-05,https://www.sec.gov/Archives/edgar/data/1803914/000180391425000129/ply-20250905.htm,https://www.sec.gov/Archives/edgar/data/1803914/0001803914-25-000129-index.html
PLBY,"Playboy, Inc.",0001803914,2025-08-22,ATM,Tier-1,https://www.sec.gov/Archives/edgar/data/1803914/000180391425000127/ply-20250822.htm,https://www.sec.gov/Archives/edgar/data/1803914/0001803914-25-000127-index.html,8-K,2025-08-25,2025-08-22,2025-08-22,0001803914-25-000127,https://www.sec.gov/Archives/edgar/data/1803914/000180391425000127/ply-20250822.htm,https://www.sec.gov/Archives/edgar/data/1803914/000180391425000127/ply-20250822.htm,2025-08-22,2025-08-25 08:11:08,https://www.sec.gov/Archives/edgar/data/1803914/0001803914-25-000127-index.html,Item 3.02; Item 7.01; Item 9.01,Item 3.02; Item 7.01; Item 9.01,ATM,Tier-1,https://www.sec.gov/Archives/edgar/data/1803914/000180391425000127/ply-20250822.htm,,Tier-1,2025-08-22,https://www.sec.gov/Archives/edgar/data/1803914/000180391425000127/ply-20250822.htm,https://www.sec.gov/Archives/edgar/data/1803914/0001803914-25-000127-index.html
PLBY,"Playboy, Inc.",0001803914,2025-08-12,ListingChange,Tier-1,https://www.sec.gov/Archives/edgar/data/1803914/000180391425000120/ply-20250812.htm,https://www.sec.gov/Archives/edgar/data/1803914/0001803914-25-000120-index.html,8-K,2025-08-12,2025-08-12,2025-08-12,0001803914-25-000120,https://www.sec.gov/Archives/edgar/data/1803914/000180391425000120/ply-20250812.htm,https://www.sec.gov/Archives/edgar/data/1803914/000180391425000120/ply-20250812.htm,2025-08-12,2025-08-12 16:13:14,https://www.sec.gov/Archives/edgar/data/1803914/0001803914-25-000120-index.html,Item 2.02; Item 7.01; Item 9.01,Item 2.02; Item 7.01; Item 9.01,ListingChange,Tier-1,https://www.sec.gov/Archives/edgar/data/1803914/000180391425000120/ply-20250812.htm,,Tier-1,2025-08-12,https://www.sec.gov/Archives/edgar/data/1803914/000180391425000120/ply-20250812.htm,https://www.sec.gov/Archives/edgar/data/1803914/0001803914-25-000120-index.html
PLBY,"Playboy, Inc.",0001803914,2025-08-04,GuidanceUp,Tier-1,https://www.sec.gov/Archives/edgar/data/1803914/000180391425000114/ply-20250804.htm,https://www.sec.gov/Archives/edgar/data/1803914/0001803914-25-000114-index.html,8-K,2025-08-07,2025-08-04,2025-08-04,0001803914-25-000114,https://www.sec.gov/Archives/edgar/data/1803914/000180391425000114/ply-20250804.htm,https://www.sec.gov/Archives/edgar/data/1803914/000180391425000114/ply-20250804.htm,2025-08-04,2025-08-07 08:29:47,https://www.sec.gov/Archives/edgar/data/1803914/0001803914-25-000114-index.html,Item 5.02; Item 9.01,Item 5.02; Item 9.01,GuidanceUp,Tier-1,https://www.sec.gov/Archives/edgar/data/1803914/000180391425000114/ply-20250804.htm,,Tier-1,2025-08-04,https://www.sec.gov/Archives/edgar/data/1803914/000180391425000114/ply-20250804.htm,https://www.sec.gov/Archives/edgar/data/1803914/0001803914-25-000114-index.html
PLBY,"Playboy, Inc.",0001803914,2025-06-25,ListingChange,Tier-1,https://www.sec.gov/Archives/edgar/data/1803914/000180391425000109/ply-20250625.htm,https://www.sec.gov/Archives/edgar/data/1803914/0001803914-25-000109-index.html,8-K,2025-06-25,2025-06-25,2025-06-25,0001803914-25-000109,https://www.sec.gov/Archives/edgar/data/1803914/000180391425000109/ply-20250625.htm,https://www.sec.gov/Archives/edgar/data/1803914/000180391425000109/ply-20250625.htm,2025-06-25,2025-06-25 16:08:50,https://www.sec.gov/Archives/edgar/data/1803914/0001803914-25-000109-index.html,Item 5.03; Item 8.01; Item 9.01,Item 5.03; Item 8.01; Item 9.01,ListingChange,Tier-1,https://www.sec.gov/Archives/edgar/data/1803914/000180391425000109/ply-20250625.htm,,Tier-1,2025-06-25,https://www.sec.gov/Archives/edgar/data/1803914/000180391425000109/ply-20250625.htm,https://www.sec.gov/Archives/edgar/data/1803914/0001803914-25-000109-index.html
PLBY,"PLBY Group, Inc.",0001803914,2025-06-16,ListingChange,Tier-1,https://www.sec.gov/Archives/edgar/data/1803914/000180391425000102/ply-20250616.htm,https://www.sec.gov/Archives/edgar/data/1803914/0001803914-25-000102-index.html,8-K,2025-06-16,2025-06-16,2025-06-16,0001803914-25-000102,https://www.sec.gov/Archives/edgar/data/1803914/000180391425000102/ply-20250616.htm,https://www.sec.gov/Archives/edgar/data/1803914/000180391425000102/ply-20250616.htm,2025-06-16,2025-06-16 16:19:47,https://www.sec.gov/Archives/edgar/data/1803914/0001803914-25-000102-index.html,Item 5.07; Item 8.01; Item 9.01,Item 5.07; Item 8.01; Item 9.01,ListingChange,Tier-1,https://www.sec.gov/Archives/edgar/data/1803914/000180391425000102/ply-20250616.htm,,Tier-1,2025-06-16,https://www.sec.gov/Archives/edgar/data/1803914/000180391425000102/ply-20250616.htm,https://www.sec.gov/Archives/edgar/data/1803914/0001803914-25-000102-index.html
POWW,Outdoor Holding Co,0001015383,2025-09-17,ATM,Tier-1,https://www.sec.gov/Archives/edgar/data/1015383/000149315225014364/form8-k.htm,https://www.sec.gov/Archives/edgar/data/1015383/0001493152-25-014364-index.html,8-K,2025-09-22,2025-09-17,2025-09-17,0001493152-25-014364,https://www.sec.gov/Archives/edgar/data/1015383/000149315225014364/form8-k.htm,https://www.sec.gov/Archives/edgar/data/1015383/000149315225014364/form8-k.htm,2025-09-17,2025-09-22 06:06:11,https://www.sec.gov/Archives/edgar/data/1015383/0001493152-25-014364-index.html,Item 3.02; Item 8.01,Item 3.02; Item 8.01,ATM,Tier-1,https://www.sec.gov/Archives/edgar/data/1015383/000149315225014364/form8-k.htm,,Tier-1,2025-09-17,https://www.sec.gov/Archives/edgar/data/1015383/000149315225014364/form8-k.htm,https://www.sec.gov/Archives/edgar/data/1015383/0001493152-25-014364-index.html
POWW,Outdoor Holding Co,0001015383,2025-11-10,ContractAward,Tier-1,https://www.sec.gov/Archives/edgar/data/1015383/000149315225021388/form8-k.htm,https://www.sec.gov/Archives/edgar/data/1015383/0001493152-25-021388-index.html,8-K,2025-11-10,2025-11-10,2025-11-10,0001493152-25-021388,https://www.sec.gov/Archives/edgar/data/1015383/000149315225021388/form8-k.htm,https://www.sec.gov/Archives/edgar/data/1015383/000149315225021388/form8-k.htm,2025-11-10,2025-11-10 07:00:36,https://www.sec.gov/Archives/edgar/data/1015383/0001493152-25-021388-index.html,Item 2.02; Item 9.01,Item 2.02; Item 9.01,ContractAward,Tier-1,https://www.sec.gov/Archives/edgar/data/1015383/000149315225021388/form8-k.htm,,Tier-1,2025-11-10,https://www.sec.gov/Archives/edgar/data/1015383/000149315225021388/form8-k.htm,https://www.sec.gov/Archives/edgar/data/1015383/0001493152-25-021388-index.html
POWW,Outdoor Holding Co,0001015383,2025-08-29,ATM,Tier-1,https://www.sec.gov/Archives/edgar/data/1015383/000149315225012556/form8-k.htm,https://www.sec.gov/Archives/edgar/data/1015383/0001493152-25-012556-index.html,8-K,2025-09-02,2025-08-29,2025-08-29,0001493152-25-012556,https://www.sec.gov/Archives/edgar/data/1015383/000149315225012556/form8-k.htm,https://www.sec.gov/Archives/edgar/data/1015383/000149315225012556/form8-k.htm,2025-08-29,2025-09-02 16:30:38,https://www.sec.gov/Archives/edgar/data/1015383/0001493152-25-012556-index.html,Item 5.07; Item 9.01,Item 5.07; Item 9.01,ATM,Tier-1,https://www.sec.gov/Archives/edgar/data/1015383/000149315225012556/form8-k.htm,,Tier-1,2025-08-29,https://www.sec.gov/Archives/edgar/data/1015383/000149315225012556/form8-k.htm,https://www.sec.gov/Archives/edgar/data/1015383/0001493152-25-012556-index.html
POWW,Outdoor Holding Co,0001015383,2025-08-08,FDA,Tier-1,https://www.sec.gov/Archives/edgar/data/1015383/000164117225022746/form8-k.htm,https://www.sec.gov/Archives/edgar/data/1015383/0001641172-25-022746-index.html,8-K,2025-08-08,2025-08-08,2025-08-08,0001641172-25-022746,https://www.sec.gov/Archives/edgar/data/1015383/000164117225022746/form8-k.htm,https://www.sec.gov/Archives/edgar/data/1015383/000164117225022746/form8-k.htm,2025-08-08,2025-08-08 16:00:12,https://www.sec.gov/Archives/edgar/data/1015383/0001641172-25-022746-index.html,Item 2.02; Item 9.01,Item 2.02; Item 9.01,FDA,Tier-1,https://www.sec.gov/Archives/edgar/data/1015383/000164117225022746/form8-k.htm,,Tier-1,2025-08-08,https://www.sec.gov/Archives/edgar/data/1015383/000164117225022746/form8-k.htm,https://www.sec.gov/Archives/edgar/data/1015383/0001641172-25-022746-index.html
POWW,Outdoor Holding Co,0001015383,2025-04-18,Financing,Tier-1,https://www.sec.gov/Archives/edgar/data/1015383/000119312525213511/poww-20250418.htm,https://www.sec.gov/Archives/edgar/data/1015383/0001193125-25-213511-index.html,8-K/A,2025-09-23,2025-04-18,2025-04-18,0001193125-25-213511,https://www.sec.gov/Archives/edgar/data/1015383/000119312525213511/poww-20250418.htm,https://www.sec.gov/Archives/edgar/data/1015383/000119312525213511/poww-20250418.htm,2025-04-18,2025-09-23 16:45:26,https://www.sec.gov/Archives/edgar/data/1015383/0001193125-25-213511-index.html,Item 9.01,Item 9.01,Financing,Tier-1,https://www.sec.gov/Archives/edgar/data/1015383/000119312525213511/poww-20250418.htm,,Tier-1,2025-04-18,https://www.sec.gov/Archives/edgar/data/1015383/000119312525213511/poww-20250418.htm,https://www.sec.gov/Archives/edgar/data/1015383/0001193125-25-213511-index.html
PSQH,"PSQ Holdings, Inc.",0001847064,2025-11-10,ATM,Tier-1,https://www.sec.gov/Archives/edgar/data/1847064/000110465925108776/tm2530674d1_8k.htm,https://www.sec.gov/Archives/edgar/data/1847064/0001104659-25-108776-index.html,8-K,2025-11-10,2025-11-10,2025-11-10,0001104659-25-108776,https://www.sec.gov/Archives/edgar/data/1847064/000110465925108776/tm2530674d1_8k.htm,https://www.sec.gov/Archives/edgar/data/1847064/000110465925108776/tm2530674d1_8k.htm,2025-11-10,2025-11-10 06:35:42,https://www.sec.gov/Archives/edgar/data/1847064/0001104659-25-108776-index.html,Item 1.01; Item 3.02; Item 7.01; Item 9.01,Item 1.01; Item 3.02; Item 7.01; Item 9.01,ATM,Tier-1,https://www.sec.gov/Archives/edgar/data/1847064/000110465925108776/tm2530674d1_8k.htm,,Tier-1,2025-11-10,https://www.sec.gov/Archives/edgar/data/1847064/000110465925108776/tm2530674d1_8k.htm,https://www.sec.gov/Archives/edgar/data/1847064/0001104659-25-108776-index.html
PSQH,"PSQ Holdings, Inc.",0001847064,2025-08-19,ListingChange,Tier-1,https://www.sec.gov/Archives/edgar/data/1847064/000110465925080974/tm2524015d1_8k.htm,https://www.sec.gov/Archives/edgar/data/1847064/0001104659-25-080974-index.html,8-K,2025-08-20,2025-08-19,2025-08-19,0001104659-25-080974,https://www.sec.gov/Archives/edgar/data/1847064/000110465925080974/tm2524015d1_8k.htm,https://www.sec.gov/Archives/edgar/data/1847064/000110465925080974/tm2524015d1_8k.htm,2025-08-19,2025-08-20 17:17:19,https://www.sec.gov/Archives/edgar/data/1847064/0001104659-25-080974-index.html,Item 8.01; Item 9.01,Item 8.01; Item 9.01,ListingChange,Tier-1,https://www.sec.gov/Archives/edgar/data/1847064/000110465925080974/tm2524015d1_8k.htm,,Tier-1,2025-08-19,https://www.sec.gov/Archives/edgar/data/1847064/000110465925080974/tm2524015d1_8k.htm,https://www.sec.gov/Archives/edgar/data/1847064/0001104659-25-080974-index.html
PSQH,"PSQ Holdings, Inc.",0001847064,2025-07-28,ListingChange,Tier-1,https://www.sec.gov/Archives/edgar/data/1847064/000110465925071963/tm2522041d1_8k.htm,https://www.sec.gov/Archives/edgar/data/1847064/0001104659-25-071963-index.html,8-K,2025-07-30,2025-07-28,2025-07-28,0001104659-25-071963,https://www.sec.gov/Archives/edgar/data/1847064/000110465925071963/tm2522041d1_8k.htm,https://www.sec.gov/Archives/edgar/data/1847064/000110465925071963/tm2522041d1_8k.htm,2025-07-28,2025-07-30 09:00:39,https://www.sec.gov/Archives/edgar/data/1847064/0001104659-25-071963-index.html,Item 9.01,Item 9.01,ListingChange,Tier-1,https://www.sec.gov/Archives/edgar/data/1847064/000110465925071963/tm2522041d1_8k.htm,,Tier-1,2025-07-28,https://www.sec.gov/Archives/edgar/data/1847064/000110465925071963/tm2522041d1_8k.htm,https://www.sec.gov/Archives/edgar/data/1847064/0001104659-25-071963-index.html
PSQH,"PSQ Holdings, Inc.",0001847064,2025-11-06,ATM,Tier-1,https://www.sec.gov/Archives/edgar/data/1847064/000110465925107383/tm2530421d1_8k.htm,https://www.sec.gov/Archives/edgar/data/1847064/0001104659-25-107383-index.html,8-K,2025-11-06,2025-11-06,2025-11-06,0001104659-25-107383,https://www.sec.gov/Archives/edgar/data/1847064/000110465925107383/tm2530421d1_8k.htm,https://www.sec.gov/Archives/edgar/data/1847064/000110465925107383/tm2530421d1_8k.htm,2025-11-06,2025-11-06 07:28:45,https://www.sec.gov/Archives/edgar/data/1847064/0001104659-25-107383-index.html,Item 2.02; Item 7.01; Item 8.01; Item 9.01,Item 2.02; Item 7.01; Item 8.01; Item 9.01,ATM,Tier-1,https://www.sec.gov/Archives/edgar/data/1847064/000110465925107383/tm2530421d1_8k.htm,,Tier-1,2025-11-06,https://www.sec.gov/Archives/edgar/data/1847064/000110465925107383/tm2530421d1_8k.htm,https://www.sec.gov/Archives/edgar/data/1847064/0001104659-25-107383-index.html
PSQH,"PSQ Holdings, Inc.",0001847064,2025-08-12,ATM,Tier-1,https://www.sec.gov/Archives/edgar/data/1847064/000162828025039902/psqh-20250812.htm,https://www.sec.gov/Archives/edgar/data/1847064/0001628280-25-039902-index.html,8-K,2025-08-12,2025-08-12,2025-08-12,0001628280-25-039902,https://www.sec.gov/Archives/edgar/data/1847064/000162828025039902/psqh-20250812.htm,https://www.sec.gov/Archives/edgar/data/1847064/000162828025039902/psqh-20250812.htm,2025-08-12,2025-08-12 16:20:25,https://www.sec.gov/Archives/edgar/data/1847064/0001628280-25-039902-index.html,Item 7.01; Item 9.01,Item 7.01; Item 9.01,ATM,Tier-1,https://www.sec.gov/Archives/edgar/data/1847064/000162828025039902/psqh-20250812.htm,,Tier-1,2025-08-12,https://www.sec.gov/Archives/edgar/data/1847064/000162828025039902/psqh-20250812.htm,https://www.sec.gov/Archives/edgar/data/1847064/0001628280-25-039902-index.html
PXLW,"PIXELWORKS, INC",0001040161,2025-11-26,FDA,Tier-1,https://www.sec.gov/Archives/edgar/data/1040161/000104016125000056/pxlw-20251126.htm,https://www.sec.gov/Archives/edgar/data/1040161/0001040161-25-000056-index.html,8-K,2025-11-26,2025-11-26,2025-11-26,0001040161-25-000056,https://www.sec.gov/Archives/edgar/data/1040161/000104016125000056/pxlw-20251126.htm,https://www.sec.gov/Archives/edgar/data/1040161/000104016125000056/pxlw-20251126.htm,2025-11-26,2025-11-26 16:07:00,https://www.sec.gov/Archives/edgar/data/1040161/0001040161-25-000056-index.html,Item 5.07; Item 8.01; Item 9.01,Item 5.07; Item 8.01; Item 9.01,FDA,Tier-1,https://www.sec.gov/Archives/edgar/data/1040161/000104016125000056/pxlw-20251126.htm,,Tier-1,2025-11-26,https://www.sec.gov/Archives/edgar/data/1040161/000104016125000056/pxlw-20251126.htm,https://www.sec.gov/Archives/edgar/data/1040161/0001040161-25-000056-index.html
PXLW,"PIXELWORKS, INC",0001040161,2025-10-10,FDA,Tier-1,https://www.sec.gov/Archives/edgar/data/1040161/000119312525240654/d52501d8k.htm,https://www.sec.gov/Archives/edgar/data/1040161/0001193125-25-240654-index.html,8-K,2025-10-16,2025-10-10,2025-10-10,0001193125-25-240654,https://www.sec.gov/Archives/edgar/data/1040161/000119312525240654/d52501d8k.htm,https://www.sec.gov/Archives/edgar/data/1040161/000119312525240654/d52501d8k.htm,2025-10-10,2025-10-15 21:37:12,https://www.sec.gov/Archives/edgar/data/1040161/0001193125-25-240654-index.html,Item 5.02; Item 7.01,Item 5.02; Item 7.01,FDA,Tier-1,https://www.sec.gov/Archives/edgar/data/1040161/000119312525240654/d52501d8k.htm,,Tier-1,2025-10-10,https://www.sec.gov/Archives/edgar/data/1040161/000119312525240654/d52501d8k.htm,https://www.sec.gov/Archives/edgar/data/1040161/0001193125-25-240654-index.html
PXLW,"PIXELWORKS, INC",0001040161,2025-10-06,ATM,Tier-1,https://www.sec.gov/Archives/edgar/data/1040161/000119312525231016/d36255d8k.htm,https://www.sec.gov/Archives/edgar/data/1040161/0001193125-25-231016-index.html,8-K,2025-10-06,2025-10-06,2025-10-06,0001193125-25-231016,https://www.sec.gov/Archives/edgar/data/1040161/000119312525231016/d36255d8k.htm,https://www.sec.gov/Archives/edgar/data/1040161/000119312525231016/d36255d8k.htm,2025-10-06,2025-10-06 08:36:17,https://www.sec.gov/Archives/edgar/data/1040161/0001193125-25-231016-index.html,Item 1.01; Item 8.01; Item 9.01,Item 1.01; Item 8.01; Item 9.01,ATM,Tier-1,https://www.sec.gov/Archives/edgar/data/1040161/000119312525231016/d36255d8k.htm,,Tier-1,2025-10-06,https://www.sec.gov/Archives/edgar/data/1040161/000119312525231016/d36255d8k.htm,https://www.sec.gov/Archives/edgar/data/1040161/0001193125-25-231016-index.html
PXLW,"PIXELWORKS, INC",0001040161,2025-11-11,ATM,Tier-1,https://www.sec.gov/Archives/edgar/data/1040161/000104016125000049/pxlw-20251111.htm,https://www.sec.gov/Archives/edgar/data/1040161/0001040161-25-000049-index.html,8-K,2025-11-12,2025-11-11,2025-11-11,0001040161-25-000049,https://www.sec.gov/Archives/edgar/data/1040161/000104016125000049/pxlw-20251111.htm,https://www.sec.gov/Archives/edgar/data/1040161/000104016125000049/pxlw-20251111.htm,2025-11-11,2025-11-12 08:56:50,https://www.sec.gov/Archives/edgar/data/1040161/0001040161-25-000049-index.html,Item 2.02; Item 9.01,Item 2.02; Item 9.01,ATM,Tier-1,https://www.sec.gov/Archives/edgar/data/1040161/000104016125000049/pxlw-20251111.htm,,Tier-1,2025-11-11,https://www.sec.gov/Archives/edgar/data/1040161/000104016125000049/pxlw-20251111.htm,https://www.sec.gov/Archives/edgar/data/1040161/0001040161-25-000049-index.html
QIPT,Quipt Home Medical Corp.,0001540013,2025-08-27,ATM,Tier-1,https://www.sec.gov/Archives/edgar/data/1540013/000155837025011770/qipt-20250827x8k.htm,https://www.sec.gov/Archives/edgar/data/1540013/0001558370-25-011770-index.html,8-K,2025-08-27,2025-08-27,2025-08-27,0001558370-25-011770,https://www.sec.gov/Archives/edgar/data/1540013/000155837025011770/qipt-20250827x8k.htm,https://www.sec.gov/Archives/edgar/data/1540013/000155837025011770/qipt-20250827x8k.htm,2025-08-27,2025-08-27 08:15:08,https://www.sec.gov/Archives/edgar/data/1540013/0001558370-25-011770-index.html,Item 7.01,Item 7.01,ATM,Tier-1,https://www.sec.gov/Archives/edgar/data/1540013/000155837025011770/qipt-20250827x8k.htm,,Tier-1,2025-08-27,https://www.sec.gov/Archives/edgar/data/1540013/000155837025011770/qipt-20250827x8k.htm,https://www.sec.gov/Archives/edgar/data/1540013/0001558370-25-011770-index.html
QIPT,Quipt Home Medical Corp.,0001540013,2025-08-11,ATM,Tier-1,https://www.sec.gov/Archives/edgar/data/1540013/000155837025011243/qipt-20250811x8k.htm,https://www.sec.gov/Archives/edgar/data/1540013/0001558370-25-011243-index.html,8-K,2025-08-12,2025-08-11,2025-08-11,0001558370-25-011243,https://www.sec.gov/Archives/edgar/data/1540013/000155837025011243/qipt-20250811x8k.htm,https://www.sec.gov/Archives/edgar/data/1540013/000155837025011243/qipt-20250811x8k.htm,2025-08-11,2025-08-12 17:00:58,https://www.sec.gov/Archives/edgar/data/1540013/0001558370-25-011243-index.html,Item 1.01; Item 8.01; Item 9.01,Item 1.01; Item 8.01; Item 9.01,ATM,Tier-1,https://www.sec.gov/Archives/edgar/data/1540013/000155837025011243/qipt-20250811x8k.htm,,Tier-1,2025-08-11,https://www.sec.gov/Archives/edgar/data/1540013/000155837025011243/qipt-20250811x8k.htm,https://www.sec.gov/Archives/edgar/data/1540013/0001558370-25-011243-index.html
QIPT,Quipt Home Medical Corp.,0001540013,2025-07-07,ATM,Tier-1,https://www.sec.gov/Archives/edgar/data/1540013/000155837025009107/qipt-20250707x8k.htm,https://www.sec.gov/Archives/edgar/data/1540013/0001558370-25-009107-index.html,8-K,2025-07-07,2025-07-07,2025-07-07,0001558370-25-009107,https://www.sec.gov/Archives/edgar/data/1540013/000155837025009107/qipt-20250707x8k.htm,https://www.sec.gov/Archives/edgar/data/1540013/000155837025009107/qipt-20250707x8k.htm,2025-07-07,2025-07-07 16:06:30,https://www.sec.gov/Archives/edgar/data/1540013/0001558370-25-009107-index.html,Item 8.01; Item 9.01,Item 8.01; Item 9.01,ATM,Tier-1,https://www.sec.gov/Archives/edgar/data/1540013/000155837025009107/qipt-20250707x8k.htm,,Tier-1,2025-07-07,https://www.sec.gov/Archives/edgar/data/1540013/000155837025009107/qipt-20250707x8k.htm,https://www.sec.gov/Archives/edgar/data/1540013/0001558370-25-009107-index.html
QIPT,Quipt Home Medical Corp.,0001540013,2025-08-11,ATM,Tier-1,https://www.sec.gov/Archives/edgar/data/1540013/000155837025011079/qipt-20250811x8k.htm,https://www.sec.gov/Archives/edgar/data/1540013/0001558370-25-011079-index.html,8-K,2025-08-11,2025-08-11,2025-08-11,0001558370-25-011079,https://www.sec.gov/Archives/edgar/data/1540013/000155837025011079/qipt-20250811x8k.htm,https://www.sec.gov/Archives/edgar/data/1540013/000155837025011079/qipt-20250811x8k.htm,2025-08-11,2025-08-11 17:09:20,https://www.sec.gov/Archives/edgar/data/1540013/0001558370-25-011079-index.html,Item 2.02; Item 9.01,Item 2.02; Item 9.01,ATM,Tier-1,https://www.sec.gov/Archives/edgar/data/1540013/000155837025011079/qipt-20250811x8k.htm,,Tier-1,2025-08-11,https://www.sec.gov/Archives/edgar/data/1540013/000155837025011079/qipt-20250811x8k.htm,https://www.sec.gov/Archives/edgar/data/1540013/0001558370-25-011079-index.html
QSEA,Quartzsea Acquisition Corp,0002047455,2025-06-06,ATM,Tier-1,https://www.sec.gov/Archives/edgar/data/2047455/000182912625004323/quartzsea_8k.htm,https://www.sec.gov/Archives/edgar/data/2047455/0001829126-25-004323-index.html,8-K,2025-06-06,2025-06-06,2025-06-06,0001829126-25-004323,https://www.sec.gov/Archives/edgar/data/2047455/000182912625004323/quartzsea_8k.htm,https://www.sec.gov/Archives/edgar/data/2047455/000182912625004323/quartzsea_8k.htm,2025-06-06,2025-06-06 16:45:22,https://www.sec.gov/Archives/edgar/data/2047455/0001829126-25-004323-index.html,Item 1.01,Item 1.01,ATM,Tier-1,https://www.sec.gov/Archives/edgar/data/2047455/000182912625004323/quartzsea_8k.htm,,Tier-1,2025-06-06,https://www.sec.gov/Archives/edgar/data/2047455/000182912625004323/quartzsea_8k.htm,https://www.sec.gov/Archives/edgar/data/2047455/0001829126-25-004323-index.html
PXLW,"PIXELWORKS, INC",0001040161,2025-08-12,GuidanceUp,Tier-1,https://www.sec.gov/Archives/edgar/data/1040161/000104016125000039/pxlw-20250812.htm,https://www.sec.gov/Archives/edgar/data/1040161/0001040161-25-000039-index.html,8-K,2025-08-12,2025-08-12,2025-08-12,0001040161-25-000039,https://www.sec.gov/Archives/edgar/data/1040161/000104016125000039/pxlw-20250812.htm,https://www.sec.gov/Archives/edgar/data/1040161/000104016125000039/pxlw-20250812.htm,2025-08-12,2025-08-12 17:10:48,https://www.sec.gov/Archives/edgar/data/1040161/0001040161-25-000039-index.html,Item 2.02; Item 9.01,Item 2.02; Item 9.01,GuidanceUp,Tier-1,https://www.sec.gov/Archives/edgar/data/1040161/000104016125000039/pxlw-20250812.htm,,Tier-1,2025-08-12,https://www.sec.gov/Archives/edgar/data/1040161/000104016125000039/pxlw-20250812.htm,https://www.sec.gov/Archives/edgar/data/1040161/0001040161-25-000039-index.html
RCEL,"AVITA Medical, Inc.",0001762303,2025-10-16,ATM,Tier-1,https://www.sec.gov/Archives/edgar/data/1762303/000119312525241705/rcel-20251016.htm,https://www.sec.gov/Archives/edgar/data/1762303/0001193125-25-241705-index.html,8-K,2025-10-17,2025-10-16,2025-10-16,0001193125-25-241705,https://www.sec.gov/Archives/edgar/data/1762303/000119312525241705/rcel-20251016.htm,https://www.sec.gov/Archives/edgar/data/1762303/000119312525241705/rcel-20251016.htm,2025-10-16,2025-10-16 19:37:29,https://www.sec.gov/Archives/edgar/data/1762303/0001193125-25-241705-index.html,Item 5.02; Item 9.01,Item 5.02; Item 9.01,ATM,Tier-1,https://www.sec.gov/Archives/edgar/data/1762303/000119312525241705/rcel-20251016.htm,,Tier-1,2025-10-16,https://www.sec.gov/Archives/edgar/data/1762303/000119312525241705/rcel-20251016.htm,https://www.sec.gov/Archives/edgar/data/1762303/0001193125-25-241705-index.html
RCEL,"AVITA Medical, Inc.",0001762303,2025-08-12,ATM,Tier-1,https://www.sec.gov/Archives/edgar/data/1762303/000176230325000026/rcel-20250812.htm,https://www.sec.gov/Archives/edgar/data/1762303/0001762303-25-000026-index.html,8-K,2025-08-18,2025-08-12,2025-08-12,0001762303-25-000026,https://www.sec.gov/Archives/edgar/data/1762303/000176230325000026/rcel-20250812.htm,https://www.sec.gov/Archives/edgar/data/1762303/000176230325000026/rcel-20250812.htm,2025-08-12,2025-08-18 17:16:38,https://www.sec.gov/Archives/edgar/data/1762303/0001762303-25-000026-index.html,Item 3.02,Item 3.02,ATM,Tier-1,https://www.sec.gov/Archives/edgar/data/1762303/000176230325000026/rcel-20250812.htm,,Tier-1,2025-08-12,https://www.sec.gov/Archives/edgar/data/1762303/000176230325000026/rcel-20250812.htm,https://www.sec.gov/Archives/edgar/data/1762303/0001762303-25-000026-index.html
RCEL,"AVITA Medical, Inc.",0001762303,2025-08-12,ATM,Tier-1,https://www.sec.gov/Archives/edgar/data/1762303/000176230325000023/rcel-20250812.htm,https://www.sec.gov/Archives/edgar/data/1762303/0001762303-25-000023-index.html,8-K,2025-08-12,2025-08-12,2025-08-12,0001762303-25-000023,https://www.sec.gov/Archives/edgar/data/1762303/000176230325000023/rcel-20250812.htm,https://www.sec.gov/Archives/edgar/data/1762303/000176230325000023/rcel-20250812.htm,2025-08-12,2025-08-12 08:20:28,https://www.sec.gov/Archives/edgar/data/1762303/0001762303-25-000023-index.html,Item 8.01; Item 9.01,Item 8.01; Item 9.01,ATM,Tier-1,https://www.sec.gov/Archives/edgar/data/1762303/000176230325000023/rcel-20250812.htm,,Tier-1,2025-08-12,https://www.sec.gov/Archives/edgar/data/1762303/000176230325000023/rcel-20250812.htm,https://www.sec.gov/Archives/edgar/data/1762303/0001762303-25-000023-index.html
RCEL,"AVITA Medical, Inc.",0001762303,2025-11-05,ATM,Tier-1,https://www.sec.gov/Archives/edgar/data/1762303/000119312525269535/rcel-20251105.htm,https://www.sec.gov/Archives/edgar/data/1762303/0001193125-25-269535-index.html,8-K,2025-11-06,2025-11-05,2025-11-05,0001193125-25-269535,https://www.sec.gov/Archives/edgar/data/1762303/000119312525269535/rcel-20251105.htm,https://www.sec.gov/Archives/edgar/data/1762303/000119312525269535/rcel-20251105.htm,2025-11-05,2025-11-06 16:12:25,https://www.sec.gov/Archives/edgar/data/1762303/0001193125-25-269535-index.html,Item 1.01; Item 2.02; Item 9.01,Item 1.01; Item 2.02; Item 9.01,ATM,Tier-1,https://www.sec.gov/Archives/edgar/data/1762303/000119312525269535/rcel-20251105.htm,,Tier-1,2025-11-05,https://www.sec.gov/Archives/edgar/data/1762303/000119312525269535/rcel-20251105.htm,https://www.sec.gov/Archives/edgar/data/1762303/0001193125-25-269535-index.html
RCEL,"AVITA Medical, Inc.",0001762303,2025-08-06,ATM,Tier-1,https://www.sec.gov/Archives/edgar/data/1762303/000095017025104019/rcel-20250806.htm,https://www.sec.gov/Archives/edgar/data/1762303/0000950170-25-104019-index.html,8-K,2025-08-06,2025-08-06,2025-08-06,0000950170-25-104019,https://www.sec.gov/Archives/edgar/data/1762303/000095017025104019/rcel-20250806.htm,https://www.sec.gov/Archives/edgar/data/1762303/000095017025104019/rcel-20250806.htm,2025-08-06,2025-08-06 16:10:30,https://www.sec.gov/Archives/edgar/data/1762303/0000950170-25-104019-index.html,Item 5.02; Item 9.01,Item 5.02; Item 9.01,ATM,Tier-1,https://www.sec.gov/Archives/edgar/data/1762303/000095017025104019/rcel-20250806.htm,,Tier-1,2025-08-06,https://www.sec.gov/Archives/edgar/data/1762303/000095017025104019/rcel-20250806.htm,https://www.sec.gov/Archives/edgar/data/1762303/0000950170-25-104019-index.html
RCEL,"AVITA Medical, Inc.",0001762303,2025-08-07,ATM,Tier-1,https://www.sec.gov/Archives/edgar/data/1762303/000176230325000012/rcel-20250807.htm,https://www.sec.gov/Archives/edgar/data/1762303/0001762303-25-000012-index.html,8-K,2025-08-07,2025-08-07,2025-08-07,0001762303-25-000012,https://www.sec.gov/Archives/edgar/data/1762303/000176230325000012/rcel-20250807.htm,https://www.sec.gov/Archives/edgar/data/1762303/000176230325000012/rcel-20250807.htm,2025-08-07,2025-08-07 16:31:45,https://www.sec.gov/Archives/edgar/data/1762303/0001762303-25-000012-index.html,Item 1.01; Item 2.02; Item 9.01,Item 1.01; Item 2.02; Item 9.01,ATM,Tier-1,https://www.sec.gov/Archives/edgar/data/1762303/000176230325000012/rcel-20250807.htm,,Tier-1,2025-08-07,https://www.sec.gov/Archives/edgar/data/1762303/000176230325000012/rcel-20250807.htm,https://www.sec.gov/Archives/edgar/data/1762303/0001762303-25-000012-index.html
RDNW,"RideNow Group, Inc.",0001596961,2025-11-04,ContractAward,Tier-1,https://www.sec.gov/Archives/edgar/data/1596961/000159696125000099/rmbl-20251104.htm,https://www.sec.gov/Archives/edgar/data/1596961/0001596961-25-000099-index.html,8-K,2025-11-04,2025-11-04,2025-11-04,0001596961-25-000099,https://www.sec.gov/Archives/edgar/data/1596961/000159696125000099/rmbl-20251104.htm,https://www.sec.gov/Archives/edgar/data/1596961/000159696125000099/rmbl-20251104.htm,2025-11-04,2025-11-04 16:24:50,https://www.sec.gov/Archives/edgar/data/1596961/0001596961-25-000099-index.html,Item 2.02; Item 9.01,Item 2.02; Item 9.01,ContractAward,Tier-1,https://www.sec.gov/Archives/edgar/data/1596961/000159696125000099/rmbl-20251104.htm,,Tier-1,2025-11-04,https://www.sec.gov/Archives/edgar/data/1596961/000159696125000099/rmbl-20251104.htm,https://www.sec.gov/Archives/edgar/data/1596961/0001596961-25-000099-index.html
RDNW,"RideNow Group, Inc.",0001596961,2025-08-25,ATM,Tier-1,https://www.sec.gov/Archives/edgar/data/1596961/000159696125000083/rmbl-20250825.htm,https://www.sec.gov/Archives/edgar/data/1596961/0001596961-25-000083-index.html,8-K,2025-08-28,2025-08-25,2025-08-25,0001596961-25-000083,https://www.sec.gov/Archives/edgar/data/1596961/000159696125000083/rmbl-20250825.htm,https://www.sec.gov/Archives/edgar/data/1596961/000159696125000083/rmbl-20250825.htm,2025-08-25,2025-08-28 17:18:29,https://www.sec.gov/Archives/edgar/data/1596961/0001596961-25-000083-index.html,Item 1.01; Item 2.03; Item 3.02; Item 9.01,Item 1.01; Item 2.03; Item 3.02; Item 9.01,ATM,Tier-1,https://www.sec.gov/Archives/edgar/data/1596961/000159696125000083/rmbl-20250825.htm,,Tier-1,2025-08-25,https://www.sec.gov/Archives/edgar/data/1596961/000159696125000083/rmbl-20250825.htm,https://www.sec.gov/Archives/edgar/data/1596961/0001596961-25-000083-index.html
RDZN,Roadzen Inc.,0001868640,2025-11-20,ATM,Tier-1,https://www.sec.gov/Archives/edgar/data/1868640/000149315225024501/form8-k.htm,https://www.sec.gov/Archives/edgar/data/1868640/0001493152-25-024501-index.html,8-K,2025-11-20,2025-11-20,2025-11-20,0001493152-25-024501,https://www.sec.gov/Archives/edgar/data/1868640/000149315225024501/form8-k.htm,https://www.sec.gov/Archives/edgar/data/1868640/000149315225024501/form8-k.htm,2025-11-20,2025-11-20 17:23:57,https://www.sec.gov/Archives/edgar/data/1868640/0001493152-25-024501-index.html,Item 1.01; Item 2.03; Item 9.01,Item 1.01; Item 2.03; Item 9.01,ATM,Tier-1,https://www.sec.gov/Archives/edgar/data/1868640/000149315225024501/form8-k.htm,,Tier-1,2025-11-20,https://www.sec.gov/Archives/edgar/data/1868640/000149315225024501/form8-k.htm,https://www.sec.gov/Archives/edgar/data/1868640/0001493152-25-024501-index.html
RDZN,Roadzen Inc.,0001868640,2025-11-04,FDA,Tier-1,https://www.sec.gov/Archives/edgar/data/1868640/000149315225020690/form8-k.htm,https://www.sec.gov/Archives/edgar/data/1868640/0001493152-25-020690-index.html,8-K,2025-11-04,2025-11-04,2025-11-04,0001493152-25-020690,https://www.sec.gov/Archives/edgar/data/1868640/000149315225020690/form8-k.htm,https://www.sec.gov/Archives/edgar/data/1868640/000149315225020690/form8-k.htm,2025-11-04,2025-11-04 08:05:25,https://www.sec.gov/Archives/edgar/data/1868640/0001493152-25-020690-index.html,Item 7.01; Item 9.01,Item 7.01; Item 9.01,FDA,Tier-1,https://www.sec.gov/Archives/edgar/data/1868640/000149315225020690/form8-k.htm,,Tier-1,2025-11-04,https://www.sec.gov/Archives/edgar/data/1868640/000149315225020690/form8-k.htm,https://www.sec.gov/Archives/edgar/data/1868640/0001493152-25-020690-index.html
RDZN,Roadzen Inc.,0001868640,2025-10-29,ListingChange,Tier-1,https://www.sec.gov/Archives/edgar/data/1868640/000149315225020060/form8-k.htm,https://www.sec.gov/Archives/edgar/data/1868640/0001493152-25-020060-index.html,8-K,2025-10-29,2025-10-29,2025-10-29,0001493152-25-020060,https://www.sec.gov/Archives/edgar/data/1868640/000149315225020060/form8-k.htm,https://www.sec.gov/Archives/edgar/data/1868640/000149315225020060/form8-k.htm,2025-10-29,2025-10-29 16:05:44,https://www.sec.gov/Archives/edgar/data/1868640/0001493152-25-020060-index.html,Item 7.01; Item 9.01,Item 7.01; Item 9.01,ListingChange,Tier-1,https://www.sec.gov/Archives/edgar/data/1868640/000149315225020060/form8-k.htm,,Tier-1,2025-10-29,https://www.sec.gov/Archives/edgar/data/1868640/000149315225020060/form8-k.htm,https://www.sec.gov/Archives/edgar/data/1868640/0001493152-25-020060-index.html
RDNW,"RumbleOn, Inc.",0001596961,2025-08-09,ATM,Tier-1,https://www.sec.gov/Archives/edgar/data/1596961/000159696125000063/rmbl-20250809.htm,https://www.sec.gov/Archives/edgar/data/1596961/0001596961-25-000063-index.html,8-K,2025-08-11,2025-08-09,2025-08-09,0001596961-25-000063,https://www.sec.gov/Archives/edgar/data/1596961/000159696125000063/rmbl-20250809.htm,https://www.sec.gov/Archives/edgar/data/1596961/000159696125000063/rmbl-20250809.htm,2025-08-09,2025-08-11 16:10:33,https://www.sec.gov/Archives/edgar/data/1596961/0001596961-25-000063-index.html,Item 1.01; Item 2.03; Item 5.02; Item 5.03; Item 7.01; Item 9.01,Item 1.01; Item 2.03; Item 5.02; Item 5.03; Item 7.01; Item 9.01,ATM,Tier-1,https://www.sec.gov/Archives/edgar/data/1596961/000159696125000063/rmbl-20250809.htm,,Tier-1,2025-08-09,https://www.sec.gov/Archives/edgar/data/1596961/000159696125000063/rmbl-20250809.htm,https://www.sec.gov/Archives/edgar/data/1596961/0001596961-25-000063-index.html
RDZN,Roadzen Inc.,0001868640,2025-08-13,ATM,Tier-1,https://www.sec.gov/Archives/edgar/data/1868640/000164117225023483/form8-k.htm,https://www.sec.gov/Archives/edgar/data/1868640/0001641172-25-023483-index.html,8-K,2025-08-13,2025-08-13,2025-08-13,0001641172-25-023483,https://www.sec.gov/Archives/edgar/data/1868640/000164117225023483/form8-k.htm,https://www.sec.gov/Archives/edgar/data/1868640/000164117225023483/form8-k.htm,2025-08-13,2025-08-13 16:10:37,https://www.sec.gov/Archives/edgar/data/1868640/0001641172-25-023483-index.html,Item 2.02; Item 9.01,Item 2.02; Item 9.01,ATM,Tier-1,https://www.sec.gov/Archives/edgar/data/1868640/000164117225023483/form8-k.htm,,Tier-1,2025-08-13,https://www.sec.gov/Archives/edgar/data/1868640/000164117225023483/form8-k.htm,https://www.sec.gov/Archives/edgar/data/1868640/0001641172-25-023483-index.html
RDZN,Roadzen Inc.,0001868640,2025-07-24,ATM,Tier-1,https://www.sec.gov/Archives/edgar/data/1868640/000164117225021507/form8-k.htm,https://www.sec.gov/Archives/edgar/data/1868640/0001641172-25-021507-index.html,8-K,2025-07-30,2025-07-24,2025-07-24,0001641172-25-021507,https://www.sec.gov/Archives/edgar/data/1868640/000164117225021507/form8-k.htm,https://www.sec.gov/Archives/edgar/data/1868640/000164117225021507/form8-k.htm,2025-07-24,2025-07-30 09:25:15,https://www.sec.gov/Archives/edgar/data/1868640/0001641172-25-021507-index.html,Item 1.01; Item 3.02; Item 9.01,Item 1.01; Item 3.02; Item 9.01,ATM,Tier-1,https://www.sec.gov/Archives/edgar/data/1868640/000164117225021507/form8-k.htm,,Tier-1,2025-07-24,https://www.sec.gov/Archives/edgar/data/1868640/000164117225021507/form8-k.htm,https://www.sec.gov/Archives/edgar/data/1868640/0001641172-25-021507-index.html
RDZN,Roadzen Inc.,0001868640,2025-11-14,ATM,Tier-1,https://www.sec.gov/Archives/edgar/data/1868640/000149315225022601/form8-k.htm,https://www.sec.gov/Archives/edgar/data/1868640/0001493152-25-022601-index.html,8-K,2025-11-14,2025-11-14,2025-11-14,0001493152-25-022601,https://www.sec.gov/Archives/edgar/data/1868640/000149315225022601/form8-k.htm,https://www.sec.gov/Archives/edgar/data/1868640/000149315225022601/form8-k.htm,2025-11-14,2025-11-14 08:27:30,https://www.sec.gov/Archives/edgar/data/1868640/0001493152-25-022601-index.html,Item 2.02; Item 9.01,Item 2.02; Item 9.01,ATM,Tier-1,https://www.sec.gov/Archives/edgar/data/1868640/000149315225022601/form8-k.htm,,Tier-1,2025-11-14,https://www.sec.gov/Archives/edgar/data/1868640/000149315225022601/form8-k.htm,https://www.sec.gov/Archives/edgar/data/1868640/0001493152-25-022601-index.html
RDZN,Roadzen Inc.,0001868640,2025-07-27,ATM,Tier-1,https://www.sec.gov/Archives/edgar/data/1868640/000164117225021773/form8-k.htm,https://www.sec.gov/Archives/edgar/data/1868640/0001641172-25-021773-index.html,8-K,2025-07-31,2025-07-27,2025-07-27,0001641172-25-021773,https://www.sec.gov/Archives/edgar/data/1868640/000164117225021773/form8-k.htm,https://www.sec.gov/Archives/edgar/data/1868640/000164117225021773/form8-k.htm,2025-07-27,2025-07-31 17:00:15,https://www.sec.gov/Archives/edgar/data/1868640/0001641172-25-021773-index.html,Item 1.01; Item 8.01; Item 9.01,Item 1.01; Item 8.01; Item 9.01,ATM,Tier-1,https://www.sec.gov/Archives/edgar/data/1868640/000164117225021773/form8-k.htm,,Tier-1,2025-07-27,https://www.sec.gov/Archives/edgar/data/1868640/000164117225021773/form8-k.htm,https://www.sec.gov/Archives/edgar/data/1868640/0001641172-25-021773-index.html
RDZN,Roadzen Inc.,0001868640,2025-06-26,ATM,Tier-1,https://www.sec.gov/Archives/edgar/data/1868640/000164117225016641/form8-k.htm,https://www.sec.gov/Archives/edgar/data/1868640/0001641172-25-016641-index.html,8-K,2025-06-26,2025-06-26,2025-06-26,0001641172-25-016641,https://www.sec.gov/Archives/edgar/data/1868640/000164117225016641/form8-k.htm,https://www.sec.gov/Archives/edgar/data/1868640/000164117225016641/form8-k.htm,2025-06-26,2025-06-26 16:10:49,https://www.sec.gov/Archives/edgar/data/1868640/0001641172-25-016641-index.html,Item 2.02; Item 9.01,Item 2.02; Item 9.01,ATM,Tier-1,https://www.sec.gov/Archives/edgar/data/1868640/000164117225016641/form8-k.htm,,Tier-1,2025-06-26,https://www.sec.gov/Archives/edgar/data/1868640/000164117225016641/form8-k.htm,https://www.sec.gov/Archives/edgar/data/1868640/0001641172-25-016641-index.html
REKR,"Rekor Systems, Inc.",0001697851,2025-10-14,ContractAward,Tier-1,https://www.sec.gov/Archives/edgar/data/1697851/000143774925030890/rekr20251013_8k.htm,https://www.sec.gov/Archives/edgar/data/1697851/0001437749-25-030890-index.html,8-K,2025-10-14,2025-10-14,2025-10-14,0001437749-25-030890,https://www.sec.gov/Archives/edgar/data/1697851/000143774925030890/rekr20251013_8k.htm,https://www.sec.gov/Archives/edgar/data/1697851/000143774925030890/rekr20251013_8k.htm,2025-10-14,2025-10-14 07:05:54,https://www.sec.gov/Archives/edgar/data/1697851/0001437749-25-030890-index.html,Item 2.02; Item 7.01; Item 9.01,Item 2.02; Item 7.01; Item 9.01,ContractAward,Tier-1,https://www.sec.gov/Archives/edgar/data/1697851/000143774925030890/rekr20251013_8k.htm,,Tier-1,2025-10-14,https://www.sec.gov/Archives/edgar/data/1697851/000143774925030890/rekr20251013_8k.htm,https://www.sec.gov/Archives/edgar/data/1697851/0001437749-25-030890-index.html
REKR,"Rekor Systems, Inc.",0001697851,2025-11-13,ATM,Tier-1,https://www.sec.gov/Archives/edgar/data/1697851/000143774925034859/rekr20251112_8k.htm,https://www.sec.gov/Archives/edgar/data/1697851/0001437749-25-034859-index.html,8-K,2025-11-13,2025-11-13,2025-11-13,0001437749-25-034859,https://www.sec.gov/Archives/edgar/data/1697851/000143774925034859/rekr20251112_8k.htm,https://www.sec.gov/Archives/edgar/data/1697851/000143774925034859/rekr20251112_8k.htm,2025-11-13,2025-11-13 16:25:20,https://www.sec.gov/Archives/edgar/data/1697851/0001437749-25-034859-index.html,Item 2.02; Item 5.02; Item 9.01,Item 2.02; Item 5.02; Item 9.01,ATM,Tier-1,https://www.sec.gov/Archives/edgar/data/1697851/000143774925034859/rekr20251112_8k.htm,,Tier-1,2025-11-13,https://www.sec.gov/Archives/edgar/data/1697851/000143774925034859/rekr20251112_8k.htm,https://www.sec.gov/Archives/edgar/data/1697851/0001437749-25-034859-index.html
REKR,"Rekor Systems, Inc.",0001697851,2025-06-05,ContractAward,Tier-1,https://www.sec.gov/Archives/edgar/data/1697851/000143774925019603/rekr20250605_8k.htm,https://www.sec.gov/Archives/edgar/data/1697851/0001437749-25-019603-index.html,8-K,2025-06-06,2025-06-05,2025-06-05,0001437749-25-019603,https://www.sec.gov/Archives/edgar/data/1697851/000143774925019603/rekr20250605_8k.htm,https://www.sec.gov/Archives/edgar/data/1697851/000143774925019603/rekr20250605_8k.htm,2025-06-05,2025-06-06 07:35:20,https://www.sec.gov/Archives/edgar/data/1697851/0001437749-25-019603-index.html,Item 8.01; Item 9.01,Item 8.01; Item 9.01,ContractAward,Tier-1,https://www.sec.gov/Archives/edgar/data/1697851/000143774925019603/rekr20250605_8k.htm,,Tier-1,2025-06-05,https://www.sec.gov/Archives/edgar/data/1697851/000143774925019603/rekr20250605_8k.htm,https://www.sec.gov/Archives/edgar/data/1697851/0001437749-25-019603-index.html
REKR,"Rekor Systems, Inc.",0001697851,2025-08-12,ATM,Tier-1,https://www.sec.gov/Archives/edgar/data/1697851/000143774925026189/rekr20250811_8k.htm,https://www.sec.gov/Archives/edgar/data/1697851/0001437749-25-026189-index.html,8-K,2025-08-12,2025-08-12,2025-08-12,0001437749-25-026189,https://www.sec.gov/Archives/edgar/data/1697851/000143774925026189/rekr20250811_8k.htm,https://www.sec.gov/Archives/edgar/data/1697851/000143774925026189/rekr20250811_8k.htm,2025-08-12,2025-08-12 16:07:57,https://www.sec.gov/Archives/edgar/data/1697851/0001437749-25-026189-index.html,Item 2.02; Item 9.01,Item 2.02; Item 9.01,ATM,Tier-1,https://www.sec.gov/Archives/edgar/data/1697851/000143774925026189/rekr20250811_8k.htm,,Tier-1,2025-08-12,https://www.sec.gov/Archives/edgar/data/1697851/000143774925026189/rekr20250811_8k.htm,https://www.sec.gov/Archives/edgar/data/1697851/0001437749-25-026189-index.html
RILY,"B. Riley Financial, Inc.",0001464790,2025-11-21,ListingChange,Tier-1,https://www.sec.gov/Archives/edgar/data/1464790/000121390025115932/ea0267598-8k_briley.htm,https://www.sec.gov/Archives/edgar/data/1464790/0001213900-25-115932-index.html,8-K,2025-11-28,2025-11-21,2025-11-21,0001213900-25-115932,https://www.sec.gov/Archives/edgar/data/1464790/000121390025115932/ea0267598-8k_briley.htm,https://www.sec.gov/Archives/edgar/data/1464790/000121390025115932/ea0267598-8k_briley.htm,2025-11-21,2025-11-28 13:10:32,https://www.sec.gov/Archives/edgar/data/1464790/0001213900-25-115932-index.html,Item 7.01; Item 9.01,Item 7.01; Item 9.01,ListingChange,Tier-1,https://www.sec.gov/Archives/edgar/data/1464790/000121390025115932/ea0267598-8k_briley.htm,,Tier-1,2025-11-21,https://www.sec.gov/Archives/edgar/data/1464790/000121390025115932/ea0267598-8k_briley.htm,https://www.sec.gov/Archives/edgar/data/1464790/0001213900-25-115932-index.html
RIBB,Ribbon Acquisition Corp.,0002035016,2025-06-30,ATM,Tier-1,https://www.sec.gov/Archives/edgar/data/2035016/000121390025060364/ea0247714-8k425_ribbon.htm,https://www.sec.gov/Archives/edgar/data/2035016/0001213900-25-060364-index.html,8-K,2025-07-01,2025-06-30,2025-06-30,0001213900-25-060364,https://www.sec.gov/Archives/edgar/data/2035016/000121390025060364/ea0247714-8k425_ribbon.htm,https://www.sec.gov/Archives/edgar/data/2035016/000121390025060364/ea0247714-8k425_ribbon.htm,2025-06-30,2025-07-01 16:05:38,https://www.sec.gov/Archives/edgar/data/2035016/0001213900-25-060364-index.html,Item 1.01; Item 9.01,Item 1.01; Item 9.01,ATM,Tier-1,https://www.sec.gov/Archives/edgar/data/2035016/000121390025060364/ea0247714-8k425_ribbon.htm,,Tier-1,2025-06-30,https://www.sec.gov/Archives/edgar/data/2035016/000121390025060364/ea0247714-8k425_ribbon.htm,https://www.sec.gov/Archives/edgar/data/2035016/0001213900-25-060364-index.html
RILY,"B. Riley Financial, Inc.",0001464790,2025-11-06,ATM,Tier-1,https://www.sec.gov/Archives/edgar/data/1464790/000121390025107155/ea0264305-8k_briley.htm,https://www.sec.gov/Archives/edgar/data/1464790/0001213900-25-107155-index.html,8-K,2025-11-06,2025-11-06,2025-11-06,0001213900-25-107155,https://www.sec.gov/Archives/edgar/data/1464790/000121390025107155/ea0264305-8k_briley.htm,https://www.sec.gov/Archives/edgar/data/1464790/000121390025107155/ea0264305-8k_briley.htm,2025-11-06,2025-11-06 16:06:43,https://www.sec.gov/Archives/edgar/data/1464790/0001213900-25-107155-index.html,Item 2.02; Item 9.01,Item 2.02; Item 9.01,ATM,Tier-1,https://www.sec.gov/Archives/edgar/data/1464790/000121390025107155/ea0264305-8k_briley.htm,,Tier-1,2025-11-06,https://www.sec.gov/Archives/edgar/data/1464790/000121390025107155/ea0264305-8k_briley.htm,https://www.sec.gov/Archives/edgar/data/1464790/0001213900-25-107155-index.html
RILY,"B. Riley Financial, Inc.",0001464790,2025-10-01,ListingChange,Tier-1,https://www.sec.gov/Archives/edgar/data/1464790/000121390025096621/ea0260436-8k_briley.htm,https://www.sec.gov/Archives/edgar/data/1464790/0001213900-25-096621-index.html,8-K,2025-10-06,2025-10-01,2025-10-01,0001213900-25-096621,https://www.sec.gov/Archives/edgar/data/1464790/000121390025096621/ea0260436-8k_briley.htm,https://www.sec.gov/Archives/edgar/data/1464790/000121390025096621/ea0260436-8k_briley.htm,2025-10-01,2025-10-06 17:11:34,https://www.sec.gov/Archives/edgar/data/1464790/0001213900-25-096621-index.html,Item 7.01; Item 9.01,Item 7.01; Item 9.01,ListingChange,Tier-1,https://www.sec.gov/Archives/edgar/data/1464790/000121390025096621/ea0260436-8k_briley.htm,,Tier-1,2025-10-01,https://www.sec.gov/Archives/edgar/data/1464790/000121390025096621/ea0260436-8k_briley.htm,https://www.sec.gov/Archives/edgar/data/1464790/0001213900-25-096621-index.html
RILY,"B. Riley Financial, Inc.",0001464790,2025-08-20,ATM,Tier-1,https://www.sec.gov/Archives/edgar/data/1464790/000121390025080805/ea0254635-8k_briley.htm,https://www.sec.gov/Archives/edgar/data/1464790/0001213900-25-080805-index.html,8-K,2025-08-26,2025-08-20,2025-08-20,0001213900-25-080805,https://www.sec.gov/Archives/edgar/data/1464790/000121390025080805/ea0254635-8k_briley.htm,https://www.sec.gov/Archives/edgar/data/1464790/000121390025080805/ea0254635-8k_briley.htm,2025-08-20,2025-08-26 17:05:52,https://www.sec.gov/Archives/edgar/data/1464790/0001213900-25-080805-index.html,Item 1.01; Item 9.01,Item 1.01; Item 9.01,ATM,Tier-1,https://www.sec.gov/Archives/edgar/data/1464790/000121390025080805/ea0254635-8k_briley.htm,,Tier-1,2025-08-20,https://www.sec.gov/Archives/edgar/data/1464790/000121390025080805/ea0254635-8k_briley.htm,https://www.sec.gov/Archives/edgar/data/1464790/0001213900-25-080805-index.html
RILY,"B. Riley Financial, Inc.",0001464790,2025-08-20,ListingChange,Tier-1,https://www.sec.gov/Archives/edgar/data/1464790/000121390025079991/ea0254297-8k_briley.htm,https://www.sec.gov/Archives/edgar/data/1464790/0001213900-25-079991-index.html,8-K,2025-08-22,2025-08-20,2025-08-20,0001213900-25-079991,https://www.sec.gov/Archives/edgar/data/1464790/000121390025079991/ea0254297-8k_briley.htm,https://www.sec.gov/Archives/edgar/data/1464790/000121390025079991/ea0254297-8k_briley.htm,2025-08-20,2025-08-22 17:15:32,https://www.sec.gov/Archives/edgar/data/1464790/0001213900-25-079991-index.html,Item 9.01,Item 9.01,ListingChange,Tier-1,https://www.sec.gov/Archives/edgar/data/1464790/000121390025079991/ea0254297-8k_briley.htm,,Tier-1,2025-08-20,https://www.sec.gov/Archives/edgar/data/1464790/000121390025079991/ea0254297-8k_briley.htm,https://www.sec.gov/Archives/edgar/data/1464790/0001213900-25-079991-index.html
RNTX,"Rein Therapeutics, Inc.",0001420565,2025-11-03,ATM,Tier-1,https://www.sec.gov/Archives/edgar/data/1420565/000119312525261706/d47241d8k.htm,https://www.sec.gov/Archives/edgar/data/1420565/0001193125-25-261706-index.html,8-K,2025-11-03,2025-11-03,2025-11-03,0001193125-25-261706,https://www.sec.gov/Archives/edgar/data/1420565/000119312525261706/d47241d8k.htm,https://www.sec.gov/Archives/edgar/data/1420565/000119312525261706/d47241d8k.htm,2025-11-03,2025-11-03 07:45:11,https://www.sec.gov/Archives/edgar/data/1420565/0001193125-25-261706-index.html,Item 8.01; Item 9.01,Item 8.01; Item 9.01,ATM,Tier-1,https://www.sec.gov/Archives/edgar/data/1420565/000119312525261706/d47241d8k.htm,,Tier-1,2025-11-03,https://www.sec.gov/Archives/edgar/data/1420565/000119312525261706/d47241d8k.htm,https://www.sec.gov/Archives/edgar/data/1420565/0001193125-25-261706-index.html
RNTX,"Rein Therapeutics, Inc.",0001420565,2025-10-09,ATM,Tier-1,https://www.sec.gov/Archives/edgar/data/1420565/000119312525235152/d11439d8k.htm,https://www.sec.gov/Archives/edgar/data/1420565/0001193125-25-235152-index.html,8-K,2025-10-09,2025-10-09,2025-10-09,0001193125-25-235152,https://www.sec.gov/Archives/edgar/data/1420565/000119312525235152/d11439d8k.htm,https://www.sec.gov/Archives/edgar/data/1420565/000119312525235152/d11439d8k.htm,2025-10-09,2025-10-09 07:45:46,https://www.sec.gov/Archives/edgar/data/1420565/0001193125-25-235152-index.html,Item 8.01; Item 9.01,Item 8.01; Item 9.01,ATM,Tier-1,https://www.sec.gov/Archives/edgar/data/1420565/000119312525235152/d11439d8k.htm,,Tier-1,2025-10-09,https://www.sec.gov/Archives/edgar/data/1420565/000119312525235152/d11439d8k.htm,https://www.sec.gov/Archives/edgar/data/1420565/0001193125-25-235152-index.html
RNTX,"Rein Therapeutics, Inc.",0001420565,2025-08-19,ATM,Tier-1,https://www.sec.gov/Archives/edgar/data/1420565/000119312525183073/d938122d8k.htm,https://www.sec.gov/Archives/edgar/data/1420565/0001193125-25-183073-index.html,8-K,2025-08-19,2025-08-19,2025-08-19,0001193125-25-183073,https://www.sec.gov/Archives/edgar/data/1420565/000119312525183073/d938122d8k.htm,https://www.sec.gov/Archives/edgar/data/1420565/000119312525183073/d938122d8k.htm,2025-08-19,2025-08-19 08:06:45,https://www.sec.gov/Archives/edgar/data/1420565/0001193125-25-183073-index.html,Item 8.01; Item 9.01,Item 8.01; Item 9.01,ATM,Tier-1,https://www.sec.gov/Archives/edgar/data/1420565/000119312525183073/d938122d8k.htm,,Tier-1,2025-08-19,https://www.sec.gov/Archives/edgar/data/1420565/000119312525183073/d938122d8k.htm,https://www.sec.gov/Archives/edgar/data/1420565/0001193125-25-183073-index.html
RILY,"B. Riley Financial, Inc.",0001464790,2025-08-07,ATM,Tier-1,https://www.sec.gov/Archives/edgar/data/1464790/000121390025075744/ea0252682-8k_briley.htm,https://www.sec.gov/Archives/edgar/data/1464790/0001213900-25-075744-index.html,8-K,2025-08-13,2025-08-07,2025-08-07,0001213900-25-075744,https://www.sec.gov/Archives/edgar/data/1464790/000121390025075744/ea0252682-8k_briley.htm,https://www.sec.gov/Archives/edgar/data/1464790/000121390025075744/ea0252682-8k_briley.htm,2025-08-07,2025-08-13 16:44:46,https://www.sec.gov/Archives/edgar/data/1464790/0001213900-25-075744-index.html,Item 2.02; Item 9.01,Item 2.02; Item 9.01,ATM,Tier-1,https://www.sec.gov/Archives/edgar/data/1464790/000121390025075744/ea0252682-8k_briley.htm,,Tier-1,2025-08-07,https://www.sec.gov/Archives/edgar/data/1464790/000121390025075744/ea0252682-8k_briley.htm,https://www.sec.gov/Archives/edgar/data/1464790/0001213900-25-075744-index.html
RNTX,"Rein Therapeutics, Inc.",0001420565,2025-07-29,ATM,Tier-1,https://www.sec.gov/Archives/edgar/data/1420565/000119312525168830/d56953d8k.htm,https://www.sec.gov/Archives/edgar/data/1420565/0001193125-25-168830-index.html,8-K,2025-07-30,2025-07-29,2025-07-29,0001193125-25-168830,https://www.sec.gov/Archives/edgar/data/1420565/000119312525168830/d56953d8k.htm,https://www.sec.gov/Archives/edgar/data/1420565/000119312525168830/d56953d8k.htm,2025-07-29,2025-07-30 09:04:36,https://www.sec.gov/Archives/edgar/data/1420565/0001193125-25-168830-index.html,Item 1.01; Item 2.03; Item 3.02; Item 9.01,Item 1.01; Item 2.03; Item 3.02; Item 9.01,ATM,Tier-1,https://www.sec.gov/Archives/edgar/data/1420565/000119312525168830/d56953d8k.htm,,Tier-1,2025-07-29,https://www.sec.gov/Archives/edgar/data/1420565/000119312525168830/d56953d8k.htm,https://www.sec.gov/Archives/edgar/data/1420565/0001193125-25-168830-index.html
RXT,"Rackspace Technology, Inc.",0001810019,2025-08-30,ContractAward,Tier-1,https://www.sec.gov/Archives/edgar/data/1810019/000181001925000117/rxt-20250830.htm,https://www.sec.gov/Archives/edgar/data/1810019/0001810019-25-000117-index.html,8-K,2025-09-02,2025-08-30,2025-08-30,0001810019-25-000117,https://www.sec.gov/Archives/edgar/data/1810019/000181001925000117/rxt-20250830.htm,https://www.sec.gov/Archives/edgar/data/1810019/000181001925000117/rxt-20250830.htm,2025-08-30,2025-09-02 16:06:41,https://www.sec.gov/Archives/edgar/data/1810019/0001810019-25-000117-index.html,Item 5.02,Item 5.02,ContractAward,Tier-1,https://www.sec.gov/Archives/edgar/data/1810019/000181001925000117/rxt-20250830.htm,,Tier-1,2025-08-30,https://www.sec.gov/Archives/edgar/data/1810019/000181001925000117/rxt-20250830.htm,https://www.sec.gov/Archives/edgar/data/1810019/0001810019-25-000117-index.html
RXT,"Rackspace Technology, Inc.",0001810019,2025-11-06,GuidanceUp,Tier-1,https://www.sec.gov/Archives/edgar/data/1810019/000181001925000151/rxt-20251106.htm,https://www.sec.gov/Archives/edgar/data/1810019/0001810019-25-000151-index.html,8-K,2025-11-06,2025-11-06,2025-11-06,0001810019-25-000151,https://www.sec.gov/Archives/edgar/data/1810019/000181001925000151/rxt-20251106.htm,https://www.sec.gov/Archives/edgar/data/1810019/000181001925000151/rxt-20251106.htm,2025-11-06,2025-11-06 16:22:41,https://www.sec.gov/Archives/edgar/data/1810019/0001810019-25-000151-index.html,Item 2.02; Item 9.01,Item 2.02; Item 9.01,GuidanceUp,Tier-1,https://www.sec.gov/Archives/edgar/data/1810019/000181001925000151/rxt-20251106.htm,,Tier-1,2025-11-06,https://www.sec.gov/Archives/edgar/data/1810019/000181001925000151/rxt-20251106.htm,https://www.sec.gov/Archives/edgar/data/1810019/0001810019-25-000151-index.html
SCLX,Scilex Holding Co,0001820190,2025-11-23,ATM,Tier-1,https://www.sec.gov/Archives/edgar/data/1820190/000119312525293861/d54587d8k.htm,https://www.sec.gov/Archives/edgar/data/1820190/0001193125-25-293861-index.html,8-K,2025-11-24,2025-11-23,2025-11-23,0001193125-25-293861,https://www.sec.gov/Archives/edgar/data/1820190/000119312525293861/d54587d8k.htm,https://www.sec.gov/Archives/edgar/data/1820190/000119312525293861/d54587d8k.htm,2025-11-23,2025-11-24 17:15:20,https://www.sec.gov/Archives/edgar/data/1820190/0001193125-25-293861-index.html,Item 1.01; Item 3.02; Item 9.01,Item 1.01; Item 3.02; Item 9.01,ATM,Tier-1,https://www.sec.gov/Archives/edgar/data/1820190/000119312525293861/d54587d8k.htm,,Tier-1,2025-11-23,https://www.sec.gov/Archives/edgar/data/1820190/000119312525293861/d54587d8k.htm,https://www.sec.gov/Archives/edgar/data/1820190/0001193125-25-293861-index.html
RXT,"Rackspace Technology, Inc.",0001810019,2025-08-07,GuidanceUp,Tier-1,https://www.sec.gov/Archives/edgar/data/1810019/000181001925000107/rxt-20250807.htm,https://www.sec.gov/Archives/edgar/data/1810019/0001810019-25-000107-index.html,8-K,2025-08-07,2025-08-07,2025-08-07,0001810019-25-000107,https://www.sec.gov/Archives/edgar/data/1810019/000181001925000107/rxt-20250807.htm,https://www.sec.gov/Archives/edgar/data/1810019/000181001925000107/rxt-20250807.htm,2025-08-07,2025-08-07 16:10:58,https://www.sec.gov/Archives/edgar/data/1810019/0001810019-25-000107-index.html,Item 2.02; Item 9.01,Item 2.02; Item 9.01,GuidanceUp,Tier-1,https://www.sec.gov/Archives/edgar/data/1810019/000181001925000107/rxt-20250807.htm,,Tier-1,2025-08-07,https://www.sec.gov/Archives/edgar/data/1810019/000181001925000107/rxt-20250807.htm,https://www.sec.gov/Archives/edgar/data/1810019/0001810019-25-000107-index.html
SCLX,Scilex Holding Co,0001820190,2025-11-03,ATM,Tier-1,https://www.sec.gov/Archives/edgar/data/1820190/000119312525264143/sclx-20251104.htm,https://www.sec.gov/Archives/edgar/data/1820190/0001193125-25-264143-index.html,8-K,2025-11-04,2025-11-03,2025-11-03,0001193125-25-264143,https://www.sec.gov/Archives/edgar/data/1820190/000119312525264143/sclx-20251104.htm,https://www.sec.gov/Archives/edgar/data/1820190/000119312525264143/sclx-20251104.htm,2025-11-03,2025-11-04 13:21:50,https://www.sec.gov/Archives/edgar/data/1820190/0001193125-25-264143-index.html,Item 7.01,Item 7.01,ATM,Tier-1,https://www.sec.gov/Archives/edgar/data/1820190/000119312525264143/sclx-20251104.htm,,Tier-1,2025-11-03,https://www.sec.gov/Archives/edgar/data/1820190/000119312525264143/sclx-20251104.htm,https://www.sec.gov/Archives/edgar/data/1820190/0001193125-25-264143-index.html
SCLX,Scilex Holding Co,0001820190,2025-10-01,ATM,Tier-1,https://www.sec.gov/Archives/edgar/data/1820190/000119312525233450/sclx-20251001.htm,https://www.sec.gov/Archives/edgar/data/1820190/0001193125-25-233450-index.html,8-K,2025-10-07,2025-10-01,2025-10-01,0001193125-25-233450,https://www.sec.gov/Archives/edgar/data/1820190/000119312525233450/sclx-20251001.htm,https://www.sec.gov/Archives/edgar/data/1820190/000119312525233450/sclx-20251001.htm,2025-10-01,2025-10-07 16:05:54,https://www.sec.gov/Archives/edgar/data/1820190/0001193125-25-233450-index.html,Item 5.02,Item 5.02,ATM,Tier-1,https://www.sec.gov/Archives/edgar/data/1820190/000119312525233450/sclx-20251001.htm,,Tier-1,2025-10-01,https://www.sec.gov/Archives/edgar/data/1820190/000119312525233450/sclx-20251001.htm,https://www.sec.gov/Archives/edgar/data/1820190/0001193125-25-233450-index.html
SCLX,Scilex Holding Co,0001820190,2025-10-30,ATM,Tier-1,https://www.sec.gov/Archives/edgar/data/1820190/000119312525259819/sclx-20251030.htm,https://www.sec.gov/Archives/edgar/data/1820190/0001193125-25-259819-index.html,8-K,2025-10-31,2025-10-30,2025-10-30,0001193125-25-259819,https://www.sec.gov/Archives/edgar/data/1820190/000119312525259819/sclx-20251030.htm,https://www.sec.gov/Archives/edgar/data/1820190/000119312525259819/sclx-20251030.htm,2025-10-30,2025-10-31 08:56:16,https://www.sec.gov/Archives/edgar/data/1820190/0001193125-25-259819-index.html,Item 1.02; Item 9.01,Item 1.02; Item 9.01,ATM,Tier-1,https://www.sec.gov/Archives/edgar/data/1820190/000119312525259819/sclx-20251030.htm,,Tier-1,2025-10-30,https://www.sec.gov/Archives/edgar/data/1820190/000119312525259819/sclx-20251030.htm,https://www.sec.gov/Archives/edgar/data/1820190/0001193125-25-259819-index.html
SCLX,Scilex Holding Co,0001820190,2025-09-30,ATM,Tier-1,https://www.sec.gov/Archives/edgar/data/1820190/000119312525226992/sclx-20250930.htm,https://www.sec.gov/Archives/edgar/data/1820190/0001193125-25-226992-index.html,8-K,2025-10-01,2025-09-30,2025-09-30,0001193125-25-226992,https://www.sec.gov/Archives/edgar/data/1820190/000119312525226992/sclx-20250930.htm,https://www.sec.gov/Archives/edgar/data/1820190/000119312525226992/sclx-20250930.htm,2025-09-30,2025-10-01 17:14:46,https://www.sec.gov/Archives/edgar/data/1820190/0001193125-25-226992-index.html,Item 1.01; Item 3.02; Item 9.01,Item 1.01; Item 3.02; Item 9.01,ATM,Tier-1,https://www.sec.gov/Archives/edgar/data/1820190/000119312525226992/sclx-20250930.htm,,Tier-1,2025-09-30,https://www.sec.gov/Archives/edgar/data/1820190/000119312525226992/sclx-20250930.htm,https://www.sec.gov/Archives/edgar/data/1820190/0001193125-25-226992-index.html
SCLX,Scilex Holding Co,0001820190,2025-09-25,ATM,Tier-1,https://www.sec.gov/Archives/edgar/data/1820190/000119312525220481/sclx-20250925.htm,https://www.sec.gov/Archives/edgar/data/1820190/0001193125-25-220481-index.html,8-K,2025-09-26,2025-09-25,2025-09-25,0001193125-25-220481,https://www.sec.gov/Archives/edgar/data/1820190/000119312525220481/sclx-20250925.htm,https://www.sec.gov/Archives/edgar/data/1820190/000119312525220481/sclx-20250925.htm,2025-09-25,2025-09-26 16:10:51,https://www.sec.gov/Archives/edgar/data/1820190/0001193125-25-220481-index.html,Item 2.01,Item 2.01,ATM,Tier-1,https://www.sec.gov/Archives/edgar/data/1820190/000119312525220481/sclx-20250925.htm,,Tier-1,2025-09-25,https://www.sec.gov/Archives/edgar/data/1820190/000119312525220481/sclx-20250925.htm,https://www.sec.gov/Archives/edgar/data/1820190/0001193125-25-220481-index.html
SCLX,Scilex Holding Co,0001820190,2025-09-23,ATM,Tier-1,https://www.sec.gov/Archives/edgar/data/1820190/000119312525220446/sclx-20250923.htm,https://www.sec.gov/Archives/edgar/data/1820190/0001193125-25-220446-index.html,8-K,2025-09-26,2025-09-23,2025-09-23,0001193125-25-220446,https://www.sec.gov/Archives/edgar/data/1820190/000119312525220446/sclx-20250923.htm,https://www.sec.gov/Archives/edgar/data/1820190/000119312525220446/sclx-20250923.htm,2025-09-23,2025-09-26 16:05:37,https://www.sec.gov/Archives/edgar/data/1820190/0001193125-25-220446-index.html,Item 2.01,Item 2.01,ATM,Tier-1,https://www.sec.gov/Archives/edgar/data/1820190/000119312525220446/sclx-20250923.htm,,Tier-1,2025-09-23,https://www.sec.gov/Archives/edgar/data/1820190/000119312525220446/sclx-20250923.htm,https://www.sec.gov/Archives/edgar/data/1820190/0001193125-25-220446-index.html
SCM,Stellus Capital Investment Corp,0001551901,2025-11-24,OtherEvent,Tier-2,https://www.sec.gov/Archives/edgar/data/1551901/000110465925115422/tm2526928d1_8k.htm,https://www.sec.gov/Archives/edgar/data/1551901/0001104659-25-115422-index.html,8-K,2025-11-24,2025-11-24,2025-11-24,0001104659-25-115422,https://www.sec.gov/Archives/edgar/data/1551901/000110465925115422/tm2526928d1_8k.htm,https://www.sec.gov/Archives/edgar/data/1551901/000110465925115422/tm2526928d1_8k.htm,2025-11-24,2025-11-24 16:15:49,https://www.sec.gov/Archives/edgar/data/1551901/0001104659-25-115422-index.html,Item 8.01; Item 9.01,Item 8.01; Item 9.01,OtherEvent,Tier-2,https://www.sec.gov/Archives/edgar/data/1551901/000110465925115422/tm2526928d1_8k.htm,,Tier-2,2025-11-24,https://www.sec.gov/Archives/edgar/data/1551901/000110465925115422/tm2526928d1_8k.htm,https://www.sec.gov/Archives/edgar/data/1551901/0001104659-25-115422-index.html
SCLX,Scilex Holding Co,0001820190,2025-08-16,ATM,Tier-1,https://www.sec.gov/Archives/edgar/data/1820190/000119312525184619/d27011d8k.htm,https://www.sec.gov/Archives/edgar/data/1820190/0001193125-25-184619-index.html,8-K,2025-08-21,2025-08-16,2025-08-16,0001193125-25-184619,https://www.sec.gov/Archives/edgar/data/1820190/000119312525184619/d27011d8k.htm,https://www.sec.gov/Archives/edgar/data/1820190/000119312525184619/d27011d8k.htm,2025-08-16,2025-08-21 07:00:38,https://www.sec.gov/Archives/edgar/data/1820190/0001193125-25-184619-index.html,Item 5.02; Item 9.01,Item 5.02; Item 9.01,ATM,Tier-1,https://www.sec.gov/Archives/edgar/data/1820190/000119312525184619/d27011d8k.htm,,Tier-1,2025-08-16,https://www.sec.gov/Archives/edgar/data/1820190/000119312525184619/d27011d8k.htm,https://www.sec.gov/Archives/edgar/data/1820190/0001193125-25-184619-index.html
SCM,Stellus Capital Investment Corp,0001551901,2025-09-22,ATM,Tier-1,https://www.sec.gov/Archives/edgar/data/1551901/000110465925093911/tm2526928d1_8k.htm,https://www.sec.gov/Archives/edgar/data/1551901/0001104659-25-093911-index.html,8-K,2025-09-26,2025-09-22,2025-09-22,0001104659-25-093911,https://www.sec.gov/Archives/edgar/data/1551901/000110465925093911/tm2526928d1_8k.htm,https://www.sec.gov/Archives/edgar/data/1551901/000110465925093911/tm2526928d1_8k.htm,2025-09-22,2025-09-26 16:54:15,https://www.sec.gov/Archives/edgar/data/1551901/0001104659-25-093911-index.html,Item 1.01; Item 9.01,Item 1.01; Item 9.01,ATM,Tier-1,https://www.sec.gov/Archives/edgar/data/1551901/000110465925093911/tm2526928d1_8k.htm,,Tier-1,2025-09-22,https://www.sec.gov/Archives/edgar/data/1551901/000110465925093911/tm2526928d1_8k.htm,https://www.sec.gov/Archives/edgar/data/1551901/0001104659-25-093911-index.html
SCM,Stellus Capital Investment Corp,0001551901,2025-09-09,ATM,Tier-1,https://www.sec.gov/Archives/edgar/data/1551901/000110465925088902/tm2525669d1_8k.htm,https://www.sec.gov/Archives/edgar/data/1551901/0001104659-25-088902-index.html,8-K,2025-09-10,2025-09-09,2025-09-09,0001104659-25-088902,https://www.sec.gov/Archives/edgar/data/1551901/000110465925088902/tm2525669d1_8k.htm,https://www.sec.gov/Archives/edgar/data/1551901/000110465925088902/tm2525669d1_8k.htm,2025-09-09,2025-09-10 09:29:58,https://www.sec.gov/Archives/edgar/data/1551901/0001104659-25-088902-index.html,Item 1.01; Item 9.01,Item 1.01; Item 9.01,ATM,Tier-1,https://www.sec.gov/Archives/edgar/data/1551901/000110465925088902/tm2525669d1_8k.htm,,Tier-1,2025-09-09,https://www.sec.gov/Archives/edgar/data/1551901/000110465925088902/tm2525669d1_8k.htm,https://www.sec.gov/Archives/edgar/data/1551901/0001104659-25-088902-index.html
SCM,Stellus Capital Investment Corp,0001551901,2025-08-28,OtherEvent,Tier-2,https://www.sec.gov/Archives/edgar/data/1551901/000110465925084789/tm2524446d1_8k.htm,https://www.sec.gov/Archives/edgar/data/1551901/0001104659-25-084789-index.html,8-K,2025-08-28,2025-08-28,2025-08-28,0001104659-25-084789,https://www.sec.gov/Archives/edgar/data/1551901/000110465925084789/tm2524446d1_8k.htm,https://www.sec.gov/Archives/edgar/data/1551901/000110465925084789/tm2524446d1_8k.htm,2025-08-28,2025-08-28 16:30:53,https://www.sec.gov/Archives/edgar/data/1551901/0001104659-25-084789-index.html,Item 8.01; Item 9.01,Item 8.01; Item 9.01,OtherEvent,Tier-2,https://www.sec.gov/Archives/edgar/data/1551901/000110465925084789/tm2524446d1_8k.htm,,Tier-2,2025-08-28,https://www.sec.gov/Archives/edgar/data/1551901/000110465925084789/tm2524446d1_8k.htm,https://www.sec.gov/Archives/edgar/data/1551901/0001104659-25-084789-index.html
SFBC,"Sound Financial Bancorp, Inc.",0001541119,2025-09-18,ListingChange,Tier-1,https://www.sec.gov/Archives/edgar/data/1541119/000092708925000162/sfbc20250917_8k.htm,https://www.sec.gov/Archives/edgar/data/1541119/0000927089-25-000162-index.html,8-K,2025-09-19,2025-09-18,2025-09-18,0000927089-25-000162,https://www.sec.gov/Archives/edgar/data/1541119/000092708925000162/sfbc20250917_8k.htm,https://www.sec.gov/Archives/edgar/data/1541119/000092708925000162/sfbc20250917_8k.htm,2025-09-18,2025-09-19 17:28:05,https://www.sec.gov/Archives/edgar/data/1541119/0000927089-25-000162-index.html,Item 5.02; Item 9.01,Item 5.02; Item 9.01,ListingChange,Tier-1,https://www.sec.gov/Archives/edgar/data/1541119/000092708925000162/sfbc20250917_8k.htm,,Tier-1,2025-09-18,https://www.sec.gov/Archives/edgar/data/1541119/000092708925000162/sfbc20250917_8k.htm,https://www.sec.gov/Archives/edgar/data/1541119/0000927089-25-000162-index.html
SMID,SMITH MIDLAND CORP,0000924719,2025-08-21,OtherEvent,Tier-2,https://www.sec.gov/Archives/edgar/data/924719/000165495425009923/smid_8k.htm,https://www.sec.gov/Archives/edgar/data/924719/0001654954-25-009923-index.html,8-K,2025-08-21,2025-08-21,2025-08-21,0001654954-25-009923,https://www.sec.gov/Archives/edgar/data/924719/000165495425009923/smid_8k.htm,https://www.sec.gov/Archives/edgar/data/924719/000165495425009923/smid_8k.htm,2025-08-21,2025-08-21 17:00:32,https://www.sec.gov/Archives/edgar/data/924719/0001654954-25-009923-index.html,Item 7.01; Item 9.01,Item 7.01; Item 9.01,OtherEvent,Tier-2,https://www.sec.gov/Archives/edgar/data/924719/000165495425009923/smid_8k.htm,,Tier-2,2025-08-21,https://www.sec.gov/Archives/edgar/data/924719/000165495425009923/smid_8k.htm,https://www.sec.gov/Archives/edgar/data/924719/0001654954-25-009923-index.html
SMID,SMITH MIDLAND CORP,0000924719,2025-11-13,ListingChange,Tier-1,https://www.sec.gov/Archives/edgar/data/924719/000165495425013052/smid_8k.htm,https://www.sec.gov/Archives/edgar/data/924719/0001654954-25-013052-index.html,8-K,2025-11-14,2025-11-13,2025-11-13,0001654954-25-013052,https://www.sec.gov/Archives/edgar/data/924719/000165495425013052/smid_8k.htm,https://www.sec.gov/Archives/edgar/data/924719/000165495425013052/smid_8k.htm,2025-11-13,2025-11-14 11:48:59,https://www.sec.gov/Archives/edgar/data/924719/0001654954-25-013052-index.html,Item 2.02; Item 9.01,Item 2.02; Item 9.01,ListingChange,Tier-1,https://www.sec.gov/Archives/edgar/data/924719/000165495425013052/smid_8k.htm,,Tier-1,2025-11-13,https://www.sec.gov/Archives/edgar/data/924719/000165495425013052/smid_8k.htm,https://www.sec.gov/Archives/edgar/data/924719/0001654954-25-013052-index.html
SFBC,"Sound Financial Bancorp, Inc.",0001541119,2025-10-28,FDA,Tier-1,https://www.sec.gov/Archives/edgar/data/1541119/000154111925000039/sfbc-20251028.htm,https://www.sec.gov/Archives/edgar/data/1541119/0001541119-25-000039-index.html,8-K,2025-10-28,2025-10-28,2025-10-28,0001541119-25-000039,https://www.sec.gov/Archives/edgar/data/1541119/000154111925000039/sfbc-20251028.htm,https://www.sec.gov/Archives/edgar/data/1541119/000154111925000039/sfbc-20251028.htm,2025-10-28,2025-10-28 16:59:28,https://www.sec.gov/Archives/edgar/data/1541119/0001541119-25-000039-index.html,Item 2.02; Item 8.01; Item 9.01,Item 2.02; Item 8.01; Item 9.01,FDA,Tier-1,https://www.sec.gov/Archives/edgar/data/1541119/000154111925000039/sfbc-20251028.htm,,Tier-1,2025-10-28,https://www.sec.gov/Archives/edgar/data/1541119/000154111925000039/sfbc-20251028.htm,https://www.sec.gov/Archives/edgar/data/1541119/0001541119-25-000039-index.html
SMID,SMITH MIDLAND CORP,0000924719,2025-08-14,ListingChange,Tier-1,https://www.sec.gov/Archives/edgar/data/924719/000165495425009549/smid_8k.htm,https://www.sec.gov/Archives/edgar/data/924719/0001654954-25-009549-index.html,8-K,2025-08-14,2025-08-14,2025-08-14,0001654954-25-009549,https://www.sec.gov/Archives/edgar/data/924719/000165495425009549/smid_8k.htm,https://www.sec.gov/Archives/edgar/data/924719/000165495425009549/smid_8k.htm,2025-08-14,2025-08-14 08:16:09,https://www.sec.gov/Archives/edgar/data/924719/0001654954-25-009549-index.html,Item 2.02; Item 9.01,Item 2.02; Item 9.01,ListingChange,Tier-1,https://www.sec.gov/Archives/edgar/data/924719/000165495425009549/smid_8k.htm,,Tier-1,2025-08-14,https://www.sec.gov/Archives/edgar/data/924719/000165495425009549/smid_8k.htm,https://www.sec.gov/Archives/edgar/data/924719/0001654954-25-009549-index.html
SMID,SMITH MIDLAND CORP,0000924719,2024-11-14,ListingChange,Tier-1,https://www.sec.gov/Archives/edgar/data/924719/000165495425007938/smid_8k.htm,https://www.sec.gov/Archives/edgar/data/924719/0001654954-25-007938-index.html,8-K,2025-07-10,2024-11-14,2024-11-14,0001654954-25-007938,https://www.sec.gov/Archives/edgar/data/924719/000165495425007938/smid_8k.htm,https://www.sec.gov/Archives/edgar/data/924719/000165495425007938/smid_8k.htm,2024-11-14,2025-07-10 16:05:34,https://www.sec.gov/Archives/edgar/data/924719/0001654954-25-007938-index.html,Item 2.02; Item 9.01,Item 2.02; Item 9.01,ListingChange,Tier-1,https://www.sec.gov/Archives/edgar/data/924719/000165495425007938/smid_8k.htm,,Tier-1,2024-11-14,https://www.sec.gov/Archives/edgar/data/924719/000165495425007938/smid_8k.htm,https://www.sec.gov/Archives/edgar/data/924719/0001654954-25-007938-index.html
SMID,SMITH MIDLAND CORP,0000924719,2025-05-29,ListingChange,Tier-1,https://www.sec.gov/Archives/edgar/data/924719/000165495425006579/smid_8k.htm,https://www.sec.gov/Archives/edgar/data/924719/0001654954-25-006579-index.html,8-K,2025-06-04,2025-05-29,2025-05-29,0001654954-25-006579,https://www.sec.gov/Archives/edgar/data/924719/000165495425006579/smid_8k.htm,https://www.sec.gov/Archives/edgar/data/924719/000165495425006579/smid_8k.htm,2025-05-29,2025-06-04 16:45:34,https://www.sec.gov/Archives/edgar/data/924719/0001654954-25-006579-index.html,Item 3.01; Item 9.01,Item 3.01; Item 9.01,ListingChange,Tier-1,https://www.sec.gov/Archives/edgar/data/924719/000165495425006579/smid_8k.htm,,Tier-1,2025-05-29,https://www.sec.gov/Archives/edgar/data/924719/000165495425006579/smid_8k.htm,https://www.sec.gov/Archives/edgar/data/924719/0001654954-25-006579-index.html
SFBC,"Sound Financial Bancorp, Inc.",0001541119,2025-07-29,FDA,Tier-1,https://www.sec.gov/Archives/edgar/data/1541119/000154111925000031/sfbc-20250729.htm,https://www.sec.gov/Archives/edgar/data/1541119/0001541119-25-000031-index.html,8-K,2025-07-29,2025-07-29,2025-07-29,0001541119-25-000031,https://www.sec.gov/Archives/edgar/data/1541119/000154111925000031/sfbc-20250729.htm,https://www.sec.gov/Archives/edgar/data/1541119/000154111925000031/sfbc-20250729.htm,2025-07-29,2025-07-29 17:15:20,https://www.sec.gov/Archives/edgar/data/1541119/0001541119-25-000031-index.html,Item 2.02; Item 8.01; Item 9.01,Item 2.02; Item 8.01; Item 9.01,FDA,Tier-1,https://www.sec.gov/Archives/edgar/data/1541119/000154111925000031/sfbc-20250729.htm,,Tier-1,2025-07-29,https://www.sec.gov/Archives/edgar/data/1541119/000154111925000031/sfbc-20250729.htm,https://www.sec.gov/Archives/edgar/data/1541119/0001541119-25-000031-index.html
SOHO,Sotherly Hotels Inc.,0001301236,2025-10-27,ATM,Tier-1,https://www.sec.gov/Archives/edgar/data/1301236/000119312525251736/soho-20251027.htm,https://www.sec.gov/Archives/edgar/data/1301236/0001193125-25-251736-index.html,8-K,2025-10-27,2025-10-27,2025-10-27,0001193125-25-251736,https://www.sec.gov/Archives/edgar/data/1301236/000119312525251736/soho-20251027.htm,https://www.sec.gov/Archives/edgar/data/1301236/000119312525251736/soho-20251027.htm,2025-10-27,2025-10-27 17:00:28,https://www.sec.gov/Archives/edgar/data/1301236/0001193125-25-251736-index.html,Item 7.01; Item 9.01,Item 7.01; Item 9.01,ATM,Tier-1,https://www.sec.gov/Archives/edgar/data/1301236/000119312525251736/soho-20251027.htm,,Tier-1,2025-10-27,https://www.sec.gov/Archives/edgar/data/1301236/000119312525251736/soho-20251027.htm,https://www.sec.gov/Archives/edgar/data/1301236/0001193125-25-251736-index.html
SOHO,Sotherly Hotels Inc.,0001301236,2025-10-24,ATM,Tier-1,https://www.sec.gov/Archives/edgar/data/1301236/000119312525250648/soho-20251024.htm,https://www.sec.gov/Archives/edgar/data/1301236/0001193125-25-250648-index.html,8-K,2025-10-27,2025-10-24,2025-10-24,0001193125-25-250648,https://www.sec.gov/Archives/edgar/data/1301236/000119312525250648/soho-20251024.htm,https://www.sec.gov/Archives/edgar/data/1301236/000119312525250648/soho-20251024.htm,2025-10-24,2025-10-27 06:30:30,https://www.sec.gov/Archives/edgar/data/1301236/0001193125-25-250648-index.html,Item 1.01; Item 2.03; Item 7.01; Item 9.01,Item 1.01; Item 2.03; Item 7.01; Item 9.01,ATM,Tier-1,https://www.sec.gov/Archives/edgar/data/1301236/000119312525250648/soho-20251024.htm,,Tier-1,2025-10-24,https://www.sec.gov/Archives/edgar/data/1301236/000119312525250648/soho-20251024.htm,https://www.sec.gov/Archives/edgar/data/1301236/0001193125-25-250648-index.html
SOHO,Sotherly Hotels Inc.,0001301236,2025-09-12,ATM,Tier-1,https://www.sec.gov/Archives/edgar/data/1301236/000119312525206131/soho-20250912.htm,https://www.sec.gov/Archives/edgar/data/1301236/0001193125-25-206131-index.html,8-K,2025-09-17,2025-09-12,2025-09-12,0001193125-25-206131,https://www.sec.gov/Archives/edgar/data/1301236/000119312525206131/soho-20250912.htm,https://www.sec.gov/Archives/edgar/data/1301236/000119312525206131/soho-20250912.htm,2025-09-12,2025-09-17 16:00:27,https://www.sec.gov/Archives/edgar/data/1301236/0001193125-25-206131-index.html,Item 2.03; Item 7.01; Item 9.01,Item 2.03; Item 7.01; Item 9.01,ATM,Tier-1,https://www.sec.gov/Archives/edgar/data/1301236/000119312525206131/soho-20250912.htm,,Tier-1,2025-09-12,https://www.sec.gov/Archives/edgar/data/1301236/000119312525206131/soho-20250912.htm,https://www.sec.gov/Archives/edgar/data/1301236/0001193125-25-206131-index.html
SPCE,"Virgin Galactic Holdings, Inc",0001706946,2025-11-13,ATM,Tier-1,https://www.sec.gov/Archives/edgar/data/1706946/000170694625000149/spce-20251113.htm,https://www.sec.gov/Archives/edgar/data/1706946/0001706946-25-000149-index.html,8-K,2025-11-13,2025-11-13,2025-11-13,0001706946-25-000149,https://www.sec.gov/Archives/edgar/data/1706946/000170694625000149/spce-20251113.htm,https://www.sec.gov/Archives/edgar/data/1706946/000170694625000149/spce-20251113.htm,2025-11-13,2025-11-13 16:09:41,https://www.sec.gov/Archives/edgar/data/1706946/0001706946-25-000149-index.html,Item 2.02; Item 9.01,Item 2.02; Item 9.01,ATM,Tier-1,https://www.sec.gov/Archives/edgar/data/1706946/000170694625000149/spce-20251113.htm,,Tier-1,2025-11-13,https://www.sec.gov/Archives/edgar/data/1706946/000170694625000149/spce-20251113.htm,https://www.sec.gov/Archives/edgar/data/1706946/0001706946-25-000149-index.html
SPCE,"Virgin Galactic Holdings, Inc",0001706946,2025-08-06,ATM,Tier-1,https://www.sec.gov/Archives/edgar/data/1706946/000170694625000130/spce-20250806.htm,https://www.sec.gov/Archives/edgar/data/1706946/0001706946-25-000130-index.html,8-K,2025-08-06,2025-08-06,2025-08-06,0001706946-25-000130,https://www.sec.gov/Archives/edgar/data/1706946/000170694625000130/spce-20250806.htm,https://www.sec.gov/Archives/edgar/data/1706946/000170694625000130/spce-20250806.htm,2025-08-06,2025-08-06 16:32:50,https://www.sec.gov/Archives/edgar/data/1706946/0001706946-25-000130-index.html,Item 2.02; Item 9.01,Item 2.02; Item 9.01,ATM,Tier-1,https://www.sec.gov/Archives/edgar/data/1706946/000170694625000130/spce-20250806.htm,,Tier-1,2025-08-06,https://www.sec.gov/Archives/edgar/data/1706946/000170694625000130/spce-20250806.htm,https://www.sec.gov/Archives/edgar/data/1706946/0001706946-25-000130-index.html
SPEG,Silver Pegasus Acquisition Corp.,0002028735,2025-09-05,ATM,Tier-1,https://www.sec.gov/Archives/edgar/data/2028735/000121390025085032/ea0255985-8k_silver.htm,https://www.sec.gov/Archives/edgar/data/2028735/0001213900-25-085032-index.html,8-K,2025-09-05,2025-09-05,2025-09-05,0001213900-25-085032,https://www.sec.gov/Archives/edgar/data/2028735/000121390025085032/ea0255985-8k_silver.htm,https://www.sec.gov/Archives/edgar/data/2028735/000121390025085032/ea0255985-8k_silver.htm,2025-09-05,2025-09-05 16:15:42,https://www.sec.gov/Archives/edgar/data/2028735/0001213900-25-085032-index.html,Item 8.01; Item 9.01,Item 8.01; Item 9.01,ATM,Tier-1,https://www.sec.gov/Archives/edgar/data/2028735/000121390025085032/ea0255985-8k_silver.htm,,Tier-1,2025-09-05,https://www.sec.gov/Archives/edgar/data/2028735/000121390025085032/ea0255985-8k_silver.htm,https://www.sec.gov/Archives/edgar/data/2028735/0001213900-25-085032-index.html
SPEG,Silver Pegasus Acquisition Corp.,0002028735,2025-07-16,ATM,Tier-1,https://www.sec.gov/Archives/edgar/data/2028735/000121390025066767/ea0249825-8k_silver.htm,https://www.sec.gov/Archives/edgar/data/2028735/0001213900-25-066767-index.html,8-K,2025-07-23,2025-07-16,2025-07-16,0001213900-25-066767,https://www.sec.gov/Archives/edgar/data/2028735/000121390025066767/ea0249825-8k_silver.htm,https://www.sec.gov/Archives/edgar/data/2028735/000121390025066767/ea0249825-8k_silver.htm,2025-07-16,2025-07-22 18:37:52,https://www.sec.gov/Archives/edgar/data/2028735/0001213900-25-066767-index.html,Item 8.01; Item 9.01,Item 8.01; Item 9.01,ATM,Tier-1,https://www.sec.gov/Archives/edgar/data/2028735/000121390025066767/ea0249825-8k_silver.htm,,Tier-1,2025-07-16,https://www.sec.gov/Archives/edgar/data/2028735/000121390025066767/ea0249825-8k_silver.htm,https://www.sec.gov/Archives/edgar/data/2028735/0001213900-25-066767-index.html
SPEG,Silver Pegasus Acquisition Corp.,0002028735,2025-07-14,ATM,Tier-1,https://www.sec.gov/Archives/edgar/data/2028735/000121390025065673/ea0249207-8k_silver.htm,https://www.sec.gov/Archives/edgar/data/2028735/0001213900-25-065673-index.html,8-K,2025-07-18,2025-07-14,2025-07-14,0001213900-25-065673,https://www.sec.gov/Archives/edgar/data/2028735/000121390025065673/ea0249207-8k_silver.htm,https://www.sec.gov/Archives/edgar/data/2028735/000121390025065673/ea0249207-8k_silver.htm,2025-07-14,2025-07-18 16:15:18,https://www.sec.gov/Archives/edgar/data/2028735/0001213900-25-065673-index.html,Item 9.01,Item 9.01,ATM,Tier-1,https://www.sec.gov/Archives/edgar/data/2028735/000121390025065673/ea0249207-8k_silver.htm,,Tier-1,2025-07-14,https://www.sec.gov/Archives/edgar/data/2028735/000121390025065673/ea0249207-8k_silver.htm,https://www.sec.gov/Archives/edgar/data/2028735/0001213900-25-065673-index.html
SOHO,Sotherly Hotels Inc.,0001301236,2025-08-12,ATM,Tier-1,https://www.sec.gov/Archives/edgar/data/1301236/000119312525178450/soho-20250812.htm,https://www.sec.gov/Archives/edgar/data/1301236/0001193125-25-178450-index.html,8-K,2025-08-12,2025-08-12,2025-08-12,0001193125-25-178450,https://www.sec.gov/Archives/edgar/data/1301236/000119312525178450/soho-20250812.htm,https://www.sec.gov/Archives/edgar/data/1301236/000119312525178450/soho-20250812.htm,2025-08-12,2025-08-12 06:30:10,https://www.sec.gov/Archives/edgar/data/1301236/0001193125-25-178450-index.html,Item 2.02; Item 9.01,Item 2.02; Item 9.01,ATM,Tier-1,https://www.sec.gov/Archives/edgar/data/1301236/000119312525178450/soho-20250812.htm,,Tier-1,2025-08-12,https://www.sec.gov/Archives/edgar/data/1301236/000119312525178450/soho-20250812.htm,https://www.sec.gov/Archives/edgar/data/1301236/0001193125-25-178450-index.html
SPOK,"Spok Holdings, Inc",0001289945,2025-08-01,GuidanceUp,Tier-1,https://www.sec.gov/Archives/edgar/data/1289945/000128994525000048/spok-20250801.htm,https://www.sec.gov/Archives/edgar/data/1289945/0001289945-25-000048-index.html,8-K,2025-08-01,2025-08-01,2025-08-01,0001289945-25-000048,https://www.sec.gov/Archives/edgar/data/1289945/000128994525000048/spok-20250801.htm,https://www.sec.gov/Archives/edgar/data/1289945/000128994525000048/spok-20250801.htm,2025-08-01,2025-08-01 16:01:12,https://www.sec.gov/Archives/edgar/data/1289945/0001289945-25-000048-index.html,Item 7.01; Item 9.01,Item 7.01; Item 9.01,GuidanceUp,Tier-1,https://www.sec.gov/Archives/edgar/data/1289945/000128994525000048/spok-20250801.htm,,Tier-1,2025-08-01,https://www.sec.gov/Archives/edgar/data/1289945/000128994525000048/spok-20250801.htm,https://www.sec.gov/Archives/edgar/data/1289945/0001289945-25-000048-index.html
SPOK,"Spok Holdings, Inc",0001289945,2025-10-29,GuidanceUp,Tier-1,https://www.sec.gov/Archives/edgar/data/1289945/000128994525000053/spok-20251029.htm,https://www.sec.gov/Archives/edgar/data/1289945/0001289945-25-000053-index.html,8-K,2025-10-29,2025-10-29,2025-10-29,0001289945-25-000053,https://www.sec.gov/Archives/edgar/data/1289945/000128994525000053/spok-20251029.htm,https://www.sec.gov/Archives/edgar/data/1289945/000128994525000053/spok-20251029.htm,2025-10-29,2025-10-29 16:00:32,https://www.sec.gov/Archives/edgar/data/1289945/0001289945-25-000053-index.html,Item 2.02; Item 8.01; Item 9.01,Item 2.02; Item 8.01; Item 9.01,GuidanceUp,Tier-1,https://www.sec.gov/Archives/edgar/data/1289945/000128994525000053/spok-20251029.htm,,Tier-1,2025-10-29,https://www.sec.gov/Archives/edgar/data/1289945/000128994525000053/spok-20251029.htm,https://www.sec.gov/Archives/edgar/data/1289945/0001289945-25-000053-index.html
SPRB,"SPRUCE BIOSCIENCES, INC.",0001683553,2025-10-07,ATM,Tier-1,https://www.sec.gov/Archives/edgar/data/1683553/000119312525234516/d36248d8k.htm,https://www.sec.gov/Archives/edgar/data/1683553/0001193125-25-234516-index.html,8-K,2025-10-08,2025-10-07,2025-10-07,0001193125-25-234516,https://www.sec.gov/Archives/edgar/data/1683553/000119312525234516/d36248d8k.htm,https://www.sec.gov/Archives/edgar/data/1683553/000119312525234516/d36248d8k.htm,2025-10-07,2025-10-08 16:07:36,https://www.sec.gov/Archives/edgar/data/1683553/0001193125-25-234516-index.html,Item 1.01; Item 3.02; Item 8.01; Item 9.01,Item 1.01; Item 3.02; Item 8.01; Item 9.01,ATM,Tier-1,https://www.sec.gov/Archives/edgar/data/1683553/000119312525234516/d36248d8k.htm,,Tier-1,2025-10-07,https://www.sec.gov/Archives/edgar/data/1683553/000119312525234516/d36248d8k.htm,https://www.sec.gov/Archives/edgar/data/1683553/0001193125-25-234516-index.html
SPRB,"SPRUCE BIOSCIENCES, INC.",0001683553,2025-11-10,ATM,Tier-1,https://www.sec.gov/Archives/edgar/data/1683553/000119312525274216/sprb-20251110.htm,https://www.sec.gov/Archives/edgar/data/1683553/0001193125-25-274216-index.html,8-K,2025-11-10,2025-11-10,2025-11-10,0001193125-25-274216,https://www.sec.gov/Archives/edgar/data/1683553/000119312525274216/sprb-20251110.htm,https://www.sec.gov/Archives/edgar/data/1683553/000119312525274216/sprb-20251110.htm,2025-11-10,2025-11-10 16:07:52,https://www.sec.gov/Archives/edgar/data/1683553/0001193125-25-274216-index.html,Item 2.02; Item 9.01,Item 2.02; Item 9.01,ATM,Tier-1,https://www.sec.gov/Archives/edgar/data/1683553/000119312525274216/sprb-20251110.htm,,Tier-1,2025-11-10,https://www.sec.gov/Archives/edgar/data/1683553/000119312525274216/sprb-20251110.htm,https://www.sec.gov/Archives/edgar/data/1683553/0001193125-25-274216-index.html
SPRB,"SPRUCE BIOSCIENCES, INC.",0001683553,2025-07-22,ATM,Tier-1,https://www.sec.gov/Archives/edgar/data/1683553/000095017025098340/sprb-20250722.htm,https://www.sec.gov/Archives/edgar/data/1683553/0000950170-25-098340-index.html,8-K,2025-07-24,2025-07-22,2025-07-22,0000950170-25-098340,https://www.sec.gov/Archives/edgar/data/1683553/000095017025098340/sprb-20250722.htm,https://www.sec.gov/Archives/edgar/data/1683553/000095017025098340/sprb-20250722.htm,2025-07-22,2025-07-24 16:12:04,https://www.sec.gov/Archives/edgar/data/1683553/0000950170-25-098340-index.html,Item 3.03; Item 5.03; Item 5.07; Item 7.01; Item 9.01,Item 3.03; Item 5.03; Item 5.07; Item 7.01; Item 9.01,ATM,Tier-1,https://www.sec.gov/Archives/edgar/data/1683553/000095017025098340/sprb-20250722.htm,,Tier-1,2025-07-22,https://www.sec.gov/Archives/edgar/data/1683553/000095017025098340/sprb-20250722.htm,https://www.sec.gov/Archives/edgar/data/1683553/0000950170-25-098340-index.html
SPOK,"Spok Holdings, Inc",0001289945,2025-07-30,GuidanceUp,Tier-1,https://www.sec.gov/Archives/edgar/data/1289945/000128994525000041/spok-20250730.htm,https://www.sec.gov/Archives/edgar/data/1289945/0001289945-25-000041-index.html,8-K,2025-07-30,2025-07-30,2025-07-30,0001289945-25-000041,https://www.sec.gov/Archives/edgar/data/1289945/000128994525000041/spok-20250730.htm,https://www.sec.gov/Archives/edgar/data/1289945/000128994525000041/spok-20250730.htm,2025-07-30,2025-07-30 16:00:53,https://www.sec.gov/Archives/edgar/data/1289945/0001289945-25-000041-index.html,Item 2.02; Item 8.01; Item 9.01,Item 2.02; Item 8.01; Item 9.01,GuidanceUp,Tier-1,https://www.sec.gov/Archives/edgar/data/1289945/000128994525000041/spok-20250730.htm,,Tier-1,2025-07-30,https://www.sec.gov/Archives/edgar/data/1289945/000128994525000041/spok-20250730.htm,https://www.sec.gov/Archives/edgar/data/1289945/0001289945-25-000041-index.html
SPRB,"SPRUCE BIOSCIENCES, INC.",0001683553,2025-08-14,ATM,Tier-1,https://www.sec.gov/Archives/edgar/data/1683553/000095017025108868/sprb-20250814.htm,https://www.sec.gov/Archives/edgar/data/1683553/0000950170-25-108868-index.html,8-K,2025-08-14,2025-08-14,2025-08-14,0000950170-25-108868,https://www.sec.gov/Archives/edgar/data/1683553/000095017025108868/sprb-20250814.htm,https://www.sec.gov/Archives/edgar/data/1683553/000095017025108868/sprb-20250814.htm,2025-08-14,2025-08-14 16:10:55,https://www.sec.gov/Archives/edgar/data/1683553/0000950170-25-108868-index.html,Item 2.02; Item 9.01,Item 2.02; Item 9.01,ATM,Tier-1,https://www.sec.gov/Archives/edgar/data/1683553/000095017025108868/sprb-20250814.htm,,Tier-1,2025-08-14,https://www.sec.gov/Archives/edgar/data/1683553/000095017025108868/sprb-20250814.htm,https://www.sec.gov/Archives/edgar/data/1683553/0000950170-25-108868-index.html
SRFM,SURF AIR MOBILITY INC.,0001936224,2025-11-12,ATM,Tier-1,https://www.sec.gov/Archives/edgar/data/1936224/000119312525277566/srfm-20251112.htm,https://www.sec.gov/Archives/edgar/data/1936224/0001193125-25-277566-index.html,8-K,2025-11-12,2025-11-12,2025-11-12,0001193125-25-277566,https://www.sec.gov/Archives/edgar/data/1936224/000119312525277566/srfm-20251112.htm,https://www.sec.gov/Archives/edgar/data/1936224/000119312525277566/srfm-20251112.htm,2025-11-12,2025-11-12 16:08:48,https://www.sec.gov/Archives/edgar/data/1936224/0001193125-25-277566-index.html,Item 1.01; Item 9.01,Item 1.01; Item 9.01,ATM,Tier-1,https://www.sec.gov/Archives/edgar/data/1936224/000119312525277566/srfm-20251112.htm,,Tier-1,2025-11-12,https://www.sec.gov/Archives/edgar/data/1936224/000119312525277566/srfm-20251112.htm,https://www.sec.gov/Archives/edgar/data/1936224/0001193125-25-277566-index.html
SRFM,SURF AIR MOBILITY INC.,0001936224,2025-11-20,ATM,Tier-1,https://www.sec.gov/Archives/edgar/data/1936224/000119312525291581/srfm-20251120.htm,https://www.sec.gov/Archives/edgar/data/1936224/0001193125-25-291581-index.html,8-K,2025-11-21,2025-11-20,2025-11-20,0001193125-25-291581,https://www.sec.gov/Archives/edgar/data/1936224/000119312525291581/srfm-20251120.htm,https://www.sec.gov/Archives/edgar/data/1936224/000119312525291581/srfm-20251120.htm,2025-11-20,2025-11-21 17:05:30,https://www.sec.gov/Archives/edgar/data/1936224/0001193125-25-291581-index.html,Item 8.01,Item 8.01,ATM,Tier-1,https://www.sec.gov/Archives/edgar/data/1936224/000119312525291581/srfm-20251120.htm,,Tier-1,2025-11-20,https://www.sec.gov/Archives/edgar/data/1936224/000119312525291581/srfm-20251120.htm,https://www.sec.gov/Archives/edgar/data/1936224/0001193125-25-291581-index.html
SRFM,SURF AIR MOBILITY INC.,0001936224,2025-10-07,ContractAward,Tier-1,https://www.sec.gov/Archives/edgar/data/1936224/000119312525234632/srfm-20251007.htm,https://www.sec.gov/Archives/edgar/data/1936224/0001193125-25-234632-index.html,8-K,2025-10-08,2025-10-07,2025-10-07,0001193125-25-234632,https://www.sec.gov/Archives/edgar/data/1936224/000119312525234632/srfm-20251007.htm,https://www.sec.gov/Archives/edgar/data/1936224/000119312525234632/srfm-20251007.htm,2025-10-07,2025-10-08 17:00:27,https://www.sec.gov/Archives/edgar/data/1936224/0001193125-25-234632-index.html,Item 5.02,Item 5.02,ContractAward,Tier-1,https://www.sec.gov/Archives/edgar/data/1936224/000119312525234632/srfm-20251007.htm,,Tier-1,2025-10-07,https://www.sec.gov/Archives/edgar/data/1936224/000119312525234632/srfm-20251007.htm,https://www.sec.gov/Archives/edgar/data/1936224/0001193125-25-234632-index.html
SRFM,SURF AIR MOBILITY INC.,0001936224,2025-08-27,ListingChange,Tier-1,https://www.sec.gov/Archives/edgar/data/1936224/000193622425000008/srfm-20250827.htm,https://www.sec.gov/Archives/edgar/data/1936224/0001936224-25-000008-index.html,8-K,2025-08-29,2025-08-27,2025-08-27,0001936224-25-000008,https://www.sec.gov/Archives/edgar/data/1936224/000193622425000008/srfm-20250827.htm,https://www.sec.gov/Archives/edgar/data/1936224/000193622425000008/srfm-20250827.htm,2025-08-27,2025-08-29 17:15:29,https://www.sec.gov/Archives/edgar/data/1936224/0001936224-25-000008-index.html,Item 5.02,Item 5.02,ListingChange,Tier-1,https://www.sec.gov/Archives/edgar/data/1936224/000193622425000008/srfm-20250827.htm,,Tier-1,2025-08-27,https://www.sec.gov/Archives/edgar/data/1936224/000193622425000008/srfm-20250827.htm,https://www.sec.gov/Archives/edgar/data/1936224/0001936224-25-000008-index.html
SRFM,SURF AIR MOBILITY INC.,0001936224,2025-11-12,ATM,Tier-1,https://www.sec.gov/Archives/edgar/data/1936224/000119312525277789/srfm-20251112.htm,https://www.sec.gov/Archives/edgar/data/1936224/0001193125-25-277789-index.html,8-K,2025-11-12,2025-11-12,2025-11-12,0001193125-25-277789,https://www.sec.gov/Archives/edgar/data/1936224/000119312525277789/srfm-20251112.htm,https://www.sec.gov/Archives/edgar/data/1936224/000119312525277789/srfm-20251112.htm,2025-11-12,2025-11-12 16:38:41,https://www.sec.gov/Archives/edgar/data/1936224/0001193125-25-277789-index.html,Item 2.02; Item 9.01,Item 2.02; Item 9.01,ATM,Tier-1,https://www.sec.gov/Archives/edgar/data/1936224/000119312525277789/srfm-20251112.htm,,Tier-1,2025-11-12,https://www.sec.gov/Archives/edgar/data/1936224/000119312525277789/srfm-20251112.htm,https://www.sec.gov/Archives/edgar/data/1936224/0001193125-25-277789-index.html
SRFM,SURF AIR MOBILITY INC.,0001936224,2025-06-25,ATM,Tier-1,https://www.sec.gov/Archives/edgar/data/1936224/000095017025090410/srfm-20250625.htm,https://www.sec.gov/Archives/edgar/data/1936224/0000950170-25-090410-index.html,8-K,2025-06-26,2025-06-25,2025-06-25,0000950170-25-090410,https://www.sec.gov/Archives/edgar/data/1936224/000095017025090410/srfm-20250625.htm,https://www.sec.gov/Archives/edgar/data/1936224/000095017025090410/srfm-20250625.htm,2025-06-25,2025-06-26 16:20:28,https://www.sec.gov/Archives/edgar/data/1936224/0000950170-25-090410-index.html,Item 1.01; Item 9.01,Item 1.01; Item 9.01,ATM,Tier-1,https://www.sec.gov/Archives/edgar/data/1936224/000095017025090410/srfm-20250625.htm,,Tier-1,2025-06-25,https://www.sec.gov/Archives/edgar/data/1936224/000095017025090410/srfm-20250625.htm,https://www.sec.gov/Archives/edgar/data/1936224/0000950170-25-090410-index.html
SRFM,SURF AIR MOBILITY INC.,0001936224,2025-08-12,ATM,Tier-1,https://www.sec.gov/Archives/edgar/data/1936224/000095017025107386/srfm-20250812.htm,https://www.sec.gov/Archives/edgar/data/1936224/0000950170-25-107386-index.html,8-K,2025-08-12,2025-08-12,2025-08-12,0000950170-25-107386,https://www.sec.gov/Archives/edgar/data/1936224/000095017025107386/srfm-20250812.htm,https://www.sec.gov/Archives/edgar/data/1936224/000095017025107386/srfm-20250812.htm,2025-08-12,2025-08-12 16:30:39,https://www.sec.gov/Archives/edgar/data/1936224/0000950170-25-107386-index.html,Item 2.02; Item 9.01,Item 2.02; Item 9.01,ATM,Tier-1,https://www.sec.gov/Archives/edgar/data/1936224/000095017025107386/srfm-20250812.htm,,Tier-1,2025-08-12,https://www.sec.gov/Archives/edgar/data/1936224/000095017025107386/srfm-20250812.htm,https://www.sec.gov/Archives/edgar/data/1936224/0000950170-25-107386-index.html
SSTI,"SOUNDTHINKING, INC.",0001351636,2025-11-12,GuidanceUp,Tier-1,https://www.sec.gov/Archives/edgar/data/1351636/000119312525277575/ssti-20251112.htm,https://www.sec.gov/Archives/edgar/data/1351636/0001193125-25-277575-index.html,8-K,2025-11-12,2025-11-12,2025-11-12,0001193125-25-277575,https://www.sec.gov/Archives/edgar/data/1351636/000119312525277575/ssti-20251112.htm,https://www.sec.gov/Archives/edgar/data/1351636/000119312525277575/ssti-20251112.htm,2025-11-12,2025-11-12 16:09:52,https://www.sec.gov/Archives/edgar/data/1351636/0001193125-25-277575-index.html,Item 2.02; Item 9.01,Item 2.02; Item 9.01,GuidanceUp,Tier-1,https://www.sec.gov/Archives/edgar/data/1351636/000119312525277575/ssti-20251112.htm,,Tier-1,2025-11-12,https://www.sec.gov/Archives/edgar/data/1351636/000119312525277575/ssti-20251112.htm,https://www.sec.gov/Archives/edgar/data/1351636/0001193125-25-277575-index.html
SSTI,"SOUNDTHINKING, INC.",0001351636,2025-08-12,GuidanceUp,Tier-1,https://www.sec.gov/Archives/edgar/data/1351636/000095017025107319/ssti-20250812.htm,https://www.sec.gov/Archives/edgar/data/1351636/0000950170-25-107319-index.html,8-K,2025-08-12,2025-08-12,2025-08-12,0000950170-25-107319,https://www.sec.gov/Archives/edgar/data/1351636/000095017025107319/ssti-20250812.htm,https://www.sec.gov/Archives/edgar/data/1351636/000095017025107319/ssti-20250812.htm,2025-08-12,2025-08-12 16:10:47,https://www.sec.gov/Archives/edgar/data/1351636/0000950170-25-107319-index.html,Item 2.02; Item 9.01,Item 2.02; Item 9.01,GuidanceUp,Tier-1,https://www.sec.gov/Archives/edgar/data/1351636/000095017025107319/ssti-20250812.htm,,Tier-1,2025-08-12,https://www.sec.gov/Archives/edgar/data/1351636/000095017025107319/ssti-20250812.htm,https://www.sec.gov/Archives/edgar/data/1351636/0000950170-25-107319-index.html
STRS,STRATUS PROPERTIES INC,0000885508,2025-11-14,ContractAward,Tier-1,https://www.sec.gov/Archives/edgar/data/885508/000088550825000069/strs-20251114.htm,https://www.sec.gov/Archives/edgar/data/885508/0000885508-25-000069-index.html,8-K,2025-11-20,2025-11-14,2025-11-14,0000885508-25-000069,https://www.sec.gov/Archives/edgar/data/885508/000088550825000069/strs-20251114.htm,https://www.sec.gov/Archives/edgar/data/885508/000088550825000069/strs-20251114.htm,2025-11-14,2025-11-20 16:19:38,https://www.sec.gov/Archives/edgar/data/885508/0000885508-25-000069-index.html,Item 2.01; Item 8.01; Item 9.01,Item 2.01; Item 8.01; Item 9.01,ContractAward,Tier-1,https://www.sec.gov/Archives/edgar/data/885508/000088550825000069/strs-20251114.htm,,Tier-1,2025-11-14,https://www.sec.gov/Archives/edgar/data/885508/000088550825000069/strs-20251114.htm,https://www.sec.gov/Archives/edgar/data/885508/0000885508-25-000069-index.html
STRS,STRATUS PROPERTIES INC,0000885508,2025-11-12,FDA,Tier-1,https://www.sec.gov/Archives/edgar/data/885508/000088550825000065/strs-20251112.htm,https://www.sec.gov/Archives/edgar/data/885508/0000885508-25-000065-index.html,8-K,2025-11-12,2025-11-12,2025-11-12,0000885508-25-000065,https://www.sec.gov/Archives/edgar/data/885508/000088550825000065/strs-20251112.htm,https://www.sec.gov/Archives/edgar/data/885508/000088550825000065/strs-20251112.htm,2025-11-12,2025-11-12 08:18:16,https://www.sec.gov/Archives/edgar/data/885508/0000885508-25-000065-index.html,Item 2.02; Item 9.01,Item 2.02; Item 9.01,FDA,Tier-1,https://www.sec.gov/Archives/edgar/data/885508/000088550825000065/strs-20251112.htm,,Tier-1,2025-11-12,https://www.sec.gov/Archives/edgar/data/885508/000088550825000065/strs-20251112.htm,https://www.sec.gov/Archives/edgar/data/885508/0000885508-25-000065-index.html
STRS,STRATUS PROPERTIES INC,0000885508,2025-10-17,ATM,Tier-1,https://www.sec.gov/Archives/edgar/data/885508/000088550825000063/strs-20251017.htm,https://www.sec.gov/Archives/edgar/data/885508/0000885508-25-000063-index.html,8-K,2025-10-23,2025-10-17,2025-10-17,0000885508-25-000063,https://www.sec.gov/Archives/edgar/data/885508/000088550825000063/strs-20251017.htm,https://www.sec.gov/Archives/edgar/data/885508/000088550825000063/strs-20251017.htm,2025-10-17,2025-10-23 16:08:20,https://www.sec.gov/Archives/edgar/data/885508/0000885508-25-000063-index.html,Item 1.01; Item 9.01,Item 1.01; Item 9.01,ATM,Tier-1,https://www.sec.gov/Archives/edgar/data/885508/000088550825000063/strs-20251017.htm,,Tier-1,2025-10-17,https://www.sec.gov/Archives/edgar/data/885508/000088550825000063/strs-20251017.htm,https://www.sec.gov/Archives/edgar/data/885508/0000885508-25-000063-index.html
SUIG,SUI Group Holdings Ltd.,0001425355,2025-11-12,ATM,Tier-1,https://www.sec.gov/Archives/edgar/data/1425355/000165495425012924/suigroup_8k.htm,https://www.sec.gov/Archives/edgar/data/1425355/0001654954-25-012924-index.html,8-K,2025-11-12,2025-11-12,2025-11-12,0001654954-25-012924,https://www.sec.gov/Archives/edgar/data/1425355/000165495425012924/suigroup_8k.htm,https://www.sec.gov/Archives/edgar/data/1425355/000165495425012924/suigroup_8k.htm,2025-11-12,2025-11-12 16:44:58,https://www.sec.gov/Archives/edgar/data/1425355/0001654954-25-012924-index.html,Item 2.02; Item 9.01,Item 2.02; Item 9.01,ATM,Tier-1,https://www.sec.gov/Archives/edgar/data/1425355/000165495425012924/suigroup_8k.htm,,Tier-1,2025-11-12,https://www.sec.gov/Archives/edgar/data/1425355/000165495425012924/suigroup_8k.htm,https://www.sec.gov/Archives/edgar/data/1425355/0001654954-25-012924-index.html
SUIG,SUI Group Holdings Ltd.,0001425355,2025-09-24,ATM,Tier-1,https://www.sec.gov/Archives/edgar/data/1425355/000121390025091783/ea0258853-8k_suigroup.htm,https://www.sec.gov/Archives/edgar/data/1425355/0001213900-25-091783-index.html,8-K,2025-09-26,2025-09-24,2025-09-24,0001213900-25-091783,https://www.sec.gov/Archives/edgar/data/1425355/000121390025091783/ea0258853-8k_suigroup.htm,https://www.sec.gov/Archives/edgar/data/1425355/000121390025091783/ea0258853-8k_suigroup.htm,2025-09-24,2025-09-25 18:41:12,https://www.sec.gov/Archives/edgar/data/1425355/0001213900-25-091783-index.html,Item 7.01; Item 9.01,Item 7.01; Item 9.01,ATM,Tier-1,https://www.sec.gov/Archives/edgar/data/1425355/000121390025091783/ea0258853-8k_suigroup.htm,,Tier-1,2025-09-24,https://www.sec.gov/Archives/edgar/data/1425355/000121390025091783/ea0258853-8k_suigroup.htm,https://www.sec.gov/Archives/edgar/data/1425355/0001213900-25-091783-index.html
STRS,STRATUS PROPERTIES INC,0000885508,2025-08-12,ContractAward,Tier-1,https://www.sec.gov/Archives/edgar/data/885508/000088550825000055/strs-20250812.htm,https://www.sec.gov/Archives/edgar/data/885508/0000885508-25-000055-index.html,8-K,2025-08-12,2025-08-12,2025-08-12,0000885508-25-000055,https://www.sec.gov/Archives/edgar/data/885508/000088550825000055/strs-20250812.htm,https://www.sec.gov/Archives/edgar/data/885508/000088550825000055/strs-20250812.htm,2025-08-12,2025-08-12 08:34:56,https://www.sec.gov/Archives/edgar/data/885508/0000885508-25-000055-index.html,Item 2.02; Item 9.01,Item 2.02; Item 9.01,ContractAward,Tier-1,https://www.sec.gov/Archives/edgar/data/885508/000088550825000055/strs-20250812.htm,,Tier-1,2025-08-12,https://www.sec.gov/Archives/edgar/data/885508/000088550825000055/strs-20250812.htm,https://www.sec.gov/Archives/edgar/data/885508/0000885508-25-000055-index.html
SUIG,SUI Group Holdings Ltd.,0001425355,2025-09-12,ATM,Tier-1,https://www.sec.gov/Archives/edgar/data/1425355/000121390025087368/ea0257271-8k_suigroup.htm,https://www.sec.gov/Archives/edgar/data/1425355/0001213900-25-087368-index.html,8-K,2025-09-15,2025-09-12,2025-09-12,0001213900-25-087368,https://www.sec.gov/Archives/edgar/data/1425355/000121390025087368/ea0257271-8k_suigroup.htm,https://www.sec.gov/Archives/edgar/data/1425355/000121390025087368/ea0257271-8k_suigroup.htm,2025-09-12,2025-09-12 21:20:25,https://www.sec.gov/Archives/edgar/data/1425355/0001213900-25-087368-index.html,Item 7.01; Item 9.01,Item 7.01; Item 9.01,ATM,Tier-1,https://www.sec.gov/Archives/edgar/data/1425355/000121390025087368/ea0257271-8k_suigroup.htm,,Tier-1,2025-09-12,https://www.sec.gov/Archives/edgar/data/1425355/000121390025087368/ea0257271-8k_suigroup.htm,https://www.sec.gov/Archives/edgar/data/1425355/0001213900-25-087368-index.html
SUIG,SUI Group Holdings Ltd.,0001425355,2025-09-03,ATM,Tier-1,https://www.sec.gov/Archives/edgar/data/1425355/000121390025084142/ea0255906-8k_suigroup.htm,https://www.sec.gov/Archives/edgar/data/1425355/0001213900-25-084142-index.html,8-K,2025-09-03,2025-09-03,2025-09-03,0001213900-25-084142,https://www.sec.gov/Archives/edgar/data/1425355/000121390025084142/ea0255906-8k_suigroup.htm,https://www.sec.gov/Archives/edgar/data/1425355/000121390025084142/ea0255906-8k_suigroup.htm,2025-09-03,2025-09-03 17:20:26,https://www.sec.gov/Archives/edgar/data/1425355/0001213900-25-084142-index.html,Item 7.01; Item 9.01,Item 7.01; Item 9.01,ATM,Tier-1,https://www.sec.gov/Archives/edgar/data/1425355/000121390025084142/ea0255906-8k_suigroup.htm,,Tier-1,2025-09-03,https://www.sec.gov/Archives/edgar/data/1425355/000121390025084142/ea0255906-8k_suigroup.htm,https://www.sec.gov/Archives/edgar/data/1425355/0001213900-25-084142-index.html
SUIG,"Mill City Ventures III, Ltd",0001425355,2025-08-25,ATM,Tier-1,https://www.sec.gov/Archives/edgar/data/1425355/000121390025080371/ea0254303-8k_millcity3.htm,https://www.sec.gov/Archives/edgar/data/1425355/0001213900-25-080371-index.html,8-K,2025-08-25,2025-08-25,2025-08-25,0001213900-25-080371,https://www.sec.gov/Archives/edgar/data/1425355/000121390025080371/ea0254303-8k_millcity3.htm,https://www.sec.gov/Archives/edgar/data/1425355/000121390025080371/ea0254303-8k_millcity3.htm,2025-08-25,2025-08-25 16:30:45,https://www.sec.gov/Archives/edgar/data/1425355/0001213900-25-080371-index.html,Item 8.01; Item 9.01,Item 8.01; Item 9.01,ATM,Tier-1,https://www.sec.gov/Archives/edgar/data/1425355/000121390025080371/ea0254303-8k_millcity3.htm,,Tier-1,2025-08-25,https://www.sec.gov/Archives/edgar/data/1425355/000121390025080371/ea0254303-8k_millcity3.htm,https://www.sec.gov/Archives/edgar/data/1425355/0001213900-25-080371-index.html
SUIG,"Mill City Ventures III, Ltd",0001425355,2025-08-11,ATM,Tier-1,https://www.sec.gov/Archives/edgar/data/1425355/000121390025073977/ea0252619-8k_millcity3.htm,https://www.sec.gov/Archives/edgar/data/1425355/0001213900-25-073977-index.html,8-K,2025-08-11,2025-08-11,2025-08-11,0001213900-25-073977,https://www.sec.gov/Archives/edgar/data/1425355/000121390025073977/ea0252619-8k_millcity3.htm,https://www.sec.gov/Archives/edgar/data/1425355/000121390025073977/ea0252619-8k_millcity3.htm,2025-08-11,2025-08-11 08:45:26,https://www.sec.gov/Archives/edgar/data/1425355/0001213900-25-073977-index.html,Item 8.01; Item 9.01,Item 8.01; Item 9.01,ATM,Tier-1,https://www.sec.gov/Archives/edgar/data/1425355/000121390025073977/ea0252619-8k_millcity3.htm,,Tier-1,2025-08-11,https://www.sec.gov/Archives/edgar/data/1425355/000121390025073977/ea0252619-8k_millcity3.htm,https://www.sec.gov/Archives/edgar/data/1425355/0001213900-25-073977-index.html
SUIG,"Mill City Ventures III, Ltd",0001425355,2025-08-01,ATM,Tier-1,https://www.sec.gov/Archives/edgar/data/1425355/000165495425008785/mcvt_8k.htm,https://www.sec.gov/Archives/edgar/data/1425355/0001654954-25-008785-index.html,8-K,2025-08-01,2025-08-01,2025-08-01,0001654954-25-008785,https://www.sec.gov/Archives/edgar/data/1425355/000165495425008785/mcvt_8k.htm,https://www.sec.gov/Archives/edgar/data/1425355/000165495425008785/mcvt_8k.htm,2025-08-01,2025-08-01 09:24:05,https://www.sec.gov/Archives/edgar/data/1425355/0001654954-25-008785-index.html,Item 3.02; Item 8.01; Item 9.01,Item 3.02; Item 8.01; Item 9.01,ATM,Tier-1,https://www.sec.gov/Archives/edgar/data/1425355/000165495425008785/mcvt_8k.htm,,Tier-1,2025-08-01,https://www.sec.gov/Archives/edgar/data/1425355/000165495425008785/mcvt_8k.htm,https://www.sec.gov/Archives/edgar/data/1425355/0001654954-25-008785-index.html
SVAC,Spring Valley Acquisition Corp. III,0002074850,2025-09-03,ATM,Tier-1,https://www.sec.gov/Archives/edgar/data/2074850/000110465925088292/tm2525462d1_8k.htm,https://www.sec.gov/Archives/edgar/data/2074850/0001104659-25-088292-index.html,8-K,2025-09-08,2025-09-03,2025-09-03,0001104659-25-088292,https://www.sec.gov/Archives/edgar/data/2074850/000110465925088292/tm2525462d1_8k.htm,https://www.sec.gov/Archives/edgar/data/2074850/000110465925088292/tm2525462d1_8k.htm,2025-09-03,2025-09-08 16:38:01,https://www.sec.gov/Archives/edgar/data/2074850/0001104659-25-088292-index.html,Item 1.01; Item 3.02; Item 8.01; Item 9.01,Item 1.01; Item 3.02; Item 8.01; Item 9.01,ATM,Tier-1,https://www.sec.gov/Archives/edgar/data/2074850/000110465925088292/tm2525462d1_8k.htm,,Tier-1,2025-09-03,https://www.sec.gov/Archives/edgar/data/2074850/000110465925088292/tm2525462d1_8k.htm,https://www.sec.gov/Archives/edgar/data/2074850/0001104659-25-088292-index.html
SVAC,Spring Valley Acquisition Corp. III,0002074850,2025-09-05,ATM,Tier-1,https://www.sec.gov/Archives/edgar/data/2074850/000141057825002027/tm2525462d2_8k.htm,https://www.sec.gov/Archives/edgar/data/2074850/0001410578-25-002027-index.html,8-K,2025-09-11,2025-09-05,2025-09-05,0001410578-25-002027,https://www.sec.gov/Archives/edgar/data/2074850/000141057825002027/tm2525462d2_8k.htm,https://www.sec.gov/Archives/edgar/data/2074850/000141057825002027/tm2525462d2_8k.htm,2025-09-05,2025-09-11 16:06:29,https://www.sec.gov/Archives/edgar/data/2074850/0001410578-25-002027-index.html,Item 8.01; Item 9.01,Item 8.01; Item 9.01,ATM,Tier-1,https://www.sec.gov/Archives/edgar/data/2074850/000141057825002027/tm2525462d2_8k.htm,,Tier-1,2025-09-05,https://www.sec.gov/Archives/edgar/data/2074850/000141057825002027/tm2525462d2_8k.htm,https://www.sec.gov/Archives/edgar/data/2074850/0001410578-25-002027-index.html
SVCO,"Silvaco Group, Inc.",0001943289,2025-11-12,ATM,Tier-1,https://www.sec.gov/Archives/edgar/data/1943289/000194328925000018/svco-20251112.htm,https://www.sec.gov/Archives/edgar/data/1943289/0001943289-25-000018-index.html,8-K,2025-11-12,2025-11-12,2025-11-12,0001943289-25-000018,https://www.sec.gov/Archives/edgar/data/1943289/000194328925000018/svco-20251112.htm,https://www.sec.gov/Archives/edgar/data/1943289/000194328925000018/svco-20251112.htm,2025-11-12,2025-11-12 17:06:20,https://www.sec.gov/Archives/edgar/data/1943289/0001943289-25-000018-index.html,Item 2.02; Item 9.01,Item 2.02; Item 9.01,ATM,Tier-1,https://www.sec.gov/Archives/edgar/data/1943289/000194328925000018/svco-20251112.htm,,Tier-1,2025-11-12,https://www.sec.gov/Archives/edgar/data/1943289/000194328925000018/svco-20251112.htm,https://www.sec.gov/Archives/edgar/data/1943289/0001943289-25-000018-index.html
SVCO,"Silvaco Group, Inc.",0001943289,2025-08-21,ATM,Tier-1,https://www.sec.gov/Archives/edgar/data/1943289/000194328925000009/svco-20250821.htm,https://www.sec.gov/Archives/edgar/data/1943289/0001943289-25-000009-index.html,8-K,2025-08-26,2025-08-21,2025-08-21,0001943289-25-000009,https://www.sec.gov/Archives/edgar/data/1943289/000194328925000009/svco-20250821.htm,https://www.sec.gov/Archives/edgar/data/1943289/000194328925000009/svco-20250821.htm,2025-08-21,2025-08-26 16:03:33,https://www.sec.gov/Archives/edgar/data/1943289/0001943289-25-000009-index.html,Item 5.02; Item 7.01; Item 9.01,Item 5.02; Item 7.01; Item 9.01,ATM,Tier-1,https://www.sec.gov/Archives/edgar/data/1943289/000194328925000009/svco-20250821.htm,,Tier-1,2025-08-21,https://www.sec.gov/Archives/edgar/data/1943289/000194328925000009/svco-20250821.htm,https://www.sec.gov/Archives/edgar/data/1943289/0001943289-25-000009-index.html
SVCO,"Silvaco Group, Inc.",0001943289,2025-09-04,ATM,Tier-1,https://www.sec.gov/Archives/edgar/data/1943289/000194328925000014/svco-20250904.htm,https://www.sec.gov/Archives/edgar/data/1943289/0001943289-25-000014-index.html,8-K,2025-09-05,2025-09-04,2025-09-04,0001943289-25-000014,https://www.sec.gov/Archives/edgar/data/1943289/000194328925000014/svco-20250904.htm,https://www.sec.gov/Archives/edgar/data/1943289/000194328925000014/svco-20250904.htm,2025-09-04,2025-09-05 16:34:43,https://www.sec.gov/Archives/edgar/data/1943289/0001943289-25-000014-index.html,Item 5.02; Item 7.01; Item 9.01,Item 5.02; Item 7.01; Item 9.01,ATM,Tier-1,https://www.sec.gov/Archives/edgar/data/1943289/000194328925000014/svco-20250904.htm,,Tier-1,2025-09-04,https://www.sec.gov/Archives/edgar/data/1943289/000194328925000014/svco-20250904.htm,https://www.sec.gov/Archives/edgar/data/1943289/0001943289-25-000014-index.html
SVCO,"Silvaco Group, Inc.",0001943289,2025-08-01,ATM,Tier-1,https://www.sec.gov/Archives/edgar/data/1943289/000162828025037474/svco-20250801.htm,https://www.sec.gov/Archives/edgar/data/1943289/0001628280-25-037474-index.html,8-K,2025-08-04,2025-08-01,2025-08-01,0001628280-25-037474,https://www.sec.gov/Archives/edgar/data/1943289/000162828025037474/svco-20250801.htm,https://www.sec.gov/Archives/edgar/data/1943289/000162828025037474/svco-20250801.htm,2025-08-01,2025-08-04 16:54:21,https://www.sec.gov/Archives/edgar/data/1943289/0001628280-25-037474-index.html,Item 9.01,Item 9.01,ATM,Tier-1,https://www.sec.gov/Archives/edgar/data/1943289/000162828025037474/svco-20250801.htm,,Tier-1,2025-08-01,https://www.sec.gov/Archives/edgar/data/1943289/000162828025037474/svco-20250801.htm,https://www.sec.gov/Archives/edgar/data/1943289/0001628280-25-037474-index.html
SVCO,"Silvaco Group, Inc.",0001943289,2025-08-06,ATM,Tier-1,https://www.sec.gov/Archives/edgar/data/1943289/000162828025038358/svco-20250806.htm,https://www.sec.gov/Archives/edgar/data/1943289/0001628280-25-038358-index.html,8-K,2025-08-06,2025-08-06,2025-08-06,0001628280-25-038358,https://www.sec.gov/Archives/edgar/data/1943289/000162828025038358/svco-20250806.htm,https://www.sec.gov/Archives/edgar/data/1943289/000162828025038358/svco-20250806.htm,2025-08-06,2025-08-06 16:19:22,https://www.sec.gov/Archives/edgar/data/1943289/0001628280-25-038358-index.html,Item 2.02; Item 9.01,Item 2.02; Item 9.01,ATM,Tier-1,https://www.sec.gov/Archives/edgar/data/1943289/000162828025038358/svco-20250806.htm,,Tier-1,2025-08-06,https://www.sec.gov/Archives/edgar/data/1943289/000162828025038358/svco-20250806.htm,https://www.sec.gov/Archives/edgar/data/1943289/0001628280-25-038358-index.html
SVCO,"Silvaco Group, Inc.",0001943289,2025-07-29,ATM,Tier-1,https://www.sec.gov/Archives/edgar/data/1943289/000162828025036463/svco-20250729.htm,https://www.sec.gov/Archives/edgar/data/1943289/0001628280-25-036463-index.html,8-K,2025-07-29,2025-07-29,2025-07-29,0001628280-25-036463,https://www.sec.gov/Archives/edgar/data/1943289/000162828025036463/svco-20250729.htm,https://www.sec.gov/Archives/edgar/data/1943289/000162828025036463/svco-20250729.htm,2025-07-29,2025-07-29 17:05:54,https://www.sec.gov/Archives/edgar/data/1943289/0001628280-25-036463-index.html,Item 9.01,Item 9.01,ATM,Tier-1,https://www.sec.gov/Archives/edgar/data/1943289/000162828025036463/svco-20250729.htm,,Tier-1,2025-07-29,https://www.sec.gov/Archives/edgar/data/1943289/000162828025036463/svco-20250729.htm,https://www.sec.gov/Archives/edgar/data/1943289/0001628280-25-036463-index.html
SWKHL,SWK Holdings Corp,0001089907,2025-10-09,FDA,Tier-1,https://www.sec.gov/Archives/edgar/data/1089907/000155278125000315/e25355_swkh-8k.htm,https://www.sec.gov/Archives/edgar/data/1089907/0001552781-25-000315-index.html,8-K,2025-10-09,2025-10-09,2025-10-09,0001552781-25-000315,https://www.sec.gov/Archives/edgar/data/1089907/000155278125000315/e25355_swkh-8k.htm,https://www.sec.gov/Archives/edgar/data/1089907/000155278125000315/e25355_swkh-8k.htm,2025-10-09,2025-10-09 17:27:26,https://www.sec.gov/Archives/edgar/data/1089907/0001552781-25-000315-index.html,Item 8.01; Item 9.01,Item 8.01; Item 9.01,FDA,Tier-1,https://www.sec.gov/Archives/edgar/data/1089907/000155278125000315/e25355_swkh-8k.htm,,Tier-1,2025-10-09,https://www.sec.gov/Archives/edgar/data/1089907/000155278125000315/e25355_swkh-8k.htm,https://www.sec.gov/Archives/edgar/data/1089907/0001552781-25-000315-index.html
SWKHL,SWK Holdings Corp,0001089907,2025-10-09,ATM,Tier-1,https://www.sec.gov/Archives/edgar/data/1089907/000155278125000317/e25356_swkh-8k.htm,https://www.sec.gov/Archives/edgar/data/1089907/0001552781-25-000317-index.html,8-K,2025-10-10,2025-10-09,2025-10-09,0001552781-25-000317,https://www.sec.gov/Archives/edgar/data/1089907/000155278125000317/e25356_swkh-8k.htm,https://www.sec.gov/Archives/edgar/data/1089907/000155278125000317/e25356_swkh-8k.htm,2025-10-09,2025-10-10 07:11:00,https://www.sec.gov/Archives/edgar/data/1089907/0001552781-25-000317-index.html,Item 1.01; Item 9.01,Item 1.01; Item 9.01,ATM,Tier-1,https://www.sec.gov/Archives/edgar/data/1089907/000155278125000317/e25356_swkh-8k.htm,,Tier-1,2025-10-09,https://www.sec.gov/Archives/edgar/data/1089907/000155278125000317/e25356_swkh-8k.htm,https://www.sec.gov/Archives/edgar/data/1089907/0001552781-25-000317-index.html
SWKHL,SWK Holdings Corp,0001089907,2025-11-06,ATM,Tier-1,https://www.sec.gov/Archives/edgar/data/1089907/000162828025050153/swkh-20251106.htm,https://www.sec.gov/Archives/edgar/data/1089907/0001628280-25-050153-index.html,8-K,2025-11-06,2025-11-06,2025-11-06,0001628280-25-050153,https://www.sec.gov/Archives/edgar/data/1089907/000162828025050153/swkh-20251106.htm,https://www.sec.gov/Archives/edgar/data/1089907/000162828025050153/swkh-20251106.htm,2025-11-06,2025-11-06 16:04:35,https://www.sec.gov/Archives/edgar/data/1089907/0001628280-25-050153-index.html,Item 2.02; Item 9.01,Item 2.02; Item 9.01,ATM,Tier-1,https://www.sec.gov/Archives/edgar/data/1089907/000162828025050153/swkh-20251106.htm,,Tier-1,2025-11-06,https://www.sec.gov/Archives/edgar/data/1089907/000162828025050153/swkh-20251106.htm,https://www.sec.gov/Archives/edgar/data/1089907/0001628280-25-050153-index.html
SWKHL,SWK Holdings Corp,0001089907,2025-07-15,ContractAward,Tier-1,https://www.sec.gov/Archives/edgar/data/1089907/000162828025035236/swkh-20250715.htm,https://www.sec.gov/Archives/edgar/data/1089907/0001628280-25-035236-index.html,8-K,2025-07-17,2025-07-15,2025-07-15,0001628280-25-035236,https://www.sec.gov/Archives/edgar/data/1089907/000162828025035236/swkh-20250715.htm,https://www.sec.gov/Archives/edgar/data/1089907/000162828025035236/swkh-20250715.htm,2025-07-15,2025-07-17 17:04:20,https://www.sec.gov/Archives/edgar/data/1089907/0001628280-25-035236-index.html,Item 1.01,Item 1.01,ContractAward,Tier-1,https://www.sec.gov/Archives/edgar/data/1089907/000162828025035236/swkh-20250715.htm,,Tier-1,2025-07-15,https://www.sec.gov/Archives/edgar/data/1089907/000162828025035236/swkh-20250715.htm,https://www.sec.gov/Archives/edgar/data/1089907/0001628280-25-035236-index.html
TLNC,Talon Capital Corp.,0002073340,2025-09-08,ATM,Tier-1,https://www.sec.gov/Archives/edgar/data/2073340/000121390025087276/ea0256900-8k_talon.htm,https://www.sec.gov/Archives/edgar/data/2073340/0001213900-25-087276-index.html,8-K,2025-09-12,2025-09-08,2025-09-08,0001213900-25-087276,https://www.sec.gov/Archives/edgar/data/2073340/000121390025087276/ea0256900-8k_talon.htm,https://www.sec.gov/Archives/edgar/data/2073340/000121390025087276/ea0256900-8k_talon.htm,2025-09-08,2025-09-12 17:08:00,https://www.sec.gov/Archives/edgar/data/2073340/0001213900-25-087276-index.html,Item 1.01; Item 3.02; Item 8.01; Item 9.01,Item 1.01; Item 3.02; Item 8.01; Item 9.01,ATM,Tier-1,https://www.sec.gov/Archives/edgar/data/2073340/000121390025087276/ea0256900-8k_talon.htm,,Tier-1,2025-09-08,https://www.sec.gov/Archives/edgar/data/2073340/000121390025087276/ea0256900-8k_talon.htm,https://www.sec.gov/Archives/edgar/data/2073340/0001213900-25-087276-index.html
SWKHL,SWK Holdings Corp,0001089907,2025-08-14,ATM,Tier-1,https://www.sec.gov/Archives/edgar/data/1089907/000162828025040422/swkh-20250814.htm,https://www.sec.gov/Archives/edgar/data/1089907/0001628280-25-040422-index.html,8-K,2025-08-14,2025-08-14,2025-08-14,0001628280-25-040422,https://www.sec.gov/Archives/edgar/data/1089907/000162828025040422/swkh-20250814.htm,https://www.sec.gov/Archives/edgar/data/1089907/000162828025040422/swkh-20250814.htm,2025-08-14,2025-08-14 16:45:02,https://www.sec.gov/Archives/edgar/data/1089907/0001628280-25-040422-index.html,Item 2.02; Item 7.01; Item 9.01,Item 2.02; Item 7.01; Item 9.01,ATM,Tier-1,https://www.sec.gov/Archives/edgar/data/1089907/000162828025040422/swkh-20250814.htm,,Tier-1,2025-08-14,https://www.sec.gov/Archives/edgar/data/1089907/000162828025040422/swkh-20250814.htm,https://www.sec.gov/Archives/edgar/data/1089907/0001628280-25-040422-index.html
TNXP,Tonix Pharmaceuticals Holding Corp.,0001430306,2025-11-24,ATM,Tier-1,https://www.sec.gov/Archives/edgar/data/1430306/000199937125018430/tnxp-8k_112425.htm,https://www.sec.gov/Archives/edgar/data/1430306/0001999371-25-018430-index.html,8-K,2025-11-24,2025-11-24,2025-11-24,0001999371-25-018430,https://www.sec.gov/Archives/edgar/data/1430306/000199937125018430/tnxp-8k_112425.htm,https://www.sec.gov/Archives/edgar/data/1430306/000199937125018430/tnxp-8k_112425.htm,2025-11-24,2025-11-24 07:06:15,https://www.sec.gov/Archives/edgar/data/1430306/0001999371-25-018430-index.html,Item 7.01; Item 8.01; Item 9.01,Item 7.01; Item 8.01; Item 9.01,ATM,Tier-1,https://www.sec.gov/Archives/edgar/data/1430306/000199937125018430/tnxp-8k_112425.htm,,Tier-1,2025-11-24,https://www.sec.gov/Archives/edgar/data/1430306/000199937125018430/tnxp-8k_112425.htm,https://www.sec.gov/Archives/edgar/data/1430306/0001999371-25-018430-index.html
TLNC,Talon Capital Corp.,0002073340,2025-09-10,ATM,Tier-1,https://www.sec.gov/Archives/edgar/data/2073340/000121390025088251/ea0257330-8k_talon.htm,https://www.sec.gov/Archives/edgar/data/2073340/0001213900-25-088251-index.html,8-K,2025-09-16,2025-09-10,2025-09-10,0001213900-25-088251,https://www.sec.gov/Archives/edgar/data/2073340/000121390025088251/ea0257330-8k_talon.htm,https://www.sec.gov/Archives/edgar/data/2073340/000121390025088251/ea0257330-8k_talon.htm,2025-09-10,2025-09-16 17:20:12,https://www.sec.gov/Archives/edgar/data/2073340/0001213900-25-088251-index.html,Item 1.01; Item 8.01; Item 9.01,Item 1.01; Item 8.01; Item 9.01,ATM,Tier-1,https://www.sec.gov/Archives/edgar/data/2073340/000121390025088251/ea0257330-8k_talon.htm,,Tier-1,2025-09-10,https://www.sec.gov/Archives/edgar/data/2073340/000121390025088251/ea0257330-8k_talon.htm,https://www.sec.gov/Archives/edgar/data/2073340/0001213900-25-088251-index.html
TNXP,Tonix Pharmaceuticals Holding Corp.,0001430306,2025-11-21,ATM,Tier-1,https://www.sec.gov/Archives/edgar/data/1430306/000199937125018392/tnxp-8k_112125.htm,https://www.sec.gov/Archives/edgar/data/1430306/0001999371-25-018392-index.html,8-K,2025-11-21,2025-11-21,2025-11-21,0001999371-25-018392,https://www.sec.gov/Archives/edgar/data/1430306/000199937125018392/tnxp-8k_112125.htm,https://www.sec.gov/Archives/edgar/data/1430306/000199937125018392/tnxp-8k_112125.htm,2025-11-21,2025-11-21 16:48:12,https://www.sec.gov/Archives/edgar/data/1430306/0001999371-25-018392-index.html,Item 1.01; Item 8.01; Item 9.01,Item 1.01; Item 8.01; Item 9.01,ATM,Tier-1,https://www.sec.gov/Archives/edgar/data/1430306/000199937125018392/tnxp-8k_112125.htm,,Tier-1,2025-11-21,https://www.sec.gov/Archives/edgar/data/1430306/000199937125018392/tnxp-8k_112125.htm,https://www.sec.gov/Archives/edgar/data/1430306/0001999371-25-018392-index.html
TNXP,Tonix Pharmaceuticals Holding Corp.,0001430306,2025-11-17,ATM,Tier-1,https://www.sec.gov/Archives/edgar/data/1430306/000199937125017964/tnxp-8k_111725.htm,https://www.sec.gov/Archives/edgar/data/1430306/0001999371-25-017964-index.html,8-K,2025-11-17,2025-11-17,2025-11-17,0001999371-25-017964,https://www.sec.gov/Archives/edgar/data/1430306/000199937125017964/tnxp-8k_111725.htm,https://www.sec.gov/Archives/edgar/data/1430306/000199937125017964/tnxp-8k_111725.htm,2025-11-17,2025-11-17 07:05:34,https://www.sec.gov/Archives/edgar/data/1430306/0001999371-25-017964-index.html,Item 7.01; Item 8.01; Item 9.01,Item 7.01; Item 8.01; Item 9.01,ATM,Tier-1,https://www.sec.gov/Archives/edgar/data/1430306/000199937125017964/tnxp-8k_111725.htm,,Tier-1,2025-11-17,https://www.sec.gov/Archives/edgar/data/1430306/000199937125017964/tnxp-8k_111725.htm,https://www.sec.gov/Archives/edgar/data/1430306/0001999371-25-017964-index.html
TNXP,Tonix Pharmaceuticals Holding Corp.,0001430306,2025-10-27,ATM,Tier-1,https://www.sec.gov/Archives/edgar/data/1430306/000199937125016108/tnxp_8k-102725.htm,https://www.sec.gov/Archives/edgar/data/1430306/0001999371-25-016108-index.html,8-K,2025-10-27,2025-10-27,2025-10-27,0001999371-25-016108,https://www.sec.gov/Archives/edgar/data/1430306/000199937125016108/tnxp_8k-102725.htm,https://www.sec.gov/Archives/edgar/data/1430306/000199937125016108/tnxp_8k-102725.htm,2025-10-27,2025-10-27 07:00:38,https://www.sec.gov/Archives/edgar/data/1430306/0001999371-25-016108-index.html,Item 2.02; Item 8.01,Item 2.02; Item 8.01,ATM,Tier-1,https://www.sec.gov/Archives/edgar/data/1430306/000199937125016108/tnxp_8k-102725.htm,,Tier-1,2025-10-27,https://www.sec.gov/Archives/edgar/data/1430306/000199937125016108/tnxp_8k-102725.htm,https://www.sec.gov/Archives/edgar/data/1430306/0001999371-25-016108-index.html
TNXP,Tonix Pharmaceuticals Holding Corp.,0001430306,2025-11-10,ATM,Tier-1,https://www.sec.gov/Archives/edgar/data/1430306/000199937125017369/tnxp-8k_111025.htm,https://www.sec.gov/Archives/edgar/data/1430306/0001999371-25-017369-index.html,8-K,2025-11-10,2025-11-10,2025-11-10,0001999371-25-017369,https://www.sec.gov/Archives/edgar/data/1430306/000199937125017369/tnxp-8k_111025.htm,https://www.sec.gov/Archives/edgar/data/1430306/000199937125017369/tnxp-8k_111025.htm,2025-11-10,2025-11-10 16:26:47,https://www.sec.gov/Archives/edgar/data/1430306/0001999371-25-017369-index.html,Item 2.02; Item 9.01,Item 2.02; Item 9.01,ATM,Tier-1,https://www.sec.gov/Archives/edgar/data/1430306/000199937125017369/tnxp-8k_111025.htm,,Tier-1,2025-11-10,https://www.sec.gov/Archives/edgar/data/1430306/000199937125017369/tnxp-8k_111025.htm,https://www.sec.gov/Archives/edgar/data/1430306/0001999371-25-017369-index.html
TNXP,Tonix Pharmaceuticals Holding Corp.,0001430306,2025-10-22,ATM,Tier-1,https://www.sec.gov/Archives/edgar/data/1430306/000199937125015796/tnxp_8k-102225.htm,https://www.sec.gov/Archives/edgar/data/1430306/0001999371-25-015796-index.html,8-K,2025-10-22,2025-10-22,2025-10-22,0001999371-25-015796,https://www.sec.gov/Archives/edgar/data/1430306/000199937125015796/tnxp_8k-102225.htm,https://www.sec.gov/Archives/edgar/data/1430306/000199937125015796/tnxp_8k-102225.htm,2025-10-22,2025-10-22 07:05:37,https://www.sec.gov/Archives/edgar/data/1430306/0001999371-25-015796-index.html,Item 7.01; Item 8.01; Item 9.01,Item 7.01; Item 8.01; Item 9.01,ATM,Tier-1,https://www.sec.gov/Archives/edgar/data/1430306/000199937125015796/tnxp_8k-102225.htm,,Tier-1,2025-10-22,https://www.sec.gov/Archives/edgar/data/1430306/000199937125015796/tnxp_8k-102225.htm,https://www.sec.gov/Archives/edgar/data/1430306/0001999371-25-015796-index.html
TNXP,Tonix Pharmaceuticals Holding Corp.,0001430306,2025-09-30,ATM,Tier-1,https://www.sec.gov/Archives/edgar/data/1430306/000199937125014216/tnxp-8k_093025.htm,https://www.sec.gov/Archives/edgar/data/1430306/0001999371-25-014216-index.html,8-K,2025-09-30,2025-09-30,2025-09-30,0001999371-25-014216,https://www.sec.gov/Archives/edgar/data/1430306/000199937125014216/tnxp-8k_093025.htm,https://www.sec.gov/Archives/edgar/data/1430306/000199937125014216/tnxp-8k_093025.htm,2025-09-30,2025-09-30 08:36:03,https://www.sec.gov/Archives/edgar/data/1430306/0001999371-25-014216-index.html,Item 7.01; Item 8.01; Item 9.01,Item 7.01; Item 8.01; Item 9.01,ATM,Tier-1,https://www.sec.gov/Archives/edgar/data/1430306/000199937125014216/tnxp-8k_093025.htm,,Tier-1,2025-09-30,https://www.sec.gov/Archives/edgar/data/1430306/000199937125014216/tnxp-8k_093025.htm,https://www.sec.gov/Archives/edgar/data/1430306/0001999371-25-014216-index.html
TNXP,Tonix Pharmaceuticals Holding Corp.,0001430306,2025-09-29,ATM,Tier-1,https://www.sec.gov/Archives/edgar/data/1430306/000199937125014108/tnxp-8k_092925.htm,https://www.sec.gov/Archives/edgar/data/1430306/0001999371-25-014108-index.html,8-K,2025-09-29,2025-09-29,2025-09-29,0001999371-25-014108,https://www.sec.gov/Archives/edgar/data/1430306/000199937125014108/tnxp-8k_092925.htm,https://www.sec.gov/Archives/edgar/data/1430306/000199937125014108/tnxp-8k_092925.htm,2025-09-29,2025-09-29 08:24:51,https://www.sec.gov/Archives/edgar/data/1430306/0001999371-25-014108-index.html,Item 7.01; Item 8.01; Item 9.01,Item 7.01; Item 8.01; Item 9.01,ATM,Tier-1,https://www.sec.gov/Archives/edgar/data/1430306/000199937125014108/tnxp-8k_092925.htm,,Tier-1,2025-09-29,https://www.sec.gov/Archives/edgar/data/1430306/000199937125014108/tnxp-8k_092925.htm,https://www.sec.gov/Archives/edgar/data/1430306/0001999371-25-014108-index.html
TNXP,Tonix Pharmaceuticals Holding Corp.,0001430306,2025-10-07,ATM,Tier-1,https://www.sec.gov/Archives/edgar/data/1430306/000199937125014776/tnxp-8k_100725.htm,https://www.sec.gov/Archives/edgar/data/1430306/0001999371-25-014776-index.html,8-K,2025-10-07,2025-10-07,2025-10-07,0001999371-25-014776,https://www.sec.gov/Archives/edgar/data/1430306/000199937125014776/tnxp-8k_100725.htm,https://www.sec.gov/Archives/edgar/data/1430306/000199937125014776/tnxp-8k_100725.htm,2025-10-07,2025-10-07 08:30:31,https://www.sec.gov/Archives/edgar/data/1430306/0001999371-25-014776-index.html,Item 7.01; Item 8.01; Item 9.01,Item 7.01; Item 8.01; Item 9.01,ATM,Tier-1,https://www.sec.gov/Archives/edgar/data/1430306/000199937125014776/tnxp-8k_100725.htm,,Tier-1,2025-10-07,https://www.sec.gov/Archives/edgar/data/1430306/000199937125014776/tnxp-8k_100725.htm,https://www.sec.gov/Archives/edgar/data/1430306/0001999371-25-014776-index.html
TNYA,"Tenaya Therapeutics, Inc.",0001858848,2025-11-10,ATM,Tier-1,https://www.sec.gov/Archives/edgar/data/1858848/000119312525273230/tnya-20251110.htm,https://www.sec.gov/Archives/edgar/data/1858848/0001193125-25-273230-index.html,8-K,2025-11-10,2025-11-10,2025-11-10,0001193125-25-273230,https://www.sec.gov/Archives/edgar/data/1858848/000119312525273230/tnya-20251110.htm,https://www.sec.gov/Archives/edgar/data/1858848/000119312525273230/tnya-20251110.htm,2025-11-10,2025-11-10 07:07:11,https://www.sec.gov/Archives/edgar/data/1858848/0001193125-25-273230-index.html,Item 2.02; Item 9.01,Item 2.02; Item 9.01,ATM,Tier-1,https://www.sec.gov/Archives/edgar/data/1858848/000119312525273230/tnya-20251110.htm,,Tier-1,2025-11-10,https://www.sec.gov/Archives/edgar/data/1858848/000119312525273230/tnya-20251110.htm,https://www.sec.gov/Archives/edgar/data/1858848/0001193125-25-273230-index.html
TSSI,"TSS, Inc.",0001320760,2025-08-12,ATM,Tier-1,https://www.sec.gov/Archives/edgar/data/1320760/000165495425009676/tssi_8k.htm,https://www.sec.gov/Archives/edgar/data/1320760/0001654954-25-009676-index.html,8-K,2025-08-15,2025-08-12,2025-08-12,0001654954-25-009676,https://www.sec.gov/Archives/edgar/data/1320760/000165495425009676/tssi_8k.htm,https://www.sec.gov/Archives/edgar/data/1320760/000165495425009676/tssi_8k.htm,2025-08-12,2025-08-14 20:47:47,https://www.sec.gov/Archives/edgar/data/1320760/0001654954-25-009676-index.html,Item 1.01; Item 8.01; Item 9.01,Item 1.01; Item 8.01; Item 9.01,ATM,Tier-1,https://www.sec.gov/Archives/edgar/data/1320760/000165495425009676/tssi_8k.htm,,Tier-1,2025-08-12,https://www.sec.gov/Archives/edgar/data/1320760/000165495425009676/tssi_8k.htm,https://www.sec.gov/Archives/edgar/data/1320760/0001654954-25-009676-index.html
TNYA,"Tenaya Therapeutics, Inc.",0001858848,2025-08-06,ATM,Tier-1,https://www.sec.gov/Archives/edgar/data/1858848/000095017025104164/tnya-20250806.htm,https://www.sec.gov/Archives/edgar/data/1858848/0000950170-25-104164-index.html,8-K,2025-08-06,2025-08-06,2025-08-06,0000950170-25-104164,https://www.sec.gov/Archives/edgar/data/1858848/000095017025104164/tnya-20250806.htm,https://www.sec.gov/Archives/edgar/data/1858848/000095017025104164/tnya-20250806.htm,2025-08-06,2025-08-06 16:41:24,https://www.sec.gov/Archives/edgar/data/1858848/0000950170-25-104164-index.html,Item 2.02; Item 9.01,Item 2.02; Item 9.01,ATM,Tier-1,https://www.sec.gov/Archives/edgar/data/1858848/000095017025104164/tnya-20250806.htm,,Tier-1,2025-08-06,https://www.sec.gov/Archives/edgar/data/1858848/000095017025104164/tnya-20250806.htm,https://www.sec.gov/Archives/edgar/data/1858848/0000950170-25-104164-index.html
TSSI,"TSS, Inc.",0001320760,2025-11-11,ATM,Tier-1,https://www.sec.gov/Archives/edgar/data/1320760/000165495425012990/tssi_8k.htm,https://www.sec.gov/Archives/edgar/data/1320760/0001654954-25-012990-index.html,8-K,2025-11-13,2025-11-11,2025-11-11,0001654954-25-012990,https://www.sec.gov/Archives/edgar/data/1320760/000165495425012990/tssi_8k.htm,https://www.sec.gov/Archives/edgar/data/1320760/000165495425012990/tssi_8k.htm,2025-11-11,2025-11-13 16:17:39,https://www.sec.gov/Archives/edgar/data/1320760/0001654954-25-012990-index.html,Item 2.02; Item 5.02; Item 8.01; Item 9.01,Item 2.02; Item 5.02; Item 8.01; Item 9.01,ATM,Tier-1,https://www.sec.gov/Archives/edgar/data/1320760/000165495425012990/tssi_8k.htm,,Tier-1,2025-11-11,https://www.sec.gov/Archives/edgar/data/1320760/000165495425012990/tssi_8k.htm,https://www.sec.gov/Archives/edgar/data/1320760/0001654954-25-012990-index.html
TSSI,"TSS, Inc.",0001320760,2025-08-06,GuidanceUp,Tier-1,https://www.sec.gov/Archives/edgar/data/1320760/000165495425009129/tssi_8k.htm,https://www.sec.gov/Archives/edgar/data/1320760/0001654954-25-009129-index.html,8-K,2025-08-06,2025-08-06,2025-08-06,0001654954-25-009129,https://www.sec.gov/Archives/edgar/data/1320760/000165495425009129/tssi_8k.htm,https://www.sec.gov/Archives/edgar/data/1320760/000165495425009129/tssi_8k.htm,2025-08-06,2025-08-06 16:02:02,https://www.sec.gov/Archives/edgar/data/1320760/0001654954-25-009129-index.html,Item 2.02; Item 9.01,Item 2.02; Item 9.01,GuidanceUp,Tier-1,https://www.sec.gov/Archives/edgar/data/1320760/000165495425009129/tssi_8k.htm,,Tier-1,2025-08-06,https://www.sec.gov/Archives/edgar/data/1320760/000165495425009129/tssi_8k.htm,https://www.sec.gov/Archives/edgar/data/1320760/0001654954-25-009129-index.html
TTSH,"TILE SHOP HOLDINGS, INC.",0001552800,2025-11-04,FDA,Tier-1,https://www.sec.gov/Archives/edgar/data/1552800/000110465925106293/tm2530077d1_8k.htm,https://www.sec.gov/Archives/edgar/data/1552800/0001104659-25-106293-index.html,8-K,2025-11-04,2025-11-04,2025-11-04,0001104659-25-106293,https://www.sec.gov/Archives/edgar/data/1552800/000110465925106293/tm2530077d1_8k.htm,https://www.sec.gov/Archives/edgar/data/1552800/000110465925106293/tm2530077d1_8k.htm,2025-11-04,2025-11-04 16:15:56,https://www.sec.gov/Archives/edgar/data/1552800/0001104659-25-106293-index.html,Item 2.02; Item 9.01,Item 2.02; Item 9.01,FDA,Tier-1,https://www.sec.gov/Archives/edgar/data/1552800/000110465925106293/tm2530077d1_8k.htm,,Tier-1,2025-11-04,https://www.sec.gov/Archives/edgar/data/1552800/000110465925106293/tm2530077d1_8k.htm,https://www.sec.gov/Archives/edgar/data/1552800/0001104659-25-106293-index.html
TTSH,"TILE SHOP HOLDINGS, INC.",0001552800,2025-10-03,FDA,Tier-1,https://www.sec.gov/Archives/edgar/data/1552800/000114036125037389/ef20056715_8k.htm,https://www.sec.gov/Archives/edgar/data/1552800/0001140361-25-037389-index.html,8-K,2025-10-06,2025-10-03,2025-10-03,0001140361-25-037389,https://www.sec.gov/Archives/edgar/data/1552800/000114036125037389/ef20056715_8k.htm,https://www.sec.gov/Archives/edgar/data/1552800/000114036125037389/ef20056715_8k.htm,2025-10-03,2025-10-06 17:05:30,https://www.sec.gov/Archives/edgar/data/1552800/0001140361-25-037389-index.html,Item 8.01; Item 9.01,Item 8.01; Item 9.01,FDA,Tier-1,https://www.sec.gov/Archives/edgar/data/1552800/000114036125037389/ef20056715_8k.htm,,Tier-1,2025-10-03,https://www.sec.gov/Archives/edgar/data/1552800/000114036125037389/ef20056715_8k.htm,https://www.sec.gov/Archives/edgar/data/1552800/0001140361-25-037389-index.html
TVA,Texas Ventures Acquisition III Corp,0002033991,2025-09-18,Financing,Tier-1,https://www.sec.gov/Archives/edgar/data/2033991/000110465925092948/tm2526796d1_8k.htm,https://www.sec.gov/Archives/edgar/data/2033991/0001104659-25-092948-index.html,8-K,2025-09-24,2025-09-18,2025-09-18,0001104659-25-092948,https://www.sec.gov/Archives/edgar/data/2033991/000110465925092948/tm2526796d1_8k.htm,https://www.sec.gov/Archives/edgar/data/2033991/000110465925092948/tm2526796d1_8k.htm,2025-09-18,2025-09-24 16:10:38,https://www.sec.gov/Archives/edgar/data/2033991/0001104659-25-092948-index.html,Item 1.01; Item 1.02; Item 5.01; Item 5.02; Item 9.01,Item 1.01; Item 1.02; Item 5.01; Item 5.02; Item 9.01,Financing,Tier-1,https://www.sec.gov/Archives/edgar/data/2033991/000110465925092948/tm2526796d1_8k.htm,,Tier-1,2025-09-18,https://www.sec.gov/Archives/edgar/data/2033991/000110465925092948/tm2526796d1_8k.htm,https://www.sec.gov/Archives/edgar/data/2033991/0001104659-25-092948-index.html
TTSH,"TILE SHOP HOLDINGS, INC.",0001552800,2025-08-07,ContractAward,Tier-1,https://www.sec.gov/Archives/edgar/data/1552800/000110465925074980/tm2521329d1_8k.htm,https://www.sec.gov/Archives/edgar/data/1552800/0001104659-25-074980-index.html,8-K,2025-08-07,2025-08-07,2025-08-07,0001104659-25-074980,https://www.sec.gov/Archives/edgar/data/1552800/000110465925074980/tm2521329d1_8k.htm,https://www.sec.gov/Archives/edgar/data/1552800/000110465925074980/tm2521329d1_8k.htm,2025-08-07,2025-08-07 07:30:49,https://www.sec.gov/Archives/edgar/data/1552800/0001104659-25-074980-index.html,Item 2.02; Item 9.01,Item 2.02; Item 9.01,ContractAward,Tier-1,https://www.sec.gov/Archives/edgar/data/1552800/000110465925074980/tm2521329d1_8k.htm,,Tier-1,2025-08-07,https://www.sec.gov/Archives/edgar/data/1552800/000110465925074980/tm2521329d1_8k.htm,https://www.sec.gov/Archives/edgar/data/1552800/0001104659-25-074980-index.html
TVRD,"Tvardi Therapeutics, Inc.",0001346830,2025-11-19,ATM,Tier-1,https://www.sec.gov/Archives/edgar/data/1346830/000110465925113901/tm2531635d1_8k.htm,https://www.sec.gov/Archives/edgar/data/1346830/0001104659-25-113901-index.html,8-K,2025-11-19,2025-11-19,2025-11-19,0001104659-25-113901,https://www.sec.gov/Archives/edgar/data/1346830/000110465925113901/tm2531635d1_8k.htm,https://www.sec.gov/Archives/edgar/data/1346830/000110465925113901/tm2531635d1_8k.htm,2025-11-19,2025-11-19 06:44:08,https://www.sec.gov/Archives/edgar/data/1346830/0001104659-25-113901-index.html,Item 7.01; Item 9.01,Item 7.01; Item 9.01,ATM,Tier-1,https://www.sec.gov/Archives/edgar/data/1346830/000110465925113901/tm2531635d1_8k.htm,,Tier-1,2025-11-19,https://www.sec.gov/Archives/edgar/data/1346830/000110465925113901/tm2531635d1_8k.htm,https://www.sec.gov/Archives/edgar/data/1346830/0001104659-25-113901-index.html
TVRD,"Tvardi Therapeutics, Inc.",0001346830,2025-10-13,ATM,Tier-1,https://www.sec.gov/Archives/edgar/data/1346830/000110465925098908/tm2528638d1_8k.htm,https://www.sec.gov/Archives/edgar/data/1346830/0001104659-25-098908-index.html,8-K,2025-10-14,2025-10-13,2025-10-13,0001104659-25-098908,https://www.sec.gov/Archives/edgar/data/1346830/000110465925098908/tm2528638d1_8k.htm,https://www.sec.gov/Archives/edgar/data/1346830/000110465925098908/tm2528638d1_8k.htm,2025-10-13,2025-10-14 06:11:33,https://www.sec.gov/Archives/edgar/data/1346830/0001104659-25-098908-index.html,Item 8.01; Item 9.01,Item 8.01; Item 9.01,ATM,Tier-1,https://www.sec.gov/Archives/edgar/data/1346830/000110465925098908/tm2528638d1_8k.htm,,Tier-1,2025-10-13,https://www.sec.gov/Archives/edgar/data/1346830/000110465925098908/tm2528638d1_8k.htm,https://www.sec.gov/Archives/edgar/data/1346830/0001104659-25-098908-index.html
TVRD,"Tvardi Therapeutics, Inc.",0001346830,2025-08-14,ATM,Tier-1,https://www.sec.gov/Archives/edgar/data/1346830/000110465925078665/tm2523431d1_8k.htm,https://www.sec.gov/Archives/edgar/data/1346830/0001104659-25-078665-index.html,8-K,2025-08-14,2025-08-14,2025-08-14,0001104659-25-078665,https://www.sec.gov/Archives/edgar/data/1346830/000110465925078665/tm2523431d1_8k.htm,https://www.sec.gov/Archives/edgar/data/1346830/000110465925078665/tm2523431d1_8k.htm,2025-08-14,2025-08-14 16:31:59,https://www.sec.gov/Archives/edgar/data/1346830/0001104659-25-078665-index.html,Item 2.02; Item 9.01,Item 2.02; Item 9.01,ATM,Tier-1,https://www.sec.gov/Archives/edgar/data/1346830/000110465925078665/tm2523431d1_8k.htm,,Tier-1,2025-08-14,https://www.sec.gov/Archives/edgar/data/1346830/000110465925078665/tm2523431d1_8k.htm,https://www.sec.gov/Archives/edgar/data/1346830/0001104659-25-078665-index.html
TVRD,"Tvardi Therapeutics, Inc.",0001346830,2025-11-13,ATM,Tier-1,https://www.sec.gov/Archives/edgar/data/1346830/000110465925111310/tm2531079d1_8k.htm,https://www.sec.gov/Archives/edgar/data/1346830/0001104659-25-111310-index.html,8-K,2025-11-13,2025-11-13,2025-11-13,0001104659-25-111310,https://www.sec.gov/Archives/edgar/data/1346830/000110465925111310/tm2531079d1_8k.htm,https://www.sec.gov/Archives/edgar/data/1346830/000110465925111310/tm2531079d1_8k.htm,2025-11-13,2025-11-13 16:14:36,https://www.sec.gov/Archives/edgar/data/1346830/0001104659-25-111310-index.html,Item 2.02; Item 9.01,Item 2.02; Item 9.01,ATM,Tier-1,https://www.sec.gov/Archives/edgar/data/1346830/000110465925111310/tm2531079d1_8k.htm,,Tier-1,2025-11-13,https://www.sec.gov/Archives/edgar/data/1346830/000110465925111310/tm2531079d1_8k.htm,https://www.sec.gov/Archives/edgar/data/1346830/0001104659-25-111310-index.html
UAVS,AgEagle Aerial Systems Inc.,0000008504,2025-11-17,ATM,Tier-1,https://www.sec.gov/Archives/edgar/data/8504/000149315225023782/form8-k.htm,https://www.sec.gov/Archives/edgar/data/8504/0001493152-25-023782-index.html,8-K,2025-11-17,2025-11-17,2025-11-17,0001493152-25-023782,https://www.sec.gov/Archives/edgar/data/8504/000149315225023782/form8-k.htm,https://www.sec.gov/Archives/edgar/data/8504/000149315225023782/form8-k.htm,2025-11-17,2025-11-17 08:50:22,https://www.sec.gov/Archives/edgar/data/8504/0001493152-25-023782-index.html,Item 2.02; Item 9.01,Item 2.02; Item 9.01,ATM,Tier-1,https://www.sec.gov/Archives/edgar/data/8504/000149315225023782/form8-k.htm,,Tier-1,2025-11-17,https://www.sec.gov/Archives/edgar/data/8504/000149315225023782/form8-k.htm,https://www.sec.gov/Archives/edgar/data/8504/0001493152-25-023782-index.html
TVRD,"Tvardi Therapeutics, Inc.",0001346830,2025-06-06,ATM,Tier-1,https://www.sec.gov/Archives/edgar/data/1346830/000110465925057524/tm2517442d1_8k.htm,https://www.sec.gov/Archives/edgar/data/1346830/0001104659-25-057524-index.html,8-K,2025-06-09,2025-06-06,2025-06-06,0001104659-25-057524,https://www.sec.gov/Archives/edgar/data/1346830/000110465925057524/tm2517442d1_8k.htm,https://www.sec.gov/Archives/edgar/data/1346830/000110465925057524/tm2517442d1_8k.htm,2025-06-06,2025-06-09 06:05:53,https://www.sec.gov/Archives/edgar/data/1346830/0001104659-25-057524-index.html,Item 8.01; Item 9.01,Item 8.01; Item 9.01,ATM,Tier-1,https://www.sec.gov/Archives/edgar/data/1346830/000110465925057524/tm2517442d1_8k.htm,,Tier-1,2025-06-06,https://www.sec.gov/Archives/edgar/data/1346830/000110465925057524/tm2517442d1_8k.htm,https://www.sec.gov/Archives/edgar/data/1346830/0001104659-25-057524-index.html
UAVS,AgEagle Aerial Systems Inc.,0000008504,2025-11-07,ATM,Tier-1,https://www.sec.gov/Archives/edgar/data/8504/000149315225021557/form8-k.htm,https://www.sec.gov/Archives/edgar/data/8504/0001493152-25-021557-index.html,8-K,2025-11-10,2025-11-07,2025-11-07,0001493152-25-021557,https://www.sec.gov/Archives/edgar/data/8504/000149315225021557/form8-k.htm,https://www.sec.gov/Archives/edgar/data/8504/000149315225021557/form8-k.htm,2025-11-07,2025-11-10 17:10:23,https://www.sec.gov/Archives/edgar/data/8504/0001493152-25-021557-index.html,Item 1.01; Item 3.03; Item 5.03; Item 8.01,Item 1.01; Item 3.03; Item 5.03; Item 8.01,ATM,Tier-1,https://www.sec.gov/Archives/edgar/data/8504/000149315225021557/form8-k.htm,,Tier-1,2025-11-07,https://www.sec.gov/Archives/edgar/data/8504/000149315225021557/form8-k.htm,https://www.sec.gov/Archives/edgar/data/8504/0001493152-25-021557-index.html
UAVS,AgEagle Aerial Systems Inc.,0000008504,2025-11-05,ATM,Tier-1,https://www.sec.gov/Archives/edgar/data/8504/000149315225021038/form8-k.htm,https://www.sec.gov/Archives/edgar/data/8504/0001493152-25-021038-index.html,8-K,2025-11-06,2025-11-05,2025-11-05,0001493152-25-021038,https://www.sec.gov/Archives/edgar/data/8504/000149315225021038/form8-k.htm,https://www.sec.gov/Archives/edgar/data/8504/000149315225021038/form8-k.htm,2025-11-05,2025-11-06 14:41:50,https://www.sec.gov/Archives/edgar/data/8504/0001493152-25-021038-index.html,Item 7.01,Item 7.01,ATM,Tier-1,https://www.sec.gov/Archives/edgar/data/8504/000149315225021038/form8-k.htm,,Tier-1,2025-11-05,https://www.sec.gov/Archives/edgar/data/8504/000149315225021038/form8-k.htm,https://www.sec.gov/Archives/edgar/data/8504/0001493152-25-021038-index.html
UAVS,AgEagle Aerial Systems Inc.,0000008504,2025-07-08,ContractAward,Tier-1,https://www.sec.gov/Archives/edgar/data/8504/000164117225019522/form8-k.htm,https://www.sec.gov/Archives/edgar/data/8504/0001641172-25-019522-index.html,8-K,2025-07-14,2025-07-08,2025-07-08,0001641172-25-019522,https://www.sec.gov/Archives/edgar/data/8504/000164117225019522/form8-k.htm,https://www.sec.gov/Archives/edgar/data/8504/000164117225019522/form8-k.htm,2025-07-08,2025-07-14 16:31:13,https://www.sec.gov/Archives/edgar/data/8504/0001641172-25-019522-index.html,Item 3.01,Item 3.01,ContractAward,Tier-1,https://www.sec.gov/Archives/edgar/data/8504/000164117225019522/form8-k.htm,,Tier-1,2025-07-08,https://www.sec.gov/Archives/edgar/data/8504/000164117225019522/form8-k.htm,https://www.sec.gov/Archives/edgar/data/8504/0001641172-25-019522-index.html
UAVS,AgEagle Aerial Systems Inc.,0000008504,2025-06-06,ATM,Tier-1,https://www.sec.gov/Archives/edgar/data/8504/000164117225014788/form8-k.htm,https://www.sec.gov/Archives/edgar/data/8504/0001641172-25-014788-index.html,8-K,2025-06-12,2025-06-06,2025-06-06,0001641172-25-014788,https://www.sec.gov/Archives/edgar/data/8504/000164117225014788/form8-k.htm,https://www.sec.gov/Archives/edgar/data/8504/000164117225014788/form8-k.htm,2025-06-06,2025-06-12 07:00:36,https://www.sec.gov/Archives/edgar/data/8504/0001641172-25-014788-index.html,Item 3.02,Item 3.02,ATM,Tier-1,https://www.sec.gov/Archives/edgar/data/8504/000164117225014788/form8-k.htm,,Tier-1,2025-06-06,https://www.sec.gov/Archives/edgar/data/8504/000164117225014788/form8-k.htm,https://www.sec.gov/Archives/edgar/data/8504/0001641172-25-014788-index.html
UHG,"United Homes Group, Inc.",0001830188,2025-10-19,ContractAward,Tier-1,https://www.sec.gov/Archives/edgar/data/1830188/000110465925100651/tm2529074d1_8k.htm,https://www.sec.gov/Archives/edgar/data/1830188/0001104659-25-100651-index.html,8-K,2025-10-20,2025-10-19,2025-10-19,0001104659-25-100651,https://www.sec.gov/Archives/edgar/data/1830188/000110465925100651/tm2529074d1_8k.htm,https://www.sec.gov/Archives/edgar/data/1830188/000110465925100651/tm2529074d1_8k.htm,2025-10-19,2025-10-20 09:07:24,https://www.sec.gov/Archives/edgar/data/1830188/0001104659-25-100651-index.html,Item 7.01; Item 9.01,Item 7.01; Item 9.01,ContractAward,Tier-1,https://www.sec.gov/Archives/edgar/data/1830188/000110465925100651/tm2529074d1_8k.htm,,Tier-1,2025-10-19,https://www.sec.gov/Archives/edgar/data/1830188/000110465925100651/tm2529074d1_8k.htm,https://www.sec.gov/Archives/edgar/data/1830188/0001104659-25-100651-index.html
UHG,"United Homes Group, Inc.",0001830188,2025-11-06,ATM,Tier-1,https://www.sec.gov/Archives/edgar/data/1830188/000183018825000072/uhg-20251106.htm,https://www.sec.gov/Archives/edgar/data/1830188/0001830188-25-000072-index.html,8-K,2025-11-06,2025-11-06,2025-11-06,0001830188-25-000072,https://www.sec.gov/Archives/edgar/data/1830188/000183018825000072/uhg-20251106.htm,https://www.sec.gov/Archives/edgar/data/1830188/000183018825000072/uhg-20251106.htm,2025-11-06,2025-11-06 07:01:32,https://www.sec.gov/Archives/edgar/data/1830188/0001830188-25-000072-index.html,Item 2.02; Item 9.01,Item 2.02; Item 9.01,ATM,Tier-1,https://www.sec.gov/Archives/edgar/data/1830188/000183018825000072/uhg-20251106.htm,,Tier-1,2025-11-06,https://www.sec.gov/Archives/edgar/data/1830188/000183018825000072/uhg-20251106.htm,https://www.sec.gov/Archives/edgar/data/1830188/0001830188-25-000072-index.html
UHG,"United Homes Group, Inc.",0001830188,2025-10-07,ContractAward,Tier-1,https://www.sec.gov/Archives/edgar/data/1830188/000183018825000069/uhg-20251007.htm,https://www.sec.gov/Archives/edgar/data/1830188/0001830188-25-000069-index.html,8-K,2025-10-07,2025-10-07,2025-10-07,0001830188-25-000069,https://www.sec.gov/Archives/edgar/data/1830188/000183018825000069/uhg-20251007.htm,https://www.sec.gov/Archives/edgar/data/1830188/000183018825000069/uhg-20251007.htm,2025-10-07,2025-10-07 07:01:00,https://www.sec.gov/Archives/edgar/data/1830188/0001830188-25-000069-index.html,Item 9.01,Item 9.01,ContractAward,Tier-1,https://www.sec.gov/Archives/edgar/data/1830188/000183018825000069/uhg-20251007.htm,,Tier-1,2025-10-07,https://www.sec.gov/Archives/edgar/data/1830188/000183018825000069/uhg-20251007.htm,https://www.sec.gov/Archives/edgar/data/1830188/0001830188-25-000069-index.html
UHG,"United Homes Group, Inc.",0001830188,2025-07-08,ContractAward,Tier-1,https://www.sec.gov/Archives/edgar/data/1830188/000183018825000057/uhg-20250708.htm,https://www.sec.gov/Archives/edgar/data/1830188/0001830188-25-000057-index.html,8-K,2025-07-08,2025-07-08,2025-07-08,0001830188-25-000057,https://www.sec.gov/Archives/edgar/data/1830188/000183018825000057/uhg-20250708.htm,https://www.sec.gov/Archives/edgar/data/1830188/000183018825000057/uhg-20250708.htm,2025-07-08,2025-07-08 07:00:08,https://www.sec.gov/Archives/edgar/data/1830188/0001830188-25-000057-index.html,Item 9.01,Item 9.01,ContractAward,Tier-1,https://www.sec.gov/Archives/edgar/data/1830188/000183018825000057/uhg-20250708.htm,,Tier-1,2025-07-08,https://www.sec.gov/Archives/edgar/data/1830188/000183018825000057/uhg-20250708.htm,https://www.sec.gov/Archives/edgar/data/1830188/0001830188-25-000057-index.html
UHG,"United Homes Group, Inc.",0001830188,2025-08-07,ATM,Tier-1,https://www.sec.gov/Archives/edgar/data/1830188/000183018825000062/uhg-20250807.htm,https://www.sec.gov/Archives/edgar/data/1830188/0001830188-25-000062-index.html,8-K,2025-08-07,2025-08-07,2025-08-07,0001830188-25-000062,https://www.sec.gov/Archives/edgar/data/1830188/000183018825000062/uhg-20250807.htm,https://www.sec.gov/Archives/edgar/data/1830188/000183018825000062/uhg-20250807.htm,2025-08-07,2025-08-07 07:30:03,https://www.sec.gov/Archives/edgar/data/1830188/0001830188-25-000062-index.html,Item 2.02; Item 9.01,Item 2.02; Item 9.01,ATM,Tier-1,https://www.sec.gov/Archives/edgar/data/1830188/000183018825000062/uhg-20250807.htm,,Tier-1,2025-08-07,https://www.sec.gov/Archives/edgar/data/1830188/000183018825000062/uhg-20250807.htm,https://www.sec.gov/Archives/edgar/data/1830188/0001830188-25-000062-index.html
UIS,UNISYS CORP,0000746838,2025-10-08,ATM,Tier-1,https://www.sec.gov/Archives/edgar/data/746838/000074683825000025/uis-20251008.htm,https://www.sec.gov/Archives/edgar/data/746838/0000746838-25-000025-index.html,8-K,2025-10-08,2025-10-08,2025-10-08,0000746838-25-000025,https://www.sec.gov/Archives/edgar/data/746838/000074683825000025/uis-20251008.htm,https://www.sec.gov/Archives/edgar/data/746838/000074683825000025/uis-20251008.htm,2025-10-08,2025-10-08 16:43:54,https://www.sec.gov/Archives/edgar/data/746838/0000746838-25-000025-index.html,Item 7.01; Item 9.01,Item 7.01; Item 9.01,ATM,Tier-1,https://www.sec.gov/Archives/edgar/data/746838/000074683825000025/uis-20251008.htm,,Tier-1,2025-10-08,https://www.sec.gov/Archives/edgar/data/746838/000074683825000025/uis-20251008.htm,https://www.sec.gov/Archives/edgar/data/746838/0000746838-25-000025-index.html
UIS,UNISYS CORP,0000746838,2025-07-23,ATM,Tier-1,https://www.sec.gov/Archives/edgar/data/746838/000110465925070218/tm2521530d1_8k.htm,https://www.sec.gov/Archives/edgar/data/746838/0001104659-25-070218-index.html,8-K,2025-07-24,2025-07-23,2025-07-23,0001104659-25-070218,https://www.sec.gov/Archives/edgar/data/746838/000110465925070218/tm2521530d1_8k.htm,https://www.sec.gov/Archives/edgar/data/746838/000110465925070218/tm2521530d1_8k.htm,2025-07-23,2025-07-24 06:46:45,https://www.sec.gov/Archives/edgar/data/746838/0001104659-25-070218-index.html,Item 5.03; Item 7.01; Item 9.01,Item 5.03; Item 7.01; Item 9.01,ATM,Tier-1,https://www.sec.gov/Archives/edgar/data/746838/000110465925070218/tm2521530d1_8k.htm,,Tier-1,2025-07-23,https://www.sec.gov/Archives/edgar/data/746838/000110465925070218/tm2521530d1_8k.htm,https://www.sec.gov/Archives/edgar/data/746838/0001104659-25-070218-index.html
UIS,UNISYS CORP,0000746838,2025-07-18,ListingChange,Tier-1,https://www.sec.gov/Archives/edgar/data/746838/000110465925069039/tm2521250d1_8k.htm,https://www.sec.gov/Archives/edgar/data/746838/0001104659-25-069039-index.html,8-K,2025-07-18,2025-07-18,2025-07-18,0001104659-25-069039,https://www.sec.gov/Archives/edgar/data/746838/000110465925069039/tm2521250d1_8k.htm,https://www.sec.gov/Archives/edgar/data/746838/000110465925069039/tm2521250d1_8k.htm,2025-07-18,2025-07-18 16:16:07,https://www.sec.gov/Archives/edgar/data/746838/0001104659-25-069039-index.html,Item 7.01,Item 7.01,ListingChange,Tier-1,https://www.sec.gov/Archives/edgar/data/746838/000110465925069039/tm2521250d1_8k.htm,,Tier-1,2025-07-18,https://www.sec.gov/Archives/edgar/data/746838/000110465925069039/tm2521250d1_8k.htm,https://www.sec.gov/Archives/edgar/data/746838/0001104659-25-069039-index.html
UIS,UNISYS CORP,0000746838,2025-06-25,ATM,Tier-1,https://www.sec.gov/Archives/edgar/data/746838/000110465925063705/tm2517689d3_8k.htm,https://www.sec.gov/Archives/edgar/data/746838/0001104659-25-063705-index.html,8-K,2025-06-27,2025-06-25,2025-06-25,0001104659-25-063705,https://www.sec.gov/Archives/edgar/data/746838/000110465925063705/tm2517689d3_8k.htm,https://www.sec.gov/Archives/edgar/data/746838/000110465925063705/tm2517689d3_8k.htm,2025-06-25,2025-06-27 17:20:22,https://www.sec.gov/Archives/edgar/data/746838/0001104659-25-063705-index.html,Item 1.01; Item 1.02; Item 2.04; Item 3.03; Item 7.01; Item 9.01,Item 1.01; Item 1.02; Item 2.04; Item 3.03; Item 7.01; Item 9.01,ATM,Tier-1,https://www.sec.gov/Archives/edgar/data/746838/000110465925063705/tm2517689d3_8k.htm,,Tier-1,2025-06-25,https://www.sec.gov/Archives/edgar/data/746838/000110465925063705/tm2517689d3_8k.htm,https://www.sec.gov/Archives/edgar/data/746838/0001104659-25-063705-index.html
UIS,UNISYS CORP,0000746838,2025-06-27,ATM,Tier-1,https://www.sec.gov/Archives/edgar/data/746838/000110465925063658/tm2517689d2_8k.htm,https://www.sec.gov/Archives/edgar/data/746838/0001104659-25-063658-index.html,8-K,2025-06-27,2025-06-27,2025-06-27,0001104659-25-063658,https://www.sec.gov/Archives/edgar/data/746838/000110465925063658/tm2517689d2_8k.htm,https://www.sec.gov/Archives/edgar/data/746838/000110465925063658/tm2517689d2_8k.htm,2025-06-27,2025-06-27 16:37:03,https://www.sec.gov/Archives/edgar/data/746838/0001104659-25-063658-index.html,Item 1.01; Item 7.01,Item 1.01; Item 7.01,ATM,Tier-1,https://www.sec.gov/Archives/edgar/data/746838/000110465925063658/tm2517689d2_8k.htm,,Tier-1,2025-06-27,https://www.sec.gov/Archives/edgar/data/746838/000110465925063658/tm2517689d2_8k.htm,https://www.sec.gov/Archives/edgar/data/746838/0001104659-25-063658-index.html
UIS,UNISYS CORP,0000746838,2025-06-16,ATM,Tier-1,https://www.sec.gov/Archives/edgar/data/746838/000110465925059990/tm2518158d1_8k.htm,https://www.sec.gov/Archives/edgar/data/746838/0001104659-25-059990-index.html,8-K,2025-06-17,2025-06-16,2025-06-16,0001104659-25-059990,https://www.sec.gov/Archives/edgar/data/746838/000110465925059990/tm2518158d1_8k.htm,https://www.sec.gov/Archives/edgar/data/746838/000110465925059990/tm2518158d1_8k.htm,2025-06-16,2025-06-16 20:13:30,https://www.sec.gov/Archives/edgar/data/746838/0001104659-25-059990-index.html,Item 7.01; Item 9.01,Item 7.01; Item 9.01,ATM,Tier-1,https://www.sec.gov/Archives/edgar/data/746838/000110465925059990/tm2518158d1_8k.htm,,Tier-1,2025-06-16,https://www.sec.gov/Archives/edgar/data/746838/000110465925059990/tm2518158d1_8k.htm,https://www.sec.gov/Archives/edgar/data/746838/0001104659-25-059990-index.html
UIS,UNISYS CORP,0000746838,2025-06-11,ATM,Tier-1,https://www.sec.gov/Archives/edgar/data/746838/000110465925058412/tm2517689d1_8k.htm,https://www.sec.gov/Archives/edgar/data/746838/0001104659-25-058412-index.html,8-K,2025-06-11,2025-06-11,2025-06-11,0001104659-25-058412,https://www.sec.gov/Archives/edgar/data/746838/000110465925058412/tm2517689d1_8k.htm,https://www.sec.gov/Archives/edgar/data/746838/000110465925058412/tm2517689d1_8k.htm,2025-06-11,2025-06-11 09:37:03,https://www.sec.gov/Archives/edgar/data/746838/0001104659-25-058412-index.html,Item 7.01; Item 9.01,Item 7.01; Item 9.01,ATM,Tier-1,https://www.sec.gov/Archives/edgar/data/746838/000110465925058412/tm2517689d1_8k.htm,,Tier-1,2025-06-11,https://www.sec.gov/Archives/edgar/data/746838/000110465925058412/tm2517689d1_8k.htm,https://www.sec.gov/Archives/edgar/data/746838/0001104659-25-058412-index.html
USAU,U.S. GOLD CORP.,0000027093,2025-10-10,ATM,Tier-1,https://www.sec.gov/Archives/edgar/data/27093/000149315225017776/form8-k.htm,https://www.sec.gov/Archives/edgar/data/27093/0001493152-25-017776-index.html,8-K,2025-10-10,2025-10-10,2025-10-10,0001493152-25-017776,https://www.sec.gov/Archives/edgar/data/27093/000149315225017776/form8-k.htm,https://www.sec.gov/Archives/edgar/data/27093/000149315225017776/form8-k.htm,2025-10-10,2025-10-10 16:40:28,https://www.sec.gov/Archives/edgar/data/27093/0001493152-25-017776-index.html,Item 1.02,Item 1.02,ATM,Tier-1,https://www.sec.gov/Archives/edgar/data/27093/000149315225017776/form8-k.htm,,Tier-1,2025-10-10,https://www.sec.gov/Archives/edgar/data/27093/000149315225017776/form8-k.htm,https://www.sec.gov/Archives/edgar/data/27093/0001493152-25-017776-index.html
UIS,UNISYS CORP,0000746838,2025-11-05,GuidanceUp,Tier-1,https://www.sec.gov/Archives/edgar/data/746838/000074683825000028/uis-20251105.htm,https://www.sec.gov/Archives/edgar/data/746838/0000746838-25-000028-index.html,8-K,2025-11-05,2025-11-05,2025-11-05,0000746838-25-000028,https://www.sec.gov/Archives/edgar/data/746838/000074683825000028/uis-20251105.htm,https://www.sec.gov/Archives/edgar/data/746838/000074683825000028/uis-20251105.htm,2025-11-05,2025-11-05 16:23:31,https://www.sec.gov/Archives/edgar/data/746838/0000746838-25-000028-index.html,Item 9.01,Item 9.01,GuidanceUp,Tier-1,https://www.sec.gov/Archives/edgar/data/746838/000074683825000028/uis-20251105.htm,,Tier-1,2025-11-05,https://www.sec.gov/Archives/edgar/data/746838/000074683825000028/uis-20251105.htm,https://www.sec.gov/Archives/edgar/data/746838/0000746838-25-000028-index.html
UIS,UNISYS CORP,0000746838,2025-07-30,ATM,Tier-1,https://www.sec.gov/Archives/edgar/data/746838/000074683825000018/uis-20250730.htm,https://www.sec.gov/Archives/edgar/data/746838/0000746838-25-000018-index.html,8-K,2025-07-30,2025-07-30,2025-07-30,0000746838-25-000018,https://www.sec.gov/Archives/edgar/data/746838/000074683825000018/uis-20250730.htm,https://www.sec.gov/Archives/edgar/data/746838/000074683825000018/uis-20250730.htm,2025-07-30,2025-07-30 16:21:51,https://www.sec.gov/Archives/edgar/data/746838/0000746838-25-000018-index.html,Item 9.01,Item 9.01,ATM,Tier-1,https://www.sec.gov/Archives/edgar/data/746838/000074683825000018/uis-20250730.htm,,Tier-1,2025-07-30,https://www.sec.gov/Archives/edgar/data/746838/000074683825000018/uis-20250730.htm,https://www.sec.gov/Archives/edgar/data/746838/0000746838-25-000018-index.html
USAU,U.S. GOLD CORP.,0000027093,2025-08-09,ATM,Tier-1,https://www.sec.gov/Archives/edgar/data/27093/000164117225022965/form8-k.htm,https://www.sec.gov/Archives/edgar/data/27093/0001641172-25-022965-index.html,8-K,2025-08-11,2025-08-09,2025-08-09,0001641172-25-022965,https://www.sec.gov/Archives/edgar/data/27093/000164117225022965/form8-k.htm,https://www.sec.gov/Archives/edgar/data/27093/000164117225022965/form8-k.htm,2025-08-09,2025-08-11 16:05:43,https://www.sec.gov/Archives/edgar/data/27093/0001641172-25-022965-index.html,Item 1.01; Item 3.03; Item 9.01,Item 1.01; Item 3.03; Item 9.01,ATM,Tier-1,https://www.sec.gov/Archives/edgar/data/27093/000164117225022965/form8-k.htm,,Tier-1,2025-08-09,https://www.sec.gov/Archives/edgar/data/27093/000164117225022965/form8-k.htm,https://www.sec.gov/Archives/edgar/data/27093/0001641172-25-022965-index.html
USAU,U.S. GOLD CORP.,0000027093,2025-06-09,ATM,Tier-1,https://www.sec.gov/Archives/edgar/data/27093/000164117225014239/form8-k.htm,https://www.sec.gov/Archives/edgar/data/27093/0001641172-25-014239-index.html,8-K,2025-06-09,2025-06-09,2025-06-09,0001641172-25-014239,https://www.sec.gov/Archives/edgar/data/27093/000164117225014239/form8-k.htm,https://www.sec.gov/Archives/edgar/data/27093/000164117225014239/form8-k.htm,2025-06-09,2025-06-09 08:05:09,https://www.sec.gov/Archives/edgar/data/27093/0001641172-25-014239-index.html,Item 1.01; Item 9.01,Item 1.01; Item 9.01,ATM,Tier-1,https://www.sec.gov/Archives/edgar/data/27093/000164117225014239/form8-k.htm,,Tier-1,2025-06-09,https://www.sec.gov/Archives/edgar/data/27093/000164117225014239/form8-k.htm,https://www.sec.gov/Archives/edgar/data/27093/0001641172-25-014239-index.html
USIO,"Usio, Inc.",0001088034,2025-11-12,ATM,Tier-1,https://www.sec.gov/Archives/edgar/data/1088034/000143774925034426/usio20250826_8k.htm,https://www.sec.gov/Archives/edgar/data/1088034/0001437749-25-034426-index.html,8-K,2025-11-12,2025-11-12,2025-11-12,0001437749-25-034426,https://www.sec.gov/Archives/edgar/data/1088034/000143774925034426/usio20250826_8k.htm,https://www.sec.gov/Archives/edgar/data/1088034/000143774925034426/usio20250826_8k.htm,2025-11-12,2025-11-12 16:01:20,https://www.sec.gov/Archives/edgar/data/1088034/0001437749-25-034426-index.html,Item 2.02; Item 9.01,Item 2.02; Item 9.01,ATM,Tier-1,https://www.sec.gov/Archives/edgar/data/1088034/000143774925034426/usio20250826_8k.htm,,Tier-1,2025-11-12,https://www.sec.gov/Archives/edgar/data/1088034/000143774925034426/usio20250826_8k.htm,https://www.sec.gov/Archives/edgar/data/1088034/0001437749-25-034426-index.html
USIO,"Usio, Inc.",0001088034,2025-06-10,OtherEvent,Tier-2,https://www.sec.gov/Archives/edgar/data/1088034/000143774925020079/usio20250610_8k.htm,https://www.sec.gov/Archives/edgar/data/1088034/0001437749-25-020079-index.html,8-K,2025-06-11,2025-06-10,2025-06-10,0001437749-25-020079,https://www.sec.gov/Archives/edgar/data/1088034/000143774925020079/usio20250610_8k.htm,https://www.sec.gov/Archives/edgar/data/1088034/000143774925020079/usio20250610_8k.htm,2025-06-10,2025-06-11 16:04:17,https://www.sec.gov/Archives/edgar/data/1088034/0001437749-25-020079-index.html,Item 5.07; Item 7.01; Item 9.01,Item 5.07; Item 7.01; Item 9.01,OtherEvent,Tier-2,https://www.sec.gov/Archives/edgar/data/1088034/000143774925020079/usio20250610_8k.htm,,Tier-2,2025-06-10,https://www.sec.gov/Archives/edgar/data/1088034/000143774925020079/usio20250610_8k.htm,https://www.sec.gov/Archives/edgar/data/1088034/0001437749-25-020079-index.html
USIO,"Usio, Inc.",0001088034,2025-08-06,GuidanceUp,Tier-1,https://www.sec.gov/Archives/edgar/data/1088034/000143774925025069/usio20250529_8k.htm,https://www.sec.gov/Archives/edgar/data/1088034/0001437749-25-025069-index.html,8-K,2025-08-06,2025-08-06,2025-08-06,0001437749-25-025069,https://www.sec.gov/Archives/edgar/data/1088034/000143774925025069/usio20250529_8k.htm,https://www.sec.gov/Archives/edgar/data/1088034/000143774925025069/usio20250529_8k.htm,2025-08-06,2025-08-06 16:01:26,https://www.sec.gov/Archives/edgar/data/1088034/0001437749-25-025069-index.html,Item 2.02; Item 9.01,Item 2.02; Item 9.01,GuidanceUp,Tier-1,https://www.sec.gov/Archives/edgar/data/1088034/000143774925025069/usio20250529_8k.htm,,Tier-1,2025-08-06,https://www.sec.gov/Archives/edgar/data/1088034/000143774925025069/usio20250529_8k.htm,https://www.sec.gov/Archives/edgar/data/1088034/0001437749-25-025069-index.html
VERI,"Veritone, Inc.",0001615165,2025-11-10,ATM,Tier-1,https://www.sec.gov/Archives/edgar/data/1615165/000161516525000031/veri-20251110.htm,https://www.sec.gov/Archives/edgar/data/1615165/0001615165-25-000031-index.html,8-K,2025-11-10,2025-11-10,2025-11-10,0001615165-25-000031,https://www.sec.gov/Archives/edgar/data/1615165/000161516525000031/veri-20251110.htm,https://www.sec.gov/Archives/edgar/data/1615165/000161516525000031/veri-20251110.htm,2025-11-10,2025-11-10 07:34:45,https://www.sec.gov/Archives/edgar/data/1615165/0001615165-25-000031-index.html,Item 2.02; Item 9.01,Item 2.02; Item 9.01,ATM,Tier-1,https://www.sec.gov/Archives/edgar/data/1615165/000161516525000031/veri-20251110.htm,,Tier-1,2025-11-10,https://www.sec.gov/Archives/edgar/data/1615165/000161516525000031/veri-20251110.htm,https://www.sec.gov/Archives/edgar/data/1615165/0001615165-25-000031-index.html
VERI,"Veritone, Inc.",0001615165,2025-11-06,ATM,Tier-1,https://www.sec.gov/Archives/edgar/data/1615165/000161516525000024/veri-20251106.htm,https://www.sec.gov/Archives/edgar/data/1615165/0001615165-25-000024-index.html,8-K,2025-11-06,2025-11-06,2025-11-06,0001615165-25-000024,https://www.sec.gov/Archives/edgar/data/1615165/000161516525000024/veri-20251106.htm,https://www.sec.gov/Archives/edgar/data/1615165/000161516525000024/veri-20251106.htm,2025-11-06,2025-11-06 16:49:25,https://www.sec.gov/Archives/edgar/data/1615165/0001615165-25-000024-index.html,Item 1.02; Item 8.01,Item 1.02; Item 8.01,ATM,Tier-1,https://www.sec.gov/Archives/edgar/data/1615165/000161516525000024/veri-20251106.htm,,Tier-1,2025-11-06,https://www.sec.gov/Archives/edgar/data/1615165/000161516525000024/veri-20251106.htm,https://www.sec.gov/Archives/edgar/data/1615165/0001615165-25-000024-index.html
UYSC,UY Scuti Acquisition Corp.,0002036973,2025-07-18,ATM,Tier-1,https://www.sec.gov/Archives/edgar/data/2036973/000118518525000845/uysc8k072225.htm,https://www.sec.gov/Archives/edgar/data/2036973/0001185185-25-000845-index.html,8-K,2025-07-24,2025-07-18,2025-07-18,0001185185-25-000845,https://www.sec.gov/Archives/edgar/data/2036973/000118518525000845/uysc8k072225.htm,https://www.sec.gov/Archives/edgar/data/2036973/000118518525000845/uysc8k072225.htm,2025-07-18,2025-07-24 16:45:43,https://www.sec.gov/Archives/edgar/data/2036973/0001185185-25-000845-index.html,Item 1.01; Item 7.01; Item 9.01,Item 1.01; Item 7.01; Item 9.01,ATM,Tier-1,https://www.sec.gov/Archives/edgar/data/2036973/000118518525000845/uysc8k072225.htm,,Tier-1,2025-07-18,https://www.sec.gov/Archives/edgar/data/2036973/000118518525000845/uysc8k072225.htm,https://www.sec.gov/Archives/edgar/data/2036973/0001185185-25-000845-index.html
VERI,"Veritone, Inc.",0001615165,2025-10-17,ATM,Tier-1,https://www.sec.gov/Archives/edgar/data/1615165/000119312525241997/d33523d8k.htm,https://www.sec.gov/Archives/edgar/data/1615165/0001193125-25-241997-index.html,8-K,2025-10-17,2025-10-17,2025-10-17,0001193125-25-241997,https://www.sec.gov/Archives/edgar/data/1615165/000119312525241997/d33523d8k.htm,https://www.sec.gov/Archives/edgar/data/1615165/000119312525241997/d33523d8k.htm,2025-10-17,2025-10-17 08:00:13,https://www.sec.gov/Archives/edgar/data/1615165/0001193125-25-241997-index.html,Item 8.01; Item 9.01,Item 8.01; Item 9.01,ATM,Tier-1,https://www.sec.gov/Archives/edgar/data/1615165/000119312525241997/d33523d8k.htm,,Tier-1,2025-10-17,https://www.sec.gov/Archives/edgar/data/1615165/000119312525241997/d33523d8k.htm,https://www.sec.gov/Archives/edgar/data/1615165/0001193125-25-241997-index.html
VERI,"Veritone, Inc.",0001615165,2025-10-15,ATM,Tier-1,https://www.sec.gov/Archives/edgar/data/1615165/000119312525240869/d48526d8k.htm,https://www.sec.gov/Archives/edgar/data/1615165/0001193125-25-240869-index.html,8-K,2025-10-16,2025-10-15,2025-10-15,0001193125-25-240869,https://www.sec.gov/Archives/edgar/data/1615165/000119312525240869/d48526d8k.htm,https://www.sec.gov/Archives/edgar/data/1615165/000119312525240869/d48526d8k.htm,2025-10-15,2025-10-16 08:36:45,https://www.sec.gov/Archives/edgar/data/1615165/0001193125-25-240869-index.html,Item 1.01; Item 7.01; Item 9.01,Item 1.01; Item 7.01; Item 9.01,ATM,Tier-1,https://www.sec.gov/Archives/edgar/data/1615165/000119312525240869/d48526d8k.htm,,Tier-1,2025-10-15,https://www.sec.gov/Archives/edgar/data/1615165/000119312525240869/d48526d8k.htm,https://www.sec.gov/Archives/edgar/data/1615165/0001193125-25-240869-index.html
VERI,"Veritone, Inc.",0001615165,2025-10-14,ATM,Tier-1,https://www.sec.gov/Archives/edgar/data/1615165/000119312525240645/d68192d8k.htm,https://www.sec.gov/Archives/edgar/data/1615165/0001193125-25-240645-index.html,8-K,2025-10-16,2025-10-14,2025-10-14,0001193125-25-240645,https://www.sec.gov/Archives/edgar/data/1615165/000119312525240645/d68192d8k.htm,https://www.sec.gov/Archives/edgar/data/1615165/000119312525240645/d68192d8k.htm,2025-10-14,2025-10-15 21:19:48,https://www.sec.gov/Archives/edgar/data/1615165/0001193125-25-240645-index.html,Item 8.01,Item 8.01,ATM,Tier-1,https://www.sec.gov/Archives/edgar/data/1615165/000119312525240645/d68192d8k.htm,,Tier-1,2025-10-14,https://www.sec.gov/Archives/edgar/data/1615165/000119312525240645/d68192d8k.htm,https://www.sec.gov/Archives/edgar/data/1615165/0001193125-25-240645-index.html
VERI,"Veritone, Inc.",0001615165,2025-10-14,ATM,Tier-1,https://www.sec.gov/Archives/edgar/data/1615165/000161516525000016/veri-20251014.htm,https://www.sec.gov/Archives/edgar/data/1615165/0001615165-25-000016-index.html,8-K,2025-10-15,2025-10-14,2025-10-14,0001615165-25-000016,https://www.sec.gov/Archives/edgar/data/1615165/000161516525000016/veri-20251014.htm,https://www.sec.gov/Archives/edgar/data/1615165/000161516525000016/veri-20251014.htm,2025-10-14,2025-10-15 11:33:55,https://www.sec.gov/Archives/edgar/data/1615165/0001615165-25-000016-index.html,Item 2.02; Item 9.01,Item 2.02; Item 9.01,ATM,Tier-1,https://www.sec.gov/Archives/edgar/data/1615165/000161516525000016/veri-20251014.htm,,Tier-1,2025-10-14,https://www.sec.gov/Archives/edgar/data/1615165/000161516525000016/veri-20251014.htm,https://www.sec.gov/Archives/edgar/data/1615165/0001615165-25-000016-index.html
VERI,"Veritone, Inc.",0001615165,2025-11-06,ATM,Tier-1,https://www.sec.gov/Archives/edgar/data/1615165/000161516525000022/veri-20251106.htm,https://www.sec.gov/Archives/edgar/data/1615165/0001615165-25-000022-index.html,8-K,2025-11-06,2025-11-06,2025-11-06,0001615165-25-000022,https://www.sec.gov/Archives/edgar/data/1615165/000161516525000022/veri-20251106.htm,https://www.sec.gov/Archives/edgar/data/1615165/000161516525000022/veri-20251106.htm,2025-11-06,2025-11-06 16:46:13,https://www.sec.gov/Archives/edgar/data/1615165/0001615165-25-000022-index.html,Item 2.02; Item 9.01,Item 2.02; Item 9.01,ATM,Tier-1,https://www.sec.gov/Archives/edgar/data/1615165/000161516525000022/veri-20251106.htm,,Tier-1,2025-11-06,https://www.sec.gov/Archives/edgar/data/1615165/000161516525000022/veri-20251106.htm,https://www.sec.gov/Archives/edgar/data/1615165/0001615165-25-000022-index.html
VERI,"Veritone, Inc.",0001615165,2025-09-10,ATM,Tier-1,https://www.sec.gov/Archives/edgar/data/1615165/000119312525202294/d43084d8k.htm,https://www.sec.gov/Archives/edgar/data/1615165/0001193125-25-202294-index.html,8-K,2025-09-12,2025-09-10,2025-09-10,0001193125-25-202294,https://www.sec.gov/Archives/edgar/data/1615165/000119312525202294/d43084d8k.htm,https://www.sec.gov/Archives/edgar/data/1615165/000119312525202294/d43084d8k.htm,2025-09-10,2025-09-12 16:45:43,https://www.sec.gov/Archives/edgar/data/1615165/0001193125-25-202294-index.html,Item 1.01; Item 7.01; Item 9.01,Item 1.01; Item 7.01; Item 9.01,ATM,Tier-1,https://www.sec.gov/Archives/edgar/data/1615165/000119312525202294/d43084d8k.htm,,Tier-1,2025-09-10,https://www.sec.gov/Archives/edgar/data/1615165/000119312525202294/d43084d8k.htm,https://www.sec.gov/Archives/edgar/data/1615165/0001193125-25-202294-index.html
VIASP,"Via Renewables, Inc.",0001606268,2025-11-18,ListingChange,Tier-1,https://www.sec.gov/Archives/edgar/data/1606268/000160626825000034/spke-20251118.htm,https://www.sec.gov/Archives/edgar/data/1606268/0001606268-25-000034-index.html,8-K,2025-11-18,2025-11-18,2025-11-18,0001606268-25-000034,https://www.sec.gov/Archives/edgar/data/1606268/000160626825000034/spke-20251118.htm,https://www.sec.gov/Archives/edgar/data/1606268/000160626825000034/spke-20251118.htm,2025-11-18,2025-11-18 10:18:41,https://www.sec.gov/Archives/edgar/data/1606268/0001606268-25-000034-index.html,Item 8.01; Item 9.01,Item 8.01; Item 9.01,ListingChange,Tier-1,https://www.sec.gov/Archives/edgar/data/1606268/000160626825000034/spke-20251118.htm,,Tier-1,2025-11-18,https://www.sec.gov/Archives/edgar/data/1606268/000160626825000034/spke-20251118.htm,https://www.sec.gov/Archives/edgar/data/1606268/0001606268-25-000034-index.html
VIASP,"Via Renewables, Inc.",0001606268,2025-09-15,ListingChange,Tier-1,https://www.sec.gov/Archives/edgar/data/1606268/000160626825000030/spke-20250915.htm,https://www.sec.gov/Archives/edgar/data/1606268/0001606268-25-000030-index.html,8-K,2025-09-15,2025-09-15,2025-09-15,0001606268-25-000030,https://www.sec.gov/Archives/edgar/data/1606268/000160626825000030/spke-20250915.htm,https://www.sec.gov/Archives/edgar/data/1606268/000160626825000030/spke-20250915.htm,2025-09-15,2025-09-15 11:36:04,https://www.sec.gov/Archives/edgar/data/1606268/0001606268-25-000030-index.html,Item 8.01; Item 9.01,Item 8.01; Item 9.01,ListingChange,Tier-1,https://www.sec.gov/Archives/edgar/data/1606268/000160626825000030/spke-20250915.htm,,Tier-1,2025-09-15,https://www.sec.gov/Archives/edgar/data/1606268/000160626825000030/spke-20250915.htm,https://www.sec.gov/Archives/edgar/data/1606268/0001606268-25-000030-index.html
VIASP,"Via Renewables, Inc.",0001606268,2025-07-16,ListingChange,Tier-1,https://www.sec.gov/Archives/edgar/data/1606268/000160626825000017/spke-20250716.htm,https://www.sec.gov/Archives/edgar/data/1606268/0001606268-25-000017-index.html,8-K,2025-07-16,2025-07-16,2025-07-16,0001606268-25-000017,https://www.sec.gov/Archives/edgar/data/1606268/000160626825000017/spke-20250716.htm,https://www.sec.gov/Archives/edgar/data/1606268/000160626825000017/spke-20250716.htm,2025-07-16,2025-07-16 16:41:35,https://www.sec.gov/Archives/edgar/data/1606268/0001606268-25-000017-index.html,Item 8.01; Item 9.01,Item 8.01; Item 9.01,ListingChange,Tier-1,https://www.sec.gov/Archives/edgar/data/1606268/000160626825000017/spke-20250716.htm,,Tier-1,2025-07-16,https://www.sec.gov/Archives/edgar/data/1606268/000160626825000017/spke-20250716.htm,https://www.sec.gov/Archives/edgar/data/1606268/0001606268-25-000017-index.html
VERI,"Veritone, Inc.",0001615165,2025-08-07,ATM,Tier-1,https://www.sec.gov/Archives/edgar/data/1615165/000161516525000009/veri-20250807.htm,https://www.sec.gov/Archives/edgar/data/1615165/0001615165-25-000009-index.html,8-K,2025-08-07,2025-08-07,2025-08-07,0001615165-25-000009,https://www.sec.gov/Archives/edgar/data/1615165/000161516525000009/veri-20250807.htm,https://www.sec.gov/Archives/edgar/data/1615165/000161516525000009/veri-20250807.htm,2025-08-07,2025-08-07 16:27:33,https://www.sec.gov/Archives/edgar/data/1615165/0001615165-25-000009-index.html,Item 2.02; Item 9.01,Item 2.02; Item 9.01,ATM,Tier-1,https://www.sec.gov/Archives/edgar/data/1615165/000161516525000009/veri-20250807.htm,,Tier-1,2025-08-07,https://www.sec.gov/Archives/edgar/data/1615165/000161516525000009/veri-20250807.htm,https://www.sec.gov/Archives/edgar/data/1615165/0001615165-25-000009-index.html
VTGN,"Vistagen Therapeutics, Inc.",0001411685,2025-11-13,ATM,Tier-1,https://www.sec.gov/Archives/edgar/data/1411685/000162828025052077/vtgn-20251113.htm,https://www.sec.gov/Archives/edgar/data/1411685/0001628280-25-052077-index.html,8-K,2025-11-13,2025-11-13,2025-11-13,0001628280-25-052077,https://www.sec.gov/Archives/edgar/data/1411685/000162828025052077/vtgn-20251113.htm,https://www.sec.gov/Archives/edgar/data/1411685/000162828025052077/vtgn-20251113.htm,2025-11-13,2025-11-13 16:34:55,https://www.sec.gov/Archives/edgar/data/1411685/0001628280-25-052077-index.html,Item 2.02; Item 9.01,Item 2.02; Item 9.01,ATM,Tier-1,https://www.sec.gov/Archives/edgar/data/1411685/000162828025052077/vtgn-20251113.htm,,Tier-1,2025-11-13,https://www.sec.gov/Archives/edgar/data/1411685/000162828025052077/vtgn-20251113.htm,https://www.sec.gov/Archives/edgar/data/1411685/0001628280-25-052077-index.html
VTGN,"Vistagen Therapeutics, Inc.",0001411685,2025-11-03,ATM,Tier-1,https://www.sec.gov/Archives/edgar/data/1411685/000162828025048827/vtgn-20251103.htm,https://www.sec.gov/Archives/edgar/data/1411685/0001628280-25-048827-index.html,8-K,2025-11-04,2025-11-03,2025-11-03,0001628280-25-048827,https://www.sec.gov/Archives/edgar/data/1411685/000162828025048827/vtgn-20251103.htm,https://www.sec.gov/Archives/edgar/data/1411685/000162828025048827/vtgn-20251103.htm,2025-11-03,2025-11-04 16:10:25,https://www.sec.gov/Archives/edgar/data/1411685/0001628280-25-048827-index.html,Item 7.01; Item 9.01,Item 7.01; Item 9.01,ATM,Tier-1,https://www.sec.gov/Archives/edgar/data/1411685/000162828025048827/vtgn-20251103.htm,,Tier-1,2025-11-03,https://www.sec.gov/Archives/edgar/data/1411685/000162828025048827/vtgn-20251103.htm,https://www.sec.gov/Archives/edgar/data/1411685/0001628280-25-048827-index.html
VTGN,"Vistagen Therapeutics, Inc.",0001411685,2025-10-27,ATM,Tier-1,https://www.sec.gov/Archives/edgar/data/1411685/000162828025047188/vtgn-20251027.htm,https://www.sec.gov/Archives/edgar/data/1411685/0001628280-25-047188-index.html,8-K,2025-10-29,2025-10-27,2025-10-27,0001628280-25-047188,https://www.sec.gov/Archives/edgar/data/1411685/000162828025047188/vtgn-20251027.htm,https://www.sec.gov/Archives/edgar/data/1411685/000162828025047188/vtgn-20251027.htm,2025-10-27,2025-10-29 17:24:22,https://www.sec.gov/Archives/edgar/data/1411685/0001628280-25-047188-index.html,Item 5.02; Item 7.01; Item 9.01,Item 5.02; Item 7.01; Item 9.01,ATM,Tier-1,https://www.sec.gov/Archives/edgar/data/1411685/000162828025047188/vtgn-20251027.htm,,Tier-1,2025-10-27,https://www.sec.gov/Archives/edgar/data/1411685/000162828025047188/vtgn-20251027.htm,https://www.sec.gov/Archives/edgar/data/1411685/0001628280-25-047188-index.html
VTGN,"Vistagen Therapeutics, Inc.",0001411685,2025-06-23,ATM,Tier-1,https://www.sec.gov/Archives/edgar/data/1411685/000141168525000048/vtgn-20250623.htm,https://www.sec.gov/Archives/edgar/data/1411685/0001411685-25-000048-index.html,8-K,2025-06-25,2025-06-23,2025-06-23,0001411685-25-000048,https://www.sec.gov/Archives/edgar/data/1411685/000141168525000048/vtgn-20250623.htm,https://www.sec.gov/Archives/edgar/data/1411685/000141168525000048/vtgn-20250623.htm,2025-06-23,2025-06-25 16:59:22,https://www.sec.gov/Archives/edgar/data/1411685/0001411685-25-000048-index.html,Item 5.02; Item 9.01,Item 5.02; Item 9.01,ATM,Tier-1,https://www.sec.gov/Archives/edgar/data/1411685/000141168525000048/vtgn-20250623.htm,,Tier-1,2025-06-23,https://www.sec.gov/Archives/edgar/data/1411685/000141168525000048/vtgn-20250623.htm,https://www.sec.gov/Archives/edgar/data/1411685/0001411685-25-000048-index.html
VTGN,"Vistagen Therapeutics, Inc.",0001411685,2025-06-17,ATM,Tier-1,https://www.sec.gov/Archives/edgar/data/1411685/000141168525000046/vtgn-20250617.htm,https://www.sec.gov/Archives/edgar/data/1411685/0001411685-25-000046-index.html,8-K,2025-06-17,2025-06-17,2025-06-17,0001411685-25-000046,https://www.sec.gov/Archives/edgar/data/1411685/000141168525000046/vtgn-20250617.htm,https://www.sec.gov/Archives/edgar/data/1411685/000141168525000046/vtgn-20250617.htm,2025-06-17,2025-06-17 16:44:53,https://www.sec.gov/Archives/edgar/data/1411685/0001411685-25-000046-index.html,Item 2.02; Item 8.01; Item 9.01,Item 2.02; Item 8.01; Item 9.01,ATM,Tier-1,https://www.sec.gov/Archives/edgar/data/1411685/000141168525000046/vtgn-20250617.htm,,Tier-1,2025-06-17,https://www.sec.gov/Archives/edgar/data/1411685/000141168525000046/vtgn-20250617.htm,https://www.sec.gov/Archives/edgar/data/1411685/0001411685-25-000046-index.html
VUZI,Vuzix Corp,0001463972,2025-11-13,ContractAward,Tier-1,https://www.sec.gov/Archives/edgar/data/1463972/000110465925112621/tm2531381d1_8k.htm,https://www.sec.gov/Archives/edgar/data/1463972/0001104659-25-112621-index.html,8-K,2025-11-14,2025-11-13,2025-11-13,0001104659-25-112621,https://www.sec.gov/Archives/edgar/data/1463972/000110465925112621/tm2531381d1_8k.htm,https://www.sec.gov/Archives/edgar/data/1463972/000110465925112621/tm2531381d1_8k.htm,2025-11-13,2025-11-14 16:32:36,https://www.sec.gov/Archives/edgar/data/1463972/0001104659-25-112621-index.html,Item 2.02; Item 9.01,Item 2.02; Item 9.01,ContractAward,Tier-1,https://www.sec.gov/Archives/edgar/data/1463972/000110465925112621/tm2531381d1_8k.htm,,Tier-1,2025-11-13,https://www.sec.gov/Archives/edgar/data/1463972/000110465925112621/tm2531381d1_8k.htm,https://www.sec.gov/Archives/edgar/data/1463972/0001104659-25-112621-index.html
VUZI,Vuzix Corp,0001463972,2025-09-19,ATM,Tier-1,https://www.sec.gov/Archives/edgar/data/1463972/000110465925092345/tm2526662d1_8k.htm,https://www.sec.gov/Archives/edgar/data/1463972/0001104659-25-092345-index.html,8-K,2025-09-23,2025-09-19,2025-09-19,0001104659-25-092345,https://www.sec.gov/Archives/edgar/data/1463972/000110465925092345/tm2526662d1_8k.htm,https://www.sec.gov/Archives/edgar/data/1463972/000110465925092345/tm2526662d1_8k.htm,2025-09-19,2025-09-23 09:00:32,https://www.sec.gov/Archives/edgar/data/1463972/0001104659-25-092345-index.html,Item 3.02,Item 3.02,ATM,Tier-1,https://www.sec.gov/Archives/edgar/data/1463972/000110465925092345/tm2526662d1_8k.htm,,Tier-1,2025-09-19,https://www.sec.gov/Archives/edgar/data/1463972/000110465925092345/tm2526662d1_8k.htm,https://www.sec.gov/Archives/edgar/data/1463972/0001104659-25-092345-index.html
VTGN,"Vistagen Therapeutics, Inc.",0001411685,2025-08-07,ATM,Tier-1,https://www.sec.gov/Archives/edgar/data/1411685/000141168525000062/vtgn-20250807.htm,https://www.sec.gov/Archives/edgar/data/1411685/0001411685-25-000062-index.html,8-K,2025-08-07,2025-08-07,2025-08-07,0001411685-25-000062,https://www.sec.gov/Archives/edgar/data/1411685/000141168525000062/vtgn-20250807.htm,https://www.sec.gov/Archives/edgar/data/1411685/000141168525000062/vtgn-20250807.htm,2025-08-07,2025-08-07 16:56:33,https://www.sec.gov/Archives/edgar/data/1411685/0001411685-25-000062-index.html,Item 2.02; Item 7.01; Item 9.01,Item 2.02; Item 7.01; Item 9.01,ATM,Tier-1,https://www.sec.gov/Archives/edgar/data/1411685/000141168525000062/vtgn-20250807.htm,,Tier-1,2025-08-07,https://www.sec.gov/Archives/edgar/data/1411685/000141168525000062/vtgn-20250807.htm,https://www.sec.gov/Archives/edgar/data/1411685/0001411685-25-000062-index.html
VUZI,Vuzix Corp,0001463972,2025-08-14,ATM,Tier-1,https://www.sec.gov/Archives/edgar/data/1463972/000110465925079145/tm2523628d1_8k.htm,https://www.sec.gov/Archives/edgar/data/1463972/0001104659-25-079145-index.html,8-K,2025-08-15,2025-08-14,2025-08-14,0001104659-25-079145,https://www.sec.gov/Archives/edgar/data/1463972/000110465925079145/tm2523628d1_8k.htm,https://www.sec.gov/Archives/edgar/data/1463972/000110465925079145/tm2523628d1_8k.htm,2025-08-14,2025-08-15 13:19:48,https://www.sec.gov/Archives/edgar/data/1463972/0001104659-25-079145-index.html,Item 2.02; Item 9.01,Item 2.02; Item 9.01,ATM,Tier-1,https://www.sec.gov/Archives/edgar/data/1463972/000110465925079145/tm2523628d1_8k.htm,,Tier-1,2025-08-14,https://www.sec.gov/Archives/edgar/data/1463972/000110465925079145/tm2523628d1_8k.htm,https://www.sec.gov/Archives/edgar/data/1463972/0001104659-25-079145-index.html
VUZI,Vuzix Corp,0001463972,2025-06-13,ATM,Tier-1,https://www.sec.gov/Archives/edgar/data/1463972/000110465925059738/tm2515015d2_8k.htm,https://www.sec.gov/Archives/edgar/data/1463972/0001104659-25-059738-index.html,8-K,2025-06-16,2025-06-13,2025-06-13,0001104659-25-059738,https://www.sec.gov/Archives/edgar/data/1463972/000110465925059738/tm2515015d2_8k.htm,https://www.sec.gov/Archives/edgar/data/1463972/000110465925059738/tm2515015d2_8k.htm,2025-06-13,2025-06-16 10:37:57,https://www.sec.gov/Archives/edgar/data/1463972/0001104659-25-059738-index.html,Item 3.02; Item 8.01; Item 9.01,Item 3.02; Item 8.01; Item 9.01,ATM,Tier-1,https://www.sec.gov/Archives/edgar/data/1463972/000110465925059738/tm2515015d2_8k.htm,,Tier-1,2025-06-13,https://www.sec.gov/Archives/edgar/data/1463972/000110465925059738/tm2515015d2_8k.htm,https://www.sec.gov/Archives/edgar/data/1463972/0001104659-25-059738-index.html
VWAV,"VisionWave Holdings, Inc.",0002038439,2025-11-12,FDA,Tier-1,https://www.sec.gov/Archives/edgar/data/2038439/000173112225001507/e7026_8-k.htm,https://www.sec.gov/Archives/edgar/data/2038439/0001731122-25-001507-index.html,8-K,2025-11-12,2025-11-12,2025-11-12,0001731122-25-001507,https://www.sec.gov/Archives/edgar/data/2038439/000173112225001507/e7026_8-k.htm,https://www.sec.gov/Archives/edgar/data/2038439/000173112225001507/e7026_8-k.htm,2025-11-12,2025-11-12 07:00:36,https://www.sec.gov/Archives/edgar/data/2038439/0001731122-25-001507-index.html,Item 8.01; Item 9.01,Item 8.01; Item 9.01,FDA,Tier-1,https://www.sec.gov/Archives/edgar/data/2038439/000173112225001507/e7026_8-k.htm,,Tier-1,2025-11-12,https://www.sec.gov/Archives/edgar/data/2038439/000173112225001507/e7026_8-k.htm,https://www.sec.gov/Archives/edgar/data/2038439/0001731122-25-001507-index.html
VWAV,"VisionWave Holdings, Inc.",0002038439,2025-09-26,ATM,Tier-1,https://www.sec.gov/Archives/edgar/data/2038439/000173112225001325/e6876_8k.htm,https://www.sec.gov/Archives/edgar/data/2038439/0001731122-25-001325-index.html,8-K,2025-09-30,2025-09-26,2025-09-26,0001731122-25-001325,https://www.sec.gov/Archives/edgar/data/2038439/000173112225001325/e6876_8k.htm,https://www.sec.gov/Archives/edgar/data/2038439/000173112225001325/e6876_8k.htm,2025-09-26,2025-09-30 08:01:01,https://www.sec.gov/Archives/edgar/data/2038439/0001731122-25-001325-index.html,Item 1.01; Item 9.01,Item 1.01; Item 9.01,ATM,Tier-1,https://www.sec.gov/Archives/edgar/data/2038439/000173112225001325/e6876_8k.htm,,Tier-1,2025-09-26,https://www.sec.gov/Archives/edgar/data/2038439/000173112225001325/e6876_8k.htm,https://www.sec.gov/Archives/edgar/data/2038439/0001731122-25-001325-index.html
VWAV,"VisionWave Holdings, Inc.",0002038439,2025-10-05,FDA,Tier-1,https://www.sec.gov/Archives/edgar/data/2038439/000173112225001366/e6939_8-k.htm,https://www.sec.gov/Archives/edgar/data/2038439/0001731122-25-001366-index.html,8-K,2025-10-09,2025-10-05,2025-10-05,0001731122-25-001366,https://www.sec.gov/Archives/edgar/data/2038439/000173112225001366/e6939_8-k.htm,https://www.sec.gov/Archives/edgar/data/2038439/000173112225001366/e6939_8-k.htm,2025-10-05,2025-10-09 08:46:52,https://www.sec.gov/Archives/edgar/data/2038439/0001731122-25-001366-index.html,Item 1.01; Item 7.01; Item 9.01,Item 1.01; Item 7.01; Item 9.01,FDA,Tier-1,https://www.sec.gov/Archives/edgar/data/2038439/000173112225001366/e6939_8-k.htm,,Tier-1,2025-10-05,https://www.sec.gov/Archives/edgar/data/2038439/000173112225001366/e6939_8-k.htm,https://www.sec.gov/Archives/edgar/data/2038439/0001731122-25-001366-index.html
VWAV,"VisionWave Holdings, Inc.",0002038439,2025-09-11,ATM,Tier-1,https://www.sec.gov/Archives/edgar/data/2038439/000173112225001234/e6843_8-k.htm,https://www.sec.gov/Archives/edgar/data/2038439/0001731122-25-001234-index.html,8-K,2025-09-12,2025-09-11,2025-09-11,0001731122-25-001234,https://www.sec.gov/Archives/edgar/data/2038439/000173112225001234/e6843_8-k.htm,https://www.sec.gov/Archives/edgar/data/2038439/000173112225001234/e6843_8-k.htm,2025-09-11,2025-09-12 08:00:59,https://www.sec.gov/Archives/edgar/data/2038439/0001731122-25-001234-index.html,Item 1.01; Item 2.03; Item 3.02; Item 9.01,Item 1.01; Item 2.03; Item 3.02; Item 9.01,ATM,Tier-1,https://www.sec.gov/Archives/edgar/data/2038439/000173112225001234/e6843_8-k.htm,,Tier-1,2025-09-11,https://www.sec.gov/Archives/edgar/data/2038439/000173112225001234/e6843_8-k.htm,https://www.sec.gov/Archives/edgar/data/2038439/0001731122-25-001234-index.html
VWAV,"VisionWave Holdings, Inc.",0002038439,2025-11-18,ATM,Tier-1,https://www.sec.gov/Archives/edgar/data/2038439/000173112225001563/e7055_8-k.htm,https://www.sec.gov/Archives/edgar/data/2038439/0001731122-25-001563-index.html,8-K,2025-11-18,2025-11-18,2025-11-18,0001731122-25-001563,https://www.sec.gov/Archives/edgar/data/2038439/000173112225001563/e7055_8-k.htm,https://www.sec.gov/Archives/edgar/data/2038439/000173112225001563/e7055_8-k.htm,2025-11-18,2025-11-18 16:31:10,https://www.sec.gov/Archives/edgar/data/2038439/0001731122-25-001563-index.html,Item 8.01; Item 9.01,Item 8.01; Item 9.01,ATM,Tier-1,https://www.sec.gov/Archives/edgar/data/2038439/000173112225001563/e7055_8-k.htm,,Tier-1,2025-11-18,https://www.sec.gov/Archives/edgar/data/2038439/000173112225001563/e7055_8-k.htm,https://www.sec.gov/Archives/edgar/data/2038439/0001731122-25-001563-index.html
WTGUU,Wintergreen Acquisition Corp.,0002053927,2025-11-17,ATM,Tier-1,https://www.sec.gov/Archives/edgar/data/2053927/000182912625009262/wintergreenacq_8k.htm,https://www.sec.gov/Archives/edgar/data/2053927/0001829126-25-009262-index.html,8-K,2025-11-18,2025-11-17,2025-11-17,0001829126-25-009262,https://www.sec.gov/Archives/edgar/data/2053927/000182912625009262/wintergreenacq_8k.htm,https://www.sec.gov/Archives/edgar/data/2053927/000182912625009262/wintergreenacq_8k.htm,2025-11-17,2025-11-17 18:00:29,https://www.sec.gov/Archives/edgar/data/2053927/0001829126-25-009262-index.html,Item 1.01; Item 7.01; Item 9.01,Item 1.01; Item 7.01; Item 9.01,ATM,Tier-1,https://www.sec.gov/Archives/edgar/data/2053927/000182912625009262/wintergreenacq_8k.htm,,Tier-1,2025-11-17,https://www.sec.gov/Archives/edgar/data/2053927/000182912625009262/wintergreenacq_8k.htm,https://www.sec.gov/Archives/edgar/data/2053927/0001829126-25-009262-index.html
VWAV,"VisionWave Holdings, Inc.",0002038439,2025-07-14,ATM,Tier-1,https://www.sec.gov/Archives/edgar/data/2038439/000173112225000994/e6714_8ka.htm,https://www.sec.gov/Archives/edgar/data/2038439/0001731122-25-000994-index.html,8-K/A,2025-07-18,2025-07-14,2025-07-14,0001731122-25-000994,https://www.sec.gov/Archives/edgar/data/2038439/000173112225000994/e6714_8ka.htm,https://www.sec.gov/Archives/edgar/data/2038439/000173112225000994/e6714_8ka.htm,2025-07-14,2025-07-18 16:04:16,https://www.sec.gov/Archives/edgar/data/2038439/0001731122-25-000994-index.html,Item 9.01,Item 9.01,ATM,Tier-1,https://www.sec.gov/Archives/edgar/data/2038439/000173112225000994/e6714_8ka.htm,,Tier-1,2025-07-14,https://www.sec.gov/Archives/edgar/data/2038439/000173112225000994/e6714_8ka.htm,https://www.sec.gov/Archives/edgar/data/2038439/0001731122-25-000994-index.html
WTGUU,Wintergreen Acquisition Corp.,0002053927,2025-07-16,ATM,Tier-1,https://www.sec.gov/Archives/edgar/data/2053927/000182912625005115/wintergreenacq_8k.htm,https://www.sec.gov/Archives/edgar/data/2053927/0001829126-25-005115-index.html,8-K,2025-07-17,2025-07-16,2025-07-16,0001829126-25-005115,https://www.sec.gov/Archives/edgar/data/2053927/000182912625005115/wintergreenacq_8k.htm,https://www.sec.gov/Archives/edgar/data/2053927/000182912625005115/wintergreenacq_8k.htm,2025-07-16,2025-07-17 16:47:24,https://www.sec.gov/Archives/edgar/data/2053927/0001829126-25-005115-index.html,Item 8.01; Item 9.01,Item 8.01; Item 9.01,ATM,Tier-1,https://www.sec.gov/Archives/edgar/data/2053927/000182912625005115/wintergreenacq_8k.htm,,Tier-1,2025-07-16,https://www.sec.gov/Archives/edgar/data/2053927/000182912625005115/wintergreenacq_8k.htm,https://www.sec.gov/Archives/edgar/data/2053927/0001829126-25-005115-index.html
WSBK,"Winchester Bancorp, Inc./MD/",0002047235,2025-07-30,ATM,Tier-1,https://www.sec.gov/Archives/edgar/data/2047235/000095017025100224/wsbk-20250730.htm,https://www.sec.gov/Archives/edgar/data/2047235/0000950170-25-100224-index.html,8-K,2025-07-30,2025-07-30,2025-07-30,0000950170-25-100224,https://www.sec.gov/Archives/edgar/data/2047235/000095017025100224/wsbk-20250730.htm,https://www.sec.gov/Archives/edgar/data/2047235/000095017025100224/wsbk-20250730.htm,2025-07-30,2025-07-30 16:07:13,https://www.sec.gov/Archives/edgar/data/2047235/0000950170-25-100224-index.html,Item 2.02; Item 9.01,Item 2.02; Item 9.01,ATM,Tier-1,https://www.sec.gov/Archives/edgar/data/2047235/000095017025100224/wsbk-20250730.htm,,Tier-1,2025-07-30,https://www.sec.gov/Archives/edgar/data/2047235/000095017025100224/wsbk-20250730.htm,https://www.sec.gov/Archives/edgar/data/2047235/0000950170-25-100224-index.html
WTGUU,Wintergreen Acquisition Corp.,0002053927,2025-05-30,ATM,Tier-1,https://www.sec.gov/Archives/edgar/data/2053927/000182912625004255/wintergreenacq_8k.htm,https://www.sec.gov/Archives/edgar/data/2053927/0001829126-25-004255-index.html,8-K,2025-06-05,2025-05-30,2025-05-30,0001829126-25-004255,https://www.sec.gov/Archives/edgar/data/2053927/000182912625004255/wintergreenacq_8k.htm,https://www.sec.gov/Archives/edgar/data/2053927/000182912625004255/wintergreenacq_8k.htm,2025-05-30,2025-06-05 13:33:37,https://www.sec.gov/Archives/edgar/data/2053927/0001829126-25-004255-index.html,Item 3.02; Item 8.01; Item 9.01,Item 3.02; Item 8.01; Item 9.01,ATM,Tier-1,https://www.sec.gov/Archives/edgar/data/2053927/000182912625004255/wintergreenacq_8k.htm,,Tier-1,2025-05-30,https://www.sec.gov/Archives/edgar/data/2053927/000182912625004255/wintergreenacq_8k.htm,https://www.sec.gov/Archives/edgar/data/2053927/0001829126-25-004255-index.html
WTI,W&T OFFSHORE INC,0001288403,2025-08-28,ATM,Tier-1,https://www.sec.gov/Archives/edgar/data/1288403/000110465925084791/tm2523664d2_8k.htm,https://www.sec.gov/Archives/edgar/data/1288403/0001104659-25-084791-index.html,8-K,2025-08-28,2025-08-28,2025-08-28,0001104659-25-084791,https://www.sec.gov/Archives/edgar/data/1288403/000110465925084791/tm2523664d2_8k.htm,https://www.sec.gov/Archives/edgar/data/1288403/000110465925084791/tm2523664d2_8k.htm,2025-08-28,2025-08-28 16:31:22,https://www.sec.gov/Archives/edgar/data/1288403/0001104659-25-084791-index.html,Item 1.01; Item 9.01,Item 1.01; Item 9.01,ATM,Tier-1,https://www.sec.gov/Archives/edgar/data/1288403/000110465925084791/tm2523664d2_8k.htm,,Tier-1,2025-08-28,https://www.sec.gov/Archives/edgar/data/1288403/000110465925084791/tm2523664d2_8k.htm,https://www.sec.gov/Archives/edgar/data/1288403/0001104659-25-084791-index.html
WSBK,"Winchester Bancorp, Inc./MD/",0002047235,2025-10-22,ATM,Tier-1,https://www.sec.gov/Archives/edgar/data/2047235/000119312525246729/wsbk-20251022.htm,https://www.sec.gov/Archives/edgar/data/2047235/0001193125-25-246729-index.html,8-K,2025-10-22,2025-10-22,2025-10-22,0001193125-25-246729,https://www.sec.gov/Archives/edgar/data/2047235/000119312525246729/wsbk-20251022.htm,https://www.sec.gov/Archives/edgar/data/2047235/000119312525246729/wsbk-20251022.htm,2025-10-22,2025-10-22 15:57:06,https://www.sec.gov/Archives/edgar/data/2047235/0001193125-25-246729-index.html,Item 2.02; Item 9.01,Item 2.02; Item 9.01,ATM,Tier-1,https://www.sec.gov/Archives/edgar/data/2047235/000119312525246729/wsbk-20251022.htm,,Tier-1,2025-10-22,https://www.sec.gov/Archives/edgar/data/2047235/000119312525246729/wsbk-20251022.htm,https://www.sec.gov/Archives/edgar/data/2047235/0001193125-25-246729-index.html
WTI,W&T OFFSHORE INC,0001288403,2025-06-14,FDA,Tier-1,https://www.sec.gov/Archives/edgar/data/1288403/000110465925060067/tm2518155d1_8k.htm,https://www.sec.gov/Archives/edgar/data/1288403/0001104659-25-060067-index.html,8-K,2025-06-17,2025-06-14,2025-06-14,0001104659-25-060067,https://www.sec.gov/Archives/edgar/data/1288403/000110465925060067/tm2518155d1_8k.htm,https://www.sec.gov/Archives/edgar/data/1288403/000110465925060067/tm2518155d1_8k.htm,2025-06-14,2025-06-17 07:01:46,https://www.sec.gov/Archives/edgar/data/1288403/0001104659-25-060067-index.html,Item 7.01; Item 8.01; Item 9.01,Item 7.01; Item 8.01; Item 9.01,FDA,Tier-1,https://www.sec.gov/Archives/edgar/data/1288403/000110465925060067/tm2518155d1_8k.htm,,Tier-1,2025-06-14,https://www.sec.gov/Archives/edgar/data/1288403/000110465925060067/tm2518155d1_8k.htm,https://www.sec.gov/Archives/edgar/data/1288403/0001104659-25-060067-index.html
XTIA,"XTI Aerospace, Inc.",0001529113,2025-11-13,ListingChange,Tier-1,https://www.sec.gov/Archives/edgar/data/1529113/000121390025110022/ea026561001-8k_xti.htm,https://www.sec.gov/Archives/edgar/data/1529113/0001213900-25-110022-index.html,8-K,2025-11-13,2025-11-13,2025-11-13,0001213900-25-110022,https://www.sec.gov/Archives/edgar/data/1529113/000121390025110022/ea026561001-8k_xti.htm,https://www.sec.gov/Archives/edgar/data/1529113/000121390025110022/ea026561001-8k_xti.htm,2025-11-13,2025-11-13 16:25:11,https://www.sec.gov/Archives/edgar/data/1529113/0001213900-25-110022-index.html,Item 8.01; Item 9.01,Item 8.01; Item 9.01,ListingChange,Tier-1,https://www.sec.gov/Archives/edgar/data/1529113/000121390025110022/ea026561001-8k_xti.htm,,Tier-1,2025-11-13,https://www.sec.gov/Archives/edgar/data/1529113/000121390025110022/ea026561001-8k_xti.htm,https://www.sec.gov/Archives/edgar/data/1529113/0001213900-25-110022-index.html
XTIA,"XTI Aerospace, Inc.",0001529113,2025-11-19,ATM,Tier-1,https://www.sec.gov/Archives/edgar/data/1529113/000121390025112700/ea0266488-8k_xti.htm,https://www.sec.gov/Archives/edgar/data/1529113/0001213900-25-112700-index.html,8-K,2025-11-19,2025-11-19,2025-11-19,0001213900-25-112700,https://www.sec.gov/Archives/edgar/data/1529113/000121390025112700/ea0266488-8k_xti.htm,https://www.sec.gov/Archives/edgar/data/1529113/000121390025112700/ea0266488-8k_xti.htm,2025-11-19,2025-11-19 17:05:24,https://www.sec.gov/Archives/edgar/data/1529113/0001213900-25-112700-index.html,Item 2.02; Item 9.01,Item 2.02; Item 9.01,ATM,Tier-1,https://www.sec.gov/Archives/edgar/data/1529113/000121390025112700/ea0266488-8k_xti.htm,,Tier-1,2025-11-19,https://www.sec.gov/Archives/edgar/data/1529113/000121390025112700/ea0266488-8k_xti.htm,https://www.sec.gov/Archives/edgar/data/1529113/0001213900-25-112700-index.html
XTIA,"XTI Aerospace, Inc.",0001529113,2025-10-30,ATM,Tier-1,https://www.sec.gov/Archives/edgar/data/1529113/000121390025103779/ea0263108-8k_xtiaero.htm,https://www.sec.gov/Archives/edgar/data/1529113/0001213900-25-103779-index.html,8-K,2025-10-30,2025-10-30,2025-10-30,0001213900-25-103779,https://www.sec.gov/Archives/edgar/data/1529113/000121390025103779/ea0263108-8k_xtiaero.htm,https://www.sec.gov/Archives/edgar/data/1529113/000121390025103779/ea0263108-8k_xtiaero.htm,2025-10-30,2025-10-30 08:00:44,https://www.sec.gov/Archives/edgar/data/1529113/0001213900-25-103779-index.html,Item 7.01; Item 9.01,Item 7.01; Item 9.01,ATM,Tier-1,https://www.sec.gov/Archives/edgar/data/1529113/000121390025103779/ea0263108-8k_xtiaero.htm,,Tier-1,2025-10-30,https://www.sec.gov/Archives/edgar/data/1529113/000121390025103779/ea0263108-8k_xtiaero.htm,https://www.sec.gov/Archives/edgar/data/1529113/0001213900-25-103779-index.html
WTI,W&T OFFSHORE INC,0001288403,2025-11-05,FDA,Tier-1,https://www.sec.gov/Archives/edgar/data/1288403/000110465925107091/wti-20251105x8k.htm,https://www.sec.gov/Archives/edgar/data/1288403/0001104659-25-107091-index.html,8-K,2025-11-05,2025-11-05,2025-11-05,0001104659-25-107091,https://www.sec.gov/Archives/edgar/data/1288403/000110465925107091/wti-20251105x8k.htm,https://www.sec.gov/Archives/edgar/data/1288403/000110465925107091/wti-20251105x8k.htm,2025-11-05,2025-11-05 17:01:47,https://www.sec.gov/Archives/edgar/data/1288403/0001104659-25-107091-index.html,Item 2.02; Item 9.01,Item 2.02; Item 9.01,FDA,Tier-1,https://www.sec.gov/Archives/edgar/data/1288403/000110465925107091/wti-20251105x8k.htm,,Tier-1,2025-11-05,https://www.sec.gov/Archives/edgar/data/1288403/000110465925107091/wti-20251105x8k.htm,https://www.sec.gov/Archives/edgar/data/1288403/0001104659-25-107091-index.html
XTIA,"XTI Aerospace, Inc.",0001529113,2025-11-10,ATM,Tier-1,https://www.sec.gov/Archives/edgar/data/1529113/000121390025108855/ea0264722-8k_xtiaero.htm,https://www.sec.gov/Archives/edgar/data/1529113/0001213900-25-108855-index.html,8-K,2025-11-12,2025-11-10,2025-11-10,0001213900-25-108855,https://www.sec.gov/Archives/edgar/data/1529113/000121390025108855/ea0264722-8k_xtiaero.htm,https://www.sec.gov/Archives/edgar/data/1529113/000121390025108855/ea0264722-8k_xtiaero.htm,2025-11-10,2025-11-12 09:28:52,https://www.sec.gov/Archives/edgar/data/1529113/0001213900-25-108855-index.html,Item 1.01; Item 2.01; Item 3.02; Item 3.03; Item 7.01; Item 8.01; Item 9.01,Item 1.01; Item 2.01; Item 3.02; Item 3.03; Item 7.01; Item 8.01; Item 9.01,ATM,Tier-1,https://www.sec.gov/Archives/edgar/data/1529113/000121390025108855/ea0264722-8k_xtiaero.htm,,Tier-1,2025-11-10,https://www.sec.gov/Archives/edgar/data/1529113/000121390025108855/ea0264722-8k_xtiaero.htm,https://www.sec.gov/Archives/edgar/data/1529113/0001213900-25-108855-index.html
XTIA,"XTI Aerospace, Inc.",0001529113,2025-10-21,ATM,Tier-1,https://www.sec.gov/Archives/edgar/data/1529113/000121390025102373/ea0262559-8k_xtiaero.htm,https://www.sec.gov/Archives/edgar/data/1529113/0001213900-25-102373-index.html,8-K,2025-10-27,2025-10-21,2025-10-21,0001213900-25-102373,https://www.sec.gov/Archives/edgar/data/1529113/000121390025102373/ea0262559-8k_xtiaero.htm,https://www.sec.gov/Archives/edgar/data/1529113/000121390025102373/ea0262559-8k_xtiaero.htm,2025-10-21,2025-10-27 09:21:09,https://www.sec.gov/Archives/edgar/data/1529113/0001213900-25-102373-index.html,Item 1.01; Item 7.01; Item 9.01,Item 1.01; Item 7.01; Item 9.01,ATM,Tier-1,https://www.sec.gov/Archives/edgar/data/1529113/000121390025102373/ea0262559-8k_xtiaero.htm,,Tier-1,2025-10-21,https://www.sec.gov/Archives/edgar/data/1529113/000121390025102373/ea0262559-8k_xtiaero.htm,https://www.sec.gov/Archives/edgar/data/1529113/0001213900-25-102373-index.html
XTIA,"XTI Aerospace, Inc.",0001529113,2025-09-12,ATM,Tier-1,https://www.sec.gov/Archives/edgar/data/1529113/000121390025087390/ea0257228-8k_xtiaero.htm,https://www.sec.gov/Archives/edgar/data/1529113/0001213900-25-087390-index.html,8-K,2025-09-15,2025-09-12,2025-09-12,0001213900-25-087390,https://www.sec.gov/Archives/edgar/data/1529113/000121390025087390/ea0257228-8k_xtiaero.htm,https://www.sec.gov/Archives/edgar/data/1529113/000121390025087390/ea0257228-8k_xtiaero.htm,2025-09-12,2025-09-15 06:37:43,https://www.sec.gov/Archives/edgar/data/1529113/0001213900-25-087390-index.html,Item 1.01; Item 8.01; Item 9.01,Item 1.01; Item 8.01; Item 9.01,ATM,Tier-1,https://www.sec.gov/Archives/edgar/data/1529113/000121390025087390/ea0257228-8k_xtiaero.htm,,Tier-1,2025-09-12,https://www.sec.gov/Archives/edgar/data/1529113/000121390025087390/ea0257228-8k_xtiaero.htm,https://www.sec.gov/Archives/edgar/data/1529113/0001213900-25-087390-index.html
WTI,W&T OFFSHORE INC,0001288403,2025-08-04,FDA,Tier-1,https://www.sec.gov/Archives/edgar/data/1288403/000155837025010109/wti-20250804x8k.htm,https://www.sec.gov/Archives/edgar/data/1288403/0001558370-25-010109-index.html,8-K,2025-08-04,2025-08-04,2025-08-04,0001558370-25-010109,https://www.sec.gov/Archives/edgar/data/1288403/000155837025010109/wti-20250804x8k.htm,https://www.sec.gov/Archives/edgar/data/1288403/000155837025010109/wti-20250804x8k.htm,2025-08-04,2025-08-04 16:40:45,https://www.sec.gov/Archives/edgar/data/1288403/0001558370-25-010109-index.html,Item 2.02; Item 9.01,Item 2.02; Item 9.01,FDA,Tier-1,https://www.sec.gov/Archives/edgar/data/1288403/000155837025010109/wti-20250804x8k.htm,,Tier-1,2025-08-04,https://www.sec.gov/Archives/edgar/data/1288403/000155837025010109/wti-20250804x8k.htm,https://www.sec.gov/Archives/edgar/data/1288403/0001558370-25-010109-index.html
ZYXI,ZYNEX INC,0000846475,2025-10-07,ATM,Tier-1,https://www.sec.gov/Archives/edgar/data/846475/000110465925099361/zyxi-20251007x8k.htm,https://www.sec.gov/Archives/edgar/data/846475/0001104659-25-099361-index.html,8-K,2025-10-14,2025-10-07,2025-10-07,0001104659-25-099361,https://www.sec.gov/Archives/edgar/data/846475/000110465925099361/zyxi-20251007x8k.htm,https://www.sec.gov/Archives/edgar/data/846475/000110465925099361/zyxi-20251007x8k.htm,2025-10-07,2025-10-14 17:29:10,https://www.sec.gov/Archives/edgar/data/846475/0001104659-25-099361-index.html,Item 5.02; Item 7.01; Item 9.01,Item 5.02; Item 7.01; Item 9.01,ATM,Tier-1,https://www.sec.gov/Archives/edgar/data/846475/000110465925099361/zyxi-20251007x8k.htm,,Tier-1,2025-10-07,https://www.sec.gov/Archives/edgar/data/846475/000110465925099361/zyxi-20251007x8k.htm,https://www.sec.gov/Archives/edgar/data/846475/0001104659-25-099361-index.html
ZYXI,ZYNEX INC,0000846475,2025-08-18,ATM,Tier-1,https://www.sec.gov/Archives/edgar/data/846475/000155837025011685/zyxi-20250818x8k.htm,https://www.sec.gov/Archives/edgar/data/846475/0001558370-25-011685-index.html,8-K,2025-08-20,2025-08-18,2025-08-18,0001558370-25-011685,https://www.sec.gov/Archives/edgar/data/846475/000155837025011685/zyxi-20250818x8k.htm,https://www.sec.gov/Archives/edgar/data/846475/000155837025011685/zyxi-20250818x8k.htm,2025-08-18,2025-08-20 08:15:47,https://www.sec.gov/Archives/edgar/data/846475/0001558370-25-011685-index.html,Item 5.02,Item 5.02,ATM,Tier-1,https://www.sec.gov/Archives/edgar/data/846475/000155837025011685/zyxi-20250818x8k.htm,,Tier-1,2025-08-18,https://www.sec.gov/Archives/edgar/data/846475/000155837025011685/zyxi-20250818x8k.htm,https://www.sec.gov/Archives/edgar/data/846475/0001558370-25-011685-index.html
ZYXI,ZYNEX INC,0000846475,2025-11-17,ATM,Tier-1,https://www.sec.gov/Archives/edgar/data/846475/000110465925113276/zyxi-20251117x8k.htm,https://www.sec.gov/Archives/edgar/data/846475/0001104659-25-113276-index.html,8-K,2025-11-17,2025-11-17,2025-11-17,0001104659-25-113276,https://www.sec.gov/Archives/edgar/data/846475/000110465925113276/zyxi-20251117x8k.htm,https://www.sec.gov/Archives/edgar/data/846475/000110465925113276/zyxi-20251117x8k.htm,2025-11-17,2025-11-17 17:17:42,https://www.sec.gov/Archives/edgar/data/846475/0001104659-25-113276-index.html,Item 2.02; Item 9.01,Item 2.02; Item 9.01,ATM,Tier-1,https://www.sec.gov/Archives/edgar/data/846475/000110465925113276/zyxi-20251117x8k.htm,,Tier-1,2025-11-17,https://www.sec.gov/Archives/edgar/data/846475/000110465925113276/zyxi-20251117x8k.htm,https://www.sec.gov/Archives/edgar/data/846475/0001104659-25-113276-index.html
ZYXI,ZYNEX INC,0000846475,2025-07-02,ATM,Tier-1,https://www.sec.gov/Archives/edgar/data/846475/000155837025009065/zyxi-20250702x8k.htm,https://www.sec.gov/Archives/edgar/data/846475/0001558370-25-009065-index.html,8-K,2025-07-02,2025-07-02,2025-07-02,0001558370-25-009065,https://www.sec.gov/Archives/edgar/data/846475/000155837025009065/zyxi-20250702x8k.htm,https://www.sec.gov/Archives/edgar/data/846475/000155837025009065/zyxi-20250702x8k.htm,2025-07-02,2025-07-02 17:20:08,https://www.sec.gov/Archives/edgar/data/846475/0001558370-25-009065-index.html,Item 8.01; Item 9.01,Item 8.01; Item 9.01,ATM,Tier-1,https://www.sec.gov/Archives/edgar/data/846475/000155837025009065/zyxi-20250702x8k.htm,,Tier-1,2025-07-02,https://www.sec.gov/Archives/edgar/data/846475/000155837025009065/zyxi-20250702x8k.htm,https://www.sec.gov/Archives/edgar/data/846475/0001558370-25-009065-index.html
ZYXI,ZYNEX INC,0000846475,2025-06-30,ATM,Tier-1,https://www.sec.gov/Archives/edgar/data/846475/000155837025009040/zyxi-20250630x8k.htm,https://www.sec.gov/Archives/edgar/data/846475/0001558370-25-009040-index.html,8-K,2025-07-02,2025-06-30,2025-06-30,0001558370-25-009040,https://www.sec.gov/Archives/edgar/data/846475/000155837025009040/zyxi-20250630x8k.htm,https://www.sec.gov/Archives/edgar/data/846475/000155837025009040/zyxi-20250630x8k.htm,2025-06-30,2025-07-02 09:00:12,https://www.sec.gov/Archives/edgar/data/846475/0001558370-25-009040-index.html,Item 9.01; Item 7.01,Item 9.01; Item 7.01,ATM,Tier-1,https://www.sec.gov/Archives/edgar/data/846475/000155837025009040/zyxi-20250630x8k.htm,,Tier-1,2025-06-30,https://www.sec.gov/Archives/edgar/data/846475/000155837025009040/zyxi-20250630x8k.htm,https://www.sec.gov/Archives/edgar/data/846475/0001558370-25-009040-index.html
ZYXI,ZYNEX INC,0000846475,2025-07-31,ATM,Tier-1,https://www.sec.gov/Archives/edgar/data/846475/000155837025009895/zyxi-20250731x8k.htm,https://www.sec.gov/Archives/edgar/data/846475/0001558370-25-009895-index.html,8-K,2025-07-31,2025-07-31,2025-07-31,0001558370-25-009895,https://www.sec.gov/Archives/edgar/data/846475/000155837025009895/zyxi-20250731x8k.htm,https://www.sec.gov/Archives/edgar/data/846475/000155837025009895/zyxi-20250731x8k.htm,2025-07-31,2025-07-31 16:49:51,https://www.sec.gov/Archives/edgar/data/846475/0001558370-25-009895-index.html,Item 2.02; Item 9.01,Item 2.02; Item 9.01,ATM,Tier-1,https://www.sec.gov/Archives/edgar/data/846475/000155837025009895/zyxi-20250731x8k.htm,,Tier-1,2025-07-31,https://www.sec.gov/Archives/edgar/data/846475/000155837025009895/zyxi-20250731x8k.htm,https://www.sec.gov/Archives/edgar/data/846475/0001558370-25-009895-index.html
