CIK,URL,Ticker,Company,Form,FiledAt,Age,RunwayQuarters,HasRunway,RunwaySourceURL,RunwayReasonCode,RunwayReasonDetail,Desc,Accession,MasterTxtURL
0001683541,https://www.sec.gov/Archives/edgar/data/1683541/000168354125000008/acb-20250331.htm,ACB,AURORA CANNABIS INC,40-F,2025-06-18,166,,False,,NO_PERIODS,no inferable periods,,0001683541-25-000008,https://www.sec.gov/Archives/edgar/data/1683541/000168354125000008/0001683541-25-000008.txt
0001683541,https://www.sec.gov/Archives/edgar/data/1683541/000127956925001175/aurora_6k.htm,ACB,AURORA CANNABIS INC,6-K,2025-11-05,26,,False,,NO_CASHFLOW,cashflow statement missing,,0001279569-25-001175,https://www.sec.gov/Archives/edgar/data/1683541/000127956925001175/0001279569-25-001175.txt
0001683541,https://www.sec.gov/Archives/edgar/data/1683541/000162828025049248/form6-k20250930q22026.htm,ACB,AURORA CANNABIS INC,6-K,2025-11-05,26,,False,,NO_CASHFLOW,cashflow statement missing,,0001628280-25-049248,https://www.sec.gov/Archives/edgar/data/1683541/000162828025049248/0001628280-25-049248.txt
0001683541,https://www.sec.gov/Archives/edgar/data/1683541/000127956925001141/aurora_6k.htm,ACB,AURORA CANNABIS INC,6-K,2025-10-23,39,,False,,NO_CASHFLOW,cashflow statement missing,,0001279569-25-001141,https://www.sec.gov/Archives/edgar/data/1683541/000127956925001141/0001279569-25-001141.txt
0001683541,https://www.sec.gov/Archives/edgar/data/1683541/000127956925001017/aurora_6k.htm,ACB,AURORA CANNABIS INC,6-K,2025-09-18,74,,False,,NO_CASHFLOW,cashflow statement missing,,0001279569-25-001017,https://www.sec.gov/Archives/edgar/data/1683541/000127956925001017/0001279569-25-001017.txt
0001683541,https://www.sec.gov/Archives/edgar/data/1683541/000127956925000864/aurora_6k.htm,ACB,AURORA CANNABIS INC,6-K,2025-08-11,112,,False,,NO_CASHFLOW,cashflow statement missing,,0001279569-25-000864,https://www.sec.gov/Archives/edgar/data/1683541/000127956925000864/0001279569-25-000864.txt
0000712034,https://www.sec.gov/Archives/edgar/data/712034/000095017025024931/acco-20241231.htm,ACCO,ACCO BRANDS Corp,10-K,2025-02-21,283,,False,,NO_PERIODS,no inferable periods,,0000950170-25-024931,https://www.sec.gov/Archives/edgar/data/712034/000095017025024931/0000950170-25-024931.txt
0000712034,https://www.sec.gov/Archives/edgar/data/712034/000119312525260601/acco-20250930.htm,ACCO,ACCO BRANDS Corp,10-Q,2025-10-31,31,,False,,NO_PERIODS,no inferable periods,,0001193125-25-260601,https://www.sec.gov/Archives/edgar/data/712034/000119312525260601/0001193125-25-260601.txt
0000712034,https://www.sec.gov/Archives/edgar/data/712034/000071203425000072/form4.xml,ACCO,ACCO BRANDS Corp,4,2025-09-12,80,,False,,,,,0000712034-25-000072,https://www.sec.gov/Archives/edgar/data/712034/000071203425000072/0000712034-25-000072.txt
0000712034,https://www.sec.gov/Archives/edgar/data/712034/000071203425000052/form4.xml,ACCO,ACCO BRANDS Corp,4,2025-09-12,80,,False,,,,,0000712034-25-000052,https://www.sec.gov/Archives/edgar/data/712034/000071203425000052/0000712034-25-000052.txt
0000712034,https://www.sec.gov/Archives/edgar/data/712034/000071203425000070/form4.xml,ACCO,ACCO BRANDS Corp,4,2025-09-12,80,,False,,,,,0000712034-25-000070,https://www.sec.gov/Archives/edgar/data/712034/000071203425000070/0000712034-25-000070.txt
0000712034,https://www.sec.gov/Archives/edgar/data/712034/000071203425000032/form4.xml,ACCO,ACCO BRANDS Corp,4,2025-09-12,80,,False,,,,,0000712034-25-000032,https://www.sec.gov/Archives/edgar/data/712034/000071203425000032/0000712034-25-000032.txt
0000712034,https://www.sec.gov/Archives/edgar/data/712034/000071203425000035/form4.xml,ACCO,ACCO BRANDS Corp,4,2025-09-12,80,,False,,,,,0000712034-25-000035,https://www.sec.gov/Archives/edgar/data/712034/000071203425000035/0000712034-25-000035.txt
0000712034,https://www.sec.gov/Archives/edgar/data/712034/000071203425000037/form4.xml,ACCO,ACCO BRANDS Corp,4,2025-09-12,80,,False,,,,,0000712034-25-000037,https://www.sec.gov/Archives/edgar/data/712034/000071203425000037/0000712034-25-000037.txt
0000712034,https://www.sec.gov/Archives/edgar/data/712034/000071203425000042/form4.xml,ACCO,ACCO BRANDS Corp,4,2025-09-12,80,,False,,,,,0000712034-25-000042,https://www.sec.gov/Archives/edgar/data/712034/000071203425000042/0000712034-25-000042.txt
0000712034,https://www.sec.gov/Archives/edgar/data/712034/000071203425000044/form4.xml,ACCO,ACCO BRANDS Corp,4,2025-09-12,80,,False,,,,,0000712034-25-000044,https://www.sec.gov/Archives/edgar/data/712034/000071203425000044/0000712034-25-000044.txt
0000712034,https://www.sec.gov/Archives/edgar/data/712034/000071203425000048/form4.xml,ACCO,ACCO BRANDS Corp,4,2025-09-12,80,,False,,,,,0000712034-25-000048,https://www.sec.gov/Archives/edgar/data/712034/000071203425000048/0000712034-25-000048.txt
0000712034,https://www.sec.gov/Archives/edgar/data/712034/000071203425000039/form4.xml,ACCO,ACCO BRANDS Corp,4,2025-09-12,80,,False,,,,,0000712034-25-000039,https://www.sec.gov/Archives/edgar/data/712034/000071203425000039/0000712034-25-000039.txt
0000712034,https://www.sec.gov/Archives/edgar/data/712034/000119312525258795/acco-20251030.htm,ACCO,ACCO BRANDS Corp,8-K,2025-10-30,32,,False,,,,,0001193125-25-258795,https://www.sec.gov/Archives/edgar/data/712034/000119312525258795/0001193125-25-258795.txt
0000712034,https://www.sec.gov/Archives/edgar/data/712034/000095017025100909/acco-20250729.htm,ACCO,ACCO BRANDS Corp,8-K,2025-07-31,123,,False,,,,,0000950170-25-100909,https://www.sec.gov/Archives/edgar/data/712034/000095017025100909/0000950170-25-100909.txt
0000712034,https://www.sec.gov/Archives/edgar/data/712034/000095017025093849/acco-20250627.htm,ACCO,ACCO BRANDS Corp,8-K,2025-07-03,151,,False,,,,,0000950170-25-093849,https://www.sec.gov/Archives/edgar/data/712034/000095017025093849/0000950170-25-093849.txt
0000712034,https://www.sec.gov/Archives/edgar/data/712034/000095017025084312/acco-20250604.htm,ACCO,ACCO BRANDS Corp,8-K,2025-06-10,174,,False,,,,,0000950170-25-084312,https://www.sec.gov/Archives/edgar/data/712034/000095017025084312/0000950170-25-084312.txt
0000712034,https://www.sec.gov/Archives/edgar/data/712034/000095017025075700/acco-20250520.htm,ACCO,ACCO BRANDS Corp,8-K,2025-05-21,194,,False,,,,,0000950170-25-075700,https://www.sec.gov/Archives/edgar/data/712034/000095017025075700/0000950170-25-075700.txt
0000712034,https://www.sec.gov/Archives/edgar/data/712034/000095017025061863/acco-20250501.htm,ACCO,ACCO BRANDS Corp,8-K,2025-05-01,214,,False,,,,,0000950170-25-061863,https://www.sec.gov/Archives/edgar/data/712034/000095017025061863/0000950170-25-061863.txt
0000712034,https://www.sec.gov/Archives/edgar/data/712034/000095017025024182/acco-20250220.htm,ACCO,ACCO BRANDS Corp,8-K,2025-02-20,284,,False,,,,,0000950170-25-024182,https://www.sec.gov/Archives/edgar/data/712034/000095017025024182/0000950170-25-024182.txt
0000712034,https://www.sec.gov/Archives/edgar/data/712034/000095017024119565/acco-20241030.htm,ACCO,ACCO BRANDS Corp,8-K,2024-10-31,396,,False,,,,,0000950170-24-119565,https://www.sec.gov/Archives/edgar/data/712034/000095017024119565/0000950170-24-119565.txt
0000712034,https://www.sec.gov/Archives/edgar/data/712034/000095017025075378/2025_s-8_final.htm,ACCO,ACCO BRANDS Corp,S-8,2025-05-20,195,,False,,,,,0000950170-25-075378,https://www.sec.gov/Archives/edgar/data/712034/000095017025075378/0000950170-25-075378.txt
0001332551,https://www.sec.gov/Archives/edgar/data/1332551/000095017025039661/acr-20241231.htm,ACR-PD,ACRES Commercial Realty Corp.,10-K,2025-03-17,259,,False,,NO_PERIODS,no inferable periods,,0000950170-25-039661,https://www.sec.gov/Archives/edgar/data/1332551/000095017025039661/0000950170-25-039661.txt
0001332551,https://www.sec.gov/Archives/edgar/data/1332551/000095017025102890/acr-20250630.htm,ACR-PD,ACRES Commercial Realty Corp.,10-Q,2025-08-05,118,,False,,NO_PERIODS,no inferable periods,,0000950170-25-102890,https://www.sec.gov/Archives/edgar/data/1332551/000095017025102890/0000950170-25-102890.txt
0001332551,https://www.sec.gov/Archives/edgar/data/1332551/000110465925116513/tm2532329-1_4seq1.xml,ACR-PD,ACRES Commercial Realty Corp.,4,2025-11-26,5,,False,,,,,0001104659-25-116513,https://www.sec.gov/Archives/edgar/data/1332551/000110465925116513/0001104659-25-116513.txt
0001332551,https://www.sec.gov/Archives/edgar/data/1332551/000110465925114219/tm2531787-1_4seq1.xml,ACR-PD,ACRES Commercial Realty Corp.,4,2025-11-19,12,,False,,,,,0001104659-25-114219,https://www.sec.gov/Archives/edgar/data/1332551/000110465925114219/0001104659-25-114219.txt
0001332551,https://www.sec.gov/Archives/edgar/data/1332551/000110465925111621/tm2531259-1_4seq1.xml,ACR-PD,ACRES Commercial Realty Corp.,4,2025-11-13,18,,False,,,,,0001104659-25-111621,https://www.sec.gov/Archives/edgar/data/1332551/000110465925111621/0001104659-25-111621.txt
0001332551,https://www.sec.gov/Archives/edgar/data/1332551/000110465925108640/tm2530668-1_4seq1.xml,ACR-PD,ACRES Commercial Realty Corp.,4,2025-11-07,24,,False,,,,,0001104659-25-108640,https://www.sec.gov/Archives/edgar/data/1332551/000110465925108640/0001104659-25-108640.txt
0001332551,https://www.sec.gov/Archives/edgar/data/1332551/000110465925106500/tm2530274-1_4seq1.xml,ACR-PD,ACRES Commercial Realty Corp.,4,2025-11-04,27,,False,,,,,0001104659-25-106500,https://www.sec.gov/Archives/edgar/data/1332551/000110465925106500/0001104659-25-106500.txt
0001332551,https://www.sec.gov/Archives/edgar/data/1332551/000110465925104516/tm2529885-1_4seq1.xml,ACR-PD,ACRES Commercial Realty Corp.,4,2025-10-30,32,,False,,,,,0001104659-25-104516,https://www.sec.gov/Archives/edgar/data/1332551/000110465925104516/0001104659-25-104516.txt
0001332551,https://www.sec.gov/Archives/edgar/data/1332551/000110465925096216/tm2527903-1_4seq1.xml,ACR-PD,ACRES Commercial Realty Corp.,4,2025-10-02,60,,False,,,,,0001104659-25-096216,https://www.sec.gov/Archives/edgar/data/1332551/000110465925096216/0001104659-25-096216.txt
0001332551,https://www.sec.gov/Archives/edgar/data/1332551/000110465925093029/tm2526911-1_4seq1.xml,ACR-PD,ACRES Commercial Realty Corp.,4,2025-09-24,68,,False,,,,,0001104659-25-093029,https://www.sec.gov/Archives/edgar/data/1332551/000110465925093029/0001104659-25-093029.txt
0001332551,https://www.sec.gov/Archives/edgar/data/1332551/000110465925091782/tm2526610-1_4seq1.xml,ACR-PD,ACRES Commercial Realty Corp.,4,2025-09-19,73,,False,,,,,0001104659-25-091782,https://www.sec.gov/Archives/edgar/data/1332551/000110465925091782/0001104659-25-091782.txt
0001332551,https://www.sec.gov/Archives/edgar/data/1332551/000110465925090520/tm2526271-1_4seq1.xml,ACR-PD,ACRES Commercial Realty Corp.,4,2025-09-16,76,,False,,,,,0001104659-25-090520,https://www.sec.gov/Archives/edgar/data/1332551/000110465925090520/0001104659-25-090520.txt
0001332551,https://www.sec.gov/Archives/edgar/data/1332551/000119312525256351/acr-20251029.htm,ACR-PD,ACRES Commercial Realty Corp.,8-K,2025-10-29,33,,False,,,,,0001193125-25-256351,https://www.sec.gov/Archives/edgar/data/1332551/000119312525256351/0001193125-25-256351.txt
0001332551,https://www.sec.gov/Archives/edgar/data/1332551/000119312525207376/acr-20250912.htm,ACR-PD,ACRES Commercial Realty Corp.,8-K,2025-09-18,74,,False,,,,,0001193125-25-207376,https://www.sec.gov/Archives/edgar/data/1332551/000119312525207376/0001193125-25-207376.txt
0001332551,https://www.sec.gov/Archives/edgar/data/1332551/000095017025100257/acr-20250730.htm,ACR-PD,ACRES Commercial Realty Corp.,8-K,2025-07-30,124,,False,,,,,0000950170-25-100257,https://www.sec.gov/Archives/edgar/data/1332551/000095017025100257/0000950170-25-100257.txt
0001332551,https://www.sec.gov/Archives/edgar/data/1332551/000095017025082318/acr-20250605.htm,ACR-PD,ACRES Commercial Realty Corp.,8-K,2025-06-05,179,,False,,,,,0000950170-25-082318,https://www.sec.gov/Archives/edgar/data/1332551/000095017025082318/0000950170-25-082318.txt
0001332551,https://www.sec.gov/Archives/edgar/data/1332551/000095017025061079/acr-20250430.htm,ACR-PD,ACRES Commercial Realty Corp.,8-K,2025-04-30,215,,False,,,,,0000950170-25-061079,https://www.sec.gov/Archives/edgar/data/1332551/000095017025061079/0000950170-25-061079.txt
0001332551,https://www.sec.gov/Archives/edgar/data/1332551/000095017025033718/acr-20250305.htm,ACR-PD,ACRES Commercial Realty Corp.,8-K,2025-03-05,271,,False,,,,,0000950170-25-033718,https://www.sec.gov/Archives/edgar/data/1332551/000095017025033718/0000950170-25-033718.txt
0001332551,https://www.sec.gov/Archives/edgar/data/1332551/000095017024119025/acr-20241030.htm,ACR-PD,ACRES Commercial Realty Corp.,8-K,2024-10-30,397,,False,,,,,0000950170-24-119025,https://www.sec.gov/Archives/edgar/data/1332551/000095017024119025/0000950170-24-119025.txt
0001781174,https://www.sec.gov/Archives/edgar/data/1781174/000090514825004179/form4.xml,ACRV,"Acrivon Therapeutics, Inc.",4,2025-11-25,6,,False,,,,,0000905148-25-004179,https://www.sec.gov/Archives/edgar/data/1781174/000090514825004179/0000905148-25-004179.txt
0001781174,https://www.sec.gov/Archives/edgar/data/1781174/000090514825004130/form4.xml,ACRV,"Acrivon Therapeutics, Inc.",4,2025-11-18,13,,False,,,,,0000905148-25-004130,https://www.sec.gov/Archives/edgar/data/1781174/000090514825004130/0000905148-25-004130.txt
0001781174,https://www.sec.gov/Archives/edgar/data/1781174/000090514825004129/form4.xml,ACRV,"Acrivon Therapeutics, Inc.",4,2025-11-18,13,,False,,,,,0000905148-25-004129,https://www.sec.gov/Archives/edgar/data/1781174/000090514825004129/0000905148-25-004129.txt
0001781174,https://www.sec.gov/Archives/edgar/data/1781174/000090514825004128/form4.xml,ACRV,"Acrivon Therapeutics, Inc.",4,2025-11-18,13,,False,,,,,0000905148-25-004128,https://www.sec.gov/Archives/edgar/data/1781174/000090514825004128/0000905148-25-004128.txt
0001781174,https://www.sec.gov/Archives/edgar/data/1781174/000090514825004127/form4.xml,ACRV,"Acrivon Therapeutics, Inc.",4,2025-11-18,13,,False,,,,,0000905148-25-004127,https://www.sec.gov/Archives/edgar/data/1781174/000090514825004127/0000905148-25-004127.txt
0001781174,https://www.sec.gov/Archives/edgar/data/1781174/000090514825004131/form4.xml,ACRV,"Acrivon Therapeutics, Inc.",4,2025-11-18,13,,False,,,,,0000905148-25-004131,https://www.sec.gov/Archives/edgar/data/1781174/000090514825004131/0000905148-25-004131.txt
0001781174,https://www.sec.gov/Archives/edgar/data/1781174/000090514825003637/form4.xml,ACRV,"Acrivon Therapeutics, Inc.",4,2025-10-21,41,,False,,,,,0000905148-25-003637,https://www.sec.gov/Archives/edgar/data/1781174/000090514825003637/0000905148-25-003637.txt
0001781174,https://www.sec.gov/Archives/edgar/data/1781174/000090514825003507/form4.xml,ACRV,"Acrivon Therapeutics, Inc.",4,2025-10-03,59,,False,,,,,0000905148-25-003507,https://www.sec.gov/Archives/edgar/data/1781174/000090514825003507/0000905148-25-003507.txt
0001781174,https://www.sec.gov/Archives/edgar/data/1781174/000090514825003506/form4.xml,ACRV,"Acrivon Therapeutics, Inc.",4,2025-10-03,59,,False,,,,,0000905148-25-003506,https://www.sec.gov/Archives/edgar/data/1781174/000090514825003506/0000905148-25-003506.txt
0001781174,https://www.sec.gov/Archives/edgar/data/1781174/000090514825003121/form4.xml,ACRV,"Acrivon Therapeutics, Inc.",4,2025-08-25,98,,False,,,,,0000905148-25-003121,https://www.sec.gov/Archives/edgar/data/1781174/000090514825003121/0000905148-25-003121.txt
0001781174,https://www.sec.gov/Archives/edgar/data/1781174/000119312525280172/acrv-20251113.htm,ACRV,"Acrivon Therapeutics, Inc.",8-K,2025-11-13,18,,False,,,,,0001193125-25-280172,https://www.sec.gov/Archives/edgar/data/1781174/000119312525280172/0001193125-25-280172.txt
0001781174,https://www.sec.gov/Archives/edgar/data/1781174/000119312525197250/acrv-20250905.htm,ACRV,"Acrivon Therapeutics, Inc.",8-K,2025-09-05,87,,False,,,,,0001193125-25-197250,https://www.sec.gov/Archives/edgar/data/1781174/000119312525197250/0001193125-25-197250.txt
0001781174,https://www.sec.gov/Archives/edgar/data/1781174/000119312525179834/acrv-20250813.htm,ACRV,"Acrivon Therapeutics, Inc.",8-K,2025-08-13,110,,False,,,,,0001193125-25-179834,https://www.sec.gov/Archives/edgar/data/1781174/000119312525179834/0001193125-25-179834.txt
0001781174,https://www.sec.gov/Archives/edgar/data/1781174/000095017025086246/acrv-20250613.htm,ACRV,"Acrivon Therapeutics, Inc.",8-K,2025-06-13,171,,False,,,,,0000950170-25-086246,https://www.sec.gov/Archives/edgar/data/1781174/000095017025086246/0000950170-25-086246.txt
0001781174,https://www.sec.gov/Archives/edgar/data/1781174/000095017025071385/acrv-20250514.htm,ACRV,"Acrivon Therapeutics, Inc.",8-K,2025-05-14,201,,False,,,,,0000950170-25-071385,https://www.sec.gov/Archives/edgar/data/1781174/000095017025071385/0000950170-25-071385.txt
0001781174,https://www.sec.gov/Archives/edgar/data/1781174/000095017025051576/acrv-20250407.htm,ACRV,"Acrivon Therapeutics, Inc.",8-K,2025-04-07,238,,False,,,,,0000950170-25-051576,https://www.sec.gov/Archives/edgar/data/1781174/000095017025051576/0000950170-25-051576.txt
0001781174,https://www.sec.gov/Archives/edgar/data/1781174/000095017025046163/acrv-20250327.htm,ACRV,"Acrivon Therapeutics, Inc.",8-K,2025-03-27,249,,False,,,,,0000950170-25-046163,https://www.sec.gov/Archives/edgar/data/1781174/000095017025046163/0000950170-25-046163.txt
0001781174,https://www.sec.gov/Archives/edgar/data/1781174/000095017025044549/acrv-20250325.htm,ACRV,"Acrivon Therapeutics, Inc.",8-K,2025-03-25,251,,False,,,,,0000950170-25-044549,https://www.sec.gov/Archives/edgar/data/1781174/000095017025044549/0000950170-25-044549.txt
0001781174,https://www.sec.gov/Archives/edgar/data/1781174/000095017025039520/acrv-20250311.htm,ACRV,"Acrivon Therapeutics, Inc.",8-K,2025-03-14,262,,False,,,,,0000950170-25-039520,https://www.sec.gov/Archives/edgar/data/1781174/000095017025039520/0000950170-25-039520.txt
0001781174,https://www.sec.gov/Archives/edgar/data/1781174/000095017024125920/acrv-20241113.htm,ACRV,"Acrivon Therapeutics, Inc.",8-K,2024-11-13,383,,False,,,,,0000950170-24-125920,https://www.sec.gov/Archives/edgar/data/1781174/000095017024125920/0000950170-24-125920.txt
0001781174,https://www.sec.gov/Archives/edgar/data/1781174/000119312525119914/d901324ds8.htm,ACRV,"Acrivon Therapeutics, Inc.",S-8,2025-05-14,201,,False,,,,,0001193125-25-119914,https://www.sec.gov/Archives/edgar/data/1781174/000119312525119914/0001193125-25-119914.txt
0001781174,https://www.sec.gov/Archives/edgar/data/1781174/000119312525066369/d945264ds8.htm,ACRV,"Acrivon Therapeutics, Inc.",S-8,2025-03-28,248,,False,,,,,0001193125-25-066369,https://www.sec.gov/Archives/edgar/data/1781174/000119312525066369/0001193125-25-066369.txt
0001501756,https://www.sec.gov/Archives/edgar/data/1501756/000141588925017867/form4-06202025_080643.xml,ADVM,"Adverum Biotechnologies, Inc.",4,2025-06-20,164,,False,,,,,0001415889-25-017867,https://www.sec.gov/Archives/edgar/data/1501756/000141588925017867/0001415889-25-017867.txt
0001501756,https://www.sec.gov/Archives/edgar/data/1501756/000141588925017851/form4-06202025_080654.xml,ADVM,"Adverum Biotechnologies, Inc.",4,2025-06-20,164,,False,,,,,0001415889-25-017851,https://www.sec.gov/Archives/edgar/data/1501756/000141588925017851/0001415889-25-017851.txt
0001501756,https://www.sec.gov/Archives/edgar/data/1501756/000141588925017845/form4-06202025_080644.xml,ADVM,"Adverum Biotechnologies, Inc.",4,2025-06-20,164,,False,,,,,0001415889-25-017845,https://www.sec.gov/Archives/edgar/data/1501756/000141588925017845/0001415889-25-017845.txt
0001501756,https://www.sec.gov/Archives/edgar/data/1501756/000141588925017846/form4-06202025_080627.xml,ADVM,"Adverum Biotechnologies, Inc.",4,2025-06-20,164,,False,,,,,0001415889-25-017846,https://www.sec.gov/Archives/edgar/data/1501756/000141588925017846/0001415889-25-017846.txt
0001501756,https://www.sec.gov/Archives/edgar/data/1501756/000141588925017866/form4-06202025_080601.xml,ADVM,"Adverum Biotechnologies, Inc.",4,2025-06-20,164,,False,,,,,0001415889-25-017866,https://www.sec.gov/Archives/edgar/data/1501756/000141588925017866/0001415889-25-017866.txt
0001501756,https://www.sec.gov/Archives/edgar/data/1501756/000141588925017849/form4-06202025_080637.xml,ADVM,"Adverum Biotechnologies, Inc.",4,2025-06-20,164,,False,,,,,0001415889-25-017849,https://www.sec.gov/Archives/edgar/data/1501756/000141588925017849/0001415889-25-017849.txt
0001501756,https://www.sec.gov/Archives/edgar/data/1501756/000141588925017850/form4-06202025_080619.xml,ADVM,"Adverum Biotechnologies, Inc.",4,2025-06-20,164,,False,,,,,0001415889-25-017850,https://www.sec.gov/Archives/edgar/data/1501756/000141588925017850/0001415889-25-017850.txt
0001501756,https://www.sec.gov/Archives/edgar/data/1501756/000141588925017847/form4-06202025_080602.xml,ADVM,"Adverum Biotechnologies, Inc.",4,2025-06-20,164,,False,,,,,0001415889-25-017847,https://www.sec.gov/Archives/edgar/data/1501756/000141588925017847/0001415889-25-017847.txt
0001501756,https://www.sec.gov/Archives/edgar/data/1501756/000141588925017854/form4-06202025_080630.xml,ADVM,"Adverum Biotechnologies, Inc.",4,2025-06-20,164,,False,,,,,0001415889-25-017854,https://www.sec.gov/Archives/edgar/data/1501756/000141588925017854/0001415889-25-017854.txt
0001501756,https://www.sec.gov/Archives/edgar/data/1501756/000141588925017856/form4-06202025_080606.xml,ADVM,"Adverum Biotechnologies, Inc.",4,2025-06-20,164,,False,,,,,0001415889-25-017856,https://www.sec.gov/Archives/edgar/data/1501756/000141588925017856/0001415889-25-017856.txt
0001501756,https://www.sec.gov/Archives/edgar/data/1501756/000119312525291327/d88122d8k.htm,ADVM,"Adverum Biotechnologies, Inc.",8-K,2025-11-21,10,,False,,,,,0001193125-25-291327,https://www.sec.gov/Archives/edgar/data/1501756/000119312525291327/0001193125-25-291327.txt
0001501756,https://www.sec.gov/Archives/edgar/data/1501756/000119312525249438/d70157d8k.htm,ADVM,"Adverum Biotechnologies, Inc.",8-K,2025-10-24,38,,False,,,,,0001193125-25-249438,https://www.sec.gov/Archives/edgar/data/1501756/000119312525249438/0001193125-25-249438.txt
0001501756,https://www.sec.gov/Archives/edgar/data/1501756/000119312525210068/d937976d8k.htm,ADVM,"Adverum Biotechnologies, Inc.",8-K,2025-09-22,70,,False,,,,,0001193125-25-210068,https://www.sec.gov/Archives/edgar/data/1501756/000119312525210068/0001193125-25-210068.txt
0001501756,https://www.sec.gov/Archives/edgar/data/1501756/000162828025039759/advm-20250812.htm,ADVM,"Adverum Biotechnologies, Inc.",8-K,2025-08-12,111,,False,,,,,0001628280-25-039759,https://www.sec.gov/Archives/edgar/data/1501756/000162828025039759/0001628280-25-039759.txt
0001501756,https://www.sec.gov/Archives/edgar/data/1501756/000119312525142384/d51841d8k.htm,ADVM,"Adverum Biotechnologies, Inc.",8-K,2025-06-18,166,,False,,,,,0001193125-25-142384,https://www.sec.gov/Archives/edgar/data/1501756/000119312525142384/0001193125-25-142384.txt
0001501756,https://www.sec.gov/Archives/edgar/data/1501756/000162828025025486/advm-20250514.htm,ADVM,"Adverum Biotechnologies, Inc.",8-K,2025-05-14,201,,False,,,,,0001628280-25-025486,https://www.sec.gov/Archives/edgar/data/1501756/000162828025025486/0001628280-25-025486.txt
0001501756,https://www.sec.gov/Archives/edgar/data/1501756/000162828025017769/advm-20250415.htm,ADVM,"Adverum Biotechnologies, Inc.",8-K,2025-04-15,230,,False,,,,,0001628280-25-017769,https://www.sec.gov/Archives/edgar/data/1501756/000162828025017769/0001628280-25-017769.txt
0001501756,https://www.sec.gov/Archives/edgar/data/1501756/000119312525068759/d848903d8k.htm,ADVM,"Adverum Biotechnologies, Inc.",8-K,2025-03-31,245,,False,,,,,0001193125-25-068759,https://www.sec.gov/Archives/edgar/data/1501756/000119312525068759/0001193125-25-068759.txt
0001501756,https://www.sec.gov/Archives/edgar/data/1501756/000119312524260916/d828453d8k.htm,ADVM,"Adverum Biotechnologies, Inc.",8-K,2024-11-18,378,,False,,,,,0001193125-24-260916,https://www.sec.gov/Archives/edgar/data/1501756/000119312524260916/0001193125-24-260916.txt
0001501756,https://www.sec.gov/Archives/edgar/data/1501756/000162828024045031/advm-20241104.htm,ADVM,"Adverum Biotechnologies, Inc.",8-K,2024-11-04,392,,False,,,,,0001628280-24-045031,https://www.sec.gov/Archives/edgar/data/1501756/000162828024045031/0001628280-24-045031.txt
0001501756,https://www.sec.gov/Archives/edgar/data/1501756/000119312525143640/d68468ds8.htm,ADVM,"Adverum Biotechnologies, Inc.",S-8,2025-06-20,164,,False,,,,,0001193125-25-143640,https://www.sec.gov/Archives/edgar/data/1501756/000119312525143640/0001193125-25-143640.txt
0001501756,https://www.sec.gov/Archives/edgar/data/1501756/000119312525039358/d871552ds8.htm,ADVM,"Adverum Biotechnologies, Inc.",S-8,2025-02-27,277,,False,,,,,0001193125-25-039358,https://www.sec.gov/Archives/edgar/data/1501756/000119312525039358/0001193125-25-039358.txt
0001501756,https://www.sec.gov/Archives/edgar/data/1501756/000119312524282019/d758019ds8.htm,ADVM,"Adverum Biotechnologies, Inc.",S-8,2024-12-19,347,,False,,,,,0001193125-24-282019,https://www.sec.gov/Archives/edgar/data/1501756/000119312524282019/0001193125-24-282019.txt
0001098972,https://www.sec.gov/Archives/edgar/data/1098972/000119312525303859/ownership.xml,AGEN,AGENUS INC,4,2025-12-01,0,,False,,,,,0001193125-25-303859,https://www.sec.gov/Archives/edgar/data/1098972/000119312525303859/0001193125-25-303859.txt
0001098972,https://www.sec.gov/Archives/edgar/data/1098972/000119312525284600/ownership.xml,AGEN,AGENUS INC,4,2025-11-17,14,,False,,,,,0001193125-25-284600,https://www.sec.gov/Archives/edgar/data/1098972/000119312525284600/0001193125-25-284600.txt
0001098972,https://www.sec.gov/Archives/edgar/data/1098972/000119312525266875/ownership.xml,AGEN,AGENUS INC,4,2025-11-05,26,,False,,,,,0001193125-25-266875,https://www.sec.gov/Archives/edgar/data/1098972/000119312525266875/0001193125-25-266875.txt
0001098972,https://www.sec.gov/Archives/edgar/data/1098972/000119312525245089/ownership.xml,AGEN,AGENUS INC,4,2025-10-21,41,,False,,,,,0001193125-25-245089,https://www.sec.gov/Archives/edgar/data/1098972/000119312525245089/0001193125-25-245089.txt
0001098972,https://www.sec.gov/Archives/edgar/data/1098972/000119312525231857/ownership.xml,AGEN,AGENUS INC,4,2025-10-06,56,,False,,,,,0001193125-25-231857,https://www.sec.gov/Archives/edgar/data/1098972/000119312525231857/0001193125-25-231857.txt
0001098972,https://www.sec.gov/Archives/edgar/data/1098972/000119312525230100/ownership.xml,AGEN,AGENUS INC,4,2025-10-03,59,,False,,,,,0001193125-25-230100,https://www.sec.gov/Archives/edgar/data/1098972/000119312525230100/0001193125-25-230100.txt
0001098972,https://www.sec.gov/Archives/edgar/data/1098972/000119312525230086/ownership.xml,AGEN,AGENUS INC,4,2025-10-03,59,,False,,,,,0001193125-25-230086,https://www.sec.gov/Archives/edgar/data/1098972/000119312525230086/0001193125-25-230086.txt
0001098972,https://www.sec.gov/Archives/edgar/data/1098972/000119312525213291/ownership.xml,AGEN,AGENUS INC,4,2025-09-23,69,,False,,,,,0001193125-25-213291,https://www.sec.gov/Archives/edgar/data/1098972/000119312525213291/0001193125-25-213291.txt
0001098972,https://www.sec.gov/Archives/edgar/data/1098972/000119312525199162/ownership.xml,AGEN,AGENUS INC,4,2025-09-09,83,,False,,,,,0001193125-25-199162,https://www.sec.gov/Archives/edgar/data/1098972/000119312525199162/0001193125-25-199162.txt
0001098972,https://www.sec.gov/Archives/edgar/data/1098972/000095017025111446/ownership.xml,AGEN,AGENUS INC,4,2025-08-26,97,,False,,,,,0000950170-25-111446,https://www.sec.gov/Archives/edgar/data/1098972/000095017025111446/0000950170-25-111446.txt
0001098972,https://www.sec.gov/Archives/edgar/data/1098972/000119312525273266/agen-20251110.htm,AGEN,AGENUS INC,8-K,2025-11-10,21,,False,,,,,0001193125-25-273266,https://www.sec.gov/Archives/edgar/data/1098972/000119312525273266/0001193125-25-273266.txt
0001098972,https://www.sec.gov/Archives/edgar/data/1098972/000119312525235819/agen-20251008.htm,AGEN,AGENUS INC,8-K,2025-10-09,53,,False,,,,,0001193125-25-235819,https://www.sec.gov/Archives/edgar/data/1098972/000119312525235819/0001193125-25-235819.txt
0001098972,https://www.sec.gov/Archives/edgar/data/1098972/000119312525213574/agen-20250917.htm,AGEN,AGENUS INC,8-K,2025-09-23,69,,False,,,,,0001193125-25-213574,https://www.sec.gov/Archives/edgar/data/1098972/000119312525213574/0001193125-25-213574.txt
0001098972,https://www.sec.gov/Archives/edgar/data/1098972/000095017025106235/agen-20250811.htm,AGEN,AGENUS INC,8-K,2025-08-11,112,,False,,,,,0000950170-25-106235,https://www.sec.gov/Archives/edgar/data/1098972/000095017025106235/0000950170-25-106235.txt
0001098972,https://www.sec.gov/Archives/edgar/data/1098972/000095017025088502/agen-20250617.htm,AGEN,AGENUS INC,8-K,2025-06-20,164,,False,,,,,0000950170-25-088502,https://www.sec.gov/Archives/edgar/data/1098972/000095017025088502/0000950170-25-088502.txt
0001098972,https://www.sec.gov/Archives/edgar/data/1098972/000095017025081674/agen-20250603.htm,AGEN,AGENUS INC,8-K,2025-06-04,180,,False,,,,,0000950170-25-081674,https://www.sec.gov/Archives/edgar/data/1098972/000095017025081674/0000950170-25-081674.txt
0001098972,https://www.sec.gov/Archives/edgar/data/1098972/000095017025068564/agen-20250512.htm,AGEN,AGENUS INC,8-K,2025-05-12,203,,False,,,,,0000950170-25-068564,https://www.sec.gov/Archives/edgar/data/1098972/000095017025068564/0000950170-25-068564.txt
0001098972,https://www.sec.gov/Archives/edgar/data/1098972/000095017025036829/agen-20250311.htm,AGEN,AGENUS INC,8-K,2025-03-11,265,,False,,,,,0000950170-25-036829,https://www.sec.gov/Archives/edgar/data/1098972/000095017025036829/0000950170-25-036829.txt
0001098972,https://www.sec.gov/Archives/edgar/data/1098972/000095017025027947/agen-20250220.htm,AGEN,AGENUS INC,8-K,2025-02-26,278,,False,,,,,0000950170-25-027947,https://www.sec.gov/Archives/edgar/data/1098972/000095017025027947/0000950170-25-027947.txt
0001098972,https://www.sec.gov/Archives/edgar/data/1098972/000095017025017028/agen-20250204.htm,AGEN,AGENUS INC,8-K,2025-02-10,294,,False,,,,,0000950170-25-017028,https://www.sec.gov/Archives/edgar/data/1098972/000095017025017028/0000950170-25-017028.txt
0001098972,https://www.sec.gov/Archives/edgar/data/1098972/000119312525117894/d904513ds3.htm,AGEN,AGENUS INC,S-3,2025-05-12,203,,False,,,,,0001193125-25-117894,https://www.sec.gov/Archives/edgar/data/1098972/000119312525117894/0001193125-25-117894.txt
0001098972,https://www.sec.gov/Archives/edgar/data/1098972/000119312525178237/d77473ds8.htm,AGEN,AGENUS INC,S-8,2025-08-12,111,,False,,,,,0001193125-25-178237,https://www.sec.gov/Archives/edgar/data/1098972/000119312525178237/0001193125-25-178237.txt
0001927958,https://www.sec.gov/Archives/edgar/data/1927958/000116376825000008/form4-10222025_091012.xml,AIRO,"AIRO Group Holdings, Inc.",4,2025-10-22,40,,False,,,,,0001163768-25-000008,https://www.sec.gov/Archives/edgar/data/1927958/000116376825000008/0001163768-25-000008.txt
0001927958,https://www.sec.gov/Archives/edgar/data/1927958/000148928925000009/form4-10222025_091032.xml,AIRO,"AIRO Group Holdings, Inc.",4,2025-10-22,40,,False,,,,,0001489289-25-000009,https://www.sec.gov/Archives/edgar/data/1927958/000148928925000009/0001489289-25-000009.txt
0001927958,https://www.sec.gov/Archives/edgar/data/1927958/000206003025000005/form4-09172025_080945.xml,AIRO,"AIRO Group Holdings, Inc.",4,2025-09-17,75,,False,,,,,0002060030-25-000005,https://www.sec.gov/Archives/edgar/data/1927958/000206003025000005/0002060030-25-000005.txt
0001927958,https://www.sec.gov/Archives/edgar/data/1927958/000116376825000005/form4-09172025_010919.xml,AIRO,"AIRO Group Holdings, Inc.",4,2025-09-16,76,,False,,,,,0001163768-25-000005,https://www.sec.gov/Archives/edgar/data/1927958/000116376825000005/0001163768-25-000005.txt
0001927958,https://www.sec.gov/Archives/edgar/data/1927958/000206002525000003/form4-09172025_010937.xml,AIRO,"AIRO Group Holdings, Inc.",4,2025-09-16,76,,False,,,,,0002060025-25-000003,https://www.sec.gov/Archives/edgar/data/1927958/000206002525000003/0002060025-25-000003.txt
0001927958,https://www.sec.gov/Archives/edgar/data/1927958/000148928925000006/form4-09172025_010944.xml,AIRO,"AIRO Group Holdings, Inc.",4,2025-09-16,76,,False,,,,,0001489289-25-000006,https://www.sec.gov/Archives/edgar/data/1927958/000148928925000006/0001489289-25-000006.txt
0001927958,https://www.sec.gov/Archives/edgar/data/1927958/000206003025000003/form4-09172025_010940.xml,AIRO,"AIRO Group Holdings, Inc.",4,2025-09-16,76,,False,,,,,0002060030-25-000003,https://www.sec.gov/Archives/edgar/data/1927958/000206003025000003/0002060030-25-000003.txt
0001927958,https://www.sec.gov/Archives/edgar/data/1927958/000148928925000005/form4a-09172025_010934.xml,AIRO,"AIRO Group Holdings, Inc.",4/A,2025-09-16,76,,False,,,,,0001489289-25-000005,https://www.sec.gov/Archives/edgar/data/1927958/000148928925000005/0001489289-25-000005.txt
0001927958,https://www.sec.gov/Archives/edgar/data/1927958/000141588925021030/form4a-08052025_040802.xml,AIRO,"AIRO Group Holdings, Inc.",4/A,2025-08-05,118,,False,,,,,0001415889-25-021030,https://www.sec.gov/Archives/edgar/data/1927958/000141588925021030/0001415889-25-021030.txt
0001927958,https://www.sec.gov/Archives/edgar/data/1927958/000149315225013119/form424b4.htm,AIRO,"AIRO Group Holdings, Inc.",424B4,2025-09-12,80,,False,,,,,0001493152-25-013119,https://www.sec.gov/Archives/edgar/data/1927958/000149315225013119/0001493152-25-013119.txt
0001927958,https://www.sec.gov/Archives/edgar/data/1927958/000164117225015147/form424b4.htm,AIRO,"AIRO Group Holdings, Inc.",424B4,2025-06-16,168,,False,,,,,0001641172-25-015147,https://www.sec.gov/Archives/edgar/data/1927958/000164117225015147/0001641172-25-015147.txt
0001927958,https://www.sec.gov/Archives/edgar/data/1927958/000149315225022504/form8-k.htm,AIRO,"AIRO Group Holdings, Inc.",8-K,2025-11-14,17,,False,,,,,0001493152-25-022504,https://www.sec.gov/Archives/edgar/data/1927958/000149315225022504/0001493152-25-022504.txt
0001927958,https://www.sec.gov/Archives/edgar/data/1927958/000149315225018456/form8-k.htm,AIRO,"AIRO Group Holdings, Inc.",8-K,2025-10-17,45,,False,,,,,0001493152-25-018456,https://www.sec.gov/Archives/edgar/data/1927958/000149315225018456/0001493152-25-018456.txt
0001927958,https://www.sec.gov/Archives/edgar/data/1927958/000149315225013029/form8-k.htm,AIRO,"AIRO Group Holdings, Inc.",8-K,2025-09-11,81,,False,,,,,0001493152-25-013029,https://www.sec.gov/Archives/edgar/data/1927958/000149315225013029/0001493152-25-013029.txt
0001927958,https://www.sec.gov/Archives/edgar/data/1927958/000164117225023703/form8-k.htm,AIRO,"AIRO Group Holdings, Inc.",8-K,2025-08-14,109,,False,,,,,0001641172-25-023703,https://www.sec.gov/Archives/edgar/data/1927958/000164117225023703/0001641172-25-023703.txt
0001927958,https://www.sec.gov/Archives/edgar/data/1927958/000164117225015243/form8-k.htm,AIRO,"AIRO Group Holdings, Inc.",8-K,2025-06-16,168,,False,,,,,0001641172-25-015243,https://www.sec.gov/Archives/edgar/data/1927958/000164117225015243/0001641172-25-015243.txt
0001927958,https://www.sec.gov/Archives/edgar/data/1927958/000164117225015306/forms-8.htm,AIRO,"AIRO Group Holdings, Inc.",S-8,2025-06-17,167,,False,,,,,0001641172-25-015306,https://www.sec.gov/Archives/edgar/data/1927958/000164117225015306/0001641172-25-015306.txt
0001870940,https://www.sec.gov/Archives/edgar/data/1870940/000187094025000008/airs-20241231.htm,AIRS,"Airsculpt Technologies, Inc.",10-K,2025-03-14,262,,False,,NO_PERIODS,no inferable periods,,0001870940-25-000008,https://www.sec.gov/Archives/edgar/data/1870940/000187094025000008/0001870940-25-000008.txt
0001870940,https://www.sec.gov/Archives/edgar/data/1870940/000187094025000040/airs-20250930.htm,AIRS,"Airsculpt Technologies, Inc.",10-Q,2025-11-07,24,,False,,NO_PERIODS,no inferable periods,,0001870940-25-000040,https://www.sec.gov/Archives/edgar/data/1870940/000187094025000040/0001870940-25-000040.txt
0001870940,https://www.sec.gov/Archives/edgar/data/1870940/000187094025000031/airs-20250630.htm,AIRS,"Airsculpt Technologies, Inc.",10-Q,2025-08-01,122,,False,,NO_PERIODS,no inferable periods,,0001870940-25-000031,https://www.sec.gov/Archives/edgar/data/1870940/000187094025000031/0001870940-25-000031.txt
0001870940,https://www.sec.gov/Archives/edgar/data/1870940/000110465925115401/tm2531999-1_3seq1.xml,AIRS,"Airsculpt Technologies, Inc.",3,2025-11-24,7,,False,,,,,0001104659-25-115401,https://www.sec.gov/Archives/edgar/data/1870940/000110465925115401/0001104659-25-115401.txt
0001870940,https://www.sec.gov/Archives/edgar/data/1870940/000110465925103868/tm2529789-1_4seq1.xml,AIRS,"Airsculpt Technologies, Inc.",4,2025-10-29,33,,False,,,,,0001104659-25-103868,https://www.sec.gov/Archives/edgar/data/1870940/000110465925103868/0001104659-25-103868.txt
0001870940,https://www.sec.gov/Archives/edgar/data/1870940/000110465925058584/tm2517772-1_4seq1.xml,AIRS,"Airsculpt Technologies, Inc.",4,2025-06-11,173,,False,,,,,0001104659-25-058584,https://www.sec.gov/Archives/edgar/data/1870940/000110465925058584/0001104659-25-058584.txt
0001870940,https://www.sec.gov/Archives/edgar/data/1870940/000110465925050994/tm2515718-1_4seq1.xml,AIRS,"Airsculpt Technologies, Inc.",4,2025-05-20,195,,False,,,,,0001104659-25-050994,https://www.sec.gov/Archives/edgar/data/1870940/000110465925050994/0001104659-25-050994.txt
0001870940,https://www.sec.gov/Archives/edgar/data/1870940/000110465925046312/tm2514541-3_4seq1.xml,AIRS,"Airsculpt Technologies, Inc.",4,2025-05-08,207,,False,,,,,0001104659-25-046312,https://www.sec.gov/Archives/edgar/data/1870940/000110465925046312/0001104659-25-046312.txt
0001870940,https://www.sec.gov/Archives/edgar/data/1870940/000110465925046311/tm2514541-2_4seq1.xml,AIRS,"Airsculpt Technologies, Inc.",4,2025-05-08,207,,False,,,,,0001104659-25-046311,https://www.sec.gov/Archives/edgar/data/1870940/000110465925046311/0001104659-25-046311.txt
0001870940,https://www.sec.gov/Archives/edgar/data/1870940/000110465925046310/tm2514541-1_4seq1.xml,AIRS,"Airsculpt Technologies, Inc.",4,2025-05-08,207,,False,,,,,0001104659-25-046310,https://www.sec.gov/Archives/edgar/data/1870940/000110465925046310/0001104659-25-046310.txt
0001870940,https://www.sec.gov/Archives/edgar/data/1870940/000110465925045657/tm2514387-1_4seq1.xml,AIRS,"Airsculpt Technologies, Inc.",4,2025-05-07,208,,False,,,,,0001104659-25-045657,https://www.sec.gov/Archives/edgar/data/1870940/000110465925045657/0001104659-25-045657.txt
0001870940,https://www.sec.gov/Archives/edgar/data/1870940/000110465925058250/tm2517248-2_424b5.htm,AIRS,"Airsculpt Technologies, Inc.",424B5,2025-06-11,173,,False,,,,,0001104659-25-058250,https://www.sec.gov/Archives/edgar/data/1870940/000110465925058250/0001104659-25-058250.txt
0001870940,https://www.sec.gov/Archives/edgar/data/1870940/000110465925057889/tm2517248-1_424b5.htm,AIRS,"Airsculpt Technologies, Inc.",424B5,2025-06-09,175,,False,,,,,0001104659-25-057889,https://www.sec.gov/Archives/edgar/data/1870940/000110465925057889/0001104659-25-057889.txt
0001870940,https://www.sec.gov/Archives/edgar/data/1870940/000110465925113294/tm2531412d1_8k.htm,AIRS,"Airsculpt Technologies, Inc.",8-K,2025-11-18,13,,False,,,,,0001104659-25-113294,https://www.sec.gov/Archives/edgar/data/1870940/000110465925113294/0001104659-25-113294.txt
0001870940,https://www.sec.gov/Archives/edgar/data/1870940/000187094025000037/airs-20251107.htm,AIRS,"Airsculpt Technologies, Inc.",8-K,2025-11-07,24,,False,,,,,0001870940-25-000037,https://www.sec.gov/Archives/edgar/data/1870940/000187094025000037/0001870940-25-000037.txt
0001870940,https://www.sec.gov/Archives/edgar/data/1870940/000110465925106710/tm2530294d1_8k.htm,AIRS,"Airsculpt Technologies, Inc.",8-K,2025-11-05,26,,False,,,,,0001104659-25-106710,https://www.sec.gov/Archives/edgar/data/1870940/000110465925106710/0001104659-25-106710.txt
0001870940,https://www.sec.gov/Archives/edgar/data/1870940/000187094025000029/airs-20250801.htm,AIRS,"Airsculpt Technologies, Inc.",8-K,2025-08-01,122,,False,,,,,0001870940-25-000029,https://www.sec.gov/Archives/edgar/data/1870940/000187094025000029/0001870940-25-000029.txt
0001870940,https://www.sec.gov/Archives/edgar/data/1870940/000187094025000028/airs-20250801.htm,AIRS,"Airsculpt Technologies, Inc.",8-K,2025-08-01,122,,False,,,,,0001870940-25-000028,https://www.sec.gov/Archives/edgar/data/1870940/000187094025000028/0001870940-25-000028.txt
0001870940,https://www.sec.gov/Archives/edgar/data/1870940/000110465925058544/tm2517716d1_8k.htm,AIRS,"Airsculpt Technologies, Inc.",8-K,2025-06-11,173,,False,,,,,0001104659-25-058544,https://www.sec.gov/Archives/edgar/data/1870940/000110465925058544/0001104659-25-058544.txt
0001870940,https://www.sec.gov/Archives/edgar/data/1870940/000187094025000023/airs-20250507.htm,AIRS,"Airsculpt Technologies, Inc.",8-K,2025-05-08,207,,False,,,,,0001870940-25-000023,https://www.sec.gov/Archives/edgar/data/1870940/000187094025000023/0001870940-25-000023.txt
0001870940,https://www.sec.gov/Archives/edgar/data/1870940/000187094025000019/airs-20250502.htm,AIRS,"Airsculpt Technologies, Inc.",8-K,2025-05-02,213,,False,,,,,0001870940-25-000019,https://www.sec.gov/Archives/edgar/data/1870940/000187094025000019/0001870940-25-000019.txt
0001870940,https://www.sec.gov/Archives/edgar/data/1870940/000187094025000003/airs-20250314.htm,AIRS,"Airsculpt Technologies, Inc.",8-K,2025-03-14,262,,False,,,,,0001870940-25-000003,https://www.sec.gov/Archives/edgar/data/1870940/000187094025000003/0001870940-25-000003.txt
0001870940,https://www.sec.gov/Archives/edgar/data/1870940/000110465925002837/tm253016d1_8k.htm,AIRS,"Airsculpt Technologies, Inc.",8-K,2025-01-13,322,,False,,,,,0001104659-25-002837,https://www.sec.gov/Archives/edgar/data/1870940/000110465925002837/0001104659-25-002837.txt
0001870940,https://www.sec.gov/Archives/edgar/data/1870940/000110465925023971/tm258801-1_s3.htm,AIRS,"Airsculpt Technologies, Inc.",S-3,2025-03-14,262,,False,,,,,0001104659-25-023971,https://www.sec.gov/Archives/edgar/data/1870940/000110465925023971/0001104659-25-023971.txt
0001842566,https://www.sec.gov/Archives/edgar/data/1842566/000165495425002607/airsp_10ka.htm,AISP,"Airship AI Holdings, Inc.",10-K/A,2025-03-11,265,,False,,NO_CASHFLOW,cashflow statement missing,,0001654954-25-002607,https://www.sec.gov/Archives/edgar/data/1842566/000165495425002607/0001654954-25-002607.txt
0001842566,https://www.sec.gov/Archives/edgar/data/1842566/000116169725000382/form_4.xml,AISP,"Airship AI Holdings, Inc.",4,2025-11-24,7,,False,,,,,0001161697-25-000382,https://www.sec.gov/Archives/edgar/data/1842566/000116169725000382/0001161697-25-000382.txt
0001842566,https://www.sec.gov/Archives/edgar/data/1842566/000116169725000378/form_4.xml,AISP,"Airship AI Holdings, Inc.",4,2025-11-20,11,,False,,,,,0001161697-25-000378,https://www.sec.gov/Archives/edgar/data/1842566/000116169725000378/0001161697-25-000378.txt
0001842566,https://www.sec.gov/Archives/edgar/data/1842566/000116169725000376/form_4.xml,AISP,"Airship AI Holdings, Inc.",4,2025-11-19,12,,False,,,,,0001161697-25-000376,https://www.sec.gov/Archives/edgar/data/1842566/000116169725000376/0001161697-25-000376.txt
0001842566,https://www.sec.gov/Archives/edgar/data/1842566/000116169725000325/form_4.xml,AISP,"Airship AI Holdings, Inc.",4,2025-09-23,69,,False,,,,,0001161697-25-000325,https://www.sec.gov/Archives/edgar/data/1842566/000116169725000325/0001161697-25-000325.txt
0001842566,https://www.sec.gov/Archives/edgar/data/1842566/000116169725000322/form_4.xml,AISP,"Airship AI Holdings, Inc.",4,2025-09-12,80,,False,,,,,0001161697-25-000322,https://www.sec.gov/Archives/edgar/data/1842566/000116169725000322/0001161697-25-000322.txt
0001842566,https://www.sec.gov/Archives/edgar/data/1842566/000116169725000306/form_4.xml,AISP,"Airship AI Holdings, Inc.",4,2025-09-04,88,,False,,,,,0001161697-25-000306,https://www.sec.gov/Archives/edgar/data/1842566/000116169725000306/0001161697-25-000306.txt
0001842566,https://www.sec.gov/Archives/edgar/data/1842566/000116169725000346/form_4.xml,AISP,"Airship AI Holdings, Inc.",4/A,2025-10-06,56,,False,,,,,0001161697-25-000346,https://www.sec.gov/Archives/edgar/data/1842566/000116169725000346/0001161697-25-000346.txt
0001842566,https://www.sec.gov/Archives/edgar/data/1842566/000116169725000344/form_4.xml,AISP,"Airship AI Holdings, Inc.",4/A,2025-10-06,56,,False,,,,,0001161697-25-000344,https://www.sec.gov/Archives/edgar/data/1842566/000116169725000344/0001161697-25-000344.txt
0001842566,https://www.sec.gov/Archives/edgar/data/1842566/000116169725000342/form_4.xml,AISP,"Airship AI Holdings, Inc.",4/A,2025-10-06,56,,False,,,,,0001161697-25-000342,https://www.sec.gov/Archives/edgar/data/1842566/000116169725000342/0001161697-25-000342.txt
0001842566,https://www.sec.gov/Archives/edgar/data/1842566/000165495425013300/airsp_424b3.htm,AISP,"Airship AI Holdings, Inc.",424B3,2025-11-19,12,,False,,,,,0001654954-25-013300,https://www.sec.gov/Archives/edgar/data/1842566/000165495425013300/0001654954-25-013300.txt
0001842566,https://www.sec.gov/Archives/edgar/data/1842566/000165495425003986/airsp_424b3.htm,AISP,"Airship AI Holdings, Inc.",424B3,2025-04-08,237,,False,,,,,0001654954-25-003986,https://www.sec.gov/Archives/edgar/data/1842566/000165495425003986/0001654954-25-003986.txt
0001842566,https://www.sec.gov/Archives/edgar/data/1842566/000165495425001093/airsp_424b3.htm,AISP,"Airship AI Holdings, Inc.",424B3,2025-02-03,301,,False,,,,,0001654954-25-001093,https://www.sec.gov/Archives/edgar/data/1842566/000165495425001093/0001654954-25-001093.txt
0001842566,https://www.sec.gov/Archives/edgar/data/1842566/000165495424014837/airsp_424b3.htm,AISP,"Airship AI Holdings, Inc.",424B3,2024-11-22,374,,False,,,,,0001654954-24-014837,https://www.sec.gov/Archives/edgar/data/1842566/000165495424014837/0001654954-24-014837.txt
0001842566,https://www.sec.gov/Archives/edgar/data/1842566/000165495424014707/airsp_424b3.htm,AISP,"Airship AI Holdings, Inc.",424B3,2024-11-20,376,,False,,,,,0001654954-24-014707,https://www.sec.gov/Archives/edgar/data/1842566/000165495424014707/0001654954-24-014707.txt
0001842566,https://www.sec.gov/Archives/edgar/data/1842566/000165495425004574/airsp_424b5.htm,AISP,"Airship AI Holdings, Inc.",424B5,2025-04-23,222,,False,,,,,0001654954-25-004574,https://www.sec.gov/Archives/edgar/data/1842566/000165495425004574/0001654954-25-004574.txt
0001842566,https://www.sec.gov/Archives/edgar/data/1842566/000165495425013123/airsp_8k.htm,AISP,"Airship AI Holdings, Inc.",8-K,2025-11-17,14,,False,,,,,0001654954-25-013123,https://www.sec.gov/Archives/edgar/data/1842566/000165495425013123/0001654954-25-013123.txt
0001842566,https://www.sec.gov/Archives/edgar/data/1842566/000165495425011611/airsp_8k.htm,AISP,"Airship AI Holdings, Inc.",8-K,2025-10-09,53,,False,,,,,0001654954-25-011611,https://www.sec.gov/Archives/edgar/data/1842566/000165495425011611/0001654954-25-011611.txt
0001842566,https://www.sec.gov/Archives/edgar/data/1842566/000165495425008859/airsp_8k.htm,AISP,"Airship AI Holdings, Inc.",8-K,2025-08-01,122,,False,,,,,0001654954-25-008859,https://www.sec.gov/Archives/edgar/data/1842566/000165495425008859/0001654954-25-008859.txt
0001842566,https://www.sec.gov/Archives/edgar/data/1842566/000165495425005757/airsp_8k.htm,AISP,"Airship AI Holdings, Inc.",8-K,2025-05-15,200,,False,,,,,0001654954-25-005757,https://www.sec.gov/Archives/edgar/data/1842566/000165495425005757/0001654954-25-005757.txt
0001842566,https://www.sec.gov/Archives/edgar/data/1842566/000165495425004573/airsp_8k.htm,AISP,"Airship AI Holdings, Inc.",8-K,2025-04-23,222,,False,,,,,0001654954-25-004573,https://www.sec.gov/Archives/edgar/data/1842566/000165495425004573/0001654954-25-004573.txt
0001842566,https://www.sec.gov/Archives/edgar/data/1842566/000165495425002466/airsp_8k.htm,AISP,"Airship AI Holdings, Inc.",8-K,2025-03-07,269,,False,,,,,0001654954-25-002466,https://www.sec.gov/Archives/edgar/data/1842566/000165495425002466/0001654954-25-002466.txt
0001842566,https://www.sec.gov/Archives/edgar/data/1842566/000165495424016010/airsp_8k.htm,AISP,"Airship AI Holdings, Inc.",8-K,2024-12-31,335,,False,,,,,0001654954-24-016010,https://www.sec.gov/Archives/edgar/data/1842566/000165495424016010/0001654954-24-016010.txt
0001842566,https://www.sec.gov/Archives/edgar/data/1842566/000165495424015876/airsp_8k.htm,AISP,"Airship AI Holdings, Inc.",8-K,2024-12-26,340,,False,,,,,0001654954-24-015876,https://www.sec.gov/Archives/edgar/data/1842566/000165495424015876/0001654954-24-015876.txt
0001842566,https://www.sec.gov/Archives/edgar/data/1842566/000165495424015623/airsp_8k.htm,AISP,"Airship AI Holdings, Inc.",8-K,2024-12-16,350,,False,,,,,0001654954-24-015623,https://www.sec.gov/Archives/edgar/data/1842566/000165495424015623/0001654954-24-015623.txt
0001842566,https://www.sec.gov/Archives/edgar/data/1842566/000165495424014706/airsp_8k.htm,AISP,"Airship AI Holdings, Inc.",8-K,2024-11-20,376,,False,,,,,0001654954-24-014706,https://www.sec.gov/Archives/edgar/data/1842566/000165495424014706/0001654954-24-014706.txt
0001842566,https://www.sec.gov/Archives/edgar/data/1842566/000165495425012293/airsp_s3.htm,AISP,"Airship AI Holdings, Inc.",S-3,2025-10-28,34,,False,,,,,0001654954-25-012293,https://www.sec.gov/Archives/edgar/data/1842566/000165495425012293/0001654954-25-012293.txt
0001842566,https://www.sec.gov/Archives/edgar/data/1842566/000165495425002555/airsp_s3.htm,AISP,"Airship AI Holdings, Inc.",S-3,2025-03-10,266,,False,,,,,0001654954-25-002555,https://www.sec.gov/Archives/edgar/data/1842566/000165495425002555/0001654954-25-002555.txt
0001842566,https://www.sec.gov/Archives/edgar/data/1842566/000165495425000687/airsp_s3.htm,AISP,"Airship AI Holdings, Inc.",S-3,2025-01-23,312,,False,,,,,0001654954-25-000687,https://www.sec.gov/Archives/edgar/data/1842566/000165495425000687/0001654954-25-000687.txt
0001393584,https://www.sec.gov/Archives/edgar/data/1393584/000119312525230334/ownership.xml,AMWL,American Well Corp,4,2025-10-03,59,,False,,,,,0001193125-25-230334,https://www.sec.gov/Archives/edgar/data/1393584/000119312525230334/0001193125-25-230334.txt
0001393584,https://www.sec.gov/Archives/edgar/data/1393584/000119312525230332/ownership.xml,AMWL,American Well Corp,4,2025-10-03,59,,False,,,,,0001193125-25-230332,https://www.sec.gov/Archives/edgar/data/1393584/000119312525230332/0001193125-25-230332.txt
0001393584,https://www.sec.gov/Archives/edgar/data/1393584/000119312525206382/ownership.xml,AMWL,American Well Corp,4,2025-09-17,75,,False,,,,,0001193125-25-206382,https://www.sec.gov/Archives/edgar/data/1393584/000119312525206382/0001193125-25-206382.txt
0001393584,https://www.sec.gov/Archives/edgar/data/1393584/000205964325000007/ownership.xml,AMWL,American Well Corp,4,2025-09-04,88,,False,,,,,0002059643-25-000007,https://www.sec.gov/Archives/edgar/data/1393584/000205964325000007/0002059643-25-000007.txt
0001393584,https://www.sec.gov/Archives/edgar/data/1393584/000144705725000004/ownership.xml,AMWL,American Well Corp,4,2025-09-04,88,,False,,,,,0001447057-25-000004,https://www.sec.gov/Archives/edgar/data/1393584/000144705725000004/0001447057-25-000004.txt
0001393584,https://www.sec.gov/Archives/edgar/data/1393584/000182403825000005/ownership.xml,AMWL,American Well Corp,4,2025-09-04,88,,False,,,,,0001824038-25-000005,https://www.sec.gov/Archives/edgar/data/1393584/000182403825000005/0001824038-25-000005.txt
0001393584,https://www.sec.gov/Archives/edgar/data/1393584/000171402525000005/ownership.xml,AMWL,American Well Corp,4,2025-09-04,88,,False,,,,,0001714025-25-000005,https://www.sec.gov/Archives/edgar/data/1393584/000171402525000005/0001714025-25-000005.txt
0001393584,https://www.sec.gov/Archives/edgar/data/1393584/000095017025110720/ownership.xml,AMWL,American Well Corp,4,2025-08-21,102,,False,,,,,0000950170-25-110720,https://www.sec.gov/Archives/edgar/data/1393584/000095017025110720/0000950170-25-110720.txt
0001393584,https://www.sec.gov/Archives/edgar/data/1393584/000095017025108989/ownership.xml,AMWL,American Well Corp,4,2025-08-14,109,,False,,,,,0000950170-25-108989,https://www.sec.gov/Archives/edgar/data/1393584/000095017025108989/0000950170-25-108989.txt
0001393584,https://www.sec.gov/Archives/edgar/data/1393584/000095017025108988/ownership.xml,AMWL,American Well Corp,4,2025-08-14,109,,False,,,,,0000950170-25-108988,https://www.sec.gov/Archives/edgar/data/1393584/000095017025108988/0000950170-25-108988.txt
0001393584,https://www.sec.gov/Archives/edgar/data/1393584/000119312525264710/amwl-20251104.htm,AMWL,American Well Corp,8-K,2025-11-04,27,,False,,,,,0001193125-25-264710,https://www.sec.gov/Archives/edgar/data/1393584/000119312525264710/0001193125-25-264710.txt
0001393584,https://www.sec.gov/Archives/edgar/data/1393584/000095017025103029/amwl-20250805.htm,AMWL,American Well Corp,8-K,2025-08-05,118,,False,,,,,0000950170-25-103029,https://www.sec.gov/Archives/edgar/data/1393584/000095017025103029/0000950170-25-103029.txt
0001393584,https://www.sec.gov/Archives/edgar/data/1393584/000095017025087478/amwl-20250611.htm,AMWL,American Well Corp,8-K,2025-06-17,167,,False,,,,,0000950170-25-087478,https://www.sec.gov/Archives/edgar/data/1393584/000095017025087478/0000950170-25-087478.txt
0001393584,https://www.sec.gov/Archives/edgar/data/1393584/000095017025061838/amwl-20250501.htm,AMWL,American Well Corp,8-K,2025-05-01,214,,False,,,,,0000950170-25-061838,https://www.sec.gov/Archives/edgar/data/1393584/000095017025061838/0000950170-25-061838.txt
0001393584,https://www.sec.gov/Archives/edgar/data/1393584/000095017025030996/amwl-20250225.htm,AMWL,American Well Corp,8-K,2025-03-03,273,,False,,,,,0000950170-25-030996,https://www.sec.gov/Archives/edgar/data/1393584/000095017025030996/0000950170-25-030996.txt
0001393584,https://www.sec.gov/Archives/edgar/data/1393584/000095017025018843/amwl-20250212.htm,AMWL,American Well Corp,8-K,2025-02-12,292,,False,,,,,0000950170-25-018843,https://www.sec.gov/Archives/edgar/data/1393584/000095017025018843/0000950170-25-018843.txt
0001393584,https://www.sec.gov/Archives/edgar/data/1393584/000095017025004254/amwl-20250108.htm,AMWL,American Well Corp,8-K,2025-01-10,325,,False,,,,,0000950170-25-004254,https://www.sec.gov/Archives/edgar/data/1393584/000095017025004254/0000950170-25-004254.txt
0001393584,https://www.sec.gov/Archives/edgar/data/1393584/000095017024137929/amwl-20241217.htm,AMWL,American Well Corp,8-K,2024-12-18,348,,False,,,,,0000950170-24-137929,https://www.sec.gov/Archives/edgar/data/1393584/000095017024137929/0000950170-24-137929.txt
0001393584,https://www.sec.gov/Archives/edgar/data/1393584/000095017024119621/amwl-20241025.htm,AMWL,American Well Corp,8-K,2024-10-31,396,,False,,,,,0000950170-24-119621,https://www.sec.gov/Archives/edgar/data/1393584/000095017024119621/0000950170-24-119621.txt
0001393584,https://www.sec.gov/Archives/edgar/data/1393584/000095017024118987/amwl-20241030.htm,AMWL,American Well Corp,8-K,2024-10-30,397,,False,,,,,0000950170-24-118987,https://www.sec.gov/Archives/edgar/data/1393584/000095017024118987/0000950170-24-118987.txt
0001393584,https://www.sec.gov/Archives/edgar/data/1393584/000095010325002746/dp225482_s8.htm,AMWL,American Well Corp,S-8,2025-02-28,276,,False,,,,,0000950103-25-002746,https://www.sec.gov/Archives/edgar/data/1393584/000095010325002746/0000950103-25-002746.txt
0001393584,https://www.sec.gov/Archives/edgar/data/1393584/000095010324015853/dp220265_s8.htm,AMWL,American Well Corp,S-8,2024-11-04,392,,False,,,,,0000950103-24-015853,https://www.sec.gov/Archives/edgar/data/1393584/000095010324015853/0000950103-24-015853.txt
0001590715,https://www.sec.gov/Archives/edgar/data/1590715/000147793225008080/form4.xml,AREC,American Resources Corp,4,2025-11-12,19,,False,,,,,0001477932-25-008080,https://www.sec.gov/Archives/edgar/data/1590715/000147793225008080/0001477932-25-008080.txt
0001590715,https://www.sec.gov/Archives/edgar/data/1590715/000147793225008078/form4.xml,AREC,American Resources Corp,4,2025-11-12,19,,False,,,,,0001477932-25-008078,https://www.sec.gov/Archives/edgar/data/1590715/000147793225008078/0001477932-25-008078.txt
0001590715,https://www.sec.gov/Archives/edgar/data/1590715/000147793225008076/form4.xml,AREC,American Resources Corp,4,2025-11-12,19,,False,,,,,0001477932-25-008076,https://www.sec.gov/Archives/edgar/data/1590715/000147793225008076/0001477932-25-008076.txt
0001590715,https://www.sec.gov/Archives/edgar/data/1590715/000147793225008074/form4.xml,AREC,American Resources Corp,4,2025-11-12,19,,False,,,,,0001477932-25-008074,https://www.sec.gov/Archives/edgar/data/1590715/000147793225008074/0001477932-25-008074.txt
0001590715,https://www.sec.gov/Archives/edgar/data/1590715/000147793225008072/form4.xml,AREC,American Resources Corp,4,2025-11-12,19,,False,,,,,0001477932-25-008072,https://www.sec.gov/Archives/edgar/data/1590715/000147793225008072/0001477932-25-008072.txt
0001590715,https://www.sec.gov/Archives/edgar/data/1590715/000147793225007938/form4.xml,AREC,American Resources Corp,4,2025-11-06,25,,False,,,,,0001477932-25-007938,https://www.sec.gov/Archives/edgar/data/1590715/000147793225007938/0001477932-25-007938.txt
0001590715,https://www.sec.gov/Archives/edgar/data/1590715/000147793225007937/form4.xml,AREC,American Resources Corp,4,2025-11-06,25,,False,,,,,0001477932-25-007937,https://www.sec.gov/Archives/edgar/data/1590715/000147793225007937/0001477932-25-007937.txt
0001590715,https://www.sec.gov/Archives/edgar/data/1590715/000147793225007694/form4.xml,AREC,American Resources Corp,4,2025-10-22,40,,False,,,,,0001477932-25-007694,https://www.sec.gov/Archives/edgar/data/1590715/000147793225007694/0001477932-25-007694.txt
0001590715,https://www.sec.gov/Archives/edgar/data/1590715/000147793225007693/form4.xml,AREC,American Resources Corp,4,2025-10-22,40,,False,,,,,0001477932-25-007693,https://www.sec.gov/Archives/edgar/data/1590715/000147793225007693/0001477932-25-007693.txt
0001590715,https://www.sec.gov/Archives/edgar/data/1590715/000147793225008433/arec_434b3.htm,AREC,American Resources Corp,424B3,2025-11-18,13,,False,,,,,0001477932-25-008433,https://www.sec.gov/Archives/edgar/data/1590715/000147793225008433/0001477932-25-008433.txt
0001590715,https://www.sec.gov/Archives/edgar/data/1590715/000147793225008556/arec_8k.htm,AREC,American Resources Corp,8-K,2025-11-21,10,,False,,,,,0001477932-25-008556,https://www.sec.gov/Archives/edgar/data/1590715/000147793225008556/0001477932-25-008556.txt
0001590715,https://www.sec.gov/Archives/edgar/data/1590715/000165495425012526/arec_8k.htm,AREC,American Resources Corp,8-K,2025-11-03,28,,False,,,,,0001654954-25-012526,https://www.sec.gov/Archives/edgar/data/1590715/000165495425012526/0001654954-25-012526.txt
0001590715,https://www.sec.gov/Archives/edgar/data/1590715/000165495425011908/arec_8k.htm,AREC,American Resources Corp,8-K,2025-10-17,45,,False,,,,,0001654954-25-011908,https://www.sec.gov/Archives/edgar/data/1590715/000165495425011908/0001654954-25-011908.txt
0001590715,https://www.sec.gov/Archives/edgar/data/1590715/000165495425011720/arec_8k.htm,AREC,American Resources Corp,8-K,2025-10-14,48,,False,,,,,0001654954-25-011720,https://www.sec.gov/Archives/edgar/data/1590715/000165495425011720/0001654954-25-011720.txt
0001590715,https://www.sec.gov/Archives/edgar/data/1590715/000165495425008546/arec_8k.htm,AREC,American Resources Corp,8-K,2025-07-28,126,,False,,,,,0001654954-25-008546,https://www.sec.gov/Archives/edgar/data/1590715/000165495425008546/0001654954-25-008546.txt
0001590715,https://www.sec.gov/Archives/edgar/data/1590715/000165495425006338/arec_8k.htm,AREC,American Resources Corp,8-K,2025-05-30,185,,False,,,,,0001654954-25-006338,https://www.sec.gov/Archives/edgar/data/1590715/000165495425006338/0001654954-25-006338.txt
0001590715,https://www.sec.gov/Archives/edgar/data/1590715/000147793225003173/arec_8k.htm,AREC,American Resources Corp,8-K,2025-05-01,214,,False,,,,,0001477932-25-003173,https://www.sec.gov/Archives/edgar/data/1590715/000147793225003173/0001477932-25-003173.txt
0001590715,https://www.sec.gov/Archives/edgar/data/1590715/000165495425001856/arec_8k.htm,AREC,American Resources Corp,8-K,2025-02-24,280,,False,,,,,0001654954-25-001856,https://www.sec.gov/Archives/edgar/data/1590715/000165495425001856/0001654954-25-001856.txt
0001590715,https://www.sec.gov/Archives/edgar/data/1590715/000165495425001102/arec_8k.htm,AREC,American Resources Corp,8-K,2025-02-04,300,,False,,,,,0001654954-25-001102,https://www.sec.gov/Archives/edgar/data/1590715/000165495425001102/0001654954-25-001102.txt
0001590715,https://www.sec.gov/Archives/edgar/data/1590715/000165495425000116/arec_8k.htm,AREC,American Resources Corp,8-K,2025-01-06,329,,False,,,,,0001654954-25-000116,https://www.sec.gov/Archives/edgar/data/1590715/000165495425000116/0001654954-25-000116.txt
0001590715,https://www.sec.gov/Archives/edgar/data/1590715/000165495425011782/arec_8ka.htm,AREC,American Resources Corp,8-K/A,2025-10-15,47,,False,,,,,0001654954-25-011782,https://www.sec.gov/Archives/edgar/data/1590715/000165495425011782/0001654954-25-011782.txt
0001145986,https://www.sec.gov/Archives/edgar/data/1145986/000095017025029252/aspn-20241231.htm,ASPN,ASPEN AEROGELS INC,10-K,2025-02-27,277,,False,,NO_PERIODS,no inferable periods,,0000950170-25-029252,https://www.sec.gov/Archives/edgar/data/1145986/000095017025029252/0000950170-25-029252.txt
0001145986,https://www.sec.gov/Archives/edgar/data/1145986/000119312525270038/aspn-20250930.htm,ASPN,ASPEN AEROGELS INC,10-Q,2025-11-06,25,,False,,NO_PERIODS,no inferable periods,,0001193125-25-270038,https://www.sec.gov/Archives/edgar/data/1145986/000119312525270038/0001193125-25-270038.txt
0001145986,https://www.sec.gov/Archives/edgar/data/1145986/000119312525175489/aspn-20250630.htm,ASPN,ASPEN AEROGELS INC,10-Q,2025-08-07,116,,False,,NO_PERIODS,no inferable periods,,0001193125-25-175489,https://www.sec.gov/Archives/edgar/data/1145986/000119312525175489/0001193125-25-175489.txt
0001145986,https://www.sec.gov/Archives/edgar/data/1145986/000119312525228693/ownership.xml,ASPN,ASPEN AEROGELS INC,3,2025-10-02,60,,False,,,,,0001193125-25-228693,https://www.sec.gov/Archives/edgar/data/1145986/000119312525228693/0001193125-25-228693.txt
0001145986,https://www.sec.gov/Archives/edgar/data/1145986/000119312525217809/ownership.xml,ASPN,ASPEN AEROGELS INC,3,2025-09-25,67,,False,,,,,0001193125-25-217809,https://www.sec.gov/Archives/edgar/data/1145986/000119312525217809/0001193125-25-217809.txt
0001145986,https://www.sec.gov/Archives/edgar/data/1145986/000119312525283251/ownership.xml,ASPN,ASPEN AEROGELS INC,4,2025-11-14,17,,False,,,,,0001193125-25-283251,https://www.sec.gov/Archives/edgar/data/1145986/000119312525283251/0001193125-25-283251.txt
0001145986,https://www.sec.gov/Archives/edgar/data/1145986/000119312525230376/ownership.xml,ASPN,ASPEN AEROGELS INC,4,2025-10-03,59,,False,,,,,0001193125-25-230376,https://www.sec.gov/Archives/edgar/data/1145986/000119312525230376/0001193125-25-230376.txt
0001145986,https://www.sec.gov/Archives/edgar/data/1145986/000119312525228698/ownership.xml,ASPN,ASPEN AEROGELS INC,4,2025-10-02,60,,False,,,,,0001193125-25-228698,https://www.sec.gov/Archives/edgar/data/1145986/000119312525228698/0001193125-25-228698.txt
0001145986,https://www.sec.gov/Archives/edgar/data/1145986/000119312525203735/ownership.xml,ASPN,ASPEN AEROGELS INC,4,2025-09-15,77,,False,,,,,0001193125-25-203735,https://www.sec.gov/Archives/edgar/data/1145986/000119312525203735/0001193125-25-203735.txt
0001145986,https://www.sec.gov/Archives/edgar/data/1145986/000095017025113594/ownership.xml,ASPN,ASPEN AEROGELS INC,4,2025-09-08,84,,False,,,,,0000950170-25-113594,https://www.sec.gov/Archives/edgar/data/1145986/000095017025113594/0000950170-25-113594.txt
0001145986,https://www.sec.gov/Archives/edgar/data/1145986/000095017025108149/ownership.xml,ASPN,ASPEN AEROGELS INC,4,2025-08-13,110,,False,,,,,0000950170-25-108149,https://www.sec.gov/Archives/edgar/data/1145986/000095017025108149/0000950170-25-108149.txt
0001145986,https://www.sec.gov/Archives/edgar/data/1145986/000095017025077611/ownership.xml,ASPN,ASPEN AEROGELS INC,4,2025-05-27,188,,False,,,,,0000950170-25-077611,https://www.sec.gov/Archives/edgar/data/1145986/000095017025077611/0000950170-25-077611.txt
0001145986,https://www.sec.gov/Archives/edgar/data/1145986/000095017025069636/ownership.xml,ASPN,ASPEN AEROGELS INC,4,2025-05-12,203,,False,,,,,0000950170-25-069636,https://www.sec.gov/Archives/edgar/data/1145986/000095017025069636/0000950170-25-069636.txt
0001145986,https://www.sec.gov/Archives/edgar/data/1145986/000117184325007067/f8k_110625.htm,ASPN,ASPEN AEROGELS INC,8-K,2025-11-06,25,,False,,,,,0001171843-25-007067,https://www.sec.gov/Archives/edgar/data/1145986/000117184325007067/0001171843-25-007067.txt
0001145986,https://www.sec.gov/Archives/edgar/data/1145986/000119312525201332/aspn-20250905.htm,ASPN,ASPEN AEROGELS INC,8-K,2025-09-11,81,,False,,,,,0001193125-25-201332,https://www.sec.gov/Archives/edgar/data/1145986/000119312525201332/0001193125-25-201332.txt
0001145986,https://www.sec.gov/Archives/edgar/data/1145986/000117184325005147/f8k_080725.htm,ASPN,ASPEN AEROGELS INC,8-K,2025-08-07,116,,False,,,,,0001171843-25-005147,https://www.sec.gov/Archives/edgar/data/1145986/000117184325005147/0001171843-25-005147.txt
0001145986,https://www.sec.gov/Archives/edgar/data/1145986/000117184325002948/f8k_050825.htm,ASPN,ASPEN AEROGELS INC,8-K,2025-05-08,207,,False,,,,,0001171843-25-002948,https://www.sec.gov/Archives/edgar/data/1145986/000117184325002948/0001171843-25-002948.txt
0001145986,https://www.sec.gov/Archives/edgar/data/1145986/000095017025061852/aspn-20250430.htm,ASPN,ASPEN AEROGELS INC,8-K,2025-05-01,214,,False,,,,,0000950170-25-061852,https://www.sec.gov/Archives/edgar/data/1145986/000095017025061852/0000950170-25-061852.txt
0001145986,https://www.sec.gov/Archives/edgar/data/1145986/000095017025035506/aspn-20250304.htm,ASPN,ASPEN AEROGELS INC,8-K,2025-03-07,269,,False,,,,,0000950170-25-035506,https://www.sec.gov/Archives/edgar/data/1145986/000095017025035506/0000950170-25-035506.txt
0001145986,https://www.sec.gov/Archives/edgar/data/1145986/000095017025034656/aspn-20250304.htm,ASPN,ASPEN AEROGELS INC,8-K,2025-03-06,270,,False,,,,,0000950170-25-034656,https://www.sec.gov/Archives/edgar/data/1145986/000095017025034656/0000950170-25-034656.txt
0001145986,https://www.sec.gov/Archives/edgar/data/1145986/000117184325000772/f8k_021225.htm,ASPN,ASPEN AEROGELS INC,8-K,2025-02-12,292,,False,,,,,0001171843-25-000772,https://www.sec.gov/Archives/edgar/data/1145986/000117184325000772/0001171843-25-000772.txt
0001145986,https://www.sec.gov/Archives/edgar/data/1145986/000095017024128314/aspn-20241114.htm,ASPN,ASPEN AEROGELS INC,8-K,2024-11-19,377,,False,,,,,0000950170-24-128314,https://www.sec.gov/Archives/edgar/data/1145986/000095017024128314/0000950170-24-128314.txt
0001145986,https://www.sec.gov/Archives/edgar/data/1145986/000117184324006061/f8k_110624.htm,ASPN,ASPEN AEROGELS INC,8-K,2024-11-06,390,,False,,,,,0001171843-24-006061,https://www.sec.gov/Archives/edgar/data/1145986/000117184324006061/0001171843-24-006061.txt
0001145986,https://www.sec.gov/Archives/edgar/data/1145986/000110465925046225/tm2513955d2_s8.htm,ASPN,ASPEN AEROGELS INC,S-8,2025-05-08,207,,False,,,,,0001104659-25-046225,https://www.sec.gov/Archives/edgar/data/1145986/000110465925046225/0001104659-25-046225.txt
0001145986,https://www.sec.gov/Archives/edgar/data/1145986/000110465925046221/tm2513955d1_s8.htm,ASPN,ASPEN AEROGELS INC,S-8,2025-05-08,207,,False,,,,,0001104659-25-046221,https://www.sec.gov/Archives/edgar/data/1145986/000110465925046221/0001104659-25-046221.txt
0000720500,https://www.sec.gov/Archives/edgar/data/720500/000095017024135825/asys-20240930.htm,ASYS,AMTECH SYSTEMS INC,10-K,2024-12-12,354,,False,,NO_PERIODS,no inferable periods,,0000950170-24-135825,https://www.sec.gov/Archives/edgar/data/720500/000095017024135825/0000950170-24-135825.txt
0000720500,https://www.sec.gov/Archives/edgar/data/720500/000095017025104002/asys-20250630.htm,ASYS,AMTECH SYSTEMS INC,10-Q,2025-08-06,117,,False,,NO_PERIODS,no inferable periods,,0000950170-25-104002,https://www.sec.gov/Archives/edgar/data/720500/000095017025104002/0000950170-25-104002.txt
0000720500,https://www.sec.gov/Archives/edgar/data/720500/000110465925086997/tm2525054-1_4seq1.xml,ASYS,AMTECH SYSTEMS INC,4,2025-09-03,89,,False,,,,,0001104659-25-086997,https://www.sec.gov/Archives/edgar/data/720500/000110465925086997/0001104659-25-086997.txt
0000720500,https://www.sec.gov/Archives/edgar/data/720500/000095017025109373/ownership.xml,ASYS,AMTECH SYSTEMS INC,4,2025-08-15,108,,False,,,,,0000950170-25-109373,https://www.sec.gov/Archives/edgar/data/720500/000095017025109373/0000950170-25-109373.txt
0000720500,https://www.sec.gov/Archives/edgar/data/720500/000110465925050117/tm2515400-1_4seq1.xml,ASYS,AMTECH SYSTEMS INC,4,2025-05-16,199,,False,,,,,0001104659-25-050117,https://www.sec.gov/Archives/edgar/data/720500/000110465925050117/0001104659-25-050117.txt
0000720500,https://www.sec.gov/Archives/edgar/data/720500/000095017025073717/ownership.xml,ASYS,AMTECH SYSTEMS INC,4,2025-05-16,199,,False,,,,,0000950170-25-073717,https://www.sec.gov/Archives/edgar/data/720500/000095017025073717/0000950170-25-073717.txt
0000720500,https://www.sec.gov/Archives/edgar/data/720500/000095017025043411/ownership.xml,ASYS,AMTECH SYSTEMS INC,4,2025-03-21,255,,False,,,,,0000950170-25-043411,https://www.sec.gov/Archives/edgar/data/720500/000095017025043411/0000950170-25-043411.txt
0000720500,https://www.sec.gov/Archives/edgar/data/720500/000110465925022964/tm258981-1_4seq1.xml,ASYS,AMTECH SYSTEMS INC,4,2025-03-12,264,,False,,,,,0001104659-25-022964,https://www.sec.gov/Archives/edgar/data/720500/000110465925022964/0001104659-25-022964.txt
0000720500,https://www.sec.gov/Archives/edgar/data/720500/000095017025035616/ownership.xml,ASYS,AMTECH SYSTEMS INC,4,2025-03-07,269,,False,,,,,0000950170-25-035616,https://www.sec.gov/Archives/edgar/data/720500/000095017025035616/0000950170-25-035616.txt
0000720500,https://www.sec.gov/Archives/edgar/data/720500/000095017025035589/ownership.xml,ASYS,AMTECH SYSTEMS INC,4,2025-03-07,269,,False,,,,,0000950170-25-035589,https://www.sec.gov/Archives/edgar/data/720500/000095017025035589/0000950170-25-035589.txt
0000720500,https://www.sec.gov/Archives/edgar/data/720500/000095017025035575/ownership.xml,ASYS,AMTECH SYSTEMS INC,4,2025-03-07,269,,False,,,,,0000950170-25-035575,https://www.sec.gov/Archives/edgar/data/720500/000095017025035575/0000950170-25-035575.txt
0000720500,https://www.sec.gov/Archives/edgar/data/720500/000110465925021752/tm258623-1_4seq1.xml,ASYS,AMTECH SYSTEMS INC,4,2025-03-07,269,,False,,,,,0001104659-25-021752,https://www.sec.gov/Archives/edgar/data/720500/000110465925021752/0001104659-25-021752.txt
0000720500,https://www.sec.gov/Archives/edgar/data/720500/000119312525303881/asys-20251201.htm,ASYS,AMTECH SYSTEMS INC,8-K,2025-12-01,0,,False,,,,,0001193125-25-303881,https://www.sec.gov/Archives/edgar/data/720500/000119312525303881/0001193125-25-303881.txt
0000720500,https://www.sec.gov/Archives/edgar/data/720500/000095017025103999/asys-20250806.htm,ASYS,AMTECH SYSTEMS INC,8-K,2025-08-06,117,,False,,,,,0000950170-25-103999,https://www.sec.gov/Archives/edgar/data/720500/000095017025103999/0000950170-25-103999.txt
0000720500,https://www.sec.gov/Archives/edgar/data/720500/000095017025069140/asys-20250512.htm,ASYS,AMTECH SYSTEMS INC,8-K,2025-05-12,203,,False,,,,,0000950170-25-069140,https://www.sec.gov/Archives/edgar/data/720500/000095017025069140/0000950170-25-069140.txt
0000720500,https://www.sec.gov/Archives/edgar/data/720500/000095017025052548/asys-20250409.htm,ASYS,AMTECH SYSTEMS INC,8-K,2025-04-09,236,,False,,,,,0000950170-25-052548,https://www.sec.gov/Archives/edgar/data/720500/000095017025052548/0000950170-25-052548.txt
0000720500,https://www.sec.gov/Archives/edgar/data/720500/000095017025034957/asys-20250305.htm,ASYS,AMTECH SYSTEMS INC,8-K,2025-03-07,269,,False,,,,,0000950170-25-034957,https://www.sec.gov/Archives/edgar/data/720500/000095017025034957/0000950170-25-034957.txt
0000720500,https://www.sec.gov/Archives/edgar/data/720500/000095017025014472/asys-20250205.htm,ASYS,AMTECH SYSTEMS INC,8-K,2025-02-05,299,,False,,,,,0000950170-25-014472,https://www.sec.gov/Archives/edgar/data/720500/000095017025014472/0000950170-25-014472.txt
0000720500,https://www.sec.gov/Archives/edgar/data/720500/000095017025008328/asys-20250123.htm,ASYS,AMTECH SYSTEMS INC,8-K,2025-01-23,312,,False,,,,,0000950170-25-008328,https://www.sec.gov/Archives/edgar/data/720500/000095017025008328/0000950170-25-008328.txt
0000720500,https://www.sec.gov/Archives/edgar/data/720500/000095017024134499/asys-20241209.htm,ASYS,AMTECH SYSTEMS INC,8-K,2024-12-09,357,,False,,,,,0000950170-24-134499,https://www.sec.gov/Archives/edgar/data/720500/000095017024134499/0000950170-24-134499.txt
0000720500,https://www.sec.gov/Archives/edgar/data/720500/000095017025041938/s8_equity_plan_amendment.htm,ASYS,AMTECH SYSTEMS INC,S-8,2025-03-19,257,,False,,,,,0000950170-25-041938,https://www.sec.gov/Archives/edgar/data/720500/000095017025041938/0000950170-25-041938.txt
0001131343,https://www.sec.gov/Archives/edgar/data/1131343/000121390025113849/ea0266904-6k_alterity.htm,ATHE,ALTERITY THERAPEUTICS LTD,6-K,2025-11-24,7,,False,,NO_CASHFLOW,cashflow statement missing,,0001213900-25-113849,https://www.sec.gov/Archives/edgar/data/1131343/000121390025113849/0001213900-25-113849.txt
0001131343,https://www.sec.gov/Archives/edgar/data/1131343/000121390025113843/ea0266894-6k_alterity.htm,ATHE,ALTERITY THERAPEUTICS LTD,6-K,2025-11-24,7,,False,,NO_CASHFLOW,cashflow statement missing,,0001213900-25-113843,https://www.sec.gov/Archives/edgar/data/1131343/000121390025113843/0001213900-25-113843.txt
0001131343,https://www.sec.gov/Archives/edgar/data/1131343/000121390025113847/ea0266903-6k_alterity.htm,ATHE,ALTERITY THERAPEUTICS LTD,6-K,2025-11-24,7,,False,,NO_CASHFLOW,cashflow statement missing,,0001213900-25-113847,https://www.sec.gov/Archives/edgar/data/1131343/000121390025113847/0001213900-25-113847.txt
0001131343,https://www.sec.gov/Archives/edgar/data/1131343/000121390025113845/ea0266895-6k_alterity.htm,ATHE,ALTERITY THERAPEUTICS LTD,6-K,2025-11-24,7,,False,,NO_CASHFLOW,cashflow statement missing,,0001213900-25-113845,https://www.sec.gov/Archives/edgar/data/1131343/000121390025113845/0001213900-25-113845.txt
0001131343,https://www.sec.gov/Archives/edgar/data/1131343/000121390025113299/ea0266704-6k_alterity.htm,ATHE,ALTERITY THERAPEUTICS LTD,6-K,2025-11-21,10,,False,,NO_CASHFLOW,cashflow statement missing,,0001213900-25-113299,https://www.sec.gov/Archives/edgar/data/1131343/000121390025113299/0001213900-25-113299.txt
0001443575,https://www.sec.gov/Archives/edgar/data/1443575/000144357525000051/avbh-20250930x10q.htm,AVBH,"Avidbank Holdings, Inc.",10-Q,2025-11-12,19,,False,,NO_PERIODS,no inferable periods,,0001443575-25-000051,https://www.sec.gov/Archives/edgar/data/1443575/000144357525000051/0001443575-25-000051.txt
0001443575,https://www.sec.gov/Archives/edgar/data/1443575/000144357525000006/avbh-20250630x10q.htm,AVBH,"Avidbank Holdings, Inc.",10-Q,2025-09-18,74,,False,,NO_PERIODS,no inferable periods,,0001443575-25-000006,https://www.sec.gov/Archives/edgar/data/1443575/000144357525000006/0001443575-25-000006.txt
0001443575,https://www.sec.gov/Archives/edgar/data/1443575/000144357525000048/primary_01.xml,AVBH,"Avidbank Holdings, Inc.",4,2025-10-28,34,,False,,,,,0001443575-25-000048,https://www.sec.gov/Archives/edgar/data/1443575/000144357525000048/0001443575-25-000048.txt
0001443575,https://www.sec.gov/Archives/edgar/data/1443575/000144357525000046/primary_01.xml,AVBH,"Avidbank Holdings, Inc.",4,2025-10-28,34,,False,,,,,0001443575-25-000046,https://www.sec.gov/Archives/edgar/data/1443575/000144357525000046/0001443575-25-000046.txt
0001443575,https://www.sec.gov/Archives/edgar/data/1443575/000144357525000045/primary_01.xml,AVBH,"Avidbank Holdings, Inc.",4,2025-10-28,34,,False,,,,,0001443575-25-000045,https://www.sec.gov/Archives/edgar/data/1443575/000144357525000045/0001443575-25-000045.txt
0001443575,https://www.sec.gov/Archives/edgar/data/1443575/000144357525000044/primary_01.xml,AVBH,"Avidbank Holdings, Inc.",4,2025-10-28,34,,False,,,,,0001443575-25-000044,https://www.sec.gov/Archives/edgar/data/1443575/000144357525000044/0001443575-25-000044.txt
0001443575,https://www.sec.gov/Archives/edgar/data/1443575/000144357525000043/primary_01.xml,AVBH,"Avidbank Holdings, Inc.",4,2025-10-28,34,,False,,,,,0001443575-25-000043,https://www.sec.gov/Archives/edgar/data/1443575/000144357525000043/0001443575-25-000043.txt
0001443575,https://www.sec.gov/Archives/edgar/data/1443575/000144357525000042/primary_01.xml,AVBH,"Avidbank Holdings, Inc.",4,2025-10-28,34,,False,,,,,0001443575-25-000042,https://www.sec.gov/Archives/edgar/data/1443575/000144357525000042/0001443575-25-000042.txt
0001443575,https://www.sec.gov/Archives/edgar/data/1443575/000144357525000047/primary_01.xml,AVBH,"Avidbank Holdings, Inc.",4,2025-10-28,34,,False,,,,,0001443575-25-000047,https://www.sec.gov/Archives/edgar/data/1443575/000144357525000047/0001443575-25-000047.txt
0001443575,https://www.sec.gov/Archives/edgar/data/1443575/000144357525000032/primary_01.xml,AVBH,"Avidbank Holdings, Inc.",4,2025-10-02,60,,False,,,,,0001443575-25-000032,https://www.sec.gov/Archives/edgar/data/1443575/000144357525000032/0001443575-25-000032.txt
0001443575,https://www.sec.gov/Archives/edgar/data/1443575/000144357525000031/primary_01.xml,AVBH,"Avidbank Holdings, Inc.",4,2025-10-02,60,,False,,,,,0001443575-25-000031,https://www.sec.gov/Archives/edgar/data/1443575/000144357525000031/0001443575-25-000031.txt
0001443575,https://www.sec.gov/Archives/edgar/data/1443575/000144357525000030/primary_01.xml,AVBH,"Avidbank Holdings, Inc.",4,2025-10-02,60,,False,,,,,0001443575-25-000030,https://www.sec.gov/Archives/edgar/data/1443575/000144357525000030/0001443575-25-000030.txt
0001443575,https://www.sec.gov/Archives/edgar/data/1443575/000182912625005994/avidbankholdings_424b4.htm,AVBH,"Avidbank Holdings, Inc.",424B4,2025-08-08,115,,False,,,,,0001829126-25-005994,https://www.sec.gov/Archives/edgar/data/1443575/000182912625005994/0001829126-25-005994.txt
0001443575,https://www.sec.gov/Archives/edgar/data/1443575/000144357525000054/avbh-20251114x8k.htm,AVBH,"Avidbank Holdings, Inc.",8-K,2025-11-18,13,,False,,,,,0001443575-25-000054,https://www.sec.gov/Archives/edgar/data/1443575/000144357525000054/0001443575-25-000054.txt
0001443575,https://www.sec.gov/Archives/edgar/data/1443575/000144357525000034/avbh-20251023x8k.htm,AVBH,"Avidbank Holdings, Inc.",8-K,2025-10-23,39,,False,,,,,0001443575-25-000034,https://www.sec.gov/Archives/edgar/data/1443575/000144357525000034/0001443575-25-000034.txt
0001443575,https://www.sec.gov/Archives/edgar/data/1443575/000156276225000218/avbh-20250825x8k.htm,AVBH,"Avidbank Holdings, Inc.",8-K,2025-08-25,98,,False,,,,,0001562762-25-000218,https://www.sec.gov/Archives/edgar/data/1443575/000156276225000218/0001562762-25-000218.txt
0001443575,https://www.sec.gov/Archives/edgar/data/1443575/000182912625006211/avidbankholdings_8k.htm,AVBH,"Avidbank Holdings, Inc.",8-K,2025-08-13,110,,False,,,,,0001829126-25-006211,https://www.sec.gov/Archives/edgar/data/1443575/000182912625006211/0001829126-25-006211.txt
0001443575,https://www.sec.gov/Archives/edgar/data/1443575/000182912625006129/avidbankholdings_s8.htm,AVBH,"Avidbank Holdings, Inc.",S-8,2025-08-12,111,,False,,,,,0001829126-25-006129,https://www.sec.gov/Archives/edgar/data/1443575/000182912625006129/0001829126-25-006129.txt
0001372807,https://www.sec.gov/Archives/edgar/data/1372807/000095017025038754/ptmn-20241231.htm,BCIC,BCP Investment Corp,10-K,2025-03-13,263,,False,,NO_PERIODS,no inferable periods,,0000950170-25-038754,https://www.sec.gov/Archives/edgar/data/1372807/000095017025038754/0000950170-25-038754.txt
0001372807,https://www.sec.gov/Archives/edgar/data/1372807/000119312525269482/bcic-20250930.htm,BCIC,BCP Investment Corp,10-Q,2025-11-06,25,,False,,NO_PERIODS,no inferable periods,,0001193125-25-269482,https://www.sec.gov/Archives/edgar/data/1372807/000119312525269482/0001193125-25-269482.txt
0001372807,https://www.sec.gov/Archives/edgar/data/1372807/000095017025104992/ptmn-20250630.htm,BCIC,BCP Investment Corp,10-Q,2025-08-07,116,,False,,NO_PERIODS,no inferable periods,,0000950170-25-104992,https://www.sec.gov/Archives/edgar/data/1372807/000095017025104992/0000950170-25-104992.txt
0001372807,https://www.sec.gov/Archives/edgar/data/1372807/000094562125000870/form4.xml,BCIC,BCP Investment Corp,4,2025-09-23,69,,False,,,,,0000945621-25-000870,https://www.sec.gov/Archives/edgar/data/1372807/000094562125000870/0000945621-25-000870.txt
0001372807,https://www.sec.gov/Archives/edgar/data/1372807/000094562125000868/form4.xml,BCIC,BCP Investment Corp,4,2025-09-23,69,,False,,,,,0000945621-25-000868,https://www.sec.gov/Archives/edgar/data/1372807/000094562125000868/0000945621-25-000868.txt
0001372807,https://www.sec.gov/Archives/edgar/data/1372807/000162828025035240/wk-form4_1752786347.xml,BCIC,BCP Investment Corp,4,2025-07-17,137,,False,,,,,0001628280-25-035240,https://www.sec.gov/Archives/edgar/data/1372807/000162828025035240/0001628280-25-035240.txt
0001372807,https://www.sec.gov/Archives/edgar/data/1372807/000162828025035239/wk-form4_1752786336.xml,BCIC,BCP Investment Corp,4,2025-07-17,137,,False,,,,,0001628280-25-035239,https://www.sec.gov/Archives/edgar/data/1372807/000162828025035239/0001628280-25-035239.txt
0001372807,https://www.sec.gov/Archives/edgar/data/1372807/000162828025035238/wk-form4_1752786325.xml,BCIC,BCP Investment Corp,4,2025-07-17,137,,False,,,,,0001628280-25-035238,https://www.sec.gov/Archives/edgar/data/1372807/000162828025035238/0001628280-25-035238.txt
0001372807,https://www.sec.gov/Archives/edgar/data/1372807/000095017025072889/ownership.xml,BCIC,BCP Investment Corp,4,2025-05-15,200,,False,,,,,0000950170-25-072889,https://www.sec.gov/Archives/edgar/data/1372807/000095017025072889/0000950170-25-072889.txt
0001372807,https://www.sec.gov/Archives/edgar/data/1372807/000095017025072885/ownership.xml,BCIC,BCP Investment Corp,4,2025-05-15,200,,False,,,,,0000950170-25-072885,https://www.sec.gov/Archives/edgar/data/1372807/000095017025072885/0000950170-25-072885.txt
0001372807,https://www.sec.gov/Archives/edgar/data/1372807/000095017025072871/ownership.xml,BCIC,BCP Investment Corp,4,2025-05-15,200,,False,,,,,0000950170-25-072871,https://www.sec.gov/Archives/edgar/data/1372807/000095017025072871/0000950170-25-072871.txt
0001372807,https://www.sec.gov/Archives/edgar/data/1372807/000095017025072863/ownership.xml,BCIC,BCP Investment Corp,4,2025-05-15,200,,False,,,,,0000950170-25-072863,https://www.sec.gov/Archives/edgar/data/1372807/000095017025072863/0000950170-25-072863.txt
0001372807,https://www.sec.gov/Archives/edgar/data/1372807/000119312525237314/d180118d424b2.htm,BCIC,BCP Investment Corp,424B2,2025-10-14,48,,False,,,,,0001193125-25-237314,https://www.sec.gov/Archives/edgar/data/1372807/000119312525237314/0001193125-25-237314.txt
0001372807,https://www.sec.gov/Archives/edgar/data/1372807/000162828025025195/portmanridge424b3.htm,BCIC,BCP Investment Corp,424B3,2025-05-13,202,,False,,,,,0001628280-25-025195,https://www.sec.gov/Archives/edgar/data/1372807/000162828025025195/0001628280-25-025195.txt
0001372807,https://www.sec.gov/Archives/edgar/data/1372807/000119312525272589/d95206d8k.htm,BCIC,BCP Investment Corp,8-K,2025-11-07,24,,False,,,,,0001193125-25-272589,https://www.sec.gov/Archives/edgar/data/1372807/000119312525272589/0001193125-25-272589.txt
0001372807,https://www.sec.gov/Archives/edgar/data/1372807/000119312525240428/d91766d8k.htm,BCIC,BCP Investment Corp,8-K,2025-10-15,47,,False,,,,,0001193125-25-240428,https://www.sec.gov/Archives/edgar/data/1372807/000119312525240428/0001193125-25-240428.txt
0001372807,https://www.sec.gov/Archives/edgar/data/1372807/000119312525240290/d927229d8k.htm,BCIC,BCP Investment Corp,8-K,2025-10-15,47,,False,,,,,0001193125-25-240290,https://www.sec.gov/Archives/edgar/data/1372807/000119312525240290/0001193125-25-240290.txt
0001372807,https://www.sec.gov/Archives/edgar/data/1372807/000119312525185297/d937608d8k.htm,BCIC,BCP Investment Corp,8-K,2025-08-21,102,,False,,,,,0001193125-25-185297,https://www.sec.gov/Archives/edgar/data/1372807/000119312525185297/0001193125-25-185297.txt
0001372807,https://www.sec.gov/Archives/edgar/data/1372807/000119312525177935/d44872d8k.htm,BCIC,BCP Investment Corp,8-K,2025-08-11,112,,False,,,,,0001193125-25-177935,https://www.sec.gov/Archives/edgar/data/1372807/000119312525177935/0001193125-25-177935.txt
0001372807,https://www.sec.gov/Archives/edgar/data/1372807/000162828025035078/ptmn-20250715.htm,BCIC,BCP Investment Corp,8-K,2025-07-16,138,,False,,,,,0001628280-25-035078,https://www.sec.gov/Archives/edgar/data/1372807/000162828025035078/0001628280-25-035078.txt
0001372807,https://www.sec.gov/Archives/edgar/data/1372807/000162828025033377/ptmn-20250627.htm,BCIC,BCP Investment Corp,8-K,2025-06-27,157,,False,,,,,0001628280-25-033377,https://www.sec.gov/Archives/edgar/data/1372807/000162828025033377/0001628280-25-033377.txt
0001372807,https://www.sec.gov/Archives/edgar/data/1372807/000119312525145811/d17636d8k.htm,BCIC,BCP Investment Corp,8-K,2025-06-24,160,,False,,,,,0001193125-25-145811,https://www.sec.gov/Archives/edgar/data/1372807/000119312525145811/0001193125-25-145811.txt
0001372807,https://www.sec.gov/Archives/edgar/data/1372807/000162828025029135/ptmn-20250603.htm,BCIC,BCP Investment Corp,8-K,2025-06-03,181,,False,,,,,0001628280-25-029135,https://www.sec.gov/Archives/edgar/data/1372807/000162828025029135/0001628280-25-029135.txt
0001372807,https://www.sec.gov/Archives/edgar/data/1372807/000119312525116982/d941049d8k.htm,BCIC,BCP Investment Corp,8-K,2025-05-09,206,,False,,,,,0001193125-25-116982,https://www.sec.gov/Archives/edgar/data/1372807/000119312525116982/0001193125-25-116982.txt
0001398805,https://www.sec.gov/Archives/edgar/data/1398805/000168316825006164/beam_i10q-063025.htm,BEEM,Beam Global,10-Q,2025-08-14,109,,False,,NO_BALANCE_SHEET,cash/cash equivalents missing,,0001683168-25-006164,https://www.sec.gov/Archives/edgar/data/1398805/000168316825006164/0001683168-25-006164.txt
0001398805,https://www.sec.gov/Archives/edgar/data/1398805/000133384525000003/primary_doc.xml,BEEM,Beam Global,4,2025-09-17,75,,False,,,,,0001333845-25-000003,https://www.sec.gov/Archives/edgar/data/1398805/000133384525000003/0001333845-25-000003.txt
0001398805,https://www.sec.gov/Archives/edgar/data/1398805/000200313125000006/primary_doc.xml,BEEM,Beam Global,4,2025-06-09,175,,False,,,,,0002003131-25-000006,https://www.sec.gov/Archives/edgar/data/1398805/000200313125000006/0002003131-25-000006.txt
0001398805,https://www.sec.gov/Archives/edgar/data/1398805/000200313125000005/primary_doc.xml,BEEM,Beam Global,4,2025-03-14,262,,False,,,,,0002003131-25-000005,https://www.sec.gov/Archives/edgar/data/1398805/000200313125000005/0002003131-25-000005.txt
0001398805,https://www.sec.gov/Archives/edgar/data/1398805/000200313125000004/primary_doc.xml,BEEM,Beam Global,4,2025-03-14,262,,False,,,,,0002003131-25-000004,https://www.sec.gov/Archives/edgar/data/1398805/000200313125000004/0002003131-25-000004.txt
0001398805,https://www.sec.gov/Archives/edgar/data/1398805/000143774925035236/beem20251114_424b5.htm,BEEM,Beam Global,424B5,2025-11-14,17,,False,,,,,0001437749-25-035236,https://www.sec.gov/Archives/edgar/data/1398805/000143774925035236/0001437749-25-035236.txt
0001398805,https://www.sec.gov/Archives/edgar/data/1398805/000168316825002487/beam_424b5.htm,BEEM,Beam Global,424B5,2025-04-14,231,,False,,,,,0001683168-25-002487,https://www.sec.gov/Archives/edgar/data/1398805/000168316825002487/0001683168-25-002487.txt
0001398805,https://www.sec.gov/Archives/edgar/data/1398805/000143774925035217/beem20250917_8k.htm,BEEM,Beam Global,8-K,2025-11-14,17,,False,,,,,0001437749-25-035217,https://www.sec.gov/Archives/edgar/data/1398805/000143774925035217/0001437749-25-035217.txt
0001398805,https://www.sec.gov/Archives/edgar/data/1398805/000143774925031533/beem20251021_8k.htm,BEEM,Beam Global,8-K,2025-10-22,40,,False,,,,,0001437749-25-031533,https://www.sec.gov/Archives/edgar/data/1398805/000143774925031533/0001437749-25-031533.txt
0001398805,https://www.sec.gov/Archives/edgar/data/1398805/000168316825007150/beam_8k.htm,BEEM,Beam Global,8-K,2025-09-19,73,,False,,,,,0001683168-25-007150,https://www.sec.gov/Archives/edgar/data/1398805/000168316825007150/0001683168-25-007150.txt
0001398805,https://www.sec.gov/Archives/edgar/data/1398805/000168316825006165/beam_8k.htm,BEEM,Beam Global,8-K,2025-08-14,109,,False,,,,,0001683168-25-006165,https://www.sec.gov/Archives/edgar/data/1398805/000168316825006165/0001683168-25-006165.txt
0001398805,https://www.sec.gov/Archives/edgar/data/1398805/000168316825004886/beam_8k.htm,BEEM,Beam Global,8-K,2025-07-02,152,,False,,,,,0001683168-25-004886,https://www.sec.gov/Archives/edgar/data/1398805/000168316825004886/0001683168-25-004886.txt
0001398805,https://www.sec.gov/Archives/edgar/data/1398805/000168316825004764/beam_8k.htm,BEEM,Beam Global,8-K,2025-06-26,158,,False,,,,,0001683168-25-004764,https://www.sec.gov/Archives/edgar/data/1398805/000168316825004764/0001683168-25-004764.txt
0001398805,https://www.sec.gov/Archives/edgar/data/1398805/000168316825004334/beam_8k.htm,BEEM,Beam Global,8-K,2025-06-09,175,,False,,,,,0001683168-25-004334,https://www.sec.gov/Archives/edgar/data/1398805/000168316825004334/0001683168-25-004334.txt
0001398805,https://www.sec.gov/Archives/edgar/data/1398805/000168316825003712/beam_8k.htm,BEEM,Beam Global,8-K,2025-05-15,200,,False,,,,,0001683168-25-003712,https://www.sec.gov/Archives/edgar/data/1398805/000168316825003712/0001683168-25-003712.txt
0001398805,https://www.sec.gov/Archives/edgar/data/1398805/000168316825002818/beam_8k.htm,BEEM,Beam Global,8-K,2025-04-25,220,,False,,,,,0001683168-25-002818,https://www.sec.gov/Archives/edgar/data/1398805/000168316825002818/0001683168-25-002818.txt
0001398805,https://www.sec.gov/Archives/edgar/data/1398805/000168316825002464/beam_8k.htm,BEEM,Beam Global,8-K,2025-04-11,234,,False,,,,,0001683168-25-002464,https://www.sec.gov/Archives/edgar/data/1398805/000168316825002464/0001683168-25-002464.txt
0001574085,https://www.sec.gov/Archives/edgar/data/1574085/000157408525000024/bhr-20241231.htm,BHR,Braemar Hotels & Resorts Inc.,10-K,2025-03-12,264,,False,,NO_PERIODS,no inferable periods,,0001574085-25-000024,https://www.sec.gov/Archives/edgar/data/1574085/000157408525000024/0001574085-25-000024.txt
0001574085,https://www.sec.gov/Archives/edgar/data/1574085/000157408525000040/bhr-20241231.htm,BHR,Braemar Hotels & Resorts Inc.,10-K/A,2025-04-29,216,,False,,NO_CASHFLOW,cashflow statement missing,,0001574085-25-000040,https://www.sec.gov/Archives/edgar/data/1574085/000157408525000040/0001574085-25-000040.txt
0001574085,https://www.sec.gov/Archives/edgar/data/1574085/000157408525000130/bhr-20250930.htm,BHR,Braemar Hotels & Resorts Inc.,10-Q,2025-11-07,24,,False,,NO_PERIODS,no inferable periods,,0001574085-25-000130,https://www.sec.gov/Archives/edgar/data/1574085/000157408525000130/0001574085-25-000130.txt
0001574085,https://www.sec.gov/Archives/edgar/data/1574085/000157408525000092/bhr-20250630.htm,BHR,Braemar Hotels & Resorts Inc.,10-Q,2025-08-11,112,,False,,NO_PERIODS,no inferable periods,,0001574085-25-000092,https://www.sec.gov/Archives/edgar/data/1574085/000157408525000092/0001574085-25-000092.txt
0001574085,https://www.sec.gov/Archives/edgar/data/1574085/000092189525002533/form314126002_09042025.xml,BHR,Braemar Hotels & Resorts Inc.,3,2025-09-04,88,,False,,,,,0000921895-25-002533,https://www.sec.gov/Archives/edgar/data/1574085/000092189525002533/0000921895-25-002533.txt
0001574085,https://www.sec.gov/Archives/edgar/data/1574085/000110465925084767/tm2524643-1_4seq1.xml,BHR,Braemar Hotels & Resorts Inc.,4,2025-08-28,95,,False,,,,,0001104659-25-084767,https://www.sec.gov/Archives/edgar/data/1574085/000110465925084767/0001104659-25-084767.txt
0001574085,https://www.sec.gov/Archives/edgar/data/1574085/000110465925061093/tm2518396-1_4seq1.xml,BHR,Braemar Hotels & Resorts Inc.,4,2025-06-20,164,,False,,,,,0001104659-25-061093,https://www.sec.gov/Archives/edgar/data/1574085/000110465925061093/0001104659-25-061093.txt
0001574085,https://www.sec.gov/Archives/edgar/data/1574085/000110465925060393/tm2518261-6_4seq1.xml,BHR,Braemar Hotels & Resorts Inc.,4,2025-06-17,167,,False,,,,,0001104659-25-060393,https://www.sec.gov/Archives/edgar/data/1574085/000110465925060393/0001104659-25-060393.txt
0001574085,https://www.sec.gov/Archives/edgar/data/1574085/000110465925060392/tm2518261-5_4seq1.xml,BHR,Braemar Hotels & Resorts Inc.,4,2025-06-17,167,,False,,,,,0001104659-25-060392,https://www.sec.gov/Archives/edgar/data/1574085/000110465925060392/0001104659-25-060392.txt
0001574085,https://www.sec.gov/Archives/edgar/data/1574085/000110465925060391/tm2518261-4_4seq1.xml,BHR,Braemar Hotels & Resorts Inc.,4,2025-06-17,167,,False,,,,,0001104659-25-060391,https://www.sec.gov/Archives/edgar/data/1574085/000110465925060391/0001104659-25-060391.txt
0001574085,https://www.sec.gov/Archives/edgar/data/1574085/000110465925060390/tm2518261-3_4seq1.xml,BHR,Braemar Hotels & Resorts Inc.,4,2025-06-17,167,,False,,,,,0001104659-25-060390,https://www.sec.gov/Archives/edgar/data/1574085/000110465925060390/0001104659-25-060390.txt
0001574085,https://www.sec.gov/Archives/edgar/data/1574085/000110465925060389/tm2518261-2_4seq1.xml,BHR,Braemar Hotels & Resorts Inc.,4,2025-06-17,167,,False,,,,,0001104659-25-060389,https://www.sec.gov/Archives/edgar/data/1574085/000110465925060389/0001104659-25-060389.txt
0001574085,https://www.sec.gov/Archives/edgar/data/1574085/000110465925060388/tm2518261-1_4seq1.xml,BHR,Braemar Hotels & Resorts Inc.,4,2025-06-17,167,,False,,,,,0001104659-25-060388,https://www.sec.gov/Archives/edgar/data/1574085/000110465925060388/0001104659-25-060388.txt
0001574085,https://www.sec.gov/Archives/edgar/data/1574085/000110465925049988/tm2515333-1_4seq1.xml,BHR,Braemar Hotels & Resorts Inc.,4,2025-05-16,199,,False,,,,,0001104659-25-049988,https://www.sec.gov/Archives/edgar/data/1574085/000110465925049988/0001104659-25-049988.txt
0001574085,https://www.sec.gov/Archives/edgar/data/1574085/000157408525000131/bhr-20251107.htm,BHR,Braemar Hotels & Resorts Inc.,8-K,2025-11-07,24,,False,,,,,0001574085-25-000131,https://www.sec.gov/Archives/edgar/data/1574085/000157408525000131/0001574085-25-000131.txt
0001574085,https://www.sec.gov/Archives/edgar/data/1574085/000157408525000121/bhr-20251106.htm,BHR,Braemar Hotels & Resorts Inc.,8-K,2025-11-07,24,,False,,,,,0001574085-25-000121,https://www.sec.gov/Archives/edgar/data/1574085/000157408525000121/0001574085-25-000121.txt
0001574085,https://www.sec.gov/Archives/edgar/data/1574085/000157408525000116/bhr-20251105.htm,BHR,Braemar Hotels & Resorts Inc.,8-K,2025-11-05,26,,False,,,,,0001574085-25-000116,https://www.sec.gov/Archives/edgar/data/1574085/000157408525000116/0001574085-25-000116.txt
0001574085,https://www.sec.gov/Archives/edgar/data/1574085/000157408525000114/bhr-20251104.htm,BHR,Braemar Hotels & Resorts Inc.,8-K,2025-11-04,27,,False,,,,,0001574085-25-000114,https://www.sec.gov/Archives/edgar/data/1574085/000157408525000114/0001574085-25-000114.txt
0001574085,https://www.sec.gov/Archives/edgar/data/1574085/000110465925100397/tm2528936d1_8k.htm,BHR,Braemar Hotels & Resorts Inc.,8-K,2025-10-17,45,,False,,,,,0001104659-25-100397,https://www.sec.gov/Archives/edgar/data/1574085/000110465925100397/0001104659-25-100397.txt
0001574085,https://www.sec.gov/Archives/edgar/data/1574085/000157408525000104/bhr-20251014.htm,BHR,Braemar Hotels & Resorts Inc.,8-K,2025-10-14,48,,False,,,,,0001574085-25-000104,https://www.sec.gov/Archives/edgar/data/1574085/000157408525000104/0001574085-25-000104.txt
0001574085,https://www.sec.gov/Archives/edgar/data/1574085/000157408525000102/bhr-20251006.htm,BHR,Braemar Hotels & Resorts Inc.,8-K,2025-10-07,55,,False,,,,,0001574085-25-000102,https://www.sec.gov/Archives/edgar/data/1574085/000157408525000102/0001574085-25-000102.txt
0001574085,https://www.sec.gov/Archives/edgar/data/1574085/000110465925083118/tm2524362d1_8k.htm,BHR,Braemar Hotels & Resorts Inc.,8-K,2025-08-26,97,,False,,,,,0001104659-25-083118,https://www.sec.gov/Archives/edgar/data/1574085/000110465925083118/0001104659-25-083118.txt
0001574085,https://www.sec.gov/Archives/edgar/data/1574085/000110465925082767/tm2524363d1_8k.htm,BHR,Braemar Hotels & Resorts Inc.,8-K,2025-08-26,97,,False,,,,,0001104659-25-082767,https://www.sec.gov/Archives/edgar/data/1574085/000110465925082767/0001104659-25-082767.txt
0001574085,https://www.sec.gov/Archives/edgar/data/1574085/000157408525000099/bhr-20250818.htm,BHR,Braemar Hotels & Resorts Inc.,8-K,2025-08-18,105,,False,,,,,0001574085-25-000099,https://www.sec.gov/Archives/edgar/data/1574085/000157408525000099/0001574085-25-000099.txt
0001574085,https://www.sec.gov/Archives/edgar/data/1574085/000157408525000134/bhr-20251106.htm,BHR,Braemar Hotels & Resorts Inc.,8-K/A,2025-11-12,19,,False,,,,,0001574085-25-000134,https://www.sec.gov/Archives/edgar/data/1574085/000157408525000134/0001574085-25-000134.txt
0001574085,https://www.sec.gov/Archives/edgar/data/1574085/000157408525000097/bhr-20250807.htm,BHR,Braemar Hotels & Resorts Inc.,8-K/A,2025-08-12,111,,False,,,,,0001574085-25-000097,https://www.sec.gov/Archives/edgar/data/1574085/000157408525000097/0001574085-25-000097.txt
0001429764,https://www.sec.gov/Archives/edgar/data/1429764/000164117225010352/form10-ka.htm,BLNK,Blink Charging Co.,10-K/A,2025-05-14,201,,False,,NO_CASHFLOW,cashflow statement missing,,0001641172-25-010352,https://www.sec.gov/Archives/edgar/data/1429764/000164117225010352/0001641172-25-010352.txt
0001429764,https://www.sec.gov/Archives/edgar/data/1429764/000164117225006662/form10-ka.htm,BLNK,Blink Charging Co.,10-K/A,2025-04-29,216,,False,,NO_CASHFLOW,cashflow statement missing,,0001641172-25-006662,https://www.sec.gov/Archives/edgar/data/1429764/000164117225006662/0001641172-25-006662.txt
0001429764,https://www.sec.gov/Archives/edgar/data/1429764/000164117225026845/ownership.xml,BLNK,Blink Charging Co.,4,2025-09-08,84,,False,,,,,0001641172-25-026845,https://www.sec.gov/Archives/edgar/data/1429764/000164117225026845/0001641172-25-026845.txt
0001429764,https://www.sec.gov/Archives/edgar/data/1429764/000164117225026776/ownership.xml,BLNK,Blink Charging Co.,4,2025-09-05,87,,False,,,,,0001641172-25-026776,https://www.sec.gov/Archives/edgar/data/1429764/000164117225026776/0001641172-25-026776.txt
0001429764,https://www.sec.gov/Archives/edgar/data/1429764/000164117225017226/ownership.xml,BLNK,Blink Charging Co.,4,2025-06-30,154,,False,,,,,0001641172-25-017226,https://www.sec.gov/Archives/edgar/data/1429764/000164117225017226/0001641172-25-017226.txt
0001429764,https://www.sec.gov/Archives/edgar/data/1429764/000164117225017229/ownership.xml,BLNK,Blink Charging Co.,4,2025-06-30,154,,False,,,,,0001641172-25-017229,https://www.sec.gov/Archives/edgar/data/1429764/000164117225017229/0001641172-25-017229.txt
0001429764,https://www.sec.gov/Archives/edgar/data/1429764/000164117225017228/ownership.xml,BLNK,Blink Charging Co.,4,2025-06-30,154,,False,,,,,0001641172-25-017228,https://www.sec.gov/Archives/edgar/data/1429764/000164117225017228/0001641172-25-017228.txt
0001429764,https://www.sec.gov/Archives/edgar/data/1429764/000164117225017227/ownership.xml,BLNK,Blink Charging Co.,4,2025-06-30,154,,False,,,,,0001641172-25-017227,https://www.sec.gov/Archives/edgar/data/1429764/000164117225017227/0001641172-25-017227.txt
0001429764,https://www.sec.gov/Archives/edgar/data/1429764/000164117225017000/ownership.xml,BLNK,Blink Charging Co.,4,2025-06-27,157,,False,,,,,0001641172-25-017000,https://www.sec.gov/Archives/edgar/data/1429764/000164117225017000/0001641172-25-017000.txt
0001429764,https://www.sec.gov/Archives/edgar/data/1429764/000164117225016999/ownership.xml,BLNK,Blink Charging Co.,4,2025-06-27,157,,False,,,,,0001641172-25-016999,https://www.sec.gov/Archives/edgar/data/1429764/000164117225016999/0001641172-25-016999.txt
0001429764,https://www.sec.gov/Archives/edgar/data/1429764/000164117225016998/ownership.xml,BLNK,Blink Charging Co.,4,2025-06-27,157,,False,,,,,0001641172-25-016998,https://www.sec.gov/Archives/edgar/data/1429764/000164117225016998/0001641172-25-016998.txt
0001429764,https://www.sec.gov/Archives/edgar/data/1429764/000149315225025383/form424b3.htm,BLNK,Blink Charging Co.,424B3,2025-11-28,3,,False,,,,,0001493152-25-025383,https://www.sec.gov/Archives/edgar/data/1429764/000149315225025383/0001493152-25-025383.txt
0001429764,https://www.sec.gov/Archives/edgar/data/1429764/000149315225021067/form8-k.htm,BLNK,Blink Charging Co.,8-K,2025-11-06,25,,False,,,,,0001493152-25-021067,https://www.sec.gov/Archives/edgar/data/1429764/000149315225021067/0001493152-25-021067.txt
0001429764,https://www.sec.gov/Archives/edgar/data/1429764/000149315225020760/form8-k.htm,BLNK,Blink Charging Co.,8-K,2025-11-04,27,,False,,,,,0001493152-25-020760,https://www.sec.gov/Archives/edgar/data/1429764/000149315225020760/0001493152-25-020760.txt
0001429764,https://www.sec.gov/Archives/edgar/data/1429764/000164117225027095/form8-k.htm,BLNK,Blink Charging Co.,8-K,2025-09-11,81,,False,,,,,0001641172-25-027095,https://www.sec.gov/Archives/edgar/data/1429764/000164117225027095/0001641172-25-027095.txt
0001429764,https://www.sec.gov/Archives/edgar/data/1429764/000164117225026972/form8-k.htm,BLNK,Blink Charging Co.,8-K,2025-09-09,83,,False,,,,,0001641172-25-026972,https://www.sec.gov/Archives/edgar/data/1429764/000164117225026972/0001641172-25-026972.txt
0001429764,https://www.sec.gov/Archives/edgar/data/1429764/000164117225026230/form8-k.htm,BLNK,Blink Charging Co.,8-K,2025-09-02,90,,False,,,,,0001641172-25-026230,https://www.sec.gov/Archives/edgar/data/1429764/000164117225026230/0001641172-25-026230.txt
0001429764,https://www.sec.gov/Archives/edgar/data/1429764/000164117225025995/form8-k.htm,BLNK,Blink Charging Co.,8-K,2025-08-29,94,,False,,,,,0001641172-25-025995,https://www.sec.gov/Archives/edgar/data/1429764/000164117225025995/0001641172-25-025995.txt
0001429764,https://www.sec.gov/Archives/edgar/data/1429764/000164117225024621/form8-k.htm,BLNK,Blink Charging Co.,8-K,2025-08-18,105,,False,,,,,0001641172-25-024621,https://www.sec.gov/Archives/edgar/data/1429764/000164117225024621/0001641172-25-024621.txt
0001429764,https://www.sec.gov/Archives/edgar/data/1429764/000164117225022447/form8-k.htm,BLNK,Blink Charging Co.,8-K,2025-08-06,117,,False,,,,,0001641172-25-022447,https://www.sec.gov/Archives/edgar/data/1429764/000164117225022447/0001641172-25-022447.txt
0001429764,https://www.sec.gov/Archives/edgar/data/1429764/000164117225017156/form8-k.htm,BLNK,Blink Charging Co.,8-K,2025-06-30,154,,False,,,,,0001641172-25-017156,https://www.sec.gov/Archives/edgar/data/1429764/000164117225017156/0001641172-25-017156.txt
0001429764,https://www.sec.gov/Archives/edgar/data/1429764/000164117225013660/form8-k.htm,BLNK,Blink Charging Co.,8-K,2025-06-04,180,,False,,,,,0001641172-25-013660,https://www.sec.gov/Archives/edgar/data/1429764/000164117225013660/0001641172-25-013660.txt
0001482541,https://www.sec.gov/Archives/edgar/data/1482541/000149315225014503/form10-q.htm,BNC,CEA Industries Inc.,10-Q,2025-09-22,70,,False,,NO_CASHFLOW,operating cash flow missing,,0001493152-25-014503,https://www.sec.gov/Archives/edgar/data/1482541/000149315225014503/0001493152-25-014503.txt
0001482541,https://www.sec.gov/Archives/edgar/data/1482541/000149315225017199/ownership.xml,BNC,CEA Industries Inc.,4,2025-10-07,55,,False,,,,,0001493152-25-017199,https://www.sec.gov/Archives/edgar/data/1482541/000149315225017199/0001493152-25-017199.txt
0001482541,https://www.sec.gov/Archives/edgar/data/1482541/000149315225016862/ownership.xml,BNC,CEA Industries Inc.,4,2025-10-03,59,,False,,,,,0001493152-25-016862,https://www.sec.gov/Archives/edgar/data/1482541/000149315225016862/0001493152-25-016862.txt
0001482541,https://www.sec.gov/Archives/edgar/data/1482541/000164117225022372/ownership.xml,BNC,CEA Industries Inc.,4,2025-08-06,117,,False,,,,,0001641172-25-022372,https://www.sec.gov/Archives/edgar/data/1482541/000164117225022372/0001641172-25-022372.txt
0001482541,https://www.sec.gov/Archives/edgar/data/1482541/000164117225021468/ownership.xml,BNC,CEA Industries Inc.,4,2025-07-29,125,,False,,,,,0001641172-25-021468,https://www.sec.gov/Archives/edgar/data/1482541/000164117225021468/0001641172-25-021468.txt
0001482541,https://www.sec.gov/Archives/edgar/data/1482541/000164117225021466/ownership.xml,BNC,CEA Industries Inc.,4,2025-07-29,125,,False,,,,,0001641172-25-021466,https://www.sec.gov/Archives/edgar/data/1482541/000164117225021466/0001641172-25-021466.txt
0001482541,https://www.sec.gov/Archives/edgar/data/1482541/000164117225021464/ownership.xml,BNC,CEA Industries Inc.,4,2025-07-29,125,,False,,,,,0001641172-25-021464,https://www.sec.gov/Archives/edgar/data/1482541/000164117225021464/0001641172-25-021464.txt
0001482541,https://www.sec.gov/Archives/edgar/data/1482541/000164117225021462/ownership.xml,BNC,CEA Industries Inc.,4,2025-07-29,125,,False,,,,,0001641172-25-021462,https://www.sec.gov/Archives/edgar/data/1482541/000164117225021462/0001641172-25-021462.txt
0001482541,https://www.sec.gov/Archives/edgar/data/1482541/000164117225022380/ownership.xml,BNC,CEA Industries Inc.,4/A,2025-08-06,117,,False,,,,,0001641172-25-022380,https://www.sec.gov/Archives/edgar/data/1482541/000164117225022380/0001641172-25-022380.txt
0001482541,https://www.sec.gov/Archives/edgar/data/1482541/000164117225022378/ownership.xml,BNC,CEA Industries Inc.,4/A,2025-08-06,117,,False,,,,,0001641172-25-022378,https://www.sec.gov/Archives/edgar/data/1482541/000164117225022378/0001641172-25-022378.txt
0001482541,https://www.sec.gov/Archives/edgar/data/1482541/000164117225022376/ownership.xml,BNC,CEA Industries Inc.,4/A,2025-08-06,117,,False,,,,,0001641172-25-022376,https://www.sec.gov/Archives/edgar/data/1482541/000164117225022376/0001641172-25-022376.txt
0001482541,https://www.sec.gov/Archives/edgar/data/1482541/000149315225003512/form424b2.htm,BNC,CEA Industries Inc.,424B2,2025-01-24,311,,False,,,,,0001493152-25-003512,https://www.sec.gov/Archives/edgar/data/1482541/000149315225003512/0001493152-25-003512.txt
0001482541,https://www.sec.gov/Archives/edgar/data/1482541/000164117225014236/form424b5.htm,BNC,CEA Industries Inc.,424B5,2025-06-09,175,,False,,,,,0001641172-25-014236,https://www.sec.gov/Archives/edgar/data/1482541/000164117225014236/0001641172-25-014236.txt
0001482541,https://www.sec.gov/Archives/edgar/data/1482541/000149315225025299/form8-k.htm,BNC,CEA Industries Inc.,8-K,2025-11-28,3,,False,,,,,0001493152-25-025299,https://www.sec.gov/Archives/edgar/data/1482541/000149315225025299/0001493152-25-025299.txt
0001482541,https://www.sec.gov/Archives/edgar/data/1482541/000149315225024180/form8-k.htm,BNC,CEA Industries Inc.,8-K,2025-11-19,12,,False,,,,,0001493152-25-024180,https://www.sec.gov/Archives/edgar/data/1482541/000149315225024180/0001493152-25-024180.txt
0001482541,https://www.sec.gov/Archives/edgar/data/1482541/000149315225018732/form8-k.htm,BNC,CEA Industries Inc.,8-K,2025-10-21,41,,False,,,,,0001493152-25-018732,https://www.sec.gov/Archives/edgar/data/1482541/000149315225018732/0001493152-25-018732.txt
0001482541,https://www.sec.gov/Archives/edgar/data/1482541/000149315225018521/form8-k.htm,BNC,CEA Industries Inc.,8-K,2025-10-17,45,,False,,,,,0001493152-25-018521,https://www.sec.gov/Archives/edgar/data/1482541/000149315225018521/0001493152-25-018521.txt
0001482541,https://www.sec.gov/Archives/edgar/data/1482541/000149315225017302/form8-k.htm,BNC,CEA Industries Inc.,8-K,2025-10-07,55,,False,,,,,0001493152-25-017302,https://www.sec.gov/Archives/edgar/data/1482541/000149315225017302/0001493152-25-017302.txt
0001482541,https://www.sec.gov/Archives/edgar/data/1482541/000149315225017242/form8-k.htm,BNC,CEA Industries Inc.,8-K,2025-10-07,55,,False,,,,,0001493152-25-017242,https://www.sec.gov/Archives/edgar/data/1482541/000149315225017242/0001493152-25-017242.txt
0001482541,https://www.sec.gov/Archives/edgar/data/1482541/000149315225014939/form8-k.htm,BNC,CEA Industries Inc.,8-K,2025-09-25,67,,False,,,,,0001493152-25-014939,https://www.sec.gov/Archives/edgar/data/1482541/000149315225014939/0001493152-25-014939.txt
0001482541,https://www.sec.gov/Archives/edgar/data/1482541/000149315225014564/form8-k.htm,BNC,CEA Industries Inc.,8-K,2025-09-23,69,,False,,,,,0001493152-25-014564,https://www.sec.gov/Archives/edgar/data/1482541/000149315225014564/0001493152-25-014564.txt
0001482541,https://www.sec.gov/Archives/edgar/data/1482541/000149315225014360/form8-k.htm,BNC,CEA Industries Inc.,8-K,2025-09-22,70,,False,,,,,0001493152-25-014360,https://www.sec.gov/Archives/edgar/data/1482541/000149315225014360/0001493152-25-014360.txt
0001482541,https://www.sec.gov/Archives/edgar/data/1482541/000149315225012922/form8-k.htm,BNC,CEA Industries Inc.,8-K,2025-09-09,83,,False,,,,,0001493152-25-012922,https://www.sec.gov/Archives/edgar/data/1482541/000149315225012922/0001493152-25-012922.txt
0001482541,https://www.sec.gov/Archives/edgar/data/1482541/000164117225024881/form8-ka.htm,BNC,CEA Industries Inc.,8-K/A,2025-08-19,104,,False,,,,,0001641172-25-024881,https://www.sec.gov/Archives/edgar/data/1482541/000164117225024881/0001641172-25-024881.txt
0001482541,https://www.sec.gov/Archives/edgar/data/1482541/000149315225002424/forms-3.htm,BNC,CEA Industries Inc.,S-3,2025-01-15,320,,False,,,,,0001493152-25-002424,https://www.sec.gov/Archives/edgar/data/1482541/000149315225002424/0001493152-25-002424.txt
0001005516,https://www.sec.gov/Archives/edgar/data/1005516/000121390025026190/ea0236041-20f_bosbetter.htm,BOSC,BOS BETTER ONLINE SOLUTIONS LTD,20-F,2025-03-31,245,,False,,NO_PERIODS,no inferable periods,,0001213900-25-026190,https://www.sec.gov/Archives/edgar/data/1005516/000121390025026190/0001213900-25-026190.txt
0001005516,https://www.sec.gov/Archives/edgar/data/1005516/000121390025087703/ea0257325-424b5_bosbetter.htm,BOSC,BOS BETTER ONLINE SOLUTIONS LTD,424B5,2025-09-15,77,,False,,,,,0001213900-25-087703,https://www.sec.gov/Archives/edgar/data/1005516/000121390025087703/0001213900-25-087703.txt
0001005516,https://www.sec.gov/Archives/edgar/data/1005516/000121390025114608/ea0267105-6k_bosbet.htm,BOSC,BOS BETTER ONLINE SOLUTIONS LTD,6-K,2025-11-25,6,,False,,NO_CASHFLOW,cashflow statement missing,,0001213900-25-114608,https://www.sec.gov/Archives/edgar/data/1005516/000121390025114608/0001213900-25-114608.txt
0001005516,https://www.sec.gov/Archives/edgar/data/1005516/000121390025103961/ea0263141-6k_bosbetter.htm,BOSC,BOS BETTER ONLINE SOLUTIONS LTD,6-K,2025-10-30,32,,False,,NO_CASHFLOW,cashflow statement missing,,0001213900-25-103961,https://www.sec.gov/Archives/edgar/data/1005516/000121390025103961/0001213900-25-103961.txt
0001005516,https://www.sec.gov/Archives/edgar/data/1005516/000121390025101533/ea0262093-6k_bosbetter.htm,BOSC,BOS BETTER ONLINE SOLUTIONS LTD,6-K,2025-10-23,39,,False,,NO_CASHFLOW,cashflow statement missing,,0001213900-25-101533,https://www.sec.gov/Archives/edgar/data/1005516/000121390025101533/0001213900-25-101533.txt
0001005516,https://www.sec.gov/Archives/edgar/data/1005516/000121390025093447/ea0259295-6k_bosbetter.htm,BOSC,BOS BETTER ONLINE SOLUTIONS LTD,6-K,2025-09-30,62,,False,,NO_PERIODS,no inferable periods,,0001213900-25-093447,https://www.sec.gov/Archives/edgar/data/1005516/000121390025093447/0001213900-25-093447.txt
0001005516,https://www.sec.gov/Archives/edgar/data/1005516/000121390025087760/ea0257326-6k_bosbetter.htm,BOSC,BOS BETTER ONLINE SOLUTIONS LTD,6-K,2025-09-16,76,,False,,NO_CASHFLOW,cashflow statement missing,,0001213900-25-087760,https://www.sec.gov/Archives/edgar/data/1005516/000121390025087760/0001213900-25-087760.txt
0001720893,https://www.sec.gov/Archives/edgar/data/1720893/000110465925105760/tm2530101-1_4seq1.xml,BTAI,"BioXcel Therapeutics, Inc.",4,2025-11-03,28,,False,,,,,0001104659-25-105760,https://www.sec.gov/Archives/edgar/data/1720893/000110465925105760/0001104659-25-105760.txt
0001720893,https://www.sec.gov/Archives/edgar/data/1720893/000110465925095739/tm2527731-1_4seq1.xml,BTAI,"BioXcel Therapeutics, Inc.",4,2025-10-01,61,,False,,,,,0001104659-25-095739,https://www.sec.gov/Archives/edgar/data/1720893/000110465925095739/0001104659-25-095739.txt
0001720893,https://www.sec.gov/Archives/edgar/data/1720893/000110465925090518/tm2526247-4_4seq1.xml,BTAI,"BioXcel Therapeutics, Inc.",4,2025-09-16,76,,False,,,,,0001104659-25-090518,https://www.sec.gov/Archives/edgar/data/1720893/000110465925090518/0001104659-25-090518.txt
0001720893,https://www.sec.gov/Archives/edgar/data/1720893/000110465925090517/tm2526247-3_4seq1.xml,BTAI,"BioXcel Therapeutics, Inc.",4,2025-09-16,76,,False,,,,,0001104659-25-090517,https://www.sec.gov/Archives/edgar/data/1720893/000110465925090517/0001104659-25-090517.txt
0001720893,https://www.sec.gov/Archives/edgar/data/1720893/000110465925090516/tm2526247-2_4seq1.xml,BTAI,"BioXcel Therapeutics, Inc.",4,2025-09-16,76,,False,,,,,0001104659-25-090516,https://www.sec.gov/Archives/edgar/data/1720893/000110465925090516/0001104659-25-090516.txt
0001720893,https://www.sec.gov/Archives/edgar/data/1720893/000110465925090514/tm2526247-1_4seq1.xml,BTAI,"BioXcel Therapeutics, Inc.",4,2025-09-16,76,,False,,,,,0001104659-25-090514,https://www.sec.gov/Archives/edgar/data/1720893/000110465925090514/0001104659-25-090514.txt
0001720893,https://www.sec.gov/Archives/edgar/data/1720893/000110465925086528/tm2524989-1_4seq1.xml,BTAI,"BioXcel Therapeutics, Inc.",4,2025-09-02,90,,False,,,,,0001104659-25-086528,https://www.sec.gov/Archives/edgar/data/1720893/000110465925086528/0001104659-25-086528.txt
0001720893,https://www.sec.gov/Archives/edgar/data/1720893/000110465925074369/tm2522669-1_4seq1.xml,BTAI,"BioXcel Therapeutics, Inc.",4,2025-08-05,118,,False,,,,,0001104659-25-074369,https://www.sec.gov/Archives/edgar/data/1720893/000110465925074369/0001104659-25-074369.txt
0001720893,https://www.sec.gov/Archives/edgar/data/1720893/000110465925079882/tm2523368d2_424b5.htm,BTAI,"BioXcel Therapeutics, Inc.",424B5,2025-08-18,105,,False,,,,,0001104659-25-079882,https://www.sec.gov/Archives/edgar/data/1720893/000110465925079882/0001104659-25-079882.txt
0001720893,https://www.sec.gov/Archives/edgar/data/1720893/000110465925074511/tm2522638d1_424b5.htm,BTAI,"BioXcel Therapeutics, Inc.",424B5,2025-08-06,117,,False,,,,,0001104659-25-074511,https://www.sec.gov/Archives/edgar/data/1720893/000110465925074511/0001104659-25-074511.txt
0001720893,https://www.sec.gov/Archives/edgar/data/1720893/000110465925031709/tm2511361-1_424b5.htm,BTAI,"BioXcel Therapeutics, Inc.",424B5,2025-04-03,242,,False,,,,,0001104659-25-031709,https://www.sec.gov/Archives/edgar/data/1720893/000110465925031709/0001104659-25-031709.txt
0001720893,https://www.sec.gov/Archives/edgar/data/1720893/000110465925020033/tm258141-1_424b5.htm,BTAI,"BioXcel Therapeutics, Inc.",424B5,2025-03-04,272,,False,,,,,0001104659-25-020033,https://www.sec.gov/Archives/edgar/data/1720893/000110465925020033/0001104659-25-020033.txt
0001720893,https://www.sec.gov/Archives/edgar/data/1720893/000110465924122263/tm2428677-3_424b5.htm,BTAI,"BioXcel Therapeutics, Inc.",424B5,2024-11-25,371,,False,,,,,0001104659-24-122263,https://www.sec.gov/Archives/edgar/data/1720893/000110465924122263/0001104659-24-122263.txt
0001720893,https://www.sec.gov/Archives/edgar/data/1720893/000110465925109732/tm2530979d1_8k.htm,BTAI,"BioXcel Therapeutics, Inc.",8-K,2025-11-12,19,,False,,,,,0001104659-25-109732,https://www.sec.gov/Archives/edgar/data/1720893/000110465925109732/0001104659-25-109732.txt
0001720893,https://www.sec.gov/Archives/edgar/data/1720893/000110465925108840/tm2530721d1_8k.htm,BTAI,"BioXcel Therapeutics, Inc.",8-K,2025-11-10,21,,False,,,,,0001104659-25-108840,https://www.sec.gov/Archives/edgar/data/1720893/000110465925108840/0001104659-25-108840.txt
0001720893,https://www.sec.gov/Archives/edgar/data/1720893/000110465925104009/tm2529774d1_8k.htm,BTAI,"BioXcel Therapeutics, Inc.",8-K,2025-10-30,32,,False,,,,,0001104659-25-104009,https://www.sec.gov/Archives/edgar/data/1720893/000110465925104009/0001104659-25-104009.txt
0001720893,https://www.sec.gov/Archives/edgar/data/1720893/000110465925098992/tm2528636d1_8k.htm,BTAI,"BioXcel Therapeutics, Inc.",8-K,2025-10-14,48,,False,,,,,0001104659-25-098992,https://www.sec.gov/Archives/edgar/data/1720893/000110465925098992/0001104659-25-098992.txt
0001720893,https://www.sec.gov/Archives/edgar/data/1720893/000110465925089773/tm2526080d1_8k.htm,BTAI,"BioXcel Therapeutics, Inc.",8-K,2025-09-15,77,,False,,,,,0001104659-25-089773,https://www.sec.gov/Archives/edgar/data/1720893/000110465925089773/0001104659-25-089773.txt
0001720893,https://www.sec.gov/Archives/edgar/data/1720893/000110465925088800/tm2525736d1_8k.htm,BTAI,"BioXcel Therapeutics, Inc.",8-K,2025-09-10,82,,False,,,,,0001104659-25-088800,https://www.sec.gov/Archives/edgar/data/1720893/000110465925088800/0001104659-25-088800.txt
0001720893,https://www.sec.gov/Archives/edgar/data/1720893/000110465925083402/tm2524474d1_8k.htm,BTAI,"BioXcel Therapeutics, Inc.",8-K,2025-08-27,96,,False,,,,,0001104659-25-083402,https://www.sec.gov/Archives/edgar/data/1720893/000110465925083402/0001104659-25-083402.txt
0001720893,https://www.sec.gov/Archives/edgar/data/1720893/000110465925079880/tm2523368d1_8k.htm,BTAI,"BioXcel Therapeutics, Inc.",8-K,2025-08-18,105,,False,,,,,0001104659-25-079880,https://www.sec.gov/Archives/edgar/data/1720893/000110465925079880/0001104659-25-079880.txt
0001720893,https://www.sec.gov/Archives/edgar/data/1720893/000110465925079459/tm2523368d4_8k.htm,BTAI,"BioXcel Therapeutics, Inc.",8-K,2025-08-18,105,,False,,,,,0001104659-25-079459,https://www.sec.gov/Archives/edgar/data/1720893/000110465925079459/0001104659-25-079459.txt
0001720893,https://www.sec.gov/Archives/edgar/data/1720893/000110465925079042/tm2523368d3_8k.htm,BTAI,"BioXcel Therapeutics, Inc.",8-K,2025-08-15,108,,False,,,,,0001104659-25-079042,https://www.sec.gov/Archives/edgar/data/1720893/000110465925079042/0001104659-25-079042.txt
0001720893,https://www.sec.gov/Archives/edgar/data/1720893/000110465925002583/tm251419-1_s3.htm,BTAI,"BioXcel Therapeutics, Inc.",S-3,2025-01-10,325,,False,,,,,0001104659-25-002583,https://www.sec.gov/Archives/edgar/data/1720893/000110465925002583/0001104659-25-002583.txt
0001720893,https://www.sec.gov/Archives/edgar/data/1720893/000110465925032218/tm2511409d1_s8.htm,BTAI,"BioXcel Therapeutics, Inc.",S-8,2025-04-04,241,,False,,,,,0001104659-25-032218,https://www.sec.gov/Archives/edgar/data/1720893/000110465925032218/0001104659-25-032218.txt
0001901799,https://www.sec.gov/Archives/edgar/data/1901799/000095017025052609/btm-20241231.htm,BTM,Bitcoin Depot Inc.,10-K/A,2025-04-10,235,,False,,NO_CASHFLOW,operating cash flow missing,,0000950170-25-052609,https://www.sec.gov/Archives/edgar/data/1901799/000095017025052609/0000950170-25-052609.txt
0001901799,https://www.sec.gov/Archives/edgar/data/1901799/000119312525279042/btm-20250930.htm,BTM,Bitcoin Depot Inc.,10-Q,2025-11-13,18,,False,,NO_PERIODS,no inferable periods,,0001193125-25-279042,https://www.sec.gov/Archives/edgar/data/1901799/000119312525279042/0001193125-25-279042.txt
0001901799,https://www.sec.gov/Archives/edgar/data/1901799/000095017025106935/btm-20250630.htm,BTM,Bitcoin Depot Inc.,10-Q,2025-08-12,111,,False,,NO_PERIODS,no inferable periods,,0000950170-25-106935,https://www.sec.gov/Archives/edgar/data/1901799/000095017025106935/0000950170-25-106935.txt
0001901799,https://www.sec.gov/Archives/edgar/data/1901799/000095017025112470/btm-20250630.htm,BTM,Bitcoin Depot Inc.,10-Q/A,2025-09-02,90,,False,,NO_CASHFLOW,operating cash flow missing,,0000950170-25-112470,https://www.sec.gov/Archives/edgar/data/1901799/000095017025112470/0000950170-25-112470.txt
0001901799,https://www.sec.gov/Archives/edgar/data/1901799/000208529125000001/primary_doc.xml,BTM,Bitcoin Depot Inc.,3/A,2025-09-12,80,,False,,,,,0002085291-25-000001,https://www.sec.gov/Archives/edgar/data/1901799/000208529125000001/0002085291-25-000001.txt
0001901799,https://www.sec.gov/Archives/edgar/data/1901799/000119312525297826/ownership.xml,BTM,Bitcoin Depot Inc.,4,2025-11-25,6,,False,,,,,0001193125-25-297826,https://www.sec.gov/Archives/edgar/data/1901799/000119312525297826/0001193125-25-297826.txt
0001901799,https://www.sec.gov/Archives/edgar/data/1901799/000119312525267539/ownership.xml,BTM,Bitcoin Depot Inc.,4,2025-11-05,26,,False,,,,,0001193125-25-267539,https://www.sec.gov/Archives/edgar/data/1901799/000119312525267539/0001193125-25-267539.txt
0001901799,https://www.sec.gov/Archives/edgar/data/1901799/000119312525267536/ownership.xml,BTM,Bitcoin Depot Inc.,4,2025-11-05,26,,False,,,,,0001193125-25-267536,https://www.sec.gov/Archives/edgar/data/1901799/000119312525267536/0001193125-25-267536.txt
0001901799,https://www.sec.gov/Archives/edgar/data/1901799/000119312525234880/ownership.xml,BTM,Bitcoin Depot Inc.,4,2025-10-08,54,,False,,,,,0001193125-25-234880,https://www.sec.gov/Archives/edgar/data/1901799/000119312525234880/0001193125-25-234880.txt
0001901799,https://www.sec.gov/Archives/edgar/data/1901799/000119312525230652/ownership.xml,BTM,Bitcoin Depot Inc.,4,2025-10-03,59,,False,,,,,0001193125-25-230652,https://www.sec.gov/Archives/edgar/data/1901799/000119312525230652/0001193125-25-230652.txt
0001901799,https://www.sec.gov/Archives/edgar/data/1901799/000119312525230651/ownership.xml,BTM,Bitcoin Depot Inc.,4,2025-10-03,59,,False,,,,,0001193125-25-230651,https://www.sec.gov/Archives/edgar/data/1901799/000119312525230651/0001193125-25-230651.txt
0001901799,https://www.sec.gov/Archives/edgar/data/1901799/000119312525211933/ownership.xml,BTM,Bitcoin Depot Inc.,4,2025-09-22,70,,False,,,,,0001193125-25-211933,https://www.sec.gov/Archives/edgar/data/1901799/000119312525211933/0001193125-25-211933.txt
0001901799,https://www.sec.gov/Archives/edgar/data/1901799/000119312525267631/ownership.xml,BTM,Bitcoin Depot Inc.,4/A,2025-11-05,26,,False,,,,,0001193125-25-267631,https://www.sec.gov/Archives/edgar/data/1901799/000119312525267631/0001193125-25-267631.txt
0001901799,https://www.sec.gov/Archives/edgar/data/1901799/000119312525233979/d77633d424b5.htm,BTM,Bitcoin Depot Inc.,424B5,2025-10-08,54,,False,,,,,0001193125-25-233979,https://www.sec.gov/Archives/edgar/data/1901799/000119312525233979/0001193125-25-233979.txt
0001901799,https://www.sec.gov/Archives/edgar/data/1901799/000119312525154081/d926756d424b5.htm,BTM,Bitcoin Depot Inc.,424B5,2025-07-01,153,,False,,,,,0001193125-25-154081,https://www.sec.gov/Archives/edgar/data/1901799/000119312525154081/0001193125-25-154081.txt
0001901799,https://www.sec.gov/Archives/edgar/data/1901799/000119312525154064/d926756d424b5.htm,BTM,Bitcoin Depot Inc.,424B5,2025-07-01,153,,False,,,,,0001193125-25-154064,https://www.sec.gov/Archives/edgar/data/1901799/000119312525154064/0001193125-25-154064.txt
0001901799,https://www.sec.gov/Archives/edgar/data/1901799/000119312524266179/d906765d424b5.htm,BTM,Bitcoin Depot Inc.,424B5,2024-11-26,370,,False,,,,,0001193125-24-266179,https://www.sec.gov/Archives/edgar/data/1901799/000119312524266179/0001193125-24-266179.txt
0001901799,https://www.sec.gov/Archives/edgar/data/1901799/000119312524266176/d906765d424b5.htm,BTM,Bitcoin Depot Inc.,424B5,2024-11-26,370,,False,,,,,0001193125-24-266176,https://www.sec.gov/Archives/edgar/data/1901799/000119312524266176/0001193125-24-266176.txt
0001901799,https://www.sec.gov/Archives/edgar/data/1901799/000119312525170657/d931846d424b7.htm,BTM,Bitcoin Depot Inc.,424B7,2025-08-01,122,,False,,,,,0001193125-25-170657,https://www.sec.gov/Archives/edgar/data/1901799/000119312525170657/0001193125-25-170657.txt
0001901799,https://www.sec.gov/Archives/edgar/data/1901799/000119312525292060/btm-20251124.htm,BTM,Bitcoin Depot Inc.,8-K,2025-11-24,7,,False,,,,,0001193125-25-292060,https://www.sec.gov/Archives/edgar/data/1901799/000119312525292060/0001193125-25-292060.txt
0001901799,https://www.sec.gov/Archives/edgar/data/1901799/000119312525290629/d845053d8k.htm,BTM,Bitcoin Depot Inc.,8-K,2025-11-21,10,,False,,,,,0001193125-25-290629,https://www.sec.gov/Archives/edgar/data/1901799/000119312525290629/0001193125-25-290629.txt
0001901799,https://www.sec.gov/Archives/edgar/data/1901799/000119312525279033/btm-20251113.htm,BTM,Bitcoin Depot Inc.,8-K,2025-11-13,18,,False,,,,,0001193125-25-279033,https://www.sec.gov/Archives/edgar/data/1901799/000119312525279033/0001193125-25-279033.txt
0001901799,https://www.sec.gov/Archives/edgar/data/1901799/000119312525233985/d42449d8k.htm,BTM,Bitcoin Depot Inc.,8-K,2025-10-08,54,,False,,,,,0001193125-25-233985,https://www.sec.gov/Archives/edgar/data/1901799/000119312525233985/0001193125-25-233985.txt
0001901799,https://www.sec.gov/Archives/edgar/data/1901799/000119312525225908/btm-20251001.htm,BTM,Bitcoin Depot Inc.,8-K,2025-10-01,61,,False,,,,,0001193125-25-225908,https://www.sec.gov/Archives/edgar/data/1901799/000119312525225908/0001193125-25-225908.txt
0001901799,https://www.sec.gov/Archives/edgar/data/1901799/000095017025112835/btm-20250903.htm,BTM,Bitcoin Depot Inc.,8-K,2025-09-03,89,,False,,,,,0000950170-25-112835,https://www.sec.gov/Archives/edgar/data/1901799/000095017025112835/0000950170-25-112835.txt
0001901799,https://www.sec.gov/Archives/edgar/data/1901799/000095017025112471/btm-20250902.htm,BTM,Bitcoin Depot Inc.,8-K,2025-09-02,90,,False,,,,,0000950170-25-112471,https://www.sec.gov/Archives/edgar/data/1901799/000095017025112471/0000950170-25-112471.txt
0001901799,https://www.sec.gov/Archives/edgar/data/1901799/000095017025111341/btm-20250826.htm,BTM,Bitcoin Depot Inc.,8-K,2025-08-26,97,,False,,,,,0000950170-25-111341,https://www.sec.gov/Archives/edgar/data/1901799/000095017025111341/0000950170-25-111341.txt
0001901799,https://www.sec.gov/Archives/edgar/data/1901799/000095017025106931/btm-20250812.htm,BTM,Bitcoin Depot Inc.,8-K,2025-08-12,111,,False,,,,,0000950170-25-106931,https://www.sec.gov/Archives/edgar/data/1901799/000095017025106931/0000950170-25-106931.txt
0001901799,https://www.sec.gov/Archives/edgar/data/1901799/000095017025088982/btm-20250623.htm,BTM,Bitcoin Depot Inc.,8-K,2025-06-23,161,,False,,,,,0000950170-25-088982,https://www.sec.gov/Archives/edgar/data/1901799/000095017025088982/0000950170-25-088982.txt
0001901799,https://www.sec.gov/Archives/edgar/data/1901799/000119312525143721/d926756ds3.htm,BTM,Bitcoin Depot Inc.,S-3,2025-06-20,164,,False,,,,,0001193125-25-143721,https://www.sec.gov/Archives/edgar/data/1901799/000119312525143721/0001193125-25-143721.txt
0001901799,https://www.sec.gov/Archives/edgar/data/1901799/000119312524262396/d906765ds3.htm,BTM,Bitcoin Depot Inc.,S-3,2024-11-20,376,,False,,,,,0001193125-24-262396,https://www.sec.gov/Archives/edgar/data/1901799/000119312524262396/0001193125-24-262396.txt
0001630805,https://www.sec.gov/Archives/edgar/data/1630805/000163080525000100/form4.xml,BWNB,"Babcock & Wilcox Enterprises, Inc.",4,2025-11-21,10,,False,,,,,0001630805-25-000100,https://www.sec.gov/Archives/edgar/data/1630805/000163080525000100/0001630805-25-000100.txt
0001630805,https://www.sec.gov/Archives/edgar/data/1630805/000163080525000096/form4.xml,BWNB,"Babcock & Wilcox Enterprises, Inc.",4,2025-11-13,18,,False,,,,,0001630805-25-000096,https://www.sec.gov/Archives/edgar/data/1630805/000163080525000096/0001630805-25-000096.txt
0001630805,https://www.sec.gov/Archives/edgar/data/1630805/000163080525000094/form4.xml,BWNB,"Babcock & Wilcox Enterprises, Inc.",4,2025-11-13,18,,False,,,,,0001630805-25-000094,https://www.sec.gov/Archives/edgar/data/1630805/000163080525000094/0001630805-25-000094.txt
0001630805,https://www.sec.gov/Archives/edgar/data/1630805/000163080525000086/form4.xml,BWNB,"Babcock & Wilcox Enterprises, Inc.",4,2025-09-08,84,,False,,,,,0001630805-25-000086,https://www.sec.gov/Archives/edgar/data/1630805/000163080525000086/0001630805-25-000086.txt
0001630805,https://www.sec.gov/Archives/edgar/data/1630805/000163080525000082/form4.xml,BWNB,"Babcock & Wilcox Enterprises, Inc.",4,2025-08-29,94,,False,,,,,0001630805-25-000082,https://www.sec.gov/Archives/edgar/data/1630805/000163080525000082/0001630805-25-000082.txt
0001630805,https://www.sec.gov/Archives/edgar/data/1630805/000163080525000076/form4.xml,BWNB,"Babcock & Wilcox Enterprises, Inc.",4,2025-08-26,97,,False,,,,,0001630805-25-000076,https://www.sec.gov/Archives/edgar/data/1630805/000163080525000076/0001630805-25-000076.txt
0001630805,https://www.sec.gov/Archives/edgar/data/1630805/000163080525000074/form4.xml,BWNB,"Babcock & Wilcox Enterprises, Inc.",4,2025-08-20,103,,False,,,,,0001630805-25-000074,https://www.sec.gov/Archives/edgar/data/1630805/000163080525000074/0001630805-25-000074.txt
0001630805,https://www.sec.gov/Archives/edgar/data/1630805/000163080525000072/form4.xml,BWNB,"Babcock & Wilcox Enterprises, Inc.",4,2025-08-19,104,,False,,,,,0001630805-25-000072,https://www.sec.gov/Archives/edgar/data/1630805/000163080525000072/0001630805-25-000072.txt
0001630805,https://www.sec.gov/Archives/edgar/data/1630805/000163080525000084/form4a.xml,BWNB,"Babcock & Wilcox Enterprises, Inc.",4/A,2025-09-05,87,,False,,,,,0001630805-25-000084,https://www.sec.gov/Archives/edgar/data/1630805/000163080525000084/0001630805-25-000084.txt
0001630805,https://www.sec.gov/Archives/edgar/data/1630805/000110465925106685/tm2530195d1_424b5.htm,BWNB,"Babcock & Wilcox Enterprises, Inc.",424B5,2025-11-05,26,,False,,,,,0001104659-25-106685,https://www.sec.gov/Archives/edgar/data/1630805/000110465925106685/0001104659-25-106685.txt
0001630805,https://www.sec.gov/Archives/edgar/data/1630805/000110465925058204/tm2517287d1_424b5.htm,BWNB,"Babcock & Wilcox Enterprises, Inc.",424B5,2025-06-10,174,,False,,,,,0001104659-25-058204,https://www.sec.gov/Archives/edgar/data/1630805/000110465925058204/0001104659-25-058204.txt
0001630805,https://www.sec.gov/Archives/edgar/data/1630805/000110465925115041/tm2531811d1_8k.htm,BWNB,"Babcock & Wilcox Enterprises, Inc.",8-K,2025-11-21,10,,False,,,,,0001104659-25-115041,https://www.sec.gov/Archives/edgar/data/1630805/000110465925115041/0001104659-25-115041.txt
0001630805,https://www.sec.gov/Archives/edgar/data/1630805/000163080525000092/bw-20251110.htm,BWNB,"Babcock & Wilcox Enterprises, Inc.",8-K,2025-11-10,21,,False,,,,,0001630805-25-000092,https://www.sec.gov/Archives/edgar/data/1630805/000163080525000092/0001630805-25-000092.txt
0001630805,https://www.sec.gov/Archives/edgar/data/1630805/000110465925108102/tm2530582d1_8k.htm,BWNB,"Babcock & Wilcox Enterprises, Inc.",8-K,2025-11-07,24,,False,,,,,0001104659-25-108102,https://www.sec.gov/Archives/edgar/data/1630805/000110465925108102/0001104659-25-108102.txt
0001630805,https://www.sec.gov/Archives/edgar/data/1630805/000110465925106691/tm2530246d2_8k.htm,BWNB,"Babcock & Wilcox Enterprises, Inc.",8-K,2025-11-05,26,,False,,,,,0001104659-25-106691,https://www.sec.gov/Archives/edgar/data/1630805/000110465925106691/0001104659-25-106691.txt
0001630805,https://www.sec.gov/Archives/edgar/data/1630805/000110465925106447/tm2530246d1_8k.htm,BWNB,"Babcock & Wilcox Enterprises, Inc.",8-K,2025-11-04,27,,False,,,,,0001104659-25-106447,https://www.sec.gov/Archives/edgar/data/1630805/000110465925106447/0001104659-25-106447.txt
0001630805,https://www.sec.gov/Archives/edgar/data/1630805/000110465925089324/tm2525586d1_8k.htm,BWNB,"Babcock & Wilcox Enterprises, Inc.",8-K,2025-09-11,81,,False,,,,,0001104659-25-089324,https://www.sec.gov/Archives/edgar/data/1630805/000110465925089324/0001104659-25-089324.txt
0001630805,https://www.sec.gov/Archives/edgar/data/1630805/000110465925087075/tm2525184d1_8k.htm,BWNB,"Babcock & Wilcox Enterprises, Inc.",8-K,2025-09-03,89,,False,,,,,0001104659-25-087075,https://www.sec.gov/Archives/edgar/data/1630805/000110465925087075/0001104659-25-087075.txt
0001630805,https://www.sec.gov/Archives/edgar/data/1630805/000110465925084288/tm2524605d1_8k.htm,BWNB,"Babcock & Wilcox Enterprises, Inc.",8-K,2025-08-28,95,,False,,,,,0001104659-25-084288,https://www.sec.gov/Archives/edgar/data/1630805/000110465925084288/0001104659-25-084288.txt
0001630805,https://www.sec.gov/Archives/edgar/data/1630805/000110465925083325/tm2524462d1_8k.htm,BWNB,"Babcock & Wilcox Enterprises, Inc.",8-K,2025-08-27,96,,False,,,,,0001104659-25-083325,https://www.sec.gov/Archives/edgar/data/1630805/000110465925083325/0001104659-25-083325.txt
0001630805,https://www.sec.gov/Archives/edgar/data/1630805/000110465925079369/tm2523610d1_8k.htm,BWNB,"Babcock & Wilcox Enterprises, Inc.",8-K,2025-08-18,105,,False,,,,,0001104659-25-079369,https://www.sec.gov/Archives/edgar/data/1630805/000110465925079369/0001104659-25-079369.txt
0001630805,https://www.sec.gov/Archives/edgar/data/1630805/000110465924121237/tm2428577d1_s3.htm,BWNB,"Babcock & Wilcox Enterprises, Inc.",S-3,2024-11-21,375,,False,,,,,0001104659-24-121237,https://www.sec.gov/Archives/edgar/data/1630805/000110465924121237/0001104659-24-121237.txt
0001841387,https://www.sec.gov/Archives/edgar/data/1841387/000095017025100320/ownership.xml,CADL,"Candel Therapeutics, Inc.",4,2025-07-30,124,,False,,,,,0000950170-25-100320,https://www.sec.gov/Archives/edgar/data/1841387/000095017025100320/0000950170-25-100320.txt
0001841387,https://www.sec.gov/Archives/edgar/data/1841387/000095017025093035/ownership.xml,CADL,"Candel Therapeutics, Inc.",4,2025-07-02,152,,False,,,,,0000950170-25-093035,https://www.sec.gov/Archives/edgar/data/1841387/000095017025093035/0000950170-25-093035.txt
0001841387,https://www.sec.gov/Archives/edgar/data/1841387/000095017025090199/ownership.xml,CADL,"Candel Therapeutics, Inc.",4,2025-06-26,158,,False,,,,,0000950170-25-090199,https://www.sec.gov/Archives/edgar/data/1841387/000095017025090199/0000950170-25-090199.txt
0001841387,https://www.sec.gov/Archives/edgar/data/1841387/000095017025090198/ownership.xml,CADL,"Candel Therapeutics, Inc.",4,2025-06-26,158,,False,,,,,0000950170-25-090198,https://www.sec.gov/Archives/edgar/data/1841387/000095017025090198/0000950170-25-090198.txt
0001841387,https://www.sec.gov/Archives/edgar/data/1841387/000095017025090197/ownership.xml,CADL,"Candel Therapeutics, Inc.",4,2025-06-26,158,,False,,,,,0000950170-25-090197,https://www.sec.gov/Archives/edgar/data/1841387/000095017025090197/0000950170-25-090197.txt
0001841387,https://www.sec.gov/Archives/edgar/data/1841387/000095017025090196/ownership.xml,CADL,"Candel Therapeutics, Inc.",4,2025-06-26,158,,False,,,,,0000950170-25-090196,https://www.sec.gov/Archives/edgar/data/1841387/000095017025090196/0000950170-25-090196.txt
0001841387,https://www.sec.gov/Archives/edgar/data/1841387/000095017025090195/ownership.xml,CADL,"Candel Therapeutics, Inc.",4,2025-06-26,158,,False,,,,,0000950170-25-090195,https://www.sec.gov/Archives/edgar/data/1841387/000095017025090195/0000950170-25-090195.txt
0001841387,https://www.sec.gov/Archives/edgar/data/1841387/000095017025090193/ownership.xml,CADL,"Candel Therapeutics, Inc.",4,2025-06-26,158,,False,,,,,0000950170-25-090193,https://www.sec.gov/Archives/edgar/data/1841387/000095017025090193/0000950170-25-090193.txt
0001841387,https://www.sec.gov/Archives/edgar/data/1841387/000095017025090192/ownership.xml,CADL,"Candel Therapeutics, Inc.",4,2025-06-26,158,,False,,,,,0000950170-25-090192,https://www.sec.gov/Archives/edgar/data/1841387/000095017025090192/0000950170-25-090192.txt
0001841387,https://www.sec.gov/Archives/edgar/data/1841387/000095017025090194/ownership.xml,CADL,"Candel Therapeutics, Inc.",4,2025-06-26,158,,False,,,,,0000950170-25-090194,https://www.sec.gov/Archives/edgar/data/1841387/000095017025090194/0000950170-25-090194.txt
0001841387,https://www.sec.gov/Archives/edgar/data/1841387/000119312525145401/d917630d424b5.htm,CADL,"Candel Therapeutics, Inc.",424B5,2025-06-24,160,,False,,,,,0001193125-25-145401,https://www.sec.gov/Archives/edgar/data/1841387/000119312525145401/0001193125-25-145401.txt
0001841387,https://www.sec.gov/Archives/edgar/data/1841387/000119312524278628/d883046d424b5.htm,CADL,"Candel Therapeutics, Inc.",424B5,2024-12-13,353,,False,,,,,0001193125-24-278628,https://www.sec.gov/Archives/edgar/data/1841387/000119312524278628/0001193125-24-278628.txt
0001841387,https://www.sec.gov/Archives/edgar/data/1841387/000119312524277171/d883046d424b5.htm,CADL,"Candel Therapeutics, Inc.",424B5,2024-12-12,354,,False,,,,,0001193125-24-277171,https://www.sec.gov/Archives/edgar/data/1841387/000119312524277171/0001193125-24-277171.txt
0001841387,https://www.sec.gov/Archives/edgar/data/1841387/000119312525279072/cadl-20251113.htm,CADL,"Candel Therapeutics, Inc.",8-K,2025-11-13,18,,False,,,,,0001193125-25-279072,https://www.sec.gov/Archives/edgar/data/1841387/000119312525279072/0001193125-25-279072.txt
0001841387,https://www.sec.gov/Archives/edgar/data/1841387/000119312525238254/cadl-20251014.htm,CADL,"Candel Therapeutics, Inc.",8-K,2025-10-14,48,,False,,,,,0001193125-25-238254,https://www.sec.gov/Archives/edgar/data/1841387/000119312525238254/0001193125-25-238254.txt
0001841387,https://www.sec.gov/Archives/edgar/data/1841387/000095017025110682/cadl-20250818.htm,CADL,"Candel Therapeutics, Inc.",8-K,2025-08-21,102,,False,,,,,0000950170-25-110682,https://www.sec.gov/Archives/edgar/data/1841387/000095017025110682/0000950170-25-110682.txt
0001841387,https://www.sec.gov/Archives/edgar/data/1841387/000095017025108448/cadl-20250814.htm,CADL,"Candel Therapeutics, Inc.",8-K,2025-08-14,109,,False,,,,,0000950170-25-108448,https://www.sec.gov/Archives/edgar/data/1841387/000095017025108448/0000950170-25-108448.txt
0001841387,https://www.sec.gov/Archives/edgar/data/1841387/000119312525145405/d34398d8k.htm,CADL,"Candel Therapeutics, Inc.",8-K,2025-06-24,160,,False,,,,,0001193125-25-145405,https://www.sec.gov/Archives/edgar/data/1841387/000119312525145405/0001193125-25-145405.txt
0001841387,https://www.sec.gov/Archives/edgar/data/1841387/000119312525144204/d915163d8k.htm,CADL,"Candel Therapeutics, Inc.",8-K,2025-06-23,161,,False,,,,,0001193125-25-144204,https://www.sec.gov/Archives/edgar/data/1841387/000119312525144204/0001193125-25-144204.txt
0001841387,https://www.sec.gov/Archives/edgar/data/1841387/000095017025087696/cadl-20250617.htm,CADL,"Candel Therapeutics, Inc.",8-K,2025-06-18,166,,False,,,,,0000950170-25-087696,https://www.sec.gov/Archives/edgar/data/1841387/000095017025087696/0000950170-25-087696.txt
0001841387,https://www.sec.gov/Archives/edgar/data/1841387/000095017025082705/cadl-20250604.htm,CADL,"Candel Therapeutics, Inc.",8-K,2025-06-06,178,,False,,,,,0000950170-25-082705,https://www.sec.gov/Archives/edgar/data/1841387/000095017025082705/0000950170-25-082705.txt
0001841387,https://www.sec.gov/Archives/edgar/data/1841387/000095017025078079/cadl-20250528.htm,CADL,"Candel Therapeutics, Inc.",8-K,2025-05-28,187,,False,,,,,0000950170-25-078079,https://www.sec.gov/Archives/edgar/data/1841387/000095017025078079/0000950170-25-078079.txt
0001841387,https://www.sec.gov/Archives/edgar/data/1841387/000095017025076458/cadl-20250522.htm,CADL,"Candel Therapeutics, Inc.",8-K,2025-05-22,193,,False,,,,,0000950170-25-076458,https://www.sec.gov/Archives/edgar/data/1841387/000095017025076458/0000950170-25-076458.txt
0001841387,https://www.sec.gov/Archives/edgar/data/1841387/000119312525180411/d121007ds3.htm,CADL,"Candel Therapeutics, Inc.",S-3,2025-08-14,109,,False,,,,,0001193125-25-180411,https://www.sec.gov/Archives/edgar/data/1841387/000119312525180411/0001193125-25-180411.txt
0001841387,https://www.sec.gov/Archives/edgar/data/1841387/000119312525053987/d932796ds8.htm,CADL,"Candel Therapeutics, Inc.",S-8,2025-03-13,263,,False,,,,,0001193125-25-053987,https://www.sec.gov/Archives/edgar/data/1841387/000119312525053987/0001193125-25-053987.txt
0000711669,https://www.sec.gov/Archives/edgar/data/711669/000071166925000046/cban-20241231.htm,CBAN,COLONY BANKCORP INC,10-K,2025-03-14,262,,False,,NO_PERIODS,no inferable periods,,0000711669-25-000046,https://www.sec.gov/Archives/edgar/data/711669/000071166925000046/0000711669-25-000046.txt
0000711669,https://www.sec.gov/Archives/edgar/data/711669/000071166925000158/cban-20250930.htm,CBAN,COLONY BANKCORP INC,10-Q,2025-11-07,24,,False,,NO_PERIODS,no inferable periods,,0000711669-25-000158,https://www.sec.gov/Archives/edgar/data/711669/000071166925000158/0000711669-25-000158.txt
0000711669,https://www.sec.gov/Archives/edgar/data/711669/000071166925000145/cban-20250630.htm,CBAN,COLONY BANKCORP INC,10-Q,2025-08-08,115,,False,,NO_PERIODS,no inferable periods,,0000711669-25-000145,https://www.sec.gov/Archives/edgar/data/711669/000071166925000145/0000711669-25-000145.txt
0000711669,https://www.sec.gov/Archives/edgar/data/711669/000205132725000009/wk-form4_1763587757.xml,CBAN,COLONY BANKCORP INC,4,2025-11-19,12,,False,,,,,0002051327-25-000009,https://www.sec.gov/Archives/edgar/data/711669/000205132725000009/0002051327-25-000009.txt
0000711669,https://www.sec.gov/Archives/edgar/data/711669/000177040225000004/wk-form4_1762983854.xml,CBAN,COLONY BANKCORP INC,4,2025-11-12,19,,False,,,,,0001770402-25-000004,https://www.sec.gov/Archives/edgar/data/711669/000177040225000004/0001770402-25-000004.txt
0000711669,https://www.sec.gov/Archives/edgar/data/711669/000205132725000007/wk-form4_1762465834.xml,CBAN,COLONY BANKCORP INC,4,2025-11-06,25,,False,,,,,0002051327-25-000007,https://www.sec.gov/Archives/edgar/data/711669/000205132725000007/0002051327-25-000007.txt
0000711669,https://www.sec.gov/Archives/edgar/data/711669/000205132725000005/wk-form4_1762206930.xml,CBAN,COLONY BANKCORP INC,4,2025-11-03,28,,False,,,,,0002051327-25-000005,https://www.sec.gov/Archives/edgar/data/711669/000205132725000005/0002051327-25-000005.txt
0000711669,https://www.sec.gov/Archives/edgar/data/711669/000205132725000003/wk-form4_1761597116.xml,CBAN,COLONY BANKCORP INC,4,2025-10-27,35,,False,,,,,0002051327-25-000003,https://www.sec.gov/Archives/edgar/data/711669/000205132725000003/0002051327-25-000003.txt
0000711669,https://www.sec.gov/Archives/edgar/data/711669/000200898925000004/wk-form4_1758832480.xml,CBAN,COLONY BANKCORP INC,4,2025-09-25,67,,False,,,,,0002008989-25-000004,https://www.sec.gov/Archives/edgar/data/711669/000200898925000004/0002008989-25-000004.txt
0000711669,https://www.sec.gov/Archives/edgar/data/711669/000071166925000151/wk-form4_1755893282.xml,CBAN,COLONY BANKCORP INC,4,2025-08-22,101,,False,,,,,0000711669-25-000151,https://www.sec.gov/Archives/edgar/data/711669/000071166925000151/0000711669-25-000151.txt
0000711669,https://www.sec.gov/Archives/edgar/data/711669/000071166925000147/wk-form4_1755634832.xml,CBAN,COLONY BANKCORP INC,4,2025-08-19,104,,False,,,,,0000711669-25-000147,https://www.sec.gov/Archives/edgar/data/711669/000071166925000147/0000711669-25-000147.txt
0000711669,https://www.sec.gov/Archives/edgar/data/711669/000071166925000140/wk-form4_1753474628.xml,CBAN,COLONY BANKCORP INC,4,2025-07-25,129,,False,,,,,0000711669-25-000140,https://www.sec.gov/Archives/edgar/data/711669/000071166925000140/0000711669-25-000140.txt
0000711669,https://www.sec.gov/Archives/edgar/data/711669/000110465925093935/tm2524601-6_424b3.htm,CBAN,COLONY BANKCORP INC,424B3,2025-09-26,66,,False,,,,,0001104659-25-093935,https://www.sec.gov/Archives/edgar/data/711669/000110465925093935/0001104659-25-093935.txt
0000711669,https://www.sec.gov/Archives/edgar/data/711669/000110465925117152/tm2532053d1_8k.htm,CBAN,COLONY BANKCORP INC,8-K,2025-12-01,0,,False,,,,,0001104659-25-117152,https://www.sec.gov/Archives/edgar/data/711669/000110465925117152/0001104659-25-117152.txt
0000711669,https://www.sec.gov/Archives/edgar/data/711669/000071166925000165/cban-20251113.htm,CBAN,COLONY BANKCORP INC,8-K,2025-11-17,14,,False,,,,,0000711669-25-000165,https://www.sec.gov/Archives/edgar/data/711669/000071166925000165/0000711669-25-000165.txt
0000711669,https://www.sec.gov/Archives/edgar/data/711669/000071166925000161/cban-20251103.htm,CBAN,COLONY BANKCORP INC,8-K,2025-11-07,24,,False,,,,,0000711669-25-000161,https://www.sec.gov/Archives/edgar/data/711669/000071166925000161/0000711669-25-000161.txt
0000711669,https://www.sec.gov/Archives/edgar/data/711669/000071166925000154/cban-20251022.htm,CBAN,COLONY BANKCORP INC,8-K,2025-10-22,40,,False,,,,,0000711669-25-000154,https://www.sec.gov/Archives/edgar/data/711669/000071166925000154/0000711669-25-000154.txt
0000711669,https://www.sec.gov/Archives/edgar/data/711669/000071166925000137/cban-20250723.htm,CBAN,COLONY BANKCORP INC,8-K,2025-07-23,131,,False,,,,,0000711669-25-000137,https://www.sec.gov/Archives/edgar/data/711669/000071166925000137/0000711669-25-000137.txt
0000711669,https://www.sec.gov/Archives/edgar/data/711669/000071166925000135/cban-20250723.htm,CBAN,COLONY BANKCORP INC,8-K,2025-07-23,131,,False,,,,,0000711669-25-000135,https://www.sec.gov/Archives/edgar/data/711669/000071166925000135/0000711669-25-000135.txt
0000711669,https://www.sec.gov/Archives/edgar/data/711669/000071166925000073/cban-20250527.htm,CBAN,COLONY BANKCORP INC,8-K,2025-05-27,188,,False,,,,,0000711669-25-000073,https://www.sec.gov/Archives/edgar/data/711669/000071166925000073/0000711669-25-000073.txt
0000711669,https://www.sec.gov/Archives/edgar/data/711669/000071166925000070/cban-20250523.htm,CBAN,COLONY BANKCORP INC,8-K,2025-05-23,192,,False,,,,,0000711669-25-000070,https://www.sec.gov/Archives/edgar/data/711669/000071166925000070/0000711669-25-000070.txt
0000711669,https://www.sec.gov/Archives/edgar/data/711669/000071166925000064/cban-20250423.htm,CBAN,COLONY BANKCORP INC,8-K,2025-04-23,222,,False,,,,,0000711669-25-000064,https://www.sec.gov/Archives/edgar/data/711669/000071166925000064/0000711669-25-000064.txt
0000711669,https://www.sec.gov/Archives/edgar/data/711669/000071166925000054/cban-20250401.htm,CBAN,COLONY BANKCORP INC,8-K,2025-04-01,244,,False,,,,,0000711669-25-000054,https://www.sec.gov/Archives/edgar/data/711669/000071166925000054/0000711669-25-000054.txt
0000711669,https://www.sec.gov/Archives/edgar/data/711669/000110465925105629/tm2529823d1_s3.htm,CBAN,COLONY BANKCORP INC,S-3,2025-11-03,28,,False,,,,,0001104659-25-105629,https://www.sec.gov/Archives/edgar/data/711669/000110465925105629/0001104659-25-105629.txt
0000711669,https://www.sec.gov/Archives/edgar/data/711669/000110465925090080/tm2524601-1_s4.htm,CBAN,COLONY BANKCORP INC,S-4,2025-09-15,77,,False,,,,,0001104659-25-090080,https://www.sec.gov/Archives/edgar/data/711669/000110465925090080/0001104659-25-090080.txt
0000711669,https://www.sec.gov/Archives/edgar/data/711669/000110465925092987/tm2524601-3_s4a.htm,CBAN,COLONY BANKCORP INC,S-4/A,2025-09-24,68,,False,,,,,0001104659-25-092987,https://www.sec.gov/Archives/edgar/data/711669/000110465925092987/0001104659-25-092987.txt
0001662579,https://www.sec.gov/Archives/edgar/data/1662579/000119312525258664/ownership.xml,CCCC,"C4 Therapeutics, Inc.",4,2025-10-30,32,,False,,,,,0001193125-25-258664,https://www.sec.gov/Archives/edgar/data/1662579/000119312525258664/0001193125-25-258664.txt
0001662579,https://www.sec.gov/Archives/edgar/data/1662579/000147083125000249/wk-form4_1759522434.xml,CCCC,"C4 Therapeutics, Inc.",4,2025-10-03,59,,False,,,,,0001470831-25-000249,https://www.sec.gov/Archives/edgar/data/1662579/000147083125000249/0001470831-25-000249.txt
0001662579,https://www.sec.gov/Archives/edgar/data/1662579/000147083125000250/wk-form4_1759522454.xml,CCCC,"C4 Therapeutics, Inc.",4,2025-10-03,59,,False,,,,,0001470831-25-000250,https://www.sec.gov/Archives/edgar/data/1662579/000147083125000250/0001470831-25-000250.txt
0001662579,https://www.sec.gov/Archives/edgar/data/1662579/000147083125000223/wk-form4_1758312827.xml,CCCC,"C4 Therapeutics, Inc.",4,2025-09-19,73,,False,,,,,0001470831-25-000223,https://www.sec.gov/Archives/edgar/data/1662579/000147083125000223/0001470831-25-000223.txt
0001662579,https://www.sec.gov/Archives/edgar/data/1662579/000166257925000055/wk-form4_1752524362.xml,CCCC,"C4 Therapeutics, Inc.",4,2025-07-14,140,,False,,,,,0001662579-25-000055,https://www.sec.gov/Archives/edgar/data/1662579/000166257925000055/0001662579-25-000055.txt
0001662579,https://www.sec.gov/Archives/edgar/data/1662579/000166257925000053/wk-form4_1751487429.xml,CCCC,"C4 Therapeutics, Inc.",4,2025-07-02,152,,False,,,,,0001662579-25-000053,https://www.sec.gov/Archives/edgar/data/1662579/000166257925000053/0001662579-25-000053.txt
0001662579,https://www.sec.gov/Archives/edgar/data/1662579/000166257925000052/wk-form4_1751487418.xml,CCCC,"C4 Therapeutics, Inc.",4,2025-07-02,152,,False,,,,,0001662579-25-000052,https://www.sec.gov/Archives/edgar/data/1662579/000166257925000052/0001662579-25-000052.txt
0001662579,https://www.sec.gov/Archives/edgar/data/1662579/000166257925000042/wk-form4_1750450241.xml,CCCC,"C4 Therapeutics, Inc.",4,2025-06-20,164,,False,,,,,0001662579-25-000042,https://www.sec.gov/Archives/edgar/data/1662579/000166257925000042/0001662579-25-000042.txt
0001662579,https://www.sec.gov/Archives/edgar/data/1662579/000166257925000057/wk-form4a_1752584408.xml,CCCC,"C4 Therapeutics, Inc.",4/A,2025-07-15,139,,False,,,,,0001662579-25-000057,https://www.sec.gov/Archives/edgar/data/1662579/000166257925000057/0001662579-25-000057.txt
0001662579,https://www.sec.gov/Archives/edgar/data/1662579/000162828024048091/prospectusresale.htm,CCCC,"C4 Therapeutics, Inc.",424B3,2024-11-15,381,,False,,,,,0001628280-24-048091,https://www.sec.gov/Archives/edgar/data/1662579/000162828024048091/0001628280-24-048091.txt
0001662579,https://www.sec.gov/Archives/edgar/data/1662579/000119312525241586/d12915d424b5.htm,CCCC,"C4 Therapeutics, Inc.",424B5,2025-10-16,46,,False,,,,,0001193125-25-241586,https://www.sec.gov/Archives/edgar/data/1662579/000119312525241586/0001193125-25-241586.txt
0001662579,https://www.sec.gov/Archives/edgar/data/1662579/000162828024048088/prospectussupplement.htm,CCCC,"C4 Therapeutics, Inc.",424B5,2024-11-15,381,,False,,,,,0001628280-24-048088,https://www.sec.gov/Archives/edgar/data/1662579/000162828024048088/0001628280-24-048088.txt
0001662579,https://www.sec.gov/Archives/edgar/data/1662579/000162828025049850/cccc-20251106.htm,CCCC,"C4 Therapeutics, Inc.",8-K,2025-11-06,25,,False,,,,,0001628280-25-049850,https://www.sec.gov/Archives/edgar/data/1662579/000162828025049850/0001628280-25-049850.txt
0001662579,https://www.sec.gov/Archives/edgar/data/1662579/000119312525241591/d19436d8k.htm,CCCC,"C4 Therapeutics, Inc.",8-K,2025-10-16,46,,False,,,,,0001193125-25-241591,https://www.sec.gov/Archives/edgar/data/1662579/000119312525241591/0001193125-25-241591.txt
0001662579,https://www.sec.gov/Archives/edgar/data/1662579/000162828025045157/cccc-20251016.htm,CCCC,"C4 Therapeutics, Inc.",8-K,2025-10-16,46,,False,,,,,0001628280-25-045157,https://www.sec.gov/Archives/edgar/data/1662579/000162828025045157/0001628280-25-045157.txt
0001662579,https://www.sec.gov/Archives/edgar/data/1662579/000162828025043290/cccc-20251001.htm,CCCC,"C4 Therapeutics, Inc.",8-K,2025-10-01,61,,False,,,,,0001628280-25-043290,https://www.sec.gov/Archives/edgar/data/1662579/000162828025043290/0001628280-25-043290.txt
0001662579,https://www.sec.gov/Archives/edgar/data/1662579/000162828025042245/cccc-20250922.htm,CCCC,"C4 Therapeutics, Inc.",8-K,2025-09-22,70,,False,,,,,0001628280-25-042245,https://www.sec.gov/Archives/edgar/data/1662579/000162828025042245/0001628280-25-042245.txt
0001662579,https://www.sec.gov/Archives/edgar/data/1662579/000162828025038576/cccc-20250807.htm,CCCC,"C4 Therapeutics, Inc.",8-K,2025-08-07,116,,False,,,,,0001628280-25-038576,https://www.sec.gov/Archives/edgar/data/1662579/000162828025038576/0001628280-25-038576.txt
0001662579,https://www.sec.gov/Archives/edgar/data/1662579/000162828025032155/cccc-20250618.htm,CCCC,"C4 Therapeutics, Inc.",8-K,2025-06-18,166,,False,,,,,0001628280-25-032155,https://www.sec.gov/Archives/edgar/data/1662579/000162828025032155/0001628280-25-032155.txt
0001662579,https://www.sec.gov/Archives/edgar/data/1662579/000162828025022864/cccc-20250507.htm,CCCC,"C4 Therapeutics, Inc.",8-K,2025-05-07,208,,False,,,,,0001628280-25-022864,https://www.sec.gov/Archives/edgar/data/1662579/000162828025022864/0001628280-25-022864.txt
0001662579,https://www.sec.gov/Archives/edgar/data/1662579/000162828025017612/cccc-20250414.htm,CCCC,"C4 Therapeutics, Inc.",8-K,2025-04-14,231,,False,,,,,0001628280-25-017612,https://www.sec.gov/Archives/edgar/data/1662579/000162828025017612/0001628280-25-017612.txt
0001662579,https://www.sec.gov/Archives/edgar/data/1662579/000162828025008429/cccc-20250227.htm,CCCC,"C4 Therapeutics, Inc.",8-K,2025-02-27,277,,False,,,,,0001628280-25-008429,https://www.sec.gov/Archives/edgar/data/1662579/000162828025008429/0001628280-25-008429.txt
0001662579,https://www.sec.gov/Archives/edgar/data/1662579/000162828025053575/s-3november2025.htm,CCCC,"C4 Therapeutics, Inc.",S-3,2025-11-21,10,,False,,,,,0001628280-25-053575,https://www.sec.gov/Archives/edgar/data/1662579/000162828025053575/0001628280-25-053575.txt
0001662579,https://www.sec.gov/Archives/edgar/data/1662579/000162828024044613/s-3resale.htm,CCCC,"C4 Therapeutics, Inc.",S-3,2024-10-31,396,,False,,,,,0001628280-24-044613,https://www.sec.gov/Archives/edgar/data/1662579/000162828024044613/0001628280-24-044613.txt
0001662579,https://www.sec.gov/Archives/edgar/data/1662579/000162828024044612/s-3october312024.htm,CCCC,"C4 Therapeutics, Inc.",S-3,2024-10-31,396,,False,,,,,0001628280-24-044612,https://www.sec.gov/Archives/edgar/data/1662579/000162828024044612/0001628280-24-044612.txt
0001662579,https://www.sec.gov/Archives/edgar/data/1662579/000162828025008434/a2025s-8.htm,CCCC,"C4 Therapeutics, Inc.",S-8,2025-02-27,277,,False,,,,,0001628280-25-008434,https://www.sec.gov/Archives/edgar/data/1662579/000162828025008434/0001628280-25-008434.txt
0001879103,https://www.sec.gov/Archives/edgar/data/1879103/000119312525207468/cfsb-20250630.htm,CFSB,"CFSB Bancorp, Inc. /MA/",10-K,2025-09-18,74,,False,,NO_PERIODS,no inferable periods,,0001193125-25-207468,https://www.sec.gov/Archives/edgar/data/1879103/000119312525207468/0001193125-25-207468.txt
0001879103,https://www.sec.gov/Archives/edgar/data/1879103/000143774925032613/rdgdoc.xml,CFSB,"CFSB Bancorp, Inc. /MA/",4,2025-10-31,31,,False,,,,,0001437749-25-032613,https://www.sec.gov/Archives/edgar/data/1879103/000143774925032613/0001437749-25-032613.txt
0001879103,https://www.sec.gov/Archives/edgar/data/1879103/000143774925032579/rdgdoc.xml,CFSB,"CFSB Bancorp, Inc. /MA/",4,2025-10-31,31,,False,,,,,0001437749-25-032579,https://www.sec.gov/Archives/edgar/data/1879103/000143774925032579/0001437749-25-032579.txt
0001879103,https://www.sec.gov/Archives/edgar/data/1879103/000143774925032577/rdgdoc.xml,CFSB,"CFSB Bancorp, Inc. /MA/",4,2025-10-31,31,,False,,,,,0001437749-25-032577,https://www.sec.gov/Archives/edgar/data/1879103/000143774925032577/0001437749-25-032577.txt
0001879103,https://www.sec.gov/Archives/edgar/data/1879103/000143774925032575/rdgdoc.xml,CFSB,"CFSB Bancorp, Inc. /MA/",4,2025-10-31,31,,False,,,,,0001437749-25-032575,https://www.sec.gov/Archives/edgar/data/1879103/000143774925032575/0001437749-25-032575.txt
0001879103,https://www.sec.gov/Archives/edgar/data/1879103/000143774925032574/rdgdoc.xml,CFSB,"CFSB Bancorp, Inc. /MA/",4,2025-10-31,31,,False,,,,,0001437749-25-032574,https://www.sec.gov/Archives/edgar/data/1879103/000143774925032574/0001437749-25-032574.txt
0001879103,https://www.sec.gov/Archives/edgar/data/1879103/000143774925032572/rdgdoc.xml,CFSB,"CFSB Bancorp, Inc. /MA/",4,2025-10-31,31,,False,,,,,0001437749-25-032572,https://www.sec.gov/Archives/edgar/data/1879103/000143774925032572/0001437749-25-032572.txt
0001879103,https://www.sec.gov/Archives/edgar/data/1879103/000143774925032571/rdgdoc.xml,CFSB,"CFSB Bancorp, Inc. /MA/",4,2025-10-31,31,,False,,,,,0001437749-25-032571,https://www.sec.gov/Archives/edgar/data/1879103/000143774925032571/0001437749-25-032571.txt
0001879103,https://www.sec.gov/Archives/edgar/data/1879103/000143774925032570/rdgdoc.xml,CFSB,"CFSB Bancorp, Inc. /MA/",4,2025-10-31,31,,False,,,,,0001437749-25-032570,https://www.sec.gov/Archives/edgar/data/1879103/000143774925032570/0001437749-25-032570.txt
0001879103,https://www.sec.gov/Archives/edgar/data/1879103/000143774925032569/rdgdoc.xml,CFSB,"CFSB Bancorp, Inc. /MA/",4,2025-10-31,31,,False,,,,,0001437749-25-032569,https://www.sec.gov/Archives/edgar/data/1879103/000143774925032569/0001437749-25-032569.txt
0001879103,https://www.sec.gov/Archives/edgar/data/1879103/000143774925032568/rdgdoc.xml,CFSB,"CFSB Bancorp, Inc. /MA/",4,2025-10-31,31,,False,,,,,0001437749-25-032568,https://www.sec.gov/Archives/edgar/data/1879103/000143774925032568/0001437749-25-032568.txt
0001879103,https://www.sec.gov/Archives/edgar/data/1879103/000094337425000455/form8k.htm,CFSB,"CFSB Bancorp, Inc. /MA/",8-K,2025-11-03,28,,False,,,,,0000943374-25-000455,https://www.sec.gov/Archives/edgar/data/1879103/000094337425000455/0000943374-25-000455.txt
0001879103,https://www.sec.gov/Archives/edgar/data/1879103/000119312525245550/d53503d8k.htm,CFSB,"CFSB Bancorp, Inc. /MA/",8-K,2025-10-22,40,,False,,,,,0001193125-25-245550,https://www.sec.gov/Archives/edgar/data/1879103/000119312525245550/0001193125-25-245550.txt
0001879103,https://www.sec.gov/Archives/edgar/data/1879103/000119312525206477/d44175d8k.htm,CFSB,"CFSB Bancorp, Inc. /MA/",8-K,2025-09-18,74,,False,,,,,0001193125-25-206477,https://www.sec.gov/Archives/edgar/data/1879103/000119312525206477/0001193125-25-206477.txt
0001879103,https://www.sec.gov/Archives/edgar/data/1879103/000119312525197283/d39024d8k.htm,CFSB,"CFSB Bancorp, Inc. /MA/",8-K,2025-09-05,87,,False,,,,,0001193125-25-197283,https://www.sec.gov/Archives/edgar/data/1879103/000119312525197283/0001193125-25-197283.txt
0001879103,https://www.sec.gov/Archives/edgar/data/1879103/000119312525123609/d944161d8k.htm,CFSB,"CFSB Bancorp, Inc. /MA/",8-K,2025-05-21,194,,False,,,,,0001193125-25-123609,https://www.sec.gov/Archives/edgar/data/1879103/000119312525123609/0001193125-25-123609.txt
0001879103,https://www.sec.gov/Archives/edgar/data/1879103/000095017025060206/cfsb-20250429.htm,CFSB,"CFSB Bancorp, Inc. /MA/",8-K,2025-04-29,216,,False,,,,,0000950170-25-060206,https://www.sec.gov/Archives/edgar/data/1879103/000095017025060206/0000950170-25-060206.txt
0001879103,https://www.sec.gov/Archives/edgar/data/1879103/000095017025010534/cfsb-20250129.htm,CFSB,"CFSB Bancorp, Inc. /MA/",8-K,2025-01-29,306,,False,,,,,0000950170-25-010534,https://www.sec.gov/Archives/edgar/data/1879103/000095017025010534/0000950170-25-010534.txt
0001879103,https://www.sec.gov/Archives/edgar/data/1879103/000095017024130244/cfsb-20241121.htm,CFSB,"CFSB Bancorp, Inc. /MA/",8-K,2024-11-22,374,,False,,,,,0000950170-24-130244,https://www.sec.gov/Archives/edgar/data/1879103/000095017024130244/0000950170-24-130244.txt
0001879103,https://www.sec.gov/Archives/edgar/data/1879103/000095017024118274/cfsb-20241029.htm,CFSB,"CFSB Bancorp, Inc. /MA/",8-K,2024-10-29,398,,False,,,,,0000950170-24-118274,https://www.sec.gov/Archives/edgar/data/1879103/000095017024118274/0000950170-24-118274.txt
0001737927,https://www.sec.gov/Archives/edgar/data/1737927/000119312525270960/cgc-20250930.htm,CGC,Canopy Growth Corp,10-Q,2025-11-07,24,,False,,NO_CASHFLOW,operating cash flow missing,,0001193125-25-270960,https://www.sec.gov/Archives/edgar/data/1737927/000119312525270960/0001193125-25-270960.txt
0001737927,https://www.sec.gov/Archives/edgar/data/1737927/000119312525175982/cgc-20250630.htm,CGC,Canopy Growth Corp,10-Q,2025-08-08,115,,False,,NO_CASHFLOW,operating cash flow missing,,0001193125-25-175982,https://www.sec.gov/Archives/edgar/data/1737927/000119312525175982/0001193125-25-175982.txt
0001737927,https://www.sec.gov/Archives/edgar/data/1737927/000110465925099288/tm2528718-1_3seq1.xml,CGC,Canopy Growth Corp,3,2025-10-14,48,,False,,,,,0001104659-25-099288,https://www.sec.gov/Archives/edgar/data/1737927/000110465925099288/0001104659-25-099288.txt
0001737927,https://www.sec.gov/Archives/edgar/data/1737927/000110465925111341/tm2531202-1_4seq1.xml,CGC,Canopy Growth Corp,4,2025-11-13,18,,False,,,,,0001104659-25-111341,https://www.sec.gov/Archives/edgar/data/1737927/000110465925111341/0001104659-25-111341.txt
0001737927,https://www.sec.gov/Archives/edgar/data/1737927/000110465925095031/tm2527640-4_4seq1.xml,CGC,Canopy Growth Corp,4,2025-09-30,62,,False,,,,,0001104659-25-095031,https://www.sec.gov/Archives/edgar/data/1737927/000110465925095031/0001104659-25-095031.txt
0001737927,https://www.sec.gov/Archives/edgar/data/1737927/000110465925095030/tm2527640-3_4seq1.xml,CGC,Canopy Growth Corp,4,2025-09-30,62,,False,,,,,0001104659-25-095030,https://www.sec.gov/Archives/edgar/data/1737927/000110465925095030/0001104659-25-095030.txt
0001737927,https://www.sec.gov/Archives/edgar/data/1737927/000110465925095029/tm2527640-2_4seq1.xml,CGC,Canopy Growth Corp,4,2025-09-30,62,,False,,,,,0001104659-25-095029,https://www.sec.gov/Archives/edgar/data/1737927/000110465925095029/0001104659-25-095029.txt
0001737927,https://www.sec.gov/Archives/edgar/data/1737927/000110465925095025/tm2527640-1_4seq1.xml,CGC,Canopy Growth Corp,4,2025-09-30,62,,False,,,,,0001104659-25-095025,https://www.sec.gov/Archives/edgar/data/1737927/000110465925095025/0001104659-25-095025.txt
0001737927,https://www.sec.gov/Archives/edgar/data/1737927/000110465925092515/tm2526756-1_4seq1.xml,CGC,Canopy Growth Corp,4,2025-09-23,69,,False,,,,,0001104659-25-092515,https://www.sec.gov/Archives/edgar/data/1737927/000110465925092515/0001104659-25-092515.txt
0001737927,https://www.sec.gov/Archives/edgar/data/1737927/000110465925091658/tm2526516-1_4seq1.xml,CGC,Canopy Growth Corp,4,2025-09-19,73,,False,,,,,0001104659-25-091658,https://www.sec.gov/Archives/edgar/data/1737927/000110465925091658/0001104659-25-091658.txt
0001737927,https://www.sec.gov/Archives/edgar/data/1737927/000110465925083085/tm2524390-1_4seq1.xml,CGC,Canopy Growth Corp,4,2025-08-26,97,,False,,,,,0001104659-25-083085,https://www.sec.gov/Archives/edgar/data/1737927/000110465925083085/0001104659-25-083085.txt
0001737927,https://www.sec.gov/Archives/edgar/data/1737927/000110465925085662/tm2524607-2_424b5.htm,CGC,Canopy Growth Corp,424B5,2025-08-29,94,,False,,,,,0001104659-25-085662,https://www.sec.gov/Archives/edgar/data/1737927/000110465925085662/0001104659-25-085662.txt
0001737927,https://www.sec.gov/Archives/edgar/data/1737927/000110465925057337/tm2516121-5_424b5.htm,CGC,Canopy Growth Corp,424B5,2025-06-06,178,,False,,,,,0001104659-25-057337,https://www.sec.gov/Archives/edgar/data/1737927/000110465925057337/0001104659-25-057337.txt
0001737927,https://www.sec.gov/Archives/edgar/data/1737927/000110465925019242/tm257897-1_424b5.htm,CGC,Canopy Growth Corp,424B5,2025-02-28,276,,False,,,,,0001104659-25-019242,https://www.sec.gov/Archives/edgar/data/1737927/000110465925019242/0001104659-25-019242.txt
0001737927,https://www.sec.gov/Archives/edgar/data/1737927/000110465925057341/tm2516121-6_424b7.htm,CGC,Canopy Growth Corp,424B7,2025-06-06,178,,False,,,,,0001104659-25-057341,https://www.sec.gov/Archives/edgar/data/1737927/000110465925057341/0001104659-25-057341.txt
0001737927,https://www.sec.gov/Archives/edgar/data/1737927/000110465924127219/tm2430617-1_424b7.htm,CGC,Canopy Growth Corp,424B7,2024-12-10,356,,False,,,,,0001104659-24-127219,https://www.sec.gov/Archives/edgar/data/1737927/000110465924127219/0001104659-24-127219.txt
0001737927,https://www.sec.gov/Archives/edgar/data/1737927/000119312525270995/cgc-20251107.htm,CGC,Canopy Growth Corp,8-K,2025-11-07,24,,False,,,,,0001193125-25-270995,https://www.sec.gov/Archives/edgar/data/1737927/000119312525270995/0001193125-25-270995.txt
0001737927,https://www.sec.gov/Archives/edgar/data/1737927/000110465925098884/tm2528659d1_8k.htm,CGC,Canopy Growth Corp,8-K,2025-10-14,48,,False,,,,,0001104659-25-098884,https://www.sec.gov/Archives/edgar/data/1737927/000110465925098884/0001104659-25-098884.txt
0001737927,https://www.sec.gov/Archives/edgar/data/1737927/000110465925090861/tm2526282d1_8k.htm,CGC,Canopy Growth Corp,8-K,2025-09-17,75,,False,,,,,0001104659-25-090861,https://www.sec.gov/Archives/edgar/data/1737927/000110465925090861/0001104659-25-090861.txt
0001737927,https://www.sec.gov/Archives/edgar/data/1737927/000110465925085779/tm2524672d1_8k.htm,CGC,Canopy Growth Corp,8-K,2025-08-29,94,,False,,,,,0001104659-25-085779,https://www.sec.gov/Archives/edgar/data/1737927/000110465925085779/0001104659-25-085779.txt
0001737927,https://www.sec.gov/Archives/edgar/data/1737927/000119312525176020/cgc-20250806.htm,CGC,Canopy Growth Corp,8-K,2025-08-08,115,,False,,,,,0001193125-25-176020,https://www.sec.gov/Archives/edgar/data/1737927/000119312525176020/0001193125-25-176020.txt
0001737927,https://www.sec.gov/Archives/edgar/data/1737927/000110465925071781/tm2521930d1_8k.htm,CGC,Canopy Growth Corp,8-K,2025-07-29,125,,False,,,,,0001104659-25-071781,https://www.sec.gov/Archives/edgar/data/1737927/000110465925071781/0001104659-25-071781.txt
0001737927,https://www.sec.gov/Archives/edgar/data/1737927/000110465925066600/tm2520113d1_8k.htm,CGC,Canopy Growth Corp,8-K,2025-07-09,145,,False,,,,,0001104659-25-066600,https://www.sec.gov/Archives/edgar/data/1737927/000110465925066600/0001104659-25-066600.txt
0001737927,https://www.sec.gov/Archives/edgar/data/1737927/000095017025079321/cgc-20250530.htm,CGC,Canopy Growth Corp,8-K,2025-05-30,185,,False,,,,,0000950170-25-079321,https://www.sec.gov/Archives/edgar/data/1737927/000095017025079321/0000950170-25-079321.txt
0001737927,https://www.sec.gov/Archives/edgar/data/1737927/000110465925030245/tm257897d4_8k.htm,CGC,Canopy Growth Corp,8-K,2025-04-01,244,,False,,,,,0001104659-25-030245,https://www.sec.gov/Archives/edgar/data/1737927/000110465925030245/0001104659-25-030245.txt
0001737927,https://www.sec.gov/Archives/edgar/data/1737927/000110465925019244/tm257897d2_8k.htm,CGC,Canopy Growth Corp,8-K,2025-02-28,276,,False,,,,,0001104659-25-019244,https://www.sec.gov/Archives/edgar/data/1737927/000110465925019244/0001104659-25-019244.txt
0001571776,https://www.sec.gov/Archives/edgar/data/1571776/000114036125040783/ef20054967_10q.htm,CHMI,Cherry Hill Mortgage Investment Corp,10-Q,2025-11-06,25,,False,,NO_PERIODS,no inferable periods,,0001140361-25-040783,https://www.sec.gov/Archives/edgar/data/1571776/000114036125040783/0001140361-25-040783.txt
0001571776,https://www.sec.gov/Archives/edgar/data/1571776/000114036125029603/ef20050378_10q.htm,CHMI,Cherry Hill Mortgage Investment Corp,10-Q,2025-08-07,116,,False,,NO_PERIODS,no inferable periods,,0001140361-25-029603,https://www.sec.gov/Archives/edgar/data/1571776/000114036125029603/0001140361-25-029603.txt
0001571776,https://www.sec.gov/Archives/edgar/data/1571776/000114036125029631/form3.xml,CHMI,Cherry Hill Mortgage Investment Corp,3,2025-08-07,116,,False,,,,,0001140361-25-029631,https://www.sec.gov/Archives/edgar/data/1571776/000114036125029631/0001140361-25-029631.txt
0001571776,https://www.sec.gov/Archives/edgar/data/1571776/000114036125023353/form3.xml,CHMI,Cherry Hill Mortgage Investment Corp,3,2025-06-23,161,,False,,,,,0001140361-25-023353,https://www.sec.gov/Archives/edgar/data/1571776/000114036125023353/0001140361-25-023353.txt
0001571776,https://www.sec.gov/Archives/edgar/data/1571776/000114036125008462/form3.xml,CHMI,Cherry Hill Mortgage Investment Corp,3,2025-03-12,264,,False,,,,,0001140361-25-008462,https://www.sec.gov/Archives/edgar/data/1571776/000114036125008462/0001140361-25-008462.txt
0001571776,https://www.sec.gov/Archives/edgar/data/1571776/000114036125024654/form4.xml,CHMI,Cherry Hill Mortgage Investment Corp,4,2025-07-02,152,,False,,,,,0001140361-25-024654,https://www.sec.gov/Archives/edgar/data/1571776/000114036125024654/0001140361-25-024654.txt
0001571776,https://www.sec.gov/Archives/edgar/data/1571776/000114036125024653/form4.xml,CHMI,Cherry Hill Mortgage Investment Corp,4,2025-07-02,152,,False,,,,,0001140361-25-024653,https://www.sec.gov/Archives/edgar/data/1571776/000114036125024653/0001140361-25-024653.txt
0001571776,https://www.sec.gov/Archives/edgar/data/1571776/000114036125024652/form4.xml,CHMI,Cherry Hill Mortgage Investment Corp,4,2025-07-02,152,,False,,,,,0001140361-25-024652,https://www.sec.gov/Archives/edgar/data/1571776/000114036125024652/0001140361-25-024652.txt
0001571776,https://www.sec.gov/Archives/edgar/data/1571776/000114036125024651/form4.xml,CHMI,Cherry Hill Mortgage Investment Corp,4,2025-07-02,152,,False,,,,,0001140361-25-024651,https://www.sec.gov/Archives/edgar/data/1571776/000114036125024651/0001140361-25-024651.txt
0001571776,https://www.sec.gov/Archives/edgar/data/1571776/000114036125010285/form4.xml,CHMI,Cherry Hill Mortgage Investment Corp,4,2025-03-25,251,,False,,,,,0001140361-25-010285,https://www.sec.gov/Archives/edgar/data/1571776/000114036125010285/0001140361-25-010285.txt
0001571776,https://www.sec.gov/Archives/edgar/data/1571776/000114036125040789/ef20058393_8k.htm,CHMI,Cherry Hill Mortgage Investment Corp,8-K,2025-11-06,25,,False,,,,,0001140361-25-040789,https://www.sec.gov/Archives/edgar/data/1571776/000114036125040789/0001140361-25-040789.txt
0001571776,https://www.sec.gov/Archives/edgar/data/1571776/000114036125032484/ef20054454_8k.htm,CHMI,Cherry Hill Mortgage Investment Corp,8-K,2025-08-25,98,,False,,,,,0001140361-25-032484,https://www.sec.gov/Archives/edgar/data/1571776/000114036125032484/0001140361-25-032484.txt
0001571776,https://www.sec.gov/Archives/edgar/data/1571776/000114036125029605/ef20053350_8k.htm,CHMI,Cherry Hill Mortgage Investment Corp,8-K,2025-08-07,116,,False,,,,,0001140361-25-029605,https://www.sec.gov/Archives/edgar/data/1571776/000114036125029605/0001140361-25-029605.txt
0001571776,https://www.sec.gov/Archives/edgar/data/1571776/000114036125027686/ef20052742_8k.htm,CHMI,Cherry Hill Mortgage Investment Corp,8-K,2025-07-29,125,,False,,,,,0001140361-25-027686,https://www.sec.gov/Archives/edgar/data/1571776/000114036125027686/0001140361-25-027686.txt
0001571776,https://www.sec.gov/Archives/edgar/data/1571776/000114036125022434/ef20050619_8k.htm,CHMI,Cherry Hill Mortgage Investment Corp,8-K,2025-06-13,171,,False,,,,,0001140361-25-022434,https://www.sec.gov/Archives/edgar/data/1571776/000114036125022434/0001140361-25-022434.txt
0001571776,https://www.sec.gov/Archives/edgar/data/1571776/000114036125020506/ef20049717_8k.htm,CHMI,Cherry Hill Mortgage Investment Corp,8-K,2025-05-27,188,,False,,,,,0001140361-25-020506,https://www.sec.gov/Archives/edgar/data/1571776/000114036125020506/0001140361-25-020506.txt
0001571776,https://www.sec.gov/Archives/edgar/data/1571776/000114036125017538/ef20048504_8k.htm,CHMI,Cherry Hill Mortgage Investment Corp,8-K,2025-05-06,209,,False,,,,,0001140361-25-017538,https://www.sec.gov/Archives/edgar/data/1571776/000114036125017538/0001140361-25-017538.txt
0001571776,https://www.sec.gov/Archives/edgar/data/1571776/000114036125008429/ef20045292_8k.htm,CHMI,Cherry Hill Mortgage Investment Corp,8-K,2025-03-12,264,,False,,,,,0001140361-25-008429,https://www.sec.gov/Archives/edgar/data/1571776/000114036125008429/0001140361-25-008429.txt
0001571776,https://www.sec.gov/Archives/edgar/data/1571776/000114036125007455/ef20044995_8k.htm,CHMI,Cherry Hill Mortgage Investment Corp,8-K,2025-03-06,270,,False,,,,,0001140361-25-007455,https://www.sec.gov/Archives/edgar/data/1571776/000114036125007455/0001140361-25-007455.txt
0001571776,https://www.sec.gov/Archives/edgar/data/1571776/000114036124047384/ef20038920_8k.htm,CHMI,Cherry Hill Mortgage Investment Corp,8-K,2024-11-20,376,,False,,,,,0001140361-24-047384,https://www.sec.gov/Archives/edgar/data/1571776/000114036124047384/0001140361-24-047384.txt
0001593222,https://www.sec.gov/Archives/edgar/data/1593222/000095017025023714/cio-20241231.htm,CIO,"City Office REIT, Inc.",10-K,2025-02-20,284,,False,,NO_PERIODS,no inferable periods,,0000950170-25-023714,https://www.sec.gov/Archives/edgar/data/1593222/000095017025023714/0000950170-25-023714.txt
0001593222,https://www.sec.gov/Archives/edgar/data/1593222/000119312525270904/cio-20250930.htm,CIO,"City Office REIT, Inc.",10-Q,2025-11-07,24,,False,,NO_PERIODS,no inferable periods,,0001193125-25-270904,https://www.sec.gov/Archives/edgar/data/1593222/000119312525270904/0001193125-25-270904.txt
0001593222,https://www.sec.gov/Archives/edgar/data/1593222/000095017025100537/cio-20250630.htm,CIO,"City Office REIT, Inc.",10-Q,2025-07-31,123,,False,,NO_PERIODS,no inferable periods,,0000950170-25-100537,https://www.sec.gov/Archives/edgar/data/1593222/000095017025100537/0000950170-25-100537.txt
0001593222,https://www.sec.gov/Archives/edgar/data/1593222/000095017025098772/ownership.xml,CIO,"City Office REIT, Inc.",4,2025-07-25,129,,False,,,,,0000950170-25-098772,https://www.sec.gov/Archives/edgar/data/1593222/000095017025098772/0000950170-25-098772.txt
0001593222,https://www.sec.gov/Archives/edgar/data/1593222/000095017025098768/ownership.xml,CIO,"City Office REIT, Inc.",4,2025-07-25,129,,False,,,,,0000950170-25-098768,https://www.sec.gov/Archives/edgar/data/1593222/000095017025098768/0000950170-25-098768.txt
0001593222,https://www.sec.gov/Archives/edgar/data/1593222/000095017025098765/ownership.xml,CIO,"City Office REIT, Inc.",4,2025-07-25,129,,False,,,,,0000950170-25-098765,https://www.sec.gov/Archives/edgar/data/1593222/000095017025098765/0000950170-25-098765.txt
0001593222,https://www.sec.gov/Archives/edgar/data/1593222/000095017025098761/ownership.xml,CIO,"City Office REIT, Inc.",4,2025-07-25,129,,False,,,,,0000950170-25-098761,https://www.sec.gov/Archives/edgar/data/1593222/000095017025098761/0000950170-25-098761.txt
0001593222,https://www.sec.gov/Archives/edgar/data/1593222/000095017025098756/ownership.xml,CIO,"City Office REIT, Inc.",4,2025-07-25,129,,False,,,,,0000950170-25-098756,https://www.sec.gov/Archives/edgar/data/1593222/000095017025098756/0000950170-25-098756.txt
0001593222,https://www.sec.gov/Archives/edgar/data/1593222/000095017025098752/ownership.xml,CIO,"City Office REIT, Inc.",4,2025-07-25,129,,False,,,,,0000950170-25-098752,https://www.sec.gov/Archives/edgar/data/1593222/000095017025098752/0000950170-25-098752.txt
0001593222,https://www.sec.gov/Archives/edgar/data/1593222/000095017025098750/ownership.xml,CIO,"City Office REIT, Inc.",4,2025-07-25,129,,False,,,,,0000950170-25-098750,https://www.sec.gov/Archives/edgar/data/1593222/000095017025098750/0000950170-25-098750.txt
0001593222,https://www.sec.gov/Archives/edgar/data/1593222/000095017025098748/ownership.xml,CIO,"City Office REIT, Inc.",4,2025-07-25,129,,False,,,,,0000950170-25-098748,https://www.sec.gov/Archives/edgar/data/1593222/000095017025098748/0000950170-25-098748.txt
0001593222,https://www.sec.gov/Archives/edgar/data/1593222/000095017025058596/ownership.xml,CIO,"City Office REIT, Inc.",4,2025-04-25,220,,False,,,,,0000950170-25-058596,https://www.sec.gov/Archives/edgar/data/1593222/000095017025058596/0000950170-25-058596.txt
0001593222,https://www.sec.gov/Archives/edgar/data/1593222/000095017025058591/ownership.xml,CIO,"City Office REIT, Inc.",4,2025-04-25,220,,False,,,,,0000950170-25-058591,https://www.sec.gov/Archives/edgar/data/1593222/000095017025058591/0000950170-25-058591.txt
0001593222,https://www.sec.gov/Archives/edgar/data/1593222/000119312525297175/d53216d8k.htm,CIO,"City Office REIT, Inc.",8-K,2025-11-25,6,,False,,,,,0001193125-25-297175,https://www.sec.gov/Archives/edgar/data/1593222/000119312525297175/0001193125-25-297175.txt
0001593222,https://www.sec.gov/Archives/edgar/data/1593222/000119312525241716/d80098d8k.htm,CIO,"City Office REIT, Inc.",8-K,2025-10-17,45,,False,,,,,0001193125-25-241716,https://www.sec.gov/Archives/edgar/data/1593222/000119312525241716/0001193125-25-241716.txt
0001593222,https://www.sec.gov/Archives/edgar/data/1593222/000119312525233641/d227362d8k.htm,CIO,"City Office REIT, Inc.",8-K,2025-10-07,55,,False,,,,,0001193125-25-233641,https://www.sec.gov/Archives/edgar/data/1593222/000119312525233641/0001193125-25-233641.txt
0001593222,https://www.sec.gov/Archives/edgar/data/1593222/000119312525181880/d927791d8k.htm,CIO,"City Office REIT, Inc.",8-K,2025-08-15,108,,False,,,,,0001193125-25-181880,https://www.sec.gov/Archives/edgar/data/1593222/000119312525181880/0001193125-25-181880.txt
0001593222,https://www.sec.gov/Archives/edgar/data/1593222/000095017025100535/cio-20250731.htm,CIO,"City Office REIT, Inc.",8-K,2025-07-31,123,,False,,,,,0000950170-25-100535,https://www.sec.gov/Archives/edgar/data/1593222/000095017025100535/0000950170-25-100535.txt
0001593222,https://www.sec.gov/Archives/edgar/data/1593222/000119312525163765/d923147d8k.htm,CIO,"City Office REIT, Inc.",8-K,2025-07-24,130,,False,,,,,0001193125-25-163765,https://www.sec.gov/Archives/edgar/data/1593222/000119312525163765/0001193125-25-163765.txt
0001593222,https://www.sec.gov/Archives/edgar/data/1593222/000119312525112764/d771249d8k.htm,CIO,"City Office REIT, Inc.",8-K,2025-05-05,210,,False,,,,,0001193125-25-112764,https://www.sec.gov/Archives/edgar/data/1593222/000119312525112764/0001193125-25-112764.txt
0001593222,https://www.sec.gov/Archives/edgar/data/1593222/000095017025062247/cio-20250502.htm,CIO,"City Office REIT, Inc.",8-K,2025-05-02,213,,False,,,,,0000950170-25-062247,https://www.sec.gov/Archives/edgar/data/1593222/000095017025062247/0000950170-25-062247.txt
0001593222,https://www.sec.gov/Archives/edgar/data/1593222/000119312525080234/d57830d8k.htm,CIO,"City Office REIT, Inc.",8-K,2025-04-14,231,,False,,,,,0001193125-25-080234,https://www.sec.gov/Archives/edgar/data/1593222/000119312525080234/0001193125-25-080234.txt
0001593222,https://www.sec.gov/Archives/edgar/data/1593222/000095017025023710/cio-20250220.htm,CIO,"City Office REIT, Inc.",8-K,2025-02-20,284,,False,,,,,0000950170-25-023710,https://www.sec.gov/Archives/edgar/data/1593222/000095017025023710/0000950170-25-023710.txt
0001593222,https://www.sec.gov/Archives/edgar/data/1593222/000119312525121681/d920007ds8.htm,CIO,"City Office REIT, Inc.",S-8,2025-05-16,199,,False,,,,,0001193125-25-121681,https://www.sec.gov/Archives/edgar/data/1593222/000119312525121681/0001193125-25-121681.txt
0001768446,https://www.sec.gov/Archives/edgar/data/1768446/000119312525227090/ownership.xml,CLYM,"Climb Bio, Inc.",3,2025-10-01,61,,False,,,,,0001193125-25-227090,https://www.sec.gov/Archives/edgar/data/1768446/000119312525227090/0001193125-25-227090.txt
0001768446,https://www.sec.gov/Archives/edgar/data/1768446/000095017025088986/ownership.xml,CLYM,"Climb Bio, Inc.",3,2025-06-23,161,,False,,,,,0000950170-25-088986,https://www.sec.gov/Archives/edgar/data/1768446/000095017025088986/0000950170-25-088986.txt
0001768446,https://www.sec.gov/Archives/edgar/data/1768446/000095017025088516/ownership.xml,CLYM,"Climb Bio, Inc.",3,2025-06-20,164,,False,,,,,0000950170-25-088516,https://www.sec.gov/Archives/edgar/data/1768446/000095017025088516/0000950170-25-088516.txt
0001768446,https://www.sec.gov/Archives/edgar/data/1768446/000119312525227099/ownership.xml,CLYM,"Climb Bio, Inc.",4,2025-10-01,61,,False,,,,,0001193125-25-227099,https://www.sec.gov/Archives/edgar/data/1768446/000119312525227099/0001193125-25-227099.txt
0001768446,https://www.sec.gov/Archives/edgar/data/1768446/000095017025106563/ownership.xml,CLYM,"Climb Bio, Inc.",4,2025-08-11,112,,False,,,,,0000950170-25-106563,https://www.sec.gov/Archives/edgar/data/1768446/000095017025106563/0000950170-25-106563.txt
0001768446,https://www.sec.gov/Archives/edgar/data/1768446/000095017025092284/ownership.xml,CLYM,"Climb Bio, Inc.",4,2025-07-01,153,,False,,,,,0000950170-25-092284,https://www.sec.gov/Archives/edgar/data/1768446/000095017025092284/0000950170-25-092284.txt
0001768446,https://www.sec.gov/Archives/edgar/data/1768446/000095017025092273/ownership.xml,CLYM,"Climb Bio, Inc.",4,2025-07-01,153,,False,,,,,0000950170-25-092273,https://www.sec.gov/Archives/edgar/data/1768446/000095017025092273/0000950170-25-092273.txt
0001768446,https://www.sec.gov/Archives/edgar/data/1768446/000095017025088525/ownership.xml,CLYM,"Climb Bio, Inc.",4,2025-06-20,164,,False,,,,,0000950170-25-088525,https://www.sec.gov/Archives/edgar/data/1768446/000095017025088525/0000950170-25-088525.txt
0001768446,https://www.sec.gov/Archives/edgar/data/1768446/000095017025088524/ownership.xml,CLYM,"Climb Bio, Inc.",4,2025-06-20,164,,False,,,,,0000950170-25-088524,https://www.sec.gov/Archives/edgar/data/1768446/000095017025088524/0000950170-25-088524.txt
0001768446,https://www.sec.gov/Archives/edgar/data/1768446/000095017025082320/ownership.xml,CLYM,"Climb Bio, Inc.",4,2025-06-05,179,,False,,,,,0000950170-25-082320,https://www.sec.gov/Archives/edgar/data/1768446/000095017025082320/0000950170-25-082320.txt
0001768446,https://www.sec.gov/Archives/edgar/data/1768446/000119312525062602/d894946d424b5.htm,CLYM,"Climb Bio, Inc.",424B5,2025-03-25,251,,False,,,,,0001193125-25-062602,https://www.sec.gov/Archives/edgar/data/1768446/000119312525062602/0001193125-25-062602.txt
0001768446,https://www.sec.gov/Archives/edgar/data/1768446/000119312525268075/clym-20251106.htm,CLYM,"Climb Bio, Inc.",8-K,2025-11-06,25,,False,,,,,0001193125-25-268075,https://www.sec.gov/Archives/edgar/data/1768446/000119312525268075/0001193125-25-268075.txt
0001768446,https://www.sec.gov/Archives/edgar/data/1768446/000119312525241951/d34212d8k.htm,CLYM,"Climb Bio, Inc.",8-K,2025-10-17,45,,False,,,,,0001193125-25-241951,https://www.sec.gov/Archives/edgar/data/1768446/000119312525241951/0001193125-25-241951.txt
0001768446,https://www.sec.gov/Archives/edgar/data/1768446/000119312525227025/d33819d8k.htm,CLYM,"Climb Bio, Inc.",8-K,2025-10-01,61,,False,,,,,0001193125-25-227025,https://www.sec.gov/Archives/edgar/data/1768446/000119312525227025/0001193125-25-227025.txt
0001768446,https://www.sec.gov/Archives/edgar/data/1768446/000119312525221756/d942245d8k.htm,CLYM,"Climb Bio, Inc.",8-K,2025-09-29,63,,False,,,,,0001193125-25-221756,https://www.sec.gov/Archives/edgar/data/1768446/000119312525221756/0001193125-25-221756.txt
0001768446,https://www.sec.gov/Archives/edgar/data/1768446/000095017025106913/clym-20250812.htm,CLYM,"Climb Bio, Inc.",8-K,2025-08-12,111,,False,,,,,0000950170-25-106913,https://www.sec.gov/Archives/edgar/data/1768446/000095017025106913/0000950170-25-106913.txt
0001768446,https://www.sec.gov/Archives/edgar/data/1768446/000119312525142359/d939351d8k.htm,CLYM,"Climb Bio, Inc.",8-K,2025-06-18,166,,False,,,,,0001193125-25-142359,https://www.sec.gov/Archives/edgar/data/1768446/000119312525142359/0001193125-25-142359.txt
0001768446,https://www.sec.gov/Archives/edgar/data/1768446/000119312525135864/d924577d8k.htm,CLYM,"Climb Bio, Inc.",8-K,2025-06-05,179,,False,,,,,0001193125-25-135864,https://www.sec.gov/Archives/edgar/data/1768446/000119312525135864/0001193125-25-135864.txt
0001768446,https://www.sec.gov/Archives/edgar/data/1768446/000119312525125866/d854335d8k.htm,CLYM,"Climb Bio, Inc.",8-K,2025-05-23,192,,False,,,,,0001193125-25-125866,https://www.sec.gov/Archives/edgar/data/1768446/000119312525125866/0001193125-25-125866.txt
0001768446,https://www.sec.gov/Archives/edgar/data/1768446/000095017025070901/clym-20250514.htm,CLYM,"Climb Bio, Inc.",8-K,2025-05-14,201,,False,,,,,0000950170-25-070901,https://www.sec.gov/Archives/edgar/data/1768446/000095017025070901/0000950170-25-070901.txt
0001768446,https://www.sec.gov/Archives/edgar/data/1768446/000119312525069668/d853219d8k.htm,CLYM,"Climb Bio, Inc.",8-K,2025-04-01,244,,False,,,,,0001193125-25-069668,https://www.sec.gov/Archives/edgar/data/1768446/000119312525069668/0001193125-25-069668.txt
0001768446,https://www.sec.gov/Archives/edgar/data/1768446/000119312524256056/d893967ds3.htm,CLYM,"Climb Bio, Inc.",S-3,2024-11-12,384,,False,,,,,0001193125-24-256056,https://www.sec.gov/Archives/edgar/data/1768446/000119312524256056/0001193125-24-256056.txt
0001768446,https://www.sec.gov/Archives/edgar/data/1768446/000119312525070421/d853209ds8.htm,CLYM,"Climb Bio, Inc.",S-8,2025-04-01,244,,False,,,,,0001193125-25-070421,https://www.sec.gov/Archives/edgar/data/1768446/000119312525070421/0001193125-25-070421.txt
0001502377,https://www.sec.gov/Archives/edgar/data/1502377/000095017025039841/ctgo-20241231.htm,CTGO,"Contango ORE, Inc.",10-K,2025-03-17,259,,False,,NO_PERIODS,no inferable periods,,0000950170-25-039841,https://www.sec.gov/Archives/edgar/data/1502377/000095017025039841/0000950170-25-039841.txt
0001502377,https://www.sec.gov/Archives/edgar/data/1502377/000095017025053763/ctgo-20241231.htm,CTGO,"Contango ORE, Inc.",10-K/A,2025-04-14,231,,False,,NO_CASHFLOW,cashflow statement missing,,0000950170-25-053763,https://www.sec.gov/Archives/edgar/data/1502377/000095017025053763/0000950170-25-053763.txt
0001502377,https://www.sec.gov/Archives/edgar/data/1502377/000119312525280434/ctgo-20250930.htm,CTGO,"Contango ORE, Inc.",10-Q,2025-11-13,18,,False,,NO_PERIODS,no inferable periods,,0001193125-25-280434,https://www.sec.gov/Archives/edgar/data/1502377/000119312525280434/0001193125-25-280434.txt
0001502377,https://www.sec.gov/Archives/edgar/data/1502377/000095017025108075/ctgo-20250630.htm,CTGO,"Contango ORE, Inc.",10-Q,2025-08-13,110,,False,,NO_PERIODS,no inferable periods,,0000950170-25-108075,https://www.sec.gov/Archives/edgar/data/1502377/000095017025108075/0000950170-25-108075.txt
0001502377,https://www.sec.gov/Archives/edgar/data/1502377/000095017025105278/ownership.xml,CTGO,"Contango ORE, Inc.",3,2025-08-07,116,,False,,,,,0000950170-25-105278,https://www.sec.gov/Archives/edgar/data/1502377/000095017025105278/0000950170-25-105278.txt
0001502377,https://www.sec.gov/Archives/edgar/data/1502377/000095017025105277/ownership.xml,CTGO,"Contango ORE, Inc.",3,2025-08-07,116,,False,,,,,0000950170-25-105277,https://www.sec.gov/Archives/edgar/data/1502377/000095017025105277/0000950170-25-105277.txt
0001502377,https://www.sec.gov/Archives/edgar/data/1502377/000095017025109904/ownership.xml,CTGO,"Contango ORE, Inc.",4,2025-08-18,105,,False,,,,,0000950170-25-109904,https://www.sec.gov/Archives/edgar/data/1502377/000095017025109904/0000950170-25-109904.txt
0001502377,https://www.sec.gov/Archives/edgar/data/1502377/000095017025109900/ownership.xml,CTGO,"Contango ORE, Inc.",4,2025-08-18,105,,False,,,,,0000950170-25-109900,https://www.sec.gov/Archives/edgar/data/1502377/000095017025109900/0000950170-25-109900.txt
0001502377,https://www.sec.gov/Archives/edgar/data/1502377/000095017025105294/ownership.xml,CTGO,"Contango ORE, Inc.",4,2025-08-07,116,,False,,,,,0000950170-25-105294,https://www.sec.gov/Archives/edgar/data/1502377/000095017025105294/0000950170-25-105294.txt
0001502377,https://www.sec.gov/Archives/edgar/data/1502377/000095017025105293/ownership.xml,CTGO,"Contango ORE, Inc.",4,2025-08-07,116,,False,,,,,0000950170-25-105293,https://www.sec.gov/Archives/edgar/data/1502377/000095017025105293/0000950170-25-105293.txt
0001502377,https://www.sec.gov/Archives/edgar/data/1502377/000095017025095345/ownership.xml,CTGO,"Contango ORE, Inc.",4,2025-07-11,143,,False,,,,,0000950170-25-095345,https://www.sec.gov/Archives/edgar/data/1502377/000095017025095345/0000950170-25-095345.txt
0001502377,https://www.sec.gov/Archives/edgar/data/1502377/000095017025058251/ownership.xml,CTGO,"Contango ORE, Inc.",4,2025-04-24,221,,False,,,,,0000950170-25-058251,https://www.sec.gov/Archives/edgar/data/1502377/000095017025058251/0000950170-25-058251.txt
0001502377,https://www.sec.gov/Archives/edgar/data/1502377/000119312525218791/d11832d424b5.htm,CTGO,"Contango ORE, Inc.",424B5,2025-09-26,66,,False,,,,,0001193125-25-218791,https://www.sec.gov/Archives/edgar/data/1502377/000119312525218791/0001193125-25-218791.txt
0001502377,https://www.sec.gov/Archives/edgar/data/1502377/000119312525216422/d11832d424b5.htm,CTGO,"Contango ORE, Inc.",424B5,2025-09-25,67,,False,,,,,0001193125-25-216422,https://www.sec.gov/Archives/edgar/data/1502377/000119312525216422/0001193125-25-216422.txt
0001502377,https://www.sec.gov/Archives/edgar/data/1502377/000119312525291648/ctgo-20251119.htm,CTGO,"Contango ORE, Inc.",8-K,2025-11-21,10,,False,,,,,0001193125-25-291648,https://www.sec.gov/Archives/edgar/data/1502377/000119312525291648/0001193125-25-291648.txt
0001502377,https://www.sec.gov/Archives/edgar/data/1502377/000119312525280652/ctgo-20251113.htm,CTGO,"Contango ORE, Inc.",8-K,2025-11-14,17,,False,,,,,0001193125-25-280652,https://www.sec.gov/Archives/edgar/data/1502377/000119312525280652/0001193125-25-280652.txt
0001502377,https://www.sec.gov/Archives/edgar/data/1502377/000119312525228609/ctgo-20251002.htm,CTGO,"Contango ORE, Inc.",8-K,2025-10-02,60,,False,,,,,0001193125-25-228609,https://www.sec.gov/Archives/edgar/data/1502377/000119312525228609/0001193125-25-228609.txt
0001502377,https://www.sec.gov/Archives/edgar/data/1502377/000119312525220431/d911539d8k.htm,CTGO,"Contango ORE, Inc.",8-K,2025-09-26,66,,False,,,,,0001193125-25-220431,https://www.sec.gov/Archives/edgar/data/1502377/000119312525220431/0001193125-25-220431.txt
0001502377,https://www.sec.gov/Archives/edgar/data/1502377/000095017025108206/ctgo-20250813.htm,CTGO,"Contango ORE, Inc.",8-K,2025-08-14,109,,False,,,,,0000950170-25-108206,https://www.sec.gov/Archives/edgar/data/1502377/000095017025108206/0000950170-25-108206.txt
0001502377,https://www.sec.gov/Archives/edgar/data/1502377/000095017025100447/ctgo-20250730.htm,CTGO,"Contango ORE, Inc.",8-K,2025-07-31,123,,False,,,,,0000950170-25-100447,https://www.sec.gov/Archives/edgar/data/1502377/000095017025100447/0000950170-25-100447.txt
0001502377,https://www.sec.gov/Archives/edgar/data/1502377/000095017025091058/ctgo-20250625.htm,CTGO,"Contango ORE, Inc.",8-K,2025-06-27,157,,False,,,,,0000950170-25-091058,https://www.sec.gov/Archives/edgar/data/1502377/000095017025091058/0000950170-25-091058.txt
0001502377,https://www.sec.gov/Archives/edgar/data/1502377/000095017025086551/ctgo-20250616.htm,CTGO,"Contango ORE, Inc.",8-K,2025-06-16,168,,False,,,,,0000950170-25-086551,https://www.sec.gov/Archives/edgar/data/1502377/000095017025086551/0000950170-25-086551.txt
0001502377,https://www.sec.gov/Archives/edgar/data/1502377/000095017025084513/ctgo-20250610.htm,CTGO,"Contango ORE, Inc.",8-K,2025-06-11,173,,False,,,,,0000950170-25-084513,https://www.sec.gov/Archives/edgar/data/1502377/000095017025084513/0000950170-25-084513.txt
0001502377,https://www.sec.gov/Archives/edgar/data/1502377/000095017025082392/ctgo-20250603.htm,CTGO,"Contango ORE, Inc.",8-K,2025-06-05,179,,False,,,,,0000950170-25-082392,https://www.sec.gov/Archives/edgar/data/1502377/000095017025082392/0000950170-25-082392.txt
0001502377,https://www.sec.gov/Archives/edgar/data/1502377/000119312524259962/d887759ds3.htm,CTGO,"Contango ORE, Inc.",S-3,2024-11-15,381,,False,,,,,0001193125-24-259962,https://www.sec.gov/Archives/edgar/data/1502377/000119312524259962/0001193125-24-259962.txt
0001776909,https://www.sec.gov/Archives/edgar/data/1776909/000162828025014738/curi-20241231.htm,CURI,CuriosityStream Inc.,10-K,2025-03-25,251,,False,,NO_PERIODS,no inferable periods,,0001628280-25-014738,https://www.sec.gov/Archives/edgar/data/1776909/000162828025014738/0001628280-25-014738.txt
0001776909,https://www.sec.gov/Archives/edgar/data/1776909/000162828025052108/curi-20250930.htm,CURI,CuriosityStream Inc.,10-Q,2025-11-13,18,,False,,NO_PERIODS,no inferable periods,,0001628280-25-052108,https://www.sec.gov/Archives/edgar/data/1776909/000162828025052108/0001628280-25-052108.txt
0001776909,https://www.sec.gov/Archives/edgar/data/1776909/000162828025038426/curi-20250630.htm,CURI,CuriosityStream Inc.,10-Q,2025-08-06,117,,False,,NO_PERIODS,no inferable periods,,0001628280-25-038426,https://www.sec.gov/Archives/edgar/data/1776909/000162828025038426/0001628280-25-038426.txt
0001776909,https://www.sec.gov/Archives/edgar/data/1776909/000162828025052424/curi-20250930.htm,CURI,CuriosityStream Inc.,10-Q/A,2025-11-14,17,,False,,NO_CASHFLOW,cashflow statement missing,,0001628280-25-052424,https://www.sec.gov/Archives/edgar/data/1776909/000162828025052424/0001628280-25-052424.txt
0001776909,https://www.sec.gov/Archives/edgar/data/1776909/000162828025053994/wk-form4_1764106131.xml,CURI,CuriosityStream Inc.,4,2025-11-25,6,,False,,,,,0001628280-25-053994,https://www.sec.gov/Archives/edgar/data/1776909/000162828025053994/0001628280-25-053994.txt
0001776909,https://www.sec.gov/Archives/edgar/data/1776909/000162828025053858/wk-form4_1764022945.xml,CURI,CuriosityStream Inc.,4,2025-11-24,7,,False,,,,,0001628280-25-053858,https://www.sec.gov/Archives/edgar/data/1776909/000162828025053858/0001628280-25-053858.txt
0001776909,https://www.sec.gov/Archives/edgar/data/1776909/000162828025053833/wk-form4_1764020260.xml,CURI,CuriosityStream Inc.,4,2025-11-24,7,,False,,,,,0001628280-25-053833,https://www.sec.gov/Archives/edgar/data/1776909/000162828025053833/0001628280-25-053833.txt
0001776909,https://www.sec.gov/Archives/edgar/data/1776909/000162828025053827/wk-form4_1764020012.xml,CURI,CuriosityStream Inc.,4,2025-11-24,7,,False,,,,,0001628280-25-053827,https://www.sec.gov/Archives/edgar/data/1776909/000162828025053827/0001628280-25-053827.txt
0001776909,https://www.sec.gov/Archives/edgar/data/1776909/000162828025052705/wk-form4_1763418532.xml,CURI,CuriosityStream Inc.,4,2025-11-17,14,,False,,,,,0001628280-25-052705,https://www.sec.gov/Archives/edgar/data/1776909/000162828025052705/0001628280-25-052705.txt
0001776909,https://www.sec.gov/Archives/edgar/data/1776909/000162828025052701/wk-form4_1763418457.xml,CURI,CuriosityStream Inc.,4,2025-11-17,14,,False,,,,,0001628280-25-052701,https://www.sec.gov/Archives/edgar/data/1776909/000162828025052701/0001628280-25-052701.txt
0001776909,https://www.sec.gov/Archives/edgar/data/1776909/000162828025052699/wk-form4_1763418335.xml,CURI,CuriosityStream Inc.,4,2025-11-17,14,,False,,,,,0001628280-25-052699,https://www.sec.gov/Archives/edgar/data/1776909/000162828025052699/0001628280-25-052699.txt
0001776909,https://www.sec.gov/Archives/edgar/data/1776909/000162828025052115/wk-form4_1763071109.xml,CURI,CuriosityStream Inc.,4,2025-11-13,18,,False,,,,,0001628280-25-052115,https://www.sec.gov/Archives/edgar/data/1776909/000162828025052115/0001628280-25-052115.txt
0001776909,https://www.sec.gov/Archives/edgar/data/1776909/000162828025052095/wk-form4_1763070425.xml,CURI,CuriosityStream Inc.,4,2025-11-13,18,,False,,,,,0001628280-25-052095,https://www.sec.gov/Archives/edgar/data/1776909/000162828025052095/0001628280-25-052095.txt
0001776909,https://www.sec.gov/Archives/edgar/data/1776909/000162828025052067/wk-form4_1763069265.xml,CURI,CuriosityStream Inc.,4,2025-11-13,18,,False,,,,,0001628280-25-052067,https://www.sec.gov/Archives/edgar/data/1776909/000162828025052067/0001628280-25-052067.txt
0001776909,https://www.sec.gov/Archives/edgar/data/1776909/000121390025076000/ea0252993-424b7_curiosity.htm,CURI,CuriosityStream Inc.,424B7,2025-08-14,109,,False,,,,,0001213900-25-076000,https://www.sec.gov/Archives/edgar/data/1776909/000121390025076000/0001213900-25-076000.txt
0001776909,https://www.sec.gov/Archives/edgar/data/1776909/000121390025075112/ea0252804-424b7_curiosity.htm,CURI,CuriosityStream Inc.,424B7,2025-08-12,111,,False,,,,,0001213900-25-075112,https://www.sec.gov/Archives/edgar/data/1776909/000121390025075112/0001213900-25-075112.txt
0001776909,https://www.sec.gov/Archives/edgar/data/1776909/000162828025051601/curi-20251112.htm,CURI,CuriosityStream Inc.,8-K,2025-11-12,19,,False,,,,,0001628280-25-051601,https://www.sec.gov/Archives/edgar/data/1776909/000162828025051601/0001628280-25-051601.txt
0001776909,https://www.sec.gov/Archives/edgar/data/1776909/000162828025040384/curi-20250814.htm,CURI,CuriosityStream Inc.,8-K,2025-08-14,109,,False,,,,,0001628280-25-040384,https://www.sec.gov/Archives/edgar/data/1776909/000162828025040384/0001628280-25-040384.txt
0001776909,https://www.sec.gov/Archives/edgar/data/1776909/000162828025037974/curi-20250805.htm,CURI,CuriosityStream Inc.,8-K,2025-08-06,117,,False,,,,,0001628280-25-037974,https://www.sec.gov/Archives/edgar/data/1776909/000162828025037974/0001628280-25-037974.txt
0001776909,https://www.sec.gov/Archives/edgar/data/1776909/000162828025035059/curi-20250710.htm,CURI,CuriosityStream Inc.,8-K,2025-07-16,138,,False,,,,,0001628280-25-035059,https://www.sec.gov/Archives/edgar/data/1776909/000162828025035059/0001628280-25-035059.txt
0001776909,https://www.sec.gov/Archives/edgar/data/1776909/000162828025034165/curiformxsubmissionofmatte.htm,CURI,CuriosityStream Inc.,8-K,2025-07-03,151,,False,,,,,0001628280-25-034165,https://www.sec.gov/Archives/edgar/data/1776909/000162828025034165/0001628280-25-034165.txt
0001776909,https://www.sec.gov/Archives/edgar/data/1776909/000162828025024112/curi-20250508.htm,CURI,CuriosityStream Inc.,8-K,2025-05-09,206,,False,,,,,0001628280-25-024112,https://www.sec.gov/Archives/edgar/data/1776909/000162828025024112/0001628280-25-024112.txt
0001776909,https://www.sec.gov/Archives/edgar/data/1776909/000162828025022688/curi-20250506.htm,CURI,CuriosityStream Inc.,8-K,2025-05-06,209,,False,,,,,0001628280-25-022688,https://www.sec.gov/Archives/edgar/data/1776909/000162828025022688/0001628280-25-022688.txt
0001776909,https://www.sec.gov/Archives/edgar/data/1776909/000162828025017848/curi-20250415.htm,CURI,CuriosityStream Inc.,8-K,2025-04-15,230,,False,,,,,0001628280-25-017848,https://www.sec.gov/Archives/edgar/data/1776909/000162828025017848/0001628280-25-017848.txt
0001776909,https://www.sec.gov/Archives/edgar/data/1776909/000162828025012395/curi-20250312.htm,CURI,CuriosityStream Inc.,8-K,2025-03-12,264,,False,,,,,0001628280-25-012395,https://www.sec.gov/Archives/edgar/data/1776909/000162828025012395/0001628280-25-012395.txt
0001776909,https://www.sec.gov/Archives/edgar/data/1776909/000162828025011975/curi-20250311.htm,CURI,CuriosityStream Inc.,8-K,2025-03-11,265,,False,,,,,0001628280-25-011975,https://www.sec.gov/Archives/edgar/data/1776909/000162828025011975/0001628280-25-011975.txt
0001776909,https://www.sec.gov/Archives/edgar/data/1776909/000121390025062773/ea0248432-s8_curiosity.htm,CURI,CuriosityStream Inc.,S-8,2025-07-10,144,,False,,,,,0001213900-25-062773,https://www.sec.gov/Archives/edgar/data/1776909/000121390025062773/0001213900-25-062773.txt
0001792781,https://www.sec.gov/Archives/edgar/data/1792781/000162828025015891/thi-20250201.htm,CURV,Torrid Holdings Inc.,10-K,2025-04-01,244,,False,,NO_PERIODS,no inferable periods,,0001628280-25-015891,https://www.sec.gov/Archives/edgar/data/1792781/000162828025015891/0001628280-25-015891.txt
0001792781,https://www.sec.gov/Archives/edgar/data/1792781/000162828025044601/wk-form4_1759954739.xml,CURV,Torrid Holdings Inc.,4,2025-10-08,54,,False,,,,,0001628280-25-044601,https://www.sec.gov/Archives/edgar/data/1792781/000162828025044601/0001628280-25-044601.txt
0001792781,https://www.sec.gov/Archives/edgar/data/1792781/000197826725000003/wk-form4_1758745123.xml,CURV,Torrid Holdings Inc.,4,2025-09-24,68,,False,,,,,0001978267-25-000003,https://www.sec.gov/Archives/edgar/data/1792781/000197826725000003/0001978267-25-000003.txt
0001792781,https://www.sec.gov/Archives/edgar/data/1792781/000206762425000004/wk-form4_1758745165.xml,CURV,Torrid Holdings Inc.,4,2025-09-24,68,,False,,,,,0002067624-25-000004,https://www.sec.gov/Archives/edgar/data/1792781/000206762425000004/0002067624-25-000004.txt
0001792781,https://www.sec.gov/Archives/edgar/data/1792781/000206762425000002/wk-form4_1756930968.xml,CURV,Torrid Holdings Inc.,4,2025-09-03,89,,False,,,,,0002067624-25-000002,https://www.sec.gov/Archives/edgar/data/1792781/000206762425000002/0002067624-25-000002.txt
0001792781,https://www.sec.gov/Archives/edgar/data/1792781/000164111925000003/wk-form4_1756238949.xml,CURV,Torrid Holdings Inc.,4,2025-08-26,97,,False,,,,,0001641119-25-000003,https://www.sec.gov/Archives/edgar/data/1792781/000164111925000003/0001641119-25-000003.txt
0001792781,https://www.sec.gov/Archives/edgar/data/1792781/000162828025034514/wk-form4_1752005301.xml,CURV,Torrid Holdings Inc.,4,2025-07-08,146,,False,,,,,0001628280-25-034514,https://www.sec.gov/Archives/edgar/data/1792781/000162828025034514/0001628280-25-034514.txt
0001792781,https://www.sec.gov/Archives/edgar/data/1792781/000162828025034513/wk-form4_1752005291.xml,CURV,Torrid Holdings Inc.,4,2025-07-08,146,,False,,,,,0001628280-25-034513,https://www.sec.gov/Archives/edgar/data/1792781/000162828025034513/0001628280-25-034513.txt
0001792781,https://www.sec.gov/Archives/edgar/data/1792781/000162828025034512/wk-form4_1752005277.xml,CURV,Torrid Holdings Inc.,4,2025-07-08,146,,False,,,,,0001628280-25-034512,https://www.sec.gov/Archives/edgar/data/1792781/000162828025034512/0001628280-25-034512.txt
0001792781,https://www.sec.gov/Archives/edgar/data/1792781/000162828025034180/wk-form4_1751563004.xml,CURV,Torrid Holdings Inc.,4,2025-07-03,151,,False,,,,,0001628280-25-034180,https://www.sec.gov/Archives/edgar/data/1792781/000162828025034180/0001628280-25-034180.txt
0001792781,https://www.sec.gov/Archives/edgar/data/1792781/000092189525001952/form413866001_07032025.xml,CURV,Torrid Holdings Inc.,4,2025-07-03,151,,False,,,,,0000921895-25-001952,https://www.sec.gov/Archives/edgar/data/1792781/000092189525001952/0000921895-25-001952.txt
0001792781,https://www.sec.gov/Archives/edgar/data/1792781/000119312525146880/d947687d424b7.htm,CURV,Torrid Holdings Inc.,424B7,2025-06-25,159,,False,,,,,0001193125-25-146880,https://www.sec.gov/Archives/edgar/data/1792781/000119312525146880/0001193125-25-146880.txt
0001792781,https://www.sec.gov/Archives/edgar/data/1792781/000119312525145747/d947687d424b7.htm,CURV,Torrid Holdings Inc.,424B7,2025-06-24,160,,False,,,,,0001193125-25-145747,https://www.sec.gov/Archives/edgar/data/1792781/000119312525145747/0001193125-25-145747.txt
0001792781,https://www.sec.gov/Archives/edgar/data/1792781/000179278125000028/thi-20250904.htm,CURV,Torrid Holdings Inc.,8-K,2025-09-04,88,,False,,,,,0001792781-25-000028,https://www.sec.gov/Archives/edgar/data/1792781/000179278125000028/0001792781-25-000028.txt
0001792781,https://www.sec.gov/Archives/edgar/data/1792781/000179278125000026/thi-20250801.htm,CURV,Torrid Holdings Inc.,8-K,2025-08-04,119,,False,,,,,0001792781-25-000026,https://www.sec.gov/Archives/edgar/data/1792781/000179278125000026/0001792781-25-000026.txt
0001792781,https://www.sec.gov/Archives/edgar/data/1792781/000119312525148894/d930273d8k.htm,CURV,Torrid Holdings Inc.,8-K,2025-06-26,158,,False,,,,,0001193125-25-148894,https://www.sec.gov/Archives/edgar/data/1792781/000119312525148894/0001193125-25-148894.txt
0001792781,https://www.sec.gov/Archives/edgar/data/1792781/000119312525145756/d920460d8k.htm,CURV,Torrid Holdings Inc.,8-K,2025-06-24,160,,False,,,,,0001193125-25-145756,https://www.sec.gov/Archives/edgar/data/1792781/000119312525145756/0001193125-25-145756.txt
0001792781,https://www.sec.gov/Archives/edgar/data/1792781/000162828025029652/thi-20250605.htm,CURV,Torrid Holdings Inc.,8-K,2025-06-05,179,,False,,,,,0001628280-25-029652,https://www.sec.gov/Archives/edgar/data/1792781/000162828025029652/0001628280-25-029652.txt
0001792781,https://www.sec.gov/Archives/edgar/data/1792781/000179278125000016/thi-20250604.htm,CURV,Torrid Holdings Inc.,8-K,2025-06-05,179,,False,,,,,0001792781-25-000016,https://www.sec.gov/Archives/edgar/data/1792781/000179278125000016/0001792781-25-000016.txt
0001792781,https://www.sec.gov/Archives/edgar/data/1792781/000162828025014123/thi-20250320.htm,CURV,Torrid Holdings Inc.,8-K,2025-03-20,256,,False,,,,,0001628280-25-014123,https://www.sec.gov/Archives/edgar/data/1792781/000162828025014123/0001628280-25-014123.txt
0001792781,https://www.sec.gov/Archives/edgar/data/1792781/000162828024049748/thi-20241203.htm,CURV,Torrid Holdings Inc.,8-K,2024-12-03,363,,False,,,,,0001628280-24-049748,https://www.sec.gov/Archives/edgar/data/1792781/000162828024049748/0001628280-24-049748.txt
0000889348,https://www.sec.gov/Archives/edgar/data/889348/000199937125003528/cpi-10k_123124.htm,CVU,CPI AEROSTRUCTURES INC,10-K,2025-03-31,245,,False,,NO_PERIODS,no inferable periods,,0001999371-25-003528,https://www.sec.gov/Archives/edgar/data/889348/000199937125003528/0001999371-25-003528.txt
0000889348,https://www.sec.gov/Archives/edgar/data/889348/000106299325011600/form4.xml,CVU,CPI AEROSTRUCTURES INC,4,2025-06-12,172,,False,,,,,0001062993-25-011600,https://www.sec.gov/Archives/edgar/data/889348/000106299325011600/0001062993-25-011600.txt
0000889348,https://www.sec.gov/Archives/edgar/data/889348/000199937125017755/cvu-8k_111325.htm,CVU,CPI AEROSTRUCTURES INC,8-K,2025-11-14,17,,False,,,,,0001999371-25-017755,https://www.sec.gov/Archives/edgar/data/889348/000199937125017755/0001999371-25-017755.txt
0000889348,https://www.sec.gov/Archives/edgar/data/889348/000199937125016567/cvu_8k-103025.htm,CVU,CPI AEROSTRUCTURES INC,8-K,2025-10-30,32,,False,,,,,0001999371-25-016567,https://www.sec.gov/Archives/edgar/data/889348/000199937125016567/0001999371-25-016567.txt
0000889348,https://www.sec.gov/Archives/edgar/data/889348/000199937125011680/cvu_8k-081925.htm,CVU,CPI AEROSTRUCTURES INC,8-K,2025-08-19,104,,False,,,,,0001999371-25-011680,https://www.sec.gov/Archives/edgar/data/889348/000199937125011680/0001999371-25-011680.txt
0000889348,https://www.sec.gov/Archives/edgar/data/889348/000199937125010106/cvu_8k-072225.htm,CVU,CPI AEROSTRUCTURES INC,8-K,2025-07-28,126,,False,,,,,0001999371-25-010106,https://www.sec.gov/Archives/edgar/data/889348/000199937125010106/0001999371-25-010106.txt
0000889348,https://www.sec.gov/Archives/edgar/data/889348/000199937125008269/cvu-8k_062525.htm,CVU,CPI AEROSTRUCTURES INC,8-K,2025-06-25,159,,False,,,,,0001999371-25-008269,https://www.sec.gov/Archives/edgar/data/889348/000199937125008269/0001999371-25-008269.txt
0000889348,https://www.sec.gov/Archives/edgar/data/889348/000199937125006252/cvu-8k_051525.htm,CVU,CPI AEROSTRUCTURES INC,8-K,2025-05-15,200,,False,,,,,0001999371-25-006252,https://www.sec.gov/Archives/edgar/data/889348/000199937125006252/0001999371-25-006252.txt
0000889348,https://www.sec.gov/Archives/edgar/data/889348/000199937125005786/cvu-8k_050825.htm,CVU,CPI AEROSTRUCTURES INC,8-K,2025-05-09,206,,False,,,,,0001999371-25-005786,https://www.sec.gov/Archives/edgar/data/889348/000199937125005786/0001999371-25-005786.txt
0000889348,https://www.sec.gov/Archives/edgar/data/889348/000199937125004802/cvu-8k_042525.htm,CVU,CPI AEROSTRUCTURES INC,8-K,2025-04-25,220,,False,,,,,0001999371-25-004802,https://www.sec.gov/Archives/edgar/data/889348/000199937125004802/0001999371-25-004802.txt
0000889348,https://www.sec.gov/Archives/edgar/data/889348/000199937125004345/cvu-8k_041525.htm,CVU,CPI AEROSTRUCTURES INC,8-K,2025-04-17,228,,False,,,,,0001999371-25-004345,https://www.sec.gov/Archives/edgar/data/889348/000199937125004345/0001999371-25-004345.txt
0000889348,https://www.sec.gov/Archives/edgar/data/889348/000199937125003535/cvu-8k_033125.htm,CVU,CPI AEROSTRUCTURES INC,8-K,2025-03-31,245,,False,,,,,0001999371-25-003535,https://www.sec.gov/Archives/edgar/data/889348/000199937125003535/0001999371-25-003535.txt
0000889348,https://www.sec.gov/Archives/edgar/data/889348/000199937125009355/cpi-s8_071725.htm,CVU,CPI AEROSTRUCTURES INC,S-8,2025-07-18,136,,False,,,,,0001999371-25-009355,https://www.sec.gov/Archives/edgar/data/889348/000199937125009355/0001999371-25-009355.txt
0000810958,https://www.sec.gov/Archives/edgar/data/810958/000155837025002408/cznc-20241231x10k.htm,CZNC,CITIZENS & NORTHERN CORP,10-K,2025-03-06,270,,False,,NO_PERIODS,no inferable periods,,0001558370-25-002408,https://www.sec.gov/Archives/edgar/data/810958/000155837025002408/0001558370-25-002408.txt
0000810958,https://www.sec.gov/Archives/edgar/data/810958/000110465925108331/cznc-20250930x10q.htm,CZNC,CITIZENS & NORTHERN CORP,10-Q,2025-11-07,24,,False,,NO_PERIODS,no inferable periods,,0001104659-25-108331,https://www.sec.gov/Archives/edgar/data/810958/000110465925108331/0001104659-25-108331.txt
0000810958,https://www.sec.gov/Archives/edgar/data/810958/000155837025010889/cznc-20250630x10q.htm,CZNC,CITIZENS & NORTHERN CORP,10-Q,2025-08-08,115,,False,,NO_PERIODS,no inferable periods,,0001558370-25-010889,https://www.sec.gov/Archives/edgar/data/810958/000155837025010889/0001558370-25-010889.txt
0000810958,https://www.sec.gov/Archives/edgar/data/810958/000198186425000004/form4-11262025_081117.xml,CZNC,CITIZENS & NORTHERN CORP,4,2025-11-26,5,,False,,,,,0001981864-25-000004,https://www.sec.gov/Archives/edgar/data/810958/000198186425000004/0001981864-25-000004.txt
0000810958,https://www.sec.gov/Archives/edgar/data/810958/000122080825000004/form4-11262025_081152.xml,CZNC,CITIZENS & NORTHERN CORP,4,2025-11-26,5,,False,,,,,0001220808-25-000004,https://www.sec.gov/Archives/edgar/data/810958/000122080825000004/0001220808-25-000004.txt
0000810958,https://www.sec.gov/Archives/edgar/data/810958/000170463525000004/form4-11262025_071117.xml,CZNC,CITIZENS & NORTHERN CORP,4,2025-11-26,5,,False,,,,,0001704635-25-000004,https://www.sec.gov/Archives/edgar/data/810958/000170463525000004/0001704635-25-000004.txt
0000810958,https://www.sec.gov/Archives/edgar/data/810958/000124245725000004/form4-11262025_071139.xml,CZNC,CITIZENS & NORTHERN CORP,4,2025-11-26,5,,False,,,,,0001242457-25-000004,https://www.sec.gov/Archives/edgar/data/810958/000124245725000004/0001242457-25-000004.txt
0000810958,https://www.sec.gov/Archives/edgar/data/810958/000181638725000005/form4-11262025_071152.xml,CZNC,CITIZENS & NORTHERN CORP,4,2025-11-26,5,,False,,,,,0001816387-25-000005,https://www.sec.gov/Archives/edgar/data/810958/000181638725000005/0001816387-25-000005.txt
0000810958,https://www.sec.gov/Archives/edgar/data/810958/000187047325000008/form4-11262025_071150.xml,CZNC,CITIZENS & NORTHERN CORP,4,2025-11-26,5,,False,,,,,0001870473-25-000008,https://www.sec.gov/Archives/edgar/data/810958/000187047325000008/0001870473-25-000008.txt
0000810958,https://www.sec.gov/Archives/edgar/data/810958/000173834125000005/form4-11262025_071133.xml,CZNC,CITIZENS & NORTHERN CORP,4,2025-11-26,5,,False,,,,,0001738341-25-000005,https://www.sec.gov/Archives/edgar/data/810958/000173834125000005/0001738341-25-000005.txt
0000810958,https://www.sec.gov/Archives/edgar/data/810958/000181591625000005/form4-11262025_071133.xml,CZNC,CITIZENS & NORTHERN CORP,4,2025-11-26,5,,False,,,,,0001815916-25-000005,https://www.sec.gov/Archives/edgar/data/810958/000181591625000005/0001815916-25-000005.txt
0000810958,https://www.sec.gov/Archives/edgar/data/810958/000185866825000004/form4-11262025_071138.xml,CZNC,CITIZENS & NORTHERN CORP,4,2025-11-26,5,,False,,,,,0001858668-25-000004,https://www.sec.gov/Archives/edgar/data/810958/000185866825000004/0001858668-25-000004.txt
0000810958,https://www.sec.gov/Archives/edgar/data/810958/000166721125000008/form4-11262025_071151.xml,CZNC,CITIZENS & NORTHERN CORP,4,2025-11-26,5,,False,,,,,0001667211-25-000008,https://www.sec.gov/Archives/edgar/data/810958/000166721125000008/0001667211-25-000008.txt
0000810958,https://www.sec.gov/Archives/edgar/data/810958/000110465925084667/tm2524302-1_424b3.htm,CZNC,CITIZENS & NORTHERN CORP,424B3,2025-08-28,95,,False,,,,,0001104659-25-084667,https://www.sec.gov/Archives/edgar/data/810958/000110465925084667/0001104659-25-084667.txt
0000810958,https://www.sec.gov/Archives/edgar/data/810958/000110465925074626/tm2514179-6_424b3.htm,CZNC,CITIZENS & NORTHERN CORP,424B3,2025-08-06,117,,False,,,,,0001104659-25-074626,https://www.sec.gov/Archives/edgar/data/810958/000110465925074626/0001104659-25-074626.txt
0000810958,https://www.sec.gov/Archives/edgar/data/810958/000110465925108359/cznc-20251107x8k.htm,CZNC,CITIZENS & NORTHERN CORP,8-K,2025-11-07,24,,False,,,,,0001104659-25-108359,https://www.sec.gov/Archives/edgar/data/810958/000110465925108359/0001104659-25-108359.txt
0000810958,https://www.sec.gov/Archives/edgar/data/810958/000110465925101823/cznc-20251023x8k.htm,CZNC,CITIZENS & NORTHERN CORP,8-K,2025-10-23,39,,False,,,,,0001104659-25-101823,https://www.sec.gov/Archives/edgar/data/810958/000110465925101823/0001104659-25-101823.txt
0000810958,https://www.sec.gov/Archives/edgar/data/810958/000110465925095389/cznc-20251001x8k.htm,CZNC,CITIZENS & NORTHERN CORP,8-K,2025-10-01,61,,False,,,,,0001104659-25-095389,https://www.sec.gov/Archives/edgar/data/810958/000110465925095389/0001104659-25-095389.txt
0000810958,https://www.sec.gov/Archives/edgar/data/810958/000110465925092067/cznc-20250922x8k.htm,CZNC,CITIZENS & NORTHERN CORP,8-K,2025-09-22,70,,False,,,,,0001104659-25-092067,https://www.sec.gov/Archives/edgar/data/810958/000110465925092067/0001104659-25-092067.txt
0000810958,https://www.sec.gov/Archives/edgar/data/810958/000110465925088983/cznc-20250908x8k.htm,CZNC,CITIZENS & NORTHERN CORP,8-K,2025-09-10,82,,False,,,,,0001104659-25-088983,https://www.sec.gov/Archives/edgar/data/810958/000110465925088983/0001104659-25-088983.txt
0000810958,https://www.sec.gov/Archives/edgar/data/810958/000155837025009537/cznc-20250724x8k.htm,CZNC,CITIZENS & NORTHERN CORP,8-K,2025-07-24,130,,False,,,,,0001558370-25-009537,https://www.sec.gov/Archives/edgar/data/810958/000155837025009537/0001558370-25-009537.txt
0000810958,https://www.sec.gov/Archives/edgar/data/810958/000155837025005706/cznc-20250424x8k.htm,CZNC,CITIZENS & NORTHERN CORP,8-K,2025-04-28,217,,False,,,,,0001558370-25-005706,https://www.sec.gov/Archives/edgar/data/810958/000155837025005706/0001558370-25-005706.txt
0000810958,https://www.sec.gov/Archives/edgar/data/810958/000155837025005276/cznc-20250423x8k.htm,CZNC,CITIZENS & NORTHERN CORP,8-K,2025-04-23,222,,False,,,,,0001558370-25-005276,https://www.sec.gov/Archives/edgar/data/810958/000155837025005276/0001558370-25-005276.txt
0000810958,https://www.sec.gov/Archives/edgar/data/810958/000155837025005252/cznc-20250423x8k.htm,CZNC,CITIZENS & NORTHERN CORP,8-K,2025-04-23,222,,False,,,,,0001558370-25-005252,https://www.sec.gov/Archives/edgar/data/810958/000155837025005252/0001558370-25-005252.txt
0000810958,https://www.sec.gov/Archives/edgar/data/810958/000155837025000359/cznc-20250123x8k.htm,CZNC,CITIZENS & NORTHERN CORP,8-K,2025-01-23,312,,False,,,,,0001558370-25-000359,https://www.sec.gov/Archives/edgar/data/810958/000155837025000359/0001558370-25-000359.txt
0000810958,https://www.sec.gov/Archives/edgar/data/810958/000110465925069550/tm2514179-1_s4.htm,CZNC,CITIZENS & NORTHERN CORP,S-4,2025-07-22,132,,False,,,,,0001104659-25-069550,https://www.sec.gov/Archives/edgar/data/810958/000110465925069550/0001104659-25-069550.txt
0000810958,https://www.sec.gov/Archives/edgar/data/810958/000110465925073477/tm2514179-3_s4a.htm,CZNC,CITIZENS & NORTHERN CORP,S-4/A,2025-08-04,119,,False,,,,,0001104659-25-073477,https://www.sec.gov/Archives/edgar/data/810958/000110465925073477/0001104659-25-073477.txt
0001367859,https://www.sec.gov/Archives/edgar/data/1367859/000136785925000033/czwi-20241231.htm,CZWI,Citizens Community Bancorp Inc.,10-K,2025-03-13,263,,False,,NO_PERIODS,no inferable periods,,0001367859-25-000033,https://www.sec.gov/Archives/edgar/data/1367859/000136785925000033/0001367859-25-000033.txt
0001367859,https://www.sec.gov/Archives/edgar/data/1367859/000136785925000088/czwi-20250930.htm,CZWI,Citizens Community Bancorp Inc.,10-Q,2025-11-04,27,,False,,NO_PERIODS,no inferable periods,,0001367859-25-000088,https://www.sec.gov/Archives/edgar/data/1367859/000136785925000088/0001367859-25-000088.txt
0001367859,https://www.sec.gov/Archives/edgar/data/1367859/000136785925000074/czwi-20250630.htm,CZWI,Citizens Community Bancorp Inc.,10-Q,2025-08-07,116,,False,,NO_PERIODS,no inferable periods,,0001367859-25-000074,https://www.sec.gov/Archives/edgar/data/1367859/000136785925000074/0001367859-25-000074.txt
0001367859,https://www.sec.gov/Archives/edgar/data/1367859/000149705425000004/wk-form4_1762352731.xml,CZWI,Citizens Community Bancorp Inc.,4,2025-11-05,26,,False,,,,,0001497054-25-000004,https://www.sec.gov/Archives/edgar/data/1367859/000149705425000004/0001497054-25-000004.txt
0001367859,https://www.sec.gov/Archives/edgar/data/1367859/000136785925000076/wk-form4_1754602714.xml,CZWI,Citizens Community Bancorp Inc.,4,2025-08-07,116,,False,,,,,0001367859-25-000076,https://www.sec.gov/Archives/edgar/data/1367859/000136785925000076/0001367859-25-000076.txt
0001367859,https://www.sec.gov/Archives/edgar/data/1367859/000136785925000072/wk-form4_1754397719.xml,CZWI,Citizens Community Bancorp Inc.,4,2025-08-05,118,,False,,,,,0001367859-25-000072,https://www.sec.gov/Archives/edgar/data/1367859/000136785925000072/0001367859-25-000072.txt
0001367859,https://www.sec.gov/Archives/edgar/data/1367859/000136785925000070/wk-form4_1754055493.xml,CZWI,Citizens Community Bancorp Inc.,4,2025-08-01,122,,False,,,,,0001367859-25-000070,https://www.sec.gov/Archives/edgar/data/1367859/000136785925000070/0001367859-25-000070.txt
0001367859,https://www.sec.gov/Archives/edgar/data/1367859/000136785925000067/wk-form4_1753998063.xml,CZWI,Citizens Community Bancorp Inc.,4,2025-07-31,123,,False,,,,,0001367859-25-000067,https://www.sec.gov/Archives/edgar/data/1367859/000136785925000067/0001367859-25-000067.txt
0001367859,https://www.sec.gov/Archives/edgar/data/1367859/000136785925000057/wk-form4_1750795364.xml,CZWI,Citizens Community Bancorp Inc.,4,2025-06-24,160,,False,,,,,0001367859-25-000057,https://www.sec.gov/Archives/edgar/data/1367859/000136785925000057/0001367859-25-000057.txt
0001367859,https://www.sec.gov/Archives/edgar/data/1367859/000136785925000029/wk-form5_1739489605.xml,CZWI,Citizens Community Bancorp Inc.,5,2025-02-13,291,,False,,,,,0001367859-25-000029,https://www.sec.gov/Archives/edgar/data/1367859/000136785925000029/0001367859-25-000029.txt
0001367859,https://www.sec.gov/Archives/edgar/data/1367859/000136785925000028/wk-form5_1739489594.xml,CZWI,Citizens Community Bancorp Inc.,5,2025-02-13,291,,False,,,,,0001367859-25-000028,https://www.sec.gov/Archives/edgar/data/1367859/000136785925000028/0001367859-25-000028.txt
0001367859,https://www.sec.gov/Archives/edgar/data/1367859/000136785925000086/czwi-20251029.htm,CZWI,Citizens Community Bancorp Inc.,8-K,2025-10-29,33,,False,,,,,0001367859-25-000086,https://www.sec.gov/Archives/edgar/data/1367859/000136785925000086/0001367859-25-000086.txt
0001367859,https://www.sec.gov/Archives/edgar/data/1367859/000136785925000082/czwi-20251027.htm,CZWI,Citizens Community Bancorp Inc.,8-K,2025-10-27,35,,False,,,,,0001367859-25-000082,https://www.sec.gov/Archives/edgar/data/1367859/000136785925000082/0001367859-25-000082.txt
0001367859,https://www.sec.gov/Archives/edgar/data/1367859/000136785925000065/czwi-20250728.htm,CZWI,Citizens Community Bancorp Inc.,8-K,2025-07-28,126,,False,,,,,0001367859-25-000065,https://www.sec.gov/Archives/edgar/data/1367859/000136785925000065/0001367859-25-000065.txt
0001367859,https://www.sec.gov/Archives/edgar/data/1367859/000136785925000060/czwi-20250707.htm,CZWI,Citizens Community Bancorp Inc.,8-K,2025-07-09,145,,False,,,,,0001367859-25-000060,https://www.sec.gov/Archives/edgar/data/1367859/000136785925000060/0001367859-25-000060.txt
0001367859,https://www.sec.gov/Archives/edgar/data/1367859/000136785925000055/czwi-20250617.htm,CZWI,Citizens Community Bancorp Inc.,8-K,2025-06-23,161,,False,,,,,0001367859-25-000055,https://www.sec.gov/Archives/edgar/data/1367859/000136785925000055/0001367859-25-000055.txt
0001367859,https://www.sec.gov/Archives/edgar/data/1367859/000136785925000042/czwi-20250428.htm,CZWI,Citizens Community Bancorp Inc.,8-K,2025-04-28,217,,False,,,,,0001367859-25-000042,https://www.sec.gov/Archives/edgar/data/1367859/000136785925000042/0001367859-25-000042.txt
0001367859,https://www.sec.gov/Archives/edgar/data/1367859/000136785925000021/czwi-20250127.htm,CZWI,Citizens Community Bancorp Inc.,8-K,2025-01-27,308,,False,,,,,0001367859-25-000021,https://www.sec.gov/Archives/edgar/data/1367859/000136785925000021/0001367859-25-000021.txt
0001367859,https://www.sec.gov/Archives/edgar/data/1367859/000136785925000019/czwi-20250127.htm,CZWI,Citizens Community Bancorp Inc.,8-K,2025-01-27,308,,False,,,,,0001367859-25-000019,https://www.sec.gov/Archives/edgar/data/1367859/000136785925000019/0001367859-25-000019.txt
0001367859,https://www.sec.gov/Archives/edgar/data/1367859/000136785924000109/czwi-20241104.htm,CZWI,Citizens Community Bancorp Inc.,8-K,2024-11-04,392,,False,,,,,0001367859-24-000109,https://www.sec.gov/Archives/edgar/data/1367859/000136785924000109/0001367859-24-000109.txt
0001367859,https://www.sec.gov/Archives/edgar/data/1367859/000136785924000104/czwi-20241028.htm,CZWI,Citizens Community Bancorp Inc.,8-K,2024-10-28,399,,False,,,,,0001367859-24-000104,https://www.sec.gov/Archives/edgar/data/1367859/000136785924000104/0001367859-24-000104.txt
0001613780,https://www.sec.gov/Archives/edgar/data/1613780/000119312525119836/d915186d10ka.htm,DBVT,DBV Technologies S.A.,10-K/A,2025-05-14,201,,False,,NO_CASHFLOW,cashflow statement missing,,0001193125-25-119836,https://www.sec.gov/Archives/edgar/data/1613780/000119312525119836/0001193125-25-119836.txt
0001613780,https://www.sec.gov/Archives/edgar/data/1613780/000119312525100826/d915186d10ka.htm,DBVT,DBV Technologies S.A.,10-K/A,2025-04-28,217,,False,,NO_CASHFLOW,cashflow statement missing,,0001193125-25-100826,https://www.sec.gov/Archives/edgar/data/1613780/000119312525100826/0001193125-25-100826.txt
0001613780,https://www.sec.gov/Archives/edgar/data/1613780/000209601425000002/form3-11122025_091155.xml,DBVT,DBV Technologies S.A.,3,2025-11-12,19,,False,,,,,0002096014-25-000002,https://www.sec.gov/Archives/edgar/data/1613780/000209601425000002/0002096014-25-000002.txt
0001613780,https://www.sec.gov/Archives/edgar/data/1613780/000110465925050974/tm2515244-1_3seq1.xml,DBVT,DBV Technologies S.A.,3,2025-05-20,195,,False,,,,,0001104659-25-050974,https://www.sec.gov/Archives/edgar/data/1613780/000110465925050974/0001104659-25-050974.txt
0001613780,https://www.sec.gov/Archives/edgar/data/1613780/000176039525000003/form4-11252025_041101.xml,DBVT,DBV Technologies S.A.,4,2025-11-25,6,,False,,,,,0001760395-25-000003,https://www.sec.gov/Archives/edgar/data/1613780/000176039525000003/0001760395-25-000003.txt
0001613780,https://www.sec.gov/Archives/edgar/data/1613780/000199949625000003/form4-11242025_071105.xml,DBVT,DBV Technologies S.A.,4,2025-11-24,7,,False,,,,,0001999496-25-000003,https://www.sec.gov/Archives/edgar/data/1613780/000199949625000003/0001999496-25-000003.txt
0001613780,https://www.sec.gov/Archives/edgar/data/1613780/000209601425000004/form4-11242025_071103.xml,DBVT,DBV Technologies S.A.,4,2025-11-24,7,,False,,,,,0002096014-25-000004,https://www.sec.gov/Archives/edgar/data/1613780/000209601425000004/0002096014-25-000004.txt
0001613780,https://www.sec.gov/Archives/edgar/data/1613780/000150278525000004/form4-11242025_071101.xml,DBVT,DBV Technologies S.A.,4,2025-11-24,7,,False,,,,,0001502785-25-000004,https://www.sec.gov/Archives/edgar/data/1613780/000150278525000004/0001502785-25-000004.txt
0001613780,https://www.sec.gov/Archives/edgar/data/1613780/000141588925020722/form4-07312025_040708.xml,DBVT,DBV Technologies S.A.,4,2025-07-31,123,,False,,,,,0001415889-25-020722,https://www.sec.gov/Archives/edgar/data/1613780/000141588925020722/0001415889-25-020722.txt
0001613780,https://www.sec.gov/Archives/edgar/data/1613780/000141588925014602/form4-05272025_040501.xml,DBVT,DBV Technologies S.A.,4,2025-05-27,188,,False,,,,,0001415889-25-014602,https://www.sec.gov/Archives/edgar/data/1613780/000141588925014602/0001415889-25-014602.txt
0001613780,https://www.sec.gov/Archives/edgar/data/1613780/000119312525130686/d921073d424b3.htm,DBVT,DBV Technologies S.A.,424B3,2025-05-29,186,,False,,,,,0001193125-25-130686,https://www.sec.gov/Archives/edgar/data/1613780/000119312525130686/0001193125-25-130686.txt
0001613780,https://www.sec.gov/Archives/edgar/data/1613780/000119312525197205/d785485d424b5.htm,DBVT,DBV Technologies S.A.,424B5,2025-09-05,87,,False,,,,,0001193125-25-197205,https://www.sec.gov/Archives/edgar/data/1613780/000119312525197205/0001193125-25-197205.txt
0001613780,https://www.sec.gov/Archives/edgar/data/1613780/000119312525258780/d82861d8k.htm,DBVT,DBV Technologies S.A.,8-K,2025-10-30,32,,False,,,,,0001193125-25-258780,https://www.sec.gov/Archives/edgar/data/1613780/000119312525258780/0001193125-25-258780.txt
0001613780,https://www.sec.gov/Archives/edgar/data/1613780/000119312525253968/d53703d8k.htm,DBVT,DBV Technologies S.A.,8-K,2025-10-29,33,,False,,,,,0001193125-25-253968,https://www.sec.gov/Archives/edgar/data/1613780/000119312525253968/0001193125-25-253968.txt
0001613780,https://www.sec.gov/Archives/edgar/data/1613780/000119312525207507/d934130d8k.htm,DBVT,DBV Technologies S.A.,8-K,2025-09-18,74,,False,,,,,0001193125-25-207507,https://www.sec.gov/Archives/edgar/data/1613780/000119312525207507/0001193125-25-207507.txt
0001613780,https://www.sec.gov/Archives/edgar/data/1613780/000119312525197277/d17585d8k.htm,DBVT,DBV Technologies S.A.,8-K,2025-09-05,87,,False,,,,,0001193125-25-197277,https://www.sec.gov/Archives/edgar/data/1613780/000119312525197277/0001193125-25-197277.txt
0001613780,https://www.sec.gov/Archives/edgar/data/1613780/000119312525168148/d945712d8k.htm,DBVT,DBV Technologies S.A.,8-K,2025-07-29,125,,False,,,,,0001193125-25-168148,https://www.sec.gov/Archives/edgar/data/1613780/000119312525168148/0001193125-25-168148.txt
0001613780,https://www.sec.gov/Archives/edgar/data/1613780/000119312525146994/d51953d8k.htm,DBVT,DBV Technologies S.A.,8-K,2025-06-25,159,,False,,,,,0001193125-25-146994,https://www.sec.gov/Archives/edgar/data/1613780/000119312525146994/0001193125-25-146994.txt
0001613780,https://www.sec.gov/Archives/edgar/data/1613780/000119312525139137/d55409d8k.htm,DBVT,DBV Technologies S.A.,8-K,2025-06-11,173,,False,,,,,0001193125-25-139137,https://www.sec.gov/Archives/edgar/data/1613780/000119312525139137/0001193125-25-139137.txt
0001613780,https://www.sec.gov/Archives/edgar/data/1613780/000119312525107505/d947872d8k.htm,DBVT,DBV Technologies S.A.,8-K,2025-04-30,215,,False,,,,,0001193125-25-107505,https://www.sec.gov/Archives/edgar/data/1613780/000119312525107505/0001193125-25-107505.txt
0001613780,https://www.sec.gov/Archives/edgar/data/1613780/000119312525068727/d944342d8k.htm,DBVT,DBV Technologies S.A.,8-K,2025-03-31,245,,False,,,,,0001193125-25-068727,https://www.sec.gov/Archives/edgar/data/1613780/000119312525068727/0001193125-25-068727.txt
0001613780,https://www.sec.gov/Archives/edgar/data/1613780/000119312525060850/d932759d8k.htm,DBVT,DBV Technologies S.A.,8-K,2025-03-24,252,,False,,,,,0001193125-25-060850,https://www.sec.gov/Archives/edgar/data/1613780/000119312525060850/0001193125-25-060850.txt
0001613780,https://www.sec.gov/Archives/edgar/data/1613780/000119312525122437/d921073ds3.htm,DBVT,DBV Technologies S.A.,S-3,2025-05-19,196,,False,,,,,0001193125-25-122437,https://www.sec.gov/Archives/edgar/data/1613780/000119312525122437/0001193125-25-122437.txt
0001613780,https://www.sec.gov/Archives/edgar/data/1613780/000119312525145724/d858624ds8.htm,DBVT,DBV Technologies S.A.,S-8,2025-06-24,160,,False,,,,,0001193125-25-145724,https://www.sec.gov/Archives/edgar/data/1613780/000119312525145724/0001193125-25-145724.txt
0000872912,https://www.sec.gov/Archives/edgar/data/872912/000162828025048558/dcth-20250930.htm,DCTH,"DELCATH SYSTEMS, INC.",10-Q,2025-11-04,27,,False,,NO_PERIODS,no inferable periods,,0001628280-25-048558,https://www.sec.gov/Archives/edgar/data/872912/000162828025048558/0001628280-25-048558.txt
0000872912,https://www.sec.gov/Archives/edgar/data/872912/000162828025038112/dcth-20250630.htm,DCTH,"DELCATH SYSTEMS, INC.",10-Q,2025-08-06,117,,False,,NO_PERIODS,no inferable periods,,0001628280-25-038112,https://www.sec.gov/Archives/edgar/data/872912/000162828025038112/0001628280-25-038112.txt
0000872912,https://www.sec.gov/Archives/edgar/data/872912/000178456125000005/form4-11252025_041104.xml,DCTH,"DELCATH SYSTEMS, INC.",4,2025-11-25,6,,False,,,,,0001784561-25-000005,https://www.sec.gov/Archives/edgar/data/872912/000178456125000005/0001784561-25-000005.txt
0000872912,https://www.sec.gov/Archives/edgar/data/872912/000123564425000004/form4-11132025_041124.xml,DCTH,"DELCATH SYSTEMS, INC.",4,2025-11-13,18,,False,,,,,0001235644-25-000004,https://www.sec.gov/Archives/edgar/data/872912/000123564425000004/0001235644-25-000004.txt
0000872912,https://www.sec.gov/Archives/edgar/data/872912/000141588925017260/form4-06132025_090639.xml,DCTH,"DELCATH SYSTEMS, INC.",4,2025-06-13,171,,False,,,,,0001415889-25-017260,https://www.sec.gov/Archives/edgar/data/872912/000141588925017260/0001415889-25-017260.txt
0000872912,https://www.sec.gov/Archives/edgar/data/872912/000141588925013616/form4-05192025_040512.xml,DCTH,"DELCATH SYSTEMS, INC.",4,2025-05-19,196,,False,,,,,0001415889-25-013616,https://www.sec.gov/Archives/edgar/data/872912/000141588925013616/0001415889-25-013616.txt
0000872912,https://www.sec.gov/Archives/edgar/data/872912/000141588925013615/form4-05192025_040510.xml,DCTH,"DELCATH SYSTEMS, INC.",4,2025-05-19,196,,False,,,,,0001415889-25-013615,https://www.sec.gov/Archives/edgar/data/872912/000141588925013615/0001415889-25-013615.txt
0000872912,https://www.sec.gov/Archives/edgar/data/872912/000141588925013614/form4-05192025_040507.xml,DCTH,"DELCATH SYSTEMS, INC.",4,2025-05-19,196,,False,,,,,0001415889-25-013614,https://www.sec.gov/Archives/edgar/data/872912/000141588925013614/0001415889-25-013614.txt
0000872912,https://www.sec.gov/Archives/edgar/data/872912/000141588925013613/form4-05192025_040505.xml,DCTH,"DELCATH SYSTEMS, INC.",4,2025-05-19,196,,False,,,,,0001415889-25-013613,https://www.sec.gov/Archives/edgar/data/872912/000141588925013613/0001415889-25-013613.txt
0000872912,https://www.sec.gov/Archives/edgar/data/872912/000141588925013612/form4-05192025_040503.xml,DCTH,"DELCATH SYSTEMS, INC.",4,2025-05-19,196,,False,,,,,0001415889-25-013612,https://www.sec.gov/Archives/edgar/data/872912/000141588925013612/0001415889-25-013612.txt
0000872912,https://www.sec.gov/Archives/edgar/data/872912/000162262725000020/primary_doc.xml,DCTH,"DELCATH SYSTEMS, INC.",4,2025-05-09,206,,False,,,,,0001622627-25-000020,https://www.sec.gov/Archives/edgar/data/872912/000162262725000020/0001622627-25-000020.txt
0000872912,https://www.sec.gov/Archives/edgar/data/872912/000162262725000019/primary_doc.xml,DCTH,"DELCATH SYSTEMS, INC.",4,2025-05-09,206,,False,,,,,0001622627-25-000019,https://www.sec.gov/Archives/edgar/data/872912/000162262725000019/0001622627-25-000019.txt
0000872912,https://www.sec.gov/Archives/edgar/data/872912/000119312525289917/d68033d8k.htm,DCTH,"DELCATH SYSTEMS, INC.",8-K,2025-11-20,11,,False,,,,,0001193125-25-289917,https://www.sec.gov/Archives/edgar/data/872912/000119312525289917/0001193125-25-289917.txt
0000872912,https://www.sec.gov/Archives/edgar/data/872912/000162828025048539/dcth-20251104.htm,DCTH,"DELCATH SYSTEMS, INC.",8-K,2025-11-04,27,,False,,,,,0001628280-25-048539,https://www.sec.gov/Archives/edgar/data/872912/000162828025048539/0001628280-25-048539.txt
0000872912,https://www.sec.gov/Archives/edgar/data/872912/000119312525242909/d51469d8k.htm,DCTH,"DELCATH SYSTEMS, INC.",8-K,2025-10-20,42,,False,,,,,0001193125-25-242909,https://www.sec.gov/Archives/edgar/data/872912/000119312525242909/0001193125-25-242909.txt
0000872912,https://www.sec.gov/Archives/edgar/data/872912/000119312525181881/d943145d8k.htm,DCTH,"DELCATH SYSTEMS, INC.",8-K,2025-08-15,108,,False,,,,,0001193125-25-181881,https://www.sec.gov/Archives/edgar/data/872912/000119312525181881/0001193125-25-181881.txt
0000872912,https://www.sec.gov/Archives/edgar/data/872912/000162828025038098/dcth-20250806.htm,DCTH,"DELCATH SYSTEMS, INC.",8-K,2025-08-06,117,,False,,,,,0001628280-25-038098,https://www.sec.gov/Archives/edgar/data/872912/000162828025038098/0001628280-25-038098.txt
0000872912,https://www.sec.gov/Archives/edgar/data/872912/000119312525124538/d946891d8k.htm,DCTH,"DELCATH SYSTEMS, INC.",8-K,2025-05-22,193,,False,,,,,0001193125-25-124538,https://www.sec.gov/Archives/edgar/data/872912/000119312525124538/0001193125-25-124538.txt
0000872912,https://www.sec.gov/Archives/edgar/data/872912/000119312525121700/d19393d8k.htm,DCTH,"DELCATH SYSTEMS, INC.",8-K,2025-05-16,199,,False,,,,,0001193125-25-121700,https://www.sec.gov/Archives/edgar/data/872912/000119312525121700/0001193125-25-121700.txt
0000872912,https://www.sec.gov/Archives/edgar/data/872912/000162828025023470/dcth-20250508.htm,DCTH,"DELCATH SYSTEMS, INC.",8-K,2025-05-08,207,,False,,,,,0001628280-25-023470,https://www.sec.gov/Archives/edgar/data/872912/000162828025023470/0001628280-25-023470.txt
0000872912,https://www.sec.gov/Archives/edgar/data/872912/000119312525060237/d925045d8k.htm,DCTH,"DELCATH SYSTEMS, INC.",8-K,2025-03-21,255,,False,,,,,0001193125-25-060237,https://www.sec.gov/Archives/edgar/data/872912/000119312525060237/0001193125-25-060237.txt
0000872912,https://www.sec.gov/Archives/edgar/data/872912/000162828025010775/dcth-20250306.htm,DCTH,"DELCATH SYSTEMS, INC.",8-K,2025-03-06,270,,False,,,,,0001628280-25-010775,https://www.sec.gov/Archives/edgar/data/872912/000162828025010775/0001628280-25-010775.txt
0000872912,https://www.sec.gov/Archives/edgar/data/872912/000119312525181923/d446811ds8.htm,DCTH,"DELCATH SYSTEMS, INC.",S-8,2025-08-15,108,,False,,,,,0001193125-25-181923,https://www.sec.gov/Archives/edgar/data/872912/000119312525181923/0001193125-25-181923.txt
0000910638,https://www.sec.gov/Archives/edgar/data/910638/000162982725000004/wk-form4_1758229361.xml,DDD,3D SYSTEMS CORP,4,2025-09-18,74,,False,,,,,0001629827-25-000004,https://www.sec.gov/Archives/edgar/data/910638/000162982725000004/0001629827-25-000004.txt
0000910638,https://www.sec.gov/Archives/edgar/data/910638/000110596425000006/wk-form4_1757454714.xml,DDD,3D SYSTEMS CORP,4,2025-09-09,83,,False,,,,,0001105964-25-000006,https://www.sec.gov/Archives/edgar/data/910638/000110596425000006/0001105964-25-000006.txt
0000910638,https://www.sec.gov/Archives/edgar/data/910638/000195768725000005/wk-form4_1757454664.xml,DDD,3D SYSTEMS CORP,4,2025-09-09,83,,False,,,,,0001957687-25-000005,https://www.sec.gov/Archives/edgar/data/910638/000195768725000005/0001957687-25-000005.txt
0000910638,https://www.sec.gov/Archives/edgar/data/910638/000187998225000005/wk-form4_1757454551.xml,DDD,3D SYSTEMS CORP,4,2025-09-09,83,,False,,,,,0001879982-25-000005,https://www.sec.gov/Archives/edgar/data/910638/000187998225000005/0001879982-25-000005.txt
0000910638,https://www.sec.gov/Archives/edgar/data/910638/000162828025041826/wk-form4_1757454059.xml,DDD,3D SYSTEMS CORP,4,2025-09-09,83,,False,,,,,0001628280-25-041826,https://www.sec.gov/Archives/edgar/data/910638/000162828025041826/0001628280-25-041826.txt
0000910638,https://www.sec.gov/Archives/edgar/data/910638/000162828025041825/wk-form4_1757454025.xml,DDD,3D SYSTEMS CORP,4,2025-09-09,83,,False,,,,,0001628280-25-041825,https://www.sec.gov/Archives/edgar/data/910638/000162828025041825/0001628280-25-041825.txt
0000910638,https://www.sec.gov/Archives/edgar/data/910638/000202660825000009/wk-form4_1757454743.xml,DDD,3D SYSTEMS CORP,4,2025-09-09,83,,False,,,,,0002026608-25-000009,https://www.sec.gov/Archives/edgar/data/910638/000202660825000009/0002026608-25-000009.txt
0000910638,https://www.sec.gov/Archives/edgar/data/910638/000162828025031371/wk-form4_1749848107.xml,DDD,3D SYSTEMS CORP,4,2025-06-13,171,,False,,,,,0001628280-25-031371,https://www.sec.gov/Archives/edgar/data/910638/000162828025031371/0001628280-25-031371.txt
0000910638,https://www.sec.gov/Archives/edgar/data/910638/000162828025031370/wk-form4_1749848067.xml,DDD,3D SYSTEMS CORP,4,2025-06-13,171,,False,,,,,0001628280-25-031370,https://www.sec.gov/Archives/edgar/data/910638/000162828025031370/0001628280-25-031370.txt
0000910638,https://www.sec.gov/Archives/edgar/data/910638/000162828025031369/wk-form4_1749848038.xml,DDD,3D SYSTEMS CORP,4,2025-06-13,171,,False,,,,,0001628280-25-031369,https://www.sec.gov/Archives/edgar/data/910638/000162828025031369/0001628280-25-031369.txt
0000910638,https://www.sec.gov/Archives/edgar/data/910638/000162828025048900/ddd-20251104.htm,DDD,3D SYSTEMS CORP,8-K,2025-11-04,27,,False,,,,,0001628280-25-048900,https://www.sec.gov/Archives/edgar/data/910638/000162828025048900/0001628280-25-048900.txt
0000910638,https://www.sec.gov/Archives/edgar/data/910638/000119312525184165/d921658d8k.htm,DDD,3D SYSTEMS CORP,8-K,2025-08-20,103,,False,,,,,0001193125-25-184165,https://www.sec.gov/Archives/edgar/data/910638/000119312525184165/0001193125-25-184165.txt
0000910638,https://www.sec.gov/Archives/edgar/data/910638/000119312525182764/d18577d8k.htm,DDD,3D SYSTEMS CORP,8-K,2025-08-18,105,,False,,,,,0001193125-25-182764,https://www.sec.gov/Archives/edgar/data/910638/000119312525182764/0001193125-25-182764.txt
0000910638,https://www.sec.gov/Archives/edgar/data/910638/000119312525177976/d90147d8k.htm,DDD,3D SYSTEMS CORP,8-K,2025-08-11,112,,False,,,,,0001193125-25-177976,https://www.sec.gov/Archives/edgar/data/910638/000119312525177976/0001193125-25-177976.txt
0000910638,https://www.sec.gov/Archives/edgar/data/910638/000119312525145744/d870332d8k.htm,DDD,3D SYSTEMS CORP,8-K,2025-06-24,160,,False,,,,,0001193125-25-145744,https://www.sec.gov/Archives/edgar/data/910638/000119312525145744/0001193125-25-145744.txt
0000910638,https://www.sec.gov/Archives/edgar/data/910638/000119312525123216/d98110d8k.htm,DDD,3D SYSTEMS CORP,8-K,2025-05-20,195,,False,,,,,0001193125-25-123216,https://www.sec.gov/Archives/edgar/data/910638/000119312525123216/0001193125-25-123216.txt
0000910638,https://www.sec.gov/Archives/edgar/data/910638/000119312525117890/d32717d8k.htm,DDD,3D SYSTEMS CORP,8-K,2025-05-12,203,,False,,,,,0001193125-25-117890,https://www.sec.gov/Archives/edgar/data/910638/000119312525117890/0001193125-25-117890.txt
0000910638,https://www.sec.gov/Archives/edgar/data/910638/000119312525074767/d872303d8k.htm,DDD,3D SYSTEMS CORP,8-K,2025-04-07,238,,False,,,,,0001193125-25-074767,https://www.sec.gov/Archives/edgar/data/910638/000119312525074767/0001193125-25-074767.txt
0000910638,https://www.sec.gov/Archives/edgar/data/910638/000119312525064094/d940288d8k.htm,DDD,3D SYSTEMS CORP,8-K,2025-03-26,250,,False,,,,,0001193125-25-064094,https://www.sec.gov/Archives/edgar/data/910638/000119312525064094/0001193125-25-064094.txt
0000910638,https://www.sec.gov/Archives/edgar/data/910638/000119312524277081/d909568d8k.htm,DDD,3D SYSTEMS CORP,8-K,2024-12-12,354,,False,,,,,0001193125-24-277081,https://www.sec.gov/Archives/edgar/data/910638/000119312524277081/0001193125-24-277081.txt
0000910638,https://www.sec.gov/Archives/edgar/data/910638/000091063825000024/ddd-20250820.htm,DDD,3D SYSTEMS CORP,8-K/A,2025-09-11,81,,False,,,,,0000910638-25-000024,https://www.sec.gov/Archives/edgar/data/910638/000091063825000024/0000910638-25-000024.txt
0000910638,https://www.sec.gov/Archives/edgar/data/910638/000119312525194137/d59243d8ka.htm,DDD,3D SYSTEMS CORP,8-K/A,2025-09-02,90,,False,,,,,0001193125-25-194137,https://www.sec.gov/Archives/edgar/data/910638/000119312525194137/0001193125-25-194137.txt
0000852772,https://www.sec.gov/Archives/edgar/data/852772/000085277225000070/denn-20241225.htm,DENN,DENNY'S Corp,10-K,2025-02-24,280,,False,,NO_PERIODS,no inferable periods,,0000852772-25-000070,https://www.sec.gov/Archives/edgar/data/852772/000085277225000070/0000852772-25-000070.txt
0000852772,https://www.sec.gov/Archives/edgar/data/852772/000085277225000121/denn-20250924.htm,DENN,DENNY'S Corp,10-Q,2025-11-04,27,,False,,NO_PERIODS,no inferable periods,,0000852772-25-000121,https://www.sec.gov/Archives/edgar/data/852772/000085277225000121/0000852772-25-000121.txt
0000852772,https://www.sec.gov/Archives/edgar/data/852772/000085277225000108/denn-20250625.htm,DENN,DENNY'S Corp,10-Q,2025-08-04,119,,False,,NO_PERIODS,no inferable periods,,0000852772-25-000108,https://www.sec.gov/Archives/edgar/data/852772/000085277225000108/0000852772-25-000108.txt
0000852772,https://www.sec.gov/Archives/edgar/data/852772/000092189525002893/form313432007_11042025.xml,DENN,DENNY'S Corp,3,2025-11-04,27,,False,,,,,0000921895-25-002893,https://www.sec.gov/Archives/edgar/data/852772/000092189525002893/0000921895-25-002893.txt
0000852772,https://www.sec.gov/Archives/edgar/data/852772/000092189525002783/form313432007_10212025.xml,DENN,DENNY'S Corp,3,2025-10-21,41,,False,,,,,0000921895-25-002783,https://www.sec.gov/Archives/edgar/data/852772/000092189525002783/0000921895-25-002783.txt
0000852772,https://www.sec.gov/Archives/edgar/data/852772/000092189525002782/form308569061_10212025.xml,DENN,DENNY'S Corp,3,2025-10-21,41,,False,,,,,0000921895-25-002782,https://www.sec.gov/Archives/edgar/data/852772/000092189525002782/0000921895-25-002782.txt
0000852772,https://www.sec.gov/Archives/edgar/data/852772/000092189525002892/form3a108569061_11042025.xml,DENN,DENNY'S Corp,3/A,2025-11-04,27,,False,,,,,0000921895-25-002892,https://www.sec.gov/Archives/edgar/data/852772/000092189525002892/0000921895-25-002892.txt
0000852772,https://www.sec.gov/Archives/edgar/data/852772/000092189525002894/form413432007_11042025.xml,DENN,DENNY'S Corp,4,2025-11-04,27,,False,,,,,0000921895-25-002894,https://www.sec.gov/Archives/edgar/data/852772/000092189525002894/0000921895-25-002894.txt
0000852772,https://www.sec.gov/Archives/edgar/data/852772/000092189525002784/form413432007_10212025.xml,DENN,DENNY'S Corp,4,2025-10-21,41,,False,,,,,0000921895-25-002784,https://www.sec.gov/Archives/edgar/data/852772/000092189525002784/0000921895-25-002784.txt
0000852772,https://www.sec.gov/Archives/edgar/data/852772/000085277225000091/wk-form4_1747429240.xml,DENN,DENNY'S Corp,4,2025-05-16,199,,False,,,,,0000852772-25-000091,https://www.sec.gov/Archives/edgar/data/852772/000085277225000091/0000852772-25-000091.txt
0000852772,https://www.sec.gov/Archives/edgar/data/852772/000085277225000090/wk-form4_1747429229.xml,DENN,DENNY'S Corp,4,2025-05-16,199,,False,,,,,0000852772-25-000090,https://www.sec.gov/Archives/edgar/data/852772/000085277225000090/0000852772-25-000090.txt
0000852772,https://www.sec.gov/Archives/edgar/data/852772/000085277225000089/wk-form4_1747429217.xml,DENN,DENNY'S Corp,4,2025-05-16,199,,False,,,,,0000852772-25-000089,https://www.sec.gov/Archives/edgar/data/852772/000085277225000089/0000852772-25-000089.txt
0000852772,https://www.sec.gov/Archives/edgar/data/852772/000085277225000088/wk-form4_1747429201.xml,DENN,DENNY'S Corp,4,2025-05-16,199,,False,,,,,0000852772-25-000088,https://www.sec.gov/Archives/edgar/data/852772/000085277225000088/0000852772-25-000088.txt
0000852772,https://www.sec.gov/Archives/edgar/data/852772/000119312525263393/d17512d8k.htm,DENN,DENNY'S Corp,8-K,2025-11-04,27,,False,,,,,0001193125-25-263393,https://www.sec.gov/Archives/edgar/data/852772/000119312525263393/0001193125-25-263393.txt
0000852772,https://www.sec.gov/Archives/edgar/data/852772/000085277225000119/denn-20251103.htm,DENN,DENNY'S Corp,8-K,2025-11-04,27,,False,,,,,0000852772-25-000119,https://www.sec.gov/Archives/edgar/data/852772/000085277225000119/0000852772-25-000119.txt
0000852772,https://www.sec.gov/Archives/edgar/data/852772/000119312525262835/d40219d8k.htm,DENN,DENNY'S Corp,8-K,2025-11-03,28,,False,,,,,0001193125-25-262835,https://www.sec.gov/Archives/edgar/data/852772/000119312525262835/0001193125-25-262835.txt
0000852772,https://www.sec.gov/Archives/edgar/data/852772/000085277225000106/denn-20250804.htm,DENN,DENNY'S Corp,8-K,2025-08-04,119,,False,,,,,0000852772-25-000106,https://www.sec.gov/Archives/edgar/data/852772/000085277225000106/0000852772-25-000106.txt
0000852772,https://www.sec.gov/Archives/edgar/data/852772/000085277225000098/denn-20250725.htm,DENN,DENNY'S Corp,8-K,2025-07-25,129,,False,,,,,0000852772-25-000098,https://www.sec.gov/Archives/edgar/data/852772/000085277225000098/0000852772-25-000098.txt
0000852772,https://www.sec.gov/Archives/edgar/data/852772/000085277225000087/denn-20250514.htm,DENN,DENNY'S Corp,8-K,2025-05-16,199,,False,,,,,0000852772-25-000087,https://www.sec.gov/Archives/edgar/data/852772/000085277225000087/0000852772-25-000087.txt
0000852772,https://www.sec.gov/Archives/edgar/data/852772/000085277225000081/denn-20250505.htm,DENN,DENNY'S Corp,8-K,2025-05-05,210,,False,,,,,0000852772-25-000081,https://www.sec.gov/Archives/edgar/data/852772/000085277225000081/0000852772-25-000081.txt
0000852772,https://www.sec.gov/Archives/edgar/data/852772/000085277225000073/denn-20250303.htm,DENN,DENNY'S Corp,8-K,2025-03-03,273,,False,,,,,0000852772-25-000073,https://www.sec.gov/Archives/edgar/data/852772/000085277225000073/0000852772-25-000073.txt
0000852772,https://www.sec.gov/Archives/edgar/data/852772/000085277225000064/denn-20250218.htm,DENN,DENNY'S Corp,8-K,2025-02-18,286,,False,,,,,0000852772-25-000064,https://www.sec.gov/Archives/edgar/data/852772/000085277225000064/0000852772-25-000064.txt
0000852772,https://www.sec.gov/Archives/edgar/data/852772/000085277225000044/denn-20250212.htm,DENN,DENNY'S Corp,8-K,2025-02-12,292,,False,,,,,0000852772-25-000044,https://www.sec.gov/Archives/edgar/data/852772/000085277225000044/0000852772-25-000044.txt
0000852772,https://www.sec.gov/Archives/edgar/data/852772/000092963825002833/s8.htm,DENN,DENNY'S Corp,S-8,2025-07-31,123,,False,,,,,0000929638-25-002833,https://www.sec.gov/Archives/edgar/data/852772/000092963825002833/0000929638-25-002833.txt
0001805526,https://www.sec.gov/Archives/edgar/data/1805526/000121390025044919/ea0242584-10ka1_defi.htm,DFDV,DeFi Development Corp.,10-K/A,2025-05-16,199,,False,,NO_CASHFLOW,cashflow statement missing,,0001213900-25-044919,https://www.sec.gov/Archives/edgar/data/1805526/000121390025044919/0001213900-25-044919.txt
0001805526,https://www.sec.gov/Archives/edgar/data/1805526/000122520825008727/doc3.xml,DFDV,DeFi Development Corp.,3,2025-10-23,39,,False,,,,,0001225208-25-008727,https://www.sec.gov/Archives/edgar/data/1805526/000122520825008727/0001225208-25-008727.txt
0001805526,https://www.sec.gov/Archives/edgar/data/1805526/000122520825008120/doc3.xml,DFDV,DeFi Development Corp.,3,2025-09-23,69,,False,,,,,0001225208-25-008120,https://www.sec.gov/Archives/edgar/data/1805526/000122520825008120/0001225208-25-008120.txt
0001805526,https://www.sec.gov/Archives/edgar/data/1805526/000122520825009463/doc4.xml,DFDV,DeFi Development Corp.,4,2025-11-25,6,,False,,,,,0001225208-25-009463,https://www.sec.gov/Archives/edgar/data/1805526/000122520825009463/0001225208-25-009463.txt
0001805526,https://www.sec.gov/Archives/edgar/data/1805526/000122520825009462/doc4.xml,DFDV,DeFi Development Corp.,4,2025-11-25,6,,False,,,,,0001225208-25-009462,https://www.sec.gov/Archives/edgar/data/1805526/000122520825009462/0001225208-25-009462.txt
0001805526,https://www.sec.gov/Archives/edgar/data/1805526/000122520825009461/doc4.xml,DFDV,DeFi Development Corp.,4,2025-11-25,6,,False,,,,,0001225208-25-009461,https://www.sec.gov/Archives/edgar/data/1805526/000122520825009461/0001225208-25-009461.txt
0001805526,https://www.sec.gov/Archives/edgar/data/1805526/000122520825009460/doc4.xml,DFDV,DeFi Development Corp.,4,2025-11-25,6,,False,,,,,0001225208-25-009460,https://www.sec.gov/Archives/edgar/data/1805526/000122520825009460/0001225208-25-009460.txt
0001805526,https://www.sec.gov/Archives/edgar/data/1805526/000122520825008728/doc4.xml,DFDV,DeFi Development Corp.,4,2025-10-23,39,,False,,,,,0001225208-25-008728,https://www.sec.gov/Archives/edgar/data/1805526/000122520825008728/0001225208-25-008728.txt
0001805526,https://www.sec.gov/Archives/edgar/data/1805526/000122520825008121/doc4.xml,DFDV,DeFi Development Corp.,4,2025-09-23,69,,False,,,,,0001225208-25-008121,https://www.sec.gov/Archives/edgar/data/1805526/000122520825008121/0001225208-25-008121.txt
0001805526,https://www.sec.gov/Archives/edgar/data/1805526/000121390025111783/ea0266101-424b3_defi.htm,DFDV,DeFi Development Corp.,424B3,2025-11-18,13,,False,,,,,0001213900-25-111783,https://www.sec.gov/Archives/edgar/data/1805526/000121390025111783/0001213900-25-111783.txt
0001805526,https://www.sec.gov/Archives/edgar/data/1805526/000121390025105278/ea0263533-424b3_defi.htm,DFDV,DeFi Development Corp.,424B3,2025-11-03,28,,False,,,,,0001213900-25-105278,https://www.sec.gov/Archives/edgar/data/1805526/000121390025105278/0001213900-25-105278.txt
0001805526,https://www.sec.gov/Archives/edgar/data/1805526/000121390025057232/ea0245660-03.htm,DFDV,DeFi Development Corp.,424B3,2025-06-24,160,,False,,,,,0001213900-25-057232,https://www.sec.gov/Archives/edgar/data/1805526/000121390025057232/0001213900-25-057232.txt
0001805526,https://www.sec.gov/Archives/edgar/data/1805526/000121390025056952/ea0246637-424b3_defi.htm,DFDV,DeFi Development Corp.,424B3,2025-06-24,160,,False,,,,,0001213900-25-056952,https://www.sec.gov/Archives/edgar/data/1805526/000121390025056952/0001213900-25-056952.txt
0001805526,https://www.sec.gov/Archives/edgar/data/1805526/000121390025039900/ea0240846-424b5_defi.htm,DFDV,DeFi Development Corp.,424B5,2025-05-06,209,,False,,,,,0001213900-25-039900,https://www.sec.gov/Archives/edgar/data/1805526/000121390025039900/0001213900-25-039900.txt
0001805526,https://www.sec.gov/Archives/edgar/data/1805526/000121390025031762/ea0238111-424b5_janover.htm,DFDV,DeFi Development Corp.,424B5,2025-04-15,230,,False,,,,,0001213900-25-031762,https://www.sec.gov/Archives/edgar/data/1805526/000121390025031762/0001213900-25-031762.txt
0001805526,https://www.sec.gov/Archives/edgar/data/1805526/000121390025109627/ea0265415-8k_defi.htm,DFDV,DeFi Development Corp.,8-K,2025-11-13,18,,False,,,,,0001213900-25-109627,https://www.sec.gov/Archives/edgar/data/1805526/000121390025109627/0001213900-25-109627.txt
0001805526,https://www.sec.gov/Archives/edgar/data/1805526/000121390025101206/ea0262083-8k_defi.htm,DFDV,DeFi Development Corp.,8-K,2025-10-22,40,,False,,,,,0001213900-25-101206,https://www.sec.gov/Archives/edgar/data/1805526/000121390025101206/0001213900-25-101206.txt
0001805526,https://www.sec.gov/Archives/edgar/data/1805526/000121390025099344/ea0261467-8k_defi.htm,DFDV,DeFi Development Corp.,8-K,2025-10-16,46,,False,,,,,0001213900-25-099344,https://www.sec.gov/Archives/edgar/data/1805526/000121390025099344/0001213900-25-099344.txt
0001805526,https://www.sec.gov/Archives/edgar/data/1805526/000121390025097242/ea0260652-8k_defi.htm,DFDV,DeFi Development Corp.,8-K,2025-10-08,54,,False,,,,,0001213900-25-097242,https://www.sec.gov/Archives/edgar/data/1805526/000121390025097242/0001213900-25-097242.txt
0001805526,https://www.sec.gov/Archives/edgar/data/1805526/000121390025088983/ea0257899-8k_defi.htm,DFDV,DeFi Development Corp.,8-K,2025-09-18,74,,False,,,,,0001213900-25-088983,https://www.sec.gov/Archives/edgar/data/1805526/000121390025088983/0001213900-25-088983.txt
0001805526,https://www.sec.gov/Archives/edgar/data/1805526/000095017025111943/dfdv-20250828.htm,DFDV,DeFi Development Corp.,8-K,2025-08-28,95,,False,,,,,0000950170-25-111943,https://www.sec.gov/Archives/edgar/data/1805526/000095017025111943/0000950170-25-111943.txt
0001805526,https://www.sec.gov/Archives/edgar/data/1805526/000095017025111256/dfdv-20250824.htm,DFDV,DeFi Development Corp.,8-K,2025-08-26,97,,False,,,,,0000950170-25-111256,https://www.sec.gov/Archives/edgar/data/1805526/000095017025111256/0000950170-25-111256.txt
0001805526,https://www.sec.gov/Archives/edgar/data/1805526/000121390025075103/ea0252923-8k_defi.htm,DFDV,DeFi Development Corp.,8-K,2025-08-12,111,,False,,,,,0001213900-25-075103,https://www.sec.gov/Archives/edgar/data/1805526/000121390025075103/0001213900-25-075103.txt
0001805526,https://www.sec.gov/Archives/edgar/data/1805526/000121390025071124/ea0251469-8k_defi.htm,DFDV,DeFi Development Corp.,8-K,2025-08-04,119,,False,,,,,0001213900-25-071124,https://www.sec.gov/Archives/edgar/data/1805526/000121390025071124/0001213900-25-071124.txt
0001805526,https://www.sec.gov/Archives/edgar/data/1805526/000121390025070067/ea0251090-8k_defi.htm,DFDV,DeFi Development Corp.,8-K,2025-07-31,123,,False,,,,,0001213900-25-070067,https://www.sec.gov/Archives/edgar/data/1805526/000121390025070067/0001213900-25-070067.txt
0001805526,https://www.sec.gov/Archives/edgar/data/1805526/000121390025066735/ea0249934-8ka_defi.htm,DFDV,DeFi Development Corp.,8-K/A,2025-07-22,132,,False,,,,,0001213900-25-066735,https://www.sec.gov/Archives/edgar/data/1805526/000121390025066735/0001213900-25-066735.txt
0001805526,https://www.sec.gov/Archives/edgar/data/1805526/000121390025035609/ea0239372-s3_defi.htm,DFDV,DeFi Development Corp.,S-3,2025-04-25,220,,False,,,,,0001213900-25-035609,https://www.sec.gov/Archives/edgar/data/1805526/000121390025035609/0001213900-25-035609.txt
0001805526,https://www.sec.gov/Archives/edgar/data/1805526/000121390025046229/ea0241653-s3a1_defi.htm,DFDV,DeFi Development Corp.,S-3/A,2025-05-21,194,,False,,,,,0001213900-25-046229,https://www.sec.gov/Archives/edgar/data/1805526/000121390025046229/0001213900-25-046229.txt
0001805526,https://www.sec.gov/Archives/edgar/data/1805526/000121390025085642/ea0256320-s8_defi.htm,DFDV,DeFi Development Corp.,S-8,2025-09-08,84,,False,,,,,0001213900-25-085642,https://www.sec.gov/Archives/edgar/data/1805526/000121390025085642/0001213900-25-085642.txt
0001805526,https://www.sec.gov/Archives/edgar/data/1805526/000121390025082859/ea0255236-s8_defi.htm,DFDV,DeFi Development Corp.,S-8,2025-09-02,90,,False,,,,,0001213900-25-082859,https://www.sec.gov/Archives/edgar/data/1805526/000121390025082859/0001213900-25-082859.txt
0001861795,https://www.sec.gov/Archives/edgar/data/1861795/000095017025029086/dh-20241231.htm,DH,Definitive Healthcare Corp.,10-K,2025-02-27,277,,False,,NO_PERIODS,no inferable periods,,0000950170-25-029086,https://www.sec.gov/Archives/edgar/data/1861795/000095017025029086/0000950170-25-029086.txt
0001861795,https://www.sec.gov/Archives/edgar/data/1861795/000119312525269681/dh-20250930.htm,DH,Definitive Healthcare Corp.,10-Q,2025-11-06,25,,False,,NO_PERIODS,no inferable periods,,0001193125-25-269681,https://www.sec.gov/Archives/edgar/data/1861795/000119312525269681/0001193125-25-269681.txt
0001861795,https://www.sec.gov/Archives/edgar/data/1861795/000095017025105071/dh-20250630.htm,DH,Definitive Healthcare Corp.,10-Q,2025-08-07,116,,False,,NO_PERIODS,no inferable periods,,0000950170-25-105071,https://www.sec.gov/Archives/edgar/data/1861795/000095017025105071/0000950170-25-105071.txt
0001861795,https://www.sec.gov/Archives/edgar/data/1861795/000119312525264633/ownership.xml,DH,Definitive Healthcare Corp.,4,2025-11-04,27,,False,,,,,0001193125-25-264633,https://www.sec.gov/Archives/edgar/data/1861795/000119312525264633/0001193125-25-264633.txt
0001861795,https://www.sec.gov/Archives/edgar/data/1861795/000119312525264629/ownership.xml,DH,Definitive Healthcare Corp.,4,2025-11-04,27,,False,,,,,0001193125-25-264629,https://www.sec.gov/Archives/edgar/data/1861795/000119312525264629/0001193125-25-264629.txt
0001861795,https://www.sec.gov/Archives/edgar/data/1861795/000119312525229270/ownership.xml,DH,Definitive Healthcare Corp.,4,2025-10-03,59,,False,,,,,0001193125-25-229270,https://www.sec.gov/Archives/edgar/data/1861795/000119312525229270/0001193125-25-229270.txt
0001861795,https://www.sec.gov/Archives/edgar/data/1861795/000119312525229266/ownership.xml,DH,Definitive Healthcare Corp.,4,2025-10-03,59,,False,,,,,0001193125-25-229266,https://www.sec.gov/Archives/edgar/data/1861795/000119312525229266/0001193125-25-229266.txt
0001861795,https://www.sec.gov/Archives/edgar/data/1861795/000119312525204984/ownership.xml,DH,Definitive Healthcare Corp.,4,2025-09-16,76,,False,,,,,0001193125-25-204984,https://www.sec.gov/Archives/edgar/data/1861795/000119312525204984/0001193125-25-204984.txt
0001861795,https://www.sec.gov/Archives/edgar/data/1861795/000141588925021086/form4-08052025_100859.xml,DH,Definitive Healthcare Corp.,4,2025-08-05,118,,False,,,,,0001415889-25-021086,https://www.sec.gov/Archives/edgar/data/1861795/000141588925021086/0001415889-25-021086.txt
0001861795,https://www.sec.gov/Archives/edgar/data/1861795/000141588925021085/form4-08052025_100821.xml,DH,Definitive Healthcare Corp.,4,2025-08-05,118,,False,,,,,0001415889-25-021085,https://www.sec.gov/Archives/edgar/data/1861795/000141588925021085/0001415889-25-021085.txt
0001861795,https://www.sec.gov/Archives/edgar/data/1861795/000141588925021082/form4-08052025_100843.xml,DH,Definitive Healthcare Corp.,4,2025-08-05,118,,False,,,,,0001415889-25-021082,https://www.sec.gov/Archives/edgar/data/1861795/000141588925021082/0001415889-25-021082.txt
0001861795,https://www.sec.gov/Archives/edgar/data/1861795/000141588925019309/form4-07032025_040715.xml,DH,Definitive Healthcare Corp.,4,2025-07-03,151,,False,,,,,0001415889-25-019309,https://www.sec.gov/Archives/edgar/data/1861795/000141588925019309/0001415889-25-019309.txt
0001861795,https://www.sec.gov/Archives/edgar/data/1861795/000141588925019060/form4-07022025_040712.xml,DH,Definitive Healthcare Corp.,4,2025-07-02,152,,False,,,,,0001415889-25-019060,https://www.sec.gov/Archives/edgar/data/1861795/000141588925019060/0001415889-25-019060.txt
0001861795,https://www.sec.gov/Archives/edgar/data/1861795/000119312525269559/dh-20251106.htm,DH,Definitive Healthcare Corp.,8-K,2025-11-06,25,,False,,,,,0001193125-25-269559,https://www.sec.gov/Archives/edgar/data/1861795/000119312525269559/0001193125-25-269559.txt
0001861795,https://www.sec.gov/Archives/edgar/data/1861795/000095017025105037/dh-20250807.htm,DH,Definitive Healthcare Corp.,8-K,2025-08-07,116,,False,,,,,0000950170-25-105037,https://www.sec.gov/Archives/edgar/data/1861795/000095017025105037/0000950170-25-105037.txt
0001861795,https://www.sec.gov/Archives/edgar/data/1861795/000095017025097966/dh-20250720.htm,DH,Definitive Healthcare Corp.,8-K,2025-07-23,131,,False,,,,,0000950170-25-097966,https://www.sec.gov/Archives/edgar/data/1861795/000095017025097966/0000950170-25-097966.txt
0001861795,https://www.sec.gov/Archives/edgar/data/1861795/000095017025092187/dh-20250625.htm,DH,Definitive Healthcare Corp.,8-K,2025-07-01,153,,False,,,,,0000950170-25-092187,https://www.sec.gov/Archives/edgar/data/1861795/000095017025092187/0000950170-25-092187.txt
0001861795,https://www.sec.gov/Archives/edgar/data/1861795/000095017025083070/dh-20250605.htm,DH,Definitive Healthcare Corp.,8-K,2025-06-06,178,,False,,,,,0000950170-25-083070,https://www.sec.gov/Archives/edgar/data/1861795/000095017025083070/0000950170-25-083070.txt
0001861795,https://www.sec.gov/Archives/edgar/data/1861795/000095017025066957/dh-20250508.htm,DH,Definitive Healthcare Corp.,8-K,2025-05-08,207,,False,,,,,0000950170-25-066957,https://www.sec.gov/Archives/edgar/data/1861795/000095017025066957/0000950170-25-066957.txt
0001861795,https://www.sec.gov/Archives/edgar/data/1861795/000095017025029049/dh-20250224.htm,DH,Definitive Healthcare Corp.,8-K,2025-02-27,277,,False,,,,,0000950170-25-029049,https://www.sec.gov/Archives/edgar/data/1861795/000095017025029049/0000950170-25-029049.txt
0001861795,https://www.sec.gov/Archives/edgar/data/1861795/000095017025006199/dh-20250116.htm,DH,Definitive Healthcare Corp.,8-K,2025-01-16,319,,False,,,,,0000950170-25-006199,https://www.sec.gov/Archives/edgar/data/1861795/000095017025006199/0000950170-25-006199.txt
0001861795,https://www.sec.gov/Archives/edgar/data/1861795/000095017024123356/dh-20241101.htm,DH,Definitive Healthcare Corp.,8-K,2024-11-07,389,,False,,,,,0000950170-24-123356,https://www.sec.gov/Archives/edgar/data/1861795/000095017024123356/0000950170-24-123356.txt
0001861795,https://www.sec.gov/Archives/edgar/data/1861795/000095017025029160/dh-20250227.htm,DH,Definitive Healthcare Corp.,S-8,2025-02-27,277,,False,,,,,0000950170-25-029160,https://www.sec.gov/Archives/edgar/data/1861795/000095017025029160/0000950170-25-029160.txt
0001828791,https://www.sec.gov/Archives/edgar/data/1828791/000182879125000010/dsp-20241231.htm,DSP,Viant Technology Inc.,10-K,2025-03-03,273,,False,,NO_PERIODS,no inferable periods,,0001828791-25-000010,https://www.sec.gov/Archives/edgar/data/1828791/000182879125000010/0001828791-25-000010.txt
0001828791,https://www.sec.gov/Archives/edgar/data/1828791/000182879125000078/dsp-20250930.htm,DSP,Viant Technology Inc.,10-Q,2025-11-10,21,,False,,NO_PERIODS,no inferable periods,,0001828791-25-000078,https://www.sec.gov/Archives/edgar/data/1828791/000182879125000078/0001828791-25-000078.txt
0001828791,https://www.sec.gov/Archives/edgar/data/1828791/000182879125000056/dsp-20250630.htm,DSP,Viant Technology Inc.,10-Q,2025-08-11,112,,False,,NO_PERIODS,no inferable periods,,0001828791-25-000056,https://www.sec.gov/Archives/edgar/data/1828791/000182879125000056/0001828791-25-000056.txt
0001828791,https://www.sec.gov/Archives/edgar/data/1828791/000184476725000005/wk-form4_1758148771.xml,DSP,Viant Technology Inc.,4,2025-09-17,75,,False,,,,,0001844767-25-000005,https://www.sec.gov/Archives/edgar/data/1828791/000184476725000005/0001844767-25-000005.txt
0001828791,https://www.sec.gov/Archives/edgar/data/1828791/000184310425000007/wk-form4_1758148734.xml,DSP,Viant Technology Inc.,4,2025-09-17,75,,False,,,,,0001843104-25-000007,https://www.sec.gov/Archives/edgar/data/1828791/000184310425000007/0001843104-25-000007.txt
0001828791,https://www.sec.gov/Archives/edgar/data/1828791/000184310325000007/wk-form4_1758148703.xml,DSP,Viant Technology Inc.,4,2025-09-17,75,,False,,,,,0001843103-25-000007,https://www.sec.gov/Archives/edgar/data/1828791/000184310325000007/0001843103-25-000007.txt
0001828791,https://www.sec.gov/Archives/edgar/data/1828791/000128430925000010/wk-form4_1758148661.xml,DSP,Viant Technology Inc.,4,2025-09-17,75,,False,,,,,0001284309-25-000010,https://www.sec.gov/Archives/edgar/data/1828791/000128430925000010/0001284309-25-000010.txt
0001828791,https://www.sec.gov/Archives/edgar/data/1828791/000162828025031441/wk-form4_1749863554.xml,DSP,Viant Technology Inc.,4,2025-06-13,171,,False,,,,,0001628280-25-031441,https://www.sec.gov/Archives/edgar/data/1828791/000162828025031441/0001628280-25-031441.txt
0001828791,https://www.sec.gov/Archives/edgar/data/1828791/000162828025031440/wk-form4_1749863481.xml,DSP,Viant Technology Inc.,4,2025-06-13,171,,False,,,,,0001628280-25-031440,https://www.sec.gov/Archives/edgar/data/1828791/000162828025031440/0001628280-25-031440.txt
0001828791,https://www.sec.gov/Archives/edgar/data/1828791/000162828025031439/wk-form4_1749863388.xml,DSP,Viant Technology Inc.,4,2025-06-13,171,,False,,,,,0001628280-25-031439,https://www.sec.gov/Archives/edgar/data/1828791/000162828025031439/0001628280-25-031439.txt
0001828791,https://www.sec.gov/Archives/edgar/data/1828791/000162828025030289/wk-form4_1749505136.xml,DSP,Viant Technology Inc.,4,2025-06-09,175,,False,,,,,0001628280-25-030289,https://www.sec.gov/Archives/edgar/data/1828791/000162828025030289/0001628280-25-030289.txt
0001828791,https://www.sec.gov/Archives/edgar/data/1828791/000162828025030284/wk-form4_1749504939.xml,DSP,Viant Technology Inc.,4,2025-06-09,175,,False,,,,,0001628280-25-030284,https://www.sec.gov/Archives/edgar/data/1828791/000162828025030284/0001628280-25-030284.txt
0001828791,https://www.sec.gov/Archives/edgar/data/1828791/000162828025030283/wk-form4_1749504880.xml,DSP,Viant Technology Inc.,4,2025-06-09,175,,False,,,,,0001628280-25-030283,https://www.sec.gov/Archives/edgar/data/1828791/000162828025030283/0001628280-25-030283.txt
0001828791,https://www.sec.gov/Archives/edgar/data/1828791/000182879125000077/dsp-20251110.htm,DSP,Viant Technology Inc.,8-K,2025-11-10,21,,False,,,,,0001828791-25-000077,https://www.sec.gov/Archives/edgar/data/1828791/000182879125000077/0001828791-25-000077.txt
0001828791,https://www.sec.gov/Archives/edgar/data/1828791/000182879125000054/dsp-20250811.htm,DSP,Viant Technology Inc.,8-K,2025-08-11,112,,False,,,,,0001828791-25-000054,https://www.sec.gov/Archives/edgar/data/1828791/000182879125000054/0001828791-25-000054.txt
0001828791,https://www.sec.gov/Archives/edgar/data/1828791/000182879125000034/dsp-20250605.htm,DSP,Viant Technology Inc.,8-K,2025-06-09,175,,False,,,,,0001828791-25-000034,https://www.sec.gov/Archives/edgar/data/1828791/000182879125000034/0001828791-25-000034.txt
0001828791,https://www.sec.gov/Archives/edgar/data/1828791/000182879125000024/dsp-20250510.htm,DSP,Viant Technology Inc.,8-K,2025-05-14,201,,False,,,,,0001828791-25-000024,https://www.sec.gov/Archives/edgar/data/1828791/000182879125000024/0001828791-25-000024.txt
0001828791,https://www.sec.gov/Archives/edgar/data/1828791/000182879125000018/dsp-20250506.htm,DSP,Viant Technology Inc.,8-K,2025-05-06,209,,False,,,,,0001828791-25-000018,https://www.sec.gov/Archives/edgar/data/1828791/000182879125000018/0001828791-25-000018.txt
0001828791,https://www.sec.gov/Archives/edgar/data/1828791/000182879125000009/dsp-20250303.htm,DSP,Viant Technology Inc.,8-K,2025-03-03,273,,False,,,,,0001828791-25-000009,https://www.sec.gov/Archives/edgar/data/1828791/000182879125000009/0001828791-25-000009.txt
0001828791,https://www.sec.gov/Archives/edgar/data/1828791/000182879124000053/dsp-20241112.htm,DSP,Viant Technology Inc.,8-K,2024-11-12,384,,False,,,,,0001828791-24-000053,https://www.sec.gov/Archives/edgar/data/1828791/000182879124000053/0001828791-24-000053.txt
0001828791,https://www.sec.gov/Archives/edgar/data/1828791/000182879125000013/dsp-20241231xsx8.htm,DSP,Viant Technology Inc.,S-8,2025-03-03,273,,False,,,,,0001828791-25-000013,https://www.sec.gov/Archives/edgar/data/1828791/000182879125000013/0001828791-25-000013.txt
0001318885,https://www.sec.gov/Archives/edgar/data/1318885/000156276225000050/dsx-20241231.htm,DSX,DIANA SHIPPING INC.,20-F,2025-03-21,255,,False,,NO_PERIODS,no inferable periods,,0001562762-25-000050,https://www.sec.gov/Archives/edgar/data/1318885/000156276225000050/0001562762-25-000050.txt
0001318885,https://www.sec.gov/Archives/edgar/data/1318885/000091957425005920/ownership.xml,DSX,DIANA SHIPPING INC.,3,2025-10-01,61,,False,,,,,0000919574-25-005920,https://www.sec.gov/Archives/edgar/data/1318885/000091957425005920/0000919574-25-005920.txt
0001318885,https://www.sec.gov/Archives/edgar/data/1318885/000091957425007161/d12047016_6k.htm,DSX,DIANA SHIPPING INC.,6-K,2025-11-24,7,,False,,NO_CASHFLOW,cashflow statement missing,,0000919574-25-007161,https://www.sec.gov/Archives/edgar/data/1318885/000091957425007161/0000919574-25-007161.txt
0001318885,https://www.sec.gov/Archives/edgar/data/1318885/000091957425007147/d12044974_6-k.htm,DSX,DIANA SHIPPING INC.,6-K,2025-11-21,10,,False,,NO_CASHFLOW,cashflow statement missing,,0000919574-25-007147,https://www.sec.gov/Archives/edgar/data/1318885/000091957425007147/0000919574-25-007147.txt
0001318885,https://www.sec.gov/Archives/edgar/data/1318885/000091957425007149/d12045236_6-k.htm,DSX,DIANA SHIPPING INC.,6-K,2025-11-21,10,,False,,NO_CASHFLOW,cashflow statement missing,,0000919574-25-007149,https://www.sec.gov/Archives/edgar/data/1318885/000091957425007149/0000919574-25-007149.txt
0001318885,https://www.sec.gov/Archives/edgar/data/1318885/000091957425007121/d12044595_6k.htm,DSX,DIANA SHIPPING INC.,6-K,2025-11-20,11,,False,,NO_CASHFLOW,cashflow statement missing,,0000919574-25-007121,https://www.sec.gov/Archives/edgar/data/1318885/000091957425007121/0000919574-25-007121.txt
0001318885,https://www.sec.gov/Archives/edgar/data/1318885/000091957425007120/d12044296_6k.htm,DSX,DIANA SHIPPING INC.,6-K,2025-11-20,11,,False,,NO_CASHFLOW,cashflow statement missing,,0000919574-25-007120,https://www.sec.gov/Archives/edgar/data/1318885/000091957425007120/0000919574-25-007120.txt
0001357874,https://www.sec.gov/Archives/edgar/data/1357874/000162828025048858/wk-form4_1762290943.xml,DTIL,PRECISION BIOSCIENCES INC,4,2025-11-04,27,,False,,,,,0001628280-25-048858,https://www.sec.gov/Archives/edgar/data/1357874/000162828025048858/0001628280-25-048858.txt
0001357874,https://www.sec.gov/Archives/edgar/data/1357874/000162828025048855/wk-form4_1762290924.xml,DTIL,PRECISION BIOSCIENCES INC,4,2025-11-04,27,,False,,,,,0001628280-25-048855,https://www.sec.gov/Archives/edgar/data/1357874/000162828025048855/0001628280-25-048855.txt
0001357874,https://www.sec.gov/Archives/edgar/data/1357874/000162828025048856/wk-form4_1762290934.xml,DTIL,PRECISION BIOSCIENCES INC,4,2025-11-04,27,,False,,,,,0001628280-25-048856,https://www.sec.gov/Archives/edgar/data/1357874/000162828025048856/0001628280-25-048856.txt
0001357874,https://www.sec.gov/Archives/edgar/data/1357874/000162828025043156/wk-form4_1759230011.xml,DTIL,PRECISION BIOSCIENCES INC,4,2025-09-30,62,,False,,,,,0001628280-25-043156,https://www.sec.gov/Archives/edgar/data/1357874/000162828025043156/0001628280-25-043156.txt
0001357874,https://www.sec.gov/Archives/edgar/data/1357874/000162828025042524/wk-form4_1758711627.xml,DTIL,PRECISION BIOSCIENCES INC,4,2025-09-24,68,,False,,,,,0001628280-25-042524,https://www.sec.gov/Archives/edgar/data/1357874/000162828025042524/0001628280-25-042524.txt
0001357874,https://www.sec.gov/Archives/edgar/data/1357874/000162828025034531/wk-form4_1752006603.xml,DTIL,PRECISION BIOSCIENCES INC,4,2025-07-08,146,,False,,,,,0001628280-25-034531,https://www.sec.gov/Archives/edgar/data/1357874/000162828025034531/0001628280-25-034531.txt
0001357874,https://www.sec.gov/Archives/edgar/data/1357874/000162828025033200/wk-form4_1751019274.xml,DTIL,PRECISION BIOSCIENCES INC,4,2025-06-27,157,,False,,,,,0001628280-25-033200,https://www.sec.gov/Archives/edgar/data/1357874/000162828025033200/0001628280-25-033200.txt
0001357874,https://www.sec.gov/Archives/edgar/data/1357874/000162828025033199/wk-form4_1751019253.xml,DTIL,PRECISION BIOSCIENCES INC,4,2025-06-27,157,,False,,,,,0001628280-25-033199,https://www.sec.gov/Archives/edgar/data/1357874/000162828025033199/0001628280-25-033199.txt
0001357874,https://www.sec.gov/Archives/edgar/data/1357874/000095017025081720/ownership.xml,DTIL,PRECISION BIOSCIENCES INC,4,2025-06-04,180,,False,,,,,0000950170-25-081720,https://www.sec.gov/Archives/edgar/data/1357874/000095017025081720/0000950170-25-081720.txt
0001357874,https://www.sec.gov/Archives/edgar/data/1357874/000162828025051369/pro-suppdraft1162025.htm,DTIL,PRECISION BIOSCIENCES INC,424B5,2025-11-12,19,,False,,,,,0001628280-25-051369,https://www.sec.gov/Archives/edgar/data/1357874/000162828025051369/0001628280-25-051369.txt
0001357874,https://www.sec.gov/Archives/edgar/data/1357874/000095017025045420/2025.03.27_atm_pro_sup.htm,DTIL,PRECISION BIOSCIENCES INC,424B5,2025-03-26,250,,False,,,,,0000950170-25-045420,https://www.sec.gov/Archives/edgar/data/1357874/000095017025045420/0000950170-25-045420.txt
0001357874,https://www.sec.gov/Archives/edgar/data/1357874/000162828025051382/dtil-20251110.htm,DTIL,PRECISION BIOSCIENCES INC,8-K,2025-11-12,19,,False,,,,,0001628280-25-051382,https://www.sec.gov/Archives/edgar/data/1357874/000162828025051382/0001628280-25-051382.txt
0001357874,https://www.sec.gov/Archives/edgar/data/1357874/000162828025051168/dtil-20251110.htm,DTIL,PRECISION BIOSCIENCES INC,8-K,2025-11-10,21,,False,,,,,0001628280-25-051168,https://www.sec.gov/Archives/edgar/data/1357874/000162828025051168/0001628280-25-051168.txt
0001357874,https://www.sec.gov/Archives/edgar/data/1357874/000162828025047920/dtil-20251103.htm,DTIL,PRECISION BIOSCIENCES INC,8-K,2025-11-03,28,,False,,,,,0001628280-25-047920,https://www.sec.gov/Archives/edgar/data/1357874/000162828025047920/0001628280-25-047920.txt
0001357874,https://www.sec.gov/Archives/edgar/data/1357874/000135787425000005/dtil-20250826.htm,DTIL,PRECISION BIOSCIENCES INC,8-K,2025-09-02,90,,False,,,,,0001357874-25-000005,https://www.sec.gov/Archives/edgar/data/1357874/000135787425000005/0001357874-25-000005.txt
0001357874,https://www.sec.gov/Archives/edgar/data/1357874/000162828025038592/dtil-20250807.htm,DTIL,PRECISION BIOSCIENCES INC,8-K,2025-08-07,116,,False,,,,,0001628280-25-038592,https://www.sec.gov/Archives/edgar/data/1357874/000162828025038592/0001628280-25-038592.txt
0001357874,https://www.sec.gov/Archives/edgar/data/1357874/000162828025038094/dtil-20250806.htm,DTIL,PRECISION BIOSCIENCES INC,8-K,2025-08-06,117,,False,,,,,0001628280-25-038094,https://www.sec.gov/Archives/edgar/data/1357874/000162828025038094/0001628280-25-038094.txt
0001357874,https://www.sec.gov/Archives/edgar/data/1357874/000095017025080564/dtil-20250528.htm,DTIL,PRECISION BIOSCIENCES INC,8-K,2025-06-03,181,,False,,,,,0000950170-25-080564,https://www.sec.gov/Archives/edgar/data/1357874/000095017025080564/0000950170-25-080564.txt
0001357874,https://www.sec.gov/Archives/edgar/data/1357874/000095017025072016/dtil-20250515.htm,DTIL,PRECISION BIOSCIENCES INC,8-K,2025-05-15,200,,False,,,,,0000950170-25-072016,https://www.sec.gov/Archives/edgar/data/1357874/000095017025072016/0000950170-25-072016.txt
0001357874,https://www.sec.gov/Archives/edgar/data/1357874/000095017025071551/dtil-20250514.htm,DTIL,PRECISION BIOSCIENCES INC,8-K,2025-05-14,201,,False,,,,,0000950170-25-071551,https://www.sec.gov/Archives/edgar/data/1357874/000095017025071551/0000950170-25-071551.txt
0001357874,https://www.sec.gov/Archives/edgar/data/1357874/000095017025044764/dtil-20250326.htm,DTIL,PRECISION BIOSCIENCES INC,8-K,2025-03-26,250,,False,,,,,0000950170-25-044764,https://www.sec.gov/Archives/edgar/data/1357874/000095017025044764/0000950170-25-044764.txt
0001560672,https://www.sec.gov/Archives/edgar/data/1560672/000156067225000074/earn-20250331.htm,EARN,Ellington Credit Co,10-K,2025-06-23,161,,False,,NO_PERIODS,no inferable periods,,0001560672-25-000074,https://www.sec.gov/Archives/edgar/data/1560672/000156067225000074/0001560672-25-000074.txt
0001560672,https://www.sec.gov/Archives/edgar/data/1560672/000156067225000033/earn-20241231.htm,EARN,Ellington Credit Co,10-K,2025-03-31,245,,False,,NO_PERIODS,no inferable periods,,0001560672-25-000033,https://www.sec.gov/Archives/edgar/data/1560672/000156067225000033/0001560672-25-000033.txt
0001560672,https://www.sec.gov/Archives/edgar/data/1560672/000156067225000042/wk-form3_1744224847.xml,EARN,Ellington Credit Co,3,2025-04-09,236,,False,,,,,0001560672-25-000042,https://www.sec.gov/Archives/edgar/data/1560672/000156067225000042/0001560672-25-000042.txt
0001560672,https://www.sec.gov/Archives/edgar/data/1560672/000162828025043740/wk-form4_1759436944.xml,EARN,Ellington Credit Co,4,2025-10-02,60,,False,,,,,0001628280-25-043740,https://www.sec.gov/Archives/edgar/data/1560672/000162828025043740/0001628280-25-043740.txt
0001560672,https://www.sec.gov/Archives/edgar/data/1560672/000162828025043737/wk-form4_1759436880.xml,EARN,Ellington Credit Co,4,2025-10-02,60,,False,,,,,0001628280-25-043737,https://www.sec.gov/Archives/edgar/data/1560672/000162828025043737/0001628280-25-043737.txt
0001560672,https://www.sec.gov/Archives/edgar/data/1560672/000156067225000086/wk-form4_1757450988.xml,EARN,Ellington Credit Co,4,2025-09-09,83,,False,,,,,0001560672-25-000086,https://www.sec.gov/Archives/edgar/data/1560672/000156067225000086/0001560672-25-000086.txt
0001560672,https://www.sec.gov/Archives/edgar/data/1560672/000156067225000044/wk-form4_1744315279.xml,EARN,Ellington Credit Co,4,2025-04-10,235,,False,,,,,0001560672-25-000044,https://www.sec.gov/Archives/edgar/data/1560672/000156067225000044/0001560672-25-000044.txt
0001560672,https://www.sec.gov/Archives/edgar/data/1560672/000110465925011642/tm253051d2_424b5.htm,EARN,Ellington Credit Co,424B5,2025-02-12,292,,False,,,,,0001104659-25-011642,https://www.sec.gov/Archives/edgar/data/1560672/000110465925011642/0001104659-25-011642.txt
0001560672,https://www.sec.gov/Archives/edgar/data/1560672/000110465925003188/tm253051d1_424b5.htm,EARN,Ellington Credit Co,424B5,2025-01-14,321,,False,,,,,0001104659-25-003188,https://www.sec.gov/Archives/edgar/data/1560672/000110465925003188/0001104659-25-003188.txt
0001560672,https://www.sec.gov/Archives/edgar/data/1560672/000162828025053254/earn-20251119.htm,EARN,Ellington Credit Co,8-K,2025-11-19,12,,False,,,,,0001628280-25-053254,https://www.sec.gov/Archives/edgar/data/1560672/000162828025053254/0001628280-25-053254.txt
0001560672,https://www.sec.gov/Archives/edgar/data/1560672/000162828025051145/earn-20251110.htm,EARN,Ellington Credit Co,8-K,2025-11-10,21,,False,,,,,0001628280-25-051145,https://www.sec.gov/Archives/edgar/data/1560672/000162828025051145/0001628280-25-051145.txt
0001560672,https://www.sec.gov/Archives/edgar/data/1560672/000162828025044488/earn-20251007.htm,EARN,Ellington Credit Co,8-K,2025-10-07,55,,False,,,,,0001628280-25-044488,https://www.sec.gov/Archives/edgar/data/1560672/000162828025044488/0001628280-25-044488.txt
0001560672,https://www.sec.gov/Archives/edgar/data/1560672/000156067225000084/earn-20250908.htm,EARN,Ellington Credit Co,8-K,2025-09-08,84,,False,,,,,0001560672-25-000084,https://www.sec.gov/Archives/edgar/data/1560672/000156067225000084/0001560672-25-000084.txt
0001560672,https://www.sec.gov/Archives/edgar/data/1560672/000156067225000082/earn-20250819.htm,EARN,Ellington Credit Co,8-K,2025-08-19,104,,False,,,,,0001560672-25-000082,https://www.sec.gov/Archives/edgar/data/1560672/000156067225000082/0001560672-25-000082.txt
0001560672,https://www.sec.gov/Archives/edgar/data/1560672/000156067225000079/earn-20250807.htm,EARN,Ellington Credit Co,8-K,2025-08-07,116,,False,,,,,0001560672-25-000079,https://www.sec.gov/Archives/edgar/data/1560672/000156067225000079/0001560672-25-000079.txt
0001560672,https://www.sec.gov/Archives/edgar/data/1560672/000156067225000077/earn-20250708.htm,EARN,Ellington Credit Co,8-K,2025-07-08,146,,False,,,,,0001560672-25-000077,https://www.sec.gov/Archives/edgar/data/1560672/000156067225000077/0001560672-25-000077.txt
0001560672,https://www.sec.gov/Archives/edgar/data/1560672/000156067225000063/earn-20250609.htm,EARN,Ellington Credit Co,8-K,2025-06-10,174,,False,,,,,0001560672-25-000063,https://www.sec.gov/Archives/edgar/data/1560672/000156067225000063/0001560672-25-000063.txt
0001560672,https://www.sec.gov/Archives/edgar/data/1560672/000156067225000061/earn-20250529.htm,EARN,Ellington Credit Co,8-K,2025-05-29,186,,False,,,,,0001560672-25-000061,https://www.sec.gov/Archives/edgar/data/1560672/000156067225000061/0001560672-25-000061.txt
0001560672,https://www.sec.gov/Archives/edgar/data/1560672/000156067225000058/earn-20250520.htm,EARN,Ellington Credit Co,8-K,2025-05-20,195,,False,,,,,0001560672-25-000058,https://www.sec.gov/Archives/edgar/data/1560672/000156067225000058/0001560672-25-000058.txt
0001475115,https://www.sec.gov/Archives/edgar/data/1475115/000147511525000026/eb-20241231.htm,EB,"Eventbrite, Inc.",10-K,2025-02-27,277,,False,,NO_PERIODS,no inferable periods,,0001475115-25-000026,https://www.sec.gov/Archives/edgar/data/1475115/000147511525000026/0001475115-25-000026.txt
0001475115,https://www.sec.gov/Archives/edgar/data/1475115/000147511525000115/eb-20250930.htm,EB,"Eventbrite, Inc.",10-Q,2025-11-06,25,,False,,NO_PERIODS,no inferable periods,,0001475115-25-000115,https://www.sec.gov/Archives/edgar/data/1475115/000147511525000115/0001475115-25-000115.txt
0001475115,https://www.sec.gov/Archives/edgar/data/1475115/000147511525000106/eb-20250630.htm,EB,"Eventbrite, Inc.",10-Q,2025-08-07,116,,False,,NO_PERIODS,no inferable periods,,0001475115-25-000106,https://www.sec.gov/Archives/edgar/data/1475115/000147511525000106/0001475115-25-000106.txt
0001475115,https://www.sec.gov/Archives/edgar/data/1475115/000204300125000004/edgardoc.xml,EB,"Eventbrite, Inc.",4,2025-11-21,10,,False,,,,,0002043001-25-000004,https://www.sec.gov/Archives/edgar/data/1475115/000204300125000004/0002043001-25-000004.txt
0001475115,https://www.sec.gov/Archives/edgar/data/1475115/000197040525000006/edgardoc.xml,EB,"Eventbrite, Inc.",4,2025-11-04,27,,False,,,,,0001970405-25-000006,https://www.sec.gov/Archives/edgar/data/1475115/000197040525000006/0001970405-25-000006.txt
0001475115,https://www.sec.gov/Archives/edgar/data/1475115/000175107525000007/edgardoc.xml,EB,"Eventbrite, Inc.",4,2025-11-04,27,,False,,,,,0001751075-25-000007,https://www.sec.gov/Archives/edgar/data/1475115/000175107525000007/0001751075-25-000007.txt
0001475115,https://www.sec.gov/Archives/edgar/data/1475115/000206750925000005/edgardoc.xml,EB,"Eventbrite, Inc.",4,2025-11-04,27,,False,,,,,0002067509-25-000005,https://www.sec.gov/Archives/edgar/data/1475115/000206750925000005/0002067509-25-000005.txt
0001475115,https://www.sec.gov/Archives/edgar/data/1475115/000197040525000004/edgardoc.xml,EB,"Eventbrite, Inc.",4,2025-10-17,45,,False,,,,,0001970405-25-000004,https://www.sec.gov/Archives/edgar/data/1475115/000197040525000004/0001970405-25-000004.txt
0001475115,https://www.sec.gov/Archives/edgar/data/1475115/000198663925000004/edgardoc.xml,EB,"Eventbrite, Inc.",4,2025-10-17,45,,False,,,,,0001986639-25-000004,https://www.sec.gov/Archives/edgar/data/1475115/000198663925000004/0001986639-25-000004.txt
0001475115,https://www.sec.gov/Archives/edgar/data/1475115/000206750925000003/edgardoc.xml,EB,"Eventbrite, Inc.",4,2025-10-17,45,,False,,,,,0002067509-25-000003,https://www.sec.gov/Archives/edgar/data/1475115/000206750925000003/0002067509-25-000003.txt
0001475115,https://www.sec.gov/Archives/edgar/data/1475115/000175107525000005/edgardoc.xml,EB,"Eventbrite, Inc.",4,2025-10-17,45,,False,,,,,0001751075-25-000005,https://www.sec.gov/Archives/edgar/data/1475115/000175107525000005/0001751075-25-000005.txt
0001475115,https://www.sec.gov/Archives/edgar/data/1475115/000144128025000005/edgardoc.xml,EB,"Eventbrite, Inc.",4,2025-10-17,45,,False,,,,,0001441280-25-000005,https://www.sec.gov/Archives/edgar/data/1475115/000144128025000005/0001441280-25-000005.txt
0001475115,https://www.sec.gov/Archives/edgar/data/1475115/000100809125000008/edgardoc.xml,EB,"Eventbrite, Inc.",4,2025-10-17,45,,False,,,,,0001008091-25-000008,https://www.sec.gov/Archives/edgar/data/1475115/000100809125000008/0001008091-25-000008.txt
0001475115,https://www.sec.gov/Archives/edgar/data/1475115/000147511525000114/eb-20251106.htm,EB,"Eventbrite, Inc.",8-K,2025-11-06,25,,False,,,,,0001475115-25-000114,https://www.sec.gov/Archives/edgar/data/1475115/000147511525000114/0001475115-25-000114.txt
0001475115,https://www.sec.gov/Archives/edgar/data/1475115/000147511525000105/eb-20250806.htm,EB,"Eventbrite, Inc.",8-K,2025-08-07,116,,False,,,,,0001475115-25-000105,https://www.sec.gov/Archives/edgar/data/1475115/000147511525000105/0001475115-25-000105.txt
0001475115,https://www.sec.gov/Archives/edgar/data/1475115/000147511525000085/eb-20250605.htm,EB,"Eventbrite, Inc.",8-K,2025-06-11,173,,False,,,,,0001475115-25-000085,https://www.sec.gov/Archives/edgar/data/1475115/000147511525000085/0001475115-25-000085.txt
0001475115,https://www.sec.gov/Archives/edgar/data/1475115/000147511525000079/eb-20250603.htm,EB,"Eventbrite, Inc.",8-K,2025-06-03,181,,False,,,,,0001475115-25-000079,https://www.sec.gov/Archives/edgar/data/1475115/000147511525000079/0001475115-25-000079.txt
0001475115,https://www.sec.gov/Archives/edgar/data/1475115/000147511525000072/eb-20250508.htm,EB,"Eventbrite, Inc.",8-K,2025-05-08,207,,False,,,,,0001475115-25-000072,https://www.sec.gov/Archives/edgar/data/1475115/000147511525000072/0001475115-25-000072.txt
0001475115,https://www.sec.gov/Archives/edgar/data/1475115/000147511525000067/eb-20250505.htm,EB,"Eventbrite, Inc.",8-K,2025-05-07,208,,False,,,,,0001475115-25-000067,https://www.sec.gov/Archives/edgar/data/1475115/000147511525000067/0001475115-25-000067.txt
0001475115,https://www.sec.gov/Archives/edgar/data/1475115/000119312525077419/d941894d8k.htm,EB,"Eventbrite, Inc.",8-K,2025-04-10,235,,False,,,,,0001193125-25-077419,https://www.sec.gov/Archives/edgar/data/1475115/000119312525077419/0001193125-25-077419.txt
0001475115,https://www.sec.gov/Archives/edgar/data/1475115/000147511525000025/eb-20250227.htm,EB,"Eventbrite, Inc.",8-K,2025-02-27,277,,False,,,,,0001475115-25-000025,https://www.sec.gov/Archives/edgar/data/1475115/000147511525000025/0001475115-25-000025.txt
0001475115,https://www.sec.gov/Archives/edgar/data/1475115/000147511524000207/eb-20241202.htm,EB,"Eventbrite, Inc.",8-K,2024-12-05,361,,False,,,,,0001475115-24-000207,https://www.sec.gov/Archives/edgar/data/1475115/000147511524000207/0001475115-24-000207.txt
0001475115,https://www.sec.gov/Archives/edgar/data/1475115/000147511524000196/eb-20241105.htm,EB,"Eventbrite, Inc.",8-K,2024-11-07,389,,False,,,,,0001475115-24-000196,https://www.sec.gov/Archives/edgar/data/1475115/000147511524000196/0001475115-24-000196.txt
0001475115,https://www.sec.gov/Archives/edgar/data/1475115/000147511525000028/eventbrite-formsx82025.htm,EB,"Eventbrite, Inc.",S-8,2025-02-27,277,,False,,,,,0001475115-25-000028,https://www.sec.gov/Archives/edgar/data/1475115/000147511525000028/0001475115-25-000028.txt
0000701719,https://www.sec.gov/Archives/edgar/data/701719/000070171925000007/ela-20241231x10k.htm,ELA,Envela Corp,10-K,2025-03-26,250,,False,,NO_PERIODS,no inferable periods,,0000701719-25-000007,https://www.sec.gov/Archives/edgar/data/701719/000070171925000007/0000701719-25-000007.txt
0000701719,https://www.sec.gov/Archives/edgar/data/701719/000070171925000045/ela-20250930x10q.htm,ELA,Envela Corp,10-Q,2025-11-05,26,,False,,NO_PERIODS,no inferable periods,,0000701719-25-000045,https://www.sec.gov/Archives/edgar/data/701719/000070171925000045/0000701719-25-000045.txt
0000701719,https://www.sec.gov/Archives/edgar/data/701719/000070171925000036/ela-20250630x10q.htm,ELA,Envela Corp,10-Q,2025-08-06,117,,False,,NO_PERIODS,no inferable periods,,0000701719-25-000036,https://www.sec.gov/Archives/edgar/data/701719/000070171925000036/0000701719-25-000036.txt
0000701719,https://www.sec.gov/Archives/edgar/data/701719/000141588925020064/form3-07212025_080714.xml,ELA,Envela Corp,3,2025-07-21,133,,False,,,,,0001415889-25-020064,https://www.sec.gov/Archives/edgar/data/701719/000141588925020064/0001415889-25-020064.txt
0000701719,https://www.sec.gov/Archives/edgar/data/701719/000201718125000006/form4-12012025_091245.xml,ELA,Envela Corp,4,2025-12-01,0,,False,,,,,0002017181-25-000006,https://www.sec.gov/Archives/edgar/data/701719/000201718125000006/0002017181-25-000006.txt
0000701719,https://www.sec.gov/Archives/edgar/data/701719/000141588925022327/form4-08192025_090819.xml,ELA,Envela Corp,4,2025-08-19,104,,False,,,,,0001415889-25-022327,https://www.sec.gov/Archives/edgar/data/701719/000141588925022327/0001415889-25-022327.txt
0000701719,https://www.sec.gov/Archives/edgar/data/701719/000141588925015612/form4-06042025_090645.xml,ELA,Envela Corp,4,2025-06-04,180,,False,,,,,0001415889-25-015612,https://www.sec.gov/Archives/edgar/data/701719/000141588925015612/0001415889-25-015612.txt
0000701719,https://www.sec.gov/Archives/edgar/data/701719/000070171925000031/ela-20250714x8k.htm,ELA,Envela Corp,8-K,2025-07-17,137,,False,,,,,0000701719-25-000031,https://www.sec.gov/Archives/edgar/data/701719/000070171925000031/0000701719-25-000031.txt
0000701719,https://www.sec.gov/Archives/edgar/data/701719/000070171925000028/ela-20250625x8k.htm,ELA,Envela Corp,8-K,2025-07-01,153,,False,,,,,0000701719-25-000028,https://www.sec.gov/Archives/edgar/data/701719/000070171925000028/0000701719-25-000028.txt
0000701719,https://www.sec.gov/Archives/edgar/data/701719/000070171925000014/ela-20250417x8k.htm,ELA,Envela Corp,8-K,2025-04-23,222,,False,,,,,0000701719-25-000014,https://www.sec.gov/Archives/edgar/data/701719/000070171925000014/0000701719-25-000014.txt
0000701719,https://www.sec.gov/Archives/edgar/data/701719/000070171925000010/ela-20250327x8k.htm,ELA,Envela Corp,8-K,2025-03-27,249,,False,,,,,0000701719-25-000010,https://www.sec.gov/Archives/edgar/data/701719/000070171925000010/0000701719-25-000010.txt
0000701719,https://www.sec.gov/Archives/edgar/data/701719/000070171925000004/ela-20250310x8k.htm,ELA,Envela Corp,8-K,2025-03-12,264,,False,,,,,0000701719-25-000004,https://www.sec.gov/Archives/edgar/data/701719/000070171925000004/0000701719-25-000004.txt
0000701719,https://www.sec.gov/Archives/edgar/data/701719/000070171925000041/ela-20250813xs8.htm,ELA,Envela Corp,S-8,2025-08-13,110,,False,,,,,0000701719-25-000041,https://www.sec.gov/Archives/edgar/data/701719/000070171925000041/0000701719-25-000041.txt
0001601485,https://www.sec.gov/Archives/edgar/data/1601485/000160148525000053/wk-form3_1743624506.xml,ELTX,"Elicio Therapeutics, Inc.",3,2025-04-02,243,,False,,,,,0001601485-25-000053,https://www.sec.gov/Archives/edgar/data/1601485/000160148525000053/0001601485-25-000053.txt
0001601485,https://www.sec.gov/Archives/edgar/data/1601485/000095017025081741/ownership.xml,ELTX,"Elicio Therapeutics, Inc.",4,2025-06-04,180,,False,,,,,0000950170-25-081741,https://www.sec.gov/Archives/edgar/data/1601485/000095017025081741/0000950170-25-081741.txt
0001601485,https://www.sec.gov/Archives/edgar/data/1601485/000160148525000090/wk-form4_1747771672.xml,ELTX,"Elicio Therapeutics, Inc.",4,2025-05-20,195,,False,,,,,0001601485-25-000090,https://www.sec.gov/Archives/edgar/data/1601485/000160148525000090/0001601485-25-000090.txt
0001601485,https://www.sec.gov/Archives/edgar/data/1601485/000160148525000089/wk-form4_1747771647.xml,ELTX,"Elicio Therapeutics, Inc.",4,2025-05-20,195,,False,,,,,0001601485-25-000089,https://www.sec.gov/Archives/edgar/data/1601485/000160148525000089/0001601485-25-000089.txt
0001601485,https://www.sec.gov/Archives/edgar/data/1601485/000160148525000088/wk-form4_1747771626.xml,ELTX,"Elicio Therapeutics, Inc.",4,2025-05-20,195,,False,,,,,0001601485-25-000088,https://www.sec.gov/Archives/edgar/data/1601485/000160148525000088/0001601485-25-000088.txt
0001601485,https://www.sec.gov/Archives/edgar/data/1601485/000160148525000087/wk-form4_1747771603.xml,ELTX,"Elicio Therapeutics, Inc.",4,2025-05-20,195,,False,,,,,0001601485-25-000087,https://www.sec.gov/Archives/edgar/data/1601485/000160148525000087/0001601485-25-000087.txt
0001601485,https://www.sec.gov/Archives/edgar/data/1601485/000160148525000086/wk-form4_1747771581.xml,ELTX,"Elicio Therapeutics, Inc.",4,2025-05-20,195,,False,,,,,0001601485-25-000086,https://www.sec.gov/Archives/edgar/data/1601485/000160148525000086/0001601485-25-000086.txt
0001601485,https://www.sec.gov/Archives/edgar/data/1601485/000160148525000085/wk-form4_1747771551.xml,ELTX,"Elicio Therapeutics, Inc.",4,2025-05-20,195,,False,,,,,0001601485-25-000085,https://www.sec.gov/Archives/edgar/data/1601485/000160148525000085/0001601485-25-000085.txt
0001601485,https://www.sec.gov/Archives/edgar/data/1601485/000160148525000084/wk-form4_1747771529.xml,ELTX,"Elicio Therapeutics, Inc.",4,2025-05-20,195,,False,,,,,0001601485-25-000084,https://www.sec.gov/Archives/edgar/data/1601485/000160148525000084/0001601485-25-000084.txt
0001601485,https://www.sec.gov/Archives/edgar/data/1601485/000160148525000065/wk-form4_1744837936.xml,ELTX,"Elicio Therapeutics, Inc.",4,2025-04-16,229,,False,,,,,0001601485-25-000065,https://www.sec.gov/Archives/edgar/data/1601485/000160148525000065/0001601485-25-000065.txt
0001601485,https://www.sec.gov/Archives/edgar/data/1601485/000160148524000087/eltx-11222024form424b3.htm,ELTX,"Elicio Therapeutics, Inc.",424B3,2024-11-22,374,,False,,,,,0001601485-24-000087,https://www.sec.gov/Archives/edgar/data/1601485/000160148524000087/0001601485-24-000087.txt
0001601485,https://www.sec.gov/Archives/edgar/data/1601485/000119312525016368/d932419d424b5.htm,ELTX,"Elicio Therapeutics, Inc.",424B5,2025-01-30,305,,False,,,,,0001193125-25-016368,https://www.sec.gov/Archives/edgar/data/1601485/000119312525016368/0001193125-25-016368.txt
0001601485,https://www.sec.gov/Archives/edgar/data/1601485/000160148525000123/angn-20251113.htm,ELTX,"Elicio Therapeutics, Inc.",8-K,2025-11-13,18,,False,,,,,0001601485-25-000123,https://www.sec.gov/Archives/edgar/data/1601485/000160148525000123/0001601485-25-000123.txt
0001601485,https://www.sec.gov/Archives/edgar/data/1601485/000119312525205522/d38971d8k.htm,ELTX,"Elicio Therapeutics, Inc.",8-K,2025-09-17,75,,False,,,,,0001193125-25-205522,https://www.sec.gov/Archives/edgar/data/1601485/000119312525205522/0001193125-25-205522.txt
0001601485,https://www.sec.gov/Archives/edgar/data/1601485/000160148525000114/angn-20250812.htm,ELTX,"Elicio Therapeutics, Inc.",8-K,2025-08-12,111,,False,,,,,0001601485-25-000114,https://www.sec.gov/Archives/edgar/data/1601485/000160148525000114/0001601485-25-000114.txt
0001601485,https://www.sec.gov/Archives/edgar/data/1601485/000160148525000108/angn-20250807.htm,ELTX,"Elicio Therapeutics, Inc.",8-K,2025-08-07,116,,False,,,,,0001601485-25-000108,https://www.sec.gov/Archives/edgar/data/1601485/000160148525000108/0001601485-25-000108.txt
0001601485,https://www.sec.gov/Archives/edgar/data/1601485/000160148525000099/angn-20250805.htm,ELTX,"Elicio Therapeutics, Inc.",8-K,2025-08-05,118,,False,,,,,0001601485-25-000099,https://www.sec.gov/Archives/edgar/data/1601485/000160148525000099/0001601485-25-000099.txt
0001601485,https://www.sec.gov/Archives/edgar/data/1601485/000160148525000096/angn-20250604.htm,ELTX,"Elicio Therapeutics, Inc.",8-K,2025-06-04,180,,False,,,,,0001601485-25-000096,https://www.sec.gov/Archives/edgar/data/1601485/000160148525000096/0001601485-25-000096.txt
0001601485,https://www.sec.gov/Archives/edgar/data/1601485/000160148525000076/angn-20250519.htm,ELTX,"Elicio Therapeutics, Inc.",8-K,2025-05-20,195,,False,,,,,0001601485-25-000076,https://www.sec.gov/Archives/edgar/data/1601485/000160148525000076/0001601485-25-000076.txt
0001601485,https://www.sec.gov/Archives/edgar/data/1601485/000160148525000072/angn-20250513.htm,ELTX,"Elicio Therapeutics, Inc.",8-K,2025-05-13,202,,False,,,,,0001601485-25-000072,https://www.sec.gov/Archives/edgar/data/1601485/000160148525000072/0001601485-25-000072.txt
0001601485,https://www.sec.gov/Archives/edgar/data/1601485/000160148525000046/angn-20250331.htm,ELTX,"Elicio Therapeutics, Inc.",8-K,2025-03-31,245,,False,,,,,0001601485-25-000046,https://www.sec.gov/Archives/edgar/data/1601485/000160148525000046/0001601485-25-000046.txt
0001601485,https://www.sec.gov/Archives/edgar/data/1601485/000160148525000022/angn-20250321.htm,ELTX,"Elicio Therapeutics, Inc.",8-K,2025-03-24,252,,False,,,,,0001601485-25-000022,https://www.sec.gov/Archives/edgar/data/1601485/000160148525000022/0001601485-25-000022.txt
0001601485,https://www.sec.gov/Archives/edgar/data/1601485/000162828025052119/elicio-resalesx3.htm,ELTX,"Elicio Therapeutics, Inc.",S-3,2025-11-13,18,,False,,,,,0001628280-25-052119,https://www.sec.gov/Archives/edgar/data/1601485/000162828025052119/0001628280-25-052119.txt
0001601485,https://www.sec.gov/Archives/edgar/data/1601485/000160148524000078/eltx-11122024formsx3gkcc.htm,ELTX,"Elicio Therapeutics, Inc.",S-3,2024-11-13,383,,False,,,,,0001601485-24-000078,https://www.sec.gov/Archives/edgar/data/1601485/000160148524000078/0001601485-24-000078.txt
0001601485,https://www.sec.gov/Archives/edgar/data/1601485/000160148525000051/elicios-8march2025.htm,ELTX,"Elicio Therapeutics, Inc.",S-8,2025-03-31,245,,False,,,,,0001601485-25-000051,https://www.sec.gov/Archives/edgar/data/1601485/000160148525000051/0001601485-25-000051.txt
0001834253,https://www.sec.gov/Archives/edgar/data/1834253/000110465925116666/tm2532369d1_6k.htm,EM,Smart Share Global Ltd,6-K,2025-11-28,3,,False,,NO_CASHFLOW,cashflow statement missing,,0001104659-25-116666,https://www.sec.gov/Archives/edgar/data/1834253/000110465925116666/0001104659-25-116666.txt
0001834253,https://www.sec.gov/Archives/edgar/data/1834253/000110465925079276/tm2523631d1_6k.htm,EM,Smart Share Global Ltd,6-K,2025-08-15,108,,False,,NO_CASHFLOW,cashflow statement missing,,0001104659-25-079276,https://www.sec.gov/Archives/edgar/data/1834253/000110465925079276/0001104659-25-079276.txt
0001834253,https://www.sec.gov/Archives/edgar/data/1834253/000110465925073150/tm2522321d1_6k.htm,EM,Smart Share Global Ltd,6-K,2025-08-01,122,,False,,NO_CASHFLOW,cashflow statement missing,,0001104659-25-073150,https://www.sec.gov/Archives/edgar/data/1834253/000110465925073150/0001104659-25-073150.txt
0002075816,https://www.sec.gov/Archives/edgar/data/2075816/000121390025110007/ea0264585-10q_emmis.htm,EMIS,Emmis Acquisition Corp.,10-Q,2025-11-13,18,,False,,NO_CASHFLOW,operating cash flow missing,,0001213900-25-110007,https://www.sec.gov/Archives/edgar/data/2075816/000121390025110007/0001213900-25-110007.txt
0002075816,https://www.sec.gov/Archives/edgar/data/2075816/000121390025106172/ea0263299-10q_emmisacq.htm,EMIS,Emmis Acquisition Corp.,10-Q,2025-11-04,27,,False,,NO_CASHFLOW,operating cash flow missing,,0001213900-25-106172,https://www.sec.gov/Archives/edgar/data/2075816/000121390025106172/0001213900-25-106172.txt
0002075816,https://www.sec.gov/Archives/edgar/data/2075816/000121390025108821/ownership.xml,EMIS,Emmis Acquisition Corp.,3,2025-11-12,19,,False,,,,,0001213900-25-108821,https://www.sec.gov/Archives/edgar/data/2075816/000121390025108821/0001213900-25-108821.txt
0002075816,https://www.sec.gov/Archives/edgar/data/2075816/000121390025091747/ownership.xml,EMIS,Emmis Acquisition Corp.,3,2025-09-25,67,,False,,,,,0001213900-25-091747,https://www.sec.gov/Archives/edgar/data/2075816/000121390025091747/0001213900-25-091747.txt
0002075816,https://www.sec.gov/Archives/edgar/data/2075816/000121390025091472/ownership.xml,EMIS,Emmis Acquisition Corp.,3,2025-09-25,67,,False,,,,,0001213900-25-091472,https://www.sec.gov/Archives/edgar/data/2075816/000121390025091472/0001213900-25-091472.txt
0002075816,https://www.sec.gov/Archives/edgar/data/2075816/000121390025091279/ownership.xml,EMIS,Emmis Acquisition Corp.,3,2025-09-24,68,,False,,,,,0001213900-25-091279,https://www.sec.gov/Archives/edgar/data/2075816/000121390025091279/0001213900-25-091279.txt
0002075816,https://www.sec.gov/Archives/edgar/data/2075816/000121390025093530/ownership.xml,EMIS,Emmis Acquisition Corp.,4,2025-09-30,62,,False,,,,,0001213900-25-093530,https://www.sec.gov/Archives/edgar/data/2075816/000121390025093530/0001213900-25-093530.txt
0002075816,https://www.sec.gov/Archives/edgar/data/2075816/000121390025091808/ea0258800-424b4_emmis.htm,EMIS,Emmis Acquisition Corp.,424B4,2025-09-26,66,,False,,,,,0001213900-25-091808,https://www.sec.gov/Archives/edgar/data/2075816/000121390025091808/0001213900-25-091808.txt
0002075816,https://www.sec.gov/Archives/edgar/data/2075816/000121390025099249/ea0261097-8k_emmis.htm,EMIS,Emmis Acquisition Corp.,8-K,2025-10-16,46,,False,,,,,0001213900-25-099249,https://www.sec.gov/Archives/edgar/data/2075816/000121390025099249/0001213900-25-099249.txt
0002075816,https://www.sec.gov/Archives/edgar/data/2075816/000121390025095324/ea0259486-8k_emmis.htm,EMIS,Emmis Acquisition Corp.,8-K,2025-10-02,60,,False,,,,,0001213900-25-095324,https://www.sec.gov/Archives/edgar/data/2075816/000121390025095324/0001213900-25-095324.txt
0002075816,https://www.sec.gov/Archives/edgar/data/2075816/000121390025093113/ea0259053-8k_emmis.htm,EMIS,Emmis Acquisition Corp.,8-K,2025-09-29,63,,False,,,,,0001213900-25-093113,https://www.sec.gov/Archives/edgar/data/2075816/000121390025093113/0001213900-25-093113.txt
0001780731,https://www.sec.gov/Archives/edgar/data/1780731/000121390025096058/ea0259765-424b5_sunrise.htm,EPOW,"Sunrise New Energy Co., Ltd.",424B5,2025-10-03,59,,False,,,,,0001213900-25-096058,https://www.sec.gov/Archives/edgar/data/1780731/000121390025096058/0001213900-25-096058.txt
0001780731,https://www.sec.gov/Archives/edgar/data/1780731/000121390025090607/ea0258112-424b5_sunrise.htm,EPOW,"Sunrise New Energy Co., Ltd.",424B5,2025-09-23,69,,False,,,,,0001213900-25-090607,https://www.sec.gov/Archives/edgar/data/1780731/000121390025090607/0001213900-25-090607.txt
0001780731,https://www.sec.gov/Archives/edgar/data/1780731/000121390025112624/ea0265900-6k_sunrise.htm,EPOW,"Sunrise New Energy Co., Ltd.",6-K,2025-11-19,12,,False,,NO_CASHFLOW,cashflow statement missing,,0001213900-25-112624,https://www.sec.gov/Archives/edgar/data/1780731/000121390025112624/0001213900-25-112624.txt
0001780731,https://www.sec.gov/Archives/edgar/data/1780731/000121390025107156/ea0264253-6k_sunrise.htm,EPOW,"Sunrise New Energy Co., Ltd.",6-K,2025-11-06,25,,False,,NO_CASHFLOW,cashflow statement missing,,0001213900-25-107156,https://www.sec.gov/Archives/edgar/data/1780731/000121390025107156/0001213900-25-107156.txt
0001780731,https://www.sec.gov/Archives/edgar/data/1780731/000121390025096177/ea0260228-6k_sunrise.htm,EPOW,"Sunrise New Energy Co., Ltd.",6-K,2025-10-03,59,,False,,NO_CASHFLOW,cashflow statement missing,,0001213900-25-096177,https://www.sec.gov/Archives/edgar/data/1780731/000121390025096177/0001213900-25-096177.txt
0001780731,https://www.sec.gov/Archives/edgar/data/1780731/000121390025092343/ea0258624-6k_sunrise.htm,EPOW,"Sunrise New Energy Co., Ltd.",6-K,2025-09-26,66,,False,,NO_CASHFLOW,cashflow statement missing,,0001213900-25-092343,https://www.sec.gov/Archives/edgar/data/1780731/000121390025092343/0001213900-25-092343.txt
0001780731,https://www.sec.gov/Archives/edgar/data/1780731/000121390025073325/ea0252108-6k_sunrise.htm,EPOW,"Sunrise New Energy Co., Ltd.",6-K,2025-08-08,115,,False,,NO_CASHFLOW,cashflow statement missing,,0001213900-25-073325,https://www.sec.gov/Archives/edgar/data/1780731/000121390025073325/0001213900-25-073325.txt
0001357971,https://www.sec.gov/Archives/edgar/data/1357971/000141057824002104/esoa-20240930x10k.htm,ESOA,Energy Services of America CORP,10-K,2024-12-19,347,,False,,NO_PERIODS,no inferable periods,,0001410578-24-002104,https://www.sec.gov/Archives/edgar/data/1357971/000141057824002104/0001410578-24-002104.txt
0001357971,https://www.sec.gov/Archives/edgar/data/1357971/000141057825001673/esoa-20250630x10q.htm,ESOA,Energy Services of America CORP,10-Q,2025-08-11,112,,False,,NO_PERIODS,no inferable periods,,0001410578-25-001673,https://www.sec.gov/Archives/edgar/data/1357971/000141057825001673/0001410578-25-001673.txt
0001357971,https://www.sec.gov/Archives/edgar/data/1357971/000110465925050778/tm2515616-2_4seq1.xml,ESOA,Energy Services of America CORP,4,2025-05-20,195,,False,,,,,0001104659-25-050778,https://www.sec.gov/Archives/edgar/data/1357971/000110465925050778/0001104659-25-050778.txt
0001357971,https://www.sec.gov/Archives/edgar/data/1357971/000110465925050777/tm2515616-1_4seq1.xml,ESOA,Energy Services of America CORP,4,2025-05-20,195,,False,,,,,0001104659-25-050777,https://www.sec.gov/Archives/edgar/data/1357971/000110465925050777/0001104659-25-050777.txt
0001357971,https://www.sec.gov/Archives/edgar/data/1357971/000110465925095058/tm2527403d1_8k.htm,ESOA,Energy Services of America CORP,8-K,2025-09-30,62,,False,,,,,0001104659-25-095058,https://www.sec.gov/Archives/edgar/data/1357971/000110465925095058/0001104659-25-095058.txt
0001357971,https://www.sec.gov/Archives/edgar/data/1357971/000110465925093886/tm2527076d1_8k.htm,ESOA,Energy Services of America CORP,8-K,2025-09-26,66,,False,,,,,0001104659-25-093886,https://www.sec.gov/Archives/edgar/data/1357971/000110465925093886/0001104659-25-093886.txt
0001357971,https://www.sec.gov/Archives/edgar/data/1357971/000110465925091056/tm2526418d1_8k.htm,ESOA,Energy Services of America CORP,8-K,2025-09-18,74,,False,,,,,0001104659-25-091056,https://www.sec.gov/Archives/edgar/data/1357971/000110465925091056/0001104659-25-091056.txt
0001357971,https://www.sec.gov/Archives/edgar/data/1357971/000110465925076177/tm2516804d2_8k.htm,ESOA,Energy Services of America CORP,8-K,2025-08-11,112,,False,,,,,0001104659-25-076177,https://www.sec.gov/Archives/edgar/data/1357971/000110465925076177/0001104659-25-076177.txt
0001357971,https://www.sec.gov/Archives/edgar/data/1357971/000110465925063866/tm2519323d1_8k.htm,ESOA,Energy Services of America CORP,8-K,2025-06-30,154,,False,,,,,0001104659-25-063866,https://www.sec.gov/Archives/edgar/data/1357971/000110465925063866/0001104659-25-063866.txt
0001357971,https://www.sec.gov/Archives/edgar/data/1357971/000110465925061440/tm2518618d1_8k.htm,ESOA,Energy Services of America CORP,8-K,2025-06-23,161,,False,,,,,0001104659-25-061440,https://www.sec.gov/Archives/edgar/data/1357971/000110465925061440/0001104659-25-061440.txt
0001357971,https://www.sec.gov/Archives/edgar/data/1357971/000110465925058321/tm2517634d1_8k.htm,ESOA,Energy Services of America CORP,8-K,2025-06-11,173,,False,,,,,0001104659-25-058321,https://www.sec.gov/Archives/edgar/data/1357971/000110465925058321/0001104659-25-058321.txt
0001357971,https://www.sec.gov/Archives/edgar/data/1357971/000110465925048040/tm2514983d1_8k.htm,ESOA,Energy Services of America CORP,8-K,2025-05-14,201,,False,,,,,0001104659-25-048040,https://www.sec.gov/Archives/edgar/data/1357971/000110465925048040/0001104659-25-048040.txt
0001357971,https://www.sec.gov/Archives/edgar/data/1357971/000110465925047325/tm2514750d1_8k.htm,ESOA,Energy Services of America CORP,8-K,2025-05-12,203,,False,,,,,0001104659-25-047325,https://www.sec.gov/Archives/edgar/data/1357971/000110465925047325/0001104659-25-047325.txt
0001357971,https://www.sec.gov/Archives/edgar/data/1357971/000110465925025585/tm259785d1_8k.htm,ESOA,Energy Services of America CORP,8-K,2025-03-19,257,,False,,,,,0001104659-25-025585,https://www.sec.gov/Archives/edgar/data/1357971/000110465925025585/0001104659-25-025585.txt
0002028699,https://www.sec.gov/Archives/edgar/data/2028699/000121390025107239/ea0261738-10q_dynamix.htm,ETHM,Dynamix Corp,10-Q,2025-11-06,25,,False,,NO_BALANCE_SHEET,cash/cash equivalents missing,,0001213900-25-107239,https://www.sec.gov/Archives/edgar/data/2028699/000121390025107239/0001213900-25-107239.txt
0002028699,https://www.sec.gov/Archives/edgar/data/2028699/000121390025075657/ea0252415-10q_dynamix.htm,ETHM,Dynamix Corp,10-Q,2025-08-13,110,,False,,NO_BALANCE_SHEET,cash/cash equivalents missing,,0001213900-25-075657,https://www.sec.gov/Archives/edgar/data/2028699/000121390025075657/0001213900-25-075657.txt
0002028699,https://www.sec.gov/Archives/edgar/data/2028699/000121390024100633/ownership.xml,ETHM,Dynamix Corp,3,2024-11-20,376,,False,,,,,0001213900-24-100633,https://www.sec.gov/Archives/edgar/data/2028699/000121390024100633/0001213900-24-100633.txt
0002028699,https://www.sec.gov/Archives/edgar/data/2028699/000121390024100628/ownership.xml,ETHM,Dynamix Corp,3,2024-11-20,376,,False,,,,,0001213900-24-100628,https://www.sec.gov/Archives/edgar/data/2028699/000121390024100628/0001213900-24-100628.txt
0002028699,https://www.sec.gov/Archives/edgar/data/2028699/000121390024100626/ownership.xml,ETHM,Dynamix Corp,3,2024-11-20,376,,False,,,,,0001213900-24-100626,https://www.sec.gov/Archives/edgar/data/2028699/000121390024100626/0001213900-24-100626.txt
0002028699,https://www.sec.gov/Archives/edgar/data/2028699/000121390024100623/ownership.xml,ETHM,Dynamix Corp,3,2024-11-20,376,,False,,,,,0001213900-24-100623,https://www.sec.gov/Archives/edgar/data/2028699/000121390024100623/0001213900-24-100623.txt
0002028699,https://www.sec.gov/Archives/edgar/data/2028699/000121390024100620/ownership.xml,ETHM,Dynamix Corp,3,2024-11-20,376,,False,,,,,0001213900-24-100620,https://www.sec.gov/Archives/edgar/data/2028699/000121390024100620/0001213900-24-100620.txt
0002028699,https://www.sec.gov/Archives/edgar/data/2028699/000121390024101001/ea0208994-09.htm,ETHM,Dynamix Corp,424B4,2024-11-21,375,,False,,,,,0001213900-24-101001,https://www.sec.gov/Archives/edgar/data/2028699/000121390024101001/0001213900-24-101001.txt
0002028699,https://www.sec.gov/Archives/edgar/data/2028699/000121390025088254/ea0257600-8k425_dynamix.htm,ETHM,Dynamix Corp,8-K,2025-09-16,76,,False,,,,,0001213900-25-088254,https://www.sec.gov/Archives/edgar/data/2028699/000121390025088254/0001213900-25-088254.txt
0002028699,https://www.sec.gov/Archives/edgar/data/2028699/000121390025086219/ea0256703-8k425_dynamix.htm,ETHM,Dynamix Corp,8-K,2025-09-09,83,,False,,,,,0001213900-25-086219,https://www.sec.gov/Archives/edgar/data/2028699/000121390025086219/0001213900-25-086219.txt
0002028699,https://www.sec.gov/Archives/edgar/data/2028699/000121390025082962/ea0255431-8k425_dynamix.htm,ETHM,Dynamix Corp,8-K,2025-09-02,90,,False,,,,,0001213900-25-082962,https://www.sec.gov/Archives/edgar/data/2028699/000121390025082962/0001213900-25-082962.txt
0002028699,https://www.sec.gov/Archives/edgar/data/2028699/000121390025080531/ea0254594-8k425_dynamix.htm,ETHM,Dynamix Corp,8-K,2025-08-26,97,,False,,,,,0001213900-25-080531,https://www.sec.gov/Archives/edgar/data/2028699/000121390025080531/0001213900-25-080531.txt
0002028699,https://www.sec.gov/Archives/edgar/data/2028699/000121390025072294/ea025187101-8k425_dynamix.htm,ETHM,Dynamix Corp,8-K,2025-08-06,117,,False,,,,,0001213900-25-072294,https://www.sec.gov/Archives/edgar/data/2028699/000121390025072294/0001213900-25-072294.txt
0002028699,https://www.sec.gov/Archives/edgar/data/2028699/000121390025070903/ea0251499-8k425_dynamix.htm,ETHM,Dynamix Corp,8-K,2025-08-04,119,,False,,,,,0001213900-25-070903,https://www.sec.gov/Archives/edgar/data/2028699/000121390025070903/0001213900-25-070903.txt
0002028699,https://www.sec.gov/Archives/edgar/data/2028699/000121390025067776/ea0250107-8k425_dynamix.htm,ETHM,Dynamix Corp,8-K,2025-07-25,129,,False,,,,,0001213900-25-067776,https://www.sec.gov/Archives/edgar/data/2028699/000121390025067776/0001213900-25-067776.txt
0002028699,https://www.sec.gov/Archives/edgar/data/2028699/000121390025065907/ea0249661-8k425_dynamix.htm,ETHM,Dynamix Corp,8-K,2025-07-21,133,,False,,,,,0001213900-25-065907,https://www.sec.gov/Archives/edgar/data/2028699/000121390025065907/0001213900-25-065907.txt
0002028699,https://www.sec.gov/Archives/edgar/data/2028699/000121390025011067/ea0230279-8k_dynamix.htm,ETHM,Dynamix Corp,8-K,2025-02-07,297,,False,,,,,0001213900-25-011067,https://www.sec.gov/Archives/edgar/data/2028699/000121390025011067/0001213900-25-011067.txt
0002028699,https://www.sec.gov/Archives/edgar/data/2028699/000121390024106482/ea022367701-8k_dynamix.htm,ETHM,Dynamix Corp,8-K,2024-12-06,360,,False,,,,,0001213900-24-106482,https://www.sec.gov/Archives/edgar/data/2028699/000121390024106482/0001213900-24-106482.txt
0001856236,https://www.sec.gov/Archives/edgar/data/1856236/000095017025037202/ewcz-20250104.htm,EWCZ,"European Wax Center, Inc.",10-K,2025-03-11,265,,False,,NO_BALANCE_SHEET,cash/cash equivalents missing,,0000950170-25-037202,https://www.sec.gov/Archives/edgar/data/1856236/000095017025037202/0000950170-25-037202.txt
0001856236,https://www.sec.gov/Archives/edgar/data/1856236/000119312525277620/ewcz-20251004.htm,EWCZ,"European Wax Center, Inc.",10-Q,2025-11-12,19,,False,,NO_BALANCE_SHEET,cash/cash equivalents missing,,0001193125-25-277620,https://www.sec.gov/Archives/edgar/data/1856236/000119312525277620/0001193125-25-277620.txt
0001856236,https://www.sec.gov/Archives/edgar/data/1856236/000119312525179836/ewcz-20250705.htm,EWCZ,"European Wax Center, Inc.",10-Q,2025-08-13,110,,False,,NO_BALANCE_SHEET,cash/cash equivalents missing,,0001193125-25-179836,https://www.sec.gov/Archives/edgar/data/1856236/000119312525179836/0001193125-25-179836.txt
0001856236,https://www.sec.gov/Archives/edgar/data/1856236/000095017025109945/ownership.xml,EWCZ,"European Wax Center, Inc.",3,2025-08-19,104,,False,,,,,0000950170-25-109945,https://www.sec.gov/Archives/edgar/data/1856236/000095017025109945/0000950170-25-109945.txt
0001856236,https://www.sec.gov/Archives/edgar/data/1856236/000095017025099636/ownership.xml,EWCZ,"European Wax Center, Inc.",3,2025-07-29,125,,False,,,,,0000950170-25-099636,https://www.sec.gov/Archives/edgar/data/1856236/000095017025099636/0000950170-25-099636.txt
0001856236,https://www.sec.gov/Archives/edgar/data/1856236/000095017025052120/ownership.xml,EWCZ,"European Wax Center, Inc.",3,2025-04-08,237,,False,,,,,0000950170-25-052120,https://www.sec.gov/Archives/edgar/data/1856236/000095017025052120/0000950170-25-052120.txt
0001856236,https://www.sec.gov/Archives/edgar/data/1856236/000095017025109949/ownership.xml,EWCZ,"European Wax Center, Inc.",4,2025-08-19,104,,False,,,,,0000950170-25-109949,https://www.sec.gov/Archives/edgar/data/1856236/000095017025109949/0000950170-25-109949.txt
0001856236,https://www.sec.gov/Archives/edgar/data/1856236/000095017025109262/ownership.xml,EWCZ,"European Wax Center, Inc.",4,2025-08-15,108,,False,,,,,0000950170-25-109262,https://www.sec.gov/Archives/edgar/data/1856236/000095017025109262/0000950170-25-109262.txt
0001856236,https://www.sec.gov/Archives/edgar/data/1856236/000095017025082397/ownership.xml,EWCZ,"European Wax Center, Inc.",4,2025-06-05,179,,False,,,,,0000950170-25-082397,https://www.sec.gov/Archives/edgar/data/1856236/000095017025082397/0000950170-25-082397.txt
0001856236,https://www.sec.gov/Archives/edgar/data/1856236/000095017025082394/ownership.xml,EWCZ,"European Wax Center, Inc.",4,2025-06-05,179,,False,,,,,0000950170-25-082394,https://www.sec.gov/Archives/edgar/data/1856236/000095017025082394/0000950170-25-082394.txt
0001856236,https://www.sec.gov/Archives/edgar/data/1856236/000095017025082396/ownership.xml,EWCZ,"European Wax Center, Inc.",4,2025-06-05,179,,False,,,,,0000950170-25-082396,https://www.sec.gov/Archives/edgar/data/1856236/000095017025082396/0000950170-25-082396.txt
0001856236,https://www.sec.gov/Archives/edgar/data/1856236/000095017025082395/ownership.xml,EWCZ,"European Wax Center, Inc.",4,2025-06-05,179,,False,,,,,0000950170-25-082395,https://www.sec.gov/Archives/edgar/data/1856236/000095017025082395/0000950170-25-082395.txt
0001856236,https://www.sec.gov/Archives/edgar/data/1856236/000095017025073511/ownership.xml,EWCZ,"European Wax Center, Inc.",4,2025-05-16,199,,False,,,,,0000950170-25-073511,https://www.sec.gov/Archives/edgar/data/1856236/000095017025073511/0000950170-25-073511.txt
0001856236,https://www.sec.gov/Archives/edgar/data/1856236/000119312525275768/ewcz-20251112.htm,EWCZ,"European Wax Center, Inc.",8-K,2025-11-12,19,,False,,,,,0001193125-25-275768,https://www.sec.gov/Archives/edgar/data/1856236/000119312525275768/0001193125-25-275768.txt
0001856236,https://www.sec.gov/Archives/edgar/data/1856236/000119312525242611/ewcz-20251014.htm,EWCZ,"European Wax Center, Inc.",8-K,2025-10-17,45,,False,,,,,0001193125-25-242611,https://www.sec.gov/Archives/edgar/data/1856236/000119312525242611/0001193125-25-242611.txt
0001856236,https://www.sec.gov/Archives/edgar/data/1856236/000119312525204171/ewcz-20250910.htm,EWCZ,"European Wax Center, Inc.",8-K,2025-09-16,76,,False,,,,,0001193125-25-204171,https://www.sec.gov/Archives/edgar/data/1856236/000119312525204171/0001193125-25-204171.txt
0001856236,https://www.sec.gov/Archives/edgar/data/1856236/000119312525179401/ewcz-20250813.htm,EWCZ,"European Wax Center, Inc.",8-K,2025-08-13,110,,False,,,,,0001193125-25-179401,https://www.sec.gov/Archives/edgar/data/1856236/000119312525179401/0001193125-25-179401.txt
0001856236,https://www.sec.gov/Archives/edgar/data/1856236/000095017025096084/ewcz-20250716.htm,EWCZ,"European Wax Center, Inc.",8-K,2025-07-16,138,,False,,,,,0000950170-25-096084,https://www.sec.gov/Archives/edgar/data/1856236/000095017025096084/0000950170-25-096084.txt
0001856236,https://www.sec.gov/Archives/edgar/data/1856236/000095017025082042/ewcz-20250603.htm,EWCZ,"European Wax Center, Inc.",8-K,2025-06-05,179,,False,,,,,0000950170-25-082042,https://www.sec.gov/Archives/edgar/data/1856236/000095017025082042/0000950170-25-082042.txt
0001856236,https://www.sec.gov/Archives/edgar/data/1856236/000095017025070896/ewcz-20250514.htm,EWCZ,"European Wax Center, Inc.",8-K,2025-05-14,201,,False,,,,,0000950170-25-070896,https://www.sec.gov/Archives/edgar/data/1856236/000095017025070896/0000950170-25-070896.txt
0001856236,https://www.sec.gov/Archives/edgar/data/1856236/000095017025043254/ewcz-20250321.htm,EWCZ,"European Wax Center, Inc.",8-K,2025-03-21,255,,False,,,,,0000950170-25-043254,https://www.sec.gov/Archives/edgar/data/1856236/000095017025043254/0000950170-25-043254.txt
0001856236,https://www.sec.gov/Archives/edgar/data/1856236/000095017025036810/ewcz-20250305.htm,EWCZ,"European Wax Center, Inc.",8-K,2025-03-11,265,,False,,,,,0000950170-25-036810,https://www.sec.gov/Archives/edgar/data/1856236/000095017025036810/0000950170-25-036810.txt
0001856236,https://www.sec.gov/Archives/edgar/data/1856236/000095017025004550/ewcz-20250113.htm,EWCZ,"European Wax Center, Inc.",8-K,2025-01-13,322,,False,,,,,0000950170-25-004550,https://www.sec.gov/Archives/edgar/data/1856236/000095017025004550/0000950170-25-004550.txt
0001856236,https://www.sec.gov/Archives/edgar/data/1856236/000095017025043268/ewcz-20250321.htm,EWCZ,"European Wax Center, Inc.",S-8,2025-03-21,255,,False,,,,,0000950170-25-043268,https://www.sec.gov/Archives/edgar/data/1856236/000095017025043268/0000950170-25-043268.txt
0001476840,https://www.sec.gov/Archives/edgar/data/1476840/000147684025000018/exfy-20241231.htm,EXFY,"Expensify, Inc.",10-K,2025-02-27,277,,False,,NO_PERIODS,no inferable periods,,0001476840-25-000018,https://www.sec.gov/Archives/edgar/data/1476840/000147684025000018/0001476840-25-000018.txt
0001476840,https://www.sec.gov/Archives/edgar/data/1476840/000147684025000137/exfy-20250930.htm,EXFY,"Expensify, Inc.",10-Q,2025-11-06,25,,False,,NO_PERIODS,no inferable periods,,0001476840-25-000137,https://www.sec.gov/Archives/edgar/data/1476840/000147684025000137/0001476840-25-000137.txt
0001476840,https://www.sec.gov/Archives/edgar/data/1476840/000147684025000115/exfy-20250630.htm,EXFY,"Expensify, Inc.",10-Q,2025-08-07,116,,False,,NO_PERIODS,no inferable periods,,0001476840-25-000115,https://www.sec.gov/Archives/edgar/data/1476840/000147684025000115/0001476840-25-000115.txt
0001476840,https://www.sec.gov/Archives/edgar/data/1476840/000177600325000004/wk-form4_1763074340.xml,EXFY,"Expensify, Inc.",4,2025-11-13,18,,False,,,,,0001776003-25-000004,https://www.sec.gov/Archives/edgar/data/1476840/000177600325000004/0001776003-25-000004.txt
0001476840,https://www.sec.gov/Archives/edgar/data/1476840/000189186225000021/wk-form4_1762395010.xml,EXFY,"Expensify, Inc.",4,2025-11-05,26,,False,,,,,0001891862-25-000021,https://www.sec.gov/Archives/edgar/data/1476840/000189186225000021/0001891862-25-000021.txt
0001476840,https://www.sec.gov/Archives/edgar/data/1476840/000189268225000021/wk-form4_1762395004.xml,EXFY,"Expensify, Inc.",4,2025-11-05,26,,False,,,,,0001892682-25-000021,https://www.sec.gov/Archives/edgar/data/1476840/000189268225000021/0001892682-25-000021.txt
0001476840,https://www.sec.gov/Archives/edgar/data/1476840/000189118225000003/wk-form4_1759957845.xml,EXFY,"Expensify, Inc.",4,2025-10-08,54,,False,,,,,0001891182-25-000003,https://www.sec.gov/Archives/edgar/data/1476840/000189118225000003/0001891182-25-000003.txt
0001476840,https://www.sec.gov/Archives/edgar/data/1476840/000189268225000019/wk-form4_1759522434.xml,EXFY,"Expensify, Inc.",4,2025-10-03,59,,False,,,,,0001892682-25-000019,https://www.sec.gov/Archives/edgar/data/1476840/000189268225000019/0001892682-25-000019.txt
0001476840,https://www.sec.gov/Archives/edgar/data/1476840/000189107725000023/wk-form4_1758750766.xml,EXFY,"Expensify, Inc.",4,2025-09-24,68,,False,,,,,0001891077-25-000023,https://www.sec.gov/Archives/edgar/data/1476840/000189107725000023/0001891077-25-000023.txt
0001476840,https://www.sec.gov/Archives/edgar/data/1476840/000189106125000018/wk-form4_1758750746.xml,EXFY,"Expensify, Inc.",4,2025-09-24,68,,False,,,,,0001891061-25-000018,https://www.sec.gov/Archives/edgar/data/1476840/000189106125000018/0001891061-25-000018.txt
0001476840,https://www.sec.gov/Archives/edgar/data/1476840/000189106125000016/wk-form4a_1758749994.xml,EXFY,"Expensify, Inc.",4/A,2025-09-24,68,,False,,,,,0001891061-25-000016,https://www.sec.gov/Archives/edgar/data/1476840/000189106125000016/0001891061-25-000016.txt
0001476840,https://www.sec.gov/Archives/edgar/data/1476840/000189119725000017/wk-form4a_1758749988.xml,EXFY,"Expensify, Inc.",4/A,2025-09-24,68,,False,,,,,0001891197-25-000017,https://www.sec.gov/Archives/edgar/data/1476840/000189119725000017/0001891197-25-000017.txt
0001476840,https://www.sec.gov/Archives/edgar/data/1476840/000189107725000021/wk-form4a_1758749976.xml,EXFY,"Expensify, Inc.",4/A,2025-09-24,68,,False,,,,,0001891077-25-000021,https://www.sec.gov/Archives/edgar/data/1476840/000189107725000021/0001891077-25-000021.txt
0001476840,https://www.sec.gov/Archives/edgar/data/1476840/000147684025000139/exfy-20251106.htm,EXFY,"Expensify, Inc.",8-K,2025-11-06,25,,False,,,,,0001476840-25-000139,https://www.sec.gov/Archives/edgar/data/1476840/000147684025000139/0001476840-25-000139.txt
0001476840,https://www.sec.gov/Archives/edgar/data/1476840/000147684025000131/exfy-20251009.htm,EXFY,"Expensify, Inc.",8-K,2025-10-15,47,,False,,,,,0001476840-25-000131,https://www.sec.gov/Archives/edgar/data/1476840/000147684025000131/0001476840-25-000131.txt
0001476840,https://www.sec.gov/Archives/edgar/data/1476840/000147684025000114/exfy-20250807.htm,EXFY,"Expensify, Inc.",8-K,2025-08-07,116,,False,,,,,0001476840-25-000114,https://www.sec.gov/Archives/edgar/data/1476840/000147684025000114/0001476840-25-000114.txt
0001476840,https://www.sec.gov/Archives/edgar/data/1476840/000147684025000103/exfy-20250701.htm,EXFY,"Expensify, Inc.",8-K,2025-07-08,146,,False,,,,,0001476840-25-000103,https://www.sec.gov/Archives/edgar/data/1476840/000147684025000103/0001476840-25-000103.txt
0001476840,https://www.sec.gov/Archives/edgar/data/1476840/000147684025000083/exfy-20250613.htm,EXFY,"Expensify, Inc.",8-K,2025-06-16,168,,False,,,,,0001476840-25-000083,https://www.sec.gov/Archives/edgar/data/1476840/000147684025000083/0001476840-25-000083.txt
0001476840,https://www.sec.gov/Archives/edgar/data/1476840/000147684025000069/exfy-20250508.htm,EXFY,"Expensify, Inc.",8-K,2025-05-08,207,,False,,,,,0001476840-25-000069,https://www.sec.gov/Archives/edgar/data/1476840/000147684025000069/0001476840-25-000069.txt
0001476840,https://www.sec.gov/Archives/edgar/data/1476840/000147684025000022/exfy-20250305.htm,EXFY,"Expensify, Inc.",8-K,2025-03-10,266,,False,,,,,0001476840-25-000022,https://www.sec.gov/Archives/edgar/data/1476840/000147684025000022/0001476840-25-000022.txt
0001476840,https://www.sec.gov/Archives/edgar/data/1476840/000147684025000016/exfy-20250227.htm,EXFY,"Expensify, Inc.",8-K,2025-02-27,277,,False,,,,,0001476840-25-000016,https://www.sec.gov/Archives/edgar/data/1476840/000147684025000016/0001476840-25-000016.txt
0001476840,https://www.sec.gov/Archives/edgar/data/1476840/000147684024000213/exfy-20241107.htm,EXFY,"Expensify, Inc.",8-K,2024-11-07,389,,False,,,,,0001476840-24-000213,https://www.sec.gov/Archives/edgar/data/1476840/000147684024000213/0001476840-24-000213.txt
0001434316,https://www.sec.gov/Archives/edgar/data/1434316/000119312525245098/ownership.xml,FATE,FATE THERAPEUTICS INC,3,2025-10-21,41,,False,,,,,0001193125-25-245098,https://www.sec.gov/Archives/edgar/data/1434316/000119312525245098/0001193125-25-245098.txt
0001434316,https://www.sec.gov/Archives/edgar/data/1434316/000110465925065775/tm2519800-1_3seq1.xml,FATE,FATE THERAPEUTICS INC,3,2025-07-03,151,,False,,,,,0001104659-25-065775,https://www.sec.gov/Archives/edgar/data/1434316/000110465925065775/0001104659-25-065775.txt
0001434316,https://www.sec.gov/Archives/edgar/data/1434316/000095017025079682/ownership.xml,FATE,FATE THERAPEUTICS INC,3,2025-05-30,185,,False,,,,,0000950170-25-079682,https://www.sec.gov/Archives/edgar/data/1434316/000095017025079682/0000950170-25-079682.txt
0001434316,https://www.sec.gov/Archives/edgar/data/1434316/000119312525245106/ownership.xml,FATE,FATE THERAPEUTICS INC,4,2025-10-21,41,,False,,,,,0001193125-25-245106,https://www.sec.gov/Archives/edgar/data/1434316/000119312525245106/0001193125-25-245106.txt
0001434316,https://www.sec.gov/Archives/edgar/data/1434316/000095017025102983/ownership.xml,FATE,FATE THERAPEUTICS INC,4,2025-08-05,118,,False,,,,,0000950170-25-102983,https://www.sec.gov/Archives/edgar/data/1434316/000095017025102983/0000950170-25-102983.txt
0001434316,https://www.sec.gov/Archives/edgar/data/1434316/000095017025102979/ownership.xml,FATE,FATE THERAPEUTICS INC,4,2025-08-05,118,,False,,,,,0000950170-25-102979,https://www.sec.gov/Archives/edgar/data/1434316/000095017025102979/0000950170-25-102979.txt
0001434316,https://www.sec.gov/Archives/edgar/data/1434316/000095017025079719/ownership.xml,FATE,FATE THERAPEUTICS INC,4,2025-05-30,185,,False,,,,,0000950170-25-079719,https://www.sec.gov/Archives/edgar/data/1434316/000095017025079719/0000950170-25-079719.txt
0001434316,https://www.sec.gov/Archives/edgar/data/1434316/000095017025079717/ownership.xml,FATE,FATE THERAPEUTICS INC,4,2025-05-30,185,,False,,,,,0000950170-25-079717,https://www.sec.gov/Archives/edgar/data/1434316/000095017025079717/0000950170-25-079717.txt
0001434316,https://www.sec.gov/Archives/edgar/data/1434316/000095017025079716/ownership.xml,FATE,FATE THERAPEUTICS INC,4,2025-05-30,185,,False,,,,,0000950170-25-079716,https://www.sec.gov/Archives/edgar/data/1434316/000095017025079716/0000950170-25-079716.txt
0001434316,https://www.sec.gov/Archives/edgar/data/1434316/000095017025079715/ownership.xml,FATE,FATE THERAPEUTICS INC,4,2025-05-30,185,,False,,,,,0000950170-25-079715,https://www.sec.gov/Archives/edgar/data/1434316/000095017025079715/0000950170-25-079715.txt
0001434316,https://www.sec.gov/Archives/edgar/data/1434316/000119312525279091/fate-20251113.htm,FATE,FATE THERAPEUTICS INC,8-K,2025-11-13,18,,False,,,,,0001193125-25-279091,https://www.sec.gov/Archives/edgar/data/1434316/000119312525279091/0001193125-25-279091.txt
0001434316,https://www.sec.gov/Archives/edgar/data/1434316/000119312525250674/d36426d8k.htm,FATE,FATE THERAPEUTICS INC,8-K,2025-10-27,35,,False,,,,,0001193125-25-250674,https://www.sec.gov/Archives/edgar/data/1434316/000119312525250674/0001193125-25-250674.txt
0001434316,https://www.sec.gov/Archives/edgar/data/1434316/000119312525238989/fate-20251010.htm,FATE,FATE THERAPEUTICS INC,8-K,2025-10-14,48,,False,,,,,0001193125-25-238989,https://www.sec.gov/Archives/edgar/data/1434316/000119312525238989/0001193125-25-238989.txt
0001434316,https://www.sec.gov/Archives/edgar/data/1434316/000119312525178947/d452012d8k.htm,FATE,FATE THERAPEUTICS INC,8-K,2025-08-12,111,,False,,,,,0001193125-25-178947,https://www.sec.gov/Archives/edgar/data/1434316/000119312525178947/0001193125-25-178947.txt
0001434316,https://www.sec.gov/Archives/edgar/data/1434316/000119312525132301/d42374d8k.htm,FATE,FATE THERAPEUTICS INC,8-K,2025-05-30,185,,False,,,,,0001193125-25-132301,https://www.sec.gov/Archives/edgar/data/1434316/000119312525132301/0001193125-25-132301.txt
0001434316,https://www.sec.gov/Archives/edgar/data/1434316/000095017025070280/fate-20250513.htm,FATE,FATE THERAPEUTICS INC,8-K,2025-05-13,202,,False,,,,,0000950170-25-070280,https://www.sec.gov/Archives/edgar/data/1434316/000095017025070280/0000950170-25-070280.txt
0001434316,https://www.sec.gov/Archives/edgar/data/1434316/000095017025033507/fate-20250305.htm,FATE,FATE THERAPEUTICS INC,8-K,2025-03-05,271,,False,,,,,0000950170-25-033507,https://www.sec.gov/Archives/edgar/data/1434316/000095017025033507/0000950170-25-033507.txt
0001434316,https://www.sec.gov/Archives/edgar/data/1434316/000119312525002153/d900848d8k.htm,FATE,FATE THERAPEUTICS INC,8-K,2025-01-06,329,,False,,,,,0001193125-25-002153,https://www.sec.gov/Archives/edgar/data/1434316/000119312525002153/0001193125-25-002153.txt
0001434316,https://www.sec.gov/Archives/edgar/data/1434316/000119312524268003/d816234d8k.htm,FATE,FATE THERAPEUTICS INC,8-K,2024-11-29,367,,False,,,,,0001193125-24-268003,https://www.sec.gov/Archives/edgar/data/1434316/000119312524268003/0001193125-24-268003.txt
0001434316,https://www.sec.gov/Archives/edgar/data/1434316/000095017024125307/fate-20241112.htm,FATE,FATE THERAPEUTICS INC,8-K,2024-11-12,384,,False,,,,,0000950170-24-125307,https://www.sec.gov/Archives/edgar/data/1434316/000095017024125307/0000950170-24-125307.txt
0001434316,https://www.sec.gov/Archives/edgar/data/1434316/000119312525142037/d35713d8ka.htm,FATE,FATE THERAPEUTICS INC,8-K/A,2025-06-17,167,,False,,,,,0001193125-25-142037,https://www.sec.gov/Archives/edgar/data/1434316/000119312525142037/0001193125-25-142037.txt
0001434316,https://www.sec.gov/Archives/edgar/data/1434316/000119312525243708/d40313ds8.htm,FATE,FATE THERAPEUTICS INC,S-8,2025-10-20,42,,False,,,,,0001193125-25-243708,https://www.sec.gov/Archives/edgar/data/1434316/000119312525243708/0001193125-25-243708.txt
0001434316,https://www.sec.gov/Archives/edgar/data/1434316/000119312525134875/d50939ds8.htm,FATE,FATE THERAPEUTICS INC,S-8,2025-06-04,180,,False,,,,,0001193125-25-134875,https://www.sec.gov/Archives/edgar/data/1434316/000119312525134875/0001193125-25-134875.txt
0000039020,https://www.sec.gov/Archives/edgar/data/39020/000118518525001203/feim10q073125.htm,FEIM,FREQUENCY ELECTRONICS INC,10-Q,2025-09-15,77,,False,,NO_PERIODS,no inferable periods,,0001185185-25-001203,https://www.sec.gov/Archives/edgar/data/39020/000118518525001203/0001185185-25-001203.txt
0000039020,https://www.sec.gov/Archives/edgar/data/39020/000118518525000344/ownership.xml,FEIM,FREQUENCY ELECTRONICS INC,4,2025-04-25,220,,False,,,,,0001185185-25-000344,https://www.sec.gov/Archives/edgar/data/39020/000118518525000344/0001185185-25-000344.txt
0000039020,https://www.sec.gov/Archives/edgar/data/39020/000118518525000343/ownership.xml,FEIM,FREQUENCY ELECTRONICS INC,4,2025-04-25,220,,False,,,,,0001185185-25-000343,https://www.sec.gov/Archives/edgar/data/39020/000118518525000343/0001185185-25-000343.txt
0000039020,https://www.sec.gov/Archives/edgar/data/39020/000118518525000324/ownership.xml,FEIM,FREQUENCY ELECTRONICS INC,4,2025-04-22,223,,False,,,,,0001185185-25-000324,https://www.sec.gov/Archives/edgar/data/39020/000118518525000324/0001185185-25-000324.txt
0000039020,https://www.sec.gov/Archives/edgar/data/39020/000118518525000243/ownership.xml,FEIM,FREQUENCY ELECTRONICS INC,4,2025-03-28,248,,False,,,,,0001185185-25-000243,https://www.sec.gov/Archives/edgar/data/39020/000118518525000243/0001185185-25-000243.txt
0000039020,https://www.sec.gov/Archives/edgar/data/39020/000118518525000195/ownership.xml,FEIM,FREQUENCY ELECTRONICS INC,4,2025-03-19,257,,False,,,,,0001185185-25-000195,https://www.sec.gov/Archives/edgar/data/39020/000118518525000195/0001185185-25-000195.txt
0000039020,https://www.sec.gov/Archives/edgar/data/39020/000118518525001405/feim8k100925.htm,FEIM,FREQUENCY ELECTRONICS INC,8-K,2025-10-09,53,,False,,,,,0001185185-25-001405,https://www.sec.gov/Archives/edgar/data/39020/000118518525001405/0001185185-25-001405.txt
0000039020,https://www.sec.gov/Archives/edgar/data/39020/000118518525001174/feim8k091125.htm,FEIM,FREQUENCY ELECTRONICS INC,8-K,2025-09-11,81,,False,,,,,0001185185-25-001174,https://www.sec.gov/Archives/edgar/data/39020/000118518525001174/0001185185-25-001174.txt
0000039020,https://www.sec.gov/Archives/edgar/data/39020/000118518525000752/feim8k071025.htm,FEIM,FREQUENCY ELECTRONICS INC,8-K,2025-07-10,144,,False,,,,,0001185185-25-000752,https://www.sec.gov/Archives/edgar/data/39020/000118518525000752/0001185185-25-000752.txt
0000039020,https://www.sec.gov/Archives/edgar/data/39020/000118518525000178/feim8k031325.htm,FEIM,FREQUENCY ELECTRONICS INC,8-K,2025-03-13,263,,False,,,,,0001185185-25-000178,https://www.sec.gov/Archives/edgar/data/39020/000118518525000178/0001185185-25-000178.txt
0000039020,https://www.sec.gov/Archives/edgar/data/39020/000118518524001196/freqelec20241210_8k.htm,FEIM,FREQUENCY ELECTRONICS INC,8-K,2024-12-10,356,,False,,,,,0001185185-24-001196,https://www.sec.gov/Archives/edgar/data/39020/000118518524001196/0001185185-24-001196.txt
0000039020,https://www.sec.gov/Archives/edgar/data/39020/000118518524001180/freqelec20241205_8k.htm,FEIM,FREQUENCY ELECTRONICS INC,8-K,2024-12-05,361,,False,,,,,0001185185-24-001180,https://www.sec.gov/Archives/edgar/data/39020/000118518524001180/0001185185-24-001180.txt
0001805521,https://www.sec.gov/Archives/edgar/data/1805521/000162828025041177/wk-form3_1756244295.xml,FFAI,FARADAY FUTURE INTELLIGENT ELECTRIC INC.,3,2025-08-26,97,,False,,,,,0001628280-25-041177,https://www.sec.gov/Archives/edgar/data/1805521/000162828025041177/0001628280-25-041177.txt
0001805521,https://www.sec.gov/Archives/edgar/data/1805521/000162828025041832/wk-form4_1757458921.xml,FFAI,FARADAY FUTURE INTELLIGENT ELECTRIC INC.,4,2025-09-09,83,,False,,,,,0001628280-25-041832,https://www.sec.gov/Archives/edgar/data/1805521/000162828025041832/0001628280-25-041832.txt
0001805521,https://www.sec.gov/Archives/edgar/data/1805521/000162828025041617/wk-form4_1756944191.xml,FFAI,FARADAY FUTURE INTELLIGENT ELECTRIC INC.,4,2025-09-03,89,,False,,,,,0001628280-25-041617,https://www.sec.gov/Archives/edgar/data/1805521/000162828025041617/0001628280-25-041617.txt
0001805521,https://www.sec.gov/Archives/edgar/data/1805521/000162828025041179/wk-form4_1756244948.xml,FFAI,FARADAY FUTURE INTELLIGENT ELECTRIC INC.,4,2025-08-26,97,,False,,,,,0001628280-25-041179,https://www.sec.gov/Archives/edgar/data/1805521/000162828025041179/0001628280-25-041179.txt
0001805521,https://www.sec.gov/Archives/edgar/data/1805521/000162828025041175/wk-form4_1756243755.xml,FFAI,FARADAY FUTURE INTELLIGENT ELECTRIC INC.,4,2025-08-26,97,,False,,,,,0001628280-25-041175,https://www.sec.gov/Archives/edgar/data/1805521/000162828025041175/0001628280-25-041175.txt
0001805521,https://www.sec.gov/Archives/edgar/data/1805521/000121390025073693/ownership.xml,FFAI,FARADAY FUTURE INTELLIGENT ELECTRIC INC.,4,2025-08-08,115,,False,,,,,0001213900-25-073693,https://www.sec.gov/Archives/edgar/data/1805521/000121390025073693/0001213900-25-073693.txt
0001805521,https://www.sec.gov/Archives/edgar/data/1805521/000121390025049011/ownership.xml,FFAI,FARADAY FUTURE INTELLIGENT ELECTRIC INC.,4,2025-05-29,186,,False,,,,,0001213900-25-049011,https://www.sec.gov/Archives/edgar/data/1805521/000121390025049011/0001213900-25-049011.txt
0001805521,https://www.sec.gov/Archives/edgar/data/1805521/000121390025033427/ownership.xml,FFAI,FARADAY FUTURE INTELLIGENT ELECTRIC INC.,4,2025-04-18,227,,False,,,,,0001213900-25-033427,https://www.sec.gov/Archives/edgar/data/1805521/000121390025033427/0001213900-25-033427.txt
0001805521,https://www.sec.gov/Archives/edgar/data/1805521/000121390025088180/ea0257410-424b3_faraday.htm,FFAI,FARADAY FUTURE INTELLIGENT ELECTRIC INC.,424B3,2025-09-16,76,,False,,,,,0001213900-25-088180,https://www.sec.gov/Archives/edgar/data/1805521/000121390025088180/0001213900-25-088180.txt
0001805521,https://www.sec.gov/Archives/edgar/data/1805521/000121390025046411/ea0242874-424b3_faraday.htm,FFAI,FARADAY FUTURE INTELLIGENT ELECTRIC INC.,424B3,2025-05-21,194,,False,,,,,0001213900-25-046411,https://www.sec.gov/Archives/edgar/data/1805521/000121390025046411/0001213900-25-046411.txt
0001805521,https://www.sec.gov/Archives/edgar/data/1805521/000121390024104090/ea0222818-424b3_faraday.htm,FFAI,FARADAY FUTURE INTELLIGENT ELECTRIC INC.,424B3,2024-11-29,367,,False,,,,,0001213900-24-104090,https://www.sec.gov/Archives/edgar/data/1805521/000121390024104090/0001213900-24-104090.txt
0001805521,https://www.sec.gov/Archives/edgar/data/1805521/000121390025110277/ea0265718-8k_faraday.htm,FFAI,FARADAY FUTURE INTELLIGENT ELECTRIC INC.,8-K,2025-11-14,17,,False,,,,,0001213900-25-110277,https://www.sec.gov/Archives/edgar/data/1805521/000121390025110277/0001213900-25-110277.txt
0001805521,https://www.sec.gov/Archives/edgar/data/1805521/000121390025109317/ea0265239-8k_faraday.htm,FFAI,FARADAY FUTURE INTELLIGENT ELECTRIC INC.,8-K,2025-11-12,19,,False,,,,,0001213900-25-109317,https://www.sec.gov/Archives/edgar/data/1805521/000121390025109317/0001213900-25-109317.txt
0001805521,https://www.sec.gov/Archives/edgar/data/1805521/000121390025099224/ea0261418-8k_faraday.htm,FFAI,FARADAY FUTURE INTELLIGENT ELECTRIC INC.,8-K,2025-10-15,47,,False,,,,,0001213900-25-099224,https://www.sec.gov/Archives/edgar/data/1805521/000121390025099224/0001213900-25-099224.txt
0001805521,https://www.sec.gov/Archives/edgar/data/1805521/000121390025093359/ea0259341-8k_faraday.htm,FFAI,FARADAY FUTURE INTELLIGENT ELECTRIC INC.,8-K,2025-09-30,62,,False,,,,,0001213900-25-093359,https://www.sec.gov/Archives/edgar/data/1805521/000121390025093359/0001213900-25-093359.txt
0001805521,https://www.sec.gov/Archives/edgar/data/1805521/000121390025091355/ea0258559-8k_faraday.htm,FFAI,FARADAY FUTURE INTELLIGENT ELECTRIC INC.,8-K,2025-09-25,67,,False,,,,,0001213900-25-091355,https://www.sec.gov/Archives/edgar/data/1805521/000121390025091355/0001213900-25-091355.txt
0001805521,https://www.sec.gov/Archives/edgar/data/1805521/000121390025087290/ea0257229-8k_faraday.htm,FFAI,FARADAY FUTURE INTELLIGENT ELECTRIC INC.,8-K,2025-09-12,80,,False,,,,,0001213900-25-087290,https://www.sec.gov/Archives/edgar/data/1805521/000121390025087290/0001213900-25-087290.txt
0001805521,https://www.sec.gov/Archives/edgar/data/1805521/000121390025086358/ea0256786-8k_faraday.htm,FFAI,FARADAY FUTURE INTELLIGENT ELECTRIC INC.,8-K,2025-09-10,82,,False,,,,,0001213900-25-086358,https://www.sec.gov/Archives/edgar/data/1805521/000121390025086358/0001213900-25-086358.txt
0001805521,https://www.sec.gov/Archives/edgar/data/1805521/000121390025085654/ea0256495-8k_faraday.htm,FFAI,FARADAY FUTURE INTELLIGENT ELECTRIC INC.,8-K,2025-09-08,84,,False,,,,,0001213900-25-085654,https://www.sec.gov/Archives/edgar/data/1805521/000121390025085654/0001213900-25-085654.txt
0001805521,https://www.sec.gov/Archives/edgar/data/1805521/000121390025084139/ea0255918-8k_faraday.htm,FFAI,FARADAY FUTURE INTELLIGENT ELECTRIC INC.,8-K,2025-09-03,89,,False,,,,,0001213900-25-084139,https://www.sec.gov/Archives/edgar/data/1805521/000121390025084139/0001213900-25-084139.txt
0001805521,https://www.sec.gov/Archives/edgar/data/1805521/000121390025082869/ea0255479-8k_faraday.htm,FFAI,FARADAY FUTURE INTELLIGENT ELECTRIC INC.,8-K,2025-09-02,90,,False,,,,,0001213900-25-082869,https://www.sec.gov/Archives/edgar/data/1805521/000121390025082869/0001213900-25-082869.txt
0001023313,https://www.sec.gov/Archives/edgar/data/1023313/000119312525274219/forr-20250930.htm,FORR,"FORRESTER RESEARCH, INC.",10-Q,2025-11-10,21,,False,,NO_PERIODS,no inferable periods,,0001193125-25-274219,https://www.sec.gov/Archives/edgar/data/1023313/000119312525274219/0001193125-25-274219.txt
0001023313,https://www.sec.gov/Archives/edgar/data/1023313/000095017025102448/forr-20250630.htm,FORR,"FORRESTER RESEARCH, INC.",10-Q,2025-08-05,118,,False,,NO_PERIODS,no inferable periods,,0000950170-25-102448,https://www.sec.gov/Archives/edgar/data/1023313/000095017025102448/0000950170-25-102448.txt
0001023313,https://www.sec.gov/Archives/edgar/data/1023313/000119312525227693/ownership.xml,FORR,"FORRESTER RESEARCH, INC.",4,2025-10-02,60,,False,,,,,0001193125-25-227693,https://www.sec.gov/Archives/edgar/data/1023313/000119312525227693/0001193125-25-227693.txt
0001023313,https://www.sec.gov/Archives/edgar/data/1023313/000120631325000005/ownership.xml,FORR,"FORRESTER RESEARCH, INC.",4,2025-09-02,90,,False,,,,,0001206313-25-000005,https://www.sec.gov/Archives/edgar/data/1023313/000120631325000005/0001206313-25-000005.txt
0001023313,https://www.sec.gov/Archives/edgar/data/1023313/000095017025102744/ownership.xml,FORR,"FORRESTER RESEARCH, INC.",4,2025-08-05,118,,False,,,,,0000950170-25-102744,https://www.sec.gov/Archives/edgar/data/1023313/000095017025102744/0000950170-25-102744.txt
0001023313,https://www.sec.gov/Archives/edgar/data/1023313/000095017025102711/ownership.xml,FORR,"FORRESTER RESEARCH, INC.",4,2025-08-05,118,,False,,,,,0000950170-25-102711,https://www.sec.gov/Archives/edgar/data/1023313/000095017025102711/0000950170-25-102711.txt
0001023313,https://www.sec.gov/Archives/edgar/data/1023313/000095017025102699/ownership.xml,FORR,"FORRESTER RESEARCH, INC.",4,2025-08-05,118,,False,,,,,0000950170-25-102699,https://www.sec.gov/Archives/edgar/data/1023313/000095017025102699/0000950170-25-102699.txt
0001023313,https://www.sec.gov/Archives/edgar/data/1023313/000095017025102690/ownership.xml,FORR,"FORRESTER RESEARCH, INC.",4,2025-08-05,118,,False,,,,,0000950170-25-102690,https://www.sec.gov/Archives/edgar/data/1023313/000095017025102690/0000950170-25-102690.txt
0001023313,https://www.sec.gov/Archives/edgar/data/1023313/000095017025102687/ownership.xml,FORR,"FORRESTER RESEARCH, INC.",4,2025-08-05,118,,False,,,,,0000950170-25-102687,https://www.sec.gov/Archives/edgar/data/1023313/000095017025102687/0000950170-25-102687.txt
0001023313,https://www.sec.gov/Archives/edgar/data/1023313/000095017025102681/ownership.xml,FORR,"FORRESTER RESEARCH, INC.",4,2025-08-05,118,,False,,,,,0000950170-25-102681,https://www.sec.gov/Archives/edgar/data/1023313/000095017025102681/0000950170-25-102681.txt
0001023313,https://www.sec.gov/Archives/edgar/data/1023313/000095017025080770/ownership.xml,FORR,"FORRESTER RESEARCH, INC.",4,2025-06-03,181,,False,,,,,0000950170-25-080770,https://www.sec.gov/Archives/edgar/data/1023313/000095017025080770/0000950170-25-080770.txt
0001023313,https://www.sec.gov/Archives/edgar/data/1023313/000095017025102774/ownership.xml,FORR,"FORRESTER RESEARCH, INC.",4/A,2025-08-05,118,,False,,,,,0000950170-25-102774,https://www.sec.gov/Archives/edgar/data/1023313/000095017025102774/0000950170-25-102774.txt
0001023313,https://www.sec.gov/Archives/edgar/data/1023313/000119312525260777/forr-20251031.htm,FORR,"FORRESTER RESEARCH, INC.",8-K,2025-10-31,31,,False,,,,,0001193125-25-260777,https://www.sec.gov/Archives/edgar/data/1023313/000119312525260777/0001193125-25-260777.txt
0001023313,https://www.sec.gov/Archives/edgar/data/1023313/000119312525258506/forr-20251030.htm,FORR,"FORRESTER RESEARCH, INC.",8-K,2025-10-30,32,,False,,,,,0001193125-25-258506,https://www.sec.gov/Archives/edgar/data/1023313/000119312525258506/0001193125-25-258506.txt
0001023313,https://www.sec.gov/Archives/edgar/data/1023313/000095017025100883/forr-20250731.htm,FORR,"FORRESTER RESEARCH, INC.",8-K,2025-07-31,123,,False,,,,,0000950170-25-100883,https://www.sec.gov/Archives/edgar/data/1023313/000095017025100883/0000950170-25-100883.txt
0001023313,https://www.sec.gov/Archives/edgar/data/1023313/000095017025071464/forr-20250513.htm,FORR,"FORRESTER RESEARCH, INC.",8-K,2025-05-14,201,,False,,,,,0000950170-25-071464,https://www.sec.gov/Archives/edgar/data/1023313/000095017025071464/0000950170-25-071464.txt
0001023313,https://www.sec.gov/Archives/edgar/data/1023313/000095017025064425/forr-20250506.htm,FORR,"FORRESTER RESEARCH, INC.",8-K,2025-05-06,209,,False,,,,,0000950170-25-064425,https://www.sec.gov/Archives/edgar/data/1023313/000095017025064425/0000950170-25-064425.txt
0001023313,https://www.sec.gov/Archives/edgar/data/1023313/000095017025054709/forr-20250411.htm,FORR,"FORRESTER RESEARCH, INC.",8-K,2025-04-16,229,,False,,,,,0000950170-25-054709,https://www.sec.gov/Archives/edgar/data/1023313/000095017025054709/0000950170-25-054709.txt
0001023313,https://www.sec.gov/Archives/edgar/data/1023313/000095017025017877/forr-20250207.htm,FORR,"FORRESTER RESEARCH, INC.",8-K,2025-02-11,293,,False,,,,,0000950170-25-017877,https://www.sec.gov/Archives/edgar/data/1023313/000095017025017877/0000950170-25-017877.txt
0001023313,https://www.sec.gov/Archives/edgar/data/1023313/000095017025003818/forr-20250109.htm,FORR,"FORRESTER RESEARCH, INC.",8-K,2025-01-10,325,,False,,,,,0000950170-25-003818,https://www.sec.gov/Archives/edgar/data/1023313/000095017025003818/0000950170-25-003818.txt
0001023313,https://www.sec.gov/Archives/edgar/data/1023313/000119312524251244/d895961d8k.htm,FORR,"FORRESTER RESEARCH, INC.",8-K,2024-11-05,391,,False,,,,,0001193125-24-251244,https://www.sec.gov/Archives/edgar/data/1023313/000119312524251244/0001193125-24-251244.txt
0000723646,https://www.sec.gov/Archives/edgar/data/723646/000072364625000020/fraf-20241231x10k.htm,FRAF,FRANKLIN FINANCIAL SERVICES CORP /PA/,10-K,2025-03-14,262,,False,,NO_PERIODS,no inferable periods,,0000723646-25-000020,https://www.sec.gov/Archives/edgar/data/723646/000072364625000020/0000723646-25-000020.txt
0000723646,https://www.sec.gov/Archives/edgar/data/723646/000072364625000080/fraf-20250930x10q.htm,FRAF,FRANKLIN FINANCIAL SERVICES CORP /PA/,10-Q,2025-11-10,21,,False,,NO_PERIODS,no inferable periods,,0000723646-25-000080,https://www.sec.gov/Archives/edgar/data/723646/000072364625000080/0000723646-25-000080.txt
0000723646,https://www.sec.gov/Archives/edgar/data/723646/000072364625000062/fraf-20250630x10q.htm,FRAF,FRANKLIN FINANCIAL SERVICES CORP /PA/,10-Q,2025-08-14,109,,False,,NO_PERIODS,no inferable periods,,0000723646-25-000062,https://www.sec.gov/Archives/edgar/data/723646/000072364625000062/0000723646-25-000062.txt
0000723646,https://www.sec.gov/Archives/edgar/data/723646/000163850925000012/primary_doc.xml,FRAF,FRANKLIN FINANCIAL SERVICES CORP /PA/,4,2025-11-28,3,,False,,,,,0001638509-25-000012,https://www.sec.gov/Archives/edgar/data/723646/000163850925000012/0001638509-25-000012.txt
0000723646,https://www.sec.gov/Archives/edgar/data/723646/000196203425000005/primary_doc.xml,FRAF,FRANKLIN FINANCIAL SERVICES CORP /PA/,4,2025-09-24,68,,False,,,,,0001962034-25-000005,https://www.sec.gov/Archives/edgar/data/723646/000196203425000005/0001962034-25-000005.txt
0000723646,https://www.sec.gov/Archives/edgar/data/723646/000137001425000006/primary_doc.xml,FRAF,FRANKLIN FINANCIAL SERVICES CORP /PA/,4,2025-09-24,68,,False,,,,,0001370014-25-000006,https://www.sec.gov/Archives/edgar/data/723646/000137001425000006/0001370014-25-000006.txt
0000723646,https://www.sec.gov/Archives/edgar/data/723646/000149907625000005/primary_doc.xml,FRAF,FRANKLIN FINANCIAL SERVICES CORP /PA/,4,2025-09-24,68,,False,,,,,0001499076-25-000005,https://www.sec.gov/Archives/edgar/data/723646/000149907625000005/0001499076-25-000005.txt
0000723646,https://www.sec.gov/Archives/edgar/data/723646/000122078825000005/primary_doc.xml,FRAF,FRANKLIN FINANCIAL SERVICES CORP /PA/,4,2025-09-24,68,,False,,,,,0001220788-25-000005,https://www.sec.gov/Archives/edgar/data/723646/000122078825000005/0001220788-25-000005.txt
0000723646,https://www.sec.gov/Archives/edgar/data/723646/000163850925000011/primary_doc.xml,FRAF,FRANKLIN FINANCIAL SERVICES CORP /PA/,4,2025-09-24,68,,False,,,,,0001638509-25-000011,https://www.sec.gov/Archives/edgar/data/723646/000163850925000011/0001638509-25-000011.txt
0000723646,https://www.sec.gov/Archives/edgar/data/723646/000180559725000005/primary_doc.xml,FRAF,FRANKLIN FINANCIAL SERVICES CORP /PA/,4,2025-09-24,68,,False,,,,,0001805597-25-000005,https://www.sec.gov/Archives/edgar/data/723646/000180559725000005/0001805597-25-000005.txt
0000723646,https://www.sec.gov/Archives/edgar/data/723646/000128987425000005/primary_doc.xml,FRAF,FRANKLIN FINANCIAL SERVICES CORP /PA/,4,2025-09-24,68,,False,,,,,0001289874-25-000005,https://www.sec.gov/Archives/edgar/data/723646/000128987425000005/0001289874-25-000005.txt
0000723646,https://www.sec.gov/Archives/edgar/data/723646/000163850925000010/primary_doc.xml,FRAF,FRANKLIN FINANCIAL SERVICES CORP /PA/,4,2025-08-29,94,,False,,,,,0001638509-25-000010,https://www.sec.gov/Archives/edgar/data/723646/000163850925000010/0001638509-25-000010.txt
0000723646,https://www.sec.gov/Archives/edgar/data/723646/000183087625000003/primary_doc.xml,FRAF,FRANKLIN FINANCIAL SERVICES CORP /PA/,4,2025-08-29,94,,False,,,,,0001830876-25-000003,https://www.sec.gov/Archives/edgar/data/723646/000183087625000003/0001830876-25-000003.txt
0000723646,https://www.sec.gov/Archives/edgar/data/723646/000072364625000083/fraf-20251112x8k.htm,FRAF,FRANKLIN FINANCIAL SERVICES CORP /PA/,8-K,2025-11-12,19,,False,,,,,0000723646-25-000083,https://www.sec.gov/Archives/edgar/data/723646/000072364625000083/0000723646-25-000083.txt
0000723646,https://www.sec.gov/Archives/edgar/data/723646/000072364625000077/fraf-20251028x8k.htm,FRAF,FRANKLIN FINANCIAL SERVICES CORP /PA/,8-K,2025-10-28,34,,False,,,,,0000723646-25-000077,https://www.sec.gov/Archives/edgar/data/723646/000072364625000077/0000723646-25-000077.txt
0000723646,https://www.sec.gov/Archives/edgar/data/723646/000072364625000073/fraf-20251017x8k.htm,FRAF,FRANKLIN FINANCIAL SERVICES CORP /PA/,8-K,2025-10-17,45,,False,,,,,0000723646-25-000073,https://www.sec.gov/Archives/edgar/data/723646/000072364625000073/0000723646-25-000073.txt
0000723646,https://www.sec.gov/Archives/edgar/data/723646/000072364625000070/fraf-20250915x8k.htm,FRAF,FRANKLIN FINANCIAL SERVICES CORP /PA/,8-K,2025-09-15,77,,False,,,,,0000723646-25-000070,https://www.sec.gov/Archives/edgar/data/723646/000072364625000070/0000723646-25-000070.txt
0000723646,https://www.sec.gov/Archives/edgar/data/723646/000072364625000065/fraf-20250825x8k.htm,FRAF,FRANKLIN FINANCIAL SERVICES CORP /PA/,8-K,2025-08-25,98,,False,,,,,0000723646-25-000065,https://www.sec.gov/Archives/edgar/data/723646/000072364625000065/0000723646-25-000065.txt
0000723646,https://www.sec.gov/Archives/edgar/data/723646/000072364625000058/fraf-20250725x8k.htm,FRAF,FRANKLIN FINANCIAL SERVICES CORP /PA/,8-K,2025-07-25,129,,False,,,,,0000723646-25-000058,https://www.sec.gov/Archives/edgar/data/723646/000072364625000058/0000723646-25-000058.txt
0000723646,https://www.sec.gov/Archives/edgar/data/723646/000072364625000055/fraf-20250722x8k.htm,FRAF,FRANKLIN FINANCIAL SERVICES CORP /PA/,8-K,2025-07-22,132,,False,,,,,0000723646-25-000055,https://www.sec.gov/Archives/edgar/data/723646/000072364625000055/0000723646-25-000055.txt
0000723646,https://www.sec.gov/Archives/edgar/data/723646/000072364625000052/fraf-20250602x8k.htm,FRAF,FRANKLIN FINANCIAL SERVICES CORP /PA/,8-K,2025-06-02,182,,False,,,,,0000723646-25-000052,https://www.sec.gov/Archives/edgar/data/723646/000072364625000052/0000723646-25-000052.txt
0000723646,https://www.sec.gov/Archives/edgar/data/723646/000072364625000037/fraf-20250502x8k.htm,FRAF,FRANKLIN FINANCIAL SERVICES CORP /PA/,8-K,2025-05-02,213,,False,,,,,0000723646-25-000037,https://www.sec.gov/Archives/edgar/data/723646/000072364625000037/0000723646-25-000037.txt
0000723646,https://www.sec.gov/Archives/edgar/data/723646/000072364625000031/fraf-20250429x8k.htm,FRAF,FRANKLIN FINANCIAL SERVICES CORP /PA/,8-K,2025-04-29,216,,False,,,,,0000723646-25-000031,https://www.sec.gov/Archives/edgar/data/723646/000072364625000031/0000723646-25-000031.txt
0000723646,https://www.sec.gov/Archives/edgar/data/723646/000072364625000049/fraf-20250515xs8.htm,FRAF,FRANKLIN FINANCIAL SERVICES CORP /PA/,S-8,2025-05-15,200,,False,,,,,0000723646-25-000049,https://www.sec.gov/Archives/edgar/data/723646/000072364625000049/0000723646-25-000049.txt
0001753162,https://www.sec.gov/Archives/edgar/data/1753162/000110465925041326/fthm-20241231x10ka.htm,FTHM,Fathom Holdings Inc.,10-K/A,2025-04-29,216,,False,,NO_CASHFLOW,cashflow statement missing,,0001104659-25-041326,https://www.sec.gov/Archives/edgar/data/1753162/000110465925041326/0001104659-25-041326.txt
0001753162,https://www.sec.gov/Archives/edgar/data/1753162/000181727125000004/primary_doc.xml,FTHM,Fathom Holdings Inc.,4,2025-10-30,32,,False,,,,,0001817271-25-000004,https://www.sec.gov/Archives/edgar/data/1753162/000181727125000004/0001817271-25-000004.txt
0001753162,https://www.sec.gov/Archives/edgar/data/1753162/000181727125000003/primary_doc.xml,FTHM,Fathom Holdings Inc.,4,2025-10-02,60,,False,,,,,0001817271-25-000003,https://www.sec.gov/Archives/edgar/data/1753162/000181727125000003/0001817271-25-000003.txt
0001753162,https://www.sec.gov/Archives/edgar/data/1753162/000157856325000390/primary_doc.xml,FTHM,Fathom Holdings Inc.,4,2025-08-29,94,,False,,,,,0001578563-25-000390,https://www.sec.gov/Archives/edgar/data/1753162/000157856325000390/0001578563-25-000390.txt
0001753162,https://www.sec.gov/Archives/edgar/data/1753162/000157856325000389/primary_doc.xml,FTHM,Fathom Holdings Inc.,4,2025-08-29,94,,False,,,,,0001578563-25-000389,https://www.sec.gov/Archives/edgar/data/1753162/000157856325000389/0001578563-25-000389.txt
0001753162,https://www.sec.gov/Archives/edgar/data/1753162/000157856325000377/primary_doc.xml,FTHM,Fathom Holdings Inc.,4,2025-08-21,102,,False,,,,,0001578563-25-000377,https://www.sec.gov/Archives/edgar/data/1753162/000157856325000377/0001578563-25-000377.txt
0001753162,https://www.sec.gov/Archives/edgar/data/1753162/000157856325000376/primary_doc.xml,FTHM,Fathom Holdings Inc.,4,2025-08-21,102,,False,,,,,0001578563-25-000376,https://www.sec.gov/Archives/edgar/data/1753162/000157856325000376/0001578563-25-000376.txt
0001753162,https://www.sec.gov/Archives/edgar/data/1753162/000157856325000375/primary_doc.xml,FTHM,Fathom Holdings Inc.,4,2025-08-21,102,,False,,,,,0001578563-25-000375,https://www.sec.gov/Archives/edgar/data/1753162/000157856325000375/0001578563-25-000375.txt
0001753162,https://www.sec.gov/Archives/edgar/data/1753162/000157856325000391/primary_doc.xml,FTHM,Fathom Holdings Inc.,4/A,2025-09-02,90,,False,,,,,0001578563-25-000391,https://www.sec.gov/Archives/edgar/data/1753162/000157856325000391/0001578563-25-000391.txt
0001753162,https://www.sec.gov/Archives/edgar/data/1753162/000110465924132520/tm2432172d1_424b3.htm,FTHM,Fathom Holdings Inc.,424B3,2024-12-30,336,,False,,,,,0001104659-24-132520,https://www.sec.gov/Archives/edgar/data/1753162/000110465924132520/0001104659-24-132520.txt
0001753162,https://www.sec.gov/Archives/edgar/data/1753162/000110465925091670/tm2526428d3_424b5.htm,FTHM,Fathom Holdings Inc.,424B5,2025-09-19,73,,False,,,,,0001104659-25-091670,https://www.sec.gov/Archives/edgar/data/1753162/000110465925091670/0001104659-25-091670.txt
0001753162,https://www.sec.gov/Archives/edgar/data/1753162/000110465925091336/tm2526428d2_424b5.htm,FTHM,Fathom Holdings Inc.,424B5,2025-09-18,74,,False,,,,,0001104659-25-091336,https://www.sec.gov/Archives/edgar/data/1753162/000110465925091336/0001104659-25-091336.txt
0001753162,https://www.sec.gov/Archives/edgar/data/1753162/000110465925022585/tm258709d2_424b5.htm,FTHM,Fathom Holdings Inc.,424B5,2025-03-11,265,,False,,,,,0001104659-25-022585,https://www.sec.gov/Archives/edgar/data/1753162/000110465925022585/0001104659-25-022585.txt
0001753162,https://www.sec.gov/Archives/edgar/data/1753162/000110465925005467/tm254083d2_424b5.htm,FTHM,Fathom Holdings Inc.,424B5,2025-01-23,312,,False,,,,,0001104659-25-005467,https://www.sec.gov/Archives/edgar/data/1753162/000110465925005467/0001104659-25-005467.txt
0001753162,https://www.sec.gov/Archives/edgar/data/1753162/000162828025054434/fthm-20251201.htm,FTHM,Fathom Holdings Inc.,8-K,2025-12-01,0,,False,,,,,0001628280-25-054434,https://www.sec.gov/Archives/edgar/data/1753162/000162828025054434/0001628280-25-054434.txt
0001753162,https://www.sec.gov/Archives/edgar/data/1753162/000162828025051595/fthm-20251111.htm,FTHM,Fathom Holdings Inc.,8-K,2025-11-12,19,,False,,,,,0001628280-25-051595,https://www.sec.gov/Archives/edgar/data/1753162/000162828025051595/0001628280-25-051595.txt
0001753162,https://www.sec.gov/Archives/edgar/data/1753162/000162828025051341/fthm-20251111.htm,FTHM,Fathom Holdings Inc.,8-K,2025-11-12,19,,False,,,,,0001628280-25-051341,https://www.sec.gov/Archives/edgar/data/1753162/000162828025051341/0001628280-25-051341.txt
0001753162,https://www.sec.gov/Archives/edgar/data/1753162/000110465925092155/tm2526544d1_8k.htm,FTHM,Fathom Holdings Inc.,8-K,2025-09-22,70,,False,,,,,0001104659-25-092155,https://www.sec.gov/Archives/edgar/data/1753162/000110465925092155/0001104659-25-092155.txt
0001753162,https://www.sec.gov/Archives/edgar/data/1753162/000175316225000005/fthm-20250820.htm,FTHM,Fathom Holdings Inc.,8-K,2025-08-21,102,,False,,,,,0001753162-25-000005,https://www.sec.gov/Archives/edgar/data/1753162/000175316225000005/0001753162-25-000005.txt
0001753162,https://www.sec.gov/Archives/edgar/data/1753162/000162828025039893/fthm-20250812.htm,FTHM,Fathom Holdings Inc.,8-K,2025-08-12,111,,False,,,,,0001628280-25-039893,https://www.sec.gov/Archives/edgar/data/1753162/000162828025039893/0001628280-25-039893.txt
0001753162,https://www.sec.gov/Archives/edgar/data/1753162/000110465925055224/tm2516688d1_8k.htm,FTHM,Fathom Holdings Inc.,8-K,2025-06-02,182,,False,,,,,0001104659-25-055224,https://www.sec.gov/Archives/edgar/data/1753162/000110465925055224/0001104659-25-055224.txt
0001753162,https://www.sec.gov/Archives/edgar/data/1753162/000162828025025079/fthm-20250513.htm,FTHM,Fathom Holdings Inc.,8-K,2025-05-13,202,,False,,,,,0001628280-25-025079,https://www.sec.gov/Archives/edgar/data/1753162/000162828025025079/0001628280-25-025079.txt
0001753162,https://www.sec.gov/Archives/edgar/data/1753162/000110465925036334/tm2512528d1_8k.htm,FTHM,Fathom Holdings Inc.,8-K,2025-04-18,227,,False,,,,,0001104659-25-036334,https://www.sec.gov/Archives/edgar/data/1753162/000110465925036334/0001104659-25-036334.txt
0001753162,https://www.sec.gov/Archives/edgar/data/1753162/000110465925024454/tm259064d1_8k.htm,FTHM,Fathom Holdings Inc.,8-K,2025-03-17,259,,False,,,,,0001104659-25-024454,https://www.sec.gov/Archives/edgar/data/1753162/000110465925024454/0001104659-25-024454.txt
0001753162,https://www.sec.gov/Archives/edgar/data/1753162/000110465924130806/tm2431558d1_s3.htm,FTHM,Fathom Holdings Inc.,S-3,2024-12-20,346,,False,,,,,0001104659-24-130806,https://www.sec.gov/Archives/edgar/data/1753162/000110465924130806/0001104659-24-130806.txt
0001753162,https://www.sec.gov/Archives/edgar/data/1753162/000110465924116554/tm2427568d1_s8.htm,FTHM,Fathom Holdings Inc.,S-8,2024-11-12,384,,False,,,,,0001104659-24-116554,https://www.sec.gov/Archives/edgar/data/1753162/000110465924116554/0001104659-24-116554.txt
0001328919,https://www.sec.gov/Archives/edgar/data/1328919/000119312525100460/d899802d20f.htm,GASS,StealthGas Inc.,20-F,2025-04-28,217,,False,,NO_PERIODS,no inferable periods,,0001193125-25-100460,https://www.sec.gov/Archives/edgar/data/1328919/000119312525100460/0001193125-25-100460.txt
0001328919,https://www.sec.gov/Archives/edgar/data/1328919/000119312525297329/d667443d6k.htm,GASS,StealthGas Inc.,6-K,2025-11-25,6,,False,,NO_CASHFLOW,cashflow statement missing,,0001193125-25-297329,https://www.sec.gov/Archives/edgar/data/1328919/000119312525297329/0001193125-25-297329.txt
0001328919,https://www.sec.gov/Archives/edgar/data/1328919/000119312525191688/d947407d6k.htm,GASS,StealthGas Inc.,6-K,2025-08-29,94,,False,,NO_CASHFLOW,cashflow statement missing,,0001193125-25-191688,https://www.sec.gov/Archives/edgar/data/1328919/000119312525191688/0001193125-25-191688.txt
0001328919,https://www.sec.gov/Archives/edgar/data/1328919/000119312525187735/d895656d6k.htm,GASS,StealthGas Inc.,6-K,2025-08-25,98,,False,,NO_CASHFLOW,cashflow statement missing,,0001193125-25-187735,https://www.sec.gov/Archives/edgar/data/1328919/000119312525187735/0001193125-25-187735.txt
0001851961,https://www.sec.gov/Archives/edgar/data/1851961/000092963825004392/form4.xml,GCTS,"GCT Semiconductor Holding, Inc.",4,2025-11-28,3,,False,,,,,0000929638-25-004392,https://www.sec.gov/Archives/edgar/data/1851961/000092963825004392/0000929638-25-004392.txt
0001851961,https://www.sec.gov/Archives/edgar/data/1851961/000092963825004362/form4.xml,GCTS,"GCT Semiconductor Holding, Inc.",4,2025-11-24,7,,False,,,,,0000929638-25-004362,https://www.sec.gov/Archives/edgar/data/1851961/000092963825004362/0000929638-25-004362.txt
0001851961,https://www.sec.gov/Archives/edgar/data/1851961/000092963825003799/form4.xml,GCTS,"GCT Semiconductor Holding, Inc.",4,2025-10-03,59,,False,,,,,0000929638-25-003799,https://www.sec.gov/Archives/edgar/data/1851961/000092963825003799/0000929638-25-003799.txt
0001851961,https://www.sec.gov/Archives/edgar/data/1851961/000092963825003732/form4.xml,GCTS,"GCT Semiconductor Holding, Inc.",4,2025-10-02,60,,False,,,,,0000929638-25-003732,https://www.sec.gov/Archives/edgar/data/1851961/000092963825003732/0000929638-25-003732.txt
0001851961,https://www.sec.gov/Archives/edgar/data/1851961/000092963825003731/form4.xml,GCTS,"GCT Semiconductor Holding, Inc.",4,2025-10-02,60,,False,,,,,0000929638-25-003731,https://www.sec.gov/Archives/edgar/data/1851961/000092963825003731/0000929638-25-003731.txt
0001851961,https://www.sec.gov/Archives/edgar/data/1851961/000092963825003730/form4.xml,GCTS,"GCT Semiconductor Holding, Inc.",4,2025-10-02,60,,False,,,,,0000929638-25-003730,https://www.sec.gov/Archives/edgar/data/1851961/000092963825003730/0000929638-25-003730.txt
0001851961,https://www.sec.gov/Archives/edgar/data/1851961/000092963825003729/form4.xml,GCTS,"GCT Semiconductor Holding, Inc.",4,2025-10-02,60,,False,,,,,0000929638-25-003729,https://www.sec.gov/Archives/edgar/data/1851961/000092963825003729/0000929638-25-003729.txt
0001851961,https://www.sec.gov/Archives/edgar/data/1851961/000092963825003728/form4.xml,GCTS,"GCT Semiconductor Holding, Inc.",4,2025-10-02,60,,False,,,,,0000929638-25-003728,https://www.sec.gov/Archives/edgar/data/1851961/000092963825003728/0000929638-25-003728.txt
0001851961,https://www.sec.gov/Archives/edgar/data/1851961/000092963825003689/form4.xml,GCTS,"GCT Semiconductor Holding, Inc.",4,2025-09-30,62,,False,,,,,0000929638-25-003689,https://www.sec.gov/Archives/edgar/data/1851961/000092963825003689/0000929638-25-003689.txt
0001851961,https://www.sec.gov/Archives/edgar/data/1851961/000092963825003561/form4.xml,GCTS,"GCT Semiconductor Holding, Inc.",4,2025-09-23,69,,False,,,,,0000929638-25-003561,https://www.sec.gov/Archives/edgar/data/1851961/000092963825003561/0000929638-25-003561.txt
0001851961,https://www.sec.gov/Archives/edgar/data/1851961/000092963825001281/a424b3.htm,GCTS,"GCT Semiconductor Holding, Inc.",424B3,2025-03-26,250,,False,,,,,0000929638-25-001281,https://www.sec.gov/Archives/edgar/data/1851961/000092963825001281/0000929638-25-001281.txt
0001851961,https://www.sec.gov/Archives/edgar/data/1851961/000092963825001279/a424b3.htm,GCTS,"GCT Semiconductor Holding, Inc.",424B3,2025-03-26,250,,False,,,,,0000929638-25-001279,https://www.sec.gov/Archives/edgar/data/1851961/000092963825001279/0000929638-25-001279.txt
0001851961,https://www.sec.gov/Archives/edgar/data/1851961/000092963824003982/a424b3.htm,GCTS,"GCT Semiconductor Holding, Inc.",424B3,2024-11-18,378,,False,,,,,0000929638-24-003982,https://www.sec.gov/Archives/edgar/data/1851961/000092963824003982/0000929638-24-003982.txt
0001851961,https://www.sec.gov/Archives/edgar/data/1851961/000092963824003947/a424b3.htm,GCTS,"GCT Semiconductor Holding, Inc.",424B3,2024-11-15,381,,False,,,,,0000929638-24-003947,https://www.sec.gov/Archives/edgar/data/1851961/000092963824003947/0000929638-24-003947.txt
0001851961,https://www.sec.gov/Archives/edgar/data/1851961/000110465925049833/tm2515352d1_424b5.htm,GCTS,"GCT Semiconductor Holding, Inc.",424B5,2025-05-16,199,,False,,,,,0001104659-25-049833,https://www.sec.gov/Archives/edgar/data/1851961/000110465925049833/0001104659-25-049833.txt
0001851961,https://www.sec.gov/Archives/edgar/data/1851961/000092963825004231/form8k.htm,GCTS,"GCT Semiconductor Holding, Inc.",8-K,2025-11-12,19,,False,,,,,0000929638-25-004231,https://www.sec.gov/Archives/edgar/data/1851961/000092963825004231/0000929638-25-004231.txt
0001851961,https://www.sec.gov/Archives/edgar/data/1851961/000092963825003527/form8k.htm,GCTS,"GCT Semiconductor Holding, Inc.",8-K,2025-09-19,73,,False,,,,,0000929638-25-003527,https://www.sec.gov/Archives/edgar/data/1851961/000092963825003527/0000929638-25-003527.txt
0001851961,https://www.sec.gov/Archives/edgar/data/1851961/000092963825003426/form8k.htm,GCTS,"GCT Semiconductor Holding, Inc.",8-K,2025-09-11,81,,False,,,,,0000929638-25-003426,https://www.sec.gov/Archives/edgar/data/1851961/000092963825003426/0000929638-25-003426.txt
0001851961,https://www.sec.gov/Archives/edgar/data/1851961/000092963825002962/form8k.htm,GCTS,"GCT Semiconductor Holding, Inc.",8-K,2025-08-12,111,,False,,,,,0000929638-25-002962,https://www.sec.gov/Archives/edgar/data/1851961/000092963825002962/0000929638-25-002962.txt
0001851961,https://www.sec.gov/Archives/edgar/data/1851961/000092963825002185/form8k.htm,GCTS,"GCT Semiconductor Holding, Inc.",8-K,2025-06-06,178,,False,,,,,0000929638-25-002185,https://www.sec.gov/Archives/edgar/data/1851961/000092963825002185/0000929638-25-002185.txt
0001851961,https://www.sec.gov/Archives/edgar/data/1851961/000110465925049992/tm2515305d1_8k.htm,GCTS,"GCT Semiconductor Holding, Inc.",8-K,2025-05-16,199,,False,,,,,0001104659-25-049992,https://www.sec.gov/Archives/edgar/data/1851961/000110465925049992/0001104659-25-049992.txt
0001851961,https://www.sec.gov/Archives/edgar/data/1851961/000092963825001868/form8k.htm,GCTS,"GCT Semiconductor Holding, Inc.",8-K,2025-05-14,201,,False,,,,,0000929638-25-001868,https://www.sec.gov/Archives/edgar/data/1851961/000092963825001868/0000929638-25-001868.txt
0001851961,https://www.sec.gov/Archives/edgar/data/1851961/000092963825001567/form8k.htm,GCTS,"GCT Semiconductor Holding, Inc.",8-K,2025-04-17,228,,False,,,,,0000929638-25-001567,https://www.sec.gov/Archives/edgar/data/1851961/000092963825001567/0000929638-25-001567.txt
0001851961,https://www.sec.gov/Archives/edgar/data/1851961/000092963825001242/form8k.htm,GCTS,"GCT Semiconductor Holding, Inc.",8-K,2025-03-25,251,,False,,,,,0000929638-25-001242,https://www.sec.gov/Archives/edgar/data/1851961/000092963825001242/0000929638-25-001242.txt
0001851961,https://www.sec.gov/Archives/edgar/data/1851961/000092963825000430/form8k.htm,GCTS,"GCT Semiconductor Holding, Inc.",8-K,2025-01-29,306,,False,,,,,0000929638-25-000430,https://www.sec.gov/Archives/edgar/data/1851961/000092963825000430/0000929638-25-000430.txt
0001851961,https://www.sec.gov/Archives/edgar/data/1851961/000110465925038103/tm2512456d1_s3.htm,GCTS,"GCT Semiconductor Holding, Inc.",S-3,2025-04-23,222,,False,,,,,0001104659-25-038103,https://www.sec.gov/Archives/edgar/data/1851961/000110465925038103/0001104659-25-038103.txt
0001851961,https://www.sec.gov/Archives/edgar/data/1851961/000110465925038025/tm2512456d2_s3.htm,GCTS,"GCT Semiconductor Holding, Inc.",S-3,2025-04-23,222,,False,,,,,0001104659-25-038025,https://www.sec.gov/Archives/edgar/data/1851961/000110465925038025/0001104659-25-038025.txt
0001851961,https://www.sec.gov/Archives/edgar/data/1851961/000095017025048684/gcts_form_s-3_4.1.25.htm,GCTS,"GCT Semiconductor Holding, Inc.",S-3,2025-04-01,244,,False,,,,,0000950170-25-048684,https://www.sec.gov/Archives/edgar/data/1851961/000095017025048684/0000950170-25-048684.txt
0001851961,https://www.sec.gov/Archives/edgar/data/1851961/000110465925054969/tm2512456d5_s3a.htm,GCTS,"GCT Semiconductor Holding, Inc.",S-3/A,2025-05-30,185,,False,,,,,0001104659-25-054969,https://www.sec.gov/Archives/edgar/data/1851961/000110465925054969/0001104659-25-054969.txt
0001851961,https://www.sec.gov/Archives/edgar/data/1851961/000110465925047808/tm2512456d3_s3a.htm,GCTS,"GCT Semiconductor Holding, Inc.",S-3/A,2025-05-13,202,,False,,,,,0001104659-25-047808,https://www.sec.gov/Archives/edgar/data/1851961/000110465925047808/0001104659-25-047808.txt
0001675033,https://www.sec.gov/Archives/edgar/data/1675033/000095017025036517/gecc-20241231.htm,GECCG,Great Elm Capital Corp.,10-K,2025-03-10,266,,False,,OK,,,0000950170-25-036517,https://www.sec.gov/Archives/edgar/data/1675033/000095017025036517/0000950170-25-036517.txt
0001675033,https://www.sec.gov/Archives/edgar/data/1675033/000119312525264873/gecc-20250930.htm,GECCG,Great Elm Capital Corp.,10-Q,2025-11-04,27,,False,,NO_BALANCE_SHEET,cash/cash equivalents missing,,0001193125-25-264873,https://www.sec.gov/Archives/edgar/data/1675033/000119312525264873/0001193125-25-264873.txt
0001675033,https://www.sec.gov/Archives/edgar/data/1675033/000095017025102075/gecc-20250630.htm,GECCG,Great Elm Capital Corp.,10-Q,2025-08-04,119,,False,,NO_PERIODS,no inferable periods,,0000950170-25-102075,https://www.sec.gov/Archives/edgar/data/1675033/000095017025102075/0000950170-25-102075.txt
0001675033,https://www.sec.gov/Archives/edgar/data/1675033/000095010325014514/dp237151_4-kaplan.xml,GECCG,Great Elm Capital Corp.,4,2025-11-10,21,,False,,,,,0000950103-25-014514,https://www.sec.gov/Archives/edgar/data/1675033/000095010325014514/0000950103-25-014514.txt
0001675033,https://www.sec.gov/Archives/edgar/data/1675033/000095010325012333/dp235039_4-greatelmstrat.xml,GECCG,Great Elm Capital Corp.,4,2025-09-26,66,,False,,,,,0000950103-25-012333,https://www.sec.gov/Archives/edgar/data/1675033/000095010325012333/0000950103-25-012333.txt
0001675033,https://www.sec.gov/Archives/edgar/data/1675033/000095010325012105/dp234798_4-davisgecc.xml,GECCG,Great Elm Capital Corp.,4,2025-09-23,69,,False,,,,,0000950103-25-012105,https://www.sec.gov/Archives/edgar/data/1675033/000095010325012105/0000950103-25-012105.txt
0001675033,https://www.sec.gov/Archives/edgar/data/1675033/000095010325012104/dp234796_4-kleinmangecc.xml,GECCG,Great Elm Capital Corp.,4,2025-09-23,69,,False,,,,,0000950103-25-012104,https://www.sec.gov/Archives/edgar/data/1675033/000095010325012104/0000950103-25-012104.txt
0001675033,https://www.sec.gov/Archives/edgar/data/1675033/000095010325012102/dp234797_4-kaplangecc.xml,GECCG,Great Elm Capital Corp.,4,2025-09-23,69,,False,,,,,0000950103-25-012102,https://www.sec.gov/Archives/edgar/data/1675033/000095010325012102/0000950103-25-012102.txt
0001675033,https://www.sec.gov/Archives/edgar/data/1675033/000095010325012100/dp234795_4-gegigecc.xml,GECCG,Great Elm Capital Corp.,4,2025-09-23,69,,False,,,,,0000950103-25-012100,https://www.sec.gov/Archives/edgar/data/1675033/000095010325012100/0000950103-25-012100.txt
0001675033,https://www.sec.gov/Archives/edgar/data/1675033/000095010325012085/dp234794_4-greatelmstrat.xml,GECCG,Great Elm Capital Corp.,4,2025-09-23,69,,False,,,,,0000950103-25-012085,https://www.sec.gov/Archives/edgar/data/1675033/000095010325012085/0000950103-25-012085.txt
0001675033,https://www.sec.gov/Archives/edgar/data/1675033/000095010325011905/dp234618_4.xml,GECCG,Great Elm Capital Corp.,4,2025-09-19,73,,False,,,,,0000950103-25-011905,https://www.sec.gov/Archives/edgar/data/1675033/000095010325011905/0000950103-25-011905.txt
0001675033,https://www.sec.gov/Archives/edgar/data/1675033/000095010325011784/dp234506_4-greatelmstrat.xml,GECCG,Great Elm Capital Corp.,4,2025-09-17,75,,False,,,,,0000950103-25-011784,https://www.sec.gov/Archives/edgar/data/1675033/000095010325011784/0000950103-25-011784.txt
0001675033,https://www.sec.gov/Archives/edgar/data/1675033/000113322824009699/gecc-efp10883_424b1.htm,GECCG,Great Elm Capital Corp.,424B1,2024-10-28,399,,False,,,,,0001133228-24-009699,https://www.sec.gov/Archives/edgar/data/1675033/000113322824009699/0001133228-24-009699.txt
0001675033,https://www.sec.gov/Archives/edgar/data/1675033/000113322824009693/gecp-efp10654_424b1.htm,GECCG,Great Elm Capital Corp.,424B1,2024-10-28,399,,False,,,,,0001133228-24-009693,https://www.sec.gov/Archives/edgar/data/1675033/000113322824009693/0001133228-24-009693.txt
0001675033,https://www.sec.gov/Archives/edgar/data/1675033/000119312525198790/d913142d424b5.htm,GECCG,Great Elm Capital Corp.,424B5,2025-09-09,83,,False,,,,,0001193125-25-198790,https://www.sec.gov/Archives/edgar/data/1675033/000119312525198790/0001193125-25-198790.txt
0001675033,https://www.sec.gov/Archives/edgar/data/1675033/000119312525197310/d913142d424b5.htm,GECCG,Great Elm Capital Corp.,424B5,2025-09-05,87,,False,,,,,0001193125-25-197310,https://www.sec.gov/Archives/edgar/data/1675033/000119312525197310/0001193125-25-197310.txt
0001675033,https://www.sec.gov/Archives/edgar/data/1675033/000119312525195381/d913142d424b5.htm,GECCG,Great Elm Capital Corp.,424B5,2025-09-04,88,,False,,,,,0001193125-25-195381,https://www.sec.gov/Archives/edgar/data/1675033/000119312525195381/0001193125-25-195381.txt
0001675033,https://www.sec.gov/Archives/edgar/data/1675033/000119312525113233/d111186d424b5.htm,GECCG,Great Elm Capital Corp.,424B5,2025-05-06,209,,False,,,,,0001193125-25-113233,https://www.sec.gov/Archives/edgar/data/1675033/000119312525113233/0001193125-25-113233.txt
0001675033,https://www.sec.gov/Archives/edgar/data/1675033/000119312525264872/gecc-20251104.htm,GECCG,Great Elm Capital Corp.,8-K,2025-11-04,27,,False,,,,,0001193125-25-264872,https://www.sec.gov/Archives/edgar/data/1675033/000119312525264872/0001193125-25-264872.txt
0001675033,https://www.sec.gov/Archives/edgar/data/1675033/000119312525232655/d31018d8k.htm,GECCG,Great Elm Capital Corp.,8-K,2025-10-07,55,,False,,,,,0001193125-25-232655,https://www.sec.gov/Archives/edgar/data/1675033/000119312525232655/0001193125-25-232655.txt
0001675033,https://www.sec.gov/Archives/edgar/data/1675033/000095010325012773/dp235476_8k.htm,GECCG,Great Elm Capital Corp.,8-K,2025-10-02,60,,False,,,,,0000950103-25-012773,https://www.sec.gov/Archives/edgar/data/1675033/000095010325012773/0000950103-25-012773.txt
0001675033,https://www.sec.gov/Archives/edgar/data/1675033/000095010325011541/dp234250_8k.htm,GECCG,Great Elm Capital Corp.,8-K,2025-09-11,81,,False,,,,,0000950103-25-011541,https://www.sec.gov/Archives/edgar/data/1675033/000095010325011541/0000950103-25-011541.txt
0001675033,https://www.sec.gov/Archives/edgar/data/1675033/000095010325011498/dp234216_8k.htm,GECCG,Great Elm Capital Corp.,8-K,2025-09-10,82,,False,,,,,0000950103-25-011498,https://www.sec.gov/Archives/edgar/data/1675033/000095010325011498/0000950103-25-011498.txt
0001675033,https://www.sec.gov/Archives/edgar/data/1675033/000095010325010993/dp233732_8k.htm,GECCG,Great Elm Capital Corp.,8-K,2025-08-29,94,,False,,,,,0000950103-25-010993,https://www.sec.gov/Archives/edgar/data/1675033/000095010325010993/0000950103-25-010993.txt
0001675033,https://www.sec.gov/Archives/edgar/data/1675033/000095010325010785/dp233518_8k.htm,GECCG,Great Elm Capital Corp.,8-K,2025-08-27,96,,False,,,,,0000950103-25-010785,https://www.sec.gov/Archives/edgar/data/1675033/000095010325010785/0000950103-25-010785.txt
0001675033,https://www.sec.gov/Archives/edgar/data/1675033/000095010325010214/dp232978_8k.htm,GECCG,Great Elm Capital Corp.,8-K,2025-08-13,110,,False,,,,,0000950103-25-010214,https://www.sec.gov/Archives/edgar/data/1675033/000095010325010214/0000950103-25-010214.txt
0001675033,https://www.sec.gov/Archives/edgar/data/1675033/000095017025102181/gecc-20250804.htm,GECCG,Great Elm Capital Corp.,8-K,2025-08-05,118,,False,,,,,0000950170-25-102181,https://www.sec.gov/Archives/edgar/data/1675033/000095017025102181/0000950170-25-102181.txt
0001675033,https://www.sec.gov/Archives/edgar/data/1675033/000119312525132242/d36590d8k.htm,GECCG,Great Elm Capital Corp.,8-K,2025-05-30,185,,False,,,,,0001193125-25-132242,https://www.sec.gov/Archives/edgar/data/1675033/000119312525132242/0001193125-25-132242.txt
0001059142,https://www.sec.gov/Archives/edgar/data/1059142/000095017025023761/ghi-20241231.htm,GHI,Greystone Housing Impact Investors LP,10-K,2025-02-20,284,,False,,NO_PERIODS,no inferable periods,,0000950170-25-023761,https://www.sec.gov/Archives/edgar/data/1059142/000095017025023761/0000950170-25-023761.txt
0001059142,https://www.sec.gov/Archives/edgar/data/1059142/000119312525268211/ghi-20250930.htm,GHI,Greystone Housing Impact Investors LP,10-Q,2025-11-06,25,,False,,NO_PERIODS,no inferable periods,,0001193125-25-268211,https://www.sec.gov/Archives/edgar/data/1059142/000119312525268211/0001193125-25-268211.txt
0001059142,https://www.sec.gov/Archives/edgar/data/1059142/000095017025104618/ghi-20250630.htm,GHI,Greystone Housing Impact Investors LP,10-Q,2025-08-07,116,,False,,NO_PERIODS,no inferable periods,,0000950170-25-104618,https://www.sec.gov/Archives/edgar/data/1059142/000095017025104618/0000950170-25-104618.txt
0001059142,https://www.sec.gov/Archives/edgar/data/1059142/000119312525284632/ownership.xml,GHI,Greystone Housing Impact Investors LP,4,2025-11-17,14,,False,,,,,0001193125-25-284632,https://www.sec.gov/Archives/edgar/data/1059142/000119312525284632/0001193125-25-284632.txt
0001059142,https://www.sec.gov/Archives/edgar/data/1059142/000095017025089471/ownership.xml,GHI,Greystone Housing Impact Investors LP,4,2025-06-24,160,,False,,,,,0000950170-25-089471,https://www.sec.gov/Archives/edgar/data/1059142/000095017025089471/0000950170-25-089471.txt
0001059142,https://www.sec.gov/Archives/edgar/data/1059142/000095017025089470/ownership.xml,GHI,Greystone Housing Impact Investors LP,4,2025-06-24,160,,False,,,,,0000950170-25-089470,https://www.sec.gov/Archives/edgar/data/1059142/000095017025089470/0000950170-25-089470.txt
0001059142,https://www.sec.gov/Archives/edgar/data/1059142/000095017025089469/ownership.xml,GHI,Greystone Housing Impact Investors LP,4,2025-06-24,160,,False,,,,,0000950170-25-089469,https://www.sec.gov/Archives/edgar/data/1059142/000095017025089469/0000950170-25-089469.txt
0001059142,https://www.sec.gov/Archives/edgar/data/1059142/000095017025089468/ownership.xml,GHI,Greystone Housing Impact Investors LP,4,2025-06-24,160,,False,,,,,0000950170-25-089468,https://www.sec.gov/Archives/edgar/data/1059142/000095017025089468/0000950170-25-089468.txt
0001059142,https://www.sec.gov/Archives/edgar/data/1059142/000095017025089467/ownership.xml,GHI,Greystone Housing Impact Investors LP,4,2025-06-24,160,,False,,,,,0000950170-25-089467,https://www.sec.gov/Archives/edgar/data/1059142/000095017025089467/0000950170-25-089467.txt
0001059142,https://www.sec.gov/Archives/edgar/data/1059142/000095017025089466/ownership.xml,GHI,Greystone Housing Impact Investors LP,4,2025-06-24,160,,False,,,,,0000950170-25-089466,https://www.sec.gov/Archives/edgar/data/1059142/000095017025089466/0000950170-25-089466.txt
0001059142,https://www.sec.gov/Archives/edgar/data/1059142/000095017025089464/ownership.xml,GHI,Greystone Housing Impact Investors LP,4,2025-06-24,160,,False,,,,,0000950170-25-089464,https://www.sec.gov/Archives/edgar/data/1059142/000095017025089464/0000950170-25-089464.txt
0001059142,https://www.sec.gov/Archives/edgar/data/1059142/000095017025089465/ownership.xml,GHI,Greystone Housing Impact Investors LP,4,2025-06-24,160,,False,,,,,0000950170-25-089465,https://www.sec.gov/Archives/edgar/data/1059142/000095017025089465/0000950170-25-089465.txt
0001059142,https://www.sec.gov/Archives/edgar/data/1059142/000119312525286225/final_prospectus_univ_sh.htm,GHI,Greystone Housing Impact Investors LP,424B3,2025-11-18,13,,False,,,,,0001193125-25-286225,https://www.sec.gov/Archives/edgar/data/1059142/000119312525286225/0001193125-25-286225.txt
0001059142,https://www.sec.gov/Archives/edgar/data/1059142/000119312525291393/ghi-20251117.htm,GHI,Greystone Housing Impact Investors LP,8-K,2025-11-21,10,,False,,,,,0001193125-25-291393,https://www.sec.gov/Archives/edgar/data/1059142/000119312525291393/0001193125-25-291393.txt
0001059142,https://www.sec.gov/Archives/edgar/data/1059142/000119312525268186/ghi-20251106.htm,GHI,Greystone Housing Impact Investors LP,8-K,2025-11-06,25,,False,,,,,0001193125-25-268186,https://www.sec.gov/Archives/edgar/data/1059142/000119312525268186/0001193125-25-268186.txt
0001059142,https://www.sec.gov/Archives/edgar/data/1059142/000119312525246860/ghi-20251022.htm,GHI,Greystone Housing Impact Investors LP,8-K,2025-10-22,40,,False,,,,,0001193125-25-246860,https://www.sec.gov/Archives/edgar/data/1059142/000119312525246860/0001193125-25-246860.txt
0001059142,https://www.sec.gov/Archives/edgar/data/1059142/000119312525238306/ghi-20251009.htm,GHI,Greystone Housing Impact Investors LP,8-K,2025-10-14,48,,False,,,,,0001193125-25-238306,https://www.sec.gov/Archives/edgar/data/1059142/000119312525238306/0001193125-25-238306.txt
0001059142,https://www.sec.gov/Archives/edgar/data/1059142/000119312525205035/ghi-20250916.htm,GHI,Greystone Housing Impact Investors LP,8-K,2025-09-16,76,,False,,,,,0001193125-25-205035,https://www.sec.gov/Archives/edgar/data/1059142/000119312525205035/0001193125-25-205035.txt
0001059142,https://www.sec.gov/Archives/edgar/data/1059142/000095017025106594/ghi-20250811.htm,GHI,Greystone Housing Impact Investors LP,8-K,2025-08-11,112,,False,,,,,0000950170-25-106594,https://www.sec.gov/Archives/edgar/data/1059142/000095017025106594/0000950170-25-106594.txt
0001059142,https://www.sec.gov/Archives/edgar/data/1059142/000095017025104610/ghi-20250807.htm,GHI,Greystone Housing Impact Investors LP,8-K,2025-08-07,116,,False,,,,,0000950170-25-104610,https://www.sec.gov/Archives/edgar/data/1059142/000095017025104610/0000950170-25-104610.txt
0001059142,https://www.sec.gov/Archives/edgar/data/1059142/000095017025097905/ghi-20250723.htm,GHI,Greystone Housing Impact Investors LP,8-K,2025-07-23,131,,False,,,,,0000950170-25-097905,https://www.sec.gov/Archives/edgar/data/1059142/000095017025097905/0000950170-25-097905.txt
0001059142,https://www.sec.gov/Archives/edgar/data/1059142/000095017025094243/ghi-20250630.htm,GHI,Greystone Housing Impact Investors LP,8-K,2025-07-07,147,,False,,,,,0000950170-25-094243,https://www.sec.gov/Archives/edgar/data/1059142/000095017025094243/0000950170-25-094243.txt
0001059142,https://www.sec.gov/Archives/edgar/data/1059142/000095017025088531/ghi-20250616.htm,GHI,Greystone Housing Impact Investors LP,8-K,2025-06-20,164,,False,,,,,0000950170-25-088531,https://www.sec.gov/Archives/edgar/data/1059142/000095017025088531/0000950170-25-088531.txt
0001059142,https://www.sec.gov/Archives/edgar/data/1059142/000095017025094605/ghi-20250630.htm,GHI,Greystone Housing Impact Investors LP,8-K/A,2025-07-08,146,,False,,,,,0000950170-25-094605,https://www.sec.gov/Archives/edgar/data/1059142/000095017025094605/0000950170-25-094605.txt
0001059142,https://www.sec.gov/Archives/edgar/data/1059142/000119312525240306/ghi-20251015.htm,GHI,Greystone Housing Impact Investors LP,S-3,2025-10-15,47,,False,,,,,0001193125-25-240306,https://www.sec.gov/Archives/edgar/data/1059142/000119312525240306/0001193125-25-240306.txt
0001059142,https://www.sec.gov/Archives/edgar/data/1059142/000119312525251661/form_s-3a_2025.htm,GHI,Greystone Housing Impact Investors LP,S-3/A,2025-10-27,35,,False,,,,,0001193125-25-251661,https://www.sec.gov/Archives/edgar/data/1059142/000119312525251661/0001193125-25-251661.txt
0001031623,https://www.sec.gov/Archives/edgar/data/1031623/000095017025032540/gifi-20241231.htm,GIFI,GULF ISLAND FABRICATION INC,10-K,2025-03-05,271,,False,,NO_PERIODS,no inferable periods,,0000950170-25-032540,https://www.sec.gov/Archives/edgar/data/1031623/000095017025032540/0000950170-25-032540.txt
0001031623,https://www.sec.gov/Archives/edgar/data/1031623/000095017025062768/gifi-20241231.htm,GIFI,GULF ISLAND FABRICATION INC,10-K/A,2025-05-02,213,,False,,NO_CASHFLOW,cashflow statement missing,,0000950170-25-062768,https://www.sec.gov/Archives/edgar/data/1031623/000095017025062768/0000950170-25-062768.txt
0001031623,https://www.sec.gov/Archives/edgar/data/1031623/000119312525277728/gifi-20250930.htm,GIFI,GULF ISLAND FABRICATION INC,10-Q,2025-11-12,19,,False,,NO_PERIODS,no inferable periods,,0001193125-25-277728,https://www.sec.gov/Archives/edgar/data/1031623/000119312525277728/0001193125-25-277728.txt
0001031623,https://www.sec.gov/Archives/edgar/data/1031623/000095017025104254/gifi-20250630.htm,GIFI,GULF ISLAND FABRICATION INC,10-Q,2025-08-07,116,,False,,NO_PERIODS,no inferable periods,,0000950170-25-104254,https://www.sec.gov/Archives/edgar/data/1031623/000095017025104254/0000950170-25-104254.txt
0001031623,https://www.sec.gov/Archives/edgar/data/1031623/000095017025062361/ownership.xml,GIFI,GULF ISLAND FABRICATION INC,4,2025-05-02,213,,False,,,,,0000950170-25-062361,https://www.sec.gov/Archives/edgar/data/1031623/000095017025062361/0000950170-25-062361.txt
0001031623,https://www.sec.gov/Archives/edgar/data/1031623/000095017025062358/ownership.xml,GIFI,GULF ISLAND FABRICATION INC,4,2025-05-02,213,,False,,,,,0000950170-25-062358,https://www.sec.gov/Archives/edgar/data/1031623/000095017025062358/0000950170-25-062358.txt
0001031623,https://www.sec.gov/Archives/edgar/data/1031623/000095017025062357/ownership.xml,GIFI,GULF ISLAND FABRICATION INC,4,2025-05-02,213,,False,,,,,0000950170-25-062357,https://www.sec.gov/Archives/edgar/data/1031623/000095017025062357/0000950170-25-062357.txt
0001031623,https://www.sec.gov/Archives/edgar/data/1031623/000095017025062356/ownership.xml,GIFI,GULF ISLAND FABRICATION INC,4,2025-05-02,213,,False,,,,,0000950170-25-062356,https://www.sec.gov/Archives/edgar/data/1031623/000095017025062356/0000950170-25-062356.txt
0001031623,https://www.sec.gov/Archives/edgar/data/1031623/000110465925031646/tm2511433-1_4seq1.xml,GIFI,GULF ISLAND FABRICATION INC,4,2025-04-03,242,,False,,,,,0001104659-25-031646,https://www.sec.gov/Archives/edgar/data/1031623/000110465925031646/0001104659-25-031646.txt
0001031623,https://www.sec.gov/Archives/edgar/data/1031623/000095017025049315/ownership.xml,GIFI,GULF ISLAND FABRICATION INC,4,2025-04-02,243,,False,,,,,0000950170-25-049315,https://www.sec.gov/Archives/edgar/data/1031623/000095017025049315/0000950170-25-049315.txt
0001031623,https://www.sec.gov/Archives/edgar/data/1031623/000095017025049311/ownership.xml,GIFI,GULF ISLAND FABRICATION INC,4,2025-04-02,243,,False,,,,,0000950170-25-049311,https://www.sec.gov/Archives/edgar/data/1031623/000095017025049311/0000950170-25-049311.txt
0001031623,https://www.sec.gov/Archives/edgar/data/1031623/000095017025049308/ownership.xml,GIFI,GULF ISLAND FABRICATION INC,4,2025-04-02,243,,False,,,,,0000950170-25-049308,https://www.sec.gov/Archives/edgar/data/1031623/000095017025049308/0000950170-25-049308.txt
0001031623,https://www.sec.gov/Archives/edgar/data/1031623/000095017025049306/ownership.xml,GIFI,GULF ISLAND FABRICATION INC,4,2025-04-02,243,,False,,,,,0000950170-25-049306,https://www.sec.gov/Archives/edgar/data/1031623/000095017025049306/0000950170-25-049306.txt
0001031623,https://www.sec.gov/Archives/edgar/data/1031623/000095017025049214/ownership.xml,GIFI,GULF ISLAND FABRICATION INC,4,2025-04-02,243,,False,,,,,0000950170-25-049214,https://www.sec.gov/Archives/edgar/data/1031623/000095017025049214/0000950170-25-049214.txt
0001031623,https://www.sec.gov/Archives/edgar/data/1031623/000119312525277568/gifi-20251112.htm,GIFI,GULF ISLAND FABRICATION INC,8-K,2025-11-12,19,,False,,,,,0001193125-25-277568,https://www.sec.gov/Archives/edgar/data/1031623/000119312525277568/0001193125-25-277568.txt
0001031623,https://www.sec.gov/Archives/edgar/data/1031623/000114036125041387/ny20056788x3_8k.htm,GIFI,GULF ISLAND FABRICATION INC,8-K,2025-11-10,21,,False,,,,,0001140361-25-041387,https://www.sec.gov/Archives/edgar/data/1031623/000114036125041387/0001140361-25-041387.txt
0001031623,https://www.sec.gov/Archives/edgar/data/1031623/000114036125040961/ny20056788x1_8k.htm,GIFI,GULF ISLAND FABRICATION INC,8-K,2025-11-07,24,,False,,,,,0001140361-25-040961,https://www.sec.gov/Archives/edgar/data/1031623/000114036125040961/0001140361-25-040961.txt
0001031623,https://www.sec.gov/Archives/edgar/data/1031623/000095017025104001/gifi-20250806.htm,GIFI,GULF ISLAND FABRICATION INC,8-K,2025-08-06,117,,False,,,,,0000950170-25-104001,https://www.sec.gov/Archives/edgar/data/1031623/000095017025104001/0000950170-25-104001.txt
0001031623,https://www.sec.gov/Archives/edgar/data/1031623/000095017025087393/gifi-20250616.htm,GIFI,GULF ISLAND FABRICATION INC,8-K,2025-06-17,167,,False,,,,,0000950170-25-087393,https://www.sec.gov/Archives/edgar/data/1031623/000095017025087393/0000950170-25-087393.txt
0001031623,https://www.sec.gov/Archives/edgar/data/1031623/000095017025081666/gifi-20250604.htm,GIFI,GULF ISLAND FABRICATION INC,8-K,2025-06-04,180,,False,,,,,0000950170-25-081666,https://www.sec.gov/Archives/edgar/data/1031623/000095017025081666/0000950170-25-081666.txt
0001031623,https://www.sec.gov/Archives/edgar/data/1031623/000095017025072617/gifi-20250515.htm,GIFI,GULF ISLAND FABRICATION INC,8-K,2025-05-15,200,,False,,,,,0000950170-25-072617,https://www.sec.gov/Archives/edgar/data/1031623/000095017025072617/0000950170-25-072617.txt
0001031623,https://www.sec.gov/Archives/edgar/data/1031623/000095017025064451/gifi-20250506.htm,GIFI,GULF ISLAND FABRICATION INC,8-K,2025-05-06,209,,False,,,,,0000950170-25-064451,https://www.sec.gov/Archives/edgar/data/1031623/000095017025064451/0000950170-25-064451.txt
0001031623,https://www.sec.gov/Archives/edgar/data/1031623/000095017025034816/gifi-20250306.htm,GIFI,GULF ISLAND FABRICATION INC,8-K,2025-03-06,270,,False,,,,,0000950170-25-034816,https://www.sec.gov/Archives/edgar/data/1031623/000095017025034816/0000950170-25-034816.txt
0001031623,https://www.sec.gov/Archives/edgar/data/1031623/000095017025032051/gifi-20250304.htm,GIFI,GULF ISLAND FABRICATION INC,8-K,2025-03-04,272,,False,,,,,0000950170-25-032051,https://www.sec.gov/Archives/edgar/data/1031623/000095017025032051/0000950170-25-032051.txt
0002080019,https://www.sec.gov/Archives/edgar/data/2080019/000119312525269558/giwwu-20250930.htm,GIW,GigCapital8 Corp.,10-Q,2025-11-06,25,,False,,NO_PERIODS,no inferable periods,,0001193125-25-269558,https://www.sec.gov/Archives/edgar/data/2080019/000119312525269558/0001193125-25-269558.txt
0002080019,https://www.sec.gov/Archives/edgar/data/2080019/000208957125000001/primary_doc.xml,GIW,GigCapital8 Corp.,3,2025-10-15,47,,False,,,,,0002089571-25-000001,https://www.sec.gov/Archives/edgar/data/2080019/000208957125000001/0002089571-25-000001.txt
0002080019,https://www.sec.gov/Archives/edgar/data/2080019/000120111025000003/primary_doc.xml,GIW,GigCapital8 Corp.,3,2025-10-15,47,,False,,,,,0001201110-25-000003,https://www.sec.gov/Archives/edgar/data/2080019/000120111025000003/0001201110-25-000003.txt
0002080019,https://www.sec.gov/Archives/edgar/data/2080019/000113309925000007/primary_doc.xml,GIW,GigCapital8 Corp.,3,2025-10-08,54,,False,,,,,0001133099-25-000007,https://www.sec.gov/Archives/edgar/data/2080019/000113309925000007/0001133099-25-000007.txt
0002080019,https://www.sec.gov/Archives/edgar/data/2080019/000184720225000002/primary_doc.xml,GIW,GigCapital8 Corp.,3,2025-10-08,54,,False,,,,,0001847202-25-000002,https://www.sec.gov/Archives/edgar/data/2080019/000184720225000002/0001847202-25-000002.txt
0002080019,https://www.sec.gov/Archives/edgar/data/2080019/000111622925000004/primary_doc.xml,GIW,GigCapital8 Corp.,3,2025-10-08,54,,False,,,,,0001116229-25-000004,https://www.sec.gov/Archives/edgar/data/2080019/000111622925000004/0001116229-25-000004.txt
0002080019,https://www.sec.gov/Archives/edgar/data/2080019/000119312525230859/d929696d424b4.htm,GIW,GigCapital8 Corp.,424B4,2025-10-06,56,,False,,,,,0001193125-25-230859,https://www.sec.gov/Archives/edgar/data/2080019/000119312525230859/0001193125-25-230859.txt
0002080019,https://www.sec.gov/Archives/edgar/data/2080019/000119312525248776/giwwu-20251023.htm,GIW,GigCapital8 Corp.,8-K,2025-10-23,39,,False,,,,,0001193125-25-248776,https://www.sec.gov/Archives/edgar/data/2080019/000119312525248776/0001193125-25-248776.txt
0002080019,https://www.sec.gov/Archives/edgar/data/2080019/000119312525239036/d71695d8k.htm,GIW,GigCapital8 Corp.,8-K,2025-10-14,48,,False,,,,,0001193125-25-239036,https://www.sec.gov/Archives/edgar/data/2080019/000119312525239036/0001193125-25-239036.txt
0002080019,https://www.sec.gov/Archives/edgar/data/2080019/000119312525235847/d87287d8k.htm,GIW,GigCapital8 Corp.,8-K,2025-10-09,53,,False,,,,,0001193125-25-235847,https://www.sec.gov/Archives/edgar/data/2080019/000119312525235847/0001193125-25-235847.txt
0001538847,https://www.sec.gov/Archives/edgar/data/1538847/000143774925034226/gldmn20251111_6k.htm,GLDG,GoldMining Inc.,6-K,2025-11-12,19,,False,,NO_CASHFLOW,cashflow statement missing,,0001437749-25-034226,https://www.sec.gov/Archives/edgar/data/1538847/000143774925034226/0001437749-25-034226.txt
0001538847,https://www.sec.gov/Archives/edgar/data/1538847/000143774925031311/gldmn20251019_6k.htm,GLDG,GoldMining Inc.,6-K,2025-10-20,42,,False,,NO_CASHFLOW,cashflow statement missing,,0001437749-25-031311,https://www.sec.gov/Archives/edgar/data/1538847/000143774925031311/0001437749-25-031311.txt
0001538847,https://www.sec.gov/Archives/edgar/data/1538847/000143774925030866/gldmn20251007_6k.htm,GLDG,GoldMining Inc.,6-K,2025-10-10,52,,False,,NO_CASHFLOW,cashflow statement missing,,0001437749-25-030866,https://www.sec.gov/Archives/edgar/data/1538847/000143774925030866/0001437749-25-030866.txt
0001538847,https://www.sec.gov/Archives/edgar/data/1538847/000143774925029767/gldmn20250923_6k.htm,GLDG,GoldMining Inc.,6-K,2025-09-24,68,,False,,NO_CASHFLOW,cashflow statement missing,,0001437749-25-029767,https://www.sec.gov/Archives/edgar/data/1538847/000143774925029767/0001437749-25-029767.txt
0001538847,https://www.sec.gov/Archives/edgar/data/1538847/000143774925027895/gldmn20250827_6k.htm,GLDG,GoldMining Inc.,6-K,2025-08-28,95,,False,,NO_CASHFLOW,cashflow statement missing,,0001437749-25-027895,https://www.sec.gov/Archives/edgar/data/1538847/000143774925027895/0001437749-25-027895.txt
0000041091,https://www.sec.gov/Archives/edgar/data/41091/000009212225000018/so-20241231.htm,GPJA,GEORGIA POWER CO,10-K,2025-02-20,284,,False,,NO_PERIODS,no inferable periods,,0000092122-25-000018,https://www.sec.gov/Archives/edgar/data/41091/000009212225000018/0000092122-25-000018.txt
0000041091,https://www.sec.gov/Archives/edgar/data/41091/000009212225000084/so-20250930.htm,GPJA,GEORGIA POWER CO,10-Q,2025-10-30,32,,False,,NO_PERIODS,no inferable periods,,0000092122-25-000084,https://www.sec.gov/Archives/edgar/data/41091/000009212225000084/0000092122-25-000084.txt
0000041091,https://www.sec.gov/Archives/edgar/data/41091/000009212225000076/so-20250630.htm,GPJA,GEORGIA POWER CO,10-Q,2025-07-31,123,,False,,NO_PERIODS,no inferable periods,,0000092122-25-000076,https://www.sec.gov/Archives/edgar/data/41091/000009212225000076/0000092122-25-000076.txt
0000041091,https://www.sec.gov/Archives/edgar/data/41091/000004109125000042/gpc2025eseniornotesfinalpr.htm,GPJA,GEORGIA POWER CO,424B2,2025-09-25,67,,False,,,,,0000041091-25-000042,https://www.sec.gov/Archives/edgar/data/41091/000004109125000042/0000041091-25-000042.txt
0000041091,https://www.sec.gov/Archives/edgar/data/41091/000004109125000040/gpc2025dseniornotesfinalpr.htm,GPJA,GEORGIA POWER CO,424B2,2025-09-25,67,,False,,,,,0000041091-25-000040,https://www.sec.gov/Archives/edgar/data/41091/000004109125000040/0000041091-25-000040.txt
0000041091,https://www.sec.gov/Archives/edgar/data/41091/000004109125000038/gpc2025bseniornotesreopeni.htm,GPJA,GEORGIA POWER CO,424B2,2025-09-25,67,,False,,,,,0000041091-25-000038,https://www.sec.gov/Archives/edgar/data/41091/000004109125000038/0000041091-25-000038.txt
0000041091,https://www.sec.gov/Archives/edgar/data/41091/000004109125000020/gpc2025cseniornotesfinalpr.htm,GPJA,GEORGIA POWER CO,424B2,2025-02-25,279,,False,,,,,0000041091-25-000020,https://www.sec.gov/Archives/edgar/data/41091/000004109125000020/0000041091-25-000020.txt
0000041091,https://www.sec.gov/Archives/edgar/data/41091/000004109125000018/gpc2025bseniornotesfinalpr.htm,GPJA,GEORGIA POWER CO,424B2,2025-02-25,279,,False,,,,,0000041091-25-000018,https://www.sec.gov/Archives/edgar/data/41091/000004109125000018/0000041091-25-000018.txt
0000041091,https://www.sec.gov/Archives/edgar/data/41091/000004109125000030/gpc2025eseniornotesprelimi.htm,GPJA,GEORGIA POWER CO,424B5,2025-09-24,68,,False,,,,,0000041091-25-000030,https://www.sec.gov/Archives/edgar/data/41091/000004109125000030/0000041091-25-000030.txt
0000041091,https://www.sec.gov/Archives/edgar/data/41091/000004109125000028/gpc2025dseniornotesprelimi.htm,GPJA,GEORGIA POWER CO,424B5,2025-09-24,68,,False,,,,,0000041091-25-000028,https://www.sec.gov/Archives/edgar/data/41091/000004109125000028/0000041091-25-000028.txt
0000041091,https://www.sec.gov/Archives/edgar/data/41091/000004109125000026/gpc2025bseniornotesreopeni.htm,GPJA,GEORGIA POWER CO,424B5,2025-09-24,68,,False,,,,,0000041091-25-000026,https://www.sec.gov/Archives/edgar/data/41091/000004109125000026/0000041091-25-000026.txt
0000041091,https://www.sec.gov/Archives/edgar/data/41091/000004109125000008/gpc2025cseniornotesprelimi.htm,GPJA,GEORGIA POWER CO,424B5,2025-02-24,280,,False,,,,,0000041091-25-000008,https://www.sec.gov/Archives/edgar/data/41091/000004109125000008/0000041091-25-000008.txt
0000041091,https://www.sec.gov/Archives/edgar/data/41091/000004109125000006/gpc2025bseniornotesprelimi.htm,GPJA,GEORGIA POWER CO,424B5,2025-02-24,280,,False,,,,,0000041091-25-000006,https://www.sec.gov/Archives/edgar/data/41091/000004109125000006/0000041091-25-000006.txt
0000041091,https://www.sec.gov/Archives/edgar/data/41091/000009212225000086/so-20251030.htm,GPJA,GEORGIA POWER CO,8-K,2025-10-30,32,,False,,,,,0000092122-25-000086,https://www.sec.gov/Archives/edgar/data/41091/000009212225000086/0000092122-25-000086.txt
0000041091,https://www.sec.gov/Archives/edgar/data/41091/000004109125000044/so-20250924.htm,GPJA,GEORGIA POWER CO,8-K,2025-09-29,63,,False,,,,,0000041091-25-000044,https://www.sec.gov/Archives/edgar/data/41091/000004109125000044/0000041091-25-000044.txt
0000041091,https://www.sec.gov/Archives/edgar/data/41091/000009212225000078/so-20250731.htm,GPJA,GEORGIA POWER CO,8-K,2025-07-31,123,,False,,,,,0000092122-25-000078,https://www.sec.gov/Archives/edgar/data/41091/000009212225000078/0000092122-25-000078.txt
0000041091,https://www.sec.gov/Archives/edgar/data/41091/000009212225000066/so-20250701.htm,GPJA,GEORGIA POWER CO,8-K,2025-07-01,153,,False,,,,,0000092122-25-000066,https://www.sec.gov/Archives/edgar/data/41091/000009212225000066/0000092122-25-000066.txt
0000041091,https://www.sec.gov/Archives/edgar/data/41091/000009212225000048/so-20250519.htm,GPJA,GEORGIA POWER CO,8-K,2025-05-19,196,,False,,,,,0000092122-25-000048,https://www.sec.gov/Archives/edgar/data/41091/000009212225000048/0000092122-25-000048.txt
0000041091,https://www.sec.gov/Archives/edgar/data/41091/000009212225000044/so-20250501.htm,GPJA,GEORGIA POWER CO,8-K,2025-05-01,214,,False,,,,,0000092122-25-000044,https://www.sec.gov/Archives/edgar/data/41091/000009212225000044/0000092122-25-000044.txt
0000041091,https://www.sec.gov/Archives/edgar/data/41091/000004109125000022/so-20250224.htm,GPJA,GEORGIA POWER CO,8-K,2025-03-03,273,,False,,,,,0000041091-25-000022,https://www.sec.gov/Archives/edgar/data/41091/000004109125000022/0000041091-25-000022.txt
0000041091,https://www.sec.gov/Archives/edgar/data/41091/000009212225000020/so-20250220.htm,GPJA,GEORGIA POWER CO,8-K,2025-02-20,284,,False,,,,,0000092122-25-000020,https://www.sec.gov/Archives/edgar/data/41091/000009212225000020/0000092122-25-000020.txt
0000041091,https://www.sec.gov/Archives/edgar/data/41091/000004109124000034/so-20241202.htm,GPJA,GEORGIA POWER CO,8-K,2024-12-05,361,,False,,,,,0000041091-24-000034,https://www.sec.gov/Archives/edgar/data/41091/000004109124000034/0000041091-24-000034.txt
0000041091,https://www.sec.gov/Archives/edgar/data/41091/000004109124000026/so-20241108.htm,GPJA,GEORGIA POWER CO,8-K,2024-11-13,383,,False,,,,,0000041091-24-000026,https://www.sec.gov/Archives/edgar/data/41091/000004109124000026/0000041091-24-000026.txt
0001500435,https://www.sec.gov/Archives/edgar/data/1500435/000092189525002629/form314548003_09262025.xml,GPRO,"GoPro, Inc.",3,2025-09-26,66,,False,,,,,0000921895-25-002629,https://www.sec.gov/Archives/edgar/data/1500435/000092189525002629/0000921895-25-002629.txt
0001500435,https://www.sec.gov/Archives/edgar/data/1500435/000162828025053856/wk-form4_1764022677.xml,GPRO,"GoPro, Inc.",4,2025-11-24,7,,False,,,,,0001628280-25-053856,https://www.sec.gov/Archives/edgar/data/1500435/000162828025053856/0001628280-25-053856.txt
0001500435,https://www.sec.gov/Archives/edgar/data/1500435/000162828025053414/wk-form4_1763676556.xml,GPRO,"GoPro, Inc.",4,2025-11-20,11,,False,,,,,0001628280-25-053414,https://www.sec.gov/Archives/edgar/data/1500435/000162828025053414/0001628280-25-053414.txt
0001500435,https://www.sec.gov/Archives/edgar/data/1500435/000162828025053244/wk-form4_1763590551.xml,GPRO,"GoPro, Inc.",4,2025-11-19,12,,False,,,,,0001628280-25-053244,https://www.sec.gov/Archives/edgar/data/1500435/000162828025053244/0001628280-25-053244.txt
0001500435,https://www.sec.gov/Archives/edgar/data/1500435/000162828025053239/wk-form4_1763590472.xml,GPRO,"GoPro, Inc.",4,2025-11-19,12,,False,,,,,0001628280-25-053239,https://www.sec.gov/Archives/edgar/data/1500435/000162828025053239/0001628280-25-053239.txt
0001500435,https://www.sec.gov/Archives/edgar/data/1500435/000162828025053235/wk-form4_1763590286.xml,GPRO,"GoPro, Inc.",4,2025-11-19,12,,False,,,,,0001628280-25-053235,https://www.sec.gov/Archives/edgar/data/1500435/000162828025053235/0001628280-25-053235.txt
0001500435,https://www.sec.gov/Archives/edgar/data/1500435/000162828025053232/wk-form4_1763590202.xml,GPRO,"GoPro, Inc.",4,2025-11-19,12,,False,,,,,0001628280-25-053232,https://www.sec.gov/Archives/edgar/data/1500435/000162828025053232/0001628280-25-053232.txt
0001500435,https://www.sec.gov/Archives/edgar/data/1500435/000162828025052117/wk-form4_1763071215.xml,GPRO,"GoPro, Inc.",4,2025-11-13,18,,False,,,,,0001628280-25-052117,https://www.sec.gov/Archives/edgar/data/1500435/000162828025052117/0001628280-25-052117.txt
0001500435,https://www.sec.gov/Archives/edgar/data/1500435/000092189525002630/form414548003_09262025.xml,GPRO,"GoPro, Inc.",4,2025-09-26,66,,False,,,,,0000921895-25-002630,https://www.sec.gov/Archives/edgar/data/1500435/000092189525002630/0000921895-25-002630.txt
0001500435,https://www.sec.gov/Archives/edgar/data/1500435/000150043525000099/gpro2025-11x064343b.htm,GPRO,"GoPro, Inc.",424B3,2025-11-07,24,,False,,,,,0001500435-25-000099,https://www.sec.gov/Archives/edgar/data/1500435/000150043525000099/0001500435-25-000099.txt
0001500435,https://www.sec.gov/Archives/edgar/data/1500435/000150043525000083/goproinc-424b3.htm,GPRO,"GoPro, Inc.",424B3,2025-09-12,80,,False,,,,,0001500435-25-000083,https://www.sec.gov/Archives/edgar/data/1500435/000150043525000083/0001500435-25-000083.txt
0001500435,https://www.sec.gov/Archives/edgar/data/1500435/000150043525000093/gpro-20251105.htm,GPRO,"GoPro, Inc.",8-K,2025-11-06,25,,False,,,,,0001500435-25-000093,https://www.sec.gov/Archives/edgar/data/1500435/000150043525000093/0001500435-25-000093.txt
0001500435,https://www.sec.gov/Archives/edgar/data/1500435/000162828025045227/gpro-20251010.htm,GPRO,"GoPro, Inc.",8-K,2025-10-16,46,,False,,,,,0001628280-25-045227,https://www.sec.gov/Archives/edgar/data/1500435/000162828025045227/0001628280-25-045227.txt
0001500435,https://www.sec.gov/Archives/edgar/data/1500435/000150043525000056/gpro-20250811.htm,GPRO,"GoPro, Inc.",8-K,2025-08-11,112,,False,,,,,0001500435-25-000056,https://www.sec.gov/Archives/edgar/data/1500435/000150043525000056/0001500435-25-000056.txt
0001500435,https://www.sec.gov/Archives/edgar/data/1500435/000150043525000050/gpro-20250805.htm,GPRO,"GoPro, Inc.",8-K,2025-08-06,117,,False,,,,,0001500435-25-000050,https://www.sec.gov/Archives/edgar/data/1500435/000150043525000050/0001500435-25-000050.txt
0001500435,https://www.sec.gov/Archives/edgar/data/1500435/000150043525000047/gpro-20250804.htm,GPRO,"GoPro, Inc.",8-K,2025-08-04,119,,False,,,,,0001500435-25-000047,https://www.sec.gov/Archives/edgar/data/1500435/000150043525000047/0001500435-25-000047.txt
0001500435,https://www.sec.gov/Archives/edgar/data/1500435/000150043525000043/gpro-20250424.htm,GPRO,"GoPro, Inc.",8-K,2025-08-01,122,,False,,,,,0001500435-25-000043,https://www.sec.gov/Archives/edgar/data/1500435/000150043525000043/0001500435-25-000043.txt
0001500435,https://www.sec.gov/Archives/edgar/data/1500435/000162828025034761/gpro-20250710.htm,GPRO,"GoPro, Inc.",8-K,2025-07-11,143,,False,,,,,0001628280-25-034761,https://www.sec.gov/Archives/edgar/data/1500435/000162828025034761/0001628280-25-034761.txt
0001500435,https://www.sec.gov/Archives/edgar/data/1500435/000162828025029507/gpro-20250603.htm,GPRO,"GoPro, Inc.",8-K,2025-06-05,179,,False,,,,,0001628280-25-029507,https://www.sec.gov/Archives/edgar/data/1500435/000162828025029507/0001628280-25-029507.txt
0001500435,https://www.sec.gov/Archives/edgar/data/1500435/000150043525000033/gpro-20250512.htm,GPRO,"GoPro, Inc.",8-K,2025-05-12,203,,False,,,,,0001500435-25-000033,https://www.sec.gov/Archives/edgar/data/1500435/000150043525000033/0001500435-25-000033.txt
0001500435,https://www.sec.gov/Archives/edgar/data/1500435/000162828025017011/gpro-20250404.htm,GPRO,"GoPro, Inc.",8-K,2025-04-08,237,,False,,,,,0001628280-25-017011,https://www.sec.gov/Archives/edgar/data/1500435/000162828025017011/0001628280-25-017011.txt
0001500435,https://www.sec.gov/Archives/edgar/data/1500435/000150043525000106/gpro-20251110.htm,GPRO,"GoPro, Inc.",8-K/A,2025-11-13,18,,False,,,,,0001500435-25-000106,https://www.sec.gov/Archives/edgar/data/1500435/000150043525000106/0001500435-25-000106.txt
0001604868,https://www.sec.gov/Archives/edgar/data/1604868/000172523925000003/wk-form4_1763136953.xml,GRWG,GrowGeneration Corp.,4,2025-11-14,17,,False,,,,,0001725239-25-000003,https://www.sec.gov/Archives/edgar/data/1604868/000172523925000003/0001725239-25-000003.txt
0001604868,https://www.sec.gov/Archives/edgar/data/1604868/000179496825000005/wk-form4_1758657652.xml,GRWG,GrowGeneration Corp.,4,2025-09-23,69,,False,,,,,0001794968-25-000005,https://www.sec.gov/Archives/edgar/data/1604868/000179496825000005/0001794968-25-000005.txt
0001604868,https://www.sec.gov/Archives/edgar/data/1604868/000202263625000003/wk-form4_1758312131.xml,GRWG,GrowGeneration Corp.,4,2025-09-19,73,,False,,,,,0002022636-25-000003,https://www.sec.gov/Archives/edgar/data/1604868/000202263625000003/0002022636-25-000003.txt
0001604868,https://www.sec.gov/Archives/edgar/data/1604868/000179496825000003/wk-form4_1758312116.xml,GRWG,GrowGeneration Corp.,4,2025-09-19,73,,False,,,,,0001794968-25-000003,https://www.sec.gov/Archives/edgar/data/1604868/000179496825000003/0001794968-25-000003.txt
0001604868,https://www.sec.gov/Archives/edgar/data/1604868/000120353525000003/wk-form4_1758312078.xml,GRWG,GrowGeneration Corp.,4,2025-09-19,73,,False,,,,,0001203535-25-000003,https://www.sec.gov/Archives/edgar/data/1604868/000120353525000003/0001203535-25-000003.txt
0001604868,https://www.sec.gov/Archives/edgar/data/1604868/000194276225000003/wk-form4_1750188313.xml,GRWG,GrowGeneration Corp.,4,2025-06-17,167,,False,,,,,0001942762-25-000003,https://www.sec.gov/Archives/edgar/data/1604868/000194276225000003/0001942762-25-000003.txt
0001604868,https://www.sec.gov/Archives/edgar/data/1604868/000162828025031793/wk-form4_1750188284.xml,GRWG,GrowGeneration Corp.,4,2025-06-17,167,,False,,,,,0001628280-25-031793,https://www.sec.gov/Archives/edgar/data/1604868/000162828025031793/0001628280-25-031793.txt
0001604868,https://www.sec.gov/Archives/edgar/data/1604868/000162828025031792/wk-form4_1750188262.xml,GRWG,GrowGeneration Corp.,4,2025-06-17,167,,False,,,,,0001628280-25-031792,https://www.sec.gov/Archives/edgar/data/1604868/000162828025031792/0001628280-25-031792.txt
0001604868,https://www.sec.gov/Archives/edgar/data/1604868/000162828025014109/wk-form4_1742500474.xml,GRWG,GrowGeneration Corp.,4,2025-03-20,256,,False,,,,,0001628280-25-014109,https://www.sec.gov/Archives/edgar/data/1604868/000162828025014109/0001628280-25-014109.txt
0001604868,https://www.sec.gov/Archives/edgar/data/1604868/000162828025014107/wk-form4_1742500435.xml,GRWG,GrowGeneration Corp.,4,2025-03-20,256,,False,,,,,0001628280-25-014107,https://www.sec.gov/Archives/edgar/data/1604868/000162828025014107/0001628280-25-014107.txt
0001604868,https://www.sec.gov/Archives/edgar/data/1604868/000160486825000031/grwg-20251106.htm,GRWG,GrowGeneration Corp.,8-K,2025-11-06,25,,False,,,,,0001604868-25-000031,https://www.sec.gov/Archives/edgar/data/1604868/000160486825000031/0001604868-25-000031.txt
0001604868,https://www.sec.gov/Archives/edgar/data/1604868/000160486825000026/grwg-20250811.htm,GRWG,GrowGeneration Corp.,8-K,2025-08-11,112,,False,,,,,0001604868-25-000026,https://www.sec.gov/Archives/edgar/data/1604868/000160486825000026/0001604868-25-000026.txt
0001604868,https://www.sec.gov/Archives/edgar/data/1604868/000160486825000023/grwg-20250710.htm,GRWG,GrowGeneration Corp.,8-K,2025-07-14,140,,False,,,,,0001604868-25-000023,https://www.sec.gov/Archives/edgar/data/1604868/000160486825000023/0001604868-25-000023.txt
0001604868,https://www.sec.gov/Archives/edgar/data/1604868/000160486825000021/grwg-20250619.htm,GRWG,GrowGeneration Corp.,8-K,2025-06-20,164,,False,,,,,0001604868-25-000021,https://www.sec.gov/Archives/edgar/data/1604868/000160486825000021/0001604868-25-000021.txt
0001604868,https://www.sec.gov/Archives/edgar/data/1604868/000160486825000018/grwg-20250609.htm,GRWG,GrowGeneration Corp.,8-K,2025-06-09,175,,False,,,,,0001604868-25-000018,https://www.sec.gov/Archives/edgar/data/1604868/000160486825000018/0001604868-25-000018.txt
0001604868,https://www.sec.gov/Archives/edgar/data/1604868/000160486825000014/grwg-20250508.htm,GRWG,GrowGeneration Corp.,8-K,2025-05-08,207,,False,,,,,0001604868-25-000014,https://www.sec.gov/Archives/edgar/data/1604868/000160486825000014/0001604868-25-000014.txt
0001604868,https://www.sec.gov/Archives/edgar/data/1604868/000162828025012595/grwg-20250313.htm,GRWG,GrowGeneration Corp.,8-K,2025-03-13,263,,False,,,,,0001628280-25-012595,https://www.sec.gov/Archives/edgar/data/1604868/000162828025012595/0001628280-25-012595.txt
0001604868,https://www.sec.gov/Archives/edgar/data/1604868/000162828025004192/grwg-20250206.htm,GRWG,GrowGeneration Corp.,8-K,2025-02-06,298,,False,,,,,0001628280-25-004192,https://www.sec.gov/Archives/edgar/data/1604868/000162828025004192/0001628280-25-004192.txt
0001604868,https://www.sec.gov/Archives/edgar/data/1604868/000162828024047121/grwg-20241112.htm,GRWG,GrowGeneration Corp.,8-K,2024-11-12,384,,False,,,,,0001628280-24-047121,https://www.sec.gov/Archives/edgar/data/1604868/000162828024047121/0001628280-24-047121.txt
0001604868,https://www.sec.gov/Archives/edgar/data/1604868/000162828025014264/growgeneration_2025s-8amen.htm,GRWG,GrowGeneration Corp.,S-8,2025-03-21,255,,False,,,,,0001628280-25-014264,https://www.sec.gov/Archives/edgar/data/1604868/000162828025014264/0001628280-25-014264.txt
0002072404,https://www.sec.gov/Archives/edgar/data/2072404/000121390025083529/ownership.xml,GSRF,GSR IV Acquisition Corp.,3,2025-09-02,90,,False,,,,,0001213900-25-083529,https://www.sec.gov/Archives/edgar/data/2072404/000121390025083529/0001213900-25-083529.txt
0002072404,https://www.sec.gov/Archives/edgar/data/2072404/000121390025083528/ownership.xml,GSRF,GSR IV Acquisition Corp.,3,2025-09-02,90,,False,,,,,0001213900-25-083528,https://www.sec.gov/Archives/edgar/data/2072404/000121390025083528/0001213900-25-083528.txt
0002072404,https://www.sec.gov/Archives/edgar/data/2072404/000121390025083527/ownership.xml,GSRF,GSR IV Acquisition Corp.,3,2025-09-02,90,,False,,,,,0001213900-25-083527,https://www.sec.gov/Archives/edgar/data/2072404/000121390025083527/0001213900-25-083527.txt
0002072404,https://www.sec.gov/Archives/edgar/data/2072404/000121390025083526/ownership.xml,GSRF,GSR IV Acquisition Corp.,3,2025-09-02,90,,False,,,,,0001213900-25-083526,https://www.sec.gov/Archives/edgar/data/2072404/000121390025083526/0001213900-25-083526.txt
0002072404,https://www.sec.gov/Archives/edgar/data/2072404/000121390025083525/ownership.xml,GSRF,GSR IV Acquisition Corp.,3,2025-09-02,90,,False,,,,,0001213900-25-083525,https://www.sec.gov/Archives/edgar/data/2072404/000121390025083525/0001213900-25-083525.txt
0002072404,https://www.sec.gov/Archives/edgar/data/2072404/000121390025085064/ownership.xml,GSRF,GSR IV Acquisition Corp.,4,2025-09-05,87,,False,,,,,0001213900-25-085064,https://www.sec.gov/Archives/edgar/data/2072404/000121390025085064/0001213900-25-085064.txt
0002072404,https://www.sec.gov/Archives/edgar/data/2072404/000121390025084652/ea0244661-07.htm,GSRF,GSR IV Acquisition Corp.,424B4,2025-09-05,87,,False,,,,,0001213900-25-084652,https://www.sec.gov/Archives/edgar/data/2072404/000121390025084652/0001213900-25-084652.txt
0002072404,https://www.sec.gov/Archives/edgar/data/2072404/000121390025101769/ea0262318-8k_gsr4.htm,GSRF,GSR IV Acquisition Corp.,8-K,2025-10-24,38,,False,,,,,0001213900-25-101769,https://www.sec.gov/Archives/edgar/data/2072404/000121390025101769/0001213900-25-101769.txt
0002072404,https://www.sec.gov/Archives/edgar/data/2072404/000121390025086822/ea0256904-8k_gsracq4.htm,GSRF,GSR IV Acquisition Corp.,8-K,2025-09-11,81,,False,,,,,0001213900-25-086822,https://www.sec.gov/Archives/edgar/data/2072404/000121390025086822/0001213900-25-086822.txt
0002072404,https://www.sec.gov/Archives/edgar/data/2072404/000121390025085027/ea0256171-8k_gsracq4.htm,GSRF,GSR IV Acquisition Corp.,8-K,2025-09-05,87,,False,,,,,0001213900-25-085027,https://www.sec.gov/Archives/edgar/data/2072404/000121390025085027/0001213900-25-085027.txt
0000910406,https://www.sec.gov/Archives/edgar/data/910406/000119312525203534/hain-20250630.htm,HAIN,HAIN CELESTIAL GROUP INC,10-K,2025-09-15,77,,False,,NO_PERIODS,no inferable periods,,0001193125-25-203534,https://www.sec.gov/Archives/edgar/data/910406/000119312525203534/0001193125-25-203534.txt
0000910406,https://www.sec.gov/Archives/edgar/data/910406/000119312525262554/ownership.xml,HAIN,HAIN CELESTIAL GROUP INC,4,2025-11-03,28,,False,,,,,0001193125-25-262554,https://www.sec.gov/Archives/edgar/data/910406/000119312525262554/0001193125-25-262554.txt
0000910406,https://www.sec.gov/Archives/edgar/data/910406/000119312525262542/ownership.xml,HAIN,HAIN CELESTIAL GROUP INC,4,2025-11-03,28,,False,,,,,0001193125-25-262542,https://www.sec.gov/Archives/edgar/data/910406/000119312525262542/0001193125-25-262542.txt
0000910406,https://www.sec.gov/Archives/edgar/data/910406/000119312525262523/ownership.xml,HAIN,HAIN CELESTIAL GROUP INC,4,2025-11-03,28,,False,,,,,0001193125-25-262523,https://www.sec.gov/Archives/edgar/data/910406/000119312525262523/0001193125-25-262523.txt
0000910406,https://www.sec.gov/Archives/edgar/data/910406/000119312525262517/ownership.xml,HAIN,HAIN CELESTIAL GROUP INC,4,2025-11-03,28,,False,,,,,0001193125-25-262517,https://www.sec.gov/Archives/edgar/data/910406/000119312525262517/0001193125-25-262517.txt
0000910406,https://www.sec.gov/Archives/edgar/data/910406/000119312525262510/ownership.xml,HAIN,HAIN CELESTIAL GROUP INC,4,2025-11-03,28,,False,,,,,0001193125-25-262510,https://www.sec.gov/Archives/edgar/data/910406/000119312525262510/0001193125-25-262510.txt
0000910406,https://www.sec.gov/Archives/edgar/data/910406/000119312525262548/ownership.xml,HAIN,HAIN CELESTIAL GROUP INC,4,2025-11-03,28,,False,,,,,0001193125-25-262548,https://www.sec.gov/Archives/edgar/data/910406/000119312525262548/0001193125-25-262548.txt
0000910406,https://www.sec.gov/Archives/edgar/data/910406/000119312525258498/ownership.xml,HAIN,HAIN CELESTIAL GROUP INC,4,2025-10-30,32,,False,,,,,0001193125-25-258498,https://www.sec.gov/Archives/edgar/data/910406/000119312525258498/0001193125-25-258498.txt
0000910406,https://www.sec.gov/Archives/edgar/data/910406/000119312525258494/ownership.xml,HAIN,HAIN CELESTIAL GROUP INC,4,2025-10-30,32,,False,,,,,0001193125-25-258494,https://www.sec.gov/Archives/edgar/data/910406/000119312525258494/0001193125-25-258494.txt
0000910406,https://www.sec.gov/Archives/edgar/data/910406/000119312525258489/ownership.xml,HAIN,HAIN CELESTIAL GROUP INC,4,2025-10-30,32,,False,,,,,0001193125-25-258489,https://www.sec.gov/Archives/edgar/data/910406/000119312525258489/0001193125-25-258489.txt
0000910406,https://www.sec.gov/Archives/edgar/data/910406/000119312525258486/ownership.xml,HAIN,HAIN CELESTIAL GROUP INC,4,2025-10-30,32,,False,,,,,0001193125-25-258486,https://www.sec.gov/Archives/edgar/data/910406/000119312525258486/0001193125-25-258486.txt
0000910406,https://www.sec.gov/Archives/edgar/data/910406/000119312525271009/hain-20251107.htm,HAIN,HAIN CELESTIAL GROUP INC,8-K,2025-11-07,24,,False,,,,,0001193125-25-271009,https://www.sec.gov/Archives/edgar/data/910406/000119312525271009/0001193125-25-271009.txt
0000910406,https://www.sec.gov/Archives/edgar/data/910406/000119312525265805/hain-20251030.htm,HAIN,HAIN CELESTIAL GROUP INC,8-K,2025-11-05,26,,False,,,,,0001193125-25-265805,https://www.sec.gov/Archives/edgar/data/910406/000119312525265805/0001193125-25-265805.txt
0000910406,https://www.sec.gov/Archives/edgar/data/910406/000119312525202787/hain-20250915.htm,HAIN,HAIN CELESTIAL GROUP INC,8-K,2025-09-15,77,,False,,,,,0001193125-25-202787,https://www.sec.gov/Archives/edgar/data/910406/000119312525202787/0001193125-25-202787.txt
0000910406,https://www.sec.gov/Archives/edgar/data/910406/000095017025064989/hain-20250503.htm,HAIN,HAIN CELESTIAL GROUP INC,8-K,2025-05-07,208,,False,,,,,0000950170-25-064989,https://www.sec.gov/Archives/edgar/data/910406/000095017025064989/0000950170-25-064989.txt
0000910406,https://www.sec.gov/Archives/edgar/data/910406/000095017025016681/hain-20250210.htm,HAIN,HAIN CELESTIAL GROUP INC,8-K,2025-02-10,294,,False,,,,,0000950170-25-016681,https://www.sec.gov/Archives/edgar/data/910406/000095017025016681/0000950170-25-016681.txt
0000910406,https://www.sec.gov/Archives/edgar/data/910406/000095017024122788/hain-20241107.htm,HAIN,HAIN CELESTIAL GROUP INC,8-K,2024-11-07,389,,False,,,,,0000950170-24-122788,https://www.sec.gov/Archives/edgar/data/910406/000095017024122788/0000950170-24-122788.txt
0000910406,https://www.sec.gov/Archives/edgar/data/910406/000095017024121438/hain-20241031.htm,HAIN,HAIN CELESTIAL GROUP INC,8-K,2024-11-05,391,,False,,,,,0000950170-24-121438,https://www.sec.gov/Archives/edgar/data/910406/000095017024121438/0000950170-24-121438.txt
0000910406,https://www.sec.gov/Archives/edgar/data/910406/000119312525272350/hain-20251107.htm,HAIN,HAIN CELESTIAL GROUP INC,S-8,2025-11-07,24,,False,,,,,0001193125-25-272350,https://www.sec.gov/Archives/edgar/data/910406/000119312525272350/0001193125-25-272350.txt
0000910406,https://www.sec.gov/Archives/edgar/data/910406/000095017024123311/hain-20241107.htm,HAIN,HAIN CELESTIAL GROUP INC,S-8,2024-11-07,389,,False,,,,,0000950170-24-123311,https://www.sec.gov/Archives/edgar/data/910406/000095017024123311/0000950170-24-123311.txt
0001636422,https://www.sec.gov/Archives/edgar/data/1636422/000163642225000028/hcat-20241231.htm,HCAT,"Health Catalyst, Inc.",10-K,2025-02-26,278,,False,,NO_PERIODS,no inferable periods,,0001636422-25-000028,https://www.sec.gov/Archives/edgar/data/1636422/000163642225000028/0001636422-25-000028.txt
0001636422,https://www.sec.gov/Archives/edgar/data/1636422/000163642225000051/hcat-20241231.htm,HCAT,"Health Catalyst, Inc.",10-K/A,2025-04-30,215,,False,,NO_CASHFLOW,cashflow statement missing,,0001636422-25-000051,https://www.sec.gov/Archives/edgar/data/1636422/000163642225000051/0001636422-25-000051.txt
0001636422,https://www.sec.gov/Archives/edgar/data/1636422/000208640325000004/primarydocument.xml,HCAT,"Health Catalyst, Inc.",3,2025-09-26,66,,False,,,,,0002086403-25-000004,https://www.sec.gov/Archives/edgar/data/1636422/000208640325000004/0002086403-25-000004.txt
0001636422,https://www.sec.gov/Archives/edgar/data/1636422/000208640325000005/primarydocument.xml,HCAT,"Health Catalyst, Inc.",4,2025-09-26,66,,False,,,,,0002086403-25-000005,https://www.sec.gov/Archives/edgar/data/1636422/000208640325000005/0002086403-25-000005.txt
0001636422,https://www.sec.gov/Archives/edgar/data/1636422/000156218025006142/primarydocument.xml,HCAT,"Health Catalyst, Inc.",4,2025-09-09,83,,False,,,,,0001562180-25-006142,https://www.sec.gov/Archives/edgar/data/1636422/000156218025006142/0001562180-25-006142.txt
0001636422,https://www.sec.gov/Archives/edgar/data/1636422/000156218025006121/primarydocument.xml,HCAT,"Health Catalyst, Inc.",4,2025-09-05,87,,False,,,,,0001562180-25-006121,https://www.sec.gov/Archives/edgar/data/1636422/000156218025006121/0001562180-25-006121.txt
0001636422,https://www.sec.gov/Archives/edgar/data/1636422/000156218025006120/primarydocument.xml,HCAT,"Health Catalyst, Inc.",4,2025-09-05,87,,False,,,,,0001562180-25-006120,https://www.sec.gov/Archives/edgar/data/1636422/000156218025006120/0001562180-25-006120.txt
0001636422,https://www.sec.gov/Archives/edgar/data/1636422/000156218025006104/primarydocument.xml,HCAT,"Health Catalyst, Inc.",4,2025-09-04,88,,False,,,,,0001562180-25-006104,https://www.sec.gov/Archives/edgar/data/1636422/000156218025006104/0001562180-25-006104.txt
0001636422,https://www.sec.gov/Archives/edgar/data/1636422/000156218025006103/primarydocument.xml,HCAT,"Health Catalyst, Inc.",4,2025-09-04,88,,False,,,,,0001562180-25-006103,https://www.sec.gov/Archives/edgar/data/1636422/000156218025006103/0001562180-25-006103.txt
0001636422,https://www.sec.gov/Archives/edgar/data/1636422/000156218025006102/primarydocument.xml,HCAT,"Health Catalyst, Inc.",4,2025-09-04,88,,False,,,,,0001562180-25-006102,https://www.sec.gov/Archives/edgar/data/1636422/000156218025006102/0001562180-25-006102.txt
0001636422,https://www.sec.gov/Archives/edgar/data/1636422/000156218025006101/primarydocument.xml,HCAT,"Health Catalyst, Inc.",4,2025-09-04,88,,False,,,,,0001562180-25-006101,https://www.sec.gov/Archives/edgar/data/1636422/000156218025006101/0001562180-25-006101.txt
0001636422,https://www.sec.gov/Archives/edgar/data/1636422/000156218025006100/primarydocument.xml,HCAT,"Health Catalyst, Inc.",4,2025-09-04,88,,False,,,,,0001562180-25-006100,https://www.sec.gov/Archives/edgar/data/1636422/000156218025006100/0001562180-25-006100.txt
0001636422,https://www.sec.gov/Archives/edgar/data/1636422/000163642225000143/hcat-20251110.htm,HCAT,"Health Catalyst, Inc.",8-K,2025-11-10,21,,False,,,,,0001636422-25-000143,https://www.sec.gov/Archives/edgar/data/1636422/000163642225000143/0001636422-25-000143.txt
0001636422,https://www.sec.gov/Archives/edgar/data/1636422/000163642225000133/hcat-20250910.htm,HCAT,"Health Catalyst, Inc.",8-K,2025-09-10,82,,False,,,,,0001636422-25-000133,https://www.sec.gov/Archives/edgar/data/1636422/000163642225000133/0001636422-25-000133.txt
0001636422,https://www.sec.gov/Archives/edgar/data/1636422/000163642225000108/hcat-20250805.htm,HCAT,"Health Catalyst, Inc.",8-K,2025-08-07,116,,False,,,,,0001636422-25-000108,https://www.sec.gov/Archives/edgar/data/1636422/000163642225000108/0001636422-25-000108.txt
0001636422,https://www.sec.gov/Archives/edgar/data/1636422/000163642225000096/hcat-20250709.htm,HCAT,"Health Catalyst, Inc.",8-K,2025-07-10,144,,False,,,,,0001636422-25-000096,https://www.sec.gov/Archives/edgar/data/1636422/000163642225000096/0001636422-25-000096.txt
0001636422,https://www.sec.gov/Archives/edgar/data/1636422/000163642225000063/hcat-20250507.htm,HCAT,"Health Catalyst, Inc.",8-K,2025-05-07,208,,False,,,,,0001636422-25-000063,https://www.sec.gov/Archives/edgar/data/1636422/000163642225000063/0001636422-25-000063.txt
0001636422,https://www.sec.gov/Archives/edgar/data/1636422/000163642225000023/hcat-20250226.htm,HCAT,"Health Catalyst, Inc.",8-K,2025-02-26,278,,False,,,,,0001636422-25-000023,https://www.sec.gov/Archives/edgar/data/1636422/000163642225000023/0001636422-25-000023.txt
0001636422,https://www.sec.gov/Archives/edgar/data/1636422/000163642225000010/ajpmorganconferencejan2025.htm,HCAT,"Health Catalyst, Inc.",8-K,2025-01-13,322,,False,,,,,0001636422-25-000010,https://www.sec.gov/Archives/edgar/data/1636422/000163642225000010/0001636422-25-000010.txt
0001636422,https://www.sec.gov/Archives/edgar/data/1636422/000163642224000148/hcat-20241102.htm,HCAT,"Health Catalyst, Inc.",8-K,2024-11-06,390,,False,,,,,0001636422-24-000148,https://www.sec.gov/Archives/edgar/data/1636422/000163642224000148/0001636422-24-000148.txt
0001636422,https://www.sec.gov/Archives/edgar/data/1636422/000163642225000030/a2025s-8.htm,HCAT,"Health Catalyst, Inc.",S-8,2025-02-26,278,,False,,,,,0001636422-25-000030,https://www.sec.gov/Archives/edgar/data/1636422/000163642225000030/0001636422-25-000030.txt
0001855557,https://www.sec.gov/Archives/edgar/data/1855557/000121390025010694/ea0229416-424b3_hongli.htm,HLP,Hongli Group Inc.,424B3,2025-02-06,298,,False,,,,,0001213900-25-010694,https://www.sec.gov/Archives/edgar/data/1855557/000121390025010694/0001213900-25-010694.txt
0001855557,https://www.sec.gov/Archives/edgar/data/1855557/000121390025096814/ea0260411-6k_hongli.htm,HLP,Hongli Group Inc.,6-K,2025-10-07,55,,False,,NO_CASHFLOW,cashflow statement missing,,0001213900-25-096814,https://www.sec.gov/Archives/edgar/data/1855557/000121390025096814/0001213900-25-096814.txt
0001855557,https://www.sec.gov/Archives/edgar/data/1855557/000121390025068739/ea0250613-6k_hongli.htm,HLP,Hongli Group Inc.,6-K,2025-07-29,125,,False,,NO_CASHFLOW,cashflow statement missing,,0001213900-25-068739,https://www.sec.gov/Archives/edgar/data/1855557/000121390025068739/0001213900-25-068739.txt
0001855557,https://www.sec.gov/Archives/edgar/data/1855557/000121390025066994/ea0249917-6k_hongli.htm,HLP,Hongli Group Inc.,6-K,2025-07-23,131,,False,,NO_CASHFLOW,cashflow statement missing,,0001213900-25-066994,https://www.sec.gov/Archives/edgar/data/1855557/000121390025066994/0001213900-25-066994.txt
0001855557,https://www.sec.gov/Archives/edgar/data/1855557/000121390025063965/ea0248886-6k_hongli.htm,HLP,Hongli Group Inc.,6-K,2025-07-15,139,,False,,NO_CASHFLOW,cashflow statement missing,,0001213900-25-063965,https://www.sec.gov/Archives/edgar/data/1855557/000121390025063965/0001213900-25-063965.txt
0002029471,https://www.sec.gov/Archives/edgar/data/2029471/000095017025072593/hmr-20241231.htm,HMR,Heidmar Maritime Holdings Corp.,20-F,2025-05-15,200,,False,,NO_PERIODS,no inferable periods,,0000950170-25-072593,https://www.sec.gov/Archives/edgar/data/2029471/000095017025072593/0000950170-25-072593.txt
0002029471,https://www.sec.gov/Archives/edgar/data/2029471/000119312525269832/hmr_424_b3_9m_2025.htm,HMR,Heidmar Maritime Holdings Corp.,424B3,2025-11-06,25,,False,,,,,0001193125-25-269832,https://www.sec.gov/Archives/edgar/data/2029471/000119312525269832/0001193125-25-269832.txt
0002029471,https://www.sec.gov/Archives/edgar/data/2029471/000119312525223302/hmr_424_b3_6m_2025.htm,HMR,Heidmar Maritime Holdings Corp.,424B3,2025-09-29,63,,False,,,,,0001193125-25-223302,https://www.sec.gov/Archives/edgar/data/2029471/000119312525223302/0001193125-25-223302.txt
0002029471,https://www.sec.gov/Archives/edgar/data/2029471/000091957425004444/d11960839_424b3.htm,HMR,Heidmar Maritime Holdings Corp.,424B3,2025-08-12,111,,False,,,,,0000919574-25-004444,https://www.sec.gov/Archives/edgar/data/2029471/000091957425004444/0000919574-25-004444.txt
0002029471,https://www.sec.gov/Archives/edgar/data/2029471/000091957425004078/d11850280_424b-3.htm,HMR,Heidmar Maritime Holdings Corp.,424B3,2025-07-11,143,,False,,,,,0000919574-25-004078,https://www.sec.gov/Archives/edgar/data/2029471/000091957425004078/0000919574-25-004078.txt
0002029471,https://www.sec.gov/Archives/edgar/data/2029471/000095017025090203/heid_424b3.htm,HMR,Heidmar Maritime Holdings Corp.,424B3,2025-06-26,158,,False,,,,,0000950170-25-090203,https://www.sec.gov/Archives/edgar/data/2029471/000095017025090203/0000950170-25-090203.txt
0002029471,https://www.sec.gov/Archives/edgar/data/2029471/000091957425006595/d12039261_6-k.htm,HMR,Heidmar Maritime Holdings Corp.,6-K,2025-11-12,19,,False,,NO_CASHFLOW,cashflow statement missing,,0000919574-25-006595,https://www.sec.gov/Archives/edgar/data/2029471/000091957425006595/0000919574-25-006595.txt
0002029471,https://www.sec.gov/Archives/edgar/data/2029471/000091957425004445/d11960867_6k.htm,HMR,Heidmar Maritime Holdings Corp.,6-K,2025-08-12,111,,False,,NO_CASHFLOW,cashflow statement missing,,0000919574-25-004445,https://www.sec.gov/Archives/edgar/data/2029471/000091957425004445/0000919574-25-004445.txt
0002029471,https://www.sec.gov/Archives/edgar/data/2029471/000091957425003975/d11846913.htm,HMR,Heidmar Maritime Holdings Corp.,6-K,2025-07-07,147,,False,,NO_CASHFLOW,cashflow statement missing,,0000919574-25-003975,https://www.sec.gov/Archives/edgar/data/2029471/000091957425003975/0000919574-25-003975.txt
0002029471,https://www.sec.gov/Archives/edgar/data/2029471/000091957425003563/d11825537_6-k.htm,HMR,Heidmar Maritime Holdings Corp.,6-K,2025-06-11,173,,False,,NO_CASHFLOW,cashflow statement missing,,0000919574-25-003563,https://www.sec.gov/Archives/edgar/data/2029471/000091957425003563/0000919574-25-003563.txt
0002029471,https://www.sec.gov/Archives/edgar/data/2029471/000119312525140032/d10523ds8.htm,HMR,Heidmar Maritime Holdings Corp.,S-8,2025-06-12,172,,False,,,,,0001193125-25-140032,https://www.sec.gov/Archives/edgar/data/2029471/000119312525140032/0001193125-25-140032.txt
0001841209,https://www.sec.gov/Archives/edgar/data/1841209/000182912625004270/microcloud_424b5.htm,HOLO,MicroCloud Hologram Inc.,424B5,2025-06-05,179,,False,,,,,0001829126-25-004270,https://www.sec.gov/Archives/edgar/data/1841209/000182912625004270/0001829126-25-004270.txt
0001841209,https://www.sec.gov/Archives/edgar/data/1841209/000182912625002849/microcloud_424b5.htm,HOLO,MicroCloud Hologram Inc.,424B5,2025-04-23,222,,False,,,,,0001829126-25-002849,https://www.sec.gov/Archives/edgar/data/1841209/000182912625002849/0001829126-25-002849.txt
0001841209,https://www.sec.gov/Archives/edgar/data/1841209/000182912625001041/microcloud_424b5.htm,HOLO,MicroCloud Hologram Inc.,424B5,2025-02-18,286,,False,,,,,0001829126-25-001041,https://www.sec.gov/Archives/edgar/data/1841209/000182912625001041/0001829126-25-001041.txt
0001841209,https://www.sec.gov/Archives/edgar/data/1841209/000182912625000246/microcloud_424b5.htm,HOLO,MicroCloud Hologram Inc.,424B5,2025-01-21,314,,False,,,,,0001829126-25-000246,https://www.sec.gov/Archives/edgar/data/1841209/000182912625000246/0001829126-25-000246.txt
0001841209,https://www.sec.gov/Archives/edgar/data/1841209/000182912625000067/microcloud_424b5.htm,HOLO,MicroCloud Hologram Inc.,424B5,2025-01-06,329,,False,,,,,0001829126-25-000067,https://www.sec.gov/Archives/edgar/data/1841209/000182912625000067/0001829126-25-000067.txt
0001841209,https://www.sec.gov/Archives/edgar/data/1841209/000182912625007032/microcloud_6k.htm,HOLO,MicroCloud Hologram Inc.,6-K,2025-09-03,89,,False,,NO_PERIODS,no inferable periods,,0001829126-25-007032,https://www.sec.gov/Archives/edgar/data/1841209/000182912625007032/0001829126-25-007032.txt
0001841209,https://www.sec.gov/Archives/edgar/data/1841209/000182912625004269/microcloud_6k.htm,HOLO,MicroCloud Hologram Inc.,6-K,2025-06-05,179,,False,,NO_CASHFLOW,cashflow statement missing,,0001829126-25-004269,https://www.sec.gov/Archives/edgar/data/1841209/000182912625004269/0001829126-25-004269.txt
0001930021,https://www.sec.gov/Archives/edgar/data/1930021/000200812625000003/primary_doc.xml,HOVR,New Horizon Aircraft Ltd.,4,2025-10-16,46,,False,,,,,0002008126-25-000003,https://www.sec.gov/Archives/edgar/data/1930021/000200812625000003/0002008126-25-000003.txt
0001930021,https://www.sec.gov/Archives/edgar/data/1930021/000187919425000004/primary_doc.xml,HOVR,New Horizon Aircraft Ltd.,4,2025-10-16,46,,False,,,,,0001879194-25-000004,https://www.sec.gov/Archives/edgar/data/1930021/000187919425000004/0001879194-25-000004.txt
0001930021,https://www.sec.gov/Archives/edgar/data/1930021/000200792825000003/primary_doc.xml,HOVR,New Horizon Aircraft Ltd.,4,2025-10-16,46,,False,,,,,0002007928-25-000003,https://www.sec.gov/Archives/edgar/data/1930021/000200792825000003/0002007928-25-000003.txt
0001930021,https://www.sec.gov/Archives/edgar/data/1930021/000200812625000002/primary_doc.xml,HOVR,New Horizon Aircraft Ltd.,4,2025-10-14,48,,False,,,,,0002008126-25-000002,https://www.sec.gov/Archives/edgar/data/1930021/000200812625000002/0002008126-25-000002.txt
0001930021,https://www.sec.gov/Archives/edgar/data/1930021/000200840025000002/primary_doc.xml,HOVR,New Horizon Aircraft Ltd.,4,2025-10-14,48,,False,,,,,0002008400-25-000002,https://www.sec.gov/Archives/edgar/data/1930021/000200840025000002/0002008400-25-000002.txt
0001930021,https://www.sec.gov/Archives/edgar/data/1930021/000200792825000002/primary_doc.xml,HOVR,New Horizon Aircraft Ltd.,4,2025-10-14,48,,False,,,,,0002007928-25-000002,https://www.sec.gov/Archives/edgar/data/1930021/000200792825000002/0002007928-25-000002.txt
0001930021,https://www.sec.gov/Archives/edgar/data/1930021/000187919425000003/primary_doc.xml,HOVR,New Horizon Aircraft Ltd.,4,2025-10-14,48,,False,,,,,0001879194-25-000003,https://www.sec.gov/Archives/edgar/data/1930021/000187919425000003/0001879194-25-000003.txt
0001930021,https://www.sec.gov/Archives/edgar/data/1930021/000187919425000002/primary_doc.xml,HOVR,New Horizon Aircraft Ltd.,4,2025-10-03,59,,False,,,,,0001879194-25-000002,https://www.sec.gov/Archives/edgar/data/1930021/000187919425000002/0001879194-25-000002.txt
0001930021,https://www.sec.gov/Archives/edgar/data/1930021/000147450625000165/primary_doc.xml,HOVR,New Horizon Aircraft Ltd.,4,2025-08-29,94,,False,,,,,0001474506-25-000165,https://www.sec.gov/Archives/edgar/data/1930021/000147450625000165/0001474506-25-000165.txt
0001930021,https://www.sec.gov/Archives/edgar/data/1930021/000121390025029074/ea0237124-424b3_newhorizon.htm,HOVR,New Horizon Aircraft Ltd.,424B3,2025-04-04,241,,False,,,,,0001213900-25-029074,https://www.sec.gov/Archives/edgar/data/1930021/000121390025029074/0001213900-25-029074.txt
0001930021,https://www.sec.gov/Archives/edgar/data/1930021/000121390025024731/ea023459601-424b3_newhorizon.htm,HOVR,New Horizon Aircraft Ltd.,424B3,2025-03-18,258,,False,,,,,0001213900-25-024731,https://www.sec.gov/Archives/edgar/data/1930021/000121390025024731/0001213900-25-024731.txt
0001930021,https://www.sec.gov/Archives/edgar/data/1930021/000121390025024729/ea023459602-424b3_newhorizon.htm,HOVR,New Horizon Aircraft Ltd.,424B3,2025-03-18,258,,False,,,,,0001213900-25-024729,https://www.sec.gov/Archives/edgar/data/1930021/000121390025024729/0001213900-25-024729.txt
0001930021,https://www.sec.gov/Archives/edgar/data/1930021/000121390025104672/ea0262324-424b5_newhorizon.htm,HOVR,New Horizon Aircraft Ltd.,424B5,2025-10-31,31,,False,,,,,0001213900-25-104672,https://www.sec.gov/Archives/edgar/data/1930021/000121390025104672/0001213900-25-104672.txt
0001930021,https://www.sec.gov/Archives/edgar/data/1930021/000121390025059093/ea0246662-424b5_newhorizon.htm,HOVR,New Horizon Aircraft Ltd.,424B5,2025-06-27,157,,False,,,,,0001213900-25-059093,https://www.sec.gov/Archives/edgar/data/1930021/000121390025059093/0001213900-25-059093.txt
0001930021,https://www.sec.gov/Archives/edgar/data/1930021/000101376225002375/ea0235638-424b5_newhorizon.htm,HOVR,New Horizon Aircraft Ltd.,424B5,2025-03-26,250,,False,,,,,0001013762-25-002375,https://www.sec.gov/Archives/edgar/data/1930021/000101376225002375/0001013762-25-002375.txt
0001930021,https://www.sec.gov/Archives/edgar/data/1930021/000121390025115105/ea0267249-8k_newhorizon.htm,HOVR,New Horizon Aircraft Ltd.,8-K,2025-11-26,5,,False,,,,,0001213900-25-115105,https://www.sec.gov/Archives/edgar/data/1930021/000121390025115105/0001213900-25-115105.txt
0001930021,https://www.sec.gov/Archives/edgar/data/1930021/000121390025104674/ea0263394-8k_newhorizon.htm,HOVR,New Horizon Aircraft Ltd.,8-K,2025-10-31,31,,False,,,,,0001213900-25-104674,https://www.sec.gov/Archives/edgar/data/1930021/000121390025104674/0001213900-25-104674.txt
0001930021,https://www.sec.gov/Archives/edgar/data/1930021/000121390025097943/ea0260851-8k_newhorizon.htm,HOVR,New Horizon Aircraft Ltd.,8-K,2025-10-10,52,,False,,,,,0001213900-25-097943,https://www.sec.gov/Archives/edgar/data/1930021/000121390025097943/0001213900-25-097943.txt
0001930021,https://www.sec.gov/Archives/edgar/data/1930021/000121390025059095/ea0246663-8k_newhorizon.htm,HOVR,New Horizon Aircraft Ltd.,8-K,2025-06-27,157,,False,,,,,0001213900-25-059095,https://www.sec.gov/Archives/edgar/data/1930021/000121390025059095/0001213900-25-059095.txt
0001930021,https://www.sec.gov/Archives/edgar/data/1930021/000121390025058626/ea0247256-8k_newhorizon.htm,HOVR,New Horizon Aircraft Ltd.,8-K,2025-06-27,157,,False,,,,,0001213900-25-058626,https://www.sec.gov/Archives/edgar/data/1930021/000121390025058626/0001213900-25-058626.txt
0001930021,https://www.sec.gov/Archives/edgar/data/1930021/000121390025043735/ea0242338-8k_newhorizon.htm,HOVR,New Horizon Aircraft Ltd.,8-K,2025-05-15,200,,False,,,,,0001213900-25-043735,https://www.sec.gov/Archives/edgar/data/1930021/000121390025043735/0001213900-25-043735.txt
0001930021,https://www.sec.gov/Archives/edgar/data/1930021/000121390025017484/ea0232210-8k_newhorizon.htm,HOVR,New Horizon Aircraft Ltd.,8-K,2025-02-26,278,,False,,,,,0001213900-25-017484,https://www.sec.gov/Archives/edgar/data/1930021/000121390025017484/0001213900-25-017484.txt
0001930021,https://www.sec.gov/Archives/edgar/data/1930021/000121390025007097/ea0228724-8k_newhorizon.htm,HOVR,New Horizon Aircraft Ltd.,8-K,2025-01-27,308,,False,,,,,0001213900-25-007097,https://www.sec.gov/Archives/edgar/data/1930021/000121390025007097/0001213900-25-007097.txt
0001930021,https://www.sec.gov/Archives/edgar/data/1930021/000121390025003914/ea0227593-8k_newhorizon.htm,HOVR,New Horizon Aircraft Ltd.,8-K,2025-01-15,320,,False,,,,,0001213900-25-003914,https://www.sec.gov/Archives/edgar/data/1930021/000121390025003914/0001213900-25-003914.txt
0001930021,https://www.sec.gov/Archives/edgar/data/1930021/000121390025002849/ea0227424-8k_newhorizon.htm,HOVR,New Horizon Aircraft Ltd.,8-K,2025-01-13,322,,False,,,,,0001213900-25-002849,https://www.sec.gov/Archives/edgar/data/1930021/000121390025002849/0001213900-25-002849.txt
0001930021,https://www.sec.gov/Archives/edgar/data/1930021/000101376225004222/ea0228863-s3_newhorizon.htm,HOVR,New Horizon Aircraft Ltd.,S-3,2025-03-28,248,,False,,,,,0001013762-25-004222,https://www.sec.gov/Archives/edgar/data/1930021/000101376225004222/0001013762-25-004222.txt
0001930021,https://www.sec.gov/Archives/edgar/data/1930021/000121390025014456/ea0229589-s3_newhorizon.htm,HOVR,New Horizon Aircraft Ltd.,S-3,2025-02-14,290,,False,,,,,0001213900-25-014456,https://www.sec.gov/Archives/edgar/data/1930021/000121390025014456/0001213900-25-014456.txt
0001930021,https://www.sec.gov/Archives/edgar/data/1930021/000121390025024254/ea0234420-s3a1_newhorizon.htm,HOVR,New Horizon Aircraft Ltd.,S-3/A,2025-03-17,259,,False,,,,,0001213900-25-024254,https://www.sec.gov/Archives/edgar/data/1930021/000121390025024254/0001213900-25-024254.txt
0001487428,https://www.sec.gov/Archives/edgar/data/1487428/000143774925006114/hrzn20241231_10k.htm,HRZN,Horizon Technology Finance Corp,10-K,2025-03-04,272,,False,,NO_PERIODS,no inferable periods,,0001437749-25-006114,https://www.sec.gov/Archives/edgar/data/1487428/000143774925006114/0001437749-25-006114.txt
0001487428,https://www.sec.gov/Archives/edgar/data/1487428/000143774925031988/hrzn20250930_10q.htm,HRZN,Horizon Technology Finance Corp,10-Q,2025-10-28,34,,False,,NO_PERIODS,no inferable periods,,0001437749-25-031988,https://www.sec.gov/Archives/edgar/data/1487428/000143774925031988/0001437749-25-031988.txt
0001487428,https://www.sec.gov/Archives/edgar/data/1487428/000143774925025497/hrzn20250630_10q.htm,HRZN,Horizon Technology Finance Corp,10-Q,2025-08-07,116,,False,,NO_PERIODS,no inferable periods,,0001437749-25-025497,https://www.sec.gov/Archives/edgar/data/1487428/000143774925025497/0001437749-25-025497.txt
0001487428,https://www.sec.gov/Archives/edgar/data/1487428/000143774925021333/rdgdoc.xml,HRZN,Horizon Technology Finance Corp,3,2025-06-26,158,,False,,,,,0001437749-25-021333,https://www.sec.gov/Archives/edgar/data/1487428/000143774925021333/0001437749-25-021333.txt
0001487428,https://www.sec.gov/Archives/edgar/data/1487428/000143774925028397/hrzn20250611_424b2.htm,HRZN,Horizon Technology Finance Corp,424B2,2025-09-04,88,,False,,,,,0001437749-25-028397,https://www.sec.gov/Archives/edgar/data/1487428/000143774925028397/0001437749-25-028397.txt
0001487428,https://www.sec.gov/Archives/edgar/data/1487428/000143774925032019/hrzn20251028_8k.htm,HRZN,Horizon Technology Finance Corp,8-K,2025-10-28,34,,False,,,,,0001437749-25-032019,https://www.sec.gov/Archives/edgar/data/1487428/000143774925032019/0001437749-25-032019.txt
0001487428,https://www.sec.gov/Archives/edgar/data/1487428/000143774925031987/hrzn20251028c_8k.htm,HRZN,Horizon Technology Finance Corp,8-K,2025-10-28,34,,False,,,,,0001437749-25-031987,https://www.sec.gov/Archives/edgar/data/1487428/000143774925031987/0001437749-25-031987.txt
0001487428,https://www.sec.gov/Archives/edgar/data/1487428/000143774925028475/hrzn20250903_8k.htm,HRZN,Horizon Technology Finance Corp,8-K,2025-09-05,87,,False,,,,,0001437749-25-028475,https://www.sec.gov/Archives/edgar/data/1487428/000143774925028475/0001437749-25-028475.txt
0001487428,https://www.sec.gov/Archives/edgar/data/1487428/000143774925026705/hrzn20250813_8k.htm,HRZN,Horizon Technology Finance Corp,8-K,2025-08-14,109,,False,,,,,0001437749-25-026705,https://www.sec.gov/Archives/edgar/data/1487428/000143774925026705/0001437749-25-026705.txt
0001487428,https://www.sec.gov/Archives/edgar/data/1487428/000143774925025756/hrzn20250808_8k.htm,HRZN,Horizon Technology Finance Corp,8-K,2025-08-08,115,,False,,,,,0001437749-25-025756,https://www.sec.gov/Archives/edgar/data/1487428/000143774925025756/0001437749-25-025756.txt
0001487428,https://www.sec.gov/Archives/edgar/data/1487428/000143774925025496/hrzn20250807c_8k.htm,HRZN,Horizon Technology Finance Corp,8-K,2025-08-07,116,,False,,,,,0001437749-25-025496,https://www.sec.gov/Archives/edgar/data/1487428/000143774925025496/0001437749-25-025496.txt
0001487428,https://www.sec.gov/Archives/edgar/data/1487428/000143774925025489/hrzn20250807d_8k.htm,HRZN,Horizon Technology Finance Corp,8-K,2025-08-07,116,,False,,,,,0001437749-25-025489,https://www.sec.gov/Archives/edgar/data/1487428/000143774925025489/0001437749-25-025489.txt
0001487428,https://www.sec.gov/Archives/edgar/data/1487428/000143774925025481/hrzn20250807_8k.htm,HRZN,Horizon Technology Finance Corp,8-K,2025-08-07,116,,False,,,,,0001437749-25-025481,https://www.sec.gov/Archives/edgar/data/1487428/000143774925025481/0001437749-25-025481.txt
0001487428,https://www.sec.gov/Archives/edgar/data/1487428/000143774925022431/hrzn20250709_8k.htm,HRZN,Horizon Technology Finance Corp,8-K,2025-07-09,145,,False,,,,,0001437749-25-022431,https://www.sec.gov/Archives/edgar/data/1487428/000143774925022431/0001437749-25-022431.txt
0001487428,https://www.sec.gov/Archives/edgar/data/1487428/000143774925019883/hrzn20250609_8k.htm,HRZN,Horizon Technology Finance Corp,8-K,2025-06-09,175,,False,,,,,0001437749-25-019883,https://www.sec.gov/Archives/edgar/data/1487428/000143774925019883/0001437749-25-019883.txt
0001818382,https://www.sec.gov/Archives/edgar/data/1818382/000162828025052723/wk-form4_1763419946.xml,HUMA,"Humacyte, Inc.",4,2025-11-17,14,,False,,,,,0001628280-25-052723,https://www.sec.gov/Archives/edgar/data/1818382/000162828025052723/0001628280-25-052723.txt
0001818382,https://www.sec.gov/Archives/edgar/data/1818382/000162828025052720/wk-form4_1763419881.xml,HUMA,"Humacyte, Inc.",4,2025-11-17,14,,False,,,,,0001628280-25-052720,https://www.sec.gov/Archives/edgar/data/1818382/000162828025052720/0001628280-25-052720.txt
0001818382,https://www.sec.gov/Archives/edgar/data/1818382/000162828025052717/wk-form4_1763419793.xml,HUMA,"Humacyte, Inc.",4,2025-11-17,14,,False,,,,,0001628280-25-052717,https://www.sec.gov/Archives/edgar/data/1818382/000162828025052717/0001628280-25-052717.txt
0001818382,https://www.sec.gov/Archives/edgar/data/1818382/000162828025052715/wk-form4_1763419703.xml,HUMA,"Humacyte, Inc.",4,2025-11-17,14,,False,,,,,0001628280-25-052715,https://www.sec.gov/Archives/edgar/data/1818382/000162828025052715/0001628280-25-052715.txt
0001818382,https://www.sec.gov/Archives/edgar/data/1818382/000110465925081009/tm2524042-2_4seq1.xml,HUMA,"Humacyte, Inc.",4,2025-08-20,103,,False,,,,,0001104659-25-081009,https://www.sec.gov/Archives/edgar/data/1818382/000110465925081009/0001104659-25-081009.txt
0001818382,https://www.sec.gov/Archives/edgar/data/1818382/000110465925081008/tm2524042-1_4seq1.xml,HUMA,"Humacyte, Inc.",4,2025-08-20,103,,False,,,,,0001104659-25-081008,https://www.sec.gov/Archives/edgar/data/1818382/000110465925081008/0001104659-25-081008.txt
0001818382,https://www.sec.gov/Archives/edgar/data/1818382/000181838225000107/wk-form4_1750105821.xml,HUMA,"Humacyte, Inc.",4,2025-06-16,168,,False,,,,,0001818382-25-000107,https://www.sec.gov/Archives/edgar/data/1818382/000181838225000107/0001818382-25-000107.txt
0001818382,https://www.sec.gov/Archives/edgar/data/1818382/000181838225000108/wk-form4_1750105839.xml,HUMA,"Humacyte, Inc.",4,2025-06-16,168,,False,,,,,0001818382-25-000108,https://www.sec.gov/Archives/edgar/data/1818382/000181838225000108/0001818382-25-000108.txt
0001818382,https://www.sec.gov/Archives/edgar/data/1818382/000110465925097348/tm2528057-1_424b3.htm,HUMA,"Humacyte, Inc.",424B3,2025-10-07,55,,False,,,,,0001104659-25-097348,https://www.sec.gov/Archives/edgar/data/1818382/000110465925097348/0001104659-25-097348.txt
0001818382,https://www.sec.gov/Archives/edgar/data/1818382/000110465925092187/tm2525852-3_424b3.htm,HUMA,"Humacyte, Inc.",424B3,2025-09-22,70,,False,,,,,0001104659-25-092187,https://www.sec.gov/Archives/edgar/data/1818382/000110465925092187/0001104659-25-092187.txt
0001818382,https://www.sec.gov/Archives/edgar/data/1818382/000110465925027792/tm258849-1_424b3.htm,HUMA,"Humacyte, Inc.",424B3,2025-03-25,251,,False,,,,,0001104659-25-027792,https://www.sec.gov/Archives/edgar/data/1818382/000110465925027792/0001104659-25-027792.txt
0001818382,https://www.sec.gov/Archives/edgar/data/1818382/000110465924118350/tm2428366-1_424b3.htm,HUMA,"Humacyte, Inc.",424B3,2024-11-14,382,,False,,,,,0001104659-24-118350,https://www.sec.gov/Archives/edgar/data/1818382/000110465924118350/0001104659-24-118350.txt
0001818382,https://www.sec.gov/Archives/edgar/data/1818382/000110465925028270/tm258849-3_424b5.htm,HUMA,"Humacyte, Inc.",424B5,2025-03-26,250,,False,,,,,0001104659-25-028270,https://www.sec.gov/Archives/edgar/data/1818382/000110465925028270/0001104659-25-028270.txt
0001818382,https://www.sec.gov/Archives/edgar/data/1818382/000110465925116476/tm2532300d1_8k.htm,HUMA,"Humacyte, Inc.",8-K,2025-11-26,5,,False,,,,,0001104659-25-116476,https://www.sec.gov/Archives/edgar/data/1818382/000110465925116476/0001104659-25-116476.txt
0001818382,https://www.sec.gov/Archives/edgar/data/1818382/000110465925109718/tm2530973d1_8k.htm,HUMA,"Humacyte, Inc.",8-K,2025-11-12,19,,False,,,,,0001104659-25-109718,https://www.sec.gov/Archives/edgar/data/1818382/000110465925109718/0001104659-25-109718.txt
0001818382,https://www.sec.gov/Archives/edgar/data/1818382/000110465925097591/tm2528189d1_8k.htm,HUMA,"Humacyte, Inc.",8-K,2025-10-07,55,,False,,,,,0001104659-25-097591,https://www.sec.gov/Archives/edgar/data/1818382/000110465925097591/0001104659-25-097591.txt
0001818382,https://www.sec.gov/Archives/edgar/data/1818382/000110465925090963/tm2526406d1_8k.htm,HUMA,"Humacyte, Inc.",8-K,2025-09-18,74,,False,,,,,0001104659-25-090963,https://www.sec.gov/Archives/edgar/data/1818382/000110465925090963/0001104659-25-090963.txt
0001818382,https://www.sec.gov/Archives/edgar/data/1818382/000181838225000122/huma-20250811.htm,HUMA,"Humacyte, Inc.",8-K,2025-08-11,112,,False,,,,,0001818382-25-000122,https://www.sec.gov/Archives/edgar/data/1818382/000181838225000122/0001818382-25-000122.txt
0001818382,https://www.sec.gov/Archives/edgar/data/1818382/000181838225000080/huma-20250610.htm,HUMA,"Humacyte, Inc.",8-K,2025-06-11,173,,False,,,,,0001818382-25-000080,https://www.sec.gov/Archives/edgar/data/1818382/000181838225000080/0001818382-25-000080.txt
0001818382,https://www.sec.gov/Archives/edgar/data/1818382/000181838225000073/huma-20250513.htm,HUMA,"Humacyte, Inc.",8-K,2025-05-13,202,,False,,,,,0001818382-25-000073,https://www.sec.gov/Archives/edgar/data/1818382/000181838225000073/0001818382-25-000073.txt
0001818382,https://www.sec.gov/Archives/edgar/data/1818382/000181838225000061/huma-20250417.htm,HUMA,"Humacyte, Inc.",8-K,2025-04-18,227,,False,,,,,0001818382-25-000061,https://www.sec.gov/Archives/edgar/data/1818382/000181838225000061/0001818382-25-000061.txt
0001818382,https://www.sec.gov/Archives/edgar/data/1818382/000181838225000030/huma-20250328.htm,HUMA,"Humacyte, Inc.",8-K,2025-03-28,248,,False,,,,,0001818382-25-000030,https://www.sec.gov/Archives/edgar/data/1818382/000181838225000030/0001818382-25-000030.txt
0001818382,https://www.sec.gov/Archives/edgar/data/1818382/000110465925028830/tm2510708d1_8k.htm,HUMA,"Humacyte, Inc.",8-K,2025-03-27,249,,False,,,,,0001104659-25-028830,https://www.sec.gov/Archives/edgar/data/1818382/000110465925028830/0001104659-25-028830.txt
0001818382,https://www.sec.gov/Archives/edgar/data/1818382/000110465925089607/tm2525852-1_s3.htm,HUMA,"Humacyte, Inc.",S-3,2025-09-12,80,,False,,,,,0001104659-25-089607,https://www.sec.gov/Archives/edgar/data/1818382/000110465925089607/0001104659-25-089607.txt
0001818382,https://www.sec.gov/Archives/edgar/data/1818382/000181838225000037/huma20250331s-8.htm,HUMA,"Humacyte, Inc.",S-8,2025-03-31,245,,False,,,,,0001818382-25-000037,https://www.sec.gov/Archives/edgar/data/1818382/000181838225000037/0001818382-25-000037.txt
0001759631,https://www.sec.gov/Archives/edgar/data/1759631/000162828025052984/wk-form4_1763503675.xml,HYLN,Hyliion Holdings Corp.,4,2025-11-18,13,,False,,,,,0001628280-25-052984,https://www.sec.gov/Archives/edgar/data/1759631/000162828025052984/0001628280-25-052984.txt
0001759631,https://www.sec.gov/Archives/edgar/data/1759631/000162828025052970/wk-form4_1763503527.xml,HYLN,Hyliion Holdings Corp.,4,2025-11-18,13,,False,,,,,0001628280-25-052970,https://www.sec.gov/Archives/edgar/data/1759631/000162828025052970/0001628280-25-052970.txt
0001759631,https://www.sec.gov/Archives/edgar/data/1759631/000162828025052980/wk-form4_1763503656.xml,HYLN,Hyliion Holdings Corp.,4,2025-11-18,13,,False,,,,,0001628280-25-052980,https://www.sec.gov/Archives/edgar/data/1759631/000162828025052980/0001628280-25-052980.txt
0001759631,https://www.sec.gov/Archives/edgar/data/1759631/000162828025052978/wk-form4_1763503634.xml,HYLN,Hyliion Holdings Corp.,4,2025-11-18,13,,False,,,,,0001628280-25-052978,https://www.sec.gov/Archives/edgar/data/1759631/000162828025052978/0001628280-25-052978.txt
0001759631,https://www.sec.gov/Archives/edgar/data/1759631/000162828025052748/wk-form4_1763425725.xml,HYLN,Hyliion Holdings Corp.,4,2025-11-17,14,,False,,,,,0001628280-25-052748,https://www.sec.gov/Archives/edgar/data/1759631/000162828025052748/0001628280-25-052748.txt
0001759631,https://www.sec.gov/Archives/edgar/data/1759631/000162828025052746/wk-form4_1763425683.xml,HYLN,Hyliion Holdings Corp.,4,2025-11-17,14,,False,,,,,0001628280-25-052746,https://www.sec.gov/Archives/edgar/data/1759631/000162828025052746/0001628280-25-052746.txt
0001759631,https://www.sec.gov/Archives/edgar/data/1759631/000162828025052976/wk-form4a_1763503613.xml,HYLN,Hyliion Holdings Corp.,4/A,2025-11-18,13,,False,,,,,0001628280-25-052976,https://www.sec.gov/Archives/edgar/data/1759631/000162828025052976/0001628280-25-052976.txt
0001759631,https://www.sec.gov/Archives/edgar/data/1759631/000162828025052974/wk-form4a_1763503591.xml,HYLN,Hyliion Holdings Corp.,4/A,2025-11-18,13,,False,,,,,0001628280-25-052974,https://www.sec.gov/Archives/edgar/data/1759631/000162828025052974/0001628280-25-052974.txt
0001759631,https://www.sec.gov/Archives/edgar/data/1759631/000162828025052972/wk-form4a_1763503562.xml,HYLN,Hyliion Holdings Corp.,4/A,2025-11-18,13,,False,,,,,0001628280-25-052972,https://www.sec.gov/Archives/edgar/data/1759631/000162828025052972/0001628280-25-052972.txt
0001759631,https://www.sec.gov/Archives/edgar/data/1759631/000162828025052744/wk-form4a_1763425633.xml,HYLN,Hyliion Holdings Corp.,4/A,2025-11-17,14,,False,,,,,0001628280-25-052744,https://www.sec.gov/Archives/edgar/data/1759631/000162828025052744/0001628280-25-052744.txt
0001759631,https://www.sec.gov/Archives/edgar/data/1759631/000162828025051324/hyln-20251111.htm,HYLN,Hyliion Holdings Corp.,8-K,2025-11-12,19,,False,,,,,0001628280-25-051324,https://www.sec.gov/Archives/edgar/data/1759631/000162828025051324/0001628280-25-051324.txt
0001759631,https://www.sec.gov/Archives/edgar/data/1759631/000175963125000131/hyln-20250812.htm,HYLN,Hyliion Holdings Corp.,8-K,2025-08-12,111,,False,,,,,0001759631-25-000131,https://www.sec.gov/Archives/edgar/data/1759631/000175963125000131/0001759631-25-000131.txt
0001759631,https://www.sec.gov/Archives/edgar/data/1759631/000121390025046438/ea0242987-8k_hyliion.htm,HYLN,Hyliion Holdings Corp.,8-K,2025-05-21,194,,False,,,,,0001213900-25-046438,https://www.sec.gov/Archives/edgar/data/1759631/000121390025046438/0001213900-25-046438.txt
0001759631,https://www.sec.gov/Archives/edgar/data/1759631/000175963125000087/hyln-20250513.htm,HYLN,Hyliion Holdings Corp.,8-K,2025-05-13,202,,False,,,,,0001759631-25-000087,https://www.sec.gov/Archives/edgar/data/1759631/000175963125000087/0001759631-25-000087.txt
0001759631,https://www.sec.gov/Archives/edgar/data/1759631/000175963125000050/hyln-20250225.htm,HYLN,Hyliion Holdings Corp.,8-K,2025-02-25,279,,False,,,,,0001759631-25-000050,https://www.sec.gov/Archives/edgar/data/1759631/000175963125000050/0001759631-25-000050.txt
0001759631,https://www.sec.gov/Archives/edgar/data/1759631/000175963124000180/hyln-20241114.htm,HYLN,Hyliion Holdings Corp.,8-K,2024-11-14,382,,False,,,,,0001759631-24-000180,https://www.sec.gov/Archives/edgar/data/1759631/000175963124000180/0001759631-24-000180.txt
0001759631,https://www.sec.gov/Archives/edgar/data/1759631/000175963124000170/hyln-20241105.htm,HYLN,Hyliion Holdings Corp.,8-K,2024-11-05,391,,False,,,,,0001759631-24-000170,https://www.sec.gov/Archives/edgar/data/1759631/000175963124000170/0001759631-24-000170.txt
0001708688,https://www.sec.gov/Archives/edgar/data/1708688/000114036125004927/ny20043420x2_424b5.htm,IFRX,InflaRx N.V.,424B5,2025-02-18,286,,False,,,,,0001140361-25-004927,https://www.sec.gov/Archives/edgar/data/1708688/000114036125004927/0001140361-25-004927.txt
0001708688,https://www.sec.gov/Archives/edgar/data/1708688/000114036125004369/ny20043420x1_424b5.htm,IFRX,InflaRx N.V.,424B5,2025-02-13,291,,False,,,,,0001140361-25-004369,https://www.sec.gov/Archives/edgar/data/1708688/000114036125004369/0001140361-25-004369.txt
0001708688,https://www.sec.gov/Archives/edgar/data/1708688/000114036125041273/ef20058026_6k.htm,IFRX,InflaRx N.V.,6-K,2025-11-10,21,,False,,NO_CASHFLOW,cashflow statement missing,,0001140361-25-041273,https://www.sec.gov/Archives/edgar/data/1708688/000114036125041273/0001140361-25-041273.txt
0001708688,https://www.sec.gov/Archives/edgar/data/1708688/000114036125041266/ef20058005_6k.htm,IFRX,InflaRx N.V.,6-K,2025-11-10,21,,False,,NO_CASHFLOW,cashflow statement missing,,0001140361-25-041266,https://www.sec.gov/Archives/edgar/data/1708688/000114036125041266/0001140361-25-041266.txt
0001708688,https://www.sec.gov/Archives/edgar/data/1708688/000114036125034839/ef20055418_6k.htm,IFRX,InflaRx N.V.,6-K,2025-09-12,80,,False,,NO_CASHFLOW,cashflow statement missing,,0001140361-25-034839,https://www.sec.gov/Archives/edgar/data/1708688/000114036125034839/0001140361-25-034839.txt
0001708688,https://www.sec.gov/Archives/edgar/data/1708688/000114036125025788/ef20051933_6k.htm,IFRX,InflaRx N.V.,6-K,2025-07-14,140,,False,,NO_CASHFLOW,cashflow statement missing,,0001140361-25-025788,https://www.sec.gov/Archives/edgar/data/1708688/000114036125025788/0001140361-25-025788.txt
0001835654,https://www.sec.gov/Archives/edgar/data/1835654/000117891325000373/zk2532678.htm,INVZ,Innoviz Technologies Ltd.,424B5,2025-02-10,294,,False,,,,,0001178913-25-000373,https://www.sec.gov/Archives/edgar/data/1835654/000117891325000373/0001178913-25-000373.txt
0001835654,https://www.sec.gov/Archives/edgar/data/1835654/000117891325003745/zk2533980.htm,INVZ,Innoviz Technologies Ltd.,6-K,2025-11-12,19,,False,,NO_CASHFLOW,cashflow statement missing,,0001178913-25-003745,https://www.sec.gov/Archives/edgar/data/1835654/000117891325003745/0001178913-25-003745.txt
0001835654,https://www.sec.gov/Archives/edgar/data/1835654/000117891325003682/zk2533938.htm,INVZ,Innoviz Technologies Ltd.,6-K,2025-11-06,25,,False,,NO_CASHFLOW,cashflow statement missing,,0001178913-25-003682,https://www.sec.gov/Archives/edgar/data/1835654/000117891325003682/0001178913-25-003682.txt
0001835654,https://www.sec.gov/Archives/edgar/data/1835654/000117891325003595/zk2533901.htm,INVZ,Innoviz Technologies Ltd.,6-K,2025-10-29,33,,False,,NO_CASHFLOW,cashflow statement missing,,0001178913-25-003595,https://www.sec.gov/Archives/edgar/data/1835654/000117891325003595/0001178913-25-003595.txt
0001835654,https://www.sec.gov/Archives/edgar/data/1835654/000117891325002866/zk2533652.htm,INVZ,Innoviz Technologies Ltd.,6-K,2025-08-13,110,,False,,NO_CASHFLOW,cashflow statement missing,,0001178913-25-002866,https://www.sec.gov/Archives/edgar/data/1835654/000117891325002866/0001178913-25-002866.txt
0001835654,https://www.sec.gov/Archives/edgar/data/1835654/000117891325000819/zk2532845.htm,INVZ,Innoviz Technologies Ltd.,S-8,2025-03-12,264,,False,,,,,0001178913-25-000819,https://www.sec.gov/Archives/edgar/data/1835654/000117891325000819/0001178913-25-000819.txt
0001159167,https://www.sec.gov/Archives/edgar/data/1159167/000095017025114237/ownership.xml,IRBT,IROBOT CORP,4,2025-09-11,81,,False,,,,,0000950170-25-114237,https://www.sec.gov/Archives/edgar/data/1159167/000095017025114237/0000950170-25-114237.txt
0001159167,https://www.sec.gov/Archives/edgar/data/1159167/000095017025114236/ownership.xml,IRBT,IROBOT CORP,4,2025-09-11,81,,False,,,,,0000950170-25-114236,https://www.sec.gov/Archives/edgar/data/1159167/000095017025114236/0000950170-25-114236.txt
0001159167,https://www.sec.gov/Archives/edgar/data/1159167/000095017025113595/ownership.xml,IRBT,IROBOT CORP,4,2025-09-08,84,,False,,,,,0000950170-25-113595,https://www.sec.gov/Archives/edgar/data/1159167/000095017025113595/0000950170-25-113595.txt
0001159167,https://www.sec.gov/Archives/edgar/data/1159167/000095017025113593/ownership.xml,IRBT,IROBOT CORP,4,2025-09-08,84,,False,,,,,0000950170-25-113593,https://www.sec.gov/Archives/edgar/data/1159167/000095017025113593/0000950170-25-113593.txt
0001159167,https://www.sec.gov/Archives/edgar/data/1159167/000095017025095599/ownership.xml,IRBT,IROBOT CORP,4,2025-07-14,140,,False,,,,,0000950170-25-095599,https://www.sec.gov/Archives/edgar/data/1159167/000095017025095599/0000950170-25-095599.txt
0001159167,https://www.sec.gov/Archives/edgar/data/1159167/000095017025091623/ownership.xml,IRBT,IROBOT CORP,4,2025-06-30,154,,False,,,,,0000950170-25-091623,https://www.sec.gov/Archives/edgar/data/1159167/000095017025091623/0000950170-25-091623.txt
0001159167,https://www.sec.gov/Archives/edgar/data/1159167/000095017025091622/ownership.xml,IRBT,IROBOT CORP,4,2025-06-30,154,,False,,,,,0000950170-25-091622,https://www.sec.gov/Archives/edgar/data/1159167/000095017025091622/0000950170-25-091622.txt
0001159167,https://www.sec.gov/Archives/edgar/data/1159167/000095017025091621/ownership.xml,IRBT,IROBOT CORP,4,2025-06-30,154,,False,,,,,0000950170-25-091621,https://www.sec.gov/Archives/edgar/data/1159167/000095017025091621/0000950170-25-091621.txt
0001159167,https://www.sec.gov/Archives/edgar/data/1159167/000095017025091624/ownership.xml,IRBT,IROBOT CORP,4,2025-06-30,154,,False,,,,,0000950170-25-091624,https://www.sec.gov/Archives/edgar/data/1159167/000095017025091624/0000950170-25-091624.txt
0001159167,https://www.sec.gov/Archives/edgar/data/1159167/000095017025091633/ownership.xml,IRBT,IROBOT CORP,4,2025-06-30,154,,False,,,,,0000950170-25-091633,https://www.sec.gov/Archives/edgar/data/1159167/000095017025091633/0000950170-25-091633.txt
0001159167,https://www.sec.gov/Archives/edgar/data/1159167/000115916725000095/irbt-20251124.htm,IRBT,IROBOT CORP,8-K,2025-12-01,0,,False,,,,,0001159167-25-000095,https://www.sec.gov/Archives/edgar/data/1159167/000115916725000095/0001159167-25-000095.txt
0001159167,https://www.sec.gov/Archives/edgar/data/1159167/000115916725000090/irbt-20251106.htm,IRBT,IROBOT CORP,8-K,2025-11-06,25,,False,,,,,0001159167-25-000090,https://www.sec.gov/Archives/edgar/data/1159167/000115916725000090/0001159167-25-000090.txt
0001159167,https://www.sec.gov/Archives/edgar/data/1159167/000115916725000080/irbt-20251022.htm,IRBT,IROBOT CORP,8-K,2025-10-27,35,,False,,,,,0001159167-25-000080,https://www.sec.gov/Archives/edgar/data/1159167/000115916725000080/0001159167-25-000080.txt
0001159167,https://www.sec.gov/Archives/edgar/data/1159167/000115916725000075/irbt-20250912.htm,IRBT,IROBOT CORP,8-K,2025-09-17,75,,False,,,,,0001159167-25-000075,https://www.sec.gov/Archives/edgar/data/1159167/000115916725000075/0001159167-25-000075.txt
0001159167,https://www.sec.gov/Archives/edgar/data/1159167/000119312525174974/d907756d8k.htm,IRBT,IROBOT CORP,8-K,2025-08-07,116,,False,,,,,0001193125-25-174974,https://www.sec.gov/Archives/edgar/data/1159167/000119312525174974/0001193125-25-174974.txt
0001159167,https://www.sec.gov/Archives/edgar/data/1159167/000119312525136125/d42654d8k.htm,IRBT,IROBOT CORP,8-K,2025-06-06,178,,False,,,,,0001193125-25-136125,https://www.sec.gov/Archives/edgar/data/1159167/000119312525136125/0001193125-25-136125.txt
0001159167,https://www.sec.gov/Archives/edgar/data/1159167/000115916725000053/irbt-20250516.htm,IRBT,IROBOT CORP,8-K,2025-05-20,195,,False,,,,,0001159167-25-000053,https://www.sec.gov/Archives/edgar/data/1159167/000115916725000053/0001159167-25-000053.txt
0001159167,https://www.sec.gov/Archives/edgar/data/1159167/000115916725000050/irbt-20250430.htm,IRBT,IROBOT CORP,8-K,2025-05-06,209,,False,,,,,0001159167-25-000050,https://www.sec.gov/Archives/edgar/data/1159167/000115916725000050/0001159167-25-000050.txt
0001159167,https://www.sec.gov/Archives/edgar/data/1159167/000115916725000042/irbt-20250409.htm,IRBT,IROBOT CORP,8-K,2025-04-15,230,,False,,,,,0001159167-25-000042,https://www.sec.gov/Archives/edgar/data/1159167/000115916725000042/0001159167-25-000042.txt
0001159167,https://www.sec.gov/Archives/edgar/data/1159167/000115916725000039/irbt-20250326.htm,IRBT,IROBOT CORP,8-K,2025-04-01,244,,False,,,,,0001159167-25-000039,https://www.sec.gov/Archives/edgar/data/1159167/000115916725000039/0001159167-25-000039.txt
0001159167,https://www.sec.gov/Archives/edgar/data/1159167/000115916725000055/forms-8x52225.htm,IRBT,IROBOT CORP,S-8,2025-05-22,193,,False,,,,,0001159167-25-000055,https://www.sec.gov/Archives/edgar/data/1159167/000115916725000055/0001159167-25-000055.txt
0001159167,https://www.sec.gov/Archives/edgar/data/1159167/000115916725000015/forms-8xklanouette.htm,IRBT,IROBOT CORP,S-8,2025-03-12,264,,False,,,,,0001159167-25-000015,https://www.sec.gov/Archives/edgar/data/1159167/000115916725000015/0001159167-25-000015.txt
0001159167,https://www.sec.gov/Archives/edgar/data/1159167/000115916724000086/forms-811724.htm,IRBT,IROBOT CORP,S-8,2024-11-07,389,,False,,,,,0001159167-24-000086,https://www.sec.gov/Archives/edgar/data/1159167/000115916724000086/0001159167-24-000086.txt
0001687932,https://www.sec.gov/Archives/edgar/data/1687932/000095017025048494/jill-20250201.htm,JILL,"J.Jill, Inc.",10-K,2025-04-01,244,,False,,NO_PERIODS,no inferable periods,,0000950170-25-048494,https://www.sec.gov/Archives/edgar/data/1687932/000095017025048494/0000950170-25-048494.txt
0001687932,https://www.sec.gov/Archives/edgar/data/1687932/000119312525194952/jill-20250802.htm,JILL,"J.Jill, Inc.",10-Q,2025-09-03,89,,False,,NO_PERIODS,no inferable periods,,0001193125-25-194952,https://www.sec.gov/Archives/edgar/data/1687932/000119312525194952/0001193125-25-194952.txt
0001687932,https://www.sec.gov/Archives/edgar/data/1687932/000095017025084826/jill-20250503.htm,JILL,"J.Jill, Inc.",10-Q,2025-06-11,173,,False,,NO_BALANCE_SHEET,cash/cash equivalents missing,,0000950170-25-084826,https://www.sec.gov/Archives/edgar/data/1687932/000095017025084826/0000950170-25-084826.txt
0001687932,https://www.sec.gov/Archives/edgar/data/1687932/000119312525232144/ownership.xml,JILL,"J.Jill, Inc.",4,2025-10-06,56,,False,,,,,0001193125-25-232144,https://www.sec.gov/Archives/edgar/data/1687932/000119312525232144/0001193125-25-232144.txt
0001687932,https://www.sec.gov/Archives/edgar/data/1687932/000119312525230470/ownership.xml,JILL,"J.Jill, Inc.",4,2025-10-03,59,,False,,,,,0001193125-25-230470,https://www.sec.gov/Archives/edgar/data/1687932/000119312525230470/0001193125-25-230470.txt
0001687932,https://www.sec.gov/Archives/edgar/data/1687932/000119312525230520/ownership.xml,JILL,"J.Jill, Inc.",4,2025-10-03,59,,False,,,,,0001193125-25-230520,https://www.sec.gov/Archives/edgar/data/1687932/000119312525230520/0001193125-25-230520.txt
0001687932,https://www.sec.gov/Archives/edgar/data/1687932/000119312525230426/ownership.xml,JILL,"J.Jill, Inc.",4,2025-10-03,59,,False,,,,,0001193125-25-230426,https://www.sec.gov/Archives/edgar/data/1687932/000119312525230426/0001193125-25-230426.txt
0001687932,https://www.sec.gov/Archives/edgar/data/1687932/000119312525230433/ownership.xml,JILL,"J.Jill, Inc.",4,2025-10-03,59,,False,,,,,0001193125-25-230433,https://www.sec.gov/Archives/edgar/data/1687932/000119312525230433/0001193125-25-230433.txt
0001687932,https://www.sec.gov/Archives/edgar/data/1687932/000119312525230452/ownership.xml,JILL,"J.Jill, Inc.",4,2025-10-03,59,,False,,,,,0001193125-25-230452,https://www.sec.gov/Archives/edgar/data/1687932/000119312525230452/0001193125-25-230452.txt
0001687932,https://www.sec.gov/Archives/edgar/data/1687932/000119312525230463/ownership.xml,JILL,"J.Jill, Inc.",4,2025-10-03,59,,False,,,,,0001193125-25-230463,https://www.sec.gov/Archives/edgar/data/1687932/000119312525230463/0001193125-25-230463.txt
0001687932,https://www.sec.gov/Archives/edgar/data/1687932/000119312525230444/ownership.xml,JILL,"J.Jill, Inc.",4,2025-10-03,59,,False,,,,,0001193125-25-230444,https://www.sec.gov/Archives/edgar/data/1687932/000119312525230444/0001193125-25-230444.txt
0001687932,https://www.sec.gov/Archives/edgar/data/1687932/000119312525230476/ownership.xml,JILL,"J.Jill, Inc.",4,2025-10-03,59,,False,,,,,0001193125-25-230476,https://www.sec.gov/Archives/edgar/data/1687932/000119312525230476/0001193125-25-230476.txt
0001687932,https://www.sec.gov/Archives/edgar/data/1687932/000119312525230485/ownership.xml,JILL,"J.Jill, Inc.",4,2025-10-03,59,,False,,,,,0001193125-25-230485,https://www.sec.gov/Archives/edgar/data/1687932/000119312525230485/0001193125-25-230485.txt
0001687932,https://www.sec.gov/Archives/edgar/data/1687932/000119312525194464/jill-20250903.htm,JILL,"J.Jill, Inc.",8-K,2025-09-03,89,,False,,,,,0001193125-25-194464,https://www.sec.gov/Archives/edgar/data/1687932/000119312525194464/0001193125-25-194464.txt
0001687932,https://www.sec.gov/Archives/edgar/data/1687932/000119312525189763/jill-20250827.htm,JILL,"J.Jill, Inc.",8-K,2025-08-27,96,,False,,,,,0001193125-25-189763,https://www.sec.gov/Archives/edgar/data/1687932/000119312525189763/0001193125-25-189763.txt
0001687932,https://www.sec.gov/Archives/edgar/data/1687932/000119312525145319/d900638d8k.htm,JILL,"J.Jill, Inc.",8-K,2025-06-24,160,,False,,,,,0001193125-25-145319,https://www.sec.gov/Archives/edgar/data/1687932/000119312525145319/0001193125-25-145319.txt
0001687932,https://www.sec.gov/Archives/edgar/data/1687932/000095017025084645/jill-20250611.htm,JILL,"J.Jill, Inc.",8-K,2025-06-11,173,,False,,,,,0000950170-25-084645,https://www.sec.gov/Archives/edgar/data/1687932/000095017025084645/0000950170-25-084645.txt
0001687932,https://www.sec.gov/Archives/edgar/data/1687932/000119312525137151/d948542d8k.htm,JILL,"J.Jill, Inc.",8-K,2025-06-06,178,,False,,,,,0001193125-25-137151,https://www.sec.gov/Archives/edgar/data/1687932/000119312525137151/0001193125-25-137151.txt
0001687932,https://www.sec.gov/Archives/edgar/data/1687932/000095017025080952/jill-20250603.htm,JILL,"J.Jill, Inc.",8-K,2025-06-03,181,,False,,,,,0000950170-25-080952,https://www.sec.gov/Archives/edgar/data/1687932/000095017025080952/0000950170-25-080952.txt
0001687932,https://www.sec.gov/Archives/edgar/data/1687932/000119312525067249/d848827d8k.htm,JILL,"J.Jill, Inc.",8-K,2025-03-28,248,,False,,,,,0001193125-25-067249,https://www.sec.gov/Archives/edgar/data/1687932/000119312525067249/0001193125-25-067249.txt
0001687932,https://www.sec.gov/Archives/edgar/data/1687932/000095017025041742/jill-20250319.htm,JILL,"J.Jill, Inc.",8-K,2025-03-19,257,,False,,,,,0000950170-25-041742,https://www.sec.gov/Archives/edgar/data/1687932/000095017025041742/0000950170-25-041742.txt
0001687932,https://www.sec.gov/Archives/edgar/data/1687932/000119312525039315/d882545d8k.htm,JILL,"J.Jill, Inc.",8-K,2025-02-27,277,,False,,,,,0001193125-25-039315,https://www.sec.gov/Archives/edgar/data/1687932/000119312525039315/0001193125-25-039315.txt
0001687932,https://www.sec.gov/Archives/edgar/data/1687932/000095017024137394/jill-20241213.htm,JILL,"J.Jill, Inc.",8-K,2024-12-17,349,,False,,,,,0000950170-24-137394,https://www.sec.gov/Archives/edgar/data/1687932/000095017024137394/0000950170-24-137394.txt
0001687932,https://www.sec.gov/Archives/edgar/data/1687932/000119312525151332/d20235ds8.htm,JILL,"J.Jill, Inc.",S-8,2025-06-27,157,,False,,,,,0001193125-25-151332,https://www.sec.gov/Archives/edgar/data/1687932/000119312525151332/0001193125-25-151332.txt
0001481513,https://www.sec.gov/Archives/edgar/data/1481513/000141057825000970/jks-20241231x20f.htm,JKS,"JinkoSolar Holding Co., Ltd.",20-F,2025-04-29,216,,False,,NO_PERIODS,no inferable periods,,0001410578-25-000970,https://www.sec.gov/Archives/edgar/data/1481513/000141057825000970/0001410578-25-000970.txt
0001481513,https://www.sec.gov/Archives/edgar/data/1481513/000110465925113038/tm2531464d1_6k.htm,JKS,"JinkoSolar Holding Co., Ltd.",6-K,2025-11-17,14,,False,,NO_CASHFLOW,cashflow statement missing,,0001104659-25-113038,https://www.sec.gov/Archives/edgar/data/1481513/000110465925113038/0001104659-25-113038.txt
0001481513,https://www.sec.gov/Archives/edgar/data/1481513/000110465925104062/tm2529838d1_6k.htm,JKS,"JinkoSolar Holding Co., Ltd.",6-K,2025-10-30,32,,False,,NO_CASHFLOW,cashflow statement missing,,0001104659-25-104062,https://www.sec.gov/Archives/edgar/data/1481513/000110465925104062/0001104659-25-104062.txt
0001481513,https://www.sec.gov/Archives/edgar/data/1481513/000110465925091055/tm2526449d1_6k.htm,JKS,"JinkoSolar Holding Co., Ltd.",6-K,2025-09-18,74,,False,,NO_CASHFLOW,cashflow statement missing,,0001104659-25-091055,https://www.sec.gov/Archives/edgar/data/1481513/000110465925091055/0001104659-25-091055.txt
0001481513,https://www.sec.gov/Archives/edgar/data/1481513/000141057825002285/tm2525986d1_6k.htm,JKS,"JinkoSolar Holding Co., Ltd.",6-K,2025-09-12,80,,False,,NO_CASHFLOW,cashflow statement missing,,0001410578-25-002285,https://www.sec.gov/Archives/edgar/data/1481513/000141057825002285/0001410578-25-002285.txt
0001481513,https://www.sec.gov/Archives/edgar/data/1481513/000110465925083648/tm2524499d1_6k.htm,JKS,"JinkoSolar Holding Co., Ltd.",6-K,2025-08-27,96,,False,,NO_CASHFLOW,cashflow statement missing,,0001104659-25-083648,https://www.sec.gov/Archives/edgar/data/1481513/000110465925083648/0001104659-25-083648.txt
0001679628,https://www.sec.gov/Archives/edgar/data/1679628/000149315224045250/ownership.xml,JUNS,"JUPITER NEUROSCIENCES, INC.",3,2024-11-13,383,,False,,,,,0001493152-24-045250,https://www.sec.gov/Archives/edgar/data/1679628/000149315224045250/0001493152-24-045250.txt
0001679628,https://www.sec.gov/Archives/edgar/data/1679628/000149315224044415/ownership.xml,JUNS,"JUPITER NEUROSCIENCES, INC.",3,2024-11-08,388,,False,,,,,0001493152-24-044415,https://www.sec.gov/Archives/edgar/data/1679628/000149315224044415/0001493152-24-044415.txt
0001679628,https://www.sec.gov/Archives/edgar/data/1679628/000164117225018070/ownership.xml,JUNS,"JUPITER NEUROSCIENCES, INC.",4,2025-07-07,147,,False,,,,,0001641172-25-018070,https://www.sec.gov/Archives/edgar/data/1679628/000164117225018070/0001641172-25-018070.txt
0001679628,https://www.sec.gov/Archives/edgar/data/1679628/000164117225018069/ownership.xml,JUNS,"JUPITER NEUROSCIENCES, INC.",4,2025-07-07,147,,False,,,,,0001641172-25-018069,https://www.sec.gov/Archives/edgar/data/1679628/000164117225018069/0001641172-25-018069.txt
0001679628,https://www.sec.gov/Archives/edgar/data/1679628/000164117225017894/ownership.xml,JUNS,"JUPITER NEUROSCIENCES, INC.",4,2025-07-03,151,,False,,,,,0001641172-25-017894,https://www.sec.gov/Archives/edgar/data/1679628/000164117225017894/0001641172-25-017894.txt
0001679628,https://www.sec.gov/Archives/edgar/data/1679628/000164117225017750/ownership.xml,JUNS,"JUPITER NEUROSCIENCES, INC.",4,2025-07-03,151,,False,,,,,0001641172-25-017750,https://www.sec.gov/Archives/edgar/data/1679628/000164117225017750/0001641172-25-017750.txt
0001679628,https://www.sec.gov/Archives/edgar/data/1679628/000164117225017417/ownership.xml,JUNS,"JUPITER NEUROSCIENCES, INC.",4,2025-07-01,153,,False,,,,,0001641172-25-017417,https://www.sec.gov/Archives/edgar/data/1679628/000164117225017417/0001641172-25-017417.txt
0001679628,https://www.sec.gov/Archives/edgar/data/1679628/000164117225017416/ownership.xml,JUNS,"JUPITER NEUROSCIENCES, INC.",4,2025-07-01,153,,False,,,,,0001641172-25-017416,https://www.sec.gov/Archives/edgar/data/1679628/000164117225017416/0001641172-25-017416.txt
0001679628,https://www.sec.gov/Archives/edgar/data/1679628/000149315224048322/form424b3.htm,JUNS,"JUPITER NEUROSCIENCES, INC.",424B3,2024-12-02,364,,False,,,,,0001493152-24-048322,https://www.sec.gov/Archives/edgar/data/1679628/000149315224048322/0001493152-24-048322.txt
0001679628,https://www.sec.gov/Archives/edgar/data/1679628/000149315224048318/form424b4.htm,JUNS,"JUPITER NEUROSCIENCES, INC.",424B4,2024-12-02,364,,False,,,,,0001493152-24-048318,https://www.sec.gov/Archives/edgar/data/1679628/000149315224048318/0001493152-24-048318.txt
0001679628,https://www.sec.gov/Archives/edgar/data/1679628/000149315225019783/form8-k.htm,JUNS,"JUPITER NEUROSCIENCES, INC.",8-K,2025-10-27,35,,False,,,,,0001493152-25-019783,https://www.sec.gov/Archives/edgar/data/1679628/000149315225019783/0001493152-25-019783.txt
0001679628,https://www.sec.gov/Archives/edgar/data/1679628/000164117225018619/form8-k.htm,JUNS,"JUPITER NEUROSCIENCES, INC.",8-K,2025-07-10,144,,False,,,,,0001641172-25-018619,https://www.sec.gov/Archives/edgar/data/1679628/000164117225018619/0001641172-25-018619.txt
0001679628,https://www.sec.gov/Archives/edgar/data/1679628/000164117225018429/form8-k.htm,JUNS,"JUPITER NEUROSCIENCES, INC.",8-K,2025-07-09,145,,False,,,,,0001641172-25-018429,https://www.sec.gov/Archives/edgar/data/1679628/000164117225018429/0001641172-25-018429.txt
0001679628,https://www.sec.gov/Archives/edgar/data/1679628/000164117225005506/form8-k.htm,JUNS,"JUPITER NEUROSCIENCES, INC.",8-K,2025-04-21,224,,False,,,,,0001641172-25-005506,https://www.sec.gov/Archives/edgar/data/1679628/000164117225005506/0001641172-25-005506.txt
0001679628,https://www.sec.gov/Archives/edgar/data/1679628/000164117225000627/form8-k.htm,JUNS,"JUPITER NEUROSCIENCES, INC.",8-K,2025-03-25,251,,False,,,,,0001641172-25-000627,https://www.sec.gov/Archives/edgar/data/1679628/000164117225000627/0001641172-25-000627.txt
0001679628,https://www.sec.gov/Archives/edgar/data/1679628/000149315224050881/form8-k.htm,JUNS,"JUPITER NEUROSCIENCES, INC.",8-K,2024-12-20,346,,False,,,,,0001493152-24-050881,https://www.sec.gov/Archives/edgar/data/1679628/000149315224050881/0001493152-24-050881.txt
0001679628,https://www.sec.gov/Archives/edgar/data/1679628/000149315224050801/form8-k.htm,JUNS,"JUPITER NEUROSCIENCES, INC.",8-K,2024-12-19,347,,False,,,,,0001493152-24-050801,https://www.sec.gov/Archives/edgar/data/1679628/000149315224050801/0001493152-24-050801.txt
0001679628,https://www.sec.gov/Archives/edgar/data/1679628/000149315224048687/form8-k.htm,JUNS,"JUPITER NEUROSCIENCES, INC.",8-K,2024-12-04,362,,False,,,,,0001493152-24-048687,https://www.sec.gov/Archives/edgar/data/1679628/000149315224048687/0001493152-24-048687.txt
0001679628,https://www.sec.gov/Archives/edgar/data/1679628/000149315224046734/form8-k.htm,JUNS,"JUPITER NEUROSCIENCES, INC.",8-K,2024-11-19,377,,False,,,,,0001493152-24-046734,https://www.sec.gov/Archives/edgar/data/1679628/000149315224046734/0001493152-24-046734.txt
0001679628,https://www.sec.gov/Archives/edgar/data/1679628/000149315225024454/form8-ka.htm,JUNS,"JUPITER NEUROSCIENCES, INC.",8-K/A,2025-11-20,11,,False,,,,,0001493152-25-024454,https://www.sec.gov/Archives/edgar/data/1679628/000149315225024454/0001493152-25-024454.txt
0001564180,https://www.sec.gov/Archives/edgar/data/1564180/000155837025003754/knop-20241231x20f.htm,KNOP,KNOT Offshore Partners LP,20-F,2025-03-27,249,,False,,NO_PERIODS,no inferable periods,,0001558370-25-003754,https://www.sec.gov/Archives/edgar/data/1564180/000155837025003754/0001558370-25-003754.txt
0001564180,https://www.sec.gov/Archives/edgar/data/1564180/000110465925110839/tm2530963d1_6k.htm,KNOP,KNOT Offshore Partners LP,6-K,2025-11-13,18,,False,,NO_CASHFLOW,cashflow statement missing,,0001104659-25-110839,https://www.sec.gov/Archives/edgar/data/1564180/000110465925110839/0001104659-25-110839.txt
0001564180,https://www.sec.gov/Archives/edgar/data/1564180/000110465925105158/knop-20251103x6k.htm,KNOP,KNOT Offshore Partners LP,6-K,2025-11-03,28,,False,,NO_CASHFLOW,cashflow statement missing,,0001104659-25-105158,https://www.sec.gov/Archives/edgar/data/1564180/000110465925105158/0001104659-25-105158.txt
0001564180,https://www.sec.gov/Archives/edgar/data/1564180/000110465925102370/knop-20251027x6k.htm,KNOP,KNOT Offshore Partners LP,6-K,2025-10-27,35,,False,,NO_CASHFLOW,cashflow statement missing,,0001104659-25-102370,https://www.sec.gov/Archives/edgar/data/1564180/000110465925102370/0001104659-25-102370.txt
0001564180,https://www.sec.gov/Archives/edgar/data/1564180/000110465925094189/knop-20250630x6k.htm,KNOP,KNOT Offshore Partners LP,6-K,2025-09-29,63,,False,,NO_PERIODS,no inferable periods,,0001104659-25-094189,https://www.sec.gov/Archives/edgar/data/1564180/000110465925094189/0001104659-25-094189.txt
0001564180,https://www.sec.gov/Archives/edgar/data/1564180/000110465925093354/knop-20250925x6k.htm,KNOP,KNOT Offshore Partners LP,6-K,2025-09-25,67,,False,,NO_CASHFLOW,cashflow statement missing,,0001104659-25-093354,https://www.sec.gov/Archives/edgar/data/1564180/000110465925093354/0001104659-25-093354.txt
0002076427,https://www.sec.gov/Archives/edgar/data/2076427/000121390025110013/ea0264881-10q_galata2.htm,LATA,Galata Acquisition Corp. II,10-Q,2025-11-13,18,,False,,NO_CASHFLOW,operating cash flow missing,,0001213900-25-110013,https://www.sec.gov/Archives/edgar/data/2076427/000121390025110013/0001213900-25-110013.txt
0002076427,https://www.sec.gov/Archives/edgar/data/2076427/000121390025089180/ownership.xml,LATA,Galata Acquisition Corp. II,3,2025-09-18,74,,False,,,,,0001213900-25-089180,https://www.sec.gov/Archives/edgar/data/2076427/000121390025089180/0001213900-25-089180.txt
0002076427,https://www.sec.gov/Archives/edgar/data/2076427/000121390025089178/ownership.xml,LATA,Galata Acquisition Corp. II,3,2025-09-18,74,,False,,,,,0001213900-25-089178,https://www.sec.gov/Archives/edgar/data/2076427/000121390025089178/0001213900-25-089178.txt
0002076427,https://www.sec.gov/Archives/edgar/data/2076427/000121390025089179/ownership.xml,LATA,Galata Acquisition Corp. II,3,2025-09-18,74,,False,,,,,0001213900-25-089179,https://www.sec.gov/Archives/edgar/data/2076427/000121390025089179/0001213900-25-089179.txt
0002076427,https://www.sec.gov/Archives/edgar/data/2076427/000121390025089177/ownership.xml,LATA,Galata Acquisition Corp. II,3,2025-09-18,74,,False,,,,,0001213900-25-089177,https://www.sec.gov/Archives/edgar/data/2076427/000121390025089177/0001213900-25-089177.txt
0002076427,https://www.sec.gov/Archives/edgar/data/2076427/000121390025089176/ownership.xml,LATA,Galata Acquisition Corp. II,3,2025-09-18,74,,False,,,,,0001213900-25-089176,https://www.sec.gov/Archives/edgar/data/2076427/000121390025089176/0001213900-25-089176.txt
0002076427,https://www.sec.gov/Archives/edgar/data/2076427/000121390025089531/ea0248313-08.htm,LATA,Galata Acquisition Corp. II,424B4,2025-09-19,73,,False,,,,,0001213900-25-089531,https://www.sec.gov/Archives/edgar/data/2076427/000121390025089531/0001213900-25-089531.txt
0002076427,https://www.sec.gov/Archives/edgar/data/2076427/000121390025106643/ea0264058-8k_galata2.htm,LATA,Galata Acquisition Corp. II,8-K,2025-11-05,26,,False,,,,,0001213900-25-106643,https://www.sec.gov/Archives/edgar/data/2076427/000121390025106643/0001213900-25-106643.txt
0002076427,https://www.sec.gov/Archives/edgar/data/2076427/000121390025092331/ea0258893-8k_galata2.htm,LATA,Galata Acquisition Corp. II,8-K,2025-09-26,66,,False,,,,,0001213900-25-092331,https://www.sec.gov/Archives/edgar/data/2076427/000121390025092331/0001213900-25-092331.txt
0002076427,https://www.sec.gov/Archives/edgar/data/2076427/000121390025091113/ea0258445-8k_galata2.htm,LATA,Galata Acquisition Corp. II,8-K,2025-09-24,68,,False,,,,,0001213900-25-091113,https://www.sec.gov/Archives/edgar/data/2076427/000121390025091113/0001213900-25-091113.txt
0001836754,https://www.sec.gov/Archives/edgar/data/1836754/000149315225014945/form10-k.htm,LGCY,Legacy Education Inc.,10-K,2025-09-25,67,,False,,NO_PERIODS,no inferable periods,,0001493152-25-014945,https://www.sec.gov/Archives/edgar/data/1836754/000149315225014945/0001493152-25-014945.txt
0001836754,https://www.sec.gov/Archives/edgar/data/1836754/000149315225022296/form10-q.htm,LGCY,Legacy Education Inc.,10-Q,2025-11-13,18,,False,,NO_PERIODS,no inferable periods,,0001493152-25-022296,https://www.sec.gov/Archives/edgar/data/1836754/000149315225022296/0001493152-25-022296.txt
0001836754,https://www.sec.gov/Archives/edgar/data/1836754/000149315225018162/ownership.xml,LGCY,Legacy Education Inc.,3,2025-10-15,47,,False,,,,,0001493152-25-018162,https://www.sec.gov/Archives/edgar/data/1836754/000149315225018162/0001493152-25-018162.txt
0001836754,https://www.sec.gov/Archives/edgar/data/1836754/000149315225018159/ownership.xml,LGCY,Legacy Education Inc.,3,2025-10-15,47,,False,,,,,0001493152-25-018159,https://www.sec.gov/Archives/edgar/data/1836754/000149315225018159/0001493152-25-018159.txt
0001836754,https://www.sec.gov/Archives/edgar/data/1836754/000149315225024355/ownership.xml,LGCY,Legacy Education Inc.,4,2025-11-19,12,,False,,,,,0001493152-25-024355,https://www.sec.gov/Archives/edgar/data/1836754/000149315225024355/0001493152-25-024355.txt
0001836754,https://www.sec.gov/Archives/edgar/data/1836754/000149315225018699/ownership.xml,LGCY,Legacy Education Inc.,4,2025-10-20,42,,False,,,,,0001493152-25-018699,https://www.sec.gov/Archives/edgar/data/1836754/000149315225018699/0001493152-25-018699.txt
0001836754,https://www.sec.gov/Archives/edgar/data/1836754/000149315225018696/ownership.xml,LGCY,Legacy Education Inc.,4,2025-10-20,42,,False,,,,,0001493152-25-018696,https://www.sec.gov/Archives/edgar/data/1836754/000149315225018696/0001493152-25-018696.txt
0001836754,https://www.sec.gov/Archives/edgar/data/1836754/000164117225014763/ownership.xml,LGCY,Legacy Education Inc.,4,2025-06-11,173,,False,,,,,0001641172-25-014763,https://www.sec.gov/Archives/edgar/data/1836754/000164117225014763/0001641172-25-014763.txt
0001836754,https://www.sec.gov/Archives/edgar/data/1836754/000164117225014308/ownership.xml,LGCY,Legacy Education Inc.,4,2025-06-09,175,,False,,,,,0001641172-25-014308,https://www.sec.gov/Archives/edgar/data/1836754/000164117225014308/0001641172-25-014308.txt
0001836754,https://www.sec.gov/Archives/edgar/data/1836754/000164117225003619/ownership.xml,LGCY,Legacy Education Inc.,4,2025-04-10,235,,False,,,,,0001641172-25-003619,https://www.sec.gov/Archives/edgar/data/1836754/000164117225003619/0001641172-25-003619.txt
0001836754,https://www.sec.gov/Archives/edgar/data/1836754/000164117225002852/ownership.xml,LGCY,Legacy Education Inc.,4,2025-04-04,241,,False,,,,,0001641172-25-002852,https://www.sec.gov/Archives/edgar/data/1836754/000164117225002852/0001641172-25-002852.txt
0001836754,https://www.sec.gov/Archives/edgar/data/1836754/000164117225002851/ownership.xml,LGCY,Legacy Education Inc.,4,2025-04-04,241,,False,,,,,0001641172-25-002851,https://www.sec.gov/Archives/edgar/data/1836754/000164117225002851/0001641172-25-002851.txt
0001836754,https://www.sec.gov/Archives/edgar/data/1836754/000149315225023487/form8-k.htm,LGCY,Legacy Education Inc.,8-K,2025-11-14,17,,False,,,,,0001493152-25-023487,https://www.sec.gov/Archives/edgar/data/1836754/000149315225023487/0001493152-25-023487.txt
0001836754,https://www.sec.gov/Archives/edgar/data/1836754/000149315225017883/form8-k.htm,LGCY,Legacy Education Inc.,8-K,2025-10-14,48,,False,,,,,0001493152-25-017883,https://www.sec.gov/Archives/edgar/data/1836754/000149315225017883/0001493152-25-017883.txt
0001836754,https://www.sec.gov/Archives/edgar/data/1836754/000149315225014943/form8-k.htm,LGCY,Legacy Education Inc.,8-K,2025-09-25,67,,False,,,,,0001493152-25-014943,https://www.sec.gov/Archives/edgar/data/1836754/000149315225014943/0001493152-25-014943.txt
0001836754,https://www.sec.gov/Archives/edgar/data/1836754/000149315225013211/form8-k.htm,LGCY,Legacy Education Inc.,8-K,2025-09-12,80,,False,,,,,0001493152-25-013211,https://www.sec.gov/Archives/edgar/data/1836754/000149315225013211/0001493152-25-013211.txt
0001836754,https://www.sec.gov/Archives/edgar/data/1836754/000164117225011377/form8-k.htm,LGCY,Legacy Education Inc.,8-K,2025-05-19,196,,False,,,,,0001641172-25-011377,https://www.sec.gov/Archives/edgar/data/1836754/000164117225011377/0001641172-25-011377.txt
0001836754,https://www.sec.gov/Archives/edgar/data/1836754/000164117225010868/form8-k.htm,LGCY,Legacy Education Inc.,8-K,2025-05-15,200,,False,,,,,0001641172-25-010868,https://www.sec.gov/Archives/edgar/data/1836754/000164117225010868/0001641172-25-010868.txt
0001836754,https://www.sec.gov/Archives/edgar/data/1836754/000164117225001258/form8-k.htm,LGCY,Legacy Education Inc.,8-K,2025-03-28,248,,False,,,,,0001641172-25-001258,https://www.sec.gov/Archives/edgar/data/1836754/000164117225001258/0001641172-25-001258.txt
0001836754,https://www.sec.gov/Archives/edgar/data/1836754/000149315225010386/form8-k.htm,LGCY,Legacy Education Inc.,8-K,2025-03-14,262,,False,,,,,0001493152-25-010386,https://www.sec.gov/Archives/edgar/data/1836754/000149315225010386/0001493152-25-010386.txt
0001836754,https://www.sec.gov/Archives/edgar/data/1836754/000149315225006435/form8-k.htm,LGCY,Legacy Education Inc.,8-K,2025-02-13,291,,False,,,,,0001493152-25-006435,https://www.sec.gov/Archives/edgar/data/1836754/000149315225006435/0001493152-25-006435.txt
0001836754,https://www.sec.gov/Archives/edgar/data/1836754/000149315224050630/form8-k.htm,LGCY,Legacy Education Inc.,8-K,2024-12-18,348,,False,,,,,0001493152-24-050630,https://www.sec.gov/Archives/edgar/data/1836754/000149315224050630/0001493152-24-050630.txt
0002043508,https://www.sec.gov/Archives/edgar/data/2043508/000147793225008266/lake_10q.htm,LKSP,Lake Superior Acquisition Corp,10-Q,2025-11-14,17,,False,,NO_BALANCE_SHEET,cash/cash equivalents missing,,0001477932-25-008266,https://www.sec.gov/Archives/edgar/data/2043508/000147793225008266/0001477932-25-008266.txt
0002043508,https://www.sec.gov/Archives/edgar/data/2043508/000147793225007388/form3.xml,LKSP,Lake Superior Acquisition Corp,3,2025-10-06,56,,False,,,,,0001477932-25-007388,https://www.sec.gov/Archives/edgar/data/2043508/000147793225007388/0001477932-25-007388.txt
0002043508,https://www.sec.gov/Archives/edgar/data/2043508/000147793225007387/form3.xml,LKSP,Lake Superior Acquisition Corp,3,2025-10-06,56,,False,,,,,0001477932-25-007387,https://www.sec.gov/Archives/edgar/data/2043508/000147793225007387/0001477932-25-007387.txt
0002043508,https://www.sec.gov/Archives/edgar/data/2043508/000147793225007386/form3.xml,LKSP,Lake Superior Acquisition Corp,3,2025-10-06,56,,False,,,,,0001477932-25-007386,https://www.sec.gov/Archives/edgar/data/2043508/000147793225007386/0001477932-25-007386.txt
0002043508,https://www.sec.gov/Archives/edgar/data/2043508/000147793225007385/form3.xml,LKSP,Lake Superior Acquisition Corp,3,2025-10-06,56,,False,,,,,0001477932-25-007385,https://www.sec.gov/Archives/edgar/data/2043508/000147793225007385/0001477932-25-007385.txt
0002043508,https://www.sec.gov/Archives/edgar/data/2043508/000147793225007384/form3.xml,LKSP,Lake Superior Acquisition Corp,3,2025-10-06,56,,False,,,,,0001477932-25-007384,https://www.sec.gov/Archives/edgar/data/2043508/000147793225007384/0001477932-25-007384.txt
0002043508,https://www.sec.gov/Archives/edgar/data/2043508/000147793225007602/form4.xml,LKSP,Lake Superior Acquisition Corp,4,2025-10-15,47,,False,,,,,0001477932-25-007602,https://www.sec.gov/Archives/edgar/data/2043508/000147793225007602/0001477932-25-007602.txt
0002043508,https://www.sec.gov/Archives/edgar/data/2043508/000147793225007601/form4.xml,LKSP,Lake Superior Acquisition Corp,4,2025-10-15,47,,False,,,,,0001477932-25-007601,https://www.sec.gov/Archives/edgar/data/2043508/000147793225007601/0001477932-25-007601.txt
0002043508,https://www.sec.gov/Archives/edgar/data/2043508/000147793225007409/lake_424b4.htm,LKSP,Lake Superior Acquisition Corp,424B4,2025-10-07,55,,False,,,,,0001477932-25-007409,https://www.sec.gov/Archives/edgar/data/2043508/000147793225007409/0001477932-25-007409.txt
0002043508,https://www.sec.gov/Archives/edgar/data/2043508/000147793225007838/lake_8k.htm,LKSP,Lake Superior Acquisition Corp,8-K,2025-10-31,31,,False,,,,,0001477932-25-007838,https://www.sec.gov/Archives/edgar/data/2043508/000147793225007838/0001477932-25-007838.txt
0002043508,https://www.sec.gov/Archives/edgar/data/2043508/000147793225007586/lake_8k.htm,LKSP,Lake Superior Acquisition Corp,8-K,2025-10-15,47,,False,,,,,0001477932-25-007586,https://www.sec.gov/Archives/edgar/data/2043508/000147793225007586/0001477932-25-007586.txt
0002043508,https://www.sec.gov/Archives/edgar/data/2043508/000147793225007478/lake_8k.htm,LKSP,Lake Superior Acquisition Corp,8-K,2025-10-10,52,,False,,,,,0001477932-25-007478,https://www.sec.gov/Archives/edgar/data/2043508/000147793225007478/0001477932-25-007478.txt
0001756701,https://www.sec.gov/Archives/edgar/data/1756701/000095017025047247/lnkb-20241231.htm,LNKB,"LINKBANCORP, Inc.",10-K,2025-03-31,245,,False,,NO_PERIODS,no inferable periods,,0000950170-25-047247,https://www.sec.gov/Archives/edgar/data/1756701/000095017025047247/0000950170-25-047247.txt
0001756701,https://www.sec.gov/Archives/edgar/data/1756701/000119312525272457/lnkb-20250930.htm,LNKB,"LINKBANCORP, Inc.",10-Q,2025-11-07,24,,False,,NO_PERIODS,no inferable periods,,0001193125-25-272457,https://www.sec.gov/Archives/edgar/data/1756701/000119312525272457/0001193125-25-272457.txt
0001756701,https://www.sec.gov/Archives/edgar/data/1756701/000095017025105920/lnkb-20250630.htm,LNKB,"LINKBANCORP, Inc.",10-Q,2025-08-08,115,,False,,NO_PERIODS,no inferable periods,,0000950170-25-105920,https://www.sec.gov/Archives/edgar/data/1756701/000095017025105920/0000950170-25-105920.txt
0001756701,https://www.sec.gov/Archives/edgar/data/1756701/000143774925028263/rdgdoc.xml,LNKB,"LINKBANCORP, Inc.",4,2025-09-03,89,,False,,,,,0001437749-25-028263,https://www.sec.gov/Archives/edgar/data/1756701/000143774925028263/0001437749-25-028263.txt
0001756701,https://www.sec.gov/Archives/edgar/data/1756701/000143774925028261/rdgdoc.xml,LNKB,"LINKBANCORP, Inc.",4,2025-09-03,89,,False,,,,,0001437749-25-028261,https://www.sec.gov/Archives/edgar/data/1756701/000143774925028261/0001437749-25-028261.txt
0001756701,https://www.sec.gov/Archives/edgar/data/1756701/000143774925028260/rdgdoc.xml,LNKB,"LINKBANCORP, Inc.",4,2025-09-03,89,,False,,,,,0001437749-25-028260,https://www.sec.gov/Archives/edgar/data/1756701/000143774925028260/0001437749-25-028260.txt
0001756701,https://www.sec.gov/Archives/edgar/data/1756701/000143774925028262/rdgdoc.xml,LNKB,"LINKBANCORP, Inc.",4,2025-09-03,89,,False,,,,,0001437749-25-028262,https://www.sec.gov/Archives/edgar/data/1756701/000143774925028262/0001437749-25-028262.txt
0001756701,https://www.sec.gov/Archives/edgar/data/1756701/000143774925020660/rdgdoc.xml,LNKB,"LINKBANCORP, Inc.",4,2025-06-17,167,,False,,,,,0001437749-25-020660,https://www.sec.gov/Archives/edgar/data/1756701/000143774925020660/0001437749-25-020660.txt
0001756701,https://www.sec.gov/Archives/edgar/data/1756701/000143774925020633/rdgdoc.xml,LNKB,"LINKBANCORP, Inc.",4,2025-06-17,167,,False,,,,,0001437749-25-020633,https://www.sec.gov/Archives/edgar/data/1756701/000143774925020633/0001437749-25-020633.txt
0001756701,https://www.sec.gov/Archives/edgar/data/1756701/000143774925020638/rdgdoc.xml,LNKB,"LINKBANCORP, Inc.",4,2025-06-17,167,,False,,,,,0001437749-25-020638,https://www.sec.gov/Archives/edgar/data/1756701/000143774925020638/0001437749-25-020638.txt
0001756701,https://www.sec.gov/Archives/edgar/data/1756701/000143774925020640/rdgdoc.xml,LNKB,"LINKBANCORP, Inc.",4,2025-06-17,167,,False,,,,,0001437749-25-020640,https://www.sec.gov/Archives/edgar/data/1756701/000143774925020640/0001437749-25-020640.txt
0001756701,https://www.sec.gov/Archives/edgar/data/1756701/000143774925020644/rdgdoc.xml,LNKB,"LINKBANCORP, Inc.",4,2025-06-17,167,,False,,,,,0001437749-25-020644,https://www.sec.gov/Archives/edgar/data/1756701/000143774925020644/0001437749-25-020644.txt
0001756701,https://www.sec.gov/Archives/edgar/data/1756701/000143774925020647/rdgdoc.xml,LNKB,"LINKBANCORP, Inc.",4,2025-06-17,167,,False,,,,,0001437749-25-020647,https://www.sec.gov/Archives/edgar/data/1756701/000143774925020647/0001437749-25-020647.txt
0001756701,https://www.sec.gov/Archives/edgar/data/1756701/000119312525251676/lnkb-20251023.htm,LNKB,"LINKBANCORP, Inc.",8-K,2025-10-27,35,,False,,,,,0001193125-25-251676,https://www.sec.gov/Archives/edgar/data/1756701/000119312525251676/0001193125-25-251676.txt
0001756701,https://www.sec.gov/Archives/edgar/data/1756701/000095017025099211/lnkb-20250724.htm,LNKB,"LINKBANCORP, Inc.",8-K,2025-07-28,126,,False,,,,,0000950170-25-099211,https://www.sec.gov/Archives/edgar/data/1756701/000095017025099211/0000950170-25-099211.txt
0001756701,https://www.sec.gov/Archives/edgar/data/1756701/000095017025077039/lnkb-20250522.htm,LNKB,"LINKBANCORP, Inc.",8-K,2025-05-23,192,,False,,,,,0000950170-25-077039,https://www.sec.gov/Archives/edgar/data/1756701/000095017025077039/0000950170-25-077039.txt
0001756701,https://www.sec.gov/Archives/edgar/data/1756701/000095017025059370/lnkb-20250424.htm,LNKB,"LINKBANCORP, Inc.",8-K,2025-04-28,217,,False,,,,,0000950170-25-059370,https://www.sec.gov/Archives/edgar/data/1756701/000095017025059370/0000950170-25-059370.txt
0001756701,https://www.sec.gov/Archives/edgar/data/1756701/000095017025048502/lnkb-20250331.htm,LNKB,"LINKBANCORP, Inc.",8-K,2025-04-01,244,,False,,,,,0000950170-25-048502,https://www.sec.gov/Archives/edgar/data/1756701/000095017025048502/0000950170-25-048502.txt
0001756701,https://www.sec.gov/Archives/edgar/data/1756701/000095017025045345/lnkb-20250326.htm,LNKB,"LINKBANCORP, Inc.",8-K,2025-03-26,250,,False,,,,,0000950170-25-045345,https://www.sec.gov/Archives/edgar/data/1756701/000095017025045345/0000950170-25-045345.txt
0001756701,https://www.sec.gov/Archives/edgar/data/1756701/000095017025030912/lnkb-20250227.htm,LNKB,"LINKBANCORP, Inc.",8-K,2025-03-03,273,,False,,,,,0000950170-25-030912,https://www.sec.gov/Archives/edgar/data/1756701/000095017025030912/0000950170-25-030912.txt
0001756701,https://www.sec.gov/Archives/edgar/data/1756701/000095017025009269/lnkb-20250127.htm,LNKB,"LINKBANCORP, Inc.",8-K,2025-01-27,308,,False,,,,,0000950170-25-009269,https://www.sec.gov/Archives/edgar/data/1756701/000095017025009269/0000950170-25-009269.txt
0001756701,https://www.sec.gov/Archives/edgar/data/1756701/000095017024124727/lnkb-20241111.htm,LNKB,"LINKBANCORP, Inc.",8-K,2024-11-12,384,,False,,,,,0000950170-24-124727,https://www.sec.gov/Archives/edgar/data/1756701/000095017024124727/0000950170-24-124727.txt
0001756701,https://www.sec.gov/Archives/edgar/data/1756701/000095017024117761/lnkb-20241028.htm,LNKB,"LINKBANCORP, Inc.",8-K,2024-10-28,399,,False,,,,,0000950170-24-117761,https://www.sec.gov/Archives/edgar/data/1756701/000095017024117761/0000950170-24-117761.txt
0001756701,https://www.sec.gov/Archives/edgar/data/1756701/000095017025105310/lnkb-20250522.htm,LNKB,"LINKBANCORP, Inc.",8-K/A,2025-08-08,115,,False,,,,,0000950170-25-105310,https://www.sec.gov/Archives/edgar/data/1756701/000095017025105310/0000950170-25-105310.txt
0001756701,https://www.sec.gov/Archives/edgar/data/1756701/000119312525091385/d854067ds3.htm,LNKB,"LINKBANCORP, Inc.",S-3,2025-04-23,222,,False,,,,,0001193125-25-091385,https://www.sec.gov/Archives/edgar/data/1756701/000119312525091385/0001193125-25-091385.txt
0001756701,https://www.sec.gov/Archives/edgar/data/1756701/000094337425000277/s8_061225.htm,LNKB,"LINKBANCORP, Inc.",S-8,2025-06-12,172,,False,,,,,0000943374-25-000277,https://www.sec.gov/Archives/edgar/data/1756701/000094337425000277/0000943374-25-000277.txt
0001080340,https://www.sec.gov/Archives/edgar/data/1080340/000149315225009931/form10-k.htm,LOAN,"MANHATTAN BRIDGE CAPITAL, INC",10-K,2025-03-12,264,,False,,NO_PERIODS,no inferable periods,,0001493152-25-009931,https://www.sec.gov/Archives/edgar/data/1080340/000149315225009931/0001493152-25-009931.txt
0001080340,https://www.sec.gov/Archives/edgar/data/1080340/000149315225019314/form10-q.htm,LOAN,"MANHATTAN BRIDGE CAPITAL, INC",10-Q,2025-10-24,38,,False,,NO_PERIODS,no inferable periods,,0001493152-25-019314,https://www.sec.gov/Archives/edgar/data/1080340/000149315225019314/0001493152-25-019314.txt
0001080340,https://www.sec.gov/Archives/edgar/data/1080340/000149315225011328/form10-q.htm,LOAN,"MANHATTAN BRIDGE CAPITAL, INC",10-Q,2025-07-22,132,,False,,NO_PERIODS,no inferable periods,,0001493152-25-011328,https://www.sec.gov/Archives/edgar/data/1080340/000149315225011328/0001493152-25-011328.txt
0001080340,https://www.sec.gov/Archives/edgar/data/1080340/000149315225024248/ownership.xml,LOAN,"MANHATTAN BRIDGE CAPITAL, INC",4,2025-11-19,12,,False,,,,,0001493152-25-024248,https://www.sec.gov/Archives/edgar/data/1080340/000149315225024248/0001493152-25-024248.txt
0001080340,https://www.sec.gov/Archives/edgar/data/1080340/000149315225024023/ownership.xml,LOAN,"MANHATTAN BRIDGE CAPITAL, INC",4,2025-11-18,13,,False,,,,,0001493152-25-024023,https://www.sec.gov/Archives/edgar/data/1080340/000149315225024023/0001493152-25-024023.txt
0001080340,https://www.sec.gov/Archives/edgar/data/1080340/000149315225025139/form8-k.htm,LOAN,"MANHATTAN BRIDGE CAPITAL, INC",8-K,2025-11-26,5,,False,,,,,0001493152-25-025139,https://www.sec.gov/Archives/edgar/data/1080340/000149315225025139/0001493152-25-025139.txt
0001080340,https://www.sec.gov/Archives/edgar/data/1080340/000149315225024401/form8-k.htm,LOAN,"MANHATTAN BRIDGE CAPITAL, INC",8-K,2025-11-20,11,,False,,,,,0001493152-25-024401,https://www.sec.gov/Archives/edgar/data/1080340/000149315225024401/0001493152-25-024401.txt
0001080340,https://www.sec.gov/Archives/edgar/data/1080340/000164117225015575/form8-k.htm,LOAN,"MANHATTAN BRIDGE CAPITAL, INC",8-K,2025-06-18,166,,False,,,,,0001641172-25-015575,https://www.sec.gov/Archives/edgar/data/1080340/000164117225015575/0001641172-25-015575.txt
0002064307,https://www.sec.gov/Archives/edgar/data/2064307/000119312525289784/ownership.xml,LOGC,ContextLogic Holdings Inc.,4,2025-11-20,11,,False,,,,,0001193125-25-289784,https://www.sec.gov/Archives/edgar/data/2064307/000119312525289784/0001193125-25-289784.txt
0002064307,https://www.sec.gov/Archives/edgar/data/2064307/000119312525286127/ownership.xml,LOGC,ContextLogic Holdings Inc.,4,2025-11-18,13,,False,,,,,0001193125-25-286127,https://www.sec.gov/Archives/edgar/data/2064307/000119312525286127/0001193125-25-286127.txt
0002064307,https://www.sec.gov/Archives/edgar/data/2064307/000114036125022988/ny20050206x2_424b3.htm,LOGC,ContextLogic Holdings Inc.,424B3,2025-06-18,166,,False,,,,,0001140361-25-022988,https://www.sec.gov/Archives/edgar/data/2064307/000114036125022988/0001140361-25-022988.txt
0002064307,https://www.sec.gov/Archives/edgar/data/2064307/000114036125020639/ny20047161x3_424b3.htm,LOGC,ContextLogic Holdings Inc.,424B3,2025-05-28,187,,False,,,,,0001140361-25-020639,https://www.sec.gov/Archives/edgar/data/2064307/000114036125020639/0001140361-25-020639.txt
0002064307,https://www.sec.gov/Archives/edgar/data/2064307/000119312525253517/logc-20251028.htm,LOGC,ContextLogic Holdings Inc.,8-K,2025-10-28,34,,False,,,,,0001193125-25-253517,https://www.sec.gov/Archives/edgar/data/2064307/000119312525253517/0001193125-25-253517.txt
0002064307,https://www.sec.gov/Archives/edgar/data/2064307/000206430725000007/logc-20250807.htm,LOGC,ContextLogic Holdings Inc.,8-K,2025-08-07,116,,False,,,,,0002064307-25-000007,https://www.sec.gov/Archives/edgar/data/2064307/000206430725000007/0002064307-25-000007.txt
0002064307,https://www.sec.gov/Archives/edgar/data/2064307/000090266425003415/p25-1768form8ka.htm,LOGC,ContextLogic Holdings Inc.,8-K/A,2025-08-07,116,,False,,,,,0000902664-25-003415,https://www.sec.gov/Archives/edgar/data/2064307/000090266425003415/0000902664-25-003415.txt
0002064307,https://www.sec.gov/Archives/edgar/data/2064307/000114036125014303/ny20047161x1_s4.htm,LOGC,ContextLogic Holdings Inc.,S-4,2025-04-17,228,,False,,,,,0001140361-25-014303,https://www.sec.gov/Archives/edgar/data/2064307/000114036125014303/0001140361-25-014303.txt
0002064307,https://www.sec.gov/Archives/edgar/data/2064307/000114036125020330/ny20047161x2_s4a.htm,LOGC,ContextLogic Holdings Inc.,S-4/A,2025-05-23,192,,False,,,,,0001140361-25-020330,https://www.sec.gov/Archives/edgar/data/2064307/000114036125020330/0001140361-25-020330.txt
0001041514,https://www.sec.gov/Archives/edgar/data/1041514/000156276225000264/form10q.htm,LSAK,LESAKA TECHNOLOGIES INC,10-Q,2025-11-05,26,,False,,NO_PERIODS,no inferable periods,,0001562762-25-000264,https://www.sec.gov/Archives/edgar/data/1041514/000156276225000264/0001562762-25-000264.txt
0001041514,https://www.sec.gov/Archives/edgar/data/1041514/000156276225000243/form10q.htm,LSAK,LESAKA TECHNOLOGIES INC,10-Q/A,2025-09-29,63,,False,,NO_PERIODS,no inferable periods,,0001562762-25-000243,https://www.sec.gov/Archives/edgar/data/1041514/000156276225000243/0001562762-25-000243.txt
0001041514,https://www.sec.gov/Archives/edgar/data/1041514/000106299325012095/form4.xml,LSAK,LESAKA TECHNOLOGIES INC,4,2025-06-24,160,,False,,,,,0001062993-25-012095,https://www.sec.gov/Archives/edgar/data/1041514/000106299325012095/0001062993-25-012095.txt
0001041514,https://www.sec.gov/Archives/edgar/data/1041514/000106299325006818/form4.xml,LSAK,LESAKA TECHNOLOGIES INC,4,2025-04-02,243,,False,,,,,0001062993-25-006818,https://www.sec.gov/Archives/edgar/data/1041514/000106299325006818/0001062993-25-006818.txt
0001041514,https://www.sec.gov/Archives/edgar/data/1041514/000106299325006567/form4.xml,LSAK,LESAKA TECHNOLOGIES INC,4,2025-03-31,245,,False,,,,,0001062993-25-006567,https://www.sec.gov/Archives/edgar/data/1041514/000106299325006567/0001062993-25-006567.txt
0001041514,https://www.sec.gov/Archives/edgar/data/1041514/000106299325006394/form4.xml,LSAK,LESAKA TECHNOLOGIES INC,4,2025-03-27,249,,False,,,,,0001062993-25-006394,https://www.sec.gov/Archives/edgar/data/1041514/000106299325006394/0001062993-25-006394.txt
0001041514,https://www.sec.gov/Archives/edgar/data/1041514/000106299325006227/form4.xml,LSAK,LESAKA TECHNOLOGIES INC,4,2025-03-25,251,,False,,,,,0001062993-25-006227,https://www.sec.gov/Archives/edgar/data/1041514/000106299325006227/0001062993-25-006227.txt
0001041514,https://www.sec.gov/Archives/edgar/data/1041514/000106299324020252/form424b3.htm,LSAK,LESAKA TECHNOLOGIES INC,424B3,2024-12-09,357,,False,,,,,0001062993-24-020252,https://www.sec.gov/Archives/edgar/data/1041514/000106299324020252/0001062993-24-020252.txt
0001041514,https://www.sec.gov/Archives/edgar/data/1041514/000106299325016495/form8k.htm,LSAK,LESAKA TECHNOLOGIES INC,8-K,2025-11-05,26,,False,,,,,0001062993-25-016495,https://www.sec.gov/Archives/edgar/data/1041514/000106299325016495/0001062993-25-016495.txt
0001041514,https://www.sec.gov/Archives/edgar/data/1041514/000106299325015835/form8k.htm,LSAK,LESAKA TECHNOLOGIES INC,8-K,2025-09-29,63,,False,,,,,0001062993-25-015835,https://www.sec.gov/Archives/edgar/data/1041514/000106299325015835/0001062993-25-015835.txt
0001041514,https://www.sec.gov/Archives/edgar/data/1041514/000106299325015535/form8k.htm,LSAK,LESAKA TECHNOLOGIES INC,8-K,2025-09-11,81,,False,,,,,0001062993-25-015535,https://www.sec.gov/Archives/edgar/data/1041514/000106299325015535/0001062993-25-015535.txt
0001041514,https://www.sec.gov/Archives/edgar/data/1041514/000106299325015499/form8k.htm,LSAK,LESAKA TECHNOLOGIES INC,8-K,2025-09-10,82,,False,,,,,0001062993-25-015499,https://www.sec.gov/Archives/edgar/data/1041514/000106299325015499/0001062993-25-015499.txt
0001041514,https://www.sec.gov/Archives/edgar/data/1041514/000106299325015498/form8k.htm,LSAK,LESAKA TECHNOLOGIES INC,8-K,2025-09-10,82,,False,,,,,0001062993-25-015498,https://www.sec.gov/Archives/edgar/data/1041514/000106299325015498/0001062993-25-015498.txt
0001041514,https://www.sec.gov/Archives/edgar/data/1041514/000106299325015439/form8k.htm,LSAK,LESAKA TECHNOLOGIES INC,8-K,2025-09-09,83,,False,,,,,0001062993-25-015439,https://www.sec.gov/Archives/edgar/data/1041514/000106299325015439/0001062993-25-015439.txt
0001041514,https://www.sec.gov/Archives/edgar/data/1041514/000106299325012440/form8k.htm,LSAK,LESAKA TECHNOLOGIES INC,8-K,2025-07-02,152,,False,,,,,0001062993-25-012440,https://www.sec.gov/Archives/edgar/data/1041514/000106299325012440/0001062993-25-012440.txt
0001041514,https://www.sec.gov/Archives/edgar/data/1041514/000106299325012223/form8k.htm,LSAK,LESAKA TECHNOLOGIES INC,8-K,2025-06-30,154,,False,,,,,0001062993-25-012223,https://www.sec.gov/Archives/edgar/data/1041514/000106299325012223/0001062993-25-012223.txt
0001041514,https://www.sec.gov/Archives/edgar/data/1041514/000106299325008754/form8k.htm,LSAK,LESAKA TECHNOLOGIES INC,8-K,2025-05-07,208,,False,,,,,0001062993-25-008754,https://www.sec.gov/Archives/edgar/data/1041514/000106299325008754/0001062993-25-008754.txt
0001041514,https://www.sec.gov/Archives/edgar/data/1041514/000106299325004555/form8k.htm,LSAK,LESAKA TECHNOLOGIES INC,8-K,2025-03-05,271,,False,,,,,0001062993-25-004555,https://www.sec.gov/Archives/edgar/data/1041514/000106299325004555/0001062993-25-004555.txt
0001041514,https://www.sec.gov/Archives/edgar/data/1041514/000106299324019693/forms3.htm,LSAK,LESAKA TECHNOLOGIES INC,S-3,2024-11-26,370,,False,,,,,0001062993-24-019693,https://www.sec.gov/Archives/edgar/data/1041514/000106299324019693/0001062993-24-019693.txt
0001041514,https://www.sec.gov/Archives/edgar/data/1041514/000106299324019694/forms8.htm,LSAK,LESAKA TECHNOLOGIES INC,S-8,2024-11-26,370,,False,,,,,0001062993-24-019694,https://www.sec.gov/Archives/edgar/data/1041514/000106299324019694/0001062993-24-019694.txt
0001985139,https://www.sec.gov/Archives/edgar/data/1985139/000149315225006894/form20-f.htm,LSE,"Leishen Energy Holding Co., Ltd.",20-F,2025-02-14,290,,False,,NO_PERIODS,no inferable periods,,0001493152-25-006894,https://www.sec.gov/Archives/edgar/data/1985139/000149315225006894/0001493152-25-006894.txt
0001985139,https://www.sec.gov/Archives/edgar/data/1985139/000149315224050874/form424b4.htm,LSE,"Leishen Energy Holding Co., Ltd.",424B4,2024-12-20,346,,False,,,,,0001493152-24-050874,https://www.sec.gov/Archives/edgar/data/1985139/000149315224050874/0001493152-24-050874.txt
0001985139,https://www.sec.gov/Archives/edgar/data/1985139/000149315225024447/form6-k.htm,LSE,"Leishen Energy Holding Co., Ltd.",6-K,2025-11-20,11,,False,,NO_CASHFLOW,cashflow statement missing,,0001493152-25-024447,https://www.sec.gov/Archives/edgar/data/1985139/000149315225024447/0001493152-25-024447.txt
0001985139,https://www.sec.gov/Archives/edgar/data/1985139/000149315225016253/form6-k.htm,LSE,"Leishen Energy Holding Co., Ltd.",6-K,2025-09-30,62,,False,,NO_CASHFLOW,cashflow statement missing,,0001493152-25-016253,https://www.sec.gov/Archives/edgar/data/1985139/000149315225016253/0001493152-25-016253.txt
0002061379,https://www.sec.gov/Archives/edgar/data/2061379/000121390025073680/ea0252381-10q_lightwave.htm,LWAC,LightWave Acquisition Corp.,10-Q,2025-08-08,115,,False,,NO_CASHFLOW,operating cash flow missing,,0001213900-25-073680,https://www.sec.gov/Archives/edgar/data/2061379/000121390025073680/0001213900-25-073680.txt
0002061379,https://www.sec.gov/Archives/edgar/data/2061379/000121390025062401/ownership.xml,LWAC,LightWave Acquisition Corp.,3,2025-07-09,145,,False,,,,,0001213900-25-062401,https://www.sec.gov/Archives/edgar/data/2061379/000121390025062401/0001213900-25-062401.txt
0002061379,https://www.sec.gov/Archives/edgar/data/2061379/000121390025057436/ownership.xml,LWAC,LightWave Acquisition Corp.,3,2025-06-24,160,,False,,,,,0001213900-25-057436,https://www.sec.gov/Archives/edgar/data/2061379/000121390025057436/0001213900-25-057436.txt
0002061379,https://www.sec.gov/Archives/edgar/data/2061379/000121390025057435/ownership.xml,LWAC,LightWave Acquisition Corp.,3,2025-06-24,160,,False,,,,,0001213900-25-057435,https://www.sec.gov/Archives/edgar/data/2061379/000121390025057435/0001213900-25-057435.txt
0002061379,https://www.sec.gov/Archives/edgar/data/2061379/000121390025057434/ownership.xml,LWAC,LightWave Acquisition Corp.,3,2025-06-24,160,,False,,,,,0001213900-25-057434,https://www.sec.gov/Archives/edgar/data/2061379/000121390025057434/0001213900-25-057434.txt
0002061379,https://www.sec.gov/Archives/edgar/data/2061379/000121390025057432/ownership.xml,LWAC,LightWave Acquisition Corp.,3,2025-06-24,160,,False,,,,,0001213900-25-057432,https://www.sec.gov/Archives/edgar/data/2061379/000121390025057432/0001213900-25-057432.txt
0002061379,https://www.sec.gov/Archives/edgar/data/2061379/000121390025062396/ownership.xml,LWAC,LightWave Acquisition Corp.,4,2025-07-09,145,,False,,,,,0001213900-25-062396,https://www.sec.gov/Archives/edgar/data/2061379/000121390025062396/0001213900-25-062396.txt
0002061379,https://www.sec.gov/Archives/edgar/data/2061379/000121390025058108/ea0234161-09.htm,LWAC,LightWave Acquisition Corp.,424B4,2025-06-26,158,,False,,,,,0001213900-25-058108,https://www.sec.gov/Archives/edgar/data/2061379/000121390025058108/0001213900-25-058108.txt
0002061379,https://www.sec.gov/Archives/edgar/data/2061379/000121390025061105/ea0248082-8k_light.htm,LWAC,LightWave Acquisition Corp.,8-K,2025-07-02,152,,False,,,,,0001213900-25-061105,https://www.sec.gov/Archives/edgar/data/2061379/000121390025061105/0001213900-25-061105.txt
0002061379,https://www.sec.gov/Archives/edgar/data/2061379/000121390025059736/ea0247499-8k_lightwave.htm,LWAC,LightWave Acquisition Corp.,8-K,2025-06-30,154,,False,,,,,0001213900-25-059736,https://www.sec.gov/Archives/edgar/data/2061379/000121390025059736/0001213900-25-059736.txt
0001958217,https://www.sec.gov/Archives/edgar/data/1958217/000121390025086285/ea0256571-424b3_lifezone.htm,LZM,Lifezone Metals Ltd,424B3,2025-09-10,82,,False,,,,,0001213900-25-086285,https://www.sec.gov/Archives/edgar/data/1958217/000121390025086285/0001213900-25-086285.txt
0001958217,https://www.sec.gov/Archives/edgar/data/1958217/000121390025108297/ea0263771-424b5_lifezone.htm,LZM,Lifezone Metals Ltd,424B5,2025-11-10,21,,False,,,,,0001213900-25-108297,https://www.sec.gov/Archives/edgar/data/1958217/000121390025108297/0001213900-25-108297.txt
0001958217,https://www.sec.gov/Archives/edgar/data/1958217/000121390025108518/ea0264980-6k_lifezone.htm,LZM,Lifezone Metals Ltd,6-K,2025-11-12,19,,False,,NO_CASHFLOW,cashflow statement missing,,0001213900-25-108518,https://www.sec.gov/Archives/edgar/data/1958217/000121390025108518/0001213900-25-108518.txt
0001958217,https://www.sec.gov/Archives/edgar/data/1958217/000121390025082897/ea0255451-6k_lifezone.htm,LZM,Lifezone Metals Ltd,6-K,2025-09-02,90,,False,,NO_CASHFLOW,cashflow statement missing,,0001213900-25-082897,https://www.sec.gov/Archives/edgar/data/1958217/000121390025082897/0001213900-25-082897.txt
0001958217,https://www.sec.gov/Archives/edgar/data/1958217/000121390025073901/ea0251029-6k_lifezone.htm,LZM,Lifezone Metals Ltd,6-K,2025-08-11,112,,False,,NO_CASHFLOW,cashflow statement missing,,0001213900-25-073901,https://www.sec.gov/Archives/edgar/data/1958217/000121390025073901/0001213900-25-073901.txt
0001958217,https://www.sec.gov/Archives/edgar/data/1958217/000121390025065317/ea0249214-6k_lifezone.htm,LZM,Lifezone Metals Ltd,6-K,2025-07-18,136,,False,,NO_CASHFLOW,cashflow statement missing,,0001213900-25-065317,https://www.sec.gov/Archives/edgar/data/1958217/000121390025065317/0001213900-25-065317.txt
0001878313,https://www.sec.gov/Archives/edgar/data/1878313/000187831325000056/form4.xml,MAIA,"MAIA Biotechnology, Inc.",4,2025-12-01,0,,False,,,,,0001878313-25-000056,https://www.sec.gov/Archives/edgar/data/1878313/000187831325000056/0001878313-25-000056.txt
0001878313,https://www.sec.gov/Archives/edgar/data/1878313/000187831325000052/form4.xml,MAIA,"MAIA Biotechnology, Inc.",4,2025-12-01,0,,False,,,,,0001878313-25-000052,https://www.sec.gov/Archives/edgar/data/1878313/000187831325000052/0001878313-25-000052.txt
0001878313,https://www.sec.gov/Archives/edgar/data/1878313/000187831325000054/form4.xml,MAIA,"MAIA Biotechnology, Inc.",4,2025-12-01,0,,False,,,,,0001878313-25-000054,https://www.sec.gov/Archives/edgar/data/1878313/000187831325000054/0001878313-25-000054.txt
0001878313,https://www.sec.gov/Archives/edgar/data/1878313/000187831325000050/form4.xml,MAIA,"MAIA Biotechnology, Inc.",4,2025-11-28,3,,False,,,,,0001878313-25-000050,https://www.sec.gov/Archives/edgar/data/1878313/000187831325000050/0001878313-25-000050.txt
0001878313,https://www.sec.gov/Archives/edgar/data/1878313/000187831325000047/form4.xml,MAIA,"MAIA Biotechnology, Inc.",4,2025-11-28,3,,False,,,,,0001878313-25-000047,https://www.sec.gov/Archives/edgar/data/1878313/000187831325000047/0001878313-25-000047.txt
0001878313,https://www.sec.gov/Archives/edgar/data/1878313/000187831325000045/form4.xml,MAIA,"MAIA Biotechnology, Inc.",4,2025-11-26,5,,False,,,,,0001878313-25-000045,https://www.sec.gov/Archives/edgar/data/1878313/000187831325000045/0001878313-25-000045.txt
0001878313,https://www.sec.gov/Archives/edgar/data/1878313/000187831325000040/form4.xml,MAIA,"MAIA Biotechnology, Inc.",4,2025-11-25,6,,False,,,,,0001878313-25-000040,https://www.sec.gov/Archives/edgar/data/1878313/000187831325000040/0001878313-25-000040.txt
0001878313,https://www.sec.gov/Archives/edgar/data/1878313/000187831325000037/form4.xml,MAIA,"MAIA Biotechnology, Inc.",4,2025-10-06,56,,False,,,,,0001878313-25-000037,https://www.sec.gov/Archives/edgar/data/1878313/000187831325000037/0001878313-25-000037.txt
0001878313,https://www.sec.gov/Archives/edgar/data/1878313/000187831325000033/form4.xml,MAIA,"MAIA Biotechnology, Inc.",4,2025-10-06,56,,False,,,,,0001878313-25-000033,https://www.sec.gov/Archives/edgar/data/1878313/000187831325000033/0001878313-25-000033.txt
0001878313,https://www.sec.gov/Archives/edgar/data/1878313/000187831325000031/form4.xml,MAIA,"MAIA Biotechnology, Inc.",4,2025-10-06,56,,False,,,,,0001878313-25-000031,https://www.sec.gov/Archives/edgar/data/1878313/000187831325000031/0001878313-25-000031.txt
0001878313,https://www.sec.gov/Archives/edgar/data/1878313/000164117225000776/form424b5.htm,MAIA,"MAIA Biotechnology, Inc.",424B5,2025-03-26,250,,False,,,,,0001641172-25-000776,https://www.sec.gov/Archives/edgar/data/1878313/000164117225000776/0001641172-25-000776.txt
0001878313,https://www.sec.gov/Archives/edgar/data/1878313/000119312524284258/d698846d424b5.htm,MAIA,"MAIA Biotechnology, Inc.",424B5,2024-12-23,343,,False,,,,,0001193125-24-284258,https://www.sec.gov/Archives/edgar/data/1878313/000119312524284258/0001193125-24-284258.txt
0001878313,https://www.sec.gov/Archives/edgar/data/1878313/000149315225024556/form8-k.htm,MAIA,"MAIA Biotechnology, Inc.",8-K,2025-11-21,10,,False,,,,,0001493152-25-024556,https://www.sec.gov/Archives/edgar/data/1878313/000149315225024556/0001493152-25-024556.txt
0001878313,https://www.sec.gov/Archives/edgar/data/1878313/000149315225024402/form8-k.htm,MAIA,"MAIA Biotechnology, Inc.",8-K,2025-11-20,11,,False,,,,,0001493152-25-024402,https://www.sec.gov/Archives/edgar/data/1878313/000149315225024402/0001493152-25-024402.txt
0001878313,https://www.sec.gov/Archives/edgar/data/1878313/000149315225021195/form8-k.htm,MAIA,"MAIA Biotechnology, Inc.",8-K,2025-11-07,24,,False,,,,,0001493152-25-021195,https://www.sec.gov/Archives/edgar/data/1878313/000149315225021195/0001493152-25-021195.txt
0001878313,https://www.sec.gov/Archives/edgar/data/1878313/000149315225019748/form8-k.htm,MAIA,"MAIA Biotechnology, Inc.",8-K,2025-10-27,35,,False,,,,,0001493152-25-019748,https://www.sec.gov/Archives/edgar/data/1878313/000149315225019748/0001493152-25-019748.txt
0001878313,https://www.sec.gov/Archives/edgar/data/1878313/000149315225019315/form8-k.htm,MAIA,"MAIA Biotechnology, Inc.",8-K,2025-10-24,38,,False,,,,,0001493152-25-019315,https://www.sec.gov/Archives/edgar/data/1878313/000149315225019315/0001493152-25-019315.txt
0001878313,https://www.sec.gov/Archives/edgar/data/1878313/000149315225019014/form8-k.htm,MAIA,"MAIA Biotechnology, Inc.",8-K,2025-10-23,39,,False,,,,,0001493152-25-019014,https://www.sec.gov/Archives/edgar/data/1878313/000149315225019014/0001493152-25-019014.txt
0001878313,https://www.sec.gov/Archives/edgar/data/1878313/000149315225017948/form8-k.htm,MAIA,"MAIA Biotechnology, Inc.",8-K,2025-10-14,48,,False,,,,,0001493152-25-017948,https://www.sec.gov/Archives/edgar/data/1878313/000149315225017948/0001493152-25-017948.txt
0001878313,https://www.sec.gov/Archives/edgar/data/1878313/000149315225017222/form8-k.htm,MAIA,"MAIA Biotechnology, Inc.",8-K,2025-10-07,55,,False,,,,,0001493152-25-017222,https://www.sec.gov/Archives/edgar/data/1878313/000149315225017222/0001493152-25-017222.txt
0001878313,https://www.sec.gov/Archives/edgar/data/1878313/000149315225016200/form8-k.htm,MAIA,"MAIA Biotechnology, Inc.",8-K,2025-09-30,62,,False,,,,,0001493152-25-016200,https://www.sec.gov/Archives/edgar/data/1878313/000149315225016200/0001493152-25-016200.txt
0001878313,https://www.sec.gov/Archives/edgar/data/1878313/000149315225014729/form8-k.htm,MAIA,"MAIA Biotechnology, Inc.",8-K,2025-09-24,68,,False,,,,,0001493152-25-014729,https://www.sec.gov/Archives/edgar/data/1878313/000149315225014729/0001493152-25-014729.txt
0001878313,https://www.sec.gov/Archives/edgar/data/1878313/000164117225001222/forms-8.htm,MAIA,"MAIA Biotechnology, Inc.",S-8,2025-03-28,248,,False,,,,,0001641172-25-001222,https://www.sec.gov/Archives/edgar/data/1878313/000164117225001222/0001641172-25-001222.txt
0002073928,https://www.sec.gov/Archives/edgar/data/2073928/000121390025110004/ea0264984-10q_m3brigade6.htm,MBVI,M3-Brigade Acquisition VI Corp.,10-Q,2025-11-13,18,,False,,NO_CASHFLOW,operating cash flow missing,,0001213900-25-110004,https://www.sec.gov/Archives/edgar/data/2073928/000121390025110004/0001213900-25-110004.txt
0002073928,https://www.sec.gov/Archives/edgar/data/2073928/000121390025097450/ea0259631-10q_m3brigade6.htm,MBVI,M3-Brigade Acquisition VI Corp.,10-Q,2025-10-08,54,,False,,NO_CASHFLOW,operating cash flow missing,,0001213900-25-097450,https://www.sec.gov/Archives/edgar/data/2073928/000121390025097450/0001213900-25-097450.txt
0002073928,https://www.sec.gov/Archives/edgar/data/2073928/000095014225002280/es250671166_3-m36rattner.xml,MBVI,M3-Brigade Acquisition VI Corp.,3,2025-08-26,97,,False,,,,,0000950142-25-002280,https://www.sec.gov/Archives/edgar/data/2073928/000095014225002280/0000950142-25-002280.txt
0002073928,https://www.sec.gov/Archives/edgar/data/2073928/000095014225002279/es250671165_3-m36perkal.xml,MBVI,M3-Brigade Acquisition VI Corp.,3,2025-08-26,97,,False,,,,,0000950142-25-002279,https://www.sec.gov/Archives/edgar/data/2073928/000095014225002279/0000950142-25-002279.txt
0002073928,https://www.sec.gov/Archives/edgar/data/2073928/000095014225002278/es250671164_3-m36meghji.xml,MBVI,M3-Brigade Acquisition VI Corp.,3,2025-08-26,97,,False,,,,,0000950142-25-002278,https://www.sec.gov/Archives/edgar/data/2073928/000095014225002278/0000950142-25-002278.txt
0002073928,https://www.sec.gov/Archives/edgar/data/2073928/000095014225002277/es250671161_3-m36greenhaus.xml,MBVI,M3-Brigade Acquisition VI Corp.,3,2025-08-26,97,,False,,,,,0000950142-25-002277,https://www.sec.gov/Archives/edgar/data/2073928/000095014225002277/0000950142-25-002277.txt
0002073928,https://www.sec.gov/Archives/edgar/data/2073928/000095014225002276/es250671160_3-m36garner.xml,MBVI,M3-Brigade Acquisition VI Corp.,3,2025-08-26,97,,False,,,,,0000950142-25-002276,https://www.sec.gov/Archives/edgar/data/2073928/000095014225002276/0000950142-25-002276.txt
0002073928,https://www.sec.gov/Archives/edgar/data/2073928/000121390025081199/ea0247441-10.htm,MBVI,M3-Brigade Acquisition VI Corp.,424B4,2025-08-27,96,,False,,,,,0001213900-25-081199,https://www.sec.gov/Archives/edgar/data/2073928/000121390025081199/0001213900-25-081199.txt
0002073928,https://www.sec.gov/Archives/edgar/data/2073928/000095014225002818/eh250692721_8k.htm,MBVI,M3-Brigade Acquisition VI Corp.,8-K,2025-10-16,46,,False,,,,,0000950142-25-002818,https://www.sec.gov/Archives/edgar/data/2073928/000095014225002818/0000950142-25-002818.txt
0002073928,https://www.sec.gov/Archives/edgar/data/2073928/000121390025084538/ea0255547-8k_m3brigade6.htm,MBVI,M3-Brigade Acquisition VI Corp.,8-K,2025-09-04,88,,False,,,,,0001213900-25-084538,https://www.sec.gov/Archives/edgar/data/2073928/000121390025084538/0001213900-25-084538.txt
0002073928,https://www.sec.gov/Archives/edgar/data/2073928/000121390025083405/ea0255430-8k_m3brig6.htm,MBVI,M3-Brigade Acquisition VI Corp.,8-K,2025-09-02,90,,False,,,,,0001213900-25-083405,https://www.sec.gov/Archives/edgar/data/2073928/000121390025083405/0001213900-25-083405.txt
0002064658,https://www.sec.gov/Archives/edgar/data/2064658/000121390025076738/ea0250032-10q_yorkville.htm,MCGA,Yorkville Acquisition Corp.,10-Q,2025-08-14,109,,False,,NO_CASHFLOW,operating cash flow missing,,0001213900-25-076738,https://www.sec.gov/Archives/edgar/data/2064658/000121390025076738/0001213900-25-076738.txt
0002064658,https://www.sec.gov/Archives/edgar/data/2064658/000121390025073705/ea0250890-10q_yorkville.htm,MCGA,Yorkville Acquisition Corp.,10-Q,2025-08-08,115,,False,,NO_CASHFLOW,operating cash flow missing,,0001213900-25-073705,https://www.sec.gov/Archives/edgar/data/2064658/000121390025073705/0001213900-25-073705.txt
0002064658,https://www.sec.gov/Archives/edgar/data/2064658/000110465925091749/tm2526586-1_3seq1.xml,MCGA,Yorkville Acquisition Corp.,3,2025-09-19,73,,False,,,,,0001104659-25-091749,https://www.sec.gov/Archives/edgar/data/2064658/000110465925091749/0001104659-25-091749.txt
0002064658,https://www.sec.gov/Archives/edgar/data/2064658/000110465925089104/tm2525787-1_3seq1.xml,MCGA,Yorkville Acquisition Corp.,3,2025-09-10,82,,False,,,,,0001104659-25-089104,https://www.sec.gov/Archives/edgar/data/2064658/000110465925089104/0001104659-25-089104.txt
0002064658,https://www.sec.gov/Archives/edgar/data/2064658/000110465925086424/tm2525034-1_3seq1.xml,MCGA,Yorkville Acquisition Corp.,3,2025-09-02,90,,False,,,,,0001104659-25-086424,https://www.sec.gov/Archives/edgar/data/2064658/000110465925086424/0001104659-25-086424.txt
0002064658,https://www.sec.gov/Archives/edgar/data/2064658/000121390025059693/ownership.xml,MCGA,Yorkville Acquisition Corp.,3,2025-06-30,154,,False,,,,,0001213900-25-059693,https://www.sec.gov/Archives/edgar/data/2064658/000121390025059693/0001213900-25-059693.txt
0002064658,https://www.sec.gov/Archives/edgar/data/2064658/000121390025059087/ownership.xml,MCGA,Yorkville Acquisition Corp.,3,2025-06-27,157,,False,,,,,0001213900-25-059087,https://www.sec.gov/Archives/edgar/data/2064658/000121390025059087/0001213900-25-059087.txt
0002064658,https://www.sec.gov/Archives/edgar/data/2064658/000110465925089105/tm2525787-2_4seq1.xml,MCGA,Yorkville Acquisition Corp.,4,2025-09-10,82,,False,,,,,0001104659-25-089105,https://www.sec.gov/Archives/edgar/data/2064658/000110465925089105/0001104659-25-089105.txt
0002064658,https://www.sec.gov/Archives/edgar/data/2064658/000121390025061175/ownership.xml,MCGA,Yorkville Acquisition Corp.,4,2025-07-02,152,,False,,,,,0001213900-25-061175,https://www.sec.gov/Archives/edgar/data/2064658/000121390025061175/0001213900-25-061175.txt
0002064658,https://www.sec.gov/Archives/edgar/data/2064658/000121390025061173/ownership.xml,MCGA,Yorkville Acquisition Corp.,4,2025-07-02,152,,False,,,,,0001213900-25-061173,https://www.sec.gov/Archives/edgar/data/2064658/000121390025061173/0001213900-25-061173.txt
0002064658,https://www.sec.gov/Archives/edgar/data/2064658/000121390025059356/ea0237939-05.htm,MCGA,Yorkville Acquisition Corp.,424B4,2025-06-30,154,,False,,,,,0001213900-25-059356,https://www.sec.gov/Archives/edgar/data/2064658/000121390025059356/0001213900-25-059356.txt
0002064658,https://www.sec.gov/Archives/edgar/data/2064658/000110465925083153/tm2524365d3_8k.htm,MCGA,Yorkville Acquisition Corp.,8-K,2025-08-26,97,,False,,,,,0001104659-25-083153,https://www.sec.gov/Archives/edgar/data/2064658/000110465925083153/0001104659-25-083153.txt
0002064658,https://www.sec.gov/Archives/edgar/data/2064658/000110465925082818/tm2524365d1_8k.htm,MCGA,Yorkville Acquisition Corp.,8-K,2025-08-26,97,,False,,,,,0001104659-25-082818,https://www.sec.gov/Archives/edgar/data/2064658/000110465925082818/0001104659-25-082818.txt
0002064658,https://www.sec.gov/Archives/edgar/data/2064658/000121390025066174/ea0249724-8k_york.htm,MCGA,Yorkville Acquisition Corp.,8-K,2025-07-21,133,,False,,,,,0001213900-25-066174,https://www.sec.gov/Archives/edgar/data/2064658/000121390025066174/0001213900-25-066174.txt
0002064658,https://www.sec.gov/Archives/edgar/data/2064658/000121390025061847/ea0248251-8k_york.htm,MCGA,Yorkville Acquisition Corp.,8-K,2025-07-07,147,,False,,,,,0001213900-25-061847,https://www.sec.gov/Archives/edgar/data/2064658/000121390025061847/0001213900-25-061847.txt
0002064658,https://www.sec.gov/Archives/edgar/data/2064658/000121390025059672/ea0247438-8k_york.htm,MCGA,Yorkville Acquisition Corp.,8-K,2025-06-30,154,,False,,,,,0001213900-25-059672,https://www.sec.gov/Archives/edgar/data/2064658/000121390025059672/0001213900-25-059672.txt
0001645873,https://www.sec.gov/Archives/edgar/data/1645873/000164587325000027/none-20241231.htm,MDV,"MODIV INDUSTRIAL, INC.",10-K,2025-03-04,272,,False,,NO_PERIODS,no inferable periods,,0001645873-25-000027,https://www.sec.gov/Archives/edgar/data/1645873/000164587325000027/0001645873-25-000027.txt
0001645873,https://www.sec.gov/Archives/edgar/data/1645873/000164587325000194/none-20250930.htm,MDV,"MODIV INDUSTRIAL, INC.",10-Q,2025-11-14,17,,False,,NO_PERIODS,no inferable periods,,0001645873-25-000194,https://www.sec.gov/Archives/edgar/data/1645873/000164587325000194/0001645873-25-000194.txt
0001645873,https://www.sec.gov/Archives/edgar/data/1645873/000164587325000140/none-20250630.htm,MDV,"MODIV INDUSTRIAL, INC.",10-Q,2025-08-07,116,,False,,NO_PERIODS,no inferable periods,,0001645873-25-000140,https://www.sec.gov/Archives/edgar/data/1645873/000164587325000140/0001645873-25-000140.txt
0001645873,https://www.sec.gov/Archives/edgar/data/1645873/000164587325000203/wk-form4_1763424593.xml,MDV,"MODIV INDUSTRIAL, INC.",4,2025-11-17,14,,False,,,,,0001645873-25-000203,https://www.sec.gov/Archives/edgar/data/1645873/000164587325000203/0001645873-25-000203.txt
0001645873,https://www.sec.gov/Archives/edgar/data/1645873/000164587325000201/wk-form4_1763414000.xml,MDV,"MODIV INDUSTRIAL, INC.",4,2025-11-17,14,,False,,,,,0001645873-25-000201,https://www.sec.gov/Archives/edgar/data/1645873/000164587325000201/0001645873-25-000201.txt
0001645873,https://www.sec.gov/Archives/edgar/data/1645873/000164587325000200/wk-form4_1763413994.xml,MDV,"MODIV INDUSTRIAL, INC.",4,2025-11-17,14,,False,,,,,0001645873-25-000200,https://www.sec.gov/Archives/edgar/data/1645873/000164587325000200/0001645873-25-000200.txt
0001645873,https://www.sec.gov/Archives/edgar/data/1645873/000164587325000181/wk-form4_1760660021.xml,MDV,"MODIV INDUSTRIAL, INC.",4,2025-10-16,46,,False,,,,,0001645873-25-000181,https://www.sec.gov/Archives/edgar/data/1645873/000164587325000181/0001645873-25-000181.txt
0001645873,https://www.sec.gov/Archives/edgar/data/1645873/000164587325000178/wk-form4_1760575369.xml,MDV,"MODIV INDUSTRIAL, INC.",4,2025-10-15,47,,False,,,,,0001645873-25-000178,https://www.sec.gov/Archives/edgar/data/1645873/000164587325000178/0001645873-25-000178.txt
0001645873,https://www.sec.gov/Archives/edgar/data/1645873/000164587325000177/wk-form4_1760575362.xml,MDV,"MODIV INDUSTRIAL, INC.",4,2025-10-15,47,,False,,,,,0001645873-25-000177,https://www.sec.gov/Archives/edgar/data/1645873/000164587325000177/0001645873-25-000177.txt
0001645873,https://www.sec.gov/Archives/edgar/data/1645873/000164587325000174/wk-form4_1759363017.xml,MDV,"MODIV INDUSTRIAL, INC.",4,2025-10-01,61,,False,,,,,0001645873-25-000174,https://www.sec.gov/Archives/edgar/data/1645873/000164587325000174/0001645873-25-000174.txt
0001645873,https://www.sec.gov/Archives/edgar/data/1645873/000164587325000173/wk-form4_1759363012.xml,MDV,"MODIV INDUSTRIAL, INC.",4,2025-10-01,61,,False,,,,,0001645873-25-000173,https://www.sec.gov/Archives/edgar/data/1645873/000164587325000173/0001645873-25-000173.txt
0001645873,https://www.sec.gov/Archives/edgar/data/1645873/000164587325000172/wk-form4_1759363007.xml,MDV,"MODIV INDUSTRIAL, INC.",4,2025-10-01,61,,False,,,,,0001645873-25-000172,https://www.sec.gov/Archives/edgar/data/1645873/000164587325000172/0001645873-25-000172.txt
0001645873,https://www.sec.gov/Archives/edgar/data/1645873/000164587325000168/wk-form4_1759362021.xml,MDV,"MODIV INDUSTRIAL, INC.",4,2025-10-01,61,,False,,,,,0001645873-25-000168,https://www.sec.gov/Archives/edgar/data/1645873/000164587325000168/0001645873-25-000168.txt
0001645873,https://www.sec.gov/Archives/edgar/data/1645873/000114036125029599/ny20053004x1_424b2.htm,MDV,"MODIV INDUSTRIAL, INC.",424B2,2025-08-07,116,,False,,,,,0001140361-25-029599,https://www.sec.gov/Archives/edgar/data/1645873/000114036125029599/0001140361-25-029599.txt
0001645873,https://www.sec.gov/Archives/edgar/data/1645873/000114036125032355/ny20053004x2_424b3.htm,MDV,"MODIV INDUSTRIAL, INC.",424B3,2025-08-22,101,,False,,,,,0001140361-25-032355,https://www.sec.gov/Archives/edgar/data/1645873/000114036125032355/0001140361-25-032355.txt
0001645873,https://www.sec.gov/Archives/edgar/data/1645873/000114036125006972/ny20044759x2_424b5.htm,MDV,"MODIV INDUSTRIAL, INC.",424B5,2025-03-04,272,,False,,,,,0001140361-25-006972,https://www.sec.gov/Archives/edgar/data/1645873/000114036125006972/0001140361-25-006972.txt
0001645873,https://www.sec.gov/Archives/edgar/data/1645873/000164587325000197/cik0001645873-20251114.htm,MDV,"MODIV INDUSTRIAL, INC.",8-K,2025-11-14,17,,False,,,,,0001645873-25-000197,https://www.sec.gov/Archives/edgar/data/1645873/000164587325000197/0001645873-25-000197.txt
0001645873,https://www.sec.gov/Archives/edgar/data/1645873/000164587325000183/cik0001645873-20251017.htm,MDV,"MODIV INDUSTRIAL, INC.",8-K,2025-10-17,45,,False,,,,,0001645873-25-000183,https://www.sec.gov/Archives/edgar/data/1645873/000164587325000183/0001645873-25-000183.txt
0001645873,https://www.sec.gov/Archives/edgar/data/1645873/000164587325000156/cik0001645873-20250912.htm,MDV,"MODIV INDUSTRIAL, INC.",8-K,2025-09-12,80,,False,,,,,0001645873-25-000156,https://www.sec.gov/Archives/edgar/data/1645873/000164587325000156/0001645873-25-000156.txt
0001645873,https://www.sec.gov/Archives/edgar/data/1645873/000164587325000144/cik0001645873-20250807.htm,MDV,"MODIV INDUSTRIAL, INC.",8-K,2025-08-07,116,,False,,,,,0001645873-25-000144,https://www.sec.gov/Archives/edgar/data/1645873/000164587325000144/0001645873-25-000144.txt
0001645873,https://www.sec.gov/Archives/edgar/data/1645873/000164587325000132/cik0001645873-20250723.htm,MDV,"MODIV INDUSTRIAL, INC.",8-K,2025-07-25,129,,False,,,,,0001645873-25-000132,https://www.sec.gov/Archives/edgar/data/1645873/000164587325000132/0001645873-25-000132.txt
0001645873,https://www.sec.gov/Archives/edgar/data/1645873/000164587325000109/cik0001645873-20250618.htm,MDV,"MODIV INDUSTRIAL, INC.",8-K,2025-06-18,166,,False,,,,,0001645873-25-000109,https://www.sec.gov/Archives/edgar/data/1645873/000164587325000109/0001645873-25-000109.txt
0001645873,https://www.sec.gov/Archives/edgar/data/1645873/000164587325000081/cik0001645873-20250507.htm,MDV,"MODIV INDUSTRIAL, INC.",8-K,2025-05-07,208,,False,,,,,0001645873-25-000081,https://www.sec.gov/Archives/edgar/data/1645873/000164587325000081/0001645873-25-000081.txt
0001645873,https://www.sec.gov/Archives/edgar/data/1645873/000164587325000064/cik0001645873-20250407.htm,MDV,"MODIV INDUSTRIAL, INC.",8-K,2025-04-07,238,,False,,,,,0001645873-25-000064,https://www.sec.gov/Archives/edgar/data/1645873/000164587325000064/0001645873-25-000064.txt
0001645873,https://www.sec.gov/Archives/edgar/data/1645873/000164587325000042/cik0001645873-20250310.htm,MDV,"MODIV INDUSTRIAL, INC.",8-K,2025-03-13,263,,False,,,,,0001645873-25-000042,https://www.sec.gov/Archives/edgar/data/1645873/000164587325000042/0001645873-25-000042.txt
0001645873,https://www.sec.gov/Archives/edgar/data/1645873/000164587325000038/cik0001645873-20250304.htm,MDV,"MODIV INDUSTRIAL, INC.",8-K,2025-03-07,269,,False,,,,,0001645873-25-000038,https://www.sec.gov/Archives/edgar/data/1645873/000164587325000038/0001645873-25-000038.txt
0001645873,https://www.sec.gov/Archives/edgar/data/1645873/000114036125020942/ny20049812x1_s3.htm,MDV,"MODIV INDUSTRIAL, INC.",S-3,2025-05-30,185,,False,,,,,0001140361-25-020942,https://www.sec.gov/Archives/edgar/data/1645873/000114036125020942/0001140361-25-020942.txt
0001645873,https://www.sec.gov/Archives/edgar/data/1645873/000114036125006949/ef20044377_s8.htm,MDV,"MODIV INDUSTRIAL, INC.",S-8,2025-03-04,272,,False,,,,,0001140361-25-006949,https://www.sec.gov/Archives/edgar/data/1645873/000114036125006949/0001140361-25-006949.txt
0001333274,https://www.sec.gov/Archives/edgar/data/1333274/000095017025024217/merc-20241231.htm,MERC,MERCER INTERNATIONAL INC.,10-K,2025-02-20,284,,False,,NO_PERIODS,no inferable periods,,0000950170-25-024217,https://www.sec.gov/Archives/edgar/data/1333274/000095017025024217/0000950170-25-024217.txt
0001333274,https://www.sec.gov/Archives/edgar/data/1333274/000120545025000001/primary_doc.xml,MERC,MERCER INTERNATIONAL INC.,4,2025-08-19,104,,False,,,,,0001205450-25-000001,https://www.sec.gov/Archives/edgar/data/1333274/000120545025000001/0001205450-25-000001.txt
0001333274,https://www.sec.gov/Archives/edgar/data/1333274/000184817425000001/primary_doc.xml,MERC,MERCER INTERNATIONAL INC.,4,2025-08-08,115,,False,,,,,0001848174-25-000001,https://www.sec.gov/Archives/edgar/data/1333274/000184817425000001/0001848174-25-000001.txt
0001333274,https://www.sec.gov/Archives/edgar/data/1333274/000184817425000002/primary_doc.xml,MERC,MERCER INTERNATIONAL INC.,4,2025-08-08,115,,False,,,,,0001848174-25-000002,https://www.sec.gov/Archives/edgar/data/1333274/000184817425000002/0001848174-25-000002.txt
0001333274,https://www.sec.gov/Archives/edgar/data/1333274/000110465925070127/tm2521601-1_4seq1.xml,MERC,MERCER INTERNATIONAL INC.,4,2025-07-23,131,,False,,,,,0001104659-25-070127,https://www.sec.gov/Archives/edgar/data/1333274/000110465925070127/0001104659-25-070127.txt
0001333274,https://www.sec.gov/Archives/edgar/data/1333274/000110465925066671/tm2520235-1_4seq1.xml,MERC,MERCER INTERNATIONAL INC.,4,2025-07-09,145,,False,,,,,0001104659-25-066671,https://www.sec.gov/Archives/edgar/data/1333274/000110465925066671/0001104659-25-066671.txt
0001333274,https://www.sec.gov/Archives/edgar/data/1333274/000192718625000002/primary_doc.xml,MERC,MERCER INTERNATIONAL INC.,4,2025-06-13,171,,False,,,,,0001927186-25-000002,https://www.sec.gov/Archives/edgar/data/1333274/000192718625000002/0001927186-25-000002.txt
0001333274,https://www.sec.gov/Archives/edgar/data/1333274/000126089325000001/primary_doc.xml,MERC,MERCER INTERNATIONAL INC.,4,2025-06-03,181,,False,,,,,0001260893-25-000001,https://www.sec.gov/Archives/edgar/data/1333274/000126089325000001/0001260893-25-000001.txt
0001333274,https://www.sec.gov/Archives/edgar/data/1333274/000126089325000002/primary_doc.xml,MERC,MERCER INTERNATIONAL INC.,4,2025-06-03,181,,False,,,,,0001260893-25-000002,https://www.sec.gov/Archives/edgar/data/1333274/000126089325000002/0001260893-25-000002.txt
0001333274,https://www.sec.gov/Archives/edgar/data/1333274/000126089325000003/primary_doc.xml,MERC,MERCER INTERNATIONAL INC.,4,2025-06-03,181,,False,,,,,0001260893-25-000003,https://www.sec.gov/Archives/edgar/data/1333274/000126089325000003/0001260893-25-000003.txt
0001333274,https://www.sec.gov/Archives/edgar/data/1333274/000174262325000001/primary_doc.xml,MERC,MERCER INTERNATIONAL INC.,4/A,2025-06-09,175,,False,,,,,0001742623-25-000001,https://www.sec.gov/Archives/edgar/data/1333274/000174262325000001/0001742623-25-000001.txt
0001333274,https://www.sec.gov/Archives/edgar/data/1333274/000119312525269754/merc-20251106.htm,MERC,MERCER INTERNATIONAL INC.,8-K,2025-11-06,25,,False,,,,,0001193125-25-269754,https://www.sec.gov/Archives/edgar/data/1333274/000119312525269754/0001193125-25-269754.txt
0001333274,https://www.sec.gov/Archives/edgar/data/1333274/000095017025100959/merc-20250731.htm,MERC,MERCER INTERNATIONAL INC.,8-K,2025-07-31,123,,False,,,,,0000950170-25-100959,https://www.sec.gov/Archives/edgar/data/1333274/000095017025100959/0000950170-25-100959.txt
0001333274,https://www.sec.gov/Archives/edgar/data/1333274/000119312525132271/d62751d8k.htm,MERC,MERCER INTERNATIONAL INC.,8-K,2025-05-30,185,,False,,,,,0001193125-25-132271,https://www.sec.gov/Archives/edgar/data/1333274/000119312525132271/0001193125-25-132271.txt
0001333274,https://www.sec.gov/Archives/edgar/data/1333274/000095017025061954/merc-20250501.htm,MERC,MERCER INTERNATIONAL INC.,8-K,2025-05-01,214,,False,,,,,0000950170-25-061954,https://www.sec.gov/Archives/edgar/data/1333274/000095017025061954/0000950170-25-061954.txt
0001333274,https://www.sec.gov/Archives/edgar/data/1333274/000095017025024218/merc-20250220.htm,MERC,MERCER INTERNATIONAL INC.,8-K,2025-02-20,284,,False,,,,,0000950170-25-024218,https://www.sec.gov/Archives/edgar/data/1333274/000095017025024218/0000950170-25-024218.txt
0001333274,https://www.sec.gov/Archives/edgar/data/1333274/000095017024119585/merc-20241031.htm,MERC,MERCER INTERNATIONAL INC.,8-K,2024-10-31,396,,False,,,,,0000950170-24-119585,https://www.sec.gov/Archives/edgar/data/1333274/000095017024119585/0000950170-24-119585.txt
0001333274,https://www.sec.gov/Archives/edgar/data/1333274/000119312524247125/d901655d8k.htm,MERC,MERCER INTERNATIONAL INC.,8-K,2024-10-30,397,,False,,,,,0001193125-24-247125,https://www.sec.gov/Archives/edgar/data/1333274/000119312524247125/0001193125-24-247125.txt
0001333274,https://www.sec.gov/Archives/edgar/data/1333274/000119312525177033/d16765ds3.htm,MERC,MERCER INTERNATIONAL INC.,S-3,2025-08-08,115,,False,,,,,0001193125-25-177033,https://www.sec.gov/Archives/edgar/data/1333274/000119312525177033/0001193125-25-177033.txt
0001333274,https://www.sec.gov/Archives/edgar/data/1333274/000119312525136850/d947299ds8.htm,MERC,MERCER INTERNATIONAL INC.,S-8,2025-06-06,178,,False,,,,,0001193125-25-136850,https://www.sec.gov/Archives/edgar/data/1333274/000119312525136850/0001193125-25-136850.txt
0001005101,https://www.sec.gov/Archives/edgar/data/1005101/000117120025000277/ownership.xml,MGLD,"Marygold Companies, Inc.",4,2025-11-21,10,,False,,,,,0001171200-25-000277,https://www.sec.gov/Archives/edgar/data/1005101/000117120025000277/0001171200-25-000277.txt
0001005101,https://www.sec.gov/Archives/edgar/data/1005101/000117120025000275/ownership.xml,MGLD,"Marygold Companies, Inc.",4,2025-11-10,21,,False,,,,,0001171200-25-000275,https://www.sec.gov/Archives/edgar/data/1005101/000117120025000275/0001171200-25-000275.txt
0001005101,https://www.sec.gov/Archives/edgar/data/1005101/000117120025000273/ownership.xml,MGLD,"Marygold Companies, Inc.",4,2025-11-10,21,,False,,,,,0001171200-25-000273,https://www.sec.gov/Archives/edgar/data/1005101/000117120025000273/0001171200-25-000273.txt
0001005101,https://www.sec.gov/Archives/edgar/data/1005101/000117120025000272/ownership.xml,MGLD,"Marygold Companies, Inc.",4,2025-11-10,21,,False,,,,,0001171200-25-000272,https://www.sec.gov/Archives/edgar/data/1005101/000117120025000272/0001171200-25-000272.txt
0001005101,https://www.sec.gov/Archives/edgar/data/1005101/000117120025000271/ownership.xml,MGLD,"Marygold Companies, Inc.",4,2025-11-10,21,,False,,,,,0001171200-25-000271,https://www.sec.gov/Archives/edgar/data/1005101/000117120025000271/0001171200-25-000271.txt
0001005101,https://www.sec.gov/Archives/edgar/data/1005101/000117120025000270/ownership.xml,MGLD,"Marygold Companies, Inc.",4,2025-11-10,21,,False,,,,,0001171200-25-000270,https://www.sec.gov/Archives/edgar/data/1005101/000117120025000270/0001171200-25-000270.txt
0001005101,https://www.sec.gov/Archives/edgar/data/1005101/000117120025000259/ownership.xml,MGLD,"Marygold Companies, Inc.",4,2025-06-24,160,,False,,,,,0001171200-25-000259,https://www.sec.gov/Archives/edgar/data/1005101/000117120025000259/0001171200-25-000259.txt
0001005101,https://www.sec.gov/Archives/edgar/data/1005101/000149315225009595/form424b5.htm,MGLD,"Marygold Companies, Inc.",424B5,2025-03-07,269,,False,,,,,0001493152-25-009595,https://www.sec.gov/Archives/edgar/data/1005101/000149315225009595/0001493152-25-009595.txt
0001005101,https://www.sec.gov/Archives/edgar/data/1005101/000149315225003788/form424b5.htm,MGLD,"Marygold Companies, Inc.",424B5,2025-01-27,308,,False,,,,,0001493152-25-003788,https://www.sec.gov/Archives/edgar/data/1005101/000149315225003788/0001493152-25-003788.txt
0001005101,https://www.sec.gov/Archives/edgar/data/1005101/000149315225003567/form424b5.htm,MGLD,"Marygold Companies, Inc.",424B5,2025-01-24,311,,False,,,,,0001493152-25-003567,https://www.sec.gov/Archives/edgar/data/1005101/000149315225003567/0001493152-25-003567.txt
0001005101,https://www.sec.gov/Archives/edgar/data/1005101/000149315225021565/form8-k.htm,MGLD,"Marygold Companies, Inc.",8-K,2025-11-10,21,,False,,,,,0001493152-25-021565,https://www.sec.gov/Archives/edgar/data/1005101/000149315225021565/0001493152-25-021565.txt
0001005101,https://www.sec.gov/Archives/edgar/data/1005101/000149315225021556/form8-k.htm,MGLD,"Marygold Companies, Inc.",8-K,2025-11-10,21,,False,,,,,0001493152-25-021556,https://www.sec.gov/Archives/edgar/data/1005101/000149315225021556/0001493152-25-021556.txt
0001005101,https://www.sec.gov/Archives/edgar/data/1005101/000149315225014463/form8-k.htm,MGLD,"Marygold Companies, Inc.",8-K,2025-09-22,70,,False,,,,,0001493152-25-014463,https://www.sec.gov/Archives/edgar/data/1005101/000149315225014463/0001493152-25-014463.txt
0001005101,https://www.sec.gov/Archives/edgar/data/1005101/000164117225015734/form8-k.htm,MGLD,"Marygold Companies, Inc.",8-K,2025-06-20,164,,False,,,,,0001641172-25-015734,https://www.sec.gov/Archives/edgar/data/1005101/000164117225015734/0001641172-25-015734.txt
0001005101,https://www.sec.gov/Archives/edgar/data/1005101/000164117225009268/form8-k.htm,MGLD,"Marygold Companies, Inc.",8-K,2025-05-08,207,,False,,,,,0001641172-25-009268,https://www.sec.gov/Archives/edgar/data/1005101/000164117225009268/0001641172-25-009268.txt
0001005101,https://www.sec.gov/Archives/edgar/data/1005101/000149315225009607/form8-k.htm,MGLD,"Marygold Companies, Inc.",8-K,2025-03-10,266,,False,,,,,0001493152-25-009607,https://www.sec.gov/Archives/edgar/data/1005101/000149315225009607/0001493152-25-009607.txt
0001005101,https://www.sec.gov/Archives/edgar/data/1005101/000149315225003789/form8-k.htm,MGLD,"Marygold Companies, Inc.",8-K,2025-01-27,308,,False,,,,,0001493152-25-003789,https://www.sec.gov/Archives/edgar/data/1005101/000149315225003789/0001493152-25-003789.txt
0001005101,https://www.sec.gov/Archives/edgar/data/1005101/000149315224044861/form8-k.htm,MGLD,"Marygold Companies, Inc.",8-K,2024-11-12,384,,False,,,,,0001493152-24-044861,https://www.sec.gov/Archives/edgar/data/1005101/000149315224044861/0001493152-24-044861.txt
0001005101,https://www.sec.gov/Archives/edgar/data/1005101/000149315224044647/form8-k.htm,MGLD,"Marygold Companies, Inc.",8-K,2024-11-12,384,,False,,,,,0001493152-24-044647,https://www.sec.gov/Archives/edgar/data/1005101/000149315224044647/0001493152-24-044647.txt
0001005101,https://www.sec.gov/Archives/edgar/data/1005101/000149315224050601/forms-3.htm,MGLD,"Marygold Companies, Inc.",S-3,2024-12-18,348,,False,,,,,0001493152-24-050601,https://www.sec.gov/Archives/edgar/data/1005101/000149315224050601/0001493152-24-050601.txt
0000918251,https://www.sec.gov/Archives/edgar/data/918251/000114036125021940/ef20046978_10k.htm,MPAA,MOTORCAR PARTS OF AMERICA INC,10-K,2025-06-09,175,,False,,NO_PERIODS,no inferable periods,,0001140361-25-021940,https://www.sec.gov/Archives/edgar/data/918251/000114036125021940/0001140361-25-021940.txt
0000918251,https://www.sec.gov/Archives/edgar/data/918251/000114036125041376/ef20054957_10q.htm,MPAA,MOTORCAR PARTS OF AMERICA INC,10-Q,2025-11-10,21,,False,,NO_PERIODS,no inferable periods,,0001140361-25-041376,https://www.sec.gov/Archives/edgar/data/918251/000114036125041376/0001140361-25-041376.txt
0000918251,https://www.sec.gov/Archives/edgar/data/918251/000114036125030212/ef20050517_10q.htm,MPAA,MOTORCAR PARTS OF AMERICA INC,10-Q,2025-08-11,112,,False,,NO_PERIODS,no inferable periods,,0001140361-25-030212,https://www.sec.gov/Archives/edgar/data/918251/000114036125030212/0001140361-25-030212.txt
0000918251,https://www.sec.gov/Archives/edgar/data/918251/000114036125043688/form4.xml,MPAA,MOTORCAR PARTS OF AMERICA INC,4,2025-11-28,3,,False,,,,,0001140361-25-043688,https://www.sec.gov/Archives/edgar/data/918251/000114036125043688/0001140361-25-043688.txt
0000918251,https://www.sec.gov/Archives/edgar/data/918251/000114036125043687/form4.xml,MPAA,MOTORCAR PARTS OF AMERICA INC,4,2025-11-28,3,,False,,,,,0001140361-25-043687,https://www.sec.gov/Archives/edgar/data/918251/000114036125043687/0001140361-25-043687.txt
0000918251,https://www.sec.gov/Archives/edgar/data/918251/000114036125043686/form4.xml,MPAA,MOTORCAR PARTS OF AMERICA INC,4,2025-11-28,3,,False,,,,,0001140361-25-043686,https://www.sec.gov/Archives/edgar/data/918251/000114036125043686/0001140361-25-043686.txt
0000918251,https://www.sec.gov/Archives/edgar/data/918251/000114036125043685/form4.xml,MPAA,MOTORCAR PARTS OF AMERICA INC,4,2025-11-28,3,,False,,,,,0001140361-25-043685,https://www.sec.gov/Archives/edgar/data/918251/000114036125043685/0001140361-25-043685.txt
0000918251,https://www.sec.gov/Archives/edgar/data/918251/000114036125043684/form4.xml,MPAA,MOTORCAR PARTS OF AMERICA INC,4,2025-11-28,3,,False,,,,,0001140361-25-043684,https://www.sec.gov/Archives/edgar/data/918251/000114036125043684/0001140361-25-043684.txt
0000918251,https://www.sec.gov/Archives/edgar/data/918251/000114036125042017/form4.xml,MPAA,MOTORCAR PARTS OF AMERICA INC,4,2025-11-13,18,,False,,,,,0001140361-25-042017,https://www.sec.gov/Archives/edgar/data/918251/000114036125042017/0001140361-25-042017.txt
0000918251,https://www.sec.gov/Archives/edgar/data/918251/000114036125036367/form4.xml,MPAA,MOTORCAR PARTS OF AMERICA INC,4,2025-09-26,66,,False,,,,,0001140361-25-036367,https://www.sec.gov/Archives/edgar/data/918251/000114036125036367/0001140361-25-036367.txt
0000918251,https://www.sec.gov/Archives/edgar/data/918251/000114036125036366/form4.xml,MPAA,MOTORCAR PARTS OF AMERICA INC,4,2025-09-26,66,,False,,,,,0001140361-25-036366,https://www.sec.gov/Archives/edgar/data/918251/000114036125036366/0001140361-25-036366.txt
0000918251,https://www.sec.gov/Archives/edgar/data/918251/000114036125036365/form4.xml,MPAA,MOTORCAR PARTS OF AMERICA INC,4,2025-09-26,66,,False,,,,,0001140361-25-036365,https://www.sec.gov/Archives/edgar/data/918251/000114036125036365/0001140361-25-036365.txt
0000918251,https://www.sec.gov/Archives/edgar/data/918251/000114036125036364/form4.xml,MPAA,MOTORCAR PARTS OF AMERICA INC,4,2025-09-26,66,,False,,,,,0001140361-25-036364,https://www.sec.gov/Archives/edgar/data/918251/000114036125036364/0001140361-25-036364.txt
0000918251,https://www.sec.gov/Archives/edgar/data/918251/000114036125041556/ef20058853_8k.htm,MPAA,MOTORCAR PARTS OF AMERICA INC,8-K,2025-11-12,19,,False,,,,,0001140361-25-041556,https://www.sec.gov/Archives/edgar/data/918251/000114036125041556/0001140361-25-041556.txt
0000918251,https://www.sec.gov/Archives/edgar/data/918251/000114036125041280/ef20058138_8k.htm,MPAA,MOTORCAR PARTS OF AMERICA INC,8-K,2025-11-10,21,,False,,,,,0001140361-25-041280,https://www.sec.gov/Archives/edgar/data/918251/000114036125041280/0001140361-25-041280.txt
0000918251,https://www.sec.gov/Archives/edgar/data/918251/000114036125034598/ef20055449_8k.htm,MPAA,MOTORCAR PARTS OF AMERICA INC,8-K,2025-09-11,81,,False,,,,,0001140361-25-034598,https://www.sec.gov/Archives/edgar/data/918251/000114036125034598/0001140361-25-034598.txt
0000918251,https://www.sec.gov/Archives/edgar/data/918251/000114036125030003/ef20053330_8k.htm,MPAA,MOTORCAR PARTS OF AMERICA INC,8-K,2025-08-11,112,,False,,,,,0001140361-25-030003,https://www.sec.gov/Archives/edgar/data/918251/000114036125030003/0001140361-25-030003.txt
0000918251,https://www.sec.gov/Archives/edgar/data/918251/000114036125022376/ef20050594_8k.htm,MPAA,MOTORCAR PARTS OF AMERICA INC,8-K,2025-06-13,171,,False,,,,,0001140361-25-022376,https://www.sec.gov/Archives/edgar/data/918251/000114036125022376/0001140361-25-022376.txt
0000918251,https://www.sec.gov/Archives/edgar/data/918251/000114036125021867/ef20050110_8k.htm,MPAA,MOTORCAR PARTS OF AMERICA INC,8-K,2025-06-09,175,,False,,,,,0001140361-25-021867,https://www.sec.gov/Archives/edgar/data/918251/000114036125021867/0001140361-25-021867.txt
0000918251,https://www.sec.gov/Archives/edgar/data/918251/000114036125003643/ef20042936_8k.htm,MPAA,MOTORCAR PARTS OF AMERICA INC,8-K,2025-02-10,294,,False,,,,,0001140361-25-003643,https://www.sec.gov/Archives/edgar/data/918251/000114036125003643/0001140361-25-003643.txt
0000918251,https://www.sec.gov/Archives/edgar/data/918251/000114036124046024/ef20038262_8k.htm,MPAA,MOTORCAR PARTS OF AMERICA INC,8-K,2024-11-12,384,,False,,,,,0001140361-24-046024,https://www.sec.gov/Archives/edgar/data/918251/000114036124046024/0001140361-24-046024.txt
0000918251,https://www.sec.gov/Archives/edgar/data/918251/000114036124046233/ef20038385_s8.htm,MPAA,MOTORCAR PARTS OF AMERICA INC,S-8,2024-11-12,384,,False,,,,,0001140361-24-046233,https://www.sec.gov/Archives/edgar/data/918251/000114036124046233/0001140361-24-046233.txt
0001971543,https://www.sec.gov/Archives/edgar/data/1971543/000196386025000040/primary_doc.xml,MURA,Mural Oncology plc,3,2025-09-02,90,,False,,,,,0001963860-25-000040,https://www.sec.gov/Archives/edgar/data/1971543/000196386025000040/0001963860-25-000040.txt
0001971543,https://www.sec.gov/Archives/edgar/data/1971543/000119312525274768/ownership.xml,MURA,Mural Oncology plc,4,2025-11-10,21,,False,,,,,0001193125-25-274768,https://www.sec.gov/Archives/edgar/data/1971543/000119312525274768/0001193125-25-274768.txt
0001971543,https://www.sec.gov/Archives/edgar/data/1971543/000119312525274765/ownership.xml,MURA,Mural Oncology plc,4,2025-11-10,21,,False,,,,,0001193125-25-274765,https://www.sec.gov/Archives/edgar/data/1971543/000119312525274765/0001193125-25-274765.txt
0001971543,https://www.sec.gov/Archives/edgar/data/1971543/000095017025097949/ownership.xml,MURA,Mural Oncology plc,4,2025-07-23,131,,False,,,,,0000950170-25-097949,https://www.sec.gov/Archives/edgar/data/1971543/000095017025097949/0000950170-25-097949.txt
0001971543,https://www.sec.gov/Archives/edgar/data/1971543/000095017025097599/ownership.xml,MURA,Mural Oncology plc,4,2025-07-22,132,,False,,,,,0000950170-25-097599,https://www.sec.gov/Archives/edgar/data/1971543/000095017025097599/0000950170-25-097599.txt
0001971543,https://www.sec.gov/Archives/edgar/data/1971543/000095017025094831/ownership.xml,MURA,Mural Oncology plc,4,2025-07-09,145,,False,,,,,0000950170-25-094831,https://www.sec.gov/Archives/edgar/data/1971543/000095017025094831/0000950170-25-094831.txt
0001971543,https://www.sec.gov/Archives/edgar/data/1971543/000095017025085820/ownership.xml,MURA,Mural Oncology plc,4,2025-06-13,171,,False,,,,,0000950170-25-085820,https://www.sec.gov/Archives/edgar/data/1971543/000095017025085820/0000950170-25-085820.txt
0001971543,https://www.sec.gov/Archives/edgar/data/1971543/000095017025085819/ownership.xml,MURA,Mural Oncology plc,4,2025-06-13,171,,False,,,,,0000950170-25-085819,https://www.sec.gov/Archives/edgar/data/1971543/000095017025085819/0000950170-25-085819.txt
0001971543,https://www.sec.gov/Archives/edgar/data/1971543/000095017025085818/ownership.xml,MURA,Mural Oncology plc,4,2025-06-13,171,,False,,,,,0000950170-25-085818,https://www.sec.gov/Archives/edgar/data/1971543/000095017025085818/0000950170-25-085818.txt
0001971543,https://www.sec.gov/Archives/edgar/data/1971543/000095017025085817/ownership.xml,MURA,Mural Oncology plc,4,2025-06-13,171,,False,,,,,0000950170-25-085817,https://www.sec.gov/Archives/edgar/data/1971543/000095017025085817/0000950170-25-085817.txt
0001971543,https://www.sec.gov/Archives/edgar/data/1971543/000119312525052008/d938070d424b5.htm,MURA,Mural Oncology plc,424B5,2025-03-11,265,,False,,,,,0001193125-25-052008,https://www.sec.gov/Archives/edgar/data/1971543/000119312525052008/0001193125-25-052008.txt
0001971543,https://www.sec.gov/Archives/edgar/data/1971543/000119312525250044/d228748d8k.htm,MURA,Mural Oncology plc,8-K,2025-10-24,38,,False,,,,,0001193125-25-250044,https://www.sec.gov/Archives/edgar/data/1971543/000119312525250044/0001193125-25-250044.txt
0001971543,https://www.sec.gov/Archives/edgar/data/1971543/000119312525183796/d947368d8k.htm,MURA,Mural Oncology plc,8-K,2025-08-20,103,,False,,,,,0001193125-25-183796,https://www.sec.gov/Archives/edgar/data/1971543/000119312525183796/0001193125-25-183796.txt
0001971543,https://www.sec.gov/Archives/edgar/data/1971543/000119312525172182/d69057d8k.htm,MURA,Mural Oncology plc,8-K,2025-08-04,119,,False,,,,,0001193125-25-172182,https://www.sec.gov/Archives/edgar/data/1971543/000119312525172182/0001193125-25-172182.txt
0001971543,https://www.sec.gov/Archives/edgar/data/1971543/000119312525139898/d944159d8k.htm,MURA,Mural Oncology plc,8-K,2025-06-12,172,,False,,,,,0001193125-25-139898,https://www.sec.gov/Archives/edgar/data/1971543/000119312525139898/0001193125-25-139898.txt
0001971543,https://www.sec.gov/Archives/edgar/data/1971543/000119312525080765/d940480d8k.htm,MURA,Mural Oncology plc,8-K,2025-04-15,230,,False,,,,,0001193125-25-080765,https://www.sec.gov/Archives/edgar/data/1971543/000119312525080765/0001193125-25-080765.txt
0001971543,https://www.sec.gov/Archives/edgar/data/1971543/000119312525061872/d936530d8k.htm,MURA,Mural Oncology plc,8-K,2025-03-25,251,,False,,,,,0001193125-25-061872,https://www.sec.gov/Archives/edgar/data/1971543/000119312525061872/0001193125-25-061872.txt
0001971543,https://www.sec.gov/Archives/edgar/data/1971543/000119312525052013/d939908d8k.htm,MURA,Mural Oncology plc,8-K,2025-03-11,265,,False,,,,,0001193125-25-052013,https://www.sec.gov/Archives/edgar/data/1971543/000119312525052013/0001193125-25-052013.txt
0001971543,https://www.sec.gov/Archives/edgar/data/1971543/000095017025037129/mura-20250311.htm,MURA,Mural Oncology plc,8-K,2025-03-11,265,,False,,,,,0000950170-25-037129,https://www.sec.gov/Archives/edgar/data/1971543/000095017025037129/0000950170-25-037129.txt
0001971543,https://www.sec.gov/Archives/edgar/data/1971543/000095017025003774/mura-20250109.htm,MURA,Mural Oncology plc,8-K,2025-01-10,325,,False,,,,,0000950170-25-003774,https://www.sec.gov/Archives/edgar/data/1971543/000095017025003774/0000950170-25-003774.txt
0001971543,https://www.sec.gov/Archives/edgar/data/1971543/000095017024125926/mura-20241113.htm,MURA,Mural Oncology plc,8-K,2024-11-13,383,,False,,,,,0000950170-24-125926,https://www.sec.gov/Archives/edgar/data/1971543/000095017024125926/0000950170-24-125926.txt
0001971543,https://www.sec.gov/Archives/edgar/data/1971543/000119312524257195/d889776ds3.htm,MURA,Mural Oncology plc,S-3,2024-11-13,383,,False,,,,,0001193125-24-257195,https://www.sec.gov/Archives/edgar/data/1971543/000119312524257195/0001193125-24-257195.txt
0001971543,https://www.sec.gov/Archives/edgar/data/1971543/000095017025037150/mura-20250311.htm,MURA,Mural Oncology plc,S-8,2025-03-11,265,,False,,,,,0000950170-25-037150,https://www.sec.gov/Archives/edgar/data/1971543/000095017025037150/0000950170-25-037150.txt
0001325702,https://www.sec.gov/Archives/edgar/data/1325702/000119312525284647/ownership.xml,MX,MAGNACHIP SEMICONDUCTOR Corp,4,2025-11-17,14,,False,,,,,0001193125-25-284647,https://www.sec.gov/Archives/edgar/data/1325702/000119312525284647/0001193125-25-284647.txt
0001325702,https://www.sec.gov/Archives/edgar/data/1325702/000119312525284646/ownership.xml,MX,MAGNACHIP SEMICONDUCTOR Corp,4,2025-11-17,14,,False,,,,,0001193125-25-284646,https://www.sec.gov/Archives/edgar/data/1325702/000119312525284646/0001193125-25-284646.txt
0001325702,https://www.sec.gov/Archives/edgar/data/1325702/000119312525230289/ownership.xml,MX,MAGNACHIP SEMICONDUCTOR Corp,4,2025-10-03,59,,False,,,,,0001193125-25-230289,https://www.sec.gov/Archives/edgar/data/1325702/000119312525230289/0001193125-25-230289.txt
0001325702,https://www.sec.gov/Archives/edgar/data/1325702/000095017025111459/ownership.xml,MX,MAGNACHIP SEMICONDUCTOR Corp,4,2025-08-26,97,,False,,,,,0000950170-25-111459,https://www.sec.gov/Archives/edgar/data/1325702/000095017025111459/0000950170-25-111459.txt
0001325702,https://www.sec.gov/Archives/edgar/data/1325702/000095017025111458/ownership.xml,MX,MAGNACHIP SEMICONDUCTOR Corp,4,2025-08-26,97,,False,,,,,0000950170-25-111458,https://www.sec.gov/Archives/edgar/data/1325702/000095017025111458/0000950170-25-111458.txt
0001325702,https://www.sec.gov/Archives/edgar/data/1325702/000095017025093886/ownership.xml,MX,MAGNACHIP SEMICONDUCTOR Corp,4,2025-07-03,151,,False,,,,,0000950170-25-093886,https://www.sec.gov/Archives/edgar/data/1325702/000095017025093886/0000950170-25-093886.txt
0001325702,https://www.sec.gov/Archives/edgar/data/1325702/000095017025093885/ownership.xml,MX,MAGNACHIP SEMICONDUCTOR Corp,4,2025-07-03,151,,False,,,,,0000950170-25-093885,https://www.sec.gov/Archives/edgar/data/1325702/000095017025093885/0000950170-25-093885.txt
0001325702,https://www.sec.gov/Archives/edgar/data/1325702/000095017025093884/ownership.xml,MX,MAGNACHIP SEMICONDUCTOR Corp,4,2025-07-03,151,,False,,,,,0000950170-25-093884,https://www.sec.gov/Archives/edgar/data/1325702/000095017025093884/0000950170-25-093884.txt
0001325702,https://www.sec.gov/Archives/edgar/data/1325702/000095017025093883/ownership.xml,MX,MAGNACHIP SEMICONDUCTOR Corp,4,2025-07-03,151,,False,,,,,0000950170-25-093883,https://www.sec.gov/Archives/edgar/data/1325702/000095017025093883/0000950170-25-093883.txt
0001325702,https://www.sec.gov/Archives/edgar/data/1325702/000095017025087386/ownership.xml,MX,MAGNACHIP SEMICONDUCTOR Corp,4,2025-06-17,167,,False,,,,,0000950170-25-087386,https://www.sec.gov/Archives/edgar/data/1325702/000095017025087386/0000950170-25-087386.txt
0001325702,https://www.sec.gov/Archives/edgar/data/1325702/000119312525262639/d36904d8k.htm,MX,MAGNACHIP SEMICONDUCTOR Corp,8-K,2025-11-03,28,,False,,,,,0001193125-25-262639,https://www.sec.gov/Archives/edgar/data/1325702/000119312525262639/0001193125-25-262639.txt
0001325702,https://www.sec.gov/Archives/edgar/data/1325702/000119312525177958/d49163d8k.htm,MX,MAGNACHIP SEMICONDUCTOR Corp,8-K,2025-08-11,112,,False,,,,,0001193125-25-177958,https://www.sec.gov/Archives/edgar/data/1325702/000119312525177958/0001193125-25-177958.txt
0001325702,https://www.sec.gov/Archives/edgar/data/1325702/000119312525170547/d914404d8k.htm,MX,MAGNACHIP SEMICONDUCTOR Corp,8-K,2025-07-31,123,,False,,,,,0001193125-25-170547,https://www.sec.gov/Archives/edgar/data/1325702/000119312525170547/0001193125-25-170547.txt
0001325702,https://www.sec.gov/Archives/edgar/data/1325702/000119312525148979/d841443d8k.htm,MX,MAGNACHIP SEMICONDUCTOR Corp,8-K,2025-06-26,158,,False,,,,,0001193125-25-148979,https://www.sec.gov/Archives/edgar/data/1325702/000119312525148979/0001193125-25-148979.txt
0001325702,https://www.sec.gov/Archives/edgar/data/1325702/000119312525125874/d920609d8k.htm,MX,MAGNACHIP SEMICONDUCTOR Corp,8-K,2025-05-23,192,,False,,,,,0001193125-25-125874,https://www.sec.gov/Archives/edgar/data/1325702/000119312525125874/0001193125-25-125874.txt
0001325702,https://www.sec.gov/Archives/edgar/data/1325702/000119312525117802/d898123d8k.htm,MX,MAGNACHIP SEMICONDUCTOR Corp,8-K,2025-05-12,203,,False,,,,,0001193125-25-117802,https://www.sec.gov/Archives/edgar/data/1325702/000119312525117802/0001193125-25-117802.txt
0001325702,https://www.sec.gov/Archives/edgar/data/1325702/000119312525107531/d926180d8k.htm,MX,MAGNACHIP SEMICONDUCTOR Corp,8-K,2025-04-30,215,,False,,,,,0001193125-25-107531,https://www.sec.gov/Archives/edgar/data/1325702/000119312525107531/0001193125-25-107531.txt
0001325702,https://www.sec.gov/Archives/edgar/data/1325702/000119312525075096/d894699d8k.htm,MX,MAGNACHIP SEMICONDUCTOR Corp,8-K,2025-04-08,237,,False,,,,,0001193125-25-075096,https://www.sec.gov/Archives/edgar/data/1325702/000119312525075096/0001193125-25-075096.txt
0001325702,https://www.sec.gov/Archives/edgar/data/1325702/000119312525054810/d932398d8k.htm,MX,MAGNACHIP SEMICONDUCTOR Corp,8-K,2025-03-14,262,,False,,,,,0001193125-25-054810,https://www.sec.gov/Archives/edgar/data/1325702/000119312525054810/0001193125-25-054810.txt
0001325702,https://www.sec.gov/Archives/edgar/data/1325702/000119312525052457/d877446d8k.htm,MX,MAGNACHIP SEMICONDUCTOR Corp,8-K,2025-03-12,264,,False,,,,,0001193125-25-052457,https://www.sec.gov/Archives/edgar/data/1325702/000119312525052457/0001193125-25-052457.txt
0001325702,https://www.sec.gov/Archives/edgar/data/1325702/000119312525230199/d22017d8ka.htm,MX,MAGNACHIP SEMICONDUCTOR Corp,8-K/A,2025-10-03,59,,False,,,,,0001193125-25-230199,https://www.sec.gov/Archives/edgar/data/1325702/000119312525230199/0001193125-25-230199.txt
0001325702,https://www.sec.gov/Archives/edgar/data/1325702/000119312525198733/d873929d8ka.htm,MX,MAGNACHIP SEMICONDUCTOR Corp,8-K/A,2025-09-09,83,,False,,,,,0001193125-25-198733,https://www.sec.gov/Archives/edgar/data/1325702/000119312525198733/0001193125-25-198733.txt
0001671284,https://www.sec.gov/Archives/edgar/data/1671284/000162828025045034/wk-form4_1760486094.xml,NEUE,"NeueHealth, Inc.",4,2025-10-14,48,,False,,,,,0001628280-25-045034,https://www.sec.gov/Archives/edgar/data/1671284/000162828025045034/0001628280-25-045034.txt
0001671284,https://www.sec.gov/Archives/edgar/data/1671284/000119312525232146/ownership.xml,NEUE,"NeueHealth, Inc.",4,2025-10-06,56,,False,,,,,0001193125-25-232146,https://www.sec.gov/Archives/edgar/data/1671284/000119312525232146/0001193125-25-232146.txt
0001671284,https://www.sec.gov/Archives/edgar/data/1671284/000119312525232247/ownership.xml,NEUE,"NeueHealth, Inc.",4,2025-10-06,56,,False,,,,,0001193125-25-232247,https://www.sec.gov/Archives/edgar/data/1671284/000119312525232247/0001193125-25-232247.txt
0001671284,https://www.sec.gov/Archives/edgar/data/1671284/000119312525232128/ownership.xml,NEUE,"NeueHealth, Inc.",4,2025-10-06,56,,False,,,,,0001193125-25-232128,https://www.sec.gov/Archives/edgar/data/1671284/000119312525232128/0001193125-25-232128.txt
0001671284,https://www.sec.gov/Archives/edgar/data/1671284/000119312525232129/ownership.xml,NEUE,"NeueHealth, Inc.",4,2025-10-06,56,,False,,,,,0001193125-25-232129,https://www.sec.gov/Archives/edgar/data/1671284/000119312525232129/0001193125-25-232129.txt
0001671284,https://www.sec.gov/Archives/edgar/data/1671284/000119312525232130/ownership.xml,NEUE,"NeueHealth, Inc.",4,2025-10-06,56,,False,,,,,0001193125-25-232130,https://www.sec.gov/Archives/edgar/data/1671284/000119312525232130/0001193125-25-232130.txt
0001671284,https://www.sec.gov/Archives/edgar/data/1671284/000119312525232131/ownership.xml,NEUE,"NeueHealth, Inc.",4,2025-10-06,56,,False,,,,,0001193125-25-232131,https://www.sec.gov/Archives/edgar/data/1671284/000119312525232131/0001193125-25-232131.txt
0001671284,https://www.sec.gov/Archives/edgar/data/1671284/000119312525232133/ownership.xml,NEUE,"NeueHealth, Inc.",4,2025-10-06,56,,False,,,,,0001193125-25-232133,https://www.sec.gov/Archives/edgar/data/1671284/000119312525232133/0001193125-25-232133.txt
0001671284,https://www.sec.gov/Archives/edgar/data/1671284/000119312525232134/ownership.xml,NEUE,"NeueHealth, Inc.",4,2025-10-06,56,,False,,,,,0001193125-25-232134,https://www.sec.gov/Archives/edgar/data/1671284/000119312525232134/0001193125-25-232134.txt
0001671284,https://www.sec.gov/Archives/edgar/data/1671284/000119312525232136/ownership.xml,NEUE,"NeueHealth, Inc.",4,2025-10-06,56,,False,,,,,0001193125-25-232136,https://www.sec.gov/Archives/edgar/data/1671284/000119312525232136/0001193125-25-232136.txt
0001671284,https://www.sec.gov/Archives/edgar/data/1671284/000110465925095898/tm2527826d2_8k.htm,NEUE,"NeueHealth, Inc.",8-K,2025-10-02,60,,False,,,,,0001104659-25-095898,https://www.sec.gov/Archives/edgar/data/1671284/000110465925095898/0001104659-25-095898.txt
0001671284,https://www.sec.gov/Archives/edgar/data/1671284/000167128425000025/bhg-20250918.htm,NEUE,"NeueHealth, Inc.",8-K,2025-09-23,69,,False,,,,,0001671284-25-000025,https://www.sec.gov/Archives/edgar/data/1671284/000167128425000025/0001671284-25-000025.txt
0001671284,https://www.sec.gov/Archives/edgar/data/1671284/000162828025038558/bhg-20250807.htm,NEUE,"NeueHealth, Inc.",8-K,2025-08-07,116,,False,,,,,0001628280-25-038558,https://www.sec.gov/Archives/edgar/data/1671284/000162828025038558/0001628280-25-038558.txt
0001671284,https://www.sec.gov/Archives/edgar/data/1671284/000162828025028602/bhg-20250529.htm,NEUE,"NeueHealth, Inc.",8-K,2025-05-30,185,,False,,,,,0001628280-25-028602,https://www.sec.gov/Archives/edgar/data/1671284/000162828025028602/0001628280-25-028602.txt
0001671284,https://www.sec.gov/Archives/edgar/data/1671284/000167128425000018/bhg-20250507.htm,NEUE,"NeueHealth, Inc.",8-K,2025-05-08,207,,False,,,,,0001671284-25-000018,https://www.sec.gov/Archives/edgar/data/1671284/000167128425000018/0001671284-25-000018.txt
0001671284,https://www.sec.gov/Archives/edgar/data/1671284/000167128425000016/bhg-20250508.htm,NEUE,"NeueHealth, Inc.",8-K,2025-05-08,207,,False,,,,,0001671284-25-000016,https://www.sec.gov/Archives/edgar/data/1671284/000167128425000016/0001671284-25-000016.txt
0001671284,https://www.sec.gov/Archives/edgar/data/1671284/000167128425000001/bhg-20250320.htm,NEUE,"NeueHealth, Inc.",8-K,2025-03-20,256,,False,,,,,0001671284-25-000001,https://www.sec.gov/Archives/edgar/data/1671284/000167128425000001/0001671284-25-000001.txt
0001671284,https://www.sec.gov/Archives/edgar/data/1671284/000162828025013675/bhg-20250313.htm,NEUE,"NeueHealth, Inc.",8-K,2025-03-19,257,,False,,,,,0001628280-25-013675,https://www.sec.gov/Archives/edgar/data/1671284/000162828025013675/0001628280-25-013675.txt
0001671284,https://www.sec.gov/Archives/edgar/data/1671284/000110465924131382/tm2431820d1_8k.htm,NEUE,"NeueHealth, Inc.",8-K,2024-12-23,343,,False,,,,,0001104659-24-131382,https://www.sec.gov/Archives/edgar/data/1671284/000110465924131382/0001104659-24-131382.txt
0001671284,https://www.sec.gov/Archives/edgar/data/1671284/000167128424000058/bhg-20241107.htm,NEUE,"NeueHealth, Inc.",8-K,2024-11-07,389,,False,,,,,0001671284-24-000058,https://www.sec.gov/Archives/edgar/data/1671284/000167128424000058/0001671284-24-000058.txt
0001587987,https://www.sec.gov/Archives/edgar/data/1587987/000162828025048530/wk-form4_1762258770.xml,NEWTI,"NewtekOne, Inc.",4,2025-11-04,27,,False,,,,,0001628280-25-048530,https://www.sec.gov/Archives/edgar/data/1587987/000162828025048530/0001628280-25-048530.txt
0001587987,https://www.sec.gov/Archives/edgar/data/1587987/000162828025048009/wk-form4_1762184643.xml,NEWTI,"NewtekOne, Inc.",4,2025-11-03,28,,False,,,,,0001628280-25-048009,https://www.sec.gov/Archives/edgar/data/1587987/000162828025048009/0001628280-25-048009.txt
0001587987,https://www.sec.gov/Archives/edgar/data/1587987/000158798725000133/wk-form4_1754310572.xml,NEWTI,"NewtekOne, Inc.",4,2025-08-04,119,,False,,,,,0001587987-25-000133,https://www.sec.gov/Archives/edgar/data/1587987/000158798725000133/0001587987-25-000133.txt
0001587987,https://www.sec.gov/Archives/edgar/data/1587987/000158798725000123/wk-form4_1751376554.xml,NEWTI,"NewtekOne, Inc.",4,2025-07-01,153,,False,,,,,0001587987-25-000123,https://www.sec.gov/Archives/edgar/data/1587987/000158798725000123/0001587987-25-000123.txt
0001587987,https://www.sec.gov/Archives/edgar/data/1587987/000158798725000121/wk-form4_1751376320.xml,NEWTI,"NewtekOne, Inc.",4,2025-07-01,153,,False,,,,,0001587987-25-000121,https://www.sec.gov/Archives/edgar/data/1587987/000158798725000121/0001587987-25-000121.txt
0001587987,https://www.sec.gov/Archives/edgar/data/1587987/000158798725000119/wk-form4_1751376122.xml,NEWTI,"NewtekOne, Inc.",4,2025-07-01,153,,False,,,,,0001587987-25-000119,https://www.sec.gov/Archives/edgar/data/1587987/000158798725000119/0001587987-25-000119.txt
0001587987,https://www.sec.gov/Archives/edgar/data/1587987/000158798725000117/wk-form4_1751375892.xml,NEWTI,"NewtekOne, Inc.",4,2025-07-01,153,,False,,,,,0001587987-25-000117,https://www.sec.gov/Archives/edgar/data/1587987/000158798725000117/0001587987-25-000117.txt
0001587987,https://www.sec.gov/Archives/edgar/data/1587987/000158798725000152/finalprospectuspreferredof.htm,NEWTI,"NewtekOne, Inc.",424B2,2025-08-15,108,,False,,,,,0001587987-25-000152,https://www.sec.gov/Archives/edgar/data/1587987/000158798725000152/0001587987-25-000152.txt
0001587987,https://www.sec.gov/Archives/edgar/data/1587987/000158798725000144/preliminaryprospectusprefe.htm,NEWTI,"NewtekOne, Inc.",424B2,2025-08-13,110,,False,,,,,0001587987-25-000144,https://www.sec.gov/Archives/edgar/data/1587987/000158798725000144/0001587987-25-000144.txt
0001587987,https://www.sec.gov/Archives/edgar/data/1587987/000162828025054371/newtek2025exchangeoffer-fi.htm,NEWTI,"NewtekOne, Inc.",424B3,2025-12-01,0,,False,,,,,0001628280-25-054371,https://www.sec.gov/Archives/edgar/data/1587987/000162828025054371/0001628280-25-054371.txt
0001587987,https://www.sec.gov/Archives/edgar/data/1587987/000158798725000104/newt2025atm-prospectussupp.htm,NEWTI,"NewtekOne, Inc.",424B5,2025-06-06,178,,False,,,,,0001587987-25-000104,https://www.sec.gov/Archives/edgar/data/1587987/000158798725000104/0001587987-25-000104.txt
0001587987,https://www.sec.gov/Archives/edgar/data/1587987/000162828025054452/newt-20251201.htm,NEWTI,"NewtekOne, Inc.",8-K,2025-12-01,0,,False,,,,,0001628280-25-054452,https://www.sec.gov/Archives/edgar/data/1587987/000162828025054452/0001628280-25-054452.txt
0001587987,https://www.sec.gov/Archives/edgar/data/1587987/000162828025054386/newt-20251201.htm,NEWTI,"NewtekOne, Inc.",8-K,2025-12-01,0,,False,,,,,0001628280-25-054386,https://www.sec.gov/Archives/edgar/data/1587987/000162828025054386/0001628280-25-054386.txt
0001587987,https://www.sec.gov/Archives/edgar/data/1587987/000162828025050585/newt-20251107.htm,NEWTI,"NewtekOne, Inc.",8-K,2025-11-07,24,,False,,,,,0001628280-25-050585,https://www.sec.gov/Archives/edgar/data/1587987/000162828025050585/0001628280-25-050585.txt
0001587987,https://www.sec.gov/Archives/edgar/data/1587987/000162828025047106/newt-20251029.htm,NEWTI,"NewtekOne, Inc.",8-K,2025-10-29,33,,False,,,,,0001628280-25-047106,https://www.sec.gov/Archives/edgar/data/1587987/000162828025047106/0001628280-25-047106.txt
0001587987,https://www.sec.gov/Archives/edgar/data/1587987/000162828025043174/newt-20250926.htm,NEWTI,"NewtekOne, Inc.",8-K,2025-09-30,62,,False,,,,,0001628280-25-043174,https://www.sec.gov/Archives/edgar/data/1587987/000162828025043174/0001628280-25-043174.txt
0001587987,https://www.sec.gov/Archives/edgar/data/1587987/000162828025043166/newt-20250930.htm,NEWTI,"NewtekOne, Inc.",8-K,2025-09-30,62,,False,,,,,0001628280-25-043166,https://www.sec.gov/Archives/edgar/data/1587987/000162828025043166/0001628280-25-043166.txt
0001587987,https://www.sec.gov/Archives/edgar/data/1587987/000162828025043139/newt-20250929.htm,NEWTI,"NewtekOne, Inc.",8-K,2025-09-29,63,,False,,,,,0001628280-25-043139,https://www.sec.gov/Archives/edgar/data/1587987/000162828025043139/0001628280-25-043139.txt
0001587987,https://www.sec.gov/Archives/edgar/data/1587987/000158798725000169/newt-20250917.htm,NEWTI,"NewtekOne, Inc.",8-K,2025-09-18,74,,False,,,,,0001587987-25-000169,https://www.sec.gov/Archives/edgar/data/1587987/000158798725000169/0001587987-25-000169.txt
0001587987,https://www.sec.gov/Archives/edgar/data/1587987/000158798725000166/newt-20250916.htm,NEWTI,"NewtekOne, Inc.",8-K,2025-09-17,75,,False,,,,,0001587987-25-000166,https://www.sec.gov/Archives/edgar/data/1587987/000158798725000166/0001587987-25-000166.txt
0001587987,https://www.sec.gov/Archives/edgar/data/1587987/000158798725000161/newt-20250825.htm,NEWTI,"NewtekOne, Inc.",8-K,2025-08-26,97,,False,,,,,0001587987-25-000161,https://www.sec.gov/Archives/edgar/data/1587987/000158798725000161/0001587987-25-000161.txt
0001587987,https://www.sec.gov/Archives/edgar/data/1587987/000162828025052855/newtek2025exchangeoffer-fo.htm,NEWTI,"NewtekOne, Inc.",S-4,2025-11-18,13,,False,,,,,0001628280-25-052855,https://www.sec.gov/Archives/edgar/data/1587987/000162828025052855/0001628280-25-052855.txt
0001587987,https://www.sec.gov/Archives/edgar/data/1587987/000162828025054014/newtek2025exchangeoffer-fo.htm,NEWTI,"NewtekOne, Inc.",S-4/A,2025-11-25,6,,False,,,,,0001628280-25-054014,https://www.sec.gov/Archives/edgar/data/1587987/000162828025054014/0001628280-25-054014.txt
0001587987,https://www.sec.gov/Archives/edgar/data/1587987/000162828025053421/newtek2025exchangeoffer-fo.htm,NEWTI,"NewtekOne, Inc.",S-4/A,2025-11-20,11,,False,,,,,0001628280-25-053421,https://www.sec.gov/Archives/edgar/data/1587987/000162828025053421/0001628280-25-053421.txt
0002043699,https://www.sec.gov/Archives/edgar/data/2043699/000121390025035701/ownership.xml,NHIC,NewHold Investment Corp. III,3,2025-04-25,220,,False,,,,,0001213900-25-035701,https://www.sec.gov/Archives/edgar/data/2043699/000121390025035701/0001213900-25-035701.txt
0002043699,https://www.sec.gov/Archives/edgar/data/2043699/000121390025035699/ownership.xml,NHIC,NewHold Investment Corp. III,3,2025-04-25,220,,False,,,,,0001213900-25-035699,https://www.sec.gov/Archives/edgar/data/2043699/000121390025035699/0001213900-25-035699.txt
0002043699,https://www.sec.gov/Archives/edgar/data/2043699/000121390025035698/ownership.xml,NHIC,NewHold Investment Corp. III,3,2025-04-25,220,,False,,,,,0001213900-25-035698,https://www.sec.gov/Archives/edgar/data/2043699/000121390025035698/0001213900-25-035698.txt
0002043699,https://www.sec.gov/Archives/edgar/data/2043699/000121390025035696/ownership.xml,NHIC,NewHold Investment Corp. III,3,2025-04-25,220,,False,,,,,0001213900-25-035696,https://www.sec.gov/Archives/edgar/data/2043699/000121390025035696/0001213900-25-035696.txt
0002043699,https://www.sec.gov/Archives/edgar/data/2043699/000121390025035693/ownership.xml,NHIC,NewHold Investment Corp. III,3,2025-04-25,220,,False,,,,,0001213900-25-035693,https://www.sec.gov/Archives/edgar/data/2043699/000121390025035693/0001213900-25-035693.txt
0002043699,https://www.sec.gov/Archives/edgar/data/2043699/000121390025019042/ea0217585-10.htm,NHIC,NewHold Investment Corp. III,424B4,2025-03-03,273,,False,,,,,0001213900-25-019042,https://www.sec.gov/Archives/edgar/data/2043699/000121390025019042/0001213900-25-019042.txt
0002043699,https://www.sec.gov/Archives/edgar/data/2043699/000121390025031726/ea0238163-8k_newhold3.htm,NHIC,NewHold Investment Corp. III,8-K,2025-04-15,230,,False,,,,,0001213900-25-031726,https://www.sec.gov/Archives/edgar/data/2043699/000121390025031726/0001213900-25-031726.txt
0002043699,https://www.sec.gov/Archives/edgar/data/2043699/000121390025021776/ea0233527-8k_newhold3.htm,NHIC,NewHold Investment Corp. III,8-K,2025-03-07,269,,False,,,,,0001213900-25-021776,https://www.sec.gov/Archives/edgar/data/2043699/000121390025021776/0001213900-25-021776.txt
0002043699,https://www.sec.gov/Archives/edgar/data/2043699/000121390025020898/ea0233241-8k_newhold3.htm,NHIC,NewHold Investment Corp. III,8-K,2025-03-06,270,,False,,,,,0001213900-25-020898,https://www.sec.gov/Archives/edgar/data/2043699/000121390025020898/0001213900-25-020898.txt
0001681206,https://www.sec.gov/Archives/edgar/data/1681206/000117494725000304/nodk-20241231.htm,NODK,"NI Holdings, Inc.",10-K,2025-03-07,269,,False,,NO_PERIODS,no inferable periods,,0001174947-25-000304,https://www.sec.gov/Archives/edgar/data/1681206/000117494725000304/0001174947-25-000304.txt
0001681206,https://www.sec.gov/Archives/edgar/data/1681206/000117494725001142/nodk-20250630.htm,NODK,"NI Holdings, Inc.",10-Q,2025-08-08,115,,False,,NO_PERIODS,no inferable periods,,0001174947-25-001142,https://www.sec.gov/Archives/edgar/data/1681206/000117494725001142/0001174947-25-001142.txt
0001681206,https://www.sec.gov/Archives/edgar/data/1681206/000117494725000912/ownership.xml,NODK,"NI Holdings, Inc.",3,2025-06-04,180,,False,,,,,0001174947-25-000912,https://www.sec.gov/Archives/edgar/data/1681206/000117494725000912/0001174947-25-000912.txt
0001681206,https://www.sec.gov/Archives/edgar/data/1681206/000117494725000911/ownership.xml,NODK,"NI Holdings, Inc.",3,2025-06-04,180,,False,,,,,0001174947-25-000911,https://www.sec.gov/Archives/edgar/data/1681206/000117494725000911/0001174947-25-000911.txt
0001681206,https://www.sec.gov/Archives/edgar/data/1681206/000117494725000457/ownership.xml,NODK,"NI Holdings, Inc.",3,2025-04-01,244,,False,,,,,0001174947-25-000457,https://www.sec.gov/Archives/edgar/data/1681206/000117494725000457/0001174947-25-000457.txt
0001681206,https://www.sec.gov/Archives/edgar/data/1681206/000117494725000852/ownership.xml,NODK,"NI Holdings, Inc.",4,2025-05-23,192,,False,,,,,0001174947-25-000852,https://www.sec.gov/Archives/edgar/data/1681206/000117494725000852/0001174947-25-000852.txt
0001681206,https://www.sec.gov/Archives/edgar/data/1681206/000117494725000851/ownership.xml,NODK,"NI Holdings, Inc.",4,2025-05-23,192,,False,,,,,0001174947-25-000851,https://www.sec.gov/Archives/edgar/data/1681206/000117494725000851/0001174947-25-000851.txt
0001681206,https://www.sec.gov/Archives/edgar/data/1681206/000117494725000850/ownership.xml,NODK,"NI Holdings, Inc.",4,2025-05-23,192,,False,,,,,0001174947-25-000850,https://www.sec.gov/Archives/edgar/data/1681206/000117494725000850/0001174947-25-000850.txt
0001681206,https://www.sec.gov/Archives/edgar/data/1681206/000117494725000849/ownership.xml,NODK,"NI Holdings, Inc.",4,2025-05-23,192,,False,,,,,0001174947-25-000849,https://www.sec.gov/Archives/edgar/data/1681206/000117494725000849/0001174947-25-000849.txt
0001681206,https://www.sec.gov/Archives/edgar/data/1681206/000117494725000848/ownership.xml,NODK,"NI Holdings, Inc.",4,2025-05-23,192,,False,,,,,0001174947-25-000848,https://www.sec.gov/Archives/edgar/data/1681206/000117494725000848/0001174947-25-000848.txt
0001681206,https://www.sec.gov/Archives/edgar/data/1681206/000117494725000847/ownership.xml,NODK,"NI Holdings, Inc.",4,2025-05-23,192,,False,,,,,0001174947-25-000847,https://www.sec.gov/Archives/edgar/data/1681206/000117494725000847/0001174947-25-000847.txt
0001681206,https://www.sec.gov/Archives/edgar/data/1681206/000117494725000846/ownership.xml,NODK,"NI Holdings, Inc.",4,2025-05-23,192,,False,,,,,0001174947-25-000846,https://www.sec.gov/Archives/edgar/data/1681206/000117494725000846/0001174947-25-000846.txt
0001681206,https://www.sec.gov/Archives/edgar/data/1681206/000117494725001357/form8k-34845_nodk.htm,NODK,"NI Holdings, Inc.",8-K,2025-11-07,24,,False,,,,,0001174947-25-001357,https://www.sec.gov/Archives/edgar/data/1681206/000117494725001357/0001174947-25-001357.txt
0001681206,https://www.sec.gov/Archives/edgar/data/1681206/000117494725001316/form8k-34835_nodk.htm,NODK,"NI Holdings, Inc.",8-K,2025-10-31,31,,False,,,,,0001174947-25-001316,https://www.sec.gov/Archives/edgar/data/1681206/000117494725001316/0001174947-25-001316.txt
0001681206,https://www.sec.gov/Archives/edgar/data/1681206/000207709625000137/ea0260983-8k_nihold.htm,NODK,"NI Holdings, Inc.",8-K,2025-10-10,52,,False,,,,,0002077096-25-000137,https://www.sec.gov/Archives/edgar/data/1681206/000207709625000137/0002077096-25-000137.txt
0001681206,https://www.sec.gov/Archives/edgar/data/1681206/000207709625000046/ea0254470-8k_niholdings.htm,NODK,"NI Holdings, Inc.",8-K,2025-08-25,98,,False,,,,,0002077096-25-000046,https://www.sec.gov/Archives/edgar/data/1681206/000207709625000046/0002077096-25-000046.txt
0001681206,https://www.sec.gov/Archives/edgar/data/1681206/000117494725001143/ex99-1.htm,NODK,"NI Holdings, Inc.",8-K,2025-08-08,115,,False,,,,,0001174947-25-001143,https://www.sec.gov/Archives/edgar/data/1681206/000117494725001143/0001174947-25-001143.txt
0001681206,https://www.sec.gov/Archives/edgar/data/1681206/000117494725000859/form8k-34305_nodk.htm,NODK,"NI Holdings, Inc.",8-K,2025-05-27,188,,False,,,,,0001174947-25-000859,https://www.sec.gov/Archives/edgar/data/1681206/000117494725000859/0001174947-25-000859.txt
0001681206,https://www.sec.gov/Archives/edgar/data/1681206/000117494725000858/form8k-34307_nodk.htm,NODK,"NI Holdings, Inc.",8-K,2025-05-27,188,,False,,,,,0001174947-25-000858,https://www.sec.gov/Archives/edgar/data/1681206/000117494725000858/0001174947-25-000858.txt
0001681206,https://www.sec.gov/Archives/edgar/data/1681206/000117494725000722/form8k-34190_nodk.htm,NODK,"NI Holdings, Inc.",8-K,2025-05-09,206,,False,,,,,0001174947-25-000722,https://www.sec.gov/Archives/edgar/data/1681206/000117494725000722/0001174947-25-000722.txt
0001681206,https://www.sec.gov/Archives/edgar/data/1681206/000117494725000376/form8k-33854_nodk.htm,NODK,"NI Holdings, Inc.",8-K,2025-03-21,255,,False,,,,,0001174947-25-000376,https://www.sec.gov/Archives/edgar/data/1681206/000117494725000376/0001174947-25-000376.txt
0001681206,https://www.sec.gov/Archives/edgar/data/1681206/000117494725000306/form8k-33628_nodk.htm,NODK,"NI Holdings, Inc.",8-K,2025-03-07,269,,False,,,,,0001174947-25-000306,https://www.sec.gov/Archives/edgar/data/1681206/000117494725000306/0001174947-25-000306.txt
0001681206,https://www.sec.gov/Archives/edgar/data/1681206/000117494725001307/form8ka-34822_nodk.htm,NODK,"NI Holdings, Inc.",8-K/A,2025-10-29,33,,False,,,,,0001174947-25-001307,https://www.sec.gov/Archives/edgar/data/1681206/000117494725001307/0001174947-25-001307.txt
0001845437,https://www.sec.gov/Archives/edgar/data/1845437/000110465925115529/tm2531990-2_4seq1.xml,NPWR,NET Power Inc.,4,2025-11-24,7,,False,,,,,0001104659-25-115529,https://www.sec.gov/Archives/edgar/data/1845437/000110465925115529/0001104659-25-115529.txt
0001845437,https://www.sec.gov/Archives/edgar/data/1845437/000110465925115527/tm2531990-1_4seq1.xml,NPWR,NET Power Inc.,4,2025-11-24,7,,False,,,,,0001104659-25-115527,https://www.sec.gov/Archives/edgar/data/1845437/000110465925115527/0001104659-25-115527.txt
0001845437,https://www.sec.gov/Archives/edgar/data/1845437/000110465925114214/tm2531645-2_4seq1.xml,NPWR,NET Power Inc.,4,2025-11-19,12,,False,,,,,0001104659-25-114214,https://www.sec.gov/Archives/edgar/data/1845437/000110465925114214/0001104659-25-114214.txt
0001845437,https://www.sec.gov/Archives/edgar/data/1845437/000110465925114213/tm2531645-1_4seq1.xml,NPWR,NET Power Inc.,4,2025-11-19,12,,False,,,,,0001104659-25-114213,https://www.sec.gov/Archives/edgar/data/1845437/000110465925114213/0001104659-25-114213.txt
0001845437,https://www.sec.gov/Archives/edgar/data/1845437/000110465925106553/tm2530190-2_4seq1.xml,NPWR,NET Power Inc.,4,2025-11-04,27,,False,,,,,0001104659-25-106553,https://www.sec.gov/Archives/edgar/data/1845437/000110465925106553/0001104659-25-106553.txt
0001845437,https://www.sec.gov/Archives/edgar/data/1845437/000110465925106551/tm2530190-1_4seq1.xml,NPWR,NET Power Inc.,4,2025-11-04,27,,False,,,,,0001104659-25-106551,https://www.sec.gov/Archives/edgar/data/1845437/000110465925106551/0001104659-25-106551.txt
0001845437,https://www.sec.gov/Archives/edgar/data/1845437/000110465925106545/tm2530009-1_4seq1.xml,NPWR,NET Power Inc.,4,2025-11-04,27,,False,,,,,0001104659-25-106545,https://www.sec.gov/Archives/edgar/data/1845437/000110465925106545/0001104659-25-106545.txt
0001845437,https://www.sec.gov/Archives/edgar/data/1845437/000110465925104537/tm2529849-2_4seq1.xml,NPWR,NET Power Inc.,4,2025-10-30,32,,False,,,,,0001104659-25-104537,https://www.sec.gov/Archives/edgar/data/1845437/000110465925104537/0001104659-25-104537.txt
0001845437,https://www.sec.gov/Archives/edgar/data/1845437/000110465925104536/tm2529849-1_4seq1.xml,NPWR,NET Power Inc.,4,2025-10-30,32,,False,,,,,0001104659-25-104536,https://www.sec.gov/Archives/edgar/data/1845437/000110465925104536/0001104659-25-104536.txt
0001845437,https://www.sec.gov/Archives/edgar/data/1845437/000110465925102684/tm2529510-2_4seq1.xml,NPWR,NET Power Inc.,4,2025-10-27,35,,False,,,,,0001104659-25-102684,https://www.sec.gov/Archives/edgar/data/1845437/000110465925102684/0001104659-25-102684.txt
0001845437,https://www.sec.gov/Archives/edgar/data/1845437/000184543725000060/npwr-20251113.htm,NPWR,NET Power Inc.,8-K,2025-11-13,18,,False,,,,,0001845437-25-000060,https://www.sec.gov/Archives/edgar/data/1845437/000184543725000060/0001845437-25-000060.txt
0001845437,https://www.sec.gov/Archives/edgar/data/1845437/000184543725000052/npwr-20250811.htm,NPWR,NET Power Inc.,8-K,2025-08-11,112,,False,,,,,0001845437-25-000052,https://www.sec.gov/Archives/edgar/data/1845437/000184543725000052/0001845437-25-000052.txt
0001845437,https://www.sec.gov/Archives/edgar/data/1845437/000184543725000049/npwr-20250710.htm,NPWR,NET Power Inc.,8-K,2025-07-15,139,,False,,,,,0001845437-25-000049,https://www.sec.gov/Archives/edgar/data/1845437/000184543725000049/0001845437-25-000049.txt
0001845437,https://www.sec.gov/Archives/edgar/data/1845437/000184543725000046/npwr-20250612.htm,NPWR,NET Power Inc.,8-K,2025-06-20,164,,False,,,,,0001845437-25-000046,https://www.sec.gov/Archives/edgar/data/1845437/000184543725000046/0001845437-25-000046.txt
0001845437,https://www.sec.gov/Archives/edgar/data/1845437/000184543725000044/npwr-20250603.htm,NPWR,NET Power Inc.,8-K,2025-06-06,178,,False,,,,,0001845437-25-000044,https://www.sec.gov/Archives/edgar/data/1845437/000184543725000044/0001845437-25-000044.txt
0001845437,https://www.sec.gov/Archives/edgar/data/1845437/000184543725000026/npwr-20250512.htm,NPWR,NET Power Inc.,8-K,2025-05-12,203,,False,,,,,0001845437-25-000026,https://www.sec.gov/Archives/edgar/data/1845437/000184543725000026/0001845437-25-000026.txt
0001845437,https://www.sec.gov/Archives/edgar/data/1845437/000184543725000022/npwr-20250415.htm,NPWR,NET Power Inc.,8-K,2025-04-15,230,,False,,,,,0001845437-25-000022,https://www.sec.gov/Archives/edgar/data/1845437/000184543725000022/0001845437-25-000022.txt
0001845437,https://www.sec.gov/Archives/edgar/data/1845437/000184543725000012/npwr-20250321.htm,NPWR,NET Power Inc.,8-K,2025-03-21,255,,False,,,,,0001845437-25-000012,https://www.sec.gov/Archives/edgar/data/1845437/000184543725000012/0001845437-25-000012.txt
0001845437,https://www.sec.gov/Archives/edgar/data/1845437/000184543725000009/npwr-20250310.htm,NPWR,NET Power Inc.,8-K,2025-03-10,266,,False,,,,,0001845437-25-000009,https://www.sec.gov/Archives/edgar/data/1845437/000184543725000009/0001845437-25-000009.txt
0001845437,https://www.sec.gov/Archives/edgar/data/1845437/000184543724000064/npwr-20241111.htm,NPWR,NET Power Inc.,8-K,2024-11-12,384,,False,,,,,0001845437-24-000064,https://www.sec.gov/Archives/edgar/data/1845437/000184543724000064/0001845437-24-000064.txt
0001845437,https://www.sec.gov/Archives/edgar/data/1845437/000121390024099157/ea0220995-s3_netpower.htm,NPWR,NET Power Inc.,S-3,2024-11-15,381,,False,,,,,0001213900-24-099157,https://www.sec.gov/Archives/edgar/data/1845437/000121390024099157/0001213900-24-099157.txt
0001786248,https://www.sec.gov/Archives/edgar/data/1786248/000178624825000004/nref-20241231.htm,NREF,"NexPoint Real Estate Finance, Inc.",10-K,2025-03-27,249,,False,,NO_PERIODS,no inferable periods,,0001786248-25-000004,https://www.sec.gov/Archives/edgar/data/1786248/000178624825000004/0001786248-25-000004.txt
0001786248,https://www.sec.gov/Archives/edgar/data/1786248/000162828025052000/nref-20250930.htm,NREF,"NexPoint Real Estate Finance, Inc.",10-Q,2025-11-13,18,,False,,NO_PERIODS,no inferable periods,,0001628280-25-052000,https://www.sec.gov/Archives/edgar/data/1786248/000162828025052000/0001628280-25-052000.txt
0001786248,https://www.sec.gov/Archives/edgar/data/1786248/000178624825000016/nref-20250630.htm,NREF,"NexPoint Real Estate Finance, Inc.",10-Q,2025-08-07,116,,False,,NO_PERIODS,no inferable periods,,0001786248-25-000016,https://www.sec.gov/Archives/edgar/data/1786248/000178624825000016/0001786248-25-000016.txt
0001786248,https://www.sec.gov/Archives/edgar/data/1786248/000143774925029836/rdgdoc.xml,NREF,"NexPoint Real Estate Finance, Inc.",4,2025-09-24,68,,False,,,,,0001437749-25-029836,https://www.sec.gov/Archives/edgar/data/1786248/000143774925029836/0001437749-25-029836.txt
0001786248,https://www.sec.gov/Archives/edgar/data/1786248/000143774925011687/rdgdoc.xml,NREF,"NexPoint Real Estate Finance, Inc.",4,2025-04-10,235,,False,,,,,0001437749-25-011687,https://www.sec.gov/Archives/edgar/data/1786248/000143774925011687/0001437749-25-011687.txt
0001786248,https://www.sec.gov/Archives/edgar/data/1786248/000143774925011267/rdgdoc.xml,NREF,"NexPoint Real Estate Finance, Inc.",4,2025-04-07,238,,False,,,,,0001437749-25-011267,https://www.sec.gov/Archives/edgar/data/1786248/000143774925011267/0001437749-25-011267.txt
0001786248,https://www.sec.gov/Archives/edgar/data/1786248/000143774925011264/rdgdoc.xml,NREF,"NexPoint Real Estate Finance, Inc.",4,2025-04-07,238,,False,,,,,0001437749-25-011264,https://www.sec.gov/Archives/edgar/data/1786248/000143774925011264/0001437749-25-011264.txt
0001786248,https://www.sec.gov/Archives/edgar/data/1786248/000143774925011265/rdgdoc.xml,NREF,"NexPoint Real Estate Finance, Inc.",4,2025-04-07,238,,False,,,,,0001437749-25-011265,https://www.sec.gov/Archives/edgar/data/1786248/000143774925011265/0001437749-25-011265.txt
0001786248,https://www.sec.gov/Archives/edgar/data/1786248/000143774925011266/rdgdoc.xml,NREF,"NexPoint Real Estate Finance, Inc.",4,2025-04-07,238,,False,,,,,0001437749-25-011266,https://www.sec.gov/Archives/edgar/data/1786248/000143774925011266/0001437749-25-011266.txt
0001786248,https://www.sec.gov/Archives/edgar/data/1786248/000143774925011263/rdgdoc.xml,NREF,"NexPoint Real Estate Finance, Inc.",4,2025-04-07,238,,False,,,,,0001437749-25-011263,https://www.sec.gov/Archives/edgar/data/1786248/000143774925011263/0001437749-25-011263.txt
0001786248,https://www.sec.gov/Archives/edgar/data/1786248/000143774925011268/rdgdoc.xml,NREF,"NexPoint Real Estate Finance, Inc.",4,2025-04-07,238,,False,,,,,0001437749-25-011268,https://www.sec.gov/Archives/edgar/data/1786248/000143774925011268/0001437749-25-011268.txt
0001786248,https://www.sec.gov/Archives/edgar/data/1786248/000143774925033056/nref20251101_424b5.htm,NREF,"NexPoint Real Estate Finance, Inc.",424B5,2025-11-04,27,,False,,,,,0001437749-25-033056,https://www.sec.gov/Archives/edgar/data/1786248/000143774925033056/0001437749-25-033056.txt
0001786248,https://www.sec.gov/Archives/edgar/data/1786248/000143774925030192/nref20250930_424b5.htm,NREF,"NexPoint Real Estate Finance, Inc.",424B5,2025-10-01,61,,False,,,,,0001437749-25-030192,https://www.sec.gov/Archives/edgar/data/1786248/000143774925030192/0001437749-25-030192.txt
0001786248,https://www.sec.gov/Archives/edgar/data/1786248/000143774925007771/nref20250314_424b5.htm,NREF,"NexPoint Real Estate Finance, Inc.",424B5,2025-03-14,262,,False,,,,,0001437749-25-007771,https://www.sec.gov/Archives/edgar/data/1786248/000143774925007771/0001437749-25-007771.txt
0001786248,https://www.sec.gov/Archives/edgar/data/1786248/000143774925007770/nref20250314c_424b5.htm,NREF,"NexPoint Real Estate Finance, Inc.",424B5,2025-03-14,262,,False,,,,,0001437749-25-007770,https://www.sec.gov/Archives/edgar/data/1786248/000143774925007770/0001437749-25-007770.txt
0001786248,https://www.sec.gov/Archives/edgar/data/1786248/000143774925033072/nref20251101_8k.htm,NREF,"NexPoint Real Estate Finance, Inc.",8-K,2025-11-04,27,,False,,,,,0001437749-25-033072,https://www.sec.gov/Archives/edgar/data/1786248/000143774925033072/0001437749-25-033072.txt
0001786248,https://www.sec.gov/Archives/edgar/data/1786248/000143774925032287/nref20251030_8k.htm,NREF,"NexPoint Real Estate Finance, Inc.",8-K,2025-10-30,32,,False,,,,,0001437749-25-032287,https://www.sec.gov/Archives/edgar/data/1786248/000143774925032287/0001437749-25-032287.txt
0001786248,https://www.sec.gov/Archives/edgar/data/1786248/000143774925030861/nref20251010_8k.htm,NREF,"NexPoint Real Estate Finance, Inc.",8-K,2025-10-10,52,,False,,,,,0001437749-25-030861,https://www.sec.gov/Archives/edgar/data/1786248/000143774925030861/0001437749-25-030861.txt
0001786248,https://www.sec.gov/Archives/edgar/data/1786248/000143774925030194/nref20250930_8k.htm,NREF,"NexPoint Real Estate Finance, Inc.",8-K,2025-10-01,61,,False,,,,,0001437749-25-030194,https://www.sec.gov/Archives/edgar/data/1786248/000143774925030194/0001437749-25-030194.txt
0001786248,https://www.sec.gov/Archives/edgar/data/1786248/000143774925027863/nref20250827_8k.htm,NREF,"NexPoint Real Estate Finance, Inc.",8-K,2025-08-27,96,,False,,,,,0001437749-25-027863,https://www.sec.gov/Archives/edgar/data/1786248/000143774925027863/0001437749-25-027863.txt
0001786248,https://www.sec.gov/Archives/edgar/data/1786248/000143774925024038/nref20250731_8k.htm,NREF,"NexPoint Real Estate Finance, Inc.",8-K,2025-07-31,123,,False,,,,,0001437749-25-024038,https://www.sec.gov/Archives/edgar/data/1786248/000143774925024038/0001437749-25-024038.txt
0001786248,https://www.sec.gov/Archives/edgar/data/1786248/000143774925023653/nref20250727_8k.htm,NREF,"NexPoint Real Estate Finance, Inc.",8-K,2025-07-28,126,,False,,,,,0001437749-25-023653,https://www.sec.gov/Archives/edgar/data/1786248/000143774925023653/0001437749-25-023653.txt
0001786248,https://www.sec.gov/Archives/edgar/data/1786248/000143774925017824/nref20250520_8k.htm,NREF,"NexPoint Real Estate Finance, Inc.",8-K,2025-05-20,195,,False,,,,,0001437749-25-017824,https://www.sec.gov/Archives/edgar/data/1786248/000143774925017824/0001437749-25-017824.txt
0001786248,https://www.sec.gov/Archives/edgar/data/1786248/000143774925013974/nref20250501_8k.htm,NREF,"NexPoint Real Estate Finance, Inc.",8-K,2025-05-01,214,,False,,,,,0001437749-25-013974,https://www.sec.gov/Archives/edgar/data/1786248/000143774925013974/0001437749-25-013974.txt
0001786248,https://www.sec.gov/Archives/edgar/data/1786248/000143774925009866/nref20250328_8k.htm,NREF,"NexPoint Real Estate Finance, Inc.",8-K,2025-03-28,248,,False,,,,,0001437749-25-009866,https://www.sec.gov/Archives/edgar/data/1786248/000143774925009866/0001437749-25-009866.txt
0001933567,https://www.sec.gov/Archives/edgar/data/1933567/000164117225027017/ownership.xml,NRXS,"Neuraxis, INC",4,2025-09-10,82,,False,,,,,0001641172-25-027017,https://www.sec.gov/Archives/edgar/data/1933567/000164117225027017/0001641172-25-027017.txt
0001933567,https://www.sec.gov/Archives/edgar/data/1933567/000164117225027019/ownership.xml,NRXS,"Neuraxis, INC",4,2025-09-10,82,,False,,,,,0001641172-25-027019,https://www.sec.gov/Archives/edgar/data/1933567/000164117225027019/0001641172-25-027019.txt
0001933567,https://www.sec.gov/Archives/edgar/data/1933567/000164117225027020/ownership.xml,NRXS,"Neuraxis, INC",4,2025-09-10,82,,False,,,,,0001641172-25-027020,https://www.sec.gov/Archives/edgar/data/1933567/000164117225027020/0001641172-25-027020.txt
0001933567,https://www.sec.gov/Archives/edgar/data/1933567/000164117225027021/ownership.xml,NRXS,"Neuraxis, INC",4,2025-09-10,82,,False,,,,,0001641172-25-027021,https://www.sec.gov/Archives/edgar/data/1933567/000164117225027021/0001641172-25-027021.txt
0001933567,https://www.sec.gov/Archives/edgar/data/1933567/000164117225027022/ownership.xml,NRXS,"Neuraxis, INC",4,2025-09-10,82,,False,,,,,0001641172-25-027022,https://www.sec.gov/Archives/edgar/data/1933567/000164117225027022/0001641172-25-027022.txt
0001933567,https://www.sec.gov/Archives/edgar/data/1933567/000164117225027023/ownership.xml,NRXS,"Neuraxis, INC",4,2025-09-10,82,,False,,,,,0001641172-25-027023,https://www.sec.gov/Archives/edgar/data/1933567/000164117225027023/0001641172-25-027023.txt
0001933567,https://www.sec.gov/Archives/edgar/data/1933567/000164117225027018/ownership.xml,NRXS,"Neuraxis, INC",4,2025-09-10,82,,False,,,,,0001641172-25-027018,https://www.sec.gov/Archives/edgar/data/1933567/000164117225027018/0001641172-25-027018.txt
0001933567,https://www.sec.gov/Archives/edgar/data/1933567/000093755625000098/wk-form4_1751578681.xml,NRXS,"Neuraxis, INC",4,2025-07-03,151,,False,,,,,0000937556-25-000098,https://www.sec.gov/Archives/edgar/data/1933567/000093755625000098/0000937556-25-000098.txt
0001933567,https://www.sec.gov/Archives/edgar/data/1933567/000149315225006043/form424b3.htm,NRXS,"Neuraxis, INC",424B3,2025-02-12,292,,False,,,,,0001493152-25-006043,https://www.sec.gov/Archives/edgar/data/1933567/000149315225006043/0001493152-25-006043.txt
0001933567,https://www.sec.gov/Archives/edgar/data/1933567/000149315225019133/form424b5.htm,NRXS,"Neuraxis, INC",424B5,2025-10-23,39,,False,,,,,0001493152-25-019133,https://www.sec.gov/Archives/edgar/data/1933567/000149315225019133/0001493152-25-019133.txt
0001933567,https://www.sec.gov/Archives/edgar/data/1933567/000164117225026009/form424b5.htm,NRXS,"Neuraxis, INC",424B5,2025-08-29,94,,False,,,,,0001641172-25-026009,https://www.sec.gov/Archives/edgar/data/1933567/000164117225026009/0001641172-25-026009.txt
0001933567,https://www.sec.gov/Archives/edgar/data/1933567/000164117225011970/form424b5.htm,NRXS,"Neuraxis, INC",424B5,2025-05-22,193,,False,,,,,0001641172-25-011970,https://www.sec.gov/Archives/edgar/data/1933567/000164117225011970/0001641172-25-011970.txt
0001933567,https://www.sec.gov/Archives/edgar/data/1933567/000149315225019186/form8-k.htm,NRXS,"Neuraxis, INC",8-K,2025-10-24,38,,False,,,,,0001493152-25-019186,https://www.sec.gov/Archives/edgar/data/1933567/000149315225019186/0001493152-25-019186.txt
0001933567,https://www.sec.gov/Archives/edgar/data/1933567/000149315225019136/form8-k.htm,NRXS,"Neuraxis, INC",8-K,2025-10-23,39,,False,,,,,0001493152-25-019136,https://www.sec.gov/Archives/edgar/data/1933567/000149315225019136/0001493152-25-019136.txt
0001933567,https://www.sec.gov/Archives/edgar/data/1933567/000164117225026158/form8-k.htm,NRXS,"Neuraxis, INC",8-K,2025-09-02,90,,False,,,,,0001641172-25-026158,https://www.sec.gov/Archives/edgar/data/1933567/000164117225026158/0001641172-25-026158.txt
0001933567,https://www.sec.gov/Archives/edgar/data/1933567/000164117225017723/form8-k.htm,NRXS,"Neuraxis, INC",8-K,2025-07-03,151,,False,,,,,0001641172-25-017723,https://www.sec.gov/Archives/edgar/data/1933567/000164117225017723/0001641172-25-017723.txt
0001933567,https://www.sec.gov/Archives/edgar/data/1933567/000164117225013632/form8-k.htm,NRXS,"Neuraxis, INC",8-K,2025-06-04,180,,False,,,,,0001641172-25-013632,https://www.sec.gov/Archives/edgar/data/1933567/000164117225013632/0001641172-25-013632.txt
0001933567,https://www.sec.gov/Archives/edgar/data/1933567/000164117225012698/form8-k.htm,NRXS,"Neuraxis, INC",8-K,2025-05-28,187,,False,,,,,0001641172-25-012698,https://www.sec.gov/Archives/edgar/data/1933567/000164117225012698/0001641172-25-012698.txt
0001933567,https://www.sec.gov/Archives/edgar/data/1933567/000164117225011973/form8-k.htm,NRXS,"Neuraxis, INC",8-K,2025-05-22,193,,False,,,,,0001641172-25-011973,https://www.sec.gov/Archives/edgar/data/1933567/000164117225011973/0001641172-25-011973.txt
0001933567,https://www.sec.gov/Archives/edgar/data/1933567/000164117225011939/form8-k.htm,NRXS,"Neuraxis, INC",8-K,2025-05-21,194,,False,,,,,0001641172-25-011939,https://www.sec.gov/Archives/edgar/data/1933567/000164117225011939/0001641172-25-011939.txt
0001933567,https://www.sec.gov/Archives/edgar/data/1933567/000149315225001323/form8-k.htm,NRXS,"Neuraxis, INC",8-K,2025-01-08,327,,False,,,,,0001493152-25-001323,https://www.sec.gov/Archives/edgar/data/1933567/000149315225001323/0001493152-25-001323.txt
0001933567,https://www.sec.gov/Archives/edgar/data/1933567/000149315224047623/form8-k.htm,NRXS,"Neuraxis, INC",8-K,2024-11-25,371,,False,,,,,0001493152-24-047623,https://www.sec.gov/Archives/edgar/data/1933567/000149315224047623/0001493152-24-047623.txt
0001933567,https://www.sec.gov/Archives/edgar/data/1933567/000149315224049984/forms-3.htm,NRXS,"Neuraxis, INC",S-3,2024-12-13,353,,False,,,,,0001493152-24-049984,https://www.sec.gov/Archives/edgar/data/1933567/000149315224049984/0001493152-24-049984.txt
0001933567,https://www.sec.gov/Archives/edgar/data/1933567/000149315225005024/forms-3a.htm,NRXS,"Neuraxis, INC",S-3/A,2025-02-05,299,,False,,,,,0001493152-25-005024,https://www.sec.gov/Archives/edgar/data/1933567/000149315225005024/0001493152-25-005024.txt
0001933567,https://www.sec.gov/Archives/edgar/data/1933567/000149315225017425/forms-8.htm,NRXS,"Neuraxis, INC",S-8,2025-10-08,54,,False,,,,,0001493152-25-017425,https://www.sec.gov/Archives/edgar/data/1933567/000149315225017425/0001493152-25-017425.txt
0001881592,https://www.sec.gov/Archives/edgar/data/1881592/000143774925009831/nsts20241231_10k.htm,NSTS,"NSTS Bancorp, Inc.",10-K,2025-03-28,248,,False,,NO_PERIODS,no inferable periods,,0001437749-25-009831,https://www.sec.gov/Archives/edgar/data/1881592/000143774925009831/0001437749-25-009831.txt
0001881592,https://www.sec.gov/Archives/edgar/data/1881592/000143774925034806/nsts20250930_10q.htm,NSTS,"NSTS Bancorp, Inc.",10-Q,2025-11-13,18,,False,,NO_PERIODS,no inferable periods,,0001437749-25-034806,https://www.sec.gov/Archives/edgar/data/1881592/000143774925034806/0001437749-25-034806.txt
0001881592,https://www.sec.gov/Archives/edgar/data/1881592/000143774925021281/rdgdoc.xml,NSTS,"NSTS Bancorp, Inc.",3,2025-06-25,159,,False,,,,,0001437749-25-021281,https://www.sec.gov/Archives/edgar/data/1881592/000143774925021281/0001437749-25-021281.txt
0001881592,https://www.sec.gov/Archives/edgar/data/1881592/000143774925020779/nsts20250617_8k.htm,NSTS,"NSTS Bancorp, Inc.",8-K,2025-06-18,166,,False,,,,,0001437749-25-020779,https://www.sec.gov/Archives/edgar/data/1881592/000143774925020779/0001437749-25-020779.txt
0001881592,https://www.sec.gov/Archives/edgar/data/1881592/000143774925018146/nsts20250519_8k.htm,NSTS,"NSTS Bancorp, Inc.",8-K,2025-05-22,193,,False,,,,,0001437749-25-018146,https://www.sec.gov/Archives/edgar/data/1881592/000143774925018146/0001437749-25-018146.txt
0001881592,https://www.sec.gov/Archives/edgar/data/1881592/000143774925003297/nsts20250210_8k.htm,NSTS,"NSTS Bancorp, Inc.",8-K,2025-02-10,294,,False,,,,,0001437749-25-003297,https://www.sec.gov/Archives/edgar/data/1881592/000143774925003297/0001437749-25-003297.txt
0001609804,https://www.sec.gov/Archives/edgar/data/1609804/000160980425000007/oec-20241231.htm,OEC,Orion S.A.,10-K,2025-02-20,284,,False,,NO_PERIODS,no inferable periods,,0001609804-25-000007,https://www.sec.gov/Archives/edgar/data/1609804/000160980425000007/0001609804-25-000007.txt
0001609804,https://www.sec.gov/Archives/edgar/data/1609804/000162828025048963/oec-20250930.htm,OEC,Orion S.A.,10-Q,2025-11-04,27,,False,,NO_PERIODS,no inferable periods,,0001628280-25-048963,https://www.sec.gov/Archives/edgar/data/1609804/000162828025048963/0001628280-25-048963.txt
0001609804,https://www.sec.gov/Archives/edgar/data/1609804/000160980425000023/oec-20250630.htm,OEC,Orion S.A.,10-Q,2025-08-06,117,,False,,NO_PERIODS,no inferable periods,,0001609804-25-000023,https://www.sec.gov/Archives/edgar/data/1609804/000160980425000023/0001609804-25-000023.txt
0001609804,https://www.sec.gov/Archives/edgar/data/1609804/000095014225001865/es250652173_3-hoogerbrugge.xml,OEC,Orion S.A.,3,2025-07-09,145,,False,,,,,0000950142-25-001865,https://www.sec.gov/Archives/edgar/data/1609804/000095014225001865/0000950142-25-001865.txt
0001609804,https://www.sec.gov/Archives/edgar/data/1609804/000095014225001866/es250652174_4-hoogerbrugge.xml,OEC,Orion S.A.,4,2025-07-09,145,,False,,,,,0000950142-25-001866,https://www.sec.gov/Archives/edgar/data/1609804/000095014225001866/0000950142-25-001866.txt
0001609804,https://www.sec.gov/Archives/edgar/data/1609804/000095014225001745/es250648595_4-wurth.xml,OEC,Orion S.A.,4,2025-06-30,154,,False,,,,,0000950142-25-001745,https://www.sec.gov/Archives/edgar/data/1609804/000095014225001745/0000950142-25-001745.txt
0001609804,https://www.sec.gov/Archives/edgar/data/1609804/000095014225001744/es250648594_4-smithd.xml,OEC,Orion S.A.,4,2025-06-30,154,,False,,,,,0000950142-25-001744,https://www.sec.gov/Archives/edgar/data/1609804/000095014225001744/0000950142-25-001744.txt
0001609804,https://www.sec.gov/Archives/edgar/data/1609804/000095014225001743/es250648592_4-paik.xml,OEC,Orion S.A.,4,2025-06-30,154,,False,,,,,0000950142-25-001743,https://www.sec.gov/Archives/edgar/data/1609804/000095014225001743/0000950142-25-001743.txt
0001609804,https://www.sec.gov/Archives/edgar/data/1609804/000095014225001742/es250648590_4-miraton.xml,OEC,Orion S.A.,4,2025-06-30,154,,False,,,,,0000950142-25-001742,https://www.sec.gov/Archives/edgar/data/1609804/000095014225001742/0000950142-25-001742.txt
0001609804,https://www.sec.gov/Archives/edgar/data/1609804/000095014225001741/es250648589_4-lindsey.xml,OEC,Orion S.A.,4,2025-06-30,154,,False,,,,,0000950142-25-001741,https://www.sec.gov/Archives/edgar/data/1609804/000095014225001741/0000950142-25-001741.txt
0001609804,https://www.sec.gov/Archives/edgar/data/1609804/000095014225001740/es250648587_4-huck.xml,OEC,Orion S.A.,4,2025-06-30,154,,False,,,,,0000950142-25-001740,https://www.sec.gov/Archives/edgar/data/1609804/000095014225001740/0000950142-25-001740.txt
0001609804,https://www.sec.gov/Archives/edgar/data/1609804/000095014225001739/es250648586_4-galvin.xml,OEC,Orion S.A.,4,2025-06-30,154,,False,,,,,0000950142-25-001739,https://www.sec.gov/Archives/edgar/data/1609804/000095014225001739/0000950142-25-001739.txt
0001609804,https://www.sec.gov/Archives/edgar/data/1609804/000095014225001354/es250627480_4-painter.xml,OEC,Orion S.A.,4,2025-05-13,202,,False,,,,,0000950142-25-001354,https://www.sec.gov/Archives/edgar/data/1609804/000095014225001354/0000950142-25-001354.txt
0001609804,https://www.sec.gov/Archives/edgar/data/1609804/000095014225002903/eh250702504_8k.htm,OEC,Orion S.A.,8-K,2025-11-07,24,,False,,,,,0000950142-25-002903,https://www.sec.gov/Archives/edgar/data/1609804/000095014225002903/0000950142-25-002903.txt
0001609804,https://www.sec.gov/Archives/edgar/data/1609804/000162828025048952/oec-20251104.htm,OEC,Orion S.A.,8-K,2025-11-04,27,,False,,,,,0001628280-25-048952,https://www.sec.gov/Archives/edgar/data/1609804/000162828025048952/0001628280-25-048952.txt
0001609804,https://www.sec.gov/Archives/edgar/data/1609804/000095014225002744/eh250691384_8k.htm,OEC,Orion S.A.,8-K,2025-10-14,48,,False,,,,,0000950142-25-002744,https://www.sec.gov/Archives/edgar/data/1609804/000095014225002744/0000950142-25-002744.txt
0001609804,https://www.sec.gov/Archives/edgar/data/1609804/000095014225002577/eh250685621_8k.htm,OEC,Orion S.A.,8-K,2025-09-30,62,,False,,,,,0000950142-25-002577,https://www.sec.gov/Archives/edgar/data/1609804/000095014225002577/0000950142-25-002577.txt
0001609804,https://www.sec.gov/Archives/edgar/data/1609804/000095014225002423/eh250674318_8k.htm,OEC,Orion S.A.,8-K,2025-09-11,81,,False,,,,,0000950142-25-002423,https://www.sec.gov/Archives/edgar/data/1609804/000095014225002423/0000950142-25-002423.txt
0001609804,https://www.sec.gov/Archives/edgar/data/1609804/000160980425000022/oec-20250806.htm,OEC,Orion S.A.,8-K,2025-08-06,117,,False,,,,,0001609804-25-000022,https://www.sec.gov/Archives/edgar/data/1609804/000160980425000022/0001609804-25-000022.txt
0001609804,https://www.sec.gov/Archives/edgar/data/1609804/000095014225002051/eh250661535_8k.htm,OEC,Orion S.A.,8-K,2025-07-30,124,,False,,,,,0000950142-25-002051,https://www.sec.gov/Archives/edgar/data/1609804/000095014225002051/0000950142-25-002051.txt
0001609804,https://www.sec.gov/Archives/edgar/data/1609804/000095014225001679/eh250647044_8k.htm,OEC,Orion S.A.,8-K,2025-06-26,158,,False,,,,,0000950142-25-001679,https://www.sec.gov/Archives/edgar/data/1609804/000095014225001679/0000950142-25-001679.txt
0001609804,https://www.sec.gov/Archives/edgar/data/1609804/000095014225001677/eh250644945_8k.htm,OEC,Orion S.A.,8-K,2025-06-26,158,,False,,,,,0000950142-25-001677,https://www.sec.gov/Archives/edgar/data/1609804/000095014225001677/0000950142-25-001677.txt
0001609804,https://www.sec.gov/Archives/edgar/data/1609804/000160980425000014/oec-20250507.htm,OEC,Orion S.A.,8-K,2025-05-07,208,,False,,,,,0001609804-25-000014,https://www.sec.gov/Archives/edgar/data/1609804/000160980425000014/0001609804-25-000014.txt
0001873923,https://www.sec.gov/Archives/edgar/data/1873923/000187392325000032/onl-20241231.htm,ONL,Orion Properties Inc.,10-K,2025-03-05,271,,False,,NO_PERIODS,no inferable periods,,0001873923-25-000032,https://www.sec.gov/Archives/edgar/data/1873923/000187392325000032/0001873923-25-000032.txt
0001873923,https://www.sec.gov/Archives/edgar/data/1873923/000187392325000130/onl-20250930.htm,ONL,Orion Properties Inc.,10-Q,2025-11-06,25,,False,,NO_PERIODS,no inferable periods,,0001873923-25-000130,https://www.sec.gov/Archives/edgar/data/1873923/000187392325000130/0001873923-25-000130.txt
0001873923,https://www.sec.gov/Archives/edgar/data/1873923/000187392325000117/onl-20250630.htm,ONL,Orion Properties Inc.,10-Q,2025-08-06,117,,False,,NO_PERIODS,no inferable periods,,0001873923-25-000117,https://www.sec.gov/Archives/edgar/data/1873923/000187392325000117/0001873923-25-000117.txt
0001873923,https://www.sec.gov/Archives/edgar/data/1873923/000187392325000121/wk-form4_1756415118.xml,ONL,Orion Properties Inc.,4,2025-08-28,95,,False,,,,,0001873923-25-000121,https://www.sec.gov/Archives/edgar/data/1873923/000187392325000121/0001873923-25-000121.txt
0001873923,https://www.sec.gov/Archives/edgar/data/1873923/000187392325000111/wk-form4_1751319116.xml,ONL,Orion Properties Inc.,4,2025-06-30,154,,False,,,,,0001873923-25-000111,https://www.sec.gov/Archives/edgar/data/1873923/000187392325000111/0001873923-25-000111.txt
0001873923,https://www.sec.gov/Archives/edgar/data/1873923/000187392325000109/wk-form4_1747433339.xml,ONL,Orion Properties Inc.,4,2025-05-16,199,,False,,,,,0001873923-25-000109,https://www.sec.gov/Archives/edgar/data/1873923/000187392325000109/0001873923-25-000109.txt
0001873923,https://www.sec.gov/Archives/edgar/data/1873923/000187392325000107/wk-form4_1747433271.xml,ONL,Orion Properties Inc.,4,2025-05-16,199,,False,,,,,0001873923-25-000107,https://www.sec.gov/Archives/edgar/data/1873923/000187392325000107/0001873923-25-000107.txt
0001873923,https://www.sec.gov/Archives/edgar/data/1873923/000187392325000104/wk-form4_1747433195.xml,ONL,Orion Properties Inc.,4,2025-05-16,199,,False,,,,,0001873923-25-000104,https://www.sec.gov/Archives/edgar/data/1873923/000187392325000104/0001873923-25-000104.txt
0001873923,https://www.sec.gov/Archives/edgar/data/1873923/000187392325000102/wk-form4_1747433126.xml,ONL,Orion Properties Inc.,4,2025-05-16,199,,False,,,,,0001873923-25-000102,https://www.sec.gov/Archives/edgar/data/1873923/000187392325000102/0001873923-25-000102.txt
0001873923,https://www.sec.gov/Archives/edgar/data/1873923/000187392325000100/wk-form4_1747433024.xml,ONL,Orion Properties Inc.,4,2025-05-16,199,,False,,,,,0001873923-25-000100,https://www.sec.gov/Archives/edgar/data/1873923/000187392325000100/0001873923-25-000100.txt
0001873923,https://www.sec.gov/Archives/edgar/data/1873923/000187392325000098/wk-form4_1747432933.xml,ONL,Orion Properties Inc.,4,2025-05-16,199,,False,,,,,0001873923-25-000098,https://www.sec.gov/Archives/edgar/data/1873923/000187392325000098/0001873923-25-000098.txt
0001873923,https://www.sec.gov/Archives/edgar/data/1873923/000187392325000096/wk-form4_1747432486.xml,ONL,Orion Properties Inc.,4,2025-05-16,199,,False,,,,,0001873923-25-000096,https://www.sec.gov/Archives/edgar/data/1873923/000187392325000096/0001873923-25-000096.txt
0001873923,https://www.sec.gov/Archives/edgar/data/1873923/000187392325000093/wk-form4_1747430110.xml,ONL,Orion Properties Inc.,4,2025-05-16,199,,False,,,,,0001873923-25-000093,https://www.sec.gov/Archives/edgar/data/1873923/000187392325000093/0001873923-25-000093.txt
0001873923,https://www.sec.gov/Archives/edgar/data/1873923/000187392325000141/onl-20251110.htm,ONL,Orion Properties Inc.,8-K,2025-11-10,21,,False,,,,,0001873923-25-000141,https://www.sec.gov/Archives/edgar/data/1873923/000187392325000141/0001873923-25-000141.txt
0001873923,https://www.sec.gov/Archives/edgar/data/1873923/000187392325000129/onl-20251106.htm,ONL,Orion Properties Inc.,8-K,2025-11-06,25,,False,,,,,0001873923-25-000129,https://www.sec.gov/Archives/edgar/data/1873923/000187392325000129/0001873923-25-000129.txt
0001873923,https://www.sec.gov/Archives/edgar/data/1873923/000187392325000124/onl-20250922.htm,ONL,Orion Properties Inc.,8-K,2025-09-22,70,,False,,,,,0001873923-25-000124,https://www.sec.gov/Archives/edgar/data/1873923/000187392325000124/0001873923-25-000124.txt
0001873923,https://www.sec.gov/Archives/edgar/data/1873923/000187392325000116/onl-20250806.htm,ONL,Orion Properties Inc.,8-K,2025-08-06,117,,False,,,,,0001873923-25-000116,https://www.sec.gov/Archives/edgar/data/1873923/000187392325000116/0001873923-25-000116.txt
0001873923,https://www.sec.gov/Archives/edgar/data/1873923/000187392325000085/onl-20250514.htm,ONL,Orion Properties Inc.,8-K,2025-05-14,201,,False,,,,,0001873923-25-000085,https://www.sec.gov/Archives/edgar/data/1873923/000187392325000085/0001873923-25-000085.txt
0001873923,https://www.sec.gov/Archives/edgar/data/1873923/000187392325000081/onl-20250507.htm,ONL,Orion Properties Inc.,8-K,2025-05-07,208,,False,,,,,0001873923-25-000081,https://www.sec.gov/Archives/edgar/data/1873923/000187392325000081/0001873923-25-000081.txt
0001873923,https://www.sec.gov/Archives/edgar/data/1873923/000187392325000076/onl-20250410.htm,ONL,Orion Properties Inc.,8-K,2025-04-11,234,,False,,,,,0001873923-25-000076,https://www.sec.gov/Archives/edgar/data/1873923/000187392325000076/0001873923-25-000076.txt
0001873923,https://www.sec.gov/Archives/edgar/data/1873923/000187392325000034/onl-20250305.htm,ONL,Orion Properties Inc.,8-K,2025-03-07,269,,False,,,,,0001873923-25-000034,https://www.sec.gov/Archives/edgar/data/1873923/000187392325000034/0001873923-25-000034.txt
0001873923,https://www.sec.gov/Archives/edgar/data/1873923/000187392325000031/onl-20250305.htm,ONL,Orion Properties Inc.,8-K,2025-03-05,271,,False,,,,,0001873923-25-000031,https://www.sec.gov/Archives/edgar/data/1873923/000187392325000031/0001873923-25-000031.txt
0001873923,https://www.sec.gov/Archives/edgar/data/1873923/000187392324000113/onl-20241122.htm,ONL,Orion Properties Inc.,8-K,2024-11-27,369,,False,,,,,0001873923-24-000113,https://www.sec.gov/Archives/edgar/data/1873923/000187392324000113/0001873923-24-000113.txt
0001873923,https://www.sec.gov/Archives/edgar/data/1873923/000187392325000139/orion-formsx3november2025.htm,ONL,Orion Properties Inc.,S-3,2025-11-10,21,,False,,,,,0001873923-25-000139,https://www.sec.gov/Archives/edgar/data/1873923/000187392325000139/0001873923-25-000139.txt
0001873923,https://www.sec.gov/Archives/edgar/data/1873923/000119312525120785/d795142ds8.htm,ONL,Orion Properties Inc.,S-8,2025-05-15,200,,False,,,,,0001193125-25-120785,https://www.sec.gov/Archives/edgar/data/1873923/000119312525120785/0001193125-25-120785.txt
0001825024,https://www.sec.gov/Archives/edgar/data/1825024/000095017025026788/opad-20241231.htm,OPAD,Offerpad Solutions Inc.,10-K,2025-02-25,279,,False,,NO_PERIODS,no inferable periods,,0000950170-25-026788,https://www.sec.gov/Archives/edgar/data/1825024/000095017025026788/0000950170-25-026788.txt
0001825024,https://www.sec.gov/Archives/edgar/data/1825024/000119312525262768/opad-20250930.htm,OPAD,Offerpad Solutions Inc.,10-Q,2025-11-03,28,,False,,NO_PERIODS,no inferable periods,,0001193125-25-262768,https://www.sec.gov/Archives/edgar/data/1825024/000119312525262768/0001193125-25-262768.txt
0001825024,https://www.sec.gov/Archives/edgar/data/1825024/000119380525001400/e664880_4-sella.xml,OPAD,Offerpad Solutions Inc.,4,2025-10-02,60,,False,,,,,0001193805-25-001400,https://www.sec.gov/Archives/edgar/data/1825024/000119380525001400/0001193805-25-001400.txt
0001825024,https://www.sec.gov/Archives/edgar/data/1825024/000119380525001398/e664878_4-llfunds.xml,OPAD,Offerpad Solutions Inc.,4,2025-10-02,60,,False,,,,,0001193805-25-001398,https://www.sec.gov/Archives/edgar/data/1825024/000119380525001398/0001193805-25-001398.txt
0001825024,https://www.sec.gov/Archives/edgar/data/1825024/000119312525228298/ownership.xml,OPAD,Offerpad Solutions Inc.,4,2025-10-02,60,,False,,,,,0001193125-25-228298,https://www.sec.gov/Archives/edgar/data/1825024/000119312525228298/0001193125-25-228298.txt
0001825024,https://www.sec.gov/Archives/edgar/data/1825024/000119312525228295/ownership.xml,OPAD,Offerpad Solutions Inc.,4,2025-10-02,60,,False,,,,,0001193125-25-228295,https://www.sec.gov/Archives/edgar/data/1825024/000119312525228295/0001193125-25-228295.txt
0001825024,https://www.sec.gov/Archives/edgar/data/1825024/000119312525228294/ownership.xml,OPAD,Offerpad Solutions Inc.,4,2025-10-02,60,,False,,,,,0001193125-25-228294,https://www.sec.gov/Archives/edgar/data/1825024/000119312525228294/0001193125-25-228294.txt
0001825024,https://www.sec.gov/Archives/edgar/data/1825024/000095017025107292/ownership.xml,OPAD,Offerpad Solutions Inc.,4,2025-08-12,111,,False,,,,,0000950170-25-107292,https://www.sec.gov/Archives/edgar/data/1825024/000095017025107292/0000950170-25-107292.txt
0001825024,https://www.sec.gov/Archives/edgar/data/1825024/000095017025107290/ownership.xml,OPAD,Offerpad Solutions Inc.,4,2025-08-12,111,,False,,,,,0000950170-25-107290,https://www.sec.gov/Archives/edgar/data/1825024/000095017025107290/0000950170-25-107290.txt
0001825024,https://www.sec.gov/Archives/edgar/data/1825024/000095017025107287/ownership.xml,OPAD,Offerpad Solutions Inc.,4,2025-08-12,111,,False,,,,,0000950170-25-107287,https://www.sec.gov/Archives/edgar/data/1825024/000095017025107287/0000950170-25-107287.txt
0001825024,https://www.sec.gov/Archives/edgar/data/1825024/000119312525194009/d27458d424b3.htm,OPAD,Offerpad Solutions Inc.,424B3,2025-09-02,90,,False,,,,,0001193125-25-194009,https://www.sec.gov/Archives/edgar/data/1825024/000119312525194009/0001193125-25-194009.txt
0001825024,https://www.sec.gov/Archives/edgar/data/1825024/000119312525191254/d41273d424b5.htm,OPAD,Offerpad Solutions Inc.,424B5,2025-08-28,95,,False,,,,,0001193125-25-191254,https://www.sec.gov/Archives/edgar/data/1825024/000119312525191254/0001193125-25-191254.txt
0001825024,https://www.sec.gov/Archives/edgar/data/1825024/000119312525165189/d36233d424b5.htm,OPAD,Offerpad Solutions Inc.,424B5,2025-07-25,129,,False,,,,,0001193125-25-165189,https://www.sec.gov/Archives/edgar/data/1825024/000119312525165189/0001193125-25-165189.txt
0001825024,https://www.sec.gov/Archives/edgar/data/1825024/000119312525262580/d18006d8k.htm,OPAD,Offerpad Solutions Inc.,8-K,2025-11-03,28,,False,,,,,0001193125-25-262580,https://www.sec.gov/Archives/edgar/data/1825024/000119312525262580/0001193125-25-262580.txt
0001825024,https://www.sec.gov/Archives/edgar/data/1825024/000119312525243790/d72059d8k.htm,OPAD,Offerpad Solutions Inc.,8-K,2025-10-20,42,,False,,,,,0001193125-25-243790,https://www.sec.gov/Archives/edgar/data/1825024/000119312525243790/0001193125-25-243790.txt
0001825024,https://www.sec.gov/Archives/edgar/data/1825024/000119312525191263/d934945d8k.htm,OPAD,Offerpad Solutions Inc.,8-K,2025-08-28,95,,False,,,,,0001193125-25-191263,https://www.sec.gov/Archives/edgar/data/1825024/000119312525191263/0001193125-25-191263.txt
0001825024,https://www.sec.gov/Archives/edgar/data/1825024/000119312525172625/d946681d8k.htm,OPAD,Offerpad Solutions Inc.,8-K,2025-08-04,119,,False,,,,,0001193125-25-172625,https://www.sec.gov/Archives/edgar/data/1825024/000119312525172625/0001193125-25-172625.txt
0001825024,https://www.sec.gov/Archives/edgar/data/1825024/000119312525165608/d66233d8k.htm,OPAD,Offerpad Solutions Inc.,8-K,2025-07-28,126,,False,,,,,0001193125-25-165608,https://www.sec.gov/Archives/edgar/data/1825024/000119312525165608/0001193125-25-165608.txt
0001825024,https://www.sec.gov/Archives/edgar/data/1825024/000119312525163477/d947007d8k.htm,OPAD,Offerpad Solutions Inc.,8-K,2025-07-23,131,,False,,,,,0001193125-25-163477,https://www.sec.gov/Archives/edgar/data/1825024/000119312525163477/0001193125-25-163477.txt
0001825024,https://www.sec.gov/Archives/edgar/data/1825024/000119312525156274/d889917d8k.htm,OPAD,Offerpad Solutions Inc.,8-K,2025-07-07,147,,False,,,,,0001193125-25-156274,https://www.sec.gov/Archives/edgar/data/1825024/000119312525156274/0001193125-25-156274.txt
0001825024,https://www.sec.gov/Archives/edgar/data/1825024/000119312525139234/d803639d8k.htm,OPAD,Offerpad Solutions Inc.,8-K,2025-06-11,173,,False,,,,,0001193125-25-139234,https://www.sec.gov/Archives/edgar/data/1825024/000119312525139234/0001193125-25-139234.txt
0001825024,https://www.sec.gov/Archives/edgar/data/1825024/000119312525117812/d62698d8k.htm,OPAD,Offerpad Solutions Inc.,8-K,2025-05-12,203,,False,,,,,0001193125-25-117812,https://www.sec.gov/Archives/edgar/data/1825024/000119312525117812/0001193125-25-117812.txt
0001825024,https://www.sec.gov/Archives/edgar/data/1825024/000119312525112790/d920688d8k.htm,OPAD,Offerpad Solutions Inc.,8-K,2025-05-05,210,,False,,,,,0001193125-25-112790,https://www.sec.gov/Archives/edgar/data/1825024/000119312525112790/0001193125-25-112790.txt
0001825024,https://www.sec.gov/Archives/edgar/data/1825024/000119312525169368/d26738ds8.htm,OPAD,Offerpad Solutions Inc.,S-8,2025-07-30,124,,False,,,,,0001193125-25-169368,https://www.sec.gov/Archives/edgar/data/1825024/000119312525169368/0001193125-25-169368.txt
0001825024,https://www.sec.gov/Archives/edgar/data/1825024/000119312525035240/d849397ds8.htm,OPAD,Offerpad Solutions Inc.,S-8,2025-02-25,279,,False,,,,,0001193125-25-035240,https://www.sec.gov/Archives/edgar/data/1825024/000119312525035240/0001193125-25-035240.txt
0001288855,https://www.sec.gov/Archives/edgar/data/1288855/000149315225008332/form10-k.htm,OPHC,"OptimumBank Holdings, Inc.",10-K,2025-02-26,278,,False,,NO_PERIODS,no inferable periods,,0001493152-25-008332,https://www.sec.gov/Archives/edgar/data/1288855/000149315225008332/0001493152-25-008332.txt
0001288855,https://www.sec.gov/Archives/edgar/data/1288855/000149315225021417/form10-q.htm,OPHC,"OptimumBank Holdings, Inc.",10-Q,2025-11-10,21,,False,,NO_PERIODS,no inferable periods,,0001493152-25-021417,https://www.sec.gov/Archives/edgar/data/1288855/000149315225021417/0001493152-25-021417.txt
0001288855,https://www.sec.gov/Archives/edgar/data/1288855/000164117225022770/form10-q.htm,OPHC,"OptimumBank Holdings, Inc.",10-Q,2025-08-08,115,,False,,NO_PERIODS,no inferable periods,,0001641172-25-022770,https://www.sec.gov/Archives/edgar/data/1288855/000164117225022770/0001641172-25-022770.txt
0001288855,https://www.sec.gov/Archives/edgar/data/1288855/000164117225014820/ownership.xml,OPHC,"OptimumBank Holdings, Inc.",4,2025-06-12,172,,False,,,,,0001641172-25-014820,https://www.sec.gov/Archives/edgar/data/1288855/000164117225014820/0001641172-25-014820.txt
0001288855,https://www.sec.gov/Archives/edgar/data/1288855/000164117225017290/form424b5.htm,OPHC,"OptimumBank Holdings, Inc.",424B5,2025-07-01,153,,False,,,,,0001641172-25-017290,https://www.sec.gov/Archives/edgar/data/1288855/000164117225017290/0001641172-25-017290.txt
0001288855,https://www.sec.gov/Archives/edgar/data/1288855/000149315225021952/form8-k.htm,OPHC,"OptimumBank Holdings, Inc.",8-K,2025-11-12,19,,False,,,,,0001493152-25-021952,https://www.sec.gov/Archives/edgar/data/1288855/000149315225021952/0001493152-25-021952.txt
0001288855,https://www.sec.gov/Archives/edgar/data/1288855/000149315225018261/form8-k.htm,OPHC,"OptimumBank Holdings, Inc.",8-K,2025-10-16,46,,False,,,,,0001493152-25-018261,https://www.sec.gov/Archives/edgar/data/1288855/000149315225018261/0001493152-25-018261.txt
0001288855,https://www.sec.gov/Archives/edgar/data/1288855/000149315225016528/form8-k.htm,OPHC,"OptimumBank Holdings, Inc.",8-K,2025-10-01,61,,False,,,,,0001493152-25-016528,https://www.sec.gov/Archives/edgar/data/1288855/000149315225016528/0001493152-25-016528.txt
0001288855,https://www.sec.gov/Archives/edgar/data/1288855/000164117225023111/form8-k.htm,OPHC,"OptimumBank Holdings, Inc.",8-K,2025-08-12,111,,False,,,,,0001641172-25-023111,https://www.sec.gov/Archives/edgar/data/1288855/000164117225023111/0001641172-25-023111.txt
0001288855,https://www.sec.gov/Archives/edgar/data/1288855/000164117225022422/form8-k.htm,OPHC,"OptimumBank Holdings, Inc.",8-K,2025-08-06,117,,False,,,,,0001641172-25-022422,https://www.sec.gov/Archives/edgar/data/1288855/000164117225022422/0001641172-25-022422.txt
0001288855,https://www.sec.gov/Archives/edgar/data/1288855/000164117225020835/form8-k.htm,OPHC,"OptimumBank Holdings, Inc.",8-K,2025-07-24,130,,False,,,,,0001641172-25-020835,https://www.sec.gov/Archives/edgar/data/1288855/000164117225020835/0001641172-25-020835.txt
0001288855,https://www.sec.gov/Archives/edgar/data/1288855/000164117225017291/form8-k.htm,OPHC,"OptimumBank Holdings, Inc.",8-K,2025-07-01,153,,False,,,,,0001641172-25-017291,https://www.sec.gov/Archives/edgar/data/1288855/000164117225017291/0001641172-25-017291.txt
0001288855,https://www.sec.gov/Archives/edgar/data/1288855/000164117225012806/form8-k.htm,OPHC,"OptimumBank Holdings, Inc.",8-K,2025-05-29,186,,False,,,,,0001641172-25-012806,https://www.sec.gov/Archives/edgar/data/1288855/000164117225012806/0001641172-25-012806.txt
0001288855,https://www.sec.gov/Archives/edgar/data/1288855/000164117225008617/form8-k.htm,OPHC,"OptimumBank Holdings, Inc.",8-K,2025-05-05,210,,False,,,,,0001641172-25-008617,https://www.sec.gov/Archives/edgar/data/1288855/000164117225008617/0001641172-25-008617.txt
0001288855,https://www.sec.gov/Archives/edgar/data/1288855/000164117225007990/form8-k.htm,OPHC,"OptimumBank Holdings, Inc.",8-K,2025-05-01,214,,False,,,,,0001641172-25-007990,https://www.sec.gov/Archives/edgar/data/1288855/000164117225007990/0001641172-25-007990.txt
0001116463,https://www.sec.gov/Archives/edgar/data/1116463/000111646325000010/osur-20241231.htm,OSUR,ORASURE TECHNOLOGIES INC,10-K,2025-03-07,269,,False,,NO_PERIODS,no inferable periods,,0001116463-25-000010,https://www.sec.gov/Archives/edgar/data/1116463/000111646325000010/0001116463-25-000010.txt
0001116463,https://www.sec.gov/Archives/edgar/data/1116463/000147083125000232/form4.xml,OSUR,ORASURE TECHNOLOGIES INC,4,2025-09-26,66,,False,,,,,0001470831-25-000232,https://www.sec.gov/Archives/edgar/data/1116463/000147083125000232/0001470831-25-000232.txt
0001116463,https://www.sec.gov/Archives/edgar/data/1116463/000106299325014059/form4.xml,OSUR,ORASURE TECHNOLOGIES INC,4,2025-08-11,112,,False,,,,,0001062993-25-014059,https://www.sec.gov/Archives/edgar/data/1116463/000106299325014059/0001062993-25-014059.txt
0001116463,https://www.sec.gov/Archives/edgar/data/1116463/000106299325013517/form4.xml,OSUR,ORASURE TECHNOLOGIES INC,4,2025-08-04,119,,False,,,,,0001062993-25-013517,https://www.sec.gov/Archives/edgar/data/1116463/000106299325013517/0001062993-25-013517.txt
0001116463,https://www.sec.gov/Archives/edgar/data/1116463/000106299325012140/form4.xml,OSUR,ORASURE TECHNOLOGIES INC,4,2025-06-25,159,,False,,,,,0001062993-25-012140,https://www.sec.gov/Archives/edgar/data/1116463/000106299325012140/0001062993-25-012140.txt
0001116463,https://www.sec.gov/Archives/edgar/data/1116463/000106299325011071/form4.xml,OSUR,ORASURE TECHNOLOGIES INC,4,2025-06-05,179,,False,,,,,0001062993-25-011071,https://www.sec.gov/Archives/edgar/data/1116463/000106299325011071/0001062993-25-011071.txt
0001116463,https://www.sec.gov/Archives/edgar/data/1116463/000106299325009567/form4.xml,OSUR,ORASURE TECHNOLOGIES INC,4,2025-05-15,200,,False,,,,,0001062993-25-009567,https://www.sec.gov/Archives/edgar/data/1116463/000106299325009567/0001062993-25-009567.txt
0001116463,https://www.sec.gov/Archives/edgar/data/1116463/000106299325009566/form4.xml,OSUR,ORASURE TECHNOLOGIES INC,4,2025-05-15,200,,False,,,,,0001062993-25-009566,https://www.sec.gov/Archives/edgar/data/1116463/000106299325009566/0001062993-25-009566.txt
0001116463,https://www.sec.gov/Archives/edgar/data/1116463/000106299325009565/form4.xml,OSUR,ORASURE TECHNOLOGIES INC,4,2025-05-15,200,,False,,,,,0001062993-25-009565,https://www.sec.gov/Archives/edgar/data/1116463/000106299325009565/0001062993-25-009565.txt
0001116463,https://www.sec.gov/Archives/edgar/data/1116463/000106299325009564/form4.xml,OSUR,ORASURE TECHNOLOGIES INC,4,2025-05-15,200,,False,,,,,0001062993-25-009564,https://www.sec.gov/Archives/edgar/data/1116463/000106299325009564/0001062993-25-009564.txt
0001116463,https://www.sec.gov/Archives/edgar/data/1116463/000106299325009563/form4.xml,OSUR,ORASURE TECHNOLOGIES INC,4,2025-05-15,200,,False,,,,,0001062993-25-009563,https://www.sec.gov/Archives/edgar/data/1116463/000106299325009563/0001062993-25-009563.txt
0001116463,https://www.sec.gov/Archives/edgar/data/1116463/000111646325000057/osur-20251201.htm,OSUR,ORASURE TECHNOLOGIES INC,8-K,2025-12-01,0,,False,,,,,0001116463-25-000057,https://www.sec.gov/Archives/edgar/data/1116463/000111646325000057/0001116463-25-000057.txt
0001116463,https://www.sec.gov/Archives/edgar/data/1116463/000111646325000053/osur-20251105.htm,OSUR,ORASURE TECHNOLOGIES INC,8-K,2025-11-05,26,,False,,,,,0001116463-25-000053,https://www.sec.gov/Archives/edgar/data/1116463/000111646325000053/0001116463-25-000053.txt
0001116463,https://www.sec.gov/Archives/edgar/data/1116463/000111646325000049/osur-20251028.htm,OSUR,ORASURE TECHNOLOGIES INC,8-K,2025-10-28,34,,False,,,,,0001116463-25-000049,https://www.sec.gov/Archives/edgar/data/1116463/000111646325000049/0001116463-25-000049.txt
0001116463,https://www.sec.gov/Archives/edgar/data/1116463/000162828025037806/osur-20250805.htm,OSUR,ORASURE TECHNOLOGIES INC,8-K,2025-08-05,118,,False,,,,,0001628280-25-037806,https://www.sec.gov/Archives/edgar/data/1116463/000162828025037806/0001628280-25-037806.txt
0001116463,https://www.sec.gov/Archives/edgar/data/1116463/000162828025025491/osur-20250514.htm,OSUR,ORASURE TECHNOLOGIES INC,8-K,2025-05-14,201,,False,,,,,0001628280-25-025491,https://www.sec.gov/Archives/edgar/data/1116463/000162828025025491/0001628280-25-025491.txt
0001116463,https://www.sec.gov/Archives/edgar/data/1116463/000111646325000041/osur-20250508.htm,OSUR,ORASURE TECHNOLOGIES INC,8-K,2025-05-09,206,,False,,,,,0001116463-25-000041,https://www.sec.gov/Archives/edgar/data/1116463/000111646325000041/0001116463-25-000041.txt
0001116463,https://www.sec.gov/Archives/edgar/data/1116463/000111646325000037/osur-20250507.htm,OSUR,ORASURE TECHNOLOGIES INC,8-K,2025-05-07,208,,False,,,,,0001116463-25-000037,https://www.sec.gov/Archives/edgar/data/1116463/000111646325000037/0001116463-25-000037.txt
0001116463,https://www.sec.gov/Archives/edgar/data/1116463/000111646325000013/osur-20250324.htm,OSUR,ORASURE TECHNOLOGIES INC,8-K,2025-03-24,252,,False,,,,,0001116463-25-000013,https://www.sec.gov/Archives/edgar/data/1116463/000111646325000013/0001116463-25-000013.txt
0001116463,https://www.sec.gov/Archives/edgar/data/1116463/000111646325000002/osur-20250225.htm,OSUR,ORASURE TECHNOLOGIES INC,8-K,2025-02-25,279,,False,,,,,0001116463-25-000002,https://www.sec.gov/Archives/edgar/data/1116463/000111646325000002/0001116463-25-000002.txt
0001116463,https://www.sec.gov/Archives/edgar/data/1116463/000119312524285106/d884076d8k.htm,OSUR,ORASURE TECHNOLOGIES INC,8-K,2024-12-26,340,,False,,,,,0001193125-24-285106,https://www.sec.gov/Archives/edgar/data/1116463/000119312524285106/0001193125-24-285106.txt
0001116463,https://www.sec.gov/Archives/edgar/data/1116463/000162828025026887/osur-sx32025xgpdraft56xosu.htm,OSUR,ORASURE TECHNOLOGIES INC,S-3,2025-05-20,195,,False,,,,,0001628280-25-026887,https://www.sec.gov/Archives/edgar/data/1116463/000162828025026887/0001628280-25-026887.txt
0001116463,https://www.sec.gov/Archives/edgar/data/1116463/000162828025026898/osur-formsx82025.htm,OSUR,ORASURE TECHNOLOGIES INC,S-8,2025-05-20,195,,False,,,,,0001628280-25-026898,https://www.sec.gov/Archives/edgar/data/1116463/000162828025026898/0001628280-25-026898.txt
0002077010,https://www.sec.gov/Archives/edgar/data/2077010/000149315225021926/form10-q.htm,OTGA,OTG Acquisition Corp. I,10-Q,2025-11-12,19,,False,,NO_CASHFLOW,operating cash flow missing,,0001493152-25-021926,https://www.sec.gov/Archives/edgar/data/2077010/000149315225021926/0001493152-25-021926.txt
0002077010,https://www.sec.gov/Archives/edgar/data/2077010/000149315225019313/form10-q.htm,OTGA,OTG Acquisition Corp. I,10-Q,2025-10-24,38,,False,,NO_CASHFLOW,operating cash flow missing,,0001493152-25-019313,https://www.sec.gov/Archives/edgar/data/2077010/000149315225019313/0001493152-25-019313.txt
0002077010,https://www.sec.gov/Archives/edgar/data/2077010/000149315225014525/ownership.xml,OTGA,OTG Acquisition Corp. I,3,2025-09-22,70,,False,,,,,0001493152-25-014525,https://www.sec.gov/Archives/edgar/data/2077010/000149315225014525/0001493152-25-014525.txt
0002077010,https://www.sec.gov/Archives/edgar/data/2077010/000149315225013587/ownership.xml,OTGA,OTG Acquisition Corp. I,3,2025-09-15,77,,False,,,,,0001493152-25-013587,https://www.sec.gov/Archives/edgar/data/2077010/000149315225013587/0001493152-25-013587.txt
0002077010,https://www.sec.gov/Archives/edgar/data/2077010/000149315225013586/ownership.xml,OTGA,OTG Acquisition Corp. I,3,2025-09-15,77,,False,,,,,0001493152-25-013586,https://www.sec.gov/Archives/edgar/data/2077010/000149315225013586/0001493152-25-013586.txt
0002077010,https://www.sec.gov/Archives/edgar/data/2077010/000149315225013114/ownership.xml,OTGA,OTG Acquisition Corp. I,3,2025-09-11,81,,False,,,,,0001493152-25-013114,https://www.sec.gov/Archives/edgar/data/2077010/000149315225013114/0001493152-25-013114.txt
0002077010,https://www.sec.gov/Archives/edgar/data/2077010/000199419425000008/ownership.xml,OTGA,OTG Acquisition Corp. I,3,2025-09-11,81,,False,,,,,0001994194-25-000008,https://www.sec.gov/Archives/edgar/data/2077010/000199419425000008/0001994194-25-000008.txt
0002077010,https://www.sec.gov/Archives/edgar/data/2077010/000149315225013283/form424b4.htm,OTGA,OTG Acquisition Corp. I,424B4,2025-09-12,80,,False,,,,,0001493152-25-013283,https://www.sec.gov/Archives/edgar/data/2077010/000149315225013283/0001493152-25-013283.txt
0002077010,https://www.sec.gov/Archives/edgar/data/2077010/000149315225020087/form8-k.htm,OTGA,OTG Acquisition Corp. I,8-K,2025-10-29,33,,False,,,,,0001493152-25-020087,https://www.sec.gov/Archives/edgar/data/2077010/000149315225020087/0001493152-25-020087.txt
0002077010,https://www.sec.gov/Archives/edgar/data/2077010/000149315225014265/form8-k.htm,OTGA,OTG Acquisition Corp. I,8-K,2025-09-19,73,,False,,,,,0001493152-25-014265,https://www.sec.gov/Archives/edgar/data/2077010/000149315225014265/0001493152-25-014265.txt
0002077010,https://www.sec.gov/Archives/edgar/data/2077010/000149315225013496/form8-k.htm,OTGA,OTG Acquisition Corp. I,8-K,2025-09-15,77,,False,,,,,0001493152-25-013496,https://www.sec.gov/Archives/edgar/data/2077010/000149315225013496/0001493152-25-013496.txt
0001649989,https://www.sec.gov/Archives/edgar/data/1649989/000155837025000366/otlk-20240930x10ka.htm,OTLK,"Outlook Therapeutics, Inc.",10-K/A,2025-01-23,312,,False,,NO_CASHFLOW,cashflow statement missing,,0001558370-25-000366,https://www.sec.gov/Archives/edgar/data/1649989/000155837025000366/0001558370-25-000366.txt
0001649989,https://www.sec.gov/Archives/edgar/data/1649989/000141588925019585/form3-07092025_090752.xml,OTLK,"Outlook Therapeutics, Inc.",3,2025-07-09,145,,False,,,,,0001415889-25-019585,https://www.sec.gov/Archives/edgar/data/1649989/000141588925019585/0001415889-25-019585.txt
0001649989,https://www.sec.gov/Archives/edgar/data/1649989/000164998925000010/primary_doc.xml,OTLK,"Outlook Therapeutics, Inc.",4,2025-10-03,59,,False,,,,,0001649989-25-000010,https://www.sec.gov/Archives/edgar/data/1649989/000164998925000010/0001649989-25-000010.txt
0001649989,https://www.sec.gov/Archives/edgar/data/1649989/000164998925000009/primary_doc.xml,OTLK,"Outlook Therapeutics, Inc.",4,2025-10-03,59,,False,,,,,0001649989-25-000009,https://www.sec.gov/Archives/edgar/data/1649989/000164998925000009/0001649989-25-000009.txt
0001649989,https://www.sec.gov/Archives/edgar/data/1649989/000164998925000008/primary_doc.xml,OTLK,"Outlook Therapeutics, Inc.",4,2025-10-03,59,,False,,,,,0001649989-25-000008,https://www.sec.gov/Archives/edgar/data/1649989/000164998925000008/0001649989-25-000008.txt
0001649989,https://www.sec.gov/Archives/edgar/data/1649989/000164998925000007/primary_doc.xml,OTLK,"Outlook Therapeutics, Inc.",4,2025-10-03,59,,False,,,,,0001649989-25-000007,https://www.sec.gov/Archives/edgar/data/1649989/000164998925000007/0001649989-25-000007.txt
0001649989,https://www.sec.gov/Archives/edgar/data/1649989/000164998925000006/primary_doc.xml,OTLK,"Outlook Therapeutics, Inc.",4,2025-10-03,59,,False,,,,,0001649989-25-000006,https://www.sec.gov/Archives/edgar/data/1649989/000164998925000006/0001649989-25-000006.txt
0001649989,https://www.sec.gov/Archives/edgar/data/1649989/000164998925000005/primary_doc.xml,OTLK,"Outlook Therapeutics, Inc.",4,2025-10-03,59,,False,,,,,0001649989-25-000005,https://www.sec.gov/Archives/edgar/data/1649989/000164998925000005/0001649989-25-000005.txt
0001649989,https://www.sec.gov/Archives/edgar/data/1649989/000164998925000004/primary_doc.xml,OTLK,"Outlook Therapeutics, Inc.",4,2025-10-03,59,,False,,,,,0001649989-25-000004,https://www.sec.gov/Archives/edgar/data/1649989/000164998925000004/0001649989-25-000004.txt
0001649989,https://www.sec.gov/Archives/edgar/data/1649989/000164998925000003/primary_doc.xml,OTLK,"Outlook Therapeutics, Inc.",4,2025-10-03,59,,False,,,,,0001649989-25-000003,https://www.sec.gov/Archives/edgar/data/1649989/000164998925000003/0001649989-25-000003.txt
0001649989,https://www.sec.gov/Archives/edgar/data/1649989/000141588925019586/form4-07092025_090745.xml,OTLK,"Outlook Therapeutics, Inc.",4,2025-07-09,145,,False,,,,,0001415889-25-019586,https://www.sec.gov/Archives/edgar/data/1649989/000141588925019586/0001415889-25-019586.txt
0001649989,https://www.sec.gov/Archives/edgar/data/1649989/000110465925048599/tm2515104d2_424b3.htm,OTLK,"Outlook Therapeutics, Inc.",424B3,2025-05-14,201,,False,,,,,0001104659-25-048599,https://www.sec.gov/Archives/edgar/data/1649989/000110465925048599/0001104659-25-048599.txt
0001649989,https://www.sec.gov/Archives/edgar/data/1649989/000110465925048597/tm2515104d1_424b3.htm,OTLK,"Outlook Therapeutics, Inc.",424B3,2025-05-14,201,,False,,,,,0001104659-25-048597,https://www.sec.gov/Archives/edgar/data/1649989/000110465925048597/0001104659-25-048597.txt
0001649989,https://www.sec.gov/Archives/edgar/data/1649989/000110465925029421/tm2510764d1_424b3.htm,OTLK,"Outlook Therapeutics, Inc.",424B3,2025-03-28,248,,False,,,,,0001104659-25-029421,https://www.sec.gov/Archives/edgar/data/1649989/000110465925029421/0001104659-25-029421.txt
0001649989,https://www.sec.gov/Archives/edgar/data/1649989/000110465925021749/tm258318d1_424b3.htm,OTLK,"Outlook Therapeutics, Inc.",424B3,2025-03-07,269,,False,,,,,0001104659-25-021749,https://www.sec.gov/Archives/edgar/data/1649989/000110465925021749/0001104659-25-021749.txt
0001649989,https://www.sec.gov/Archives/edgar/data/1649989/000110465925052469/tm2515210d3_424b5.htm,OTLK,"Outlook Therapeutics, Inc.",424B5,2025-05-23,192,,False,,,,,0001104659-25-052469,https://www.sec.gov/Archives/edgar/data/1649989/000110465925052469/0001104659-25-052469.txt
0001649989,https://www.sec.gov/Archives/edgar/data/1649989/000110465925052010/tm2515210d2_424b5.htm,OTLK,"Outlook Therapeutics, Inc.",424B5,2025-05-22,193,,False,,,,,0001104659-25-052010,https://www.sec.gov/Archives/edgar/data/1649989/000110465925052010/0001104659-25-052010.txt
0001649989,https://www.sec.gov/Archives/edgar/data/1649989/000110465925111316/tm2531109d1_8k.htm,OTLK,"Outlook Therapeutics, Inc.",8-K,2025-11-13,18,,False,,,,,0001104659-25-111316,https://www.sec.gov/Archives/edgar/data/1649989/000110465925111316/0001104659-25-111316.txt
0001649989,https://www.sec.gov/Archives/edgar/data/1649989/000110465925105633/tm2530088d1_8k.htm,OTLK,"Outlook Therapeutics, Inc.",8-K,2025-11-03,28,,False,,,,,0001104659-25-105633,https://www.sec.gov/Archives/edgar/data/1649989/000110465925105633/0001104659-25-105633.txt
0001649989,https://www.sec.gov/Archives/edgar/data/1649989/000110465925094558/tm2527376d1_8k.htm,OTLK,"Outlook Therapeutics, Inc.",8-K,2025-09-29,63,,False,,,,,0001104659-25-094558,https://www.sec.gov/Archives/edgar/data/1649989/000110465925094558/0001104659-25-094558.txt
0001649989,https://www.sec.gov/Archives/edgar/data/1649989/000110465925087886/tm2525276d1_8k.htm,OTLK,"Outlook Therapeutics, Inc.",8-K,2025-09-05,87,,False,,,,,0001104659-25-087886,https://www.sec.gov/Archives/edgar/data/1649989/000110465925087886/0001104659-25-087886.txt
0001649989,https://www.sec.gov/Archives/edgar/data/1649989/000110465925086428/tm2524956d1_8k.htm,OTLK,"Outlook Therapeutics, Inc.",8-K,2025-09-02,90,,False,,,,,0001104659-25-086428,https://www.sec.gov/Archives/edgar/data/1649989/000110465925086428/0001104659-25-086428.txt
0001649989,https://www.sec.gov/Archives/edgar/data/1649989/000110465925078622/tm2523462d1_8k.htm,OTLK,"Outlook Therapeutics, Inc.",8-K,2025-08-14,109,,False,,,,,0001104659-25-078622,https://www.sec.gov/Archives/edgar/data/1649989/000110465925078622/0001104659-25-078622.txt
0001649989,https://www.sec.gov/Archives/edgar/data/1649989/000110465925064755/tm2519577d1_8k.htm,OTLK,"Outlook Therapeutics, Inc.",8-K,2025-07-01,153,,False,,,,,0001104659-25-064755,https://www.sec.gov/Archives/edgar/data/1649989/000110465925064755/0001104659-25-064755.txt
0001649989,https://www.sec.gov/Archives/edgar/data/1649989/000110465925055521/tm2516951d1_8k.htm,OTLK,"Outlook Therapeutics, Inc.",8-K,2025-06-02,182,,False,,,,,0001104659-25-055521,https://www.sec.gov/Archives/edgar/data/1649989/000110465925055521/0001104659-25-055521.txt
0001649989,https://www.sec.gov/Archives/edgar/data/1649989/000110465925052452/tm2516054d1_8k.htm,OTLK,"Outlook Therapeutics, Inc.",8-K,2025-05-23,192,,False,,,,,0001104659-25-052452,https://www.sec.gov/Archives/edgar/data/1649989/000110465925052452/0001104659-25-052452.txt
0001649989,https://www.sec.gov/Archives/edgar/data/1649989/000110465925049411/tm2515284d1_8k.htm,OTLK,"Outlook Therapeutics, Inc.",8-K,2025-05-15,200,,False,,,,,0001104659-25-049411,https://www.sec.gov/Archives/edgar/data/1649989/000110465925049411/0001104659-25-049411.txt
0001649989,https://www.sec.gov/Archives/edgar/data/1649989/000110465925026230/tm259626d1_s3.htm,OTLK,"Outlook Therapeutics, Inc.",S-3,2025-03-20,256,,False,,,,,0001104659-25-026230,https://www.sec.gov/Archives/edgar/data/1649989/000110465925026230/0001104659-25-026230.txt
0001649989,https://www.sec.gov/Archives/edgar/data/1649989/000110465925019184/tm257774d1_s3.htm,OTLK,"Outlook Therapeutics, Inc.",S-3,2025-02-28,276,,False,,,,,0001104659-25-019184,https://www.sec.gov/Archives/edgar/data/1649989/000110465925019184/0001104659-25-019184.txt
0001816708,https://www.sec.gov/Archives/edgar/data/1816708/000162828025021140/owlet_10kaxfy24.htm,OWLT,"Owlet, Inc.",10-K/A,2025-04-30,215,,False,,NO_CASHFLOW,cashflow statement missing,,0001628280-25-021140,https://www.sec.gov/Archives/edgar/data/1816708/000162828025021140/0001628280-25-021140.txt
0001816708,https://www.sec.gov/Archives/edgar/data/1816708/000162828025045154/wk-form4_1760577238.xml,OWLT,"Owlet, Inc.",4,2025-10-15,47,,False,,,,,0001628280-25-045154,https://www.sec.gov/Archives/edgar/data/1816708/000162828025045154/0001628280-25-045154.txt
0001816708,https://www.sec.gov/Archives/edgar/data/1816708/000162828025045153/wk-form4_1760577208.xml,OWLT,"Owlet, Inc.",4,2025-10-15,47,,False,,,,,0001628280-25-045153,https://www.sec.gov/Archives/edgar/data/1816708/000162828025045153/0001628280-25-045153.txt
0001816708,https://www.sec.gov/Archives/edgar/data/1816708/000162828025045152/wk-form4_1760577175.xml,OWLT,"Owlet, Inc.",4,2025-10-15,47,,False,,,,,0001628280-25-045152,https://www.sec.gov/Archives/edgar/data/1816708/000162828025045152/0001628280-25-045152.txt
0001816708,https://www.sec.gov/Archives/edgar/data/1816708/000119312525240517/ownership.xml,OWLT,"Owlet, Inc.",4,2025-10-15,47,,False,,,,,0001193125-25-240517,https://www.sec.gov/Archives/edgar/data/1816708/000119312525240517/0001193125-25-240517.txt
0001816708,https://www.sec.gov/Archives/edgar/data/1816708/000119312525240511/ownership.xml,OWLT,"Owlet, Inc.",4,2025-10-15,47,,False,,,,,0001193125-25-240511,https://www.sec.gov/Archives/edgar/data/1816708/000119312525240511/0001193125-25-240511.txt
0001816708,https://www.sec.gov/Archives/edgar/data/1816708/000162828025027139/wk-form4_1747876547.xml,OWLT,"Owlet, Inc.",4,2025-05-21,194,,False,,,,,0001628280-25-027139,https://www.sec.gov/Archives/edgar/data/1816708/000162828025027139/0001628280-25-027139.txt
0001816708,https://www.sec.gov/Archives/edgar/data/1816708/000162828025015465/owlet-final424b3.htm,OWLT,"Owlet, Inc.",424B3,2025-03-28,248,,False,,,,,0001628280-25-015465,https://www.sec.gov/Archives/edgar/data/1816708/000162828025015465/0001628280-25-015465.txt
0001816708,https://www.sec.gov/Archives/edgar/data/1816708/000162828025045936/owlet-final424b5.htm,OWLT,"Owlet, Inc.",424B5,2025-10-23,39,,False,,,,,0001628280-25-045936,https://www.sec.gov/Archives/edgar/data/1816708/000162828025045936/0001628280-25-045936.txt
0001816708,https://www.sec.gov/Archives/edgar/data/1816708/000162828025045737/owlet-424b5.htm,OWLT,"Owlet, Inc.",424B5,2025-10-21,41,,False,,,,,0001628280-25-045737,https://www.sec.gov/Archives/edgar/data/1816708/000162828025045737/0001628280-25-045737.txt
0001816708,https://www.sec.gov/Archives/edgar/data/1816708/000181670825000060/owlt-20251113.htm,OWLT,"Owlet, Inc.",8-K,2025-11-13,18,,False,,,,,0001816708-25-000060,https://www.sec.gov/Archives/edgar/data/1816708/000181670825000060/0001816708-25-000060.txt
0001816708,https://www.sec.gov/Archives/edgar/data/1816708/000162828025045943/owlt-20251021.htm,OWLT,"Owlet, Inc.",8-K,2025-10-23,39,,False,,,,,0001628280-25-045943,https://www.sec.gov/Archives/edgar/data/1816708/000162828025045943/0001628280-25-045943.txt
0001816708,https://www.sec.gov/Archives/edgar/data/1816708/000181670825000044/owlt-20251008.htm,OWLT,"Owlet, Inc.",8-K,2025-10-14,48,,False,,,,,0001816708-25-000044,https://www.sec.gov/Archives/edgar/data/1816708/000181670825000044/0001816708-25-000044.txt
0001816708,https://www.sec.gov/Archives/edgar/data/1816708/000181670825000040/owlt-20250930.htm,OWLT,"Owlet, Inc.",8-K,2025-10-06,56,,False,,,,,0001816708-25-000040,https://www.sec.gov/Archives/edgar/data/1816708/000181670825000040/0001816708-25-000040.txt
0001816708,https://www.sec.gov/Archives/edgar/data/1816708/000181670825000036/owlt-20250911.htm,OWLT,"Owlet, Inc.",8-K,2025-09-24,68,,False,,,,,0001816708-25-000036,https://www.sec.gov/Archives/edgar/data/1816708/000181670825000036/0001816708-25-000036.txt
0001816708,https://www.sec.gov/Archives/edgar/data/1816708/000181670825000020/owlt-20250805.htm,OWLT,"Owlet, Inc.",8-K,2025-08-07,116,,False,,,,,0001816708-25-000020,https://www.sec.gov/Archives/edgar/data/1816708/000181670825000020/0001816708-25-000020.txt
0001816708,https://www.sec.gov/Archives/edgar/data/1816708/000181670825000019/owlt-20250807.htm,OWLT,"Owlet, Inc.",8-K,2025-08-07,116,,False,,,,,0001816708-25-000019,https://www.sec.gov/Archives/edgar/data/1816708/000181670825000019/0001816708-25-000019.txt
0001816708,https://www.sec.gov/Archives/edgar/data/1816708/000162828025031614/a20250611creditagreementam.htm,OWLT,"Owlet, Inc.",8-K,2025-06-16,168,,False,,,,,0001628280-25-031614,https://www.sec.gov/Archives/edgar/data/1816708/000162828025031614/0001628280-25-031614.txt
0001816708,https://www.sec.gov/Archives/edgar/data/1816708/000162828025023770/owlt-20250508.htm,OWLT,"Owlet, Inc.",8-K,2025-05-08,207,,False,,,,,0001628280-25-023770,https://www.sec.gov/Archives/edgar/data/1816708/000162828025023770/0001628280-25-023770.txt
0001816708,https://www.sec.gov/Archives/edgar/data/1816708/000162828025009814/owlt-20250304.htm,OWLT,"Owlet, Inc.",8-K,2025-03-04,272,,False,,,,,0001628280-25-009814,https://www.sec.gov/Archives/edgar/data/1816708/000162828025009814/0001628280-25-009814.txt
0001816708,https://www.sec.gov/Archives/edgar/data/1816708/000181670825000032/owlt-20250807.htm,OWLT,"Owlet, Inc.",8-K/A,2025-08-13,110,,False,,,,,0001816708-25-000032,https://www.sec.gov/Archives/edgar/data/1816708/000181670825000032/0001816708-25-000032.txt
0001816708,https://www.sec.gov/Archives/edgar/data/1816708/000162828025053580/owlets-32025x11x13.htm,OWLT,"Owlet, Inc.",S-3,2025-11-21,10,,False,,,,,0001628280-25-053580,https://www.sec.gov/Archives/edgar/data/1816708/000162828025053580/0001628280-25-053580.txt
0001816708,https://www.sec.gov/Archives/edgar/data/1816708/000162828025012065/owlets-3march2025.htm,OWLT,"Owlet, Inc.",S-3,2025-03-11,265,,False,,,,,0001628280-25-012065,https://www.sec.gov/Archives/edgar/data/1816708/000162828025012065/0001628280-25-012065.txt
0001816708,https://www.sec.gov/Archives/edgar/data/1816708/000162828025052389/owlt-sx82025x11x13.htm,OWLT,"Owlet, Inc.",S-8,2025-11-14,17,,False,,,,,0001628280-25-052389,https://www.sec.gov/Archives/edgar/data/1816708/000162828025052389/0001628280-25-052389.txt
0001816708,https://www.sec.gov/Archives/edgar/data/1816708/000162828025012182/owlt-sx82025x03x11.htm,OWLT,"Owlet, Inc.",S-8,2025-03-12,264,,False,,,,,0001628280-25-012182,https://www.sec.gov/Archives/edgar/data/1816708/000162828025012182/0001628280-25-012182.txt
0001259429,https://www.sec.gov/Archives/edgar/data/1259429/000121390025020801/ea0229536_10k.htm,OXSQ,Oxford Square Capital Corp.,10-K,2025-03-05,271,,False,,NO_PERIODS,no inferable periods,,0001213900-25-020801,https://www.sec.gov/Archives/edgar/data/1259429/000121390025020801/0001213900-25-020801.txt
0001259429,https://www.sec.gov/Archives/edgar/data/1259429/000121390025074439/ea0250308-01_10q.htm,OXSQ,Oxford Square Capital Corp.,10-Q,2025-08-12,111,,False,,NO_PERIODS,no inferable periods,,0001213900-25-074439,https://www.sec.gov/Archives/edgar/data/1259429/000121390025074439/0001213900-25-074439.txt
0001259429,https://www.sec.gov/Archives/edgar/data/1259429/000121390025070654/ea0250232-02_424b2.htm,OXSQ,Oxford Square Capital Corp.,424B2,2025-08-01,122,,False,,,,,0001213900-25-070654,https://www.sec.gov/Archives/edgar/data/1259429/000121390025070654/0001213900-25-070654.txt
0001259429,https://www.sec.gov/Archives/edgar/data/1259429/000121390025069633/ea0250232-01_424b2.htm,OXSQ,Oxford Square Capital Corp.,424B2,2025-07-31,123,,False,,,,,0001213900-25-069633,https://www.sec.gov/Archives/edgar/data/1259429/000121390025069633/0001213900-25-069633.txt
0001259429,https://www.sec.gov/Archives/edgar/data/1259429/000121390025105636/ea0263702-01_8k.htm,OXSQ,Oxford Square Capital Corp.,8-K,2025-11-04,27,,False,,,,,0001213900-25-105636,https://www.sec.gov/Archives/edgar/data/1259429/000121390025105636/0001213900-25-105636.txt
0001259429,https://www.sec.gov/Archives/edgar/data/1259429/000121390025079371/ea0254138-01_8k.htm,OXSQ,Oxford Square Capital Corp.,8-K,2025-08-21,102,,False,,,,,0001213900-25-079371,https://www.sec.gov/Archives/edgar/data/1259429/000121390025079371/0001213900-25-079371.txt
0001259429,https://www.sec.gov/Archives/edgar/data/1259429/000121390025078975/ea0253966-02_8k.htm,OXSQ,Oxford Square Capital Corp.,8-K,2025-08-20,103,,False,,,,,0001213900-25-078975,https://www.sec.gov/Archives/edgar/data/1259429/000121390025078975/0001213900-25-078975.txt
0001259429,https://www.sec.gov/Archives/edgar/data/1259429/000121390025073091/ea0252107-01_8k.htm,OXSQ,Oxford Square Capital Corp.,8-K,2025-08-07,116,,False,,,,,0001213900-25-073091,https://www.sec.gov/Archives/edgar/data/1259429/000121390025073091/0001213900-25-073091.txt
0001259429,https://www.sec.gov/Archives/edgar/data/1259429/000121390025072831/ea0252139-01_8k.htm,OXSQ,Oxford Square Capital Corp.,8-K,2025-08-07,116,,False,,,,,0001213900-25-072831,https://www.sec.gov/Archives/edgar/data/1259429/000121390025072831/0001213900-25-072831.txt
0001259429,https://www.sec.gov/Archives/edgar/data/1259429/000121390025070608/ea0251233-01_8k.htm,OXSQ,Oxford Square Capital Corp.,8-K,2025-08-01,122,,False,,,,,0001213900-25-070608,https://www.sec.gov/Archives/edgar/data/1259429/000121390025070608/0001213900-25-070608.txt
0001259429,https://www.sec.gov/Archives/edgar/data/1259429/000121390025055645/ea0245958-01_8k.htm,OXSQ,Oxford Square Capital Corp.,8-K,2025-06-18,166,,False,,,,,0001213900-25-055645,https://www.sec.gov/Archives/edgar/data/1259429/000121390025055645/0001213900-25-055645.txt
0001259429,https://www.sec.gov/Archives/edgar/data/1259429/000121390025043381/ea0242159-01_8k.htm,OXSQ,Oxford Square Capital Corp.,8-K,2025-05-14,201,,False,,,,,0001213900-25-043381,https://www.sec.gov/Archives/edgar/data/1259429/000121390025043381/0001213900-25-043381.txt
0001259429,https://www.sec.gov/Archives/edgar/data/1259429/000121390025035264/ea0239520-01_8k.htm,OXSQ,Oxford Square Capital Corp.,8-K,2025-04-25,220,,False,,,,,0001213900-25-035264,https://www.sec.gov/Archives/edgar/data/1259429/000121390025035264/0001213900-25-035264.txt
0001259429,https://www.sec.gov/Archives/edgar/data/1259429/000121390025018766/ea0232518-01_8k.htm,OXSQ,Oxford Square Capital Corp.,8-K,2025-02-28,276,,False,,,,,0001213900-25-018766,https://www.sec.gov/Archives/edgar/data/1259429/000121390025018766/0001213900-25-018766.txt
0001357459,https://www.sec.gov/Archives/edgar/data/1357459/000149315225017481/ownership.xml,PALI,"PALISADE BIO, INC.",4,2025-10-08,54,,False,,,,,0001493152-25-017481,https://www.sec.gov/Archives/edgar/data/1357459/000149315225017481/0001493152-25-017481.txt
0001357459,https://www.sec.gov/Archives/edgar/data/1357459/000149315225017479/ownership.xml,PALI,"PALISADE BIO, INC.",4,2025-10-08,54,,False,,,,,0001493152-25-017479,https://www.sec.gov/Archives/edgar/data/1357459/000149315225017479/0001493152-25-017479.txt
0001357459,https://www.sec.gov/Archives/edgar/data/1357459/000149315225017477/ownership.xml,PALI,"PALISADE BIO, INC.",4,2025-10-08,54,,False,,,,,0001493152-25-017477,https://www.sec.gov/Archives/edgar/data/1357459/000149315225017477/0001493152-25-017477.txt
0001357459,https://www.sec.gov/Archives/edgar/data/1357459/000149315225017475/ownership.xml,PALI,"PALISADE BIO, INC.",4,2025-10-08,54,,False,,,,,0001493152-25-017475,https://www.sec.gov/Archives/edgar/data/1357459/000149315225017475/0001493152-25-017475.txt
0001357459,https://www.sec.gov/Archives/edgar/data/1357459/000149315225017473/ownership.xml,PALI,"PALISADE BIO, INC.",4,2025-10-08,54,,False,,,,,0001493152-25-017473,https://www.sec.gov/Archives/edgar/data/1357459/000149315225017473/0001493152-25-017473.txt
0001357459,https://www.sec.gov/Archives/edgar/data/1357459/000149315225012689/ownership.xml,PALI,"PALISADE BIO, INC.",4,2025-09-05,87,,False,,,,,0001493152-25-012689,https://www.sec.gov/Archives/edgar/data/1357459/000149315225012689/0001493152-25-012689.txt
0001357459,https://www.sec.gov/Archives/edgar/data/1357459/000149315225021134/ownership.xml,PALI,"PALISADE BIO, INC.",4/A,2025-11-06,25,,False,,,,,0001493152-25-021134,https://www.sec.gov/Archives/edgar/data/1357459/000149315225021134/0001493152-25-021134.txt
0001357459,https://www.sec.gov/Archives/edgar/data/1357459/000149315225021133/ownership.xml,PALI,"PALISADE BIO, INC.",4/A,2025-11-06,25,,False,,,,,0001493152-25-021133,https://www.sec.gov/Archives/edgar/data/1357459/000149315225021133/0001493152-25-021133.txt
0001357459,https://www.sec.gov/Archives/edgar/data/1357459/000149315225021132/ownership.xml,PALI,"PALISADE BIO, INC.",4/A,2025-11-06,25,,False,,,,,0001493152-25-021132,https://www.sec.gov/Archives/edgar/data/1357459/000149315225021132/0001493152-25-021132.txt
0001357459,https://www.sec.gov/Archives/edgar/data/1357459/000149315224050473/form424b3.htm,PALI,"PALISADE BIO, INC.",424B3,2024-12-17,349,,False,,,,,0001493152-24-050473,https://www.sec.gov/Archives/edgar/data/1357459/000149315224050473/0001493152-24-050473.txt
0001357459,https://www.sec.gov/Archives/edgar/data/1357459/000149315224050471/form424b3.htm,PALI,"PALISADE BIO, INC.",424B3,2024-12-17,349,,False,,,,,0001493152-24-050471,https://www.sec.gov/Archives/edgar/data/1357459/000149315224050471/0001493152-24-050471.txt
0001357459,https://www.sec.gov/Archives/edgar/data/1357459/000149315224050470/form424b3.htm,PALI,"PALISADE BIO, INC.",424B3,2024-12-17,349,,False,,,,,0001493152-24-050470,https://www.sec.gov/Archives/edgar/data/1357459/000149315224050470/0001493152-24-050470.txt
0001357459,https://www.sec.gov/Archives/edgar/data/1357459/000149315225016629/form424b4.htm,PALI,"PALISADE BIO, INC.",424B4,2025-10-02,60,,False,,,,,0001493152-25-016629,https://www.sec.gov/Archives/edgar/data/1357459/000149315225016629/0001493152-25-016629.txt
0001357459,https://www.sec.gov/Archives/edgar/data/1357459/000149315224049919/form424b5.htm,PALI,"PALISADE BIO, INC.",424B5,2024-12-13,353,,False,,,,,0001493152-24-049919,https://www.sec.gov/Archives/edgar/data/1357459/000149315224049919/0001493152-24-049919.txt
0001357459,https://www.sec.gov/Archives/edgar/data/1357459/000149315225018922/form8-k.htm,PALI,"PALISADE BIO, INC.",8-K,2025-10-22,40,,False,,,,,0001493152-25-018922,https://www.sec.gov/Archives/edgar/data/1357459/000149315225018922/0001493152-25-018922.txt
0001357459,https://www.sec.gov/Archives/edgar/data/1357459/000149315225018684/form8-k.htm,PALI,"PALISADE BIO, INC.",8-K,2025-10-20,42,,False,,,,,0001493152-25-018684,https://www.sec.gov/Archives/edgar/data/1357459/000149315225018684/0001493152-25-018684.txt
0001357459,https://www.sec.gov/Archives/edgar/data/1357459/000149315225018324/form8-k.htm,PALI,"PALISADE BIO, INC.",8-K,2025-10-16,46,,False,,,,,0001493152-25-018324,https://www.sec.gov/Archives/edgar/data/1357459/000149315225018324/0001493152-25-018324.txt
0001357459,https://www.sec.gov/Archives/edgar/data/1357459/000149315225017630/form8-k.htm,PALI,"PALISADE BIO, INC.",8-K,2025-10-09,53,,False,,,,,0001493152-25-017630,https://www.sec.gov/Archives/edgar/data/1357459/000149315225017630/0001493152-25-017630.txt
0001357459,https://www.sec.gov/Archives/edgar/data/1357459/000149315225015775/form8-k.htm,PALI,"PALISADE BIO, INC.",8-K,2025-09-26,66,,False,,,,,0001493152-25-015775,https://www.sec.gov/Archives/edgar/data/1357459/000149315225015775/0001493152-25-015775.txt
0001357459,https://www.sec.gov/Archives/edgar/data/1357459/000149315225014071/form8-k.htm,PALI,"PALISADE BIO, INC.",8-K,2025-09-18,74,,False,,,,,0001493152-25-014071,https://www.sec.gov/Archives/edgar/data/1357459/000149315225014071/0001493152-25-014071.txt
0001357459,https://www.sec.gov/Archives/edgar/data/1357459/000149315225012687/form8-k.htm,PALI,"PALISADE BIO, INC.",8-K,2025-09-05,87,,False,,,,,0001493152-25-012687,https://www.sec.gov/Archives/edgar/data/1357459/000149315225012687/0001493152-25-012687.txt
0001357459,https://www.sec.gov/Archives/edgar/data/1357459/000164117225020896/form8-k.htm,PALI,"PALISADE BIO, INC.",8-K,2025-07-25,129,,False,,,,,0001641172-25-020896,https://www.sec.gov/Archives/edgar/data/1357459/000164117225020896/0001641172-25-020896.txt
0001357459,https://www.sec.gov/Archives/edgar/data/1357459/000164117225018313/form8-k.htm,PALI,"PALISADE BIO, INC.",8-K,2025-07-09,145,,False,,,,,0001641172-25-018313,https://www.sec.gov/Archives/edgar/data/1357459/000164117225018313/0001641172-25-018313.txt
0001357459,https://www.sec.gov/Archives/edgar/data/1357459/000164117225008346/form8-k.htm,PALI,"PALISADE BIO, INC.",8-K,2025-05-02,213,,False,,,,,0001641172-25-008346,https://www.sec.gov/Archives/edgar/data/1357459/000164117225008346/0001641172-25-008346.txt
0001357459,https://www.sec.gov/Archives/edgar/data/1357459/000164117225024366/forms-3.htm,PALI,"PALISADE BIO, INC.",S-3,2025-08-15,108,,False,,,,,0001641172-25-024366,https://www.sec.gov/Archives/edgar/data/1357459/000164117225024366/0001641172-25-024366.txt
0001357459,https://www.sec.gov/Archives/edgar/data/1357459/000149315225021900/forms-8.htm,PALI,"PALISADE BIO, INC.",S-8,2025-11-12,19,,False,,,,,0001493152-25-021900,https://www.sec.gov/Archives/edgar/data/1357459/000149315225021900/0001493152-25-021900.txt
0001496443,https://www.sec.gov/Archives/edgar/data/1496443/000168316825001888/paysign_i10k-123124.htm,PAYS,"Paysign, Inc.",10-K,2025-03-26,250,,False,,NO_PERIODS,no inferable periods,,0001683168-25-001888,https://www.sec.gov/Archives/edgar/data/1496443/000168316825001888/0001683168-25-001888.txt
0001496443,https://www.sec.gov/Archives/edgar/data/1496443/000168316825008281/paysign_i10q-093025.htm,PAYS,"Paysign, Inc.",10-Q,2025-11-13,18,,False,,NO_PERIODS,no inferable periods,,0001683168-25-008281,https://www.sec.gov/Archives/edgar/data/1496443/000168316825008281/0001683168-25-008281.txt
0001496443,https://www.sec.gov/Archives/edgar/data/1496443/000168316825007277/ownership.xml,PAYS,"Paysign, Inc.",4,2025-09-26,66,,False,,,,,0001683168-25-007277,https://www.sec.gov/Archives/edgar/data/1496443/000168316825007277/0001683168-25-007277.txt
0001496443,https://www.sec.gov/Archives/edgar/data/1496443/000168316825007276/ownership.xml,PAYS,"Paysign, Inc.",4,2025-09-26,66,,False,,,,,0001683168-25-007276,https://www.sec.gov/Archives/edgar/data/1496443/000168316825007276/0001683168-25-007276.txt
0001496443,https://www.sec.gov/Archives/edgar/data/1496443/000168316825007275/ownership.xml,PAYS,"Paysign, Inc.",4,2025-09-26,66,,False,,,,,0001683168-25-007275,https://www.sec.gov/Archives/edgar/data/1496443/000168316825007275/0001683168-25-007275.txt
0001496443,https://www.sec.gov/Archives/edgar/data/1496443/000168316825007274/ownership.xml,PAYS,"Paysign, Inc.",4,2025-09-26,66,,False,,,,,0001683168-25-007274,https://www.sec.gov/Archives/edgar/data/1496443/000168316825007274/0001683168-25-007274.txt
0001496443,https://www.sec.gov/Archives/edgar/data/1496443/000168316825007273/ownership.xml,PAYS,"Paysign, Inc.",4,2025-09-26,66,,False,,,,,0001683168-25-007273,https://www.sec.gov/Archives/edgar/data/1496443/000168316825007273/0001683168-25-007273.txt
0001496443,https://www.sec.gov/Archives/edgar/data/1496443/000168316825005654/ownership.xml,PAYS,"Paysign, Inc.",4,2025-08-04,119,,False,,,,,0001683168-25-005654,https://www.sec.gov/Archives/edgar/data/1496443/000168316825005654/0001683168-25-005654.txt
0001496443,https://www.sec.gov/Archives/edgar/data/1496443/000168316825005653/ownership.xml,PAYS,"Paysign, Inc.",4,2025-08-04,119,,False,,,,,0001683168-25-005653,https://www.sec.gov/Archives/edgar/data/1496443/000168316825005653/0001683168-25-005653.txt
0001496443,https://www.sec.gov/Archives/edgar/data/1496443/000168316825005652/ownership.xml,PAYS,"Paysign, Inc.",4,2025-08-04,119,,False,,,,,0001683168-25-005652,https://www.sec.gov/Archives/edgar/data/1496443/000168316825005652/0001683168-25-005652.txt
0001496443,https://www.sec.gov/Archives/edgar/data/1496443/000168316825005651/ownership.xml,PAYS,"Paysign, Inc.",4,2025-08-04,119,,False,,,,,0001683168-25-005651,https://www.sec.gov/Archives/edgar/data/1496443/000168316825005651/0001683168-25-005651.txt
0001496443,https://www.sec.gov/Archives/edgar/data/1496443/000168316825005650/ownership.xml,PAYS,"Paysign, Inc.",4,2025-08-04,119,,False,,,,,0001683168-25-005650,https://www.sec.gov/Archives/edgar/data/1496443/000168316825005650/0001683168-25-005650.txt
0001496443,https://www.sec.gov/Archives/edgar/data/1496443/000168316825008270/paysign_8k.htm,PAYS,"Paysign, Inc.",8-K,2025-11-12,19,,False,,,,,0001683168-25-008270,https://www.sec.gov/Archives/edgar/data/1496443/000168316825008270/0001683168-25-008270.txt
0001496443,https://www.sec.gov/Archives/edgar/data/1496443/000168316825007009/paysign_8k.htm,PAYS,"Paysign, Inc.",8-K,2025-09-16,76,,False,,,,,0001683168-25-007009,https://www.sec.gov/Archives/edgar/data/1496443/000168316825007009/0001683168-25-007009.txt
0001496443,https://www.sec.gov/Archives/edgar/data/1496443/000168316825005668/paysign_8k.htm,PAYS,"Paysign, Inc.",8-K,2025-08-05,118,,False,,,,,0001683168-25-005668,https://www.sec.gov/Archives/edgar/data/1496443/000168316825005668/0001683168-25-005668.txt
0001496443,https://www.sec.gov/Archives/edgar/data/1496443/000168316825004264/paysign_8k.htm,PAYS,"Paysign, Inc.",8-K,2025-06-06,178,,False,,,,,0001683168-25-004264,https://www.sec.gov/Archives/edgar/data/1496443/000168316825004264/0001683168-25-004264.txt
0001496443,https://www.sec.gov/Archives/edgar/data/1496443/000168316825003453/paysign_8k.htm,PAYS,"Paysign, Inc.",8-K,2025-05-13,202,,False,,,,,0001683168-25-003453,https://www.sec.gov/Archives/edgar/data/1496443/000168316825003453/0001683168-25-003453.txt
0001496443,https://www.sec.gov/Archives/edgar/data/1496443/000168316825003288/paysign_8k.htm,PAYS,"Paysign, Inc.",8-K,2025-05-08,207,,False,,,,,0001683168-25-003288,https://www.sec.gov/Archives/edgar/data/1496443/000168316825003288/0001683168-25-003288.txt
0001496443,https://www.sec.gov/Archives/edgar/data/1496443/000168316825001858/paysign_8k.htm,PAYS,"Paysign, Inc.",8-K,2025-03-25,251,,False,,,,,0001683168-25-001858,https://www.sec.gov/Archives/edgar/data/1496443/000168316825001858/0001683168-25-001858.txt
0001496443,https://www.sec.gov/Archives/edgar/data/1496443/000168316824007620/paysign_8k.htm,PAYS,"Paysign, Inc.",8-K,2024-11-05,391,,False,,,,,0001683168-24-007620,https://www.sec.gov/Archives/edgar/data/1496443/000168316824007620/0001683168-24-007620.txt
0001496443,https://www.sec.gov/Archives/edgar/data/1496443/000168316824007477/paysign_s8.htm,PAYS,"Paysign, Inc.",S-8,2024-10-30,397,,False,,,,,0001683168-24-007477,https://www.sec.gov/Archives/edgar/data/1496443/000168316824007477/0001683168-24-007477.txt
0002037431,https://www.sec.gov/Archives/edgar/data/2037431/000182912625004182/ownership.xml,PELI,Pelican Acquisition Corp,3,2025-06-03,181,,False,,,,,0001829126-25-004182,https://www.sec.gov/Archives/edgar/data/2037431/000182912625004182/0001829126-25-004182.txt
0002037431,https://www.sec.gov/Archives/edgar/data/2037431/000182912625004185/ownership.xml,PELI,Pelican Acquisition Corp,3,2025-06-03,181,,False,,,,,0001829126-25-004185,https://www.sec.gov/Archives/edgar/data/2037431/000182912625004185/0001829126-25-004185.txt
0002037431,https://www.sec.gov/Archives/edgar/data/2037431/000182912625004184/ownership.xml,PELI,Pelican Acquisition Corp,3,2025-06-03,181,,False,,,,,0001829126-25-004184,https://www.sec.gov/Archives/edgar/data/2037431/000182912625004184/0001829126-25-004184.txt
0002037431,https://www.sec.gov/Archives/edgar/data/2037431/000182912625004183/ownership.xml,PELI,Pelican Acquisition Corp,3,2025-06-03,181,,False,,,,,0001829126-25-004183,https://www.sec.gov/Archives/edgar/data/2037431/000182912625004183/0001829126-25-004183.txt
0002037431,https://www.sec.gov/Archives/edgar/data/2037431/000182912625004181/ownership.xml,PELI,Pelican Acquisition Corp,3,2025-06-03,181,,False,,,,,0001829126-25-004181,https://www.sec.gov/Archives/edgar/data/2037431/000182912625004181/0001829126-25-004181.txt
0002037431,https://www.sec.gov/Archives/edgar/data/2037431/000182912625003907/pelicanacq_424b4.htm,PELI,Pelican Acquisition Corp,424B4,2025-05-23,192,,False,,,,,0001829126-25-003907,https://www.sec.gov/Archives/edgar/data/2037431/000182912625003907/0001829126-25-003907.txt
0002037431,https://www.sec.gov/Archives/edgar/data/2037431/000182912625008699/pelicanacq_8k.htm,PELI,Pelican Acquisition Corp,8-K,2025-10-31,31,,False,,,,,0001829126-25-008699,https://www.sec.gov/Archives/edgar/data/2037431/000182912625008699/0001829126-25-008699.txt
0002037431,https://www.sec.gov/Archives/edgar/data/2037431/000182912625008406/pelicanacq_8k.htm,PELI,Pelican Acquisition Corp,8-K,2025-10-24,38,,False,,,,,0001829126-25-008406,https://www.sec.gov/Archives/edgar/data/2037431/000182912625008406/0001829126-25-008406.txt
0002037431,https://www.sec.gov/Archives/edgar/data/2037431/000182912625008231/pelicanacq_8k.htm,PELI,Pelican Acquisition Corp,8-K,2025-10-20,42,,False,,,,,0001829126-25-008231,https://www.sec.gov/Archives/edgar/data/2037431/000182912625008231/0001829126-25-008231.txt
0002037431,https://www.sec.gov/Archives/edgar/data/2037431/000182912625007274/pelicanacq_8k.htm,PELI,Pelican Acquisition Corp,8-K,2025-09-10,82,,False,,,,,0001829126-25-007274,https://www.sec.gov/Archives/edgar/data/2037431/000182912625007274/0001829126-25-007274.txt
0002037431,https://www.sec.gov/Archives/edgar/data/2037431/000182912625004409/pelicanacq_8k.htm,PELI,Pelican Acquisition Corp,8-K,2025-06-11,173,,False,,,,,0001829126-25-004409,https://www.sec.gov/Archives/edgar/data/2037431/000182912625004409/0001829126-25-004409.txt
0002037431,https://www.sec.gov/Archives/edgar/data/2037431/000182912625004232/pelicanacq_8k.htm,PELI,Pelican Acquisition Corp,8-K,2025-06-04,180,,False,,,,,0001829126-25-004232,https://www.sec.gov/Archives/edgar/data/2037431/000182912625004232/0001829126-25-004232.txt
0002037431,https://www.sec.gov/Archives/edgar/data/2037431/000182912625004179/pelicanacq_8k.htm,PELI,Pelican Acquisition Corp,8-K,2025-06-03,181,,False,,,,,0001829126-25-004179,https://www.sec.gov/Archives/edgar/data/2037431/000182912625004179/0001829126-25-004179.txt
0002037431,https://www.sec.gov/Archives/edgar/data/2037431/000182912625003997/pelicanacq_8k.htm,PELI,Pelican Acquisition Corp,8-K,2025-05-28,187,,False,,,,,0001829126-25-003997,https://www.sec.gov/Archives/edgar/data/2037431/000182912625003997/0001829126-25-003997.txt
0002037431,https://www.sec.gov/Archives/edgar/data/2037431/000182912625008609/pelicanholdco_s4.htm,PELI,Pelican Acquisition Corp,S-4,2025-10-30,32,,False,,,,,0001829126-25-008609,https://www.sec.gov/Archives/edgar/data/2037431/000182912625008609/0001829126-25-008609.txt
0001899830,https://www.sec.gov/Archives/edgar/data/1899830/000189983025000015/perf-20241231.htm,PERF,Perfect Corp.,20-F,2025-03-28,248,,False,,NO_CASHFLOW,operating cash flow missing,,0001899830-25-000015,https://www.sec.gov/Archives/edgar/data/1899830/000189983025000015/0001899830-25-000015.txt
0001899830,https://www.sec.gov/Archives/edgar/data/1899830/000189983025000038/a2025q3financialresults_pea.htm,PERF,Perfect Corp.,6-K,2025-10-28,34,,False,,NO_CASHFLOW,cashflow statement missing,,0001899830-25-000038,https://www.sec.gov/Archives/edgar/data/1899830/000189983025000038/0001899830-25-000038.txt
0001899830,https://www.sec.gov/Archives/edgar/data/1899830/000189983025000033/perf-20250630.htm,PERF,Perfect Corp.,6-K,2025-09-26,66,,False,,NO_PERIODS,no inferable periods,,0001899830-25-000033,https://www.sec.gov/Archives/edgar/data/1899830/000189983025000033/0001899830-25-000033.txt
0001899830,https://www.sec.gov/Archives/edgar/data/1899830/000189983025000026/a2025q2_perfectcorp-6kxcov.htm,PERF,Perfect Corp.,6-K,2025-07-29,125,,False,,NO_CASHFLOW,cashflow statement missing,,0001899830-25-000026,https://www.sec.gov/Archives/edgar/data/1899830/000189983025000026/0001899830-25-000026.txt
0001041859,https://www.sec.gov/Archives/edgar/data/1041859/000110465925081911/tm2524186-1_3seq1.xml,PLCE,"Childrens Place, Inc.",3,2025-08-22,101,,False,,,,,0001104659-25-081911,https://www.sec.gov/Archives/edgar/data/1041859/000110465925081911/0001104659-25-081911.txt
0001041859,https://www.sec.gov/Archives/edgar/data/1041859/000110465925098373/tm2528427-1_4seq1.xml,PLCE,"Childrens Place, Inc.",4,2025-10-09,53,,False,,,,,0001104659-25-098373,https://www.sec.gov/Archives/edgar/data/1041859/000110465925098373/0001104659-25-098373.txt
0001041859,https://www.sec.gov/Archives/edgar/data/1041859/000110465925081918/tm2524186-5_4seq1.xml,PLCE,"Childrens Place, Inc.",4,2025-08-22,101,,False,,,,,0001104659-25-081918,https://www.sec.gov/Archives/edgar/data/1041859/000110465925081918/0001104659-25-081918.txt
0001041859,https://www.sec.gov/Archives/edgar/data/1041859/000110465925081916/tm2524186-4_4seq1.xml,PLCE,"Childrens Place, Inc.",4,2025-08-22,101,,False,,,,,0001104659-25-081916,https://www.sec.gov/Archives/edgar/data/1041859/000110465925081916/0001104659-25-081916.txt
0001041859,https://www.sec.gov/Archives/edgar/data/1041859/000110465925081915/tm2524186-3_4seq1.xml,PLCE,"Childrens Place, Inc.",4,2025-08-22,101,,False,,,,,0001104659-25-081915,https://www.sec.gov/Archives/edgar/data/1041859/000110465925081915/0001104659-25-081915.txt
0001041859,https://www.sec.gov/Archives/edgar/data/1041859/000110465925081914/tm2524186-2_4seq1.xml,PLCE,"Childrens Place, Inc.",4,2025-08-22,101,,False,,,,,0001104659-25-081914,https://www.sec.gov/Archives/edgar/data/1041859/000110465925081914/0001104659-25-081914.txt
0001041859,https://www.sec.gov/Archives/edgar/data/1041859/000110465925067076/tm2520579-1_4seq1.xml,PLCE,"Childrens Place, Inc.",4,2025-07-10,144,,False,,,,,0001104659-25-067076,https://www.sec.gov/Archives/edgar/data/1041859/000110465925067076/0001104659-25-067076.txt
0001041859,https://www.sec.gov/Archives/edgar/data/1041859/000110465925054926/tm2516612-3_4seq1.xml,PLCE,"Childrens Place, Inc.",4,2025-05-30,185,,False,,,,,0001104659-25-054926,https://www.sec.gov/Archives/edgar/data/1041859/000110465925054926/0001104659-25-054926.txt
0001041859,https://www.sec.gov/Archives/edgar/data/1041859/000110465925054921/tm2516612-2_4seq1.xml,PLCE,"Childrens Place, Inc.",4,2025-05-30,185,,False,,,,,0001104659-25-054921,https://www.sec.gov/Archives/edgar/data/1041859/000110465925054921/0001104659-25-054921.txt
0001041859,https://www.sec.gov/Archives/edgar/data/1041859/000110465925054913/tm2516612-1_4seq1.xml,PLCE,"Childrens Place, Inc.",4,2025-05-30,185,,False,,,,,0001104659-25-054913,https://www.sec.gov/Archives/edgar/data/1041859/000110465925054913/0001104659-25-054913.txt
0001041859,https://www.sec.gov/Archives/edgar/data/1041859/000110465925010131/tm255623d2_424b3.htm,PLCE,"Childrens Place, Inc.",424B3,2025-02-06,298,,False,,,,,0001104659-25-010131,https://www.sec.gov/Archives/edgar/data/1041859/000110465925010131/0001104659-25-010131.txt
0001041859,https://www.sec.gov/Archives/edgar/data/1041859/000110465924132906/tm2426182d17_424b3.htm,PLCE,"Childrens Place, Inc.",424B3,2024-12-31,335,,False,,,,,0001104659-24-132906,https://www.sec.gov/Archives/edgar/data/1041859/000110465924132906/0001104659-24-132906.txt
0001041859,https://www.sec.gov/Archives/edgar/data/1041859/000110465924132845/tm2426182d15_424b3.htm,PLCE,"Childrens Place, Inc.",424B3,2024-12-31,335,,False,,,,,0001104659-24-132845,https://www.sec.gov/Archives/edgar/data/1041859/000110465924132845/0001104659-24-132845.txt
0001041859,https://www.sec.gov/Archives/edgar/data/1041859/000110465925115978/tm2532166d1_8k.htm,PLCE,"Childrens Place, Inc.",8-K,2025-11-25,6,,False,,,,,0001104659-25-115978,https://www.sec.gov/Archives/edgar/data/1041859/000110465925115978/0001104659-25-115978.txt
0001041859,https://www.sec.gov/Archives/edgar/data/1041859/000110465925087836/tm2525313d1_8k.htm,PLCE,"Childrens Place, Inc.",8-K,2025-09-05,87,,False,,,,,0001104659-25-087836,https://www.sec.gov/Archives/edgar/data/1041859/000110465925087836/0001104659-25-087836.txt
0001041859,https://www.sec.gov/Archives/edgar/data/1041859/000110465925082549/tm2524274d1_8k.htm,PLCE,"Childrens Place, Inc.",8-K,2025-08-25,98,,False,,,,,0001104659-25-082549,https://www.sec.gov/Archives/edgar/data/1041859/000110465925082549/0001104659-25-082549.txt
0001041859,https://www.sec.gov/Archives/edgar/data/1041859/000110465925065797/tm2519810d1_8k.htm,PLCE,"Childrens Place, Inc.",8-K,2025-07-03,151,,False,,,,,0001104659-25-065797,https://www.sec.gov/Archives/edgar/data/1041859/000110465925065797/0001104659-25-065797.txt
0001041859,https://www.sec.gov/Archives/edgar/data/1041859/000110465925057362/tm2517389d1_8k.htm,PLCE,"Childrens Place, Inc.",8-K,2025-06-06,178,,False,,,,,0001104659-25-057362,https://www.sec.gov/Archives/edgar/data/1041859/000110465925057362/0001104659-25-057362.txt
0001041859,https://www.sec.gov/Archives/edgar/data/1041859/000110465925046767/tm2514495d1_8k.htm,PLCE,"Childrens Place, Inc.",8-K,2025-05-09,206,,False,,,,,0001104659-25-046767,https://www.sec.gov/Archives/edgar/data/1041859/000110465925046767/0001104659-25-046767.txt
0001041859,https://www.sec.gov/Archives/edgar/data/1041859/000110465925045611/tm2514318d1_8k.htm,PLCE,"Childrens Place, Inc.",8-K,2025-05-07,208,,False,,,,,0001104659-25-045611,https://www.sec.gov/Archives/edgar/data/1041859/000110465925045611/0001104659-25-045611.txt
0001041859,https://www.sec.gov/Archives/edgar/data/1041859/000110465925034246/tm2512111d1_8k.htm,PLCE,"Childrens Place, Inc.",8-K,2025-04-11,234,,False,,,,,0001104659-25-034246,https://www.sec.gov/Archives/edgar/data/1041859/000110465925034246/0001104659-25-034246.txt
0001041859,https://www.sec.gov/Archives/edgar/data/1041859/000110465925024228/tm259154d1_8k.htm,PLCE,"Childrens Place, Inc.",8-K,2025-03-17,259,,False,,,,,0001104659-25-024228,https://www.sec.gov/Archives/edgar/data/1041859/000110465925024228/0001104659-25-024228.txt
0001041859,https://www.sec.gov/Archives/edgar/data/1041859/000110465925014794/tm256918d1_8k.htm,PLCE,"Childrens Place, Inc.",8-K,2025-02-18,286,,False,,,,,0001104659-25-014794,https://www.sec.gov/Archives/edgar/data/1041859/000110465925014794/0001104659-25-014794.txt
0001095052,https://www.sec.gov/Archives/edgar/data/1095052/000106299325017053/form40f.htm,PLG,PLATINUM GROUP METALS LTD,40-F,2025-11-26,5,,False,,NO_CASHFLOW,operating cash flow missing,,0001062993-25-017053,https://www.sec.gov/Archives/edgar/data/1095052/000106299325017053/0001062993-25-017053.txt
0001095052,https://www.sec.gov/Archives/edgar/data/1095052/000106299324019757/form40f.htm,PLG,PLATINUM GROUP METALS LTD,40-F,2024-11-27,369,,False,,NO_CASHFLOW,operating cash flow missing,,0001062993-24-019757,https://www.sec.gov/Archives/edgar/data/1095052/000106299324019757/0001062993-24-019757.txt
0001095052,https://www.sec.gov/Archives/edgar/data/1095052/000106299325017052/form6k.htm,PLG,PLATINUM GROUP METALS LTD,6-K,2025-11-26,5,,False,,NO_CASHFLOW,cashflow statement missing,,0001062993-25-017052,https://www.sec.gov/Archives/edgar/data/1095052/000106299325017052/0001062993-25-017052.txt
0001095052,https://www.sec.gov/Archives/edgar/data/1095052/000106299325012749/form6k.htm,PLG,PLATINUM GROUP METALS LTD,6-K,2025-07-11,143,,False,,NO_CASHFLOW,cashflow statement missing,,0001062993-25-012749,https://www.sec.gov/Archives/edgar/data/1095052/000106299325012749/0001062993-25-012749.txt
0002030482,https://www.sec.gov/Archives/edgar/data/2030482/000121390025026434/ea0235316-10k_plumacq4.htm,PLMK,"Plum Acquisition Corp, IV",10-K,2025-03-31,245,,False,,NO_CASHFLOW,operating cash flow missing,,0001213900-25-026434,https://www.sec.gov/Archives/edgar/data/2030482/000121390025026434/0001213900-25-026434.txt
0002030482,https://www.sec.gov/Archives/edgar/data/2030482/000121390025109987/ea0264209-10q_plumacq4.htm,PLMK,"Plum Acquisition Corp, IV",10-Q,2025-11-13,18,,False,,NO_BALANCE_SHEET,cash/cash equivalents missing,,0001213900-25-109987,https://www.sec.gov/Archives/edgar/data/2030482/000121390025109987/0001213900-25-109987.txt
0002030482,https://www.sec.gov/Archives/edgar/data/2030482/000121390025040002/ownership.xml,PLMK,"Plum Acquisition Corp, IV",3,2025-05-06,209,,False,,,,,0001213900-25-040002,https://www.sec.gov/Archives/edgar/data/2030482/000121390025040002/0001213900-25-040002.txt
0002030482,https://www.sec.gov/Archives/edgar/data/2030482/000121390025003584/ownership.xml,PLMK,"Plum Acquisition Corp, IV",3,2025-01-14,321,,False,,,,,0001213900-25-003584,https://www.sec.gov/Archives/edgar/data/2030482/000121390025003584/0001213900-25-003584.txt
0002030482,https://www.sec.gov/Archives/edgar/data/2030482/000121390025003581/ownership.xml,PLMK,"Plum Acquisition Corp, IV",3,2025-01-14,321,,False,,,,,0001213900-25-003581,https://www.sec.gov/Archives/edgar/data/2030482/000121390025003581/0001213900-25-003581.txt
0002030482,https://www.sec.gov/Archives/edgar/data/2030482/000121390025003580/ownership.xml,PLMK,"Plum Acquisition Corp, IV",3,2025-01-14,321,,False,,,,,0001213900-25-003580,https://www.sec.gov/Archives/edgar/data/2030482/000121390025003580/0001213900-25-003580.txt
0002030482,https://www.sec.gov/Archives/edgar/data/2030482/000121390025003579/ownership.xml,PLMK,"Plum Acquisition Corp, IV",3,2025-01-14,321,,False,,,,,0001213900-25-003579,https://www.sec.gov/Archives/edgar/data/2030482/000121390025003579/0001213900-25-003579.txt
0002030482,https://www.sec.gov/Archives/edgar/data/2030482/000121390025003871/ea0210204-10.htm,PLMK,"Plum Acquisition Corp, IV",424B4,2025-01-15,320,,False,,,,,0001213900-25-003871,https://www.sec.gov/Archives/edgar/data/2030482/000121390025003871/0001213900-25-003871.txt
0002030482,https://www.sec.gov/Archives/edgar/data/2030482/000121390025063705/ea0248799-8k_plum4.htm,PLMK,"Plum Acquisition Corp, IV",8-K,2025-07-14,140,,False,,,,,0001213900-25-063705,https://www.sec.gov/Archives/edgar/data/2030482/000121390025063705/0001213900-25-063705.txt
0002030482,https://www.sec.gov/Archives/edgar/data/2030482/000121390025038554/ea0240403-8k_plum4.htm,PLMK,"Plum Acquisition Corp, IV",8-K,2025-05-01,214,,False,,,,,0001213900-25-038554,https://www.sec.gov/Archives/edgar/data/2030482/000121390025038554/0001213900-25-038554.txt
0002030482,https://www.sec.gov/Archives/edgar/data/2030482/000121390025007922/ea0229133-8k_plum4.htm,PLMK,"Plum Acquisition Corp, IV",8-K,2025-01-29,306,,False,,,,,0001213900-25-007922,https://www.sec.gov/Archives/edgar/data/2030482/000121390025007922/0001213900-25-007922.txt
0002030482,https://www.sec.gov/Archives/edgar/data/2030482/000121390025006037/ea0228475-8k_plumacq4.htm,PLMK,"Plum Acquisition Corp, IV",8-K,2025-01-23,312,,False,,,,,0001213900-25-006037,https://www.sec.gov/Archives/edgar/data/2030482/000121390025006037/0001213900-25-006037.txt
0002030482,https://www.sec.gov/Archives/edgar/data/2030482/000121390025004605/ea0228011-8k_plumacq4.htm,PLMK,"Plum Acquisition Corp, IV",8-K,2025-01-17,318,,False,,,,,0001213900-25-004605,https://www.sec.gov/Archives/edgar/data/2030482/000121390025004605/0001213900-25-004605.txt
0002030482,https://www.sec.gov/Archives/edgar/data/2030482/000121390025004228/ea0227882-8k_plum4.htm,PLMK,"Plum Acquisition Corp, IV",8-K,2025-01-16,319,,False,,,,,0001213900-25-004228,https://www.sec.gov/Archives/edgar/data/2030482/000121390025004228/0001213900-25-004228.txt
0002024258,https://www.sec.gov/Archives/edgar/data/2024258/000149315225022234/form424b4.htm,POAS,Phaos Technology (Cayman) Holdings Ltd,424B4,2025-11-13,18,,False,,,,,0001493152-25-022234,https://www.sec.gov/Archives/edgar/data/2024258/000149315225022234/0001493152-25-022234.txt
0002024258,https://www.sec.gov/Archives/edgar/data/2024258/000149315225024817/form6-k.htm,POAS,Phaos Technology (Cayman) Holdings Ltd,6-K,2025-11-24,7,,False,,NO_CASHFLOW,cashflow statement missing,,0001493152-25-024817,https://www.sec.gov/Archives/edgar/data/2024258/000149315225024817/0001493152-25-024817.txt
0002024258,https://www.sec.gov/Archives/edgar/data/2024258/000149315225023394/form6-k.htm,POAS,Phaos Technology (Cayman) Holdings Ltd,6-K,2025-11-14,17,,False,,NO_CASHFLOW,cashflow statement missing,,0001493152-25-023394,https://www.sec.gov/Archives/edgar/data/2024258/000149315225023394/0001493152-25-023394.txt
0001015383,https://www.sec.gov/Archives/edgar/data/1015383/000095017025075182/poww-20240331.htm,POWW,Outdoor Holding Co,10-K/A,2025-05-20,195,,False,,NO_PERIODS,no inferable periods,,0000950170-25-075182,https://www.sec.gov/Archives/edgar/data/1015383/000095017025075182/0000950170-25-075182.txt
0001015383,https://www.sec.gov/Archives/edgar/data/1015383/000119312525220756/ownership.xml,POWW,Outdoor Holding Co,3,2025-09-26,66,,False,,,,,0001193125-25-220756,https://www.sec.gov/Archives/edgar/data/1015383/000119312525220756/0001193125-25-220756.txt
0001015383,https://www.sec.gov/Archives/edgar/data/1015383/000119312525226875/ownership.xml,POWW,Outdoor Holding Co,3/A,2025-10-01,61,,False,,,,,0001193125-25-226875,https://www.sec.gov/Archives/edgar/data/1015383/000119312525226875/0001193125-25-226875.txt
0001015383,https://www.sec.gov/Archives/edgar/data/1015383/000119312525287071/ownership.xml,POWW,Outdoor Holding Co,4,2025-11-19,12,,False,,,,,0001193125-25-287071,https://www.sec.gov/Archives/edgar/data/1015383/000119312525287071/0001193125-25-287071.txt
0001015383,https://www.sec.gov/Archives/edgar/data/1015383/000119312525286408/ownership.xml,POWW,Outdoor Holding Co,4,2025-11-18,13,,False,,,,,0001193125-25-286408,https://www.sec.gov/Archives/edgar/data/1015383/000119312525286408/0001193125-25-286408.txt
0001015383,https://www.sec.gov/Archives/edgar/data/1015383/000119312525286406/ownership.xml,POWW,Outdoor Holding Co,4,2025-11-18,13,,False,,,,,0001193125-25-286406,https://www.sec.gov/Archives/edgar/data/1015383/000119312525286406/0001193125-25-286406.txt
0001015383,https://www.sec.gov/Archives/edgar/data/1015383/000119312525286404/ownership.xml,POWW,Outdoor Holding Co,4,2025-11-18,13,,False,,,,,0001193125-25-286404,https://www.sec.gov/Archives/edgar/data/1015383/000119312525286404/0001193125-25-286404.txt
0001015383,https://www.sec.gov/Archives/edgar/data/1015383/000119312525286405/ownership.xml,POWW,Outdoor Holding Co,4,2025-11-18,13,,False,,,,,0001193125-25-286405,https://www.sec.gov/Archives/edgar/data/1015383/000119312525286405/0001193125-25-286405.txt
0001015383,https://www.sec.gov/Archives/edgar/data/1015383/000119312525286403/ownership.xml,POWW,Outdoor Holding Co,4,2025-11-18,13,,False,,,,,0001193125-25-286403,https://www.sec.gov/Archives/edgar/data/1015383/000119312525286403/0001193125-25-286403.txt
0001015383,https://www.sec.gov/Archives/edgar/data/1015383/000119312525286402/ownership.xml,POWW,Outdoor Holding Co,4,2025-11-18,13,,False,,,,,0001193125-25-286402,https://www.sec.gov/Archives/edgar/data/1015383/000119312525286402/0001193125-25-286402.txt
0001015383,https://www.sec.gov/Archives/edgar/data/1015383/000101538325000007/ownership.xml,POWW,Outdoor Holding Co,4,2025-11-18,13,,False,,,,,0001015383-25-000007,https://www.sec.gov/Archives/edgar/data/1015383/000101538325000007/0001015383-25-000007.txt
0001015383,https://www.sec.gov/Archives/edgar/data/1015383/000149315225024467/form8-k.htm,POWW,Outdoor Holding Co,8-K,2025-11-20,11,,False,,,,,0001493152-25-024467,https://www.sec.gov/Archives/edgar/data/1015383/000149315225024467/0001493152-25-024467.txt
0001015383,https://www.sec.gov/Archives/edgar/data/1015383/000149315225021388/form8-k.htm,POWW,Outdoor Holding Co,8-K,2025-11-10,21,,False,,,,,0001493152-25-021388,https://www.sec.gov/Archives/edgar/data/1015383/000149315225021388/0001493152-25-021388.txt
0001015383,https://www.sec.gov/Archives/edgar/data/1015383/000149315225014364/form8-k.htm,POWW,Outdoor Holding Co,8-K,2025-09-22,70,,False,,,,,0001493152-25-014364,https://www.sec.gov/Archives/edgar/data/1015383/000149315225014364/0001493152-25-014364.txt
0001015383,https://www.sec.gov/Archives/edgar/data/1015383/000149315225013726/form8-k.htm,POWW,Outdoor Holding Co,8-K,2025-09-16,76,,False,,,,,0001493152-25-013726,https://www.sec.gov/Archives/edgar/data/1015383/000149315225013726/0001493152-25-013726.txt
0001015383,https://www.sec.gov/Archives/edgar/data/1015383/000149315225012556/form8-k.htm,POWW,Outdoor Holding Co,8-K,2025-09-02,90,,False,,,,,0001493152-25-012556,https://www.sec.gov/Archives/edgar/data/1015383/000149315225012556/0001493152-25-012556.txt
0001015383,https://www.sec.gov/Archives/edgar/data/1015383/000164117225022746/form8-k.htm,POWW,Outdoor Holding Co,8-K,2025-08-08,115,,False,,,,,0001641172-25-022746,https://www.sec.gov/Archives/edgar/data/1015383/000164117225022746/0001641172-25-022746.txt
0001015383,https://www.sec.gov/Archives/edgar/data/1015383/000164117225017842/form8-k.htm,POWW,Outdoor Holding Co,8-K,2025-07-03,151,,False,,,,,0001641172-25-017842,https://www.sec.gov/Archives/edgar/data/1015383/000164117225017842/0001641172-25-017842.txt
0001015383,https://www.sec.gov/Archives/edgar/data/1015383/000164117225013800/form8-k.htm,POWW,Outdoor Holding Co,8-K,2025-06-05,179,,False,,,,,0001641172-25-013800,https://www.sec.gov/Archives/edgar/data/1015383/000164117225013800/0001641172-25-013800.txt
0001015383,https://www.sec.gov/Archives/edgar/data/1015383/000164117225012690/form8-k.htm,POWW,Outdoor Holding Co,8-K,2025-05-28,187,,False,,,,,0001641172-25-012690,https://www.sec.gov/Archives/edgar/data/1015383/000164117225012690/0001641172-25-012690.txt
0001015383,https://www.sec.gov/Archives/edgar/data/1015383/000164117225011305/form8-k.htm,POWW,Outdoor Holding Co,8-K,2025-05-19,196,,False,,,,,0001641172-25-011305,https://www.sec.gov/Archives/edgar/data/1015383/000164117225011305/0001641172-25-011305.txt
0001015383,https://www.sec.gov/Archives/edgar/data/1015383/000119312525213511/poww-20250418.htm,POWW,Outdoor Holding Co,8-K/A,2025-09-23,69,,False,,,,,0001193125-25-213511,https://www.sec.gov/Archives/edgar/data/1015383/000119312525213511/0001193125-25-213511.txt
0001015383,https://www.sec.gov/Archives/edgar/data/1015383/000149315225019284/forms-8.htm,POWW,Outdoor Holding Co,S-8,2025-10-24,38,,False,,,,,0001493152-25-019284,https://www.sec.gov/Archives/edgar/data/1015383/000149315225019284/0001493152-25-019284.txt
0001916241,https://www.sec.gov/Archives/edgar/data/1916241/000121390025070930/ea0251493-424b5_parazero.htm,PRZO,ParaZero Technologies Ltd.,424B5,2025-08-04,119,,False,,,,,0001213900-25-070930,https://www.sec.gov/Archives/edgar/data/1916241/000121390025070930/0001213900-25-070930.txt
0001916241,https://www.sec.gov/Archives/edgar/data/1916241/000121390025013164/ea0230885-424b5_parazero.htm,PRZO,ParaZero Technologies Ltd.,424B5,2025-02-13,291,,False,,,,,0001213900-25-013164,https://www.sec.gov/Archives/edgar/data/1916241/000121390025013164/0001213900-25-013164.txt
0001916241,https://www.sec.gov/Archives/edgar/data/1916241/000121390025114121/ea0266918-6k_parazero.htm,PRZO,ParaZero Technologies Ltd.,6-K,2025-11-24,7,,False,,NO_CASHFLOW,cashflow statement missing,,0001213900-25-114121,https://www.sec.gov/Archives/edgar/data/1916241/000121390025114121/0001213900-25-114121.txt
0001916241,https://www.sec.gov/Archives/edgar/data/1916241/000121390025111744/ea0266149-6k_parazero.htm,PRZO,ParaZero Technologies Ltd.,6-K,2025-11-18,13,,False,,NO_CASHFLOW,cashflow statement missing,,0001213900-25-111744,https://www.sec.gov/Archives/edgar/data/1916241/000121390025111744/0001213900-25-111744.txt
0001916241,https://www.sec.gov/Archives/edgar/data/1916241/000121390025104684/ea0263210-6k_parazero.htm,PRZO,ParaZero Technologies Ltd.,6-K,2025-10-31,31,,False,,NO_CASHFLOW,cashflow statement missing,,0001213900-25-104684,https://www.sec.gov/Archives/edgar/data/1916241/000121390025104684/0001213900-25-104684.txt
0001916241,https://www.sec.gov/Archives/edgar/data/1916241/000121390025101901/ea0262419-6k_parazero.htm,PRZO,ParaZero Technologies Ltd.,6-K,2025-10-24,38,,False,,NO_CASHFLOW,cashflow statement missing,,0001213900-25-101901,https://www.sec.gov/Archives/edgar/data/1916241/000121390025101901/0001213900-25-101901.txt
0001916241,https://www.sec.gov/Archives/edgar/data/1916241/000121390025100982/ea0262090-6k_parazero.htm,PRZO,ParaZero Technologies Ltd.,6-K,2025-10-22,40,,False,,NO_CASHFLOW,cashflow statement missing,,0001213900-25-100982,https://www.sec.gov/Archives/edgar/data/1916241/000121390025100982/0001213900-25-100982.txt
0001916241,https://www.sec.gov/Archives/edgar/data/1916241/000121390025015300/ea0231353-s8_parazero.htm,PRZO,ParaZero Technologies Ltd.,S-8,2025-02-19,285,,False,,,,,0001213900-25-015300,https://www.sec.gov/Archives/edgar/data/1916241/000121390025015300/0001213900-25-015300.txt
0001847064,https://www.sec.gov/Archives/edgar/data/1847064/000141588925020595/form3-07302025_080722.xml,PSQH,"PSQ Holdings, Inc.",3,2025-07-30,124,,False,,,,,0001415889-25-020595,https://www.sec.gov/Archives/edgar/data/1847064/000141588925020595/0001415889-25-020595.txt
0001847064,https://www.sec.gov/Archives/edgar/data/1847064/000198518725000009/form4-11182025_011136.xml,PSQH,"PSQ Holdings, Inc.",4,2025-11-17,14,,False,,,,,0001985187-25-000009,https://www.sec.gov/Archives/edgar/data/1847064/000198518725000009/0001985187-25-000009.txt
0001847064,https://www.sec.gov/Archives/edgar/data/1847064/000198519225000007/form4-11182025_011125.xml,PSQH,"PSQ Holdings, Inc.",4,2025-11-17,14,,False,,,,,0001985192-25-000007,https://www.sec.gov/Archives/edgar/data/1847064/000198519225000007/0001985192-25-000007.txt
0001847064,https://www.sec.gov/Archives/edgar/data/1847064/000198518725000005/form4-11132025_101127.xml,PSQH,"PSQ Holdings, Inc.",4,2025-11-13,18,,False,,,,,0001985187-25-000005,https://www.sec.gov/Archives/edgar/data/1847064/000198518725000005/0001985187-25-000005.txt
0001847064,https://www.sec.gov/Archives/edgar/data/1847064/000141588925020597/form4-07302025_080706.xml,PSQH,"PSQ Holdings, Inc.",4,2025-07-30,124,,False,,,,,0001415889-25-020597,https://www.sec.gov/Archives/edgar/data/1847064/000141588925020597/0001415889-25-020597.txt
0001847064,https://www.sec.gov/Archives/edgar/data/1847064/000141588925019689/form4-07142025_020715.xml,PSQH,"PSQ Holdings, Inc.",4,2025-07-14,140,,False,,,,,0001415889-25-019689,https://www.sec.gov/Archives/edgar/data/1847064/000141588925019689/0001415889-25-019689.txt
0001847064,https://www.sec.gov/Archives/edgar/data/1847064/000147450625000117/primary_doc.xml,PSQH,"PSQ Holdings, Inc.",4,2025-06-23,161,,False,,,,,0001474506-25-000117,https://www.sec.gov/Archives/edgar/data/1847064/000147450625000117/0001474506-25-000117.txt
0001847064,https://www.sec.gov/Archives/edgar/data/1847064/000147450625000116/primary_doc.xml,PSQH,"PSQ Holdings, Inc.",4,2025-06-23,161,,False,,,,,0001474506-25-000116,https://www.sec.gov/Archives/edgar/data/1847064/000147450625000116/0001474506-25-000116.txt
0001847064,https://www.sec.gov/Archives/edgar/data/1847064/000147450625000115/primary_doc.xml,PSQH,"PSQ Holdings, Inc.",4,2025-06-23,161,,False,,,,,0001474506-25-000115,https://www.sec.gov/Archives/edgar/data/1847064/000147450625000115/0001474506-25-000115.txt
0001847064,https://www.sec.gov/Archives/edgar/data/1847064/000147450625000114/primary_doc.xml,PSQH,"PSQ Holdings, Inc.",4,2025-06-23,161,,False,,,,,0001474506-25-000114,https://www.sec.gov/Archives/edgar/data/1847064/000147450625000114/0001474506-25-000114.txt
0001847064,https://www.sec.gov/Archives/edgar/data/1847064/000121390025045582/ea0242825-424b3_psqhold.htm,PSQH,"PSQ Holdings, Inc.",424B3,2025-05-20,195,,False,,,,,0001213900-25-045582,https://www.sec.gov/Archives/edgar/data/1847064/000121390025045582/0001213900-25-045582.txt
0001847064,https://www.sec.gov/Archives/edgar/data/1847064/000121390025045581/ea0242825-424b3_psqhold.htm,PSQH,"PSQ Holdings, Inc.",424B3,2025-05-20,195,,False,,,,,0001213900-25-045581,https://www.sec.gov/Archives/edgar/data/1847064/000121390025045581/0001213900-25-045581.txt
0001847064,https://www.sec.gov/Archives/edgar/data/1847064/000121390025047438/ea0242907-424b5_psqhold.htm,PSQH,"PSQ Holdings, Inc.",424B5,2025-05-23,192,,False,,,,,0001213900-25-047438,https://www.sec.gov/Archives/edgar/data/1847064/000121390025047438/0001213900-25-047438.txt
0001847064,https://www.sec.gov/Archives/edgar/data/1847064/000121390024105282/ea0222813-424b5_psqhold.htm,PSQH,"PSQ Holdings, Inc.",424B5,2024-12-04,362,,False,,,,,0001213900-24-105282,https://www.sec.gov/Archives/edgar/data/1847064/000121390024105282/0001213900-24-105282.txt
0001847064,https://www.sec.gov/Archives/edgar/data/1847064/000110465925110480/tm2531074d1_8k.htm,PSQH,"PSQ Holdings, Inc.",8-K,2025-11-12,19,,False,,,,,0001104659-25-110480,https://www.sec.gov/Archives/edgar/data/1847064/000110465925110480/0001104659-25-110480.txt
0001847064,https://www.sec.gov/Archives/edgar/data/1847064/000110465925108776/tm2530674d1_8k.htm,PSQH,"PSQ Holdings, Inc.",8-K,2025-11-10,21,,False,,,,,0001104659-25-108776,https://www.sec.gov/Archives/edgar/data/1847064/000110465925108776/0001104659-25-108776.txt
0001847064,https://www.sec.gov/Archives/edgar/data/1847064/000110465925107383/tm2530421d1_8k.htm,PSQH,"PSQ Holdings, Inc.",8-K,2025-11-06,25,,False,,,,,0001104659-25-107383,https://www.sec.gov/Archives/edgar/data/1847064/000110465925107383/0001104659-25-107383.txt
0001847064,https://www.sec.gov/Archives/edgar/data/1847064/000110465925080974/tm2524015d1_8k.htm,PSQH,"PSQ Holdings, Inc.",8-K,2025-08-20,103,,False,,,,,0001104659-25-080974,https://www.sec.gov/Archives/edgar/data/1847064/000110465925080974/0001104659-25-080974.txt
0001847064,https://www.sec.gov/Archives/edgar/data/1847064/000162828025039902/psqh-20250812.htm,PSQH,"PSQ Holdings, Inc.",8-K,2025-08-12,111,,False,,,,,0001628280-25-039902,https://www.sec.gov/Archives/edgar/data/1847064/000162828025039902/0001628280-25-039902.txt
0001847064,https://www.sec.gov/Archives/edgar/data/1847064/000110465925071963/tm2522041d1_8k.htm,PSQH,"PSQ Holdings, Inc.",8-K,2025-07-30,124,,False,,,,,0001104659-25-071963,https://www.sec.gov/Archives/edgar/data/1847064/000110465925071963/0001104659-25-071963.txt
0001847064,https://www.sec.gov/Archives/edgar/data/1847064/000121390025050293/ea0244048-8k_psqhold.htm,PSQH,"PSQ Holdings, Inc.",8-K,2025-06-03,181,,False,,,,,0001213900-25-050293,https://www.sec.gov/Archives/edgar/data/1847064/000121390025050293/0001213900-25-050293.txt
0001847064,https://www.sec.gov/Archives/edgar/data/1847064/000121390025047564/ea0243454-8k_psqhold.htm,PSQH,"PSQ Holdings, Inc.",8-K,2025-05-27,188,,False,,,,,0001213900-25-047564,https://www.sec.gov/Archives/edgar/data/1847064/000121390025047564/0001213900-25-047564.txt
0001847064,https://www.sec.gov/Archives/edgar/data/1847064/000121390025047426/ea0243252-8k_psqhold.htm,PSQH,"PSQ Holdings, Inc.",8-K,2025-05-23,192,,False,,,,,0001213900-25-047426,https://www.sec.gov/Archives/edgar/data/1847064/000121390025047426/0001213900-25-047426.txt
0001847064,https://www.sec.gov/Archives/edgar/data/1847064/000162828025023832/psqh-20250508.htm,PSQH,"PSQ Holdings, Inc.",8-K,2025-05-08,207,,False,,,,,0001628280-25-023832,https://www.sec.gov/Archives/edgar/data/1847064/000162828025023832/0001628280-25-023832.txt
0001847064,https://www.sec.gov/Archives/edgar/data/1847064/000121390025041533/ea0240752-s3_psqhold.htm,PSQH,"PSQ Holdings, Inc.",S-3,2025-05-09,206,,False,,,,,0001213900-25-041533,https://www.sec.gov/Archives/edgar/data/1847064/000121390025041533/0001213900-25-041533.txt
0001847064,https://www.sec.gov/Archives/edgar/data/1847064/000121390025041528/ea0239035-s3_psqhold.htm,PSQH,"PSQ Holdings, Inc.",S-3,2025-05-09,206,,False,,,,,0001213900-25-041528,https://www.sec.gov/Archives/edgar/data/1847064/000121390025041528/0001213900-25-041528.txt
0001847064,https://www.sec.gov/Archives/edgar/data/1847064/000121390024090893/ea0218185-s3_psqhold.htm,PSQH,"PSQ Holdings, Inc.",S-3,2024-10-28,399,,False,,,,,0001213900-24-090893,https://www.sec.gov/Archives/edgar/data/1847064/000121390024090893/0001213900-24-090893.txt
0001847064,https://www.sec.gov/Archives/edgar/data/1847064/000121390024090892/ea0218195-s3_psqhold.htm,PSQH,"PSQ Holdings, Inc.",S-3,2024-10-28,399,,False,,,,,0001213900-24-090892,https://www.sec.gov/Archives/edgar/data/1847064/000121390024090892/0001213900-24-090892.txt
0001847064,https://www.sec.gov/Archives/edgar/data/1847064/000121390025005014/ea0227568-s8_psqholdings.htm,PSQH,"PSQ Holdings, Inc.",S-8,2025-01-21,314,,False,,,,,0001213900-25-005014,https://www.sec.gov/Archives/edgar/data/1847064/000121390025005014/0001213900-25-005014.txt
0001816431,https://www.sec.gov/Archives/edgar/data/1816431/000114036125038534/form4.xml,QSI,Quantum-Si Inc,4,2025-10-17,45,,False,,,,,0001140361-25-038534,https://www.sec.gov/Archives/edgar/data/1816431/000114036125038534/0001140361-25-038534.txt
0001816431,https://www.sec.gov/Archives/edgar/data/1816431/000114036125036049/form4.xml,QSI,Quantum-Si Inc,4,2025-09-24,68,,False,,,,,0001140361-25-036049,https://www.sec.gov/Archives/edgar/data/1816431/000114036125036049/0001140361-25-036049.txt
0001816431,https://www.sec.gov/Archives/edgar/data/1816431/000114036125036048/form4.xml,QSI,Quantum-Si Inc,4,2025-09-24,68,,False,,,,,0001140361-25-036048,https://www.sec.gov/Archives/edgar/data/1816431/000114036125036048/0001140361-25-036048.txt
0001816431,https://www.sec.gov/Archives/edgar/data/1816431/000114036125036047/form4.xml,QSI,Quantum-Si Inc,4,2025-09-24,68,,False,,,,,0001140361-25-036047,https://www.sec.gov/Archives/edgar/data/1816431/000114036125036047/0001140361-25-036047.txt
0001816431,https://www.sec.gov/Archives/edgar/data/1816431/000114036125036046/form4.xml,QSI,Quantum-Si Inc,4,2025-09-24,68,,False,,,,,0001140361-25-036046,https://www.sec.gov/Archives/edgar/data/1816431/000114036125036046/0001140361-25-036046.txt
0001816431,https://www.sec.gov/Archives/edgar/data/1816431/000114036125036045/form4.xml,QSI,Quantum-Si Inc,4,2025-09-24,68,,False,,,,,0001140361-25-036045,https://www.sec.gov/Archives/edgar/data/1816431/000114036125036045/0001140361-25-036045.txt
0001816431,https://www.sec.gov/Archives/edgar/data/1816431/000114036125023510/form4.xml,QSI,Quantum-Si Inc,4,2025-06-24,160,,False,,,,,0001140361-25-023510,https://www.sec.gov/Archives/edgar/data/1816431/000114036125023510/0001140361-25-023510.txt
0001816431,https://www.sec.gov/Archives/edgar/data/1816431/000114036125039703/ny20056813x2_424b3.htm,QSI,Quantum-Si Inc,424B3,2025-10-29,33,,False,,,,,0001140361-25-039703,https://www.sec.gov/Archives/edgar/data/1816431/000114036125039703/0001140361-25-039703.txt
0001816431,https://www.sec.gov/Archives/edgar/data/1816431/000114036125025058/ny20051645x1_424b5.htm,QSI,Quantum-Si Inc,424B5,2025-07-07,147,,False,,,,,0001140361-25-025058,https://www.sec.gov/Archives/edgar/data/1816431/000114036125025058/0001140361-25-025058.txt
0001816431,https://www.sec.gov/Archives/edgar/data/1816431/000114036125025057/ny20051645x3_424b5.htm,QSI,Quantum-Si Inc,424B5,2025-07-07,147,,False,,,,,0001140361-25-025057,https://www.sec.gov/Archives/edgar/data/1816431/000114036125025057/0001140361-25-025057.txt
0001816431,https://www.sec.gov/Archives/edgar/data/1816431/000114036125000294/ny20041128x1_424b5.htm,QSI,Quantum-Si Inc,424B5,2025-01-06,329,,False,,,,,0001140361-25-000294,https://www.sec.gov/Archives/edgar/data/1816431/000114036125000294/0001140361-25-000294.txt
0001816431,https://www.sec.gov/Archives/edgar/data/1816431/000114036124048975/ny20039409x3_424b5.htm,QSI,Quantum-Si Inc,424B5,2024-12-11,355,,False,,,,,0001140361-24-048975,https://www.sec.gov/Archives/edgar/data/1816431/000114036124048975/0001140361-24-048975.txt
0001816431,https://www.sec.gov/Archives/edgar/data/1816431/000181643125000071/qsi-20251119.htm,QSI,Quantum-Si Inc,8-K,2025-11-20,11,,False,,,,,0001816431-25-000071,https://www.sec.gov/Archives/edgar/data/1816431/000181643125000071/0001816431-25-000071.txt
0001816431,https://www.sec.gov/Archives/edgar/data/1816431/000181643125000065/qsi-20251105.htm,QSI,Quantum-Si Inc,8-K,2025-11-05,26,,False,,,,,0001816431-25-000065,https://www.sec.gov/Archives/edgar/data/1816431/000181643125000065/0001816431-25-000065.txt
0001816431,https://www.sec.gov/Archives/edgar/data/1816431/000114036125036498/ef20056229_8k.htm,QSI,Quantum-Si Inc,8-K,2025-09-29,63,,False,,,,,0001140361-25-036498,https://www.sec.gov/Archives/edgar/data/1816431/000114036125036498/0001140361-25-036498.txt
0001816431,https://www.sec.gov/Archives/edgar/data/1816431/000181643125000060/qsi-20250923.htm,QSI,Quantum-Si Inc,8-K,2025-09-26,66,,False,,,,,0001816431-25-000060,https://www.sec.gov/Archives/edgar/data/1816431/000181643125000060/0001816431-25-000060.txt
0001816431,https://www.sec.gov/Archives/edgar/data/1816431/000181643125000056/qsi-20250808.htm,QSI,Quantum-Si Inc,8-K,2025-08-08,115,,False,,,,,0001816431-25-000056,https://www.sec.gov/Archives/edgar/data/1816431/000181643125000056/0001816431-25-000056.txt
0001816431,https://www.sec.gov/Archives/edgar/data/1816431/000181643125000048/qsi-20250805.htm,QSI,Quantum-Si Inc,8-K,2025-08-05,118,,False,,,,,0001816431-25-000048,https://www.sec.gov/Archives/edgar/data/1816431/000181643125000048/0001816431-25-000048.txt
0001816431,https://www.sec.gov/Archives/edgar/data/1816431/000114036125025059/ny20051645x2_8k.htm,QSI,Quantum-Si Inc,8-K,2025-07-07,147,,False,,,,,0001140361-25-025059,https://www.sec.gov/Archives/edgar/data/1816431/000114036125025059/0001140361-25-025059.txt
0001816431,https://www.sec.gov/Archives/edgar/data/1816431/000114036125019766/ef20049274_8k.htm,QSI,Quantum-Si Inc,8-K,2025-05-19,196,,False,,,,,0001140361-25-019766,https://www.sec.gov/Archives/edgar/data/1816431/000114036125019766/0001140361-25-019766.txt
0001816431,https://www.sec.gov/Archives/edgar/data/1816431/000181643125000038/qsi-20250515.htm,QSI,Quantum-Si Inc,8-K,2025-05-15,200,,False,,,,,0001816431-25-000038,https://www.sec.gov/Archives/edgar/data/1816431/000181643125000038/0001816431-25-000038.txt
0001816431,https://www.sec.gov/Archives/edgar/data/1816431/000181643125000032/qsi-20250410.htm,QSI,Quantum-Si Inc,8-K,2025-04-10,235,,False,,,,,0001816431-25-000032,https://www.sec.gov/Archives/edgar/data/1816431/000181643125000032/0001816431-25-000032.txt
0001816431,https://www.sec.gov/Archives/edgar/data/1816431/000114036125036334/ny20056029x1_s3.htm,QSI,Quantum-Si Inc,S-3,2025-09-26,66,,False,,,,,0001140361-25-036334,https://www.sec.gov/Archives/edgar/data/1816431/000114036125036334/0001140361-25-036334.txt
0001816431,https://www.sec.gov/Archives/edgar/data/1816431/000114036125037826/ny20056813x1_s3a.htm,QSI,Quantum-Si Inc,S-3/A,2025-10-09,53,,False,,,,,0001140361-25-037826,https://www.sec.gov/Archives/edgar/data/1816431/000114036125037826/0001140361-25-037826.txt
0001816431,https://www.sec.gov/Archives/edgar/data/1816431/000114036125006785/ef20044716_s8.htm,QSI,Quantum-Si Inc,S-8,2025-03-03,273,,False,,,,,0001140361-25-006785,https://www.sec.gov/Archives/edgar/data/1816431/000114036125006785/0001140361-25-006785.txt
0001661998,https://www.sec.gov/Archives/edgar/data/1661998/000119312525252000/ownership.xml,QTTB,Q32 Bio Inc.,4,2025-10-27,35,,False,,,,,0001193125-25-252000,https://www.sec.gov/Archives/edgar/data/1661998/000119312525252000/0001193125-25-252000.txt
0001661998,https://www.sec.gov/Archives/edgar/data/1661998/000119312525251994/ownership.xml,QTTB,Q32 Bio Inc.,4,2025-10-27,35,,False,,,,,0001193125-25-251994,https://www.sec.gov/Archives/edgar/data/1661998/000119312525251994/0001193125-25-251994.txt
0001661998,https://www.sec.gov/Archives/edgar/data/1661998/000119312525251993/ownership.xml,QTTB,Q32 Bio Inc.,4,2025-10-27,35,,False,,,,,0001193125-25-251993,https://www.sec.gov/Archives/edgar/data/1661998/000119312525251993/0001193125-25-251993.txt
0001661998,https://www.sec.gov/Archives/edgar/data/1661998/000119312525251992/ownership.xml,QTTB,Q32 Bio Inc.,4,2025-10-27,35,,False,,,,,0001193125-25-251992,https://www.sec.gov/Archives/edgar/data/1661998/000119312525251992/0001193125-25-251992.txt
0001661998,https://www.sec.gov/Archives/edgar/data/1661998/000119312525251986/ownership.xml,QTTB,Q32 Bio Inc.,4,2025-10-27,35,,False,,,,,0001193125-25-251986,https://www.sec.gov/Archives/edgar/data/1661998/000119312525251986/0001193125-25-251986.txt
0001661998,https://www.sec.gov/Archives/edgar/data/1661998/000119312525251983/ownership.xml,QTTB,Q32 Bio Inc.,4,2025-10-27,35,,False,,,,,0001193125-25-251983,https://www.sec.gov/Archives/edgar/data/1661998/000119312525251983/0001193125-25-251983.txt
0001661998,https://www.sec.gov/Archives/edgar/data/1661998/000119312525251981/ownership.xml,QTTB,Q32 Bio Inc.,4,2025-10-27,35,,False,,,,,0001193125-25-251981,https://www.sec.gov/Archives/edgar/data/1661998/000119312525251981/0001193125-25-251981.txt
0001661998,https://www.sec.gov/Archives/edgar/data/1661998/000119312525251978/ownership.xml,QTTB,Q32 Bio Inc.,4,2025-10-27,35,,False,,,,,0001193125-25-251978,https://www.sec.gov/Archives/edgar/data/1661998/000119312525251978/0001193125-25-251978.txt
0001661998,https://www.sec.gov/Archives/edgar/data/1661998/000119312525191452/ownership.xml,QTTB,Q32 Bio Inc.,4,2025-08-28,95,,False,,,,,0001193125-25-191452,https://www.sec.gov/Archives/edgar/data/1661998/000119312525191452/0001193125-25-191452.txt
0001661998,https://www.sec.gov/Archives/edgar/data/1661998/000119312525191447/ownership.xml,QTTB,Q32 Bio Inc.,4,2025-08-28,95,,False,,,,,0001193125-25-191447,https://www.sec.gov/Archives/edgar/data/1661998/000119312525191447/0001193125-25-191447.txt
0001661998,https://www.sec.gov/Archives/edgar/data/1661998/000095017025036826/qttb_prosuppno8_2025.htm,QTTB,Q32 Bio Inc.,424B3,2025-03-11,265,,False,,,,,0000950170-25-036826,https://www.sec.gov/Archives/edgar/data/1661998/000095017025036826/0000950170-25-036826.txt
0001661998,https://www.sec.gov/Archives/edgar/data/1661998/000119312525050375/d938883d424b3.htm,QTTB,Q32 Bio Inc.,424B3,2025-03-10,266,,False,,,,,0001193125-25-050375,https://www.sec.gov/Archives/edgar/data/1661998/000119312525050375/0001193125-25-050375.txt
0001661998,https://www.sec.gov/Archives/edgar/data/1661998/000095017025017089/qttb_prosuppno6_2025.htm,QTTB,Q32 Bio Inc.,424B3,2025-02-10,294,,False,,,,,0000950170-25-017089,https://www.sec.gov/Archives/edgar/data/1661998/000095017025017089/0000950170-25-017089.txt
0001661998,https://www.sec.gov/Archives/edgar/data/1661998/000119312524274858/d868346d424b3.htm,QTTB,Q32 Bio Inc.,424B3,2024-12-11,355,,False,,,,,0001193125-24-274858,https://www.sec.gov/Archives/edgar/data/1661998/000119312524274858/0001193125-24-274858.txt
0001661998,https://www.sec.gov/Archives/edgar/data/1661998/000095017024122800/qttb_prosuppno4_2024.htm,QTTB,Q32 Bio Inc.,424B3,2024-11-07,389,,False,,,,,0000950170-24-122800,https://www.sec.gov/Archives/edgar/data/1661998/000095017024122800/0000950170-24-122800.txt
0001661998,https://www.sec.gov/Archives/edgar/data/1661998/000119312525303115/d70163d8k.htm,QTTB,Q32 Bio Inc.,8-K,2025-12-01,0,,False,,,,,0001193125-25-303115,https://www.sec.gov/Archives/edgar/data/1661998/000119312525303115/0001193125-25-303115.txt
0001661998,https://www.sec.gov/Archives/edgar/data/1661998/000119312525278805/qttb-20251113.htm,QTTB,Q32 Bio Inc.,8-K,2025-11-13,18,,False,,,,,0001193125-25-278805,https://www.sec.gov/Archives/edgar/data/1661998/000119312525278805/0001193125-25-278805.txt
0001661998,https://www.sec.gov/Archives/edgar/data/1661998/000119312525244262/d43495d8k.htm,QTTB,Q32 Bio Inc.,8-K,2025-10-21,41,,False,,,,,0001193125-25-244262,https://www.sec.gov/Archives/edgar/data/1661998/000119312525244262/0001193125-25-244262.txt
0001661998,https://www.sec.gov/Archives/edgar/data/1661998/000095017025103526/qttb-20250806.htm,QTTB,Q32 Bio Inc.,8-K,2025-08-06,117,,False,,,,,0000950170-25-103526,https://www.sec.gov/Archives/edgar/data/1661998/000095017025103526/0000950170-25-103526.txt
0001661998,https://www.sec.gov/Archives/edgar/data/1661998/000119312525146179/d917821d8k.htm,QTTB,Q32 Bio Inc.,8-K,2025-06-25,159,,False,,,,,0001193125-25-146179,https://www.sec.gov/Archives/edgar/data/1661998/000119312525146179/0001193125-25-146179.txt
0001661998,https://www.sec.gov/Archives/edgar/data/1661998/000119312525142039/d936533d8k.htm,QTTB,Q32 Bio Inc.,8-K,2025-06-17,167,,False,,,,,0001193125-25-142039,https://www.sec.gov/Archives/edgar/data/1661998/000119312525142039/0001193125-25-142039.txt
0001661998,https://www.sec.gov/Archives/edgar/data/1661998/000119312525125435/d842247d8k.htm,QTTB,Q32 Bio Inc.,8-K,2025-05-23,192,,False,,,,,0001193125-25-125435,https://www.sec.gov/Archives/edgar/data/1661998/000119312525125435/0001193125-25-125435.txt
0001661998,https://www.sec.gov/Archives/edgar/data/1661998/000095017025066366/qttb-20250508.htm,QTTB,Q32 Bio Inc.,8-K,2025-05-08,207,,False,,,,,0000950170-25-066366,https://www.sec.gov/Archives/edgar/data/1661998/000095017025066366/0000950170-25-066366.txt
0001661998,https://www.sec.gov/Archives/edgar/data/1661998/000119312525096703/d933973d8k.htm,QTTB,Q32 Bio Inc.,8-K,2025-04-25,220,,False,,,,,0001193125-25-096703,https://www.sec.gov/Archives/edgar/data/1661998/000119312525096703/0001193125-25-096703.txt
0001661998,https://www.sec.gov/Archives/edgar/data/1661998/000095017025036819/qttb-20250311.htm,QTTB,Q32 Bio Inc.,8-K,2025-03-11,265,,False,,,,,0000950170-25-036819,https://www.sec.gov/Archives/edgar/data/1661998/000095017025036819/0000950170-25-036819.txt
0001661998,https://www.sec.gov/Archives/edgar/data/1661998/000119312525079136/d906719ds3.htm,QTTB,Q32 Bio Inc.,S-3,2025-04-11,234,,False,,,,,0001193125-25-079136,https://www.sec.gov/Archives/edgar/data/1661998/000119312525079136/0001193125-25-079136.txt
0001661998,https://www.sec.gov/Archives/edgar/data/1661998/000119312525051479/d914439ds8.htm,QTTB,Q32 Bio Inc.,S-8,2025-03-11,265,,False,,,,,0001193125-25-051479,https://www.sec.gov/Archives/edgar/data/1661998/000119312525051479/0001193125-25-051479.txt
0001481792,https://www.sec.gov/Archives/edgar/data/1481792/000148179225000010/quad-20241231.htm,QUAD,"Quad/Graphics, Inc.",10-K,2025-02-21,283,,False,,NO_PERIODS,no inferable periods,,0001481792-25-000010,https://www.sec.gov/Archives/edgar/data/1481792/000148179225000010/0001481792-25-000010.txt
0001481792,https://www.sec.gov/Archives/edgar/data/1481792/000148179225000049/form4.xml,QUAD,"Quad/Graphics, Inc.",4,2025-11-21,10,,False,,,,,0001481792-25-000049,https://www.sec.gov/Archives/edgar/data/1481792/000148179225000049/0001481792-25-000049.txt
0001481792,https://www.sec.gov/Archives/edgar/data/1481792/000112760225015960/form4.xml,QUAD,"Quad/Graphics, Inc.",4,2025-05-30,185,,False,,,,,0001127602-25-015960,https://www.sec.gov/Archives/edgar/data/1481792/000112760225015960/0001127602-25-015960.txt
0001481792,https://www.sec.gov/Archives/edgar/data/1481792/000112760225015423/form4.xml,QUAD,"Quad/Graphics, Inc.",4,2025-05-23,192,,False,,,,,0001127602-25-015423,https://www.sec.gov/Archives/edgar/data/1481792/000112760225015423/0001127602-25-015423.txt
0001481792,https://www.sec.gov/Archives/edgar/data/1481792/000112760225015421/form4.xml,QUAD,"Quad/Graphics, Inc.",4,2025-05-23,192,,False,,,,,0001127602-25-015421,https://www.sec.gov/Archives/edgar/data/1481792/000112760225015421/0001127602-25-015421.txt
0001481792,https://www.sec.gov/Archives/edgar/data/1481792/000112760225015418/form4.xml,QUAD,"Quad/Graphics, Inc.",4,2025-05-23,192,,False,,,,,0001127602-25-015418,https://www.sec.gov/Archives/edgar/data/1481792/000112760225015418/0001127602-25-015418.txt
0001481792,https://www.sec.gov/Archives/edgar/data/1481792/000112760225015416/form4.xml,QUAD,"Quad/Graphics, Inc.",4,2025-05-23,192,,False,,,,,0001127602-25-015416,https://www.sec.gov/Archives/edgar/data/1481792/000112760225015416/0001127602-25-015416.txt
0001481792,https://www.sec.gov/Archives/edgar/data/1481792/000112760225015413/form4.xml,QUAD,"Quad/Graphics, Inc.",4,2025-05-23,192,,False,,,,,0001127602-25-015413,https://www.sec.gov/Archives/edgar/data/1481792/000112760225015413/0001127602-25-015413.txt
0001481792,https://www.sec.gov/Archives/edgar/data/1481792/000112760225015411/form4.xml,QUAD,"Quad/Graphics, Inc.",4,2025-05-23,192,,False,,,,,0001127602-25-015411,https://www.sec.gov/Archives/edgar/data/1481792/000112760225015411/0001127602-25-015411.txt
0001481792,https://www.sec.gov/Archives/edgar/data/1481792/000112760225015406/form4.xml,QUAD,"Quad/Graphics, Inc.",4,2025-05-23,192,,False,,,,,0001127602-25-015406,https://www.sec.gov/Archives/edgar/data/1481792/000112760225015406/0001127602-25-015406.txt
0001481792,https://www.sec.gov/Archives/edgar/data/1481792/000112760225015404/form4.xml,QUAD,"Quad/Graphics, Inc.",4,2025-05-23,192,,False,,,,,0001127602-25-015404,https://www.sec.gov/Archives/edgar/data/1481792/000112760225015404/0001127602-25-015404.txt
0001481792,https://www.sec.gov/Archives/edgar/data/1481792/000162828025046803/quad-20251028.htm,QUAD,"Quad/Graphics, Inc.",8-K,2025-10-28,34,,False,,,,,0001628280-25-046803,https://www.sec.gov/Archives/edgar/data/1481792/000162828025046803/0001628280-25-046803.txt
0001481792,https://www.sec.gov/Archives/edgar/data/1481792/000148179225000034/quad-20250729.htm,QUAD,"Quad/Graphics, Inc.",8-K,2025-07-29,125,,False,,,,,0001481792-25-000034,https://www.sec.gov/Archives/edgar/data/1481792/000148179225000034/0001481792-25-000034.txt
0001481792,https://www.sec.gov/Archives/edgar/data/1481792/000148179225000030/quad-20250521.htm,QUAD,"Quad/Graphics, Inc.",8-K,2025-05-23,192,,False,,,,,0001481792-25-000030,https://www.sec.gov/Archives/edgar/data/1481792/000148179225000030/0001481792-25-000030.txt
0001481792,https://www.sec.gov/Archives/edgar/data/1481792/000148179225000023/quad-20250429.htm,QUAD,"Quad/Graphics, Inc.",8-K,2025-04-29,216,,False,,,,,0001481792-25-000023,https://www.sec.gov/Archives/edgar/data/1481792/000148179225000023/0001481792-25-000023.txt
0001481792,https://www.sec.gov/Archives/edgar/data/1481792/000148179225000015/quad-20250401.htm,QUAD,"Quad/Graphics, Inc.",8-K,2025-04-02,243,,False,,,,,0001481792-25-000015,https://www.sec.gov/Archives/edgar/data/1481792/000148179225000015/0001481792-25-000015.txt
0001481792,https://www.sec.gov/Archives/edgar/data/1481792/000148179225000002/quad-20250218.htm,QUAD,"Quad/Graphics, Inc.",8-K,2025-02-18,286,,False,,,,,0001481792-25-000002,https://www.sec.gov/Archives/edgar/data/1481792/000148179225000002/0001481792-25-000002.txt
0001481792,https://www.sec.gov/Archives/edgar/data/1481792/000148179224000050/quad-20241120.htm,QUAD,"Quad/Graphics, Inc.",8-K,2024-11-20,376,,False,,,,,0001481792-24-000050,https://www.sec.gov/Archives/edgar/data/1481792/000148179224000050/0001481792-24-000050.txt
0001481792,https://www.sec.gov/Archives/edgar/data/1481792/000148179224000040/quad-20241028.htm,QUAD,"Quad/Graphics, Inc.",8-K,2024-10-29,398,,False,,,,,0001481792-24-000040,https://www.sec.gov/Archives/edgar/data/1481792/000148179224000040/0001481792-24-000040.txt
0001481792,https://www.sec.gov/Archives/edgar/data/1481792/000148179225000040/forms-8registrationstateme.htm,QUAD,"Quad/Graphics, Inc.",S-8,2025-07-30,124,,False,,,,,0001481792-25-000040,https://www.sec.gov/Archives/edgar/data/1481792/000148179225000040/0001481792-25-000040.txt
0002035644,https://www.sec.gov/Archives/edgar/data/2035644/000095017024138681/ownership.xml,RANG,Range Capital Acquisition Corp.,3,2024-12-19,347,,False,,,,,0000950170-24-138681,https://www.sec.gov/Archives/edgar/data/2035644/000095017024138681/0000950170-24-138681.txt
0002035644,https://www.sec.gov/Archives/edgar/data/2035644/000095017024138676/ownership.xml,RANG,Range Capital Acquisition Corp.,3,2024-12-19,347,,False,,,,,0000950170-24-138676,https://www.sec.gov/Archives/edgar/data/2035644/000095017024138676/0000950170-24-138676.txt
0002035644,https://www.sec.gov/Archives/edgar/data/2035644/000095017024138675/ownership.xml,RANG,Range Capital Acquisition Corp.,3,2024-12-19,347,,False,,,,,0000950170-24-138675,https://www.sec.gov/Archives/edgar/data/2035644/000095017024138675/0000950170-24-138675.txt
0002035644,https://www.sec.gov/Archives/edgar/data/2035644/000095017024138673/ownership.xml,RANG,Range Capital Acquisition Corp.,3,2024-12-19,347,,False,,,,,0000950170-24-138673,https://www.sec.gov/Archives/edgar/data/2035644/000095017024138673/0000950170-24-138673.txt
0002035644,https://www.sec.gov/Archives/edgar/data/2035644/000095017024138659/ownership.xml,RANG,Range Capital Acquisition Corp.,3,2024-12-19,347,,False,,,,,0000950170-24-138659,https://www.sec.gov/Archives/edgar/data/2035644/000095017024138659/0000950170-24-138659.txt
0002035644,https://www.sec.gov/Archives/edgar/data/2035644/000119312524282708/d831685d424b3.htm,RANG,Range Capital Acquisition Corp.,424B3,2024-12-20,346,,False,,,,,0001193125-24-282708,https://www.sec.gov/Archives/edgar/data/2035644/000119312524282708/0001193125-24-282708.txt
0002035644,https://www.sec.gov/Archives/edgar/data/2035644/000119312525072402/d940757d8k.htm,RANG,Range Capital Acquisition Corp.,8-K,2025-04-03,242,,False,,,,,0001193125-25-072402,https://www.sec.gov/Archives/edgar/data/2035644/000119312525072402/0001193125-25-072402.txt
0002035644,https://www.sec.gov/Archives/edgar/data/2035644/000119312525003562/d913846d8k.htm,RANG,Range Capital Acquisition Corp.,8-K,2025-01-08,327,,False,,,,,0001193125-25-003562,https://www.sec.gov/Archives/edgar/data/2035644/000119312525003562/0001193125-25-003562.txt
0002035644,https://www.sec.gov/Archives/edgar/data/2035644/000119312525002152/d907378d8k.htm,RANG,Range Capital Acquisition Corp.,8-K,2025-01-06,329,,False,,,,,0001193125-25-002152,https://www.sec.gov/Archives/edgar/data/2035644/000119312525002152/0001193125-25-002152.txt
0002035644,https://www.sec.gov/Archives/edgar/data/2035644/000119312524287200/d868093d8k.htm,RANG,Range Capital Acquisition Corp.,8-K,2024-12-31,335,,False,,,,,0001193125-24-287200,https://www.sec.gov/Archives/edgar/data/2035644/000119312524287200/0001193125-24-287200.txt
0002035644,https://www.sec.gov/Archives/edgar/data/2035644/000119312524284425/d912117d8k.htm,RANG,Range Capital Acquisition Corp.,8-K,2024-12-26,340,,False,,,,,0001193125-24-284425,https://www.sec.gov/Archives/edgar/data/2035644/000119312524284425/0001193125-24-284425.txt
0001751783,https://www.sec.gov/Archives/edgar/data/1751783/000175178325000012/rbkb-20241231x10k.htm,RBKB,"Rhinebeck Bancorp, Inc.",10-K,2025-03-25,251,,False,,NO_PERIODS,no inferable periods,,0001751783-25-000012,https://www.sec.gov/Archives/edgar/data/1751783/000175178325000012/0001751783-25-000012.txt
0001751783,https://www.sec.gov/Archives/edgar/data/1751783/000175178325000054/rbkb-20250930x10q.htm,RBKB,"Rhinebeck Bancorp, Inc.",10-Q,2025-11-13,18,,False,,NO_PERIODS,no inferable periods,,0001751783-25-000054,https://www.sec.gov/Archives/edgar/data/1751783/000175178325000054/0001751783-25-000054.txt
0001751783,https://www.sec.gov/Archives/edgar/data/1751783/000175178325000042/rbkb-20250630x10q.htm,RBKB,"Rhinebeck Bancorp, Inc.",10-Q,2025-08-12,111,,False,,NO_PERIODS,no inferable periods,,0001751783-25-000042,https://www.sec.gov/Archives/edgar/data/1751783/000175178325000042/0001751783-25-000042.txt
0001751783,https://www.sec.gov/Archives/edgar/data/1751783/000143774925031498/rdgdoc.xml,RBKB,"Rhinebeck Bancorp, Inc.",3,2025-10-22,40,,False,,,,,0001437749-25-031498,https://www.sec.gov/Archives/edgar/data/1751783/000143774925031498/0001437749-25-031498.txt
0001751783,https://www.sec.gov/Archives/edgar/data/1751783/000143774925012830/rdgdoc.xml,RBKB,"Rhinebeck Bancorp, Inc.",3,2025-04-23,222,,False,,,,,0001437749-25-012830,https://www.sec.gov/Archives/edgar/data/1751783/000143774925012830/0001437749-25-012830.txt
0001751783,https://www.sec.gov/Archives/edgar/data/1751783/000143774925012817/rdgdoc.xml,RBKB,"Rhinebeck Bancorp, Inc.",3,2025-04-23,222,,False,,,,,0001437749-25-012817,https://www.sec.gov/Archives/edgar/data/1751783/000143774925012817/0001437749-25-012817.txt
0001751783,https://www.sec.gov/Archives/edgar/data/1751783/000143774925033829/rdgdoc.xml,RBKB,"Rhinebeck Bancorp, Inc.",4,2025-11-07,24,,False,,,,,0001437749-25-033829,https://www.sec.gov/Archives/edgar/data/1751783/000143774925033829/0001437749-25-033829.txt
0001751783,https://www.sec.gov/Archives/edgar/data/1751783/000143774925028829/rdgdoc.xml,RBKB,"Rhinebeck Bancorp, Inc.",4,2025-09-11,81,,False,,,,,0001437749-25-028829,https://www.sec.gov/Archives/edgar/data/1751783/000143774925028829/0001437749-25-028829.txt
0001751783,https://www.sec.gov/Archives/edgar/data/1751783/000143774925028272/rdgdoc.xml,RBKB,"Rhinebeck Bancorp, Inc.",4,2025-09-03,89,,False,,,,,0001437749-25-028272,https://www.sec.gov/Archives/edgar/data/1751783/000143774925028272/0001437749-25-028272.txt
0001751783,https://www.sec.gov/Archives/edgar/data/1751783/000143774925022581/rdgdoc.xml,RBKB,"Rhinebeck Bancorp, Inc.",4,2025-07-11,143,,False,,,,,0001437749-25-022581,https://www.sec.gov/Archives/edgar/data/1751783/000143774925022581/0001437749-25-022581.txt
0001751783,https://www.sec.gov/Archives/edgar/data/1751783/000175178325000050/rbkb-20251028x8k.htm,RBKB,"Rhinebeck Bancorp, Inc.",8-K,2025-10-28,34,,False,,,,,0001751783-25-000050,https://www.sec.gov/Archives/edgar/data/1751783/000175178325000050/0001751783-25-000050.txt
0001751783,https://www.sec.gov/Archives/edgar/data/1751783/000175178325000047/rbkb-20251021x8k.htm,RBKB,"Rhinebeck Bancorp, Inc.",8-K,2025-10-21,41,,False,,,,,0001751783-25-000047,https://www.sec.gov/Archives/edgar/data/1751783/000175178325000047/0001751783-25-000047.txt
0001751783,https://www.sec.gov/Archives/edgar/data/1751783/000094337425000402/form8k_091625.htm,RBKB,"Rhinebeck Bancorp, Inc.",8-K,2025-09-16,76,,False,,,,,0000943374-25-000402,https://www.sec.gov/Archives/edgar/data/1751783/000094337425000402/0000943374-25-000402.txt
0001751783,https://www.sec.gov/Archives/edgar/data/1751783/000175178325000039/rbkb-20250807x8k.htm,RBKB,"Rhinebeck Bancorp, Inc.",8-K,2025-08-07,116,,False,,,,,0001751783-25-000039,https://www.sec.gov/Archives/edgar/data/1751783/000175178325000039/0001751783-25-000039.txt
0001751783,https://www.sec.gov/Archives/edgar/data/1751783/000175178325000035/rbkb-20250724x8k.htm,RBKB,"Rhinebeck Bancorp, Inc.",8-K,2025-07-24,130,,False,,,,,0001751783-25-000035,https://www.sec.gov/Archives/edgar/data/1751783/000175178325000035/0001751783-25-000035.txt
0001751783,https://www.sec.gov/Archives/edgar/data/1751783/000175178325000029/rbkb-20250521x8k.htm,RBKB,"Rhinebeck Bancorp, Inc.",8-K,2025-05-21,194,,False,,,,,0001751783-25-000029,https://www.sec.gov/Archives/edgar/data/1751783/000175178325000029/0001751783-25-000029.txt
0001751783,https://www.sec.gov/Archives/edgar/data/1751783/000175178325000023/rbkb-20250424x8k.htm,RBKB,"Rhinebeck Bancorp, Inc.",8-K,2025-04-24,221,,False,,,,,0001751783-25-000023,https://www.sec.gov/Archives/edgar/data/1751783/000175178325000023/0001751783-25-000023.txt
0001751783,https://www.sec.gov/Archives/edgar/data/1751783/000175178325000018/rbkb-20250415x8k.htm,RBKB,"Rhinebeck Bancorp, Inc.",8-K,2025-04-15,230,,False,,,,,0001751783-25-000018,https://www.sec.gov/Archives/edgar/data/1751783/000175178325000018/0001751783-25-000018.txt
0001751783,https://www.sec.gov/Archives/edgar/data/1751783/000175178325000008/rbkb-20250321x8k.htm,RBKB,"Rhinebeck Bancorp, Inc.",8-K,2025-03-21,255,,False,,,,,0001751783-25-000008,https://www.sec.gov/Archives/edgar/data/1751783/000175178325000008/0001751783-25-000008.txt
0001751783,https://www.sec.gov/Archives/edgar/data/1751783/000175178325000003/rbkb-20250130x8k.htm,RBKB,"Rhinebeck Bancorp, Inc.",8-K,2025-01-30,305,,False,,,,,0001751783-25-000003,https://www.sec.gov/Archives/edgar/data/1751783/000175178325000003/0001751783-25-000003.txt
0001596961,https://www.sec.gov/Archives/edgar/data/1596961/000159696125000024/rmbl-20241231.htm,RDNW,"RideNow Group, Inc.",10-K,2025-03-14,262,,False,,NO_PERIODS,no inferable periods,,0001596961-25-000024,https://www.sec.gov/Archives/edgar/data/1596961/000159696125000024/0001596961-25-000024.txt
0001596961,https://www.sec.gov/Archives/edgar/data/1596961/000159696125000101/rdnw-20250930.htm,RDNW,"RideNow Group, Inc.",10-Q,2025-11-04,27,,False,,NO_PERIODS,no inferable periods,,0001596961-25-000101,https://www.sec.gov/Archives/edgar/data/1596961/000159696125000101/0001596961-25-000101.txt
0001596961,https://www.sec.gov/Archives/edgar/data/1596961/000159696125000066/rmbl-20250630.htm,RDNW,"RideNow Group, Inc.",10-Q,2025-08-11,112,,False,,NO_PERIODS,no inferable periods,,0001596961-25-000066,https://www.sec.gov/Archives/edgar/data/1596961/000159696125000066/0001596961-25-000066.txt
0001596961,https://www.sec.gov/Archives/edgar/data/1596961/000159696125000094/wk-form3_1761339474.xml,RDNW,"RideNow Group, Inc.",3,2025-10-24,38,,False,,,,,0001596961-25-000094,https://www.sec.gov/Archives/edgar/data/1596961/000159696125000094/0001596961-25-000094.txt
0001596961,https://www.sec.gov/Archives/edgar/data/1596961/000159696125000073/wk-form3_1755722839.xml,RDNW,"RideNow Group, Inc.",3,2025-08-20,103,,False,,,,,0001596961-25-000073,https://www.sec.gov/Archives/edgar/data/1596961/000159696125000073/0001596961-25-000073.txt
0001596961,https://www.sec.gov/Archives/edgar/data/1596961/000159696125000069/wk-form3_1755640516.xml,RDNW,"RideNow Group, Inc.",3,2025-08-19,104,,False,,,,,0001596961-25-000069,https://www.sec.gov/Archives/edgar/data/1596961/000159696125000069/0001596961-25-000069.txt
0001596961,https://www.sec.gov/Archives/edgar/data/1596961/000159696125000047/wk-form3_1749246608.xml,RDNW,"RideNow Group, Inc.",3,2025-06-06,178,,False,,,,,0001596961-25-000047,https://www.sec.gov/Archives/edgar/data/1596961/000159696125000047/0001596961-25-000047.txt
0001596961,https://www.sec.gov/Archives/edgar/data/1596961/000159696125000102/wk-form4_1762551518.xml,RDNW,"RideNow Group, Inc.",4,2025-11-07,24,,False,,,,,0001596961-25-000102,https://www.sec.gov/Archives/edgar/data/1596961/000159696125000102/0001596961-25-000102.txt
0001596961,https://www.sec.gov/Archives/edgar/data/1596961/000159696125000051/wk-form4_1749246945.xml,RDNW,"RideNow Group, Inc.",4,2025-06-06,178,,False,,,,,0001596961-25-000051,https://www.sec.gov/Archives/edgar/data/1596961/000159696125000051/0001596961-25-000051.txt
0001596961,https://www.sec.gov/Archives/edgar/data/1596961/000159696125000049/wk-form4_1749246824.xml,RDNW,"RideNow Group, Inc.",4,2025-06-06,178,,False,,,,,0001596961-25-000049,https://www.sec.gov/Archives/edgar/data/1596961/000159696125000049/0001596961-25-000049.txt
0001596961,https://www.sec.gov/Archives/edgar/data/1596961/000110465925057423/tm2517362-2_4seq1.xml,RDNW,"RideNow Group, Inc.",4,2025-06-06,178,,False,,,,,0001104659-25-057423,https://www.sec.gov/Archives/edgar/data/1596961/000110465925057423/0001104659-25-057423.txt
0001596961,https://www.sec.gov/Archives/edgar/data/1596961/000095017025083275/ownership.xml,RDNW,"RideNow Group, Inc.",4,2025-06-06,178,,False,,,,,0000950170-25-083275,https://www.sec.gov/Archives/edgar/data/1596961/000095017025083275/0000950170-25-083275.txt
0001596961,https://www.sec.gov/Archives/edgar/data/1596961/000110465925057422/tm2517362-1_4seq1.xml,RDNW,"RideNow Group, Inc.",4,2025-06-06,178,,False,,,,,0001104659-25-057422,https://www.sec.gov/Archives/edgar/data/1596961/000110465925057422/0001104659-25-057422.txt
0001596961,https://www.sec.gov/Archives/edgar/data/1596961/000121390024102824/ea0222409-424b5_rumbleon.htm,RDNW,"RideNow Group, Inc.",424B5,2024-11-26,370,,False,,,,,0001213900-24-102824,https://www.sec.gov/Archives/edgar/data/1596961/000121390024102824/0001213900-24-102824.txt
0001596961,https://www.sec.gov/Archives/edgar/data/1596961/000159696125000099/rmbl-20251104.htm,RDNW,"RideNow Group, Inc.",8-K,2025-11-04,27,,False,,,,,0001596961-25-000099,https://www.sec.gov/Archives/edgar/data/1596961/000159696125000099/0001596961-25-000099.txt
0001596961,https://www.sec.gov/Archives/edgar/data/1596961/000162828025045452/rmbl-20251014.htm,RDNW,"RideNow Group, Inc.",8-K,2025-10-20,42,,False,,,,,0001628280-25-045452,https://www.sec.gov/Archives/edgar/data/1596961/000162828025045452/0001628280-25-045452.txt
0001596961,https://www.sec.gov/Archives/edgar/data/1596961/000159696125000083/rmbl-20250825.htm,RDNW,"RideNow Group, Inc.",8-K,2025-08-28,95,,False,,,,,0001596961-25-000083,https://www.sec.gov/Archives/edgar/data/1596961/000159696125000083/0001596961-25-000083.txt
0001596961,https://www.sec.gov/Archives/edgar/data/1596961/000159696125000063/rmbl-20250809.htm,RDNW,"RideNow Group, Inc.",8-K,2025-08-11,112,,False,,,,,0001596961-25-000063,https://www.sec.gov/Archives/edgar/data/1596961/000159696125000063/0001596961-25-000063.txt
0001596961,https://www.sec.gov/Archives/edgar/data/1596961/000159696125000045/rmbl-20250604.htm,RDNW,"RideNow Group, Inc.",8-K,2025-06-06,178,,False,,,,,0001596961-25-000045,https://www.sec.gov/Archives/edgar/data/1596961/000159696125000045/0001596961-25-000045.txt
0001596961,https://www.sec.gov/Archives/edgar/data/1596961/000159696125000036/rmbl-20250507.htm,RDNW,"RideNow Group, Inc.",8-K,2025-05-07,208,,False,,,,,0001596961-25-000036,https://www.sec.gov/Archives/edgar/data/1596961/000159696125000036/0001596961-25-000036.txt
0001596961,https://www.sec.gov/Archives/edgar/data/1596961/000121390025027593/ea0236734-8k_rumbleon.htm,RDNW,"RideNow Group, Inc.",8-K,2025-04-02,243,,False,,,,,0001213900-25-027593,https://www.sec.gov/Archives/edgar/data/1596961/000121390025027593/0001213900-25-027593.txt
0001596961,https://www.sec.gov/Archives/edgar/data/1596961/000159696125000028/rmbl-20250317.htm,RDNW,"RideNow Group, Inc.",8-K,2025-03-18,258,,False,,,,,0001596961-25-000028,https://www.sec.gov/Archives/edgar/data/1596961/000159696125000028/0001596961-25-000028.txt
0001596961,https://www.sec.gov/Archives/edgar/data/1596961/000159696125000017/rmbl-20250311.htm,RDNW,"RideNow Group, Inc.",8-K,2025-03-11,265,,False,,,,,0001596961-25-000017,https://www.sec.gov/Archives/edgar/data/1596961/000159696125000017/0001596961-25-000017.txt
0001596961,https://www.sec.gov/Archives/edgar/data/1596961/000159696125000006/rmbl-20250113.htm,RDNW,"RideNow Group, Inc.",8-K,2025-01-16,319,,False,,,,,0001596961-25-000006,https://www.sec.gov/Archives/edgar/data/1596961/000159696125000006/0001596961-25-000006.txt
0001596961,https://www.sec.gov/Archives/edgar/data/1596961/000121390025041200/ea0228051-s3_rumbleon.htm,RDNW,"RideNow Group, Inc.",S-3,2025-05-09,206,,False,,,,,0001213900-25-041200,https://www.sec.gov/Archives/edgar/data/1596961/000121390025041200/0001213900-25-041200.txt
0001596961,https://www.sec.gov/Archives/edgar/data/1596961/000121390025054031/ea0245445-s8_rumbleon.htm,RDNW,"RideNow Group, Inc.",S-8,2025-06-13,171,,False,,,,,0001213900-25-054031,https://www.sec.gov/Archives/edgar/data/1596961/000121390025054031/0001213900-25-054031.txt
0001867949,https://www.sec.gov/Archives/edgar/data/1867949/000095017025037616/refi-20241231.htm,REFI,"Chicago Atlantic Real Estate Finance, Inc.",10-K,2025-03-12,264,,False,,NO_PERIODS,no inferable periods,,0000950170-25-037616,https://www.sec.gov/Archives/edgar/data/1867949/000095017025037616/0000950170-25-037616.txt
0001867949,https://www.sec.gov/Archives/edgar/data/1867949/000119312525263522/refi-20250930.htm,REFI,"Chicago Atlantic Real Estate Finance, Inc.",10-Q,2025-11-04,27,,False,,NO_PERIODS,no inferable periods,,0001193125-25-263522,https://www.sec.gov/Archives/edgar/data/1867949/000119312525263522/0001193125-25-263522.txt
0001867949,https://www.sec.gov/Archives/edgar/data/1867949/000095017025104543/refi-20250630.htm,REFI,"Chicago Atlantic Real Estate Finance, Inc.",10-Q,2025-08-07,116,,False,,NO_PERIODS,no inferable periods,,0000950170-25-104543,https://www.sec.gov/Archives/edgar/data/1867949/000095017025104543/0000950170-25-104543.txt
0001867949,https://www.sec.gov/Archives/edgar/data/1867949/000095017025093448/ownership.xml,REFI,"Chicago Atlantic Real Estate Finance, Inc.",3,2025-07-02,152,,False,,,,,0000950170-25-093448,https://www.sec.gov/Archives/edgar/data/1867949/000095017025093448/0000950170-25-093448.txt
0001867949,https://www.sec.gov/Archives/edgar/data/1867949/000121390025028708/ownership.xml,REFI,"Chicago Atlantic Real Estate Finance, Inc.",3,2025-04-03,242,,False,,,,,0001213900-25-028708,https://www.sec.gov/Archives/edgar/data/1867949/000121390025028708/0001213900-25-028708.txt
0001867949,https://www.sec.gov/Archives/edgar/data/1867949/000119312525241640/ownership.xml,REFI,"Chicago Atlantic Real Estate Finance, Inc.",4,2025-10-16,46,,False,,,,,0001193125-25-241640,https://www.sec.gov/Archives/edgar/data/1867949/000119312525241640/0001193125-25-241640.txt
0001867949,https://www.sec.gov/Archives/edgar/data/1867949/000119312525241575/ownership.xml,REFI,"Chicago Atlantic Real Estate Finance, Inc.",4,2025-10-16,46,,False,,,,,0001193125-25-241575,https://www.sec.gov/Archives/edgar/data/1867949/000119312525241575/0001193125-25-241575.txt
0001867949,https://www.sec.gov/Archives/edgar/data/1867949/000119312525241569/ownership.xml,REFI,"Chicago Atlantic Real Estate Finance, Inc.",4,2025-10-16,46,,False,,,,,0001193125-25-241569,https://www.sec.gov/Archives/edgar/data/1867949/000119312525241569/0001193125-25-241569.txt
0001867949,https://www.sec.gov/Archives/edgar/data/1867949/000119312525241567/ownership.xml,REFI,"Chicago Atlantic Real Estate Finance, Inc.",4,2025-10-16,46,,False,,,,,0001193125-25-241567,https://www.sec.gov/Archives/edgar/data/1867949/000119312525241567/0001193125-25-241567.txt
0001867949,https://www.sec.gov/Archives/edgar/data/1867949/000119312525241563/ownership.xml,REFI,"Chicago Atlantic Real Estate Finance, Inc.",4,2025-10-16,46,,False,,,,,0001193125-25-241563,https://www.sec.gov/Archives/edgar/data/1867949/000119312525241563/0001193125-25-241563.txt
0001867949,https://www.sec.gov/Archives/edgar/data/1867949/000119312525227618/ownership.xml,REFI,"Chicago Atlantic Real Estate Finance, Inc.",4,2025-10-02,60,,False,,,,,0001193125-25-227618,https://www.sec.gov/Archives/edgar/data/1867949/000119312525227618/0001193125-25-227618.txt
0001867949,https://www.sec.gov/Archives/edgar/data/1867949/000121390025030641/ownership.xml,REFI,"Chicago Atlantic Real Estate Finance, Inc.",4,2025-04-10,235,,False,,,,,0001213900-25-030641,https://www.sec.gov/Archives/edgar/data/1867949/000121390025030641/0001213900-25-030641.txt
0001867949,https://www.sec.gov/Archives/edgar/data/1867949/000121390025028740/ownership.xml,REFI,"Chicago Atlantic Real Estate Finance, Inc.",4,2025-04-03,242,,False,,,,,0001213900-25-028740,https://www.sec.gov/Archives/edgar/data/1867949/000121390025028740/0001213900-25-028740.txt
0001867949,https://www.sec.gov/Archives/edgar/data/1867949/000121390025024606/ea0234574-424b5_chicago.htm,REFI,"Chicago Atlantic Real Estate Finance, Inc.",424B5,2025-03-17,259,,False,,,,,0001213900-25-024606,https://www.sec.gov/Archives/edgar/data/1867949/000121390025024606/0001213900-25-024606.txt
0001867949,https://www.sec.gov/Archives/edgar/data/1867949/000121390025105594/ea0263563-8k_chicago.htm,REFI,"Chicago Atlantic Real Estate Finance, Inc.",8-K,2025-11-04,27,,False,,,,,0001213900-25-105594,https://www.sec.gov/Archives/edgar/data/1867949/000121390025105594/0001213900-25-105594.txt
0001867949,https://www.sec.gov/Archives/edgar/data/1867949/000121390025072809/ea0251992-8k_chicago.htm,REFI,"Chicago Atlantic Real Estate Finance, Inc.",8-K,2025-08-07,116,,False,,,,,0001213900-25-072809,https://www.sec.gov/Archives/edgar/data/1867949/000121390025072809/0001213900-25-072809.txt
0001867949,https://www.sec.gov/Archives/edgar/data/1867949/000095017025088606/refi-20250613.htm,REFI,"Chicago Atlantic Real Estate Finance, Inc.",8-K,2025-06-23,161,,False,,,,,0000950170-25-088606,https://www.sec.gov/Archives/edgar/data/1867949/000095017025088606/0000950170-25-088606.txt
0001867949,https://www.sec.gov/Archives/edgar/data/1867949/000121390025040396/ea0240900-8k_chicago.htm,REFI,"Chicago Atlantic Real Estate Finance, Inc.",8-K,2025-05-07,208,,False,,,,,0001213900-25-040396,https://www.sec.gov/Archives/edgar/data/1867949/000121390025040396/0001213900-25-040396.txt
0001867949,https://www.sec.gov/Archives/edgar/data/1867949/000101376225000635/ea0234688-8k_chicago.htm,REFI,"Chicago Atlantic Real Estate Finance, Inc.",8-K,2025-03-18,258,,False,,,,,0001013762-25-000635,https://www.sec.gov/Archives/edgar/data/1867949/000101376225000635/0001013762-25-000635.txt
0001867949,https://www.sec.gov/Archives/edgar/data/1867949/000121390025022933/ea0233880-8k_chicago.htm,REFI,"Chicago Atlantic Real Estate Finance, Inc.",8-K,2025-03-12,264,,False,,,,,0001213900-25-022933,https://www.sec.gov/Archives/edgar/data/1867949/000121390025022933/0001213900-25-022933.txt
0001867949,https://www.sec.gov/Archives/edgar/data/1867949/000121390024113471/ea022630101-8k_chicago.htm,REFI,"Chicago Atlantic Real Estate Finance, Inc.",8-K,2024-12-30,336,,False,,,,,0001213900-24-113471,https://www.sec.gov/Archives/edgar/data/1867949/000121390024113471/0001213900-24-113471.txt
0001867949,https://www.sec.gov/Archives/edgar/data/1867949/000121390024109396/ea0224895-8k_chicago.htm,REFI,"Chicago Atlantic Real Estate Finance, Inc.",8-K,2024-12-16,350,,False,,,,,0001213900-24-109396,https://www.sec.gov/Archives/edgar/data/1867949/000121390024109396/0001213900-24-109396.txt
0001867949,https://www.sec.gov/Archives/edgar/data/1867949/000121390024095169/ea0220097-8k_chicago.htm,REFI,"Chicago Atlantic Real Estate Finance, Inc.",8-K,2024-11-07,389,,False,,,,,0001213900-24-095169,https://www.sec.gov/Archives/edgar/data/1867949/000121390024095169/0001213900-24-095169.txt
0001697851,https://www.sec.gov/Archives/edgar/data/1697851/000169785125000007/form3.xml,REKR,"Rekor Systems, Inc.",3,2025-11-20,11,,False,,,,,0001697851-25-000007,https://www.sec.gov/Archives/edgar/data/1697851/000169785125000007/0001697851-25-000007.txt
0001697851,https://www.sec.gov/Archives/edgar/data/1697851/000169785125000011/form4.xml,REKR,"Rekor Systems, Inc.",4,2025-11-25,6,,False,,,,,0001697851-25-000011,https://www.sec.gov/Archives/edgar/data/1697851/000169785125000011/0001697851-25-000011.txt
0001697851,https://www.sec.gov/Archives/edgar/data/1697851/000169785125000005/form4.xml,REKR,"Rekor Systems, Inc.",4,2025-11-20,11,,False,,,,,0001697851-25-000005,https://www.sec.gov/Archives/edgar/data/1697851/000169785125000005/0001697851-25-000005.txt
0001697851,https://www.sec.gov/Archives/edgar/data/1697851/000106299325015373/form4.xml,REKR,"Rekor Systems, Inc.",4,2025-09-05,87,,False,,,,,0001062993-25-015373,https://www.sec.gov/Archives/edgar/data/1697851/000106299325015373/0001062993-25-015373.txt
0001697851,https://www.sec.gov/Archives/edgar/data/1697851/000106299325007378/form4.xml,REKR,"Rekor Systems, Inc.",4,2025-04-11,234,,False,,,,,0001062993-25-007378,https://www.sec.gov/Archives/edgar/data/1697851/000106299325007378/0001062993-25-007378.txt
0001697851,https://www.sec.gov/Archives/edgar/data/1697851/000106299325006994/form4.xml,REKR,"Rekor Systems, Inc.",4,2025-04-03,242,,False,,,,,0001062993-25-006994,https://www.sec.gov/Archives/edgar/data/1697851/000106299325006994/0001062993-25-006994.txt
0001697851,https://www.sec.gov/Archives/edgar/data/1697851/000106299325006912/form4.xml,REKR,"Rekor Systems, Inc.",4,2025-04-02,243,,False,,,,,0001062993-25-006912,https://www.sec.gov/Archives/edgar/data/1697851/000106299325006912/0001062993-25-006912.txt
0001697851,https://www.sec.gov/Archives/edgar/data/1697851/000106299325006910/form4.xml,REKR,"Rekor Systems, Inc.",4,2025-04-02,243,,False,,,,,0001062993-25-006910,https://www.sec.gov/Archives/edgar/data/1697851/000106299325006910/0001062993-25-006910.txt
0001697851,https://www.sec.gov/Archives/edgar/data/1697851/000106299325005931/form4.xml,REKR,"Rekor Systems, Inc.",4,2025-03-19,257,,False,,,,,0001062993-25-005931,https://www.sec.gov/Archives/edgar/data/1697851/000106299325005931/0001062993-25-005931.txt
0001697851,https://www.sec.gov/Archives/edgar/data/1697851/000106299325005929/form4.xml,REKR,"Rekor Systems, Inc.",4,2025-03-19,257,,False,,,,,0001062993-25-005929,https://www.sec.gov/Archives/edgar/data/1697851/000106299325005929/0001062993-25-005929.txt
0001697851,https://www.sec.gov/Archives/edgar/data/1697851/000119312525023160/d848241d424b5.htm,REKR,"Rekor Systems, Inc.",424B5,2025-02-10,294,,False,,,,,0001193125-25-023160,https://www.sec.gov/Archives/edgar/data/1697851/000119312525023160/0001193125-25-023160.txt
0001697851,https://www.sec.gov/Archives/edgar/data/1697851/000143774925034859/rekr20251112_8k.htm,REKR,"Rekor Systems, Inc.",8-K,2025-11-13,18,,False,,,,,0001437749-25-034859,https://www.sec.gov/Archives/edgar/data/1697851/000143774925034859/0001437749-25-034859.txt
0001697851,https://www.sec.gov/Archives/edgar/data/1697851/000143774925030890/rekr20251013_8k.htm,REKR,"Rekor Systems, Inc.",8-K,2025-10-14,48,,False,,,,,0001437749-25-030890,https://www.sec.gov/Archives/edgar/data/1697851/000143774925030890/0001437749-25-030890.txt
0001697851,https://www.sec.gov/Archives/edgar/data/1697851/000143774925026269/rekr20250812_8k.htm,REKR,"Rekor Systems, Inc.",8-K,2025-08-12,111,,False,,,,,0001437749-25-026269,https://www.sec.gov/Archives/edgar/data/1697851/000143774925026269/0001437749-25-026269.txt
0001697851,https://www.sec.gov/Archives/edgar/data/1697851/000143774925026189/rekr20250811_8k.htm,REKR,"Rekor Systems, Inc.",8-K,2025-08-12,111,,False,,,,,0001437749-25-026189,https://www.sec.gov/Archives/edgar/data/1697851/000143774925026189/0001437749-25-026189.txt
0001697851,https://www.sec.gov/Archives/edgar/data/1697851/000143774925019603/rekr20250605_8k.htm,REKR,"Rekor Systems, Inc.",8-K,2025-06-06,178,,False,,,,,0001437749-25-019603,https://www.sec.gov/Archives/edgar/data/1697851/000143774925019603/0001437749-25-019603.txt
0001697851,https://www.sec.gov/Archives/edgar/data/1697851/000143774925019217/rekr20250602_8k.htm,REKR,"Rekor Systems, Inc.",8-K,2025-06-03,181,,False,,,,,0001437749-25-019217,https://www.sec.gov/Archives/edgar/data/1697851/000143774925019217/0001437749-25-019217.txt
0001697851,https://www.sec.gov/Archives/edgar/data/1697851/000143774925017443/rekr20250516_8k.htm,REKR,"Rekor Systems, Inc.",8-K,2025-05-16,199,,False,,,,,0001437749-25-017443,https://www.sec.gov/Archives/edgar/data/1697851/000143774925017443/0001437749-25-017443.txt
0001697851,https://www.sec.gov/Archives/edgar/data/1697851/000143774925016845/rekr20250513_8k.htm,REKR,"Rekor Systems, Inc.",8-K,2025-05-14,201,,False,,,,,0001437749-25-016845,https://www.sec.gov/Archives/edgar/data/1697851/000143774925016845/0001437749-25-016845.txt
0001697851,https://www.sec.gov/Archives/edgar/data/1697851/000143774925012696/rekr20250422_8k.htm,REKR,"Rekor Systems, Inc.",8-K,2025-04-22,223,,False,,,,,0001437749-25-012696,https://www.sec.gov/Archives/edgar/data/1697851/000143774925012696/0001437749-25-012696.txt
0001697851,https://www.sec.gov/Archives/edgar/data/1697851/000143774925011913/rekr20250414_8k.htm,REKR,"Rekor Systems, Inc.",8-K,2025-04-14,231,,False,,,,,0001437749-25-011913,https://www.sec.gov/Archives/edgar/data/1697851/000143774925011913/0001437749-25-011913.txt
0001464790,https://www.sec.gov/Archives/edgar/data/1464790/000146479025000011/rily-20241231.htm,RILY,"B. Riley Financial, Inc.",10-K,2025-09-19,73,,False,,NO_PERIODS,no inferable periods,,0001464790-25-000011,https://www.sec.gov/Archives/edgar/data/1464790/000146479025000011/0001464790-25-000011.txt
0001464790,https://www.sec.gov/Archives/edgar/data/1464790/000146479025000023/rily-20250331.htm,RILY,"B. Riley Financial, Inc.",10-Q,2025-11-18,13,,False,,NO_PERIODS,no inferable periods,,0001464790-25-000023,https://www.sec.gov/Archives/edgar/data/1464790/000146479025000023/0001464790-25-000023.txt
0001464790,https://www.sec.gov/Archives/edgar/data/1464790/000121390025051620/ownership.xml,RILY,"B. Riley Financial, Inc.",3,2025-06-05,179,,False,,,,,0001213900-25-051620,https://www.sec.gov/Archives/edgar/data/1464790/000121390025051620/0001213900-25-051620.txt
0001464790,https://www.sec.gov/Archives/edgar/data/1464790/000121390025051623/ownership.xml,RILY,"B. Riley Financial, Inc.",4,2025-06-05,179,,False,,,,,0001213900-25-051623,https://www.sec.gov/Archives/edgar/data/1464790/000121390025051623/0001213900-25-051623.txt
0001464790,https://www.sec.gov/Archives/edgar/data/1464790/000121390025051233/ownership.xml,RILY,"B. Riley Financial, Inc.",4,2025-06-04,180,,False,,,,,0001213900-25-051233,https://www.sec.gov/Archives/edgar/data/1464790/000121390025051233/0001213900-25-051233.txt
0001464790,https://www.sec.gov/Archives/edgar/data/1464790/000121390025051232/ownership.xml,RILY,"B. Riley Financial, Inc.",4,2025-06-04,180,,False,,,,,0001213900-25-051232,https://www.sec.gov/Archives/edgar/data/1464790/000121390025051232/0001213900-25-051232.txt
0001464790,https://www.sec.gov/Archives/edgar/data/1464790/000121390025051231/ownership.xml,RILY,"B. Riley Financial, Inc.",4,2025-06-04,180,,False,,,,,0001213900-25-051231,https://www.sec.gov/Archives/edgar/data/1464790/000121390025051231/0001213900-25-051231.txt
0001464790,https://www.sec.gov/Archives/edgar/data/1464790/000121390025051230/ownership.xml,RILY,"B. Riley Financial, Inc.",4,2025-06-04,180,,False,,,,,0001213900-25-051230,https://www.sec.gov/Archives/edgar/data/1464790/000121390025051230/0001213900-25-051230.txt
0001464790,https://www.sec.gov/Archives/edgar/data/1464790/000121390025051234/ownership.xml,RILY,"B. Riley Financial, Inc.",4,2025-06-04,180,,False,,,,,0001213900-25-051234,https://www.sec.gov/Archives/edgar/data/1464790/000121390025051234/0001213900-25-051234.txt
0001464790,https://www.sec.gov/Archives/edgar/data/1464790/000121390025051229/ownership.xml,RILY,"B. Riley Financial, Inc.",4,2025-06-04,180,,False,,,,,0001213900-25-051229,https://www.sec.gov/Archives/edgar/data/1464790/000121390025051229/0001213900-25-051229.txt
0001464790,https://www.sec.gov/Archives/edgar/data/1464790/000101376225000739/ownership.xml,RILY,"B. Riley Financial, Inc.",4,2025-03-18,258,,False,,,,,0001013762-25-000739,https://www.sec.gov/Archives/edgar/data/1464790/000101376225000739/0001013762-25-000739.txt
0001464790,https://www.sec.gov/Archives/edgar/data/1464790/000101376225000738/ownership.xml,RILY,"B. Riley Financial, Inc.",4,2025-03-18,258,,False,,,,,0001013762-25-000738,https://www.sec.gov/Archives/edgar/data/1464790/000101376225000738/0001013762-25-000738.txt
0001464790,https://www.sec.gov/Archives/edgar/data/1464790/000121390025115932/ea0267598-8k_briley.htm,RILY,"B. Riley Financial, Inc.",8-K,2025-11-28,3,,False,,,,,0001213900-25-115932,https://www.sec.gov/Archives/edgar/data/1464790/000121390025115932/0001213900-25-115932.txt
0001464790,https://www.sec.gov/Archives/edgar/data/1464790/000121390025112543/ea0266454-8k_briley.htm,RILY,"B. Riley Financial, Inc.",8-K,2025-11-19,12,,False,,,,,0001213900-25-112543,https://www.sec.gov/Archives/edgar/data/1464790/000121390025112543/0001213900-25-112543.txt
0001464790,https://www.sec.gov/Archives/edgar/data/1464790/000121390025110582/ea0265628-8k_briley.htm,RILY,"B. Riley Financial, Inc.",8-K,2025-11-14,17,,False,,,,,0001213900-25-110582,https://www.sec.gov/Archives/edgar/data/1464790/000121390025110582/0001213900-25-110582.txt
0001464790,https://www.sec.gov/Archives/edgar/data/1464790/000121390025107155/ea0264305-8k_briley.htm,RILY,"B. Riley Financial, Inc.",8-K,2025-11-06,25,,False,,,,,0001213900-25-107155,https://www.sec.gov/Archives/edgar/data/1464790/000121390025107155/0001213900-25-107155.txt
0001464790,https://www.sec.gov/Archives/edgar/data/1464790/000121390025098390/ea0260959-8k_briley.htm,RILY,"B. Riley Financial, Inc.",8-K,2025-10-14,48,,False,,,,,0001213900-25-098390,https://www.sec.gov/Archives/edgar/data/1464790/000121390025098390/0001213900-25-098390.txt
0001464790,https://www.sec.gov/Archives/edgar/data/1464790/000121390025096621/ea0260436-8k_briley.htm,RILY,"B. Riley Financial, Inc.",8-K,2025-10-06,56,,False,,,,,0001213900-25-096621,https://www.sec.gov/Archives/edgar/data/1464790/000121390025096621/0001213900-25-096621.txt
0001464790,https://www.sec.gov/Archives/edgar/data/1464790/000121390025087284/ea0257192-8k_briley.htm,RILY,"B. Riley Financial, Inc.",8-K,2025-09-12,80,,False,,,,,0001213900-25-087284,https://www.sec.gov/Archives/edgar/data/1464790/000121390025087284/0001213900-25-087284.txt
0001464790,https://www.sec.gov/Archives/edgar/data/1464790/000121390025080805/ea0254635-8k_briley.htm,RILY,"B. Riley Financial, Inc.",8-K,2025-08-26,97,,False,,,,,0001213900-25-080805,https://www.sec.gov/Archives/edgar/data/1464790/000121390025080805/0001213900-25-080805.txt
0001464790,https://www.sec.gov/Archives/edgar/data/1464790/000121390025079991/ea0254297-8k_briley.htm,RILY,"B. Riley Financial, Inc.",8-K,2025-08-22,101,,False,,,,,0001213900-25-079991,https://www.sec.gov/Archives/edgar/data/1464790/000121390025079991/0001213900-25-079991.txt
0001464790,https://www.sec.gov/Archives/edgar/data/1464790/000121390025075744/ea0252682-8k_briley.htm,RILY,"B. Riley Financial, Inc.",8-K,2025-08-13,110,,False,,,,,0001213900-25-075744,https://www.sec.gov/Archives/edgar/data/1464790/000121390025075744/0001213900-25-075744.txt
0001171155,https://www.sec.gov/Archives/edgar/data/1171155/000119312525203690/rlgt-20250630.htm,RLGT,"RADIANT LOGISTICS, INC",10-K,2025-09-15,77,,False,,NO_PERIODS,no inferable periods,,0001193125-25-203690,https://www.sec.gov/Archives/edgar/data/1171155/000119312525203690/0001193125-25-203690.txt
0001171155,https://www.sec.gov/Archives/edgar/data/1171155/000119312525274478/rlgt-20250930.htm,RLGT,"RADIANT LOGISTICS, INC",10-Q,2025-11-10,21,,False,,NO_PERIODS,no inferable periods,,0001193125-25-274478,https://www.sec.gov/Archives/edgar/data/1171155/000119312525274478/0001193125-25-274478.txt
0001171155,https://www.sec.gov/Archives/edgar/data/1171155/000119312525284750/ownership.xml,RLGT,"RADIANT LOGISTICS, INC",4,2025-11-17,14,,False,,,,,0001193125-25-284750,https://www.sec.gov/Archives/edgar/data/1171155/000119312525284750/0001193125-25-284750.txt
0001171155,https://www.sec.gov/Archives/edgar/data/1171155/000119312525284749/ownership.xml,RLGT,"RADIANT LOGISTICS, INC",4,2025-11-17,14,,False,,,,,0001193125-25-284749,https://www.sec.gov/Archives/edgar/data/1171155/000119312525284749/0001193125-25-284749.txt
0001171155,https://www.sec.gov/Archives/edgar/data/1171155/000119312525284748/ownership.xml,RLGT,"RADIANT LOGISTICS, INC",4,2025-11-17,14,,False,,,,,0001193125-25-284748,https://www.sec.gov/Archives/edgar/data/1171155/000119312525284748/0001193125-25-284748.txt
0001171155,https://www.sec.gov/Archives/edgar/data/1171155/000119312525205209/ownership.xml,RLGT,"RADIANT LOGISTICS, INC",4,2025-09-16,76,,False,,,,,0001193125-25-205209,https://www.sec.gov/Archives/edgar/data/1171155/000119312525205209/0001193125-25-205209.txt
0001171155,https://www.sec.gov/Archives/edgar/data/1171155/000119312525205207/ownership.xml,RLGT,"RADIANT LOGISTICS, INC",4,2025-09-16,76,,False,,,,,0001193125-25-205207,https://www.sec.gov/Archives/edgar/data/1171155/000119312525205207/0001193125-25-205207.txt
0001171155,https://www.sec.gov/Archives/edgar/data/1171155/000119312525205205/ownership.xml,RLGT,"RADIANT LOGISTICS, INC",4,2025-09-16,76,,False,,,,,0001193125-25-205205,https://www.sec.gov/Archives/edgar/data/1171155/000119312525205205/0001193125-25-205205.txt
0001171155,https://www.sec.gov/Archives/edgar/data/1171155/000119312525205204/ownership.xml,RLGT,"RADIANT LOGISTICS, INC",4,2025-09-16,76,,False,,,,,0001193125-25-205204,https://www.sec.gov/Archives/edgar/data/1171155/000119312525205204/0001193125-25-205204.txt
0001171155,https://www.sec.gov/Archives/edgar/data/1171155/000095017025091703/ownership.xml,RLGT,"RADIANT LOGISTICS, INC",4,2025-06-30,154,,False,,,,,0000950170-25-091703,https://www.sec.gov/Archives/edgar/data/1171155/000095017025091703/0000950170-25-091703.txt
0001171155,https://www.sec.gov/Archives/edgar/data/1171155/000095017025087023/ownership.xml,RLGT,"RADIANT LOGISTICS, INC",4,2025-06-16,168,,False,,,,,0000950170-25-087023,https://www.sec.gov/Archives/edgar/data/1171155/000095017025087023/0000950170-25-087023.txt
0001171155,https://www.sec.gov/Archives/edgar/data/1171155/000119312525288296/rlgt-20251113.htm,RLGT,"RADIANT LOGISTICS, INC",8-K,2025-11-19,12,,False,,,,,0001193125-25-288296,https://www.sec.gov/Archives/edgar/data/1171155/000119312525288296/0001193125-25-288296.txt
0001171155,https://www.sec.gov/Archives/edgar/data/1171155/000119312525284756/rlgt-20251117.htm,RLGT,"RADIANT LOGISTICS, INC",8-K,2025-11-17,14,,False,,,,,0001193125-25-284756,https://www.sec.gov/Archives/edgar/data/1171155/000119312525284756/0001193125-25-284756.txt
0001171155,https://www.sec.gov/Archives/edgar/data/1171155/000119312525274479/rlgt-20251110.htm,RLGT,"RADIANT LOGISTICS, INC",8-K,2025-11-10,21,,False,,,,,0001193125-25-274479,https://www.sec.gov/Archives/edgar/data/1171155/000119312525274479/0001193125-25-274479.txt
0001171155,https://www.sec.gov/Archives/edgar/data/1171155/000119312525203688/rlgt-20250915.htm,RLGT,"RADIANT LOGISTICS, INC",8-K,2025-09-15,77,,False,,,,,0001193125-25-203688,https://www.sec.gov/Archives/edgar/data/1171155/000119312525203688/0001193125-25-203688.txt
0001171155,https://www.sec.gov/Archives/edgar/data/1171155/000119312525196026/rlgt-20250904.htm,RLGT,"RADIANT LOGISTICS, INC",8-K,2025-09-04,88,,False,,,,,0001193125-25-196026,https://www.sec.gov/Archives/edgar/data/1171155/000119312525196026/0001193125-25-196026.txt
0001171155,https://www.sec.gov/Archives/edgar/data/1171155/000095017025082431/rlgt-20250603.htm,RLGT,"RADIANT LOGISTICS, INC",8-K,2025-06-05,179,,False,,,,,0000950170-25-082431,https://www.sec.gov/Archives/edgar/data/1171155/000095017025082431/0000950170-25-082431.txt
0001171155,https://www.sec.gov/Archives/edgar/data/1171155/000095017025069162/rlgt-20250512.htm,RLGT,"RADIANT LOGISTICS, INC",8-K,2025-05-12,203,,False,,,,,0000950170-25-069162,https://www.sec.gov/Archives/edgar/data/1171155/000095017025069162/0000950170-25-069162.txt
0001171155,https://www.sec.gov/Archives/edgar/data/1171155/000095017025017046/rlgt-20250210.htm,RLGT,"RADIANT LOGISTICS, INC",8-K,2025-02-10,294,,False,,,,,0000950170-25-017046,https://www.sec.gov/Archives/edgar/data/1171155/000095017025017046/0000950170-25-017046.txt
0001171155,https://www.sec.gov/Archives/edgar/data/1171155/000095017024128652/rlgt-20241115.htm,RLGT,"RADIANT LOGISTICS, INC",8-K,2024-11-19,377,,False,,,,,0000950170-24-128652,https://www.sec.gov/Archives/edgar/data/1171155/000095017024128652/0000950170-24-128652.txt
0001171155,https://www.sec.gov/Archives/edgar/data/1171155/000095017024125341/rlgt-20241112.htm,RLGT,"RADIANT LOGISTICS, INC",8-K,2024-11-12,384,,False,,,,,0000950170-24-125341,https://www.sec.gov/Archives/edgar/data/1171155/000095017024125341/0000950170-24-125341.txt
0001171155,https://www.sec.gov/Archives/edgar/data/1171155/000095017025083964/rlgt-20250603.htm,RLGT,"RADIANT LOGISTICS, INC",8-K/A,2025-06-10,174,,False,,,,,0000950170-25-083964,https://www.sec.gov/Archives/edgar/data/1171155/000095017025083964/0000950170-25-083964.txt
0001581091,https://www.sec.gov/Archives/edgar/data/1581091/000155837025001224/rmax-20241231x10k.htm,RMAX,"RE/MAX Holdings, Inc.",10-K,2025-02-20,284,,False,,NO_PERIODS,no inferable periods,,0001558370-25-001224,https://www.sec.gov/Archives/edgar/data/1581091/000155837025001224/0001558370-25-001224.txt
0001581091,https://www.sec.gov/Archives/edgar/data/1581091/000110465925104431/rmax-20250930x10q.htm,RMAX,"RE/MAX Holdings, Inc.",10-Q,2025-10-30,32,,False,,NO_PERIODS,no inferable periods,,0001104659-25-104431,https://www.sec.gov/Archives/edgar/data/1581091/000110465925104431/0001104659-25-104431.txt
0001581091,https://www.sec.gov/Archives/edgar/data/1581091/000155837025009743/rmax-20250630x10q.htm,RMAX,"RE/MAX Holdings, Inc.",10-Q,2025-07-29,125,,False,,NO_PERIODS,no inferable periods,,0001558370-25-009743,https://www.sec.gov/Archives/edgar/data/1581091/000155837025009743/0001558370-25-009743.txt
0001581091,https://www.sec.gov/Archives/edgar/data/1581091/000141588925022533/form3-08202025_110854.xml,RMAX,"RE/MAX Holdings, Inc.",3,2025-08-20,103,,False,,,,,0001415889-25-022533,https://www.sec.gov/Archives/edgar/data/1581091/000141588925022533/0001415889-25-022533.txt
0001581091,https://www.sec.gov/Archives/edgar/data/1581091/000158650525000003/form4-10032025_011039.xml,RMAX,"RE/MAX Holdings, Inc.",4,2025-10-02,60,,False,,,,,0001586505-25-000003,https://www.sec.gov/Archives/edgar/data/1581091/000158650525000003/0001586505-25-000003.txt
0001581091,https://www.sec.gov/Archives/edgar/data/1581091/000141588925022534/form4-08202025_110811.xml,RMAX,"RE/MAX Holdings, Inc.",4,2025-08-20,103,,False,,,,,0001415889-25-022534,https://www.sec.gov/Archives/edgar/data/1581091/000141588925022534/0001415889-25-022534.txt
0001581091,https://www.sec.gov/Archives/edgar/data/1581091/000139834425013240/fp0094500-1_4.xml,RMAX,"RE/MAX Holdings, Inc.",4,2025-07-17,137,,False,,,,,0001398344-25-013240,https://www.sec.gov/Archives/edgar/data/1581091/000139834425013240/0001398344-25-013240.txt
0001581091,https://www.sec.gov/Archives/edgar/data/1581091/000141588925013491/form4-05162025_060517.xml,RMAX,"RE/MAX Holdings, Inc.",4,2025-05-16,199,,False,,,,,0001415889-25-013491,https://www.sec.gov/Archives/edgar/data/1581091/000141588925013491/0001415889-25-013491.txt
0001581091,https://www.sec.gov/Archives/edgar/data/1581091/000141588925013490/form4-05162025_060515.xml,RMAX,"RE/MAX Holdings, Inc.",4,2025-05-16,199,,False,,,,,0001415889-25-013490,https://www.sec.gov/Archives/edgar/data/1581091/000141588925013490/0001415889-25-013490.txt
0001581091,https://www.sec.gov/Archives/edgar/data/1581091/000141588925013489/form4-05162025_060512.xml,RMAX,"RE/MAX Holdings, Inc.",4,2025-05-16,199,,False,,,,,0001415889-25-013489,https://www.sec.gov/Archives/edgar/data/1581091/000141588925013489/0001415889-25-013489.txt
0001581091,https://www.sec.gov/Archives/edgar/data/1581091/000141588925013488/form4-05162025_060509.xml,RMAX,"RE/MAX Holdings, Inc.",4,2025-05-16,199,,False,,,,,0001415889-25-013488,https://www.sec.gov/Archives/edgar/data/1581091/000141588925013488/0001415889-25-013488.txt
0001581091,https://www.sec.gov/Archives/edgar/data/1581091/000141588925013487/form4-05162025_060507.xml,RMAX,"RE/MAX Holdings, Inc.",4,2025-05-16,199,,False,,,,,0001415889-25-013487,https://www.sec.gov/Archives/edgar/data/1581091/000141588925013487/0001415889-25-013487.txt
0001581091,https://www.sec.gov/Archives/edgar/data/1581091/000141588925013486/form4-05162025_060504.xml,RMAX,"RE/MAX Holdings, Inc.",4,2025-05-16,199,,False,,,,,0001415889-25-013486,https://www.sec.gov/Archives/edgar/data/1581091/000141588925013486/0001415889-25-013486.txt
0001581091,https://www.sec.gov/Archives/edgar/data/1581091/000110465925104414/tm2529824d1_8k.htm,RMAX,"RE/MAX Holdings, Inc.",8-K,2025-10-30,32,,False,,,,,0001104659-25-104414,https://www.sec.gov/Archives/edgar/data/1581091/000110465925104414/0001104659-25-104414.txt
0001581091,https://www.sec.gov/Archives/edgar/data/1581091/000110465925095681/tm2527693d1_8k.htm,RMAX,"RE/MAX Holdings, Inc.",8-K,2025-10-01,61,,False,,,,,0001104659-25-095681,https://www.sec.gov/Archives/edgar/data/1581091/000110465925095681/0001104659-25-095681.txt
0001581091,https://www.sec.gov/Archives/edgar/data/1581091/000110465925071745/tm2521950d1_8k.htm,RMAX,"RE/MAX Holdings, Inc.",8-K,2025-07-29,125,,False,,,,,0001104659-25-071745,https://www.sec.gov/Archives/edgar/data/1581091/000110465925071745/0001104659-25-071745.txt
0001581091,https://www.sec.gov/Archives/edgar/data/1581091/000110465925060102/tm2518139d1_8k.htm,RMAX,"RE/MAX Holdings, Inc.",8-K,2025-06-17,167,,False,,,,,0001104659-25-060102,https://www.sec.gov/Archives/edgar/data/1581091/000110465925060102/0001104659-25-060102.txt
0001581091,https://www.sec.gov/Archives/edgar/data/1581091/000110465925051001/tm2515624d2_8k.htm,RMAX,"RE/MAX Holdings, Inc.",8-K,2025-05-20,195,,False,,,,,0001104659-25-051001,https://www.sec.gov/Archives/edgar/data/1581091/000110465925051001/0001104659-25-051001.txt
0001581091,https://www.sec.gov/Archives/edgar/data/1581091/000110465925043523/tm2513784d1_8k.htm,RMAX,"RE/MAX Holdings, Inc.",8-K,2025-05-01,214,,False,,,,,0001104659-25-043523,https://www.sec.gov/Archives/edgar/data/1581091/000110465925043523/0001104659-25-043523.txt
0001581091,https://www.sec.gov/Archives/edgar/data/1581091/000110465925029865/tm2510953d1_8k.htm,RMAX,"RE/MAX Holdings, Inc.",8-K,2025-03-31,245,,False,,,,,0001104659-25-029865,https://www.sec.gov/Archives/edgar/data/1581091/000110465925029865/0001104659-25-029865.txt
0001581091,https://www.sec.gov/Archives/edgar/data/1581091/000110465925015665/tm257135d1_8k.htm,RMAX,"RE/MAX Holdings, Inc.",8-K,2025-02-20,284,,False,,,,,0001104659-25-015665,https://www.sec.gov/Archives/edgar/data/1581091/000110465925015665/0001104659-25-015665.txt
0001581091,https://www.sec.gov/Archives/edgar/data/1581091/000110465925002028/tm252667d1_8k.htm,RMAX,"RE/MAX Holdings, Inc.",8-K,2025-01-08,327,,False,,,,,0001104659-25-002028,https://www.sec.gov/Archives/edgar/data/1581091/000110465925002028/0001104659-25-002028.txt
0001581091,https://www.sec.gov/Archives/edgar/data/1581091/000110465924113061/tm2427177d1_8k.htm,RMAX,"RE/MAX Holdings, Inc.",8-K,2024-10-31,396,,False,,,,,0001104659-24-113061,https://www.sec.gov/Archives/edgar/data/1581091/000110465924113061/0001104659-24-113061.txt
0001581091,https://www.sec.gov/Archives/edgar/data/1581091/000110465925051030/tm2515624d1_s8.htm,RMAX,"RE/MAX Holdings, Inc.",S-8,2025-05-20,195,,False,,,,,0001104659-25-051030,https://www.sec.gov/Archives/edgar/data/1581091/000110465925051030/0001104659-25-051030.txt
0001808158,https://www.sec.gov/Archives/edgar/data/1808158/000141588925011513/form3-04292025_090448.xml,RPTX,Repare Therapeutics Inc.,3,2025-04-29,216,,False,,,,,0001415889-25-011513,https://www.sec.gov/Archives/edgar/data/1808158/000141588925011513/0001415889-25-011513.txt
0001808158,https://www.sec.gov/Archives/edgar/data/1808158/000141588925011515/form4-04292025_090431.xml,RPTX,Repare Therapeutics Inc.,4,2025-04-29,216,,False,,,,,0001415889-25-011515,https://www.sec.gov/Archives/edgar/data/1808158/000141588925011515/0001415889-25-011515.txt
0001808158,https://www.sec.gov/Archives/edgar/data/1808158/000141588925010200/form4-04042025_040406.xml,RPTX,Repare Therapeutics Inc.,4,2025-04-04,241,,False,,,,,0001415889-25-010200,https://www.sec.gov/Archives/edgar/data/1808158/000141588925010200/0001415889-25-010200.txt
0001808158,https://www.sec.gov/Archives/edgar/data/1808158/000141588925008108/form4-03142025_040318.xml,RPTX,Repare Therapeutics Inc.,4,2025-03-14,262,,False,,,,,0001415889-25-008108,https://www.sec.gov/Archives/edgar/data/1808158/000141588925008108/0001415889-25-008108.txt
0001808158,https://www.sec.gov/Archives/edgar/data/1808158/000141588925008107/form4-03142025_040314.xml,RPTX,Repare Therapeutics Inc.,4,2025-03-14,262,,False,,,,,0001415889-25-008107,https://www.sec.gov/Archives/edgar/data/1808158/000141588925008107/0001415889-25-008107.txt
0001808158,https://www.sec.gov/Archives/edgar/data/1808158/000141588925008106/form4-03142025_040311.xml,RPTX,Repare Therapeutics Inc.,4,2025-03-14,262,,False,,,,,0001415889-25-008106,https://www.sec.gov/Archives/edgar/data/1808158/000141588925008106/0001415889-25-008106.txt
0001808158,https://www.sec.gov/Archives/edgar/data/1808158/000141588925008105/form4-03142025_040309.xml,RPTX,Repare Therapeutics Inc.,4,2025-03-14,262,,False,,,,,0001415889-25-008105,https://www.sec.gov/Archives/edgar/data/1808158/000141588925008105/0001415889-25-008105.txt
0001808158,https://www.sec.gov/Archives/edgar/data/1808158/000141588925007239/form4-03062025_050306.xml,RPTX,Repare Therapeutics Inc.,4,2025-03-06,270,,False,,,,,0001415889-25-007239,https://www.sec.gov/Archives/edgar/data/1808158/000141588925007239/0001415889-25-007239.txt
0001808158,https://www.sec.gov/Archives/edgar/data/1808158/000141588925007238/form4-03062025_050304.xml,RPTX,Repare Therapeutics Inc.,4,2025-03-06,270,,False,,,,,0001415889-25-007238,https://www.sec.gov/Archives/edgar/data/1808158/000141588925007238/0001415889-25-007238.txt
0001808158,https://www.sec.gov/Archives/edgar/data/1808158/000141588925007237/form4-03062025_050301.xml,RPTX,Repare Therapeutics Inc.,4,2025-03-06,270,,False,,,,,0001415889-25-007237,https://www.sec.gov/Archives/edgar/data/1808158/000141588925007237/0001415889-25-007237.txt
0001808158,https://www.sec.gov/Archives/edgar/data/1808158/000119312524252708/d876038d424b5.htm,RPTX,Repare Therapeutics Inc.,424B5,2024-11-07,389,,False,,,,,0001193125-24-252708,https://www.sec.gov/Archives/edgar/data/1808158/000119312524252708/0001193125-24-252708.txt
0001808158,https://www.sec.gov/Archives/edgar/data/1808158/000119312525284035/d920795d8k.htm,RPTX,Repare Therapeutics Inc.,8-K,2025-11-17,14,,False,,,,,0001193125-25-284035,https://www.sec.gov/Archives/edgar/data/1808158/000119312525284035/0001193125-25-284035.txt
0001808158,https://www.sec.gov/Archives/edgar/data/1808158/000119312525283314/d39095d8k.htm,RPTX,Repare Therapeutics Inc.,8-K,2025-11-14,17,,False,,,,,0001193125-25-283314,https://www.sec.gov/Archives/edgar/data/1808158/000119312525283314/0001193125-25-283314.txt
0001808158,https://www.sec.gov/Archives/edgar/data/1808158/000119312525246226/rptx-20251022.htm,RPTX,Repare Therapeutics Inc.,8-K,2025-10-22,40,,False,,,,,0001193125-25-246226,https://www.sec.gov/Archives/edgar/data/1808158/000119312525246226/0001193125-25-246226.txt
0001808158,https://www.sec.gov/Archives/edgar/data/1808158/000095017025105463/rptx-20250808.htm,RPTX,Repare Therapeutics Inc.,8-K,2025-08-08,115,,False,,,,,0000950170-25-105463,https://www.sec.gov/Archives/edgar/data/1808158/000095017025105463/0000950170-25-105463.txt
0001808158,https://www.sec.gov/Archives/edgar/data/1808158/000119312525159942/d944012d8k.htm,RPTX,Repare Therapeutics Inc.,8-K,2025-07-16,138,,False,,,,,0001193125-25-159942,https://www.sec.gov/Archives/edgar/data/1808158/000119312525159942/0001193125-25-159942.txt
0001808158,https://www.sec.gov/Archives/edgar/data/1808158/000119312525143639/d92100d8k.htm,RPTX,Repare Therapeutics Inc.,8-K,2025-06-20,164,,False,,,,,0001193125-25-143639,https://www.sec.gov/Archives/edgar/data/1808158/000119312525143639/0001193125-25-143639.txt
0001808158,https://www.sec.gov/Archives/edgar/data/1808158/000119312525142045/d939241d8k.htm,RPTX,Repare Therapeutics Inc.,8-K,2025-06-17,167,,False,,,,,0001193125-25-142045,https://www.sec.gov/Archives/edgar/data/1808158/000119312525142045/0001193125-25-142045.txt
0001808158,https://www.sec.gov/Archives/edgar/data/1808158/000095017025070324/rptx-20250513.htm,RPTX,Repare Therapeutics Inc.,8-K,2025-05-13,202,,False,,,,,0000950170-25-070324,https://www.sec.gov/Archives/edgar/data/1808158/000095017025070324/0000950170-25-070324.txt
0001808158,https://www.sec.gov/Archives/edgar/data/1808158/000119312525108730/d949495d8k.htm,RPTX,Repare Therapeutics Inc.,8-K,2025-05-01,214,,False,,,,,0001193125-25-108730,https://www.sec.gov/Archives/edgar/data/1808158/000119312525108730/0001193125-25-108730.txt
0001808158,https://www.sec.gov/Archives/edgar/data/1808158/000119312525068880/d923441d8k.htm,RPTX,Repare Therapeutics Inc.,8-K,2025-03-31,245,,False,,,,,0001193125-25-068880,https://www.sec.gov/Archives/edgar/data/1808158/000119312525068880/0001193125-25-068880.txt
0001808158,https://www.sec.gov/Archives/edgar/data/1808158/000119312525044105/d889324ds8.htm,RPTX,Repare Therapeutics Inc.,S-8,2025-03-03,273,,False,,,,,0001193125-25-044105,https://www.sec.gov/Archives/edgar/data/1808158/000119312525044105/0001193125-25-044105.txt
0001873454,https://www.sec.gov/Archives/edgar/data/1873454/000173112225000554/e6507_424b4.htm,RYET,Ruanyun Edai Technology Inc.,424B4,2025-04-09,236,,False,,,,,0001731122-25-000554,https://www.sec.gov/Archives/edgar/data/1873454/000173112225000554/0001731122-25-000554.txt
0001873454,https://www.sec.gov/Archives/edgar/data/1873454/000173112225001583/e7058_6-k.htm,RYET,Ruanyun Edai Technology Inc.,6-K,2025-11-24,7,,False,,NO_CASHFLOW,cashflow statement missing,,0001731122-25-001583,https://www.sec.gov/Archives/edgar/data/1873454/000173112225001583/0001731122-25-001583.txt
0001873454,https://www.sec.gov/Archives/edgar/data/1873454/000173112225000984/e6704_6k.htm,RYET,Ruanyun Edai Technology Inc.,6-K,2025-07-16,138,,False,,NO_CASHFLOW,cashflow statement missing,,0001731122-25-000984,https://www.sec.gov/Archives/edgar/data/1873454/000173112225000984/0001731122-25-000984.txt
0001873454,https://www.sec.gov/Archives/edgar/data/1873454/000173112225001411/e6886_s-8.htm,RYET,Ruanyun Edai Technology Inc.,S-8,2025-10-21,41,,False,,,,,0001731122-25-001411,https://www.sec.gov/Archives/edgar/data/1873454/000173112225001411/0001731122-25-001411.txt
0001551901,https://www.sec.gov/Archives/edgar/data/1551901/000110465925092346/scm-20250909x424b2.htm,SCM,Stellus Capital Investment Corp,424B2,2025-09-23,69,,False,,,,,0001104659-25-092346,https://www.sec.gov/Archives/edgar/data/1551901/000110465925092346/0001104659-25-092346.txt
0001551901,https://www.sec.gov/Archives/edgar/data/1551901/000110465925091944/scm-20250909x424b2.htm,SCM,Stellus Capital Investment Corp,424B2,2025-09-22,70,,False,,,,,0001104659-25-091944,https://www.sec.gov/Archives/edgar/data/1551901/000110465925091944/0001104659-25-091944.txt
0001551901,https://www.sec.gov/Archives/edgar/data/1551901/000141057825001937/scm-20250909x424b2.htm,SCM,Stellus Capital Investment Corp,424B2,2025-09-09,83,,False,,,,,0001410578-25-001937,https://www.sec.gov/Archives/edgar/data/1551901/000141057825001937/0001410578-25-001937.txt
0001551901,https://www.sec.gov/Archives/edgar/data/1551901/000110465925028060/scm-20250325xn2.htm,SCM,Stellus Capital Investment Corp,424B2,2025-03-26,250,,False,,,,,0001104659-25-028060,https://www.sec.gov/Archives/edgar/data/1551901/000110465925028060/0001104659-25-028060.txt
0001551901,https://www.sec.gov/Archives/edgar/data/1551901/000110465925027679/scm-20250325x424b2.htm,SCM,Stellus Capital Investment Corp,424B2,2025-03-25,251,,False,,,,,0001104659-25-027679,https://www.sec.gov/Archives/edgar/data/1551901/000110465925027679/0001104659-25-027679.txt
0001551901,https://www.sec.gov/Archives/edgar/data/1551901/000110465925115422/tm2526928d1_8k.htm,SCM,Stellus Capital Investment Corp,8-K,2025-11-24,7,,False,,,,,0001104659-25-115422,https://www.sec.gov/Archives/edgar/data/1551901/000110465925115422/0001104659-25-115422.txt
0001551901,https://www.sec.gov/Archives/edgar/data/1551901/000110465925093911/tm2526928d1_8k.htm,SCM,Stellus Capital Investment Corp,8-K,2025-09-26,66,,False,,,,,0001104659-25-093911,https://www.sec.gov/Archives/edgar/data/1551901/000110465925093911/0001104659-25-093911.txt
0001551901,https://www.sec.gov/Archives/edgar/data/1551901/000110465925090030/tm2526011d1_8k.htm,SCM,Stellus Capital Investment Corp,8-K,2025-09-15,77,,False,,,,,0001104659-25-090030,https://www.sec.gov/Archives/edgar/data/1551901/000110465925090030/0001104659-25-090030.txt
0001551901,https://www.sec.gov/Archives/edgar/data/1551901/000110465925088902/tm2525669d1_8k.htm,SCM,Stellus Capital Investment Corp,8-K,2025-09-10,82,,False,,,,,0001104659-25-088902,https://www.sec.gov/Archives/edgar/data/1551901/000110465925088902/0001104659-25-088902.txt
0001551901,https://www.sec.gov/Archives/edgar/data/1551901/000110465925084789/tm2524446d1_8k.htm,SCM,Stellus Capital Investment Corp,8-K,2025-08-28,95,,False,,,,,0001104659-25-084789,https://www.sec.gov/Archives/edgar/data/1551901/000110465925084789/0001104659-25-084789.txt
0001551901,https://www.sec.gov/Archives/edgar/data/1551901/000110465925061187/tm2518314d1_8k.htm,SCM,Stellus Capital Investment Corp,8-K,2025-06-20,164,,False,,,,,0001104659-25-061187,https://www.sec.gov/Archives/edgar/data/1551901/000110465925061187/0001104659-25-061187.txt
0001551901,https://www.sec.gov/Archives/edgar/data/1551901/000110465925031208/tm2510985d1_8k.htm,SCM,Stellus Capital Investment Corp,8-K,2025-04-02,243,,False,,,,,0001104659-25-031208,https://www.sec.gov/Archives/edgar/data/1551901/000110465925031208/0001104659-25-031208.txt
0001551901,https://www.sec.gov/Archives/edgar/data/1551901/000110465925029412/tm2510626d1_8k.htm,SCM,Stellus Capital Investment Corp,8-K,2025-03-28,248,,False,,,,,0001104659-25-029412,https://www.sec.gov/Archives/edgar/data/1551901/000110465925029412/0001104659-25-029412.txt
0001551901,https://www.sec.gov/Archives/edgar/data/1551901/000110465924113515/tm2427269d1_8k.htm,SCM,Stellus Capital Investment Corp,8-K,2024-11-01,395,,False,,,,,0001104659-24-113515,https://www.sec.gov/Archives/edgar/data/1551901/000110465924113515/0001104659-24-113515.txt
0002009684,https://www.sec.gov/Archives/edgar/data/2009684/000141588925022151/form3-08182025_110843.xml,SEG,Seaport Entertainment Group Inc.,3,2025-08-18,105,,False,,,,,0001415889-25-022151,https://www.sec.gov/Archives/edgar/data/2009684/000141588925022151/0001415889-25-022151.txt
0002009684,https://www.sec.gov/Archives/edgar/data/2009684/000166378925000004/form4-09192025_040901.xml,SEG,Seaport Entertainment Group Inc.,4,2025-09-19,73,,False,,,,,0001663789-25-000004,https://www.sec.gov/Archives/edgar/data/2009684/000166378925000004/0001663789-25-000004.txt
0002009684,https://www.sec.gov/Archives/edgar/data/2009684/000181634825000003/form4-09172025_040905.xml,SEG,Seaport Entertainment Group Inc.,4,2025-09-17,75,,False,,,,,0001816348-25-000003,https://www.sec.gov/Archives/edgar/data/2009684/000181634825000003/0001816348-25-000003.txt
0002009684,https://www.sec.gov/Archives/edgar/data/2009684/000175320725000004/form4-09172025_040903.xml,SEG,Seaport Entertainment Group Inc.,4,2025-09-17,75,,False,,,,,0001753207-25-000004,https://www.sec.gov/Archives/edgar/data/2009684/000175320725000004/0001753207-25-000004.txt
0002009684,https://www.sec.gov/Archives/edgar/data/2009684/000184855425000004/form4-09172025_040901.xml,SEG,Seaport Entertainment Group Inc.,4,2025-09-17,75,,False,,,,,0001848554-25-000004,https://www.sec.gov/Archives/edgar/data/2009684/000184855425000004/0001848554-25-000004.txt
0002009684,https://www.sec.gov/Archives/edgar/data/2009684/000141588925020967/form4-08042025_040806.xml,SEG,Seaport Entertainment Group Inc.,4,2025-08-04,119,,False,,,,,0001415889-25-020967,https://www.sec.gov/Archives/edgar/data/2009684/000141588925020967/0001415889-25-020967.txt
0002009684,https://www.sec.gov/Archives/edgar/data/2009684/000141588925020966/form4-08042025_040804.xml,SEG,Seaport Entertainment Group Inc.,4,2025-08-04,119,,False,,,,,0001415889-25-020966,https://www.sec.gov/Archives/edgar/data/2009684/000141588925020966/0001415889-25-020966.txt
0002009684,https://www.sec.gov/Archives/edgar/data/2009684/000141588925020965/form4-08042025_040801.xml,SEG,Seaport Entertainment Group Inc.,4,2025-08-04,119,,False,,,,,0001415889-25-020965,https://www.sec.gov/Archives/edgar/data/2009684/000141588925020965/0001415889-25-020965.txt
0002009684,https://www.sec.gov/Archives/edgar/data/2009684/000141588925019851/form4-07162025_040701.xml,SEG,Seaport Entertainment Group Inc.,4,2025-07-16,138,,False,,,,,0001415889-25-019851,https://www.sec.gov/Archives/edgar/data/2009684/000141588925019851/0001415889-25-019851.txt
0002009684,https://www.sec.gov/Archives/edgar/data/2009684/000141588925019852/form4-07162025_040703.xml,SEG,Seaport Entertainment Group Inc.,4,2025-07-16,138,,False,,,,,0001415889-25-019852,https://www.sec.gov/Archives/edgar/data/2009684/000141588925019852/0001415889-25-019852.txt
0002009684,https://www.sec.gov/Archives/edgar/data/2009684/000110465925109303/seg-20251110x8k.htm,SEG,Seaport Entertainment Group Inc.,8-K,2025-11-10,21,,False,,,,,0001104659-25-109303,https://www.sec.gov/Archives/edgar/data/2009684/000110465925109303/0001104659-25-109303.txt
0002009684,https://www.sec.gov/Archives/edgar/data/2009684/000155837025011994/seg-20250904x8k.htm,SEG,Seaport Entertainment Group Inc.,8-K,2025-09-10,82,,False,,,,,0001558370-25-011994,https://www.sec.gov/Archives/edgar/data/2009684/000155837025011994/0001558370-25-011994.txt
0002009684,https://www.sec.gov/Archives/edgar/data/2009684/000155837025011645/seg-20250815x8k.htm,SEG,Seaport Entertainment Group Inc.,8-K,2025-08-18,105,,False,,,,,0001558370-25-011645,https://www.sec.gov/Archives/edgar/data/2009684/000155837025011645/0001558370-25-011645.txt
0002009684,https://www.sec.gov/Archives/edgar/data/2009684/000155837025011074/seg-20250811x8k.htm,SEG,Seaport Entertainment Group Inc.,8-K,2025-08-11,112,,False,,,,,0001558370-25-011074,https://www.sec.gov/Archives/edgar/data/2009684/000155837025011074/0001558370-25-011074.txt
0002009684,https://www.sec.gov/Archives/edgar/data/2009684/000155837025009092/seg-20250630x8k.htm,SEG,Seaport Entertainment Group Inc.,8-K,2025-07-03,151,,False,,,,,0001558370-25-009092,https://www.sec.gov/Archives/edgar/data/2009684/000155837025009092/0001558370-25-009092.txt
0002009684,https://www.sec.gov/Archives/edgar/data/2009684/000155837025008831/seg-20250624x8k.htm,SEG,Seaport Entertainment Group Inc.,8-K,2025-06-24,160,,False,,,,,0001558370-25-008831,https://www.sec.gov/Archives/edgar/data/2009684/000155837025008831/0001558370-25-008831.txt
0002009684,https://www.sec.gov/Archives/edgar/data/2009684/000155837025008537/seg-20250609x8k.htm,SEG,Seaport Entertainment Group Inc.,8-K,2025-06-11,173,,False,,,,,0001558370-25-008537,https://www.sec.gov/Archives/edgar/data/2009684/000155837025008537/0001558370-25-008537.txt
0002009684,https://www.sec.gov/Archives/edgar/data/2009684/000155837025007585/seg-20250512x8k.htm,SEG,Seaport Entertainment Group Inc.,8-K,2025-05-13,202,,False,,,,,0001558370-25-007585,https://www.sec.gov/Archives/edgar/data/2009684/000155837025007585/0001558370-25-007585.txt
0002009684,https://www.sec.gov/Archives/edgar/data/2009684/000155837025004011/seg-20250328x8k.htm,SEG,Seaport Entertainment Group Inc.,8-K,2025-03-28,248,,False,,,,,0001558370-25-004011,https://www.sec.gov/Archives/edgar/data/2009684/000155837025004011/0001558370-25-004011.txt
0002009684,https://www.sec.gov/Archives/edgar/data/2009684/000155837025003627/seg-20250319x8k.htm,SEG,Seaport Entertainment Group Inc.,8-K,2025-03-25,251,,False,,,,,0001558370-25-003627,https://www.sec.gov/Archives/edgar/data/2009684/000155837025003627/0001558370-25-003627.txt
0001031235,https://www.sec.gov/Archives/edgar/data/1031235/000095017025045186/self-20241231.htm,SELF,"Global Self Storage, Inc.",10-K,2025-03-26,250,,False,,NO_PERIODS,no inferable periods,,0000950170-25-045186,https://www.sec.gov/Archives/edgar/data/1031235/000095017025045186/0000950170-25-045186.txt
0001031235,https://www.sec.gov/Archives/edgar/data/1031235/000119312525272274/self-20250930.htm,SELF,"Global Self Storage, Inc.",10-Q,2025-11-07,24,,False,,NO_PERIODS,no inferable periods,,0001193125-25-272274,https://www.sec.gov/Archives/edgar/data/1031235/000119312525272274/0001193125-25-272274.txt
0001031235,https://www.sec.gov/Archives/edgar/data/1031235/000095017025105798/self-20250630.htm,SELF,"Global Self Storage, Inc.",10-Q,2025-08-08,115,,False,,NO_PERIODS,no inferable periods,,0000950170-25-105798,https://www.sec.gov/Archives/edgar/data/1031235/000095017025105798/0000950170-25-105798.txt
0001031235,https://www.sec.gov/Archives/edgar/data/1031235/000005223425000010/primary_doc.xml,SELF,"Global Self Storage, Inc.",4,2025-12-01,0,,False,,,,,0000052234-25-000010,https://www.sec.gov/Archives/edgar/data/1031235/000005223425000010/0000052234-25-000010.txt
0001031235,https://www.sec.gov/Archives/edgar/data/1031235/000005223425000009/primary_doc.xml,SELF,"Global Self Storage, Inc.",4,2025-11-26,5,,False,,,,,0000052234-25-000009,https://www.sec.gov/Archives/edgar/data/1031235/000005223425000009/0000052234-25-000009.txt
0001031235,https://www.sec.gov/Archives/edgar/data/1031235/000005223425000008/primary_doc.xml,SELF,"Global Self Storage, Inc.",4,2025-11-24,7,,False,,,,,0000052234-25-000008,https://www.sec.gov/Archives/edgar/data/1031235/000005223425000008/0000052234-25-000008.txt
0001031235,https://www.sec.gov/Archives/edgar/data/1031235/000005223425000007/primary_doc.xml,SELF,"Global Self Storage, Inc.",4,2025-11-20,11,,False,,,,,0000052234-25-000007,https://www.sec.gov/Archives/edgar/data/1031235/000005223425000007/0000052234-25-000007.txt
0001031235,https://www.sec.gov/Archives/edgar/data/1031235/000005223425000006/primary_doc.xml,SELF,"Global Self Storage, Inc.",4,2025-11-18,13,,False,,,,,0000052234-25-000006,https://www.sec.gov/Archives/edgar/data/1031235/000005223425000006/0000052234-25-000006.txt
0001031235,https://www.sec.gov/Archives/edgar/data/1031235/000112796225000003/primary_doc.xml,SELF,"Global Self Storage, Inc.",4,2025-11-17,14,,False,,,,,0001127962-25-000003,https://www.sec.gov/Archives/edgar/data/1031235/000112796225000003/0001127962-25-000003.txt
0001031235,https://www.sec.gov/Archives/edgar/data/1031235/000166771525000003/primary_doc.xml,SELF,"Global Self Storage, Inc.",4,2025-11-17,14,,False,,,,,0001667715-25-000003,https://www.sec.gov/Archives/edgar/data/1031235/000166771525000003/0001667715-25-000003.txt
0001031235,https://www.sec.gov/Archives/edgar/data/1031235/000005223425000005/primary_doc.xml,SELF,"Global Self Storage, Inc.",4,2025-11-14,17,,False,,,,,0000052234-25-000005,https://www.sec.gov/Archives/edgar/data/1031235/000005223425000005/0000052234-25-000005.txt
0001031235,https://www.sec.gov/Archives/edgar/data/1031235/000005223425000004/primary_doc.xml,SELF,"Global Self Storage, Inc.",4,2025-11-12,19,,False,,,,,0000052234-25-000004,https://www.sec.gov/Archives/edgar/data/1031235/000005223425000004/0000052234-25-000004.txt
0001031235,https://www.sec.gov/Archives/edgar/data/1031235/000103123525000023/primary_doc.xml,SELF,"Global Self Storage, Inc.",4,2025-08-29,94,,False,,,,,0001031235-25-000023,https://www.sec.gov/Archives/edgar/data/1031235/000103123525000023/0001031235-25-000023.txt
0001031235,https://www.sec.gov/Archives/edgar/data/1031235/000077020025000018/self_424b5.htm,SELF,"Global Self Storage, Inc.",424B5,2025-04-04,241,,False,,,,,0000770200-25-000018,https://www.sec.gov/Archives/edgar/data/1031235/000077020025000018/0000770200-25-000018.txt
0001031235,https://www.sec.gov/Archives/edgar/data/1031235/000119312525272352/self-20251107.htm,SELF,"Global Self Storage, Inc.",8-K,2025-11-07,24,,False,,,,,0001193125-25-272352,https://www.sec.gov/Archives/edgar/data/1031235/000119312525272352/0001193125-25-272352.txt
0001031235,https://www.sec.gov/Archives/edgar/data/1031235/000095017025105841/self-20250808.htm,SELF,"Global Self Storage, Inc.",8-K,2025-08-08,115,,False,,,,,0000950170-25-105841,https://www.sec.gov/Archives/edgar/data/1031235/000095017025105841/0000950170-25-105841.txt
0001031235,https://www.sec.gov/Archives/edgar/data/1031235/000095017025083849/self-20250609.htm,SELF,"Global Self Storage, Inc.",8-K,2025-06-09,175,,False,,,,,0000950170-25-083849,https://www.sec.gov/Archives/edgar/data/1031235/000095017025083849/0000950170-25-083849.txt
0001031235,https://www.sec.gov/Archives/edgar/data/1031235/000095017025068019/self-20250509.htm,SELF,"Global Self Storage, Inc.",8-K,2025-05-09,206,,False,,,,,0000950170-25-068019,https://www.sec.gov/Archives/edgar/data/1031235/000095017025068019/0000950170-25-068019.txt
0001031235,https://www.sec.gov/Archives/edgar/data/1031235/000095017025051104/self-20250404.htm,SELF,"Global Self Storage, Inc.",8-K,2025-04-04,241,,False,,,,,0000950170-25-051104,https://www.sec.gov/Archives/edgar/data/1031235/000095017025051104/0000950170-25-051104.txt
0001031235,https://www.sec.gov/Archives/edgar/data/1031235/000095017025045223/self-20250326.htm,SELF,"Global Self Storage, Inc.",8-K,2025-03-26,250,,False,,,,,0000950170-25-045223,https://www.sec.gov/Archives/edgar/data/1031235/000095017025045223/0000950170-25-045223.txt
0001031235,https://www.sec.gov/Archives/edgar/data/1031235/000095017024124086/self-20241108.htm,SELF,"Global Self Storage, Inc.",8-K,2024-11-08,388,,False,,,,,0000950170-24-124086,https://www.sec.gov/Archives/edgar/data/1031235/000095017024124086/0000950170-24-124086.txt
0001031235,https://www.sec.gov/Archives/edgar/data/1031235/000077020024000035/self-s3.htm,SELF,"Global Self Storage, Inc.",S-3,2024-11-22,374,,False,,,,,0000770200-24-000035,https://www.sec.gov/Archives/edgar/data/1031235/000077020024000035/0000770200-24-000035.txt
0001448397,https://www.sec.gov/Archives/edgar/data/1448397/000114036125009905/ef20039029_20f.htm,SHIP,Seanergy Maritime Holdings Corp.,20-F,2025-03-21,255,,False,,NO_PERIODS,no inferable periods,,0001140361-25-009905,https://www.sec.gov/Archives/edgar/data/1448397/000114036125009905/0001140361-25-009905.txt
0001448397,https://www.sec.gov/Archives/edgar/data/1448397/000114036125042316/ef20058939_6k.htm,SHIP,Seanergy Maritime Holdings Corp.,6-K,2025-11-14,17,,False,,NO_CASHFLOW,cashflow statement missing,,0001140361-25-042316,https://www.sec.gov/Archives/edgar/data/1448397/000114036125042316/0001140361-25-042316.txt
0001448397,https://www.sec.gov/Archives/edgar/data/1448397/000114036125040191/ef20058174_6k.htm,SHIP,Seanergy Maritime Holdings Corp.,6-K,2025-11-03,28,,False,,NO_CASHFLOW,cashflow statement missing,,0001140361-25-040191,https://www.sec.gov/Archives/edgar/data/1448397/000114036125040191/0001140361-25-040191.txt
0001448397,https://www.sec.gov/Archives/edgar/data/1448397/000114036125037267/ef20056602_6k.htm,SHIP,Seanergy Maritime Holdings Corp.,6-K,2025-10-06,56,,False,,NO_CASHFLOW,cashflow statement missing,,0001140361-25-037267,https://www.sec.gov/Archives/edgar/data/1448397/000114036125037267/0001140361-25-037267.txt
0001448397,https://www.sec.gov/Archives/edgar/data/1448397/000114036125036127/ef20055983_6k.htm,SHIP,Seanergy Maritime Holdings Corp.,6-K,2025-09-25,67,,False,,NO_CASHFLOW,cashflow statement missing,,0001140361-25-036127,https://www.sec.gov/Archives/edgar/data/1448397/000114036125036127/0001140361-25-036127.txt
0001448397,https://www.sec.gov/Archives/edgar/data/1448397/000114036125029586/ef20050395_6k.htm,SHIP,Seanergy Maritime Holdings Corp.,6-K,2025-08-07,116,,False,,NO_PERIODS,no inferable periods,,0001140361-25-029586,https://www.sec.gov/Archives/edgar/data/1448397/000114036125029586/0001140361-25-029586.txt
0001818093,https://www.sec.gov/Archives/edgar/data/1818093/000162828025012407/skin-20241231.htm,SKIN,Beauty Health Co,10-K,2025-03-12,264,,False,,NO_CASHFLOW,operating cash flow missing,,0001628280-25-012407,https://www.sec.gov/Archives/edgar/data/1818093/000162828025012407/0001628280-25-012407.txt
0001818093,https://www.sec.gov/Archives/edgar/data/1818093/000162828025050315/skin-20250930.htm,SKIN,Beauty Health Co,10-Q,2025-11-06,25,,False,,NO_CASHFLOW,operating cash flow missing,,0001628280-25-050315,https://www.sec.gov/Archives/edgar/data/1818093/000162828025050315/0001628280-25-050315.txt
0001818093,https://www.sec.gov/Archives/edgar/data/1818093/000162828025038993/skin-20250630.htm,SKIN,Beauty Health Co,10-Q,2025-08-07,116,,False,,NO_CASHFLOW,operating cash flow missing,,0001628280-25-038993,https://www.sec.gov/Archives/edgar/data/1818093/000162828025038993/0001628280-25-038993.txt
0001818093,https://www.sec.gov/Archives/edgar/data/1818093/000162828025048236/wk-form3_1762204297.xml,SKIN,Beauty Health Co,3,2025-11-03,28,,False,,,,,0001628280-25-048236,https://www.sec.gov/Archives/edgar/data/1818093/000162828025048236/0001628280-25-048236.txt
0001818093,https://www.sec.gov/Archives/edgar/data/1818093/000162828025044804/wk-form3_1760128297.xml,SKIN,Beauty Health Co,3,2025-10-10,52,,False,,,,,0001628280-25-044804,https://www.sec.gov/Archives/edgar/data/1818093/000162828025044804/0001628280-25-044804.txt
0001818093,https://www.sec.gov/Archives/edgar/data/1818093/000162828025052601/wk-form4_1763414064.xml,SKIN,Beauty Health Co,4,2025-11-17,14,,False,,,,,0001628280-25-052601,https://www.sec.gov/Archives/edgar/data/1818093/000162828025052601/0001628280-25-052601.txt
0001818093,https://www.sec.gov/Archives/edgar/data/1818093/000162828025048959/wk-form4_1762293708.xml,SKIN,Beauty Health Co,4,2025-11-04,27,,False,,,,,0001628280-25-048959,https://www.sec.gov/Archives/edgar/data/1818093/000162828025048959/0001628280-25-048959.txt
0001818093,https://www.sec.gov/Archives/edgar/data/1818093/000162828025044806/wk-form4_1760128373.xml,SKIN,Beauty Health Co,4,2025-10-10,52,,False,,,,,0001628280-25-044806,https://www.sec.gov/Archives/edgar/data/1818093/000162828025044806/0001628280-25-044806.txt
0001818093,https://www.sec.gov/Archives/edgar/data/1818093/000162828025039897/wk-form4_1755029843.xml,SKIN,Beauty Health Co,4,2025-08-12,111,,False,,,,,0001628280-25-039897,https://www.sec.gov/Archives/edgar/data/1818093/000162828025039897/0001628280-25-039897.txt
0001818093,https://www.sec.gov/Archives/edgar/data/1818093/000162828025032139/wk-form4_1750278699.xml,SKIN,Beauty Health Co,4,2025-06-18,166,,False,,,,,0001628280-25-032139,https://www.sec.gov/Archives/edgar/data/1818093/000162828025032139/0001628280-25-032139.txt
0001818093,https://www.sec.gov/Archives/edgar/data/1818093/000162828025032138/wk-form4_1750278627.xml,SKIN,Beauty Health Co,4,2025-06-18,166,,False,,,,,0001628280-25-032138,https://www.sec.gov/Archives/edgar/data/1818093/000162828025032138/0001628280-25-032138.txt
0001818093,https://www.sec.gov/Archives/edgar/data/1818093/000162828025032135/wk-form4_1750278491.xml,SKIN,Beauty Health Co,4,2025-06-18,166,,False,,,,,0001628280-25-032135,https://www.sec.gov/Archives/edgar/data/1818093/000162828025032135/0001628280-25-032135.txt
0001818093,https://www.sec.gov/Archives/edgar/data/1818093/000162828025032140/wk-form4_1750278769.xml,SKIN,Beauty Health Co,4,2025-06-18,166,,False,,,,,0001628280-25-032140,https://www.sec.gov/Archives/edgar/data/1818093/000162828025032140/0001628280-25-032140.txt
0001818093,https://www.sec.gov/Archives/edgar/data/1818093/000162828025050171/skin-20251106.htm,SKIN,Beauty Health Co,8-K,2025-11-06,25,,False,,,,,0001628280-25-050171,https://www.sec.gov/Archives/edgar/data/1818093/000162828025050171/0001628280-25-050171.txt
0001818093,https://www.sec.gov/Archives/edgar/data/1818093/000162828025048229/skin-20251030.htm,SKIN,Beauty Health Co,8-K,2025-11-03,28,,False,,,,,0001628280-25-048229,https://www.sec.gov/Archives/edgar/data/1818093/000162828025048229/0001628280-25-048229.txt
0001818093,https://www.sec.gov/Archives/edgar/data/1818093/000162828025043256/skin-20250926.htm,SKIN,Beauty Health Co,8-K,2025-09-30,62,,False,,,,,0001628280-25-043256,https://www.sec.gov/Archives/edgar/data/1818093/000162828025043256/0001628280-25-043256.txt
0001818093,https://www.sec.gov/Archives/edgar/data/1818093/000168316825006690/skin_8k.htm,SKIN,Beauty Health Co,8-K,2025-09-04,88,,False,,,,,0001683168-25-006690,https://www.sec.gov/Archives/edgar/data/1818093/000168316825006690/0001683168-25-006690.txt
0001818093,https://www.sec.gov/Archives/edgar/data/1818093/000162828025038879/skin-20250807.htm,SKIN,Beauty Health Co,8-K,2025-08-07,116,,False,,,,,0001628280-25-038879,https://www.sec.gov/Archives/edgar/data/1818093/000162828025038879/0001628280-25-038879.txt
0001818093,https://www.sec.gov/Archives/edgar/data/1818093/000162828025037230/skin-20250731.htm,SKIN,Beauty Health Co,8-K,2025-08-01,122,,False,,,,,0001628280-25-037230,https://www.sec.gov/Archives/edgar/data/1818093/000162828025037230/0001628280-25-037230.txt
0001818093,https://www.sec.gov/Archives/edgar/data/1818093/000162828025031820/skin-20250612.htm,SKIN,Beauty Health Co,8-K,2025-06-17,167,,False,,,,,0001628280-25-031820,https://www.sec.gov/Archives/edgar/data/1818093/000162828025031820/0001628280-25-031820.txt
0001818093,https://www.sec.gov/Archives/edgar/data/1818093/000168316825004033/skin_8k.htm,SKIN,Beauty Health Co,8-K,2025-05-27,188,,False,,,,,0001683168-25-004033,https://www.sec.gov/Archives/edgar/data/1818093/000168316825004033/0001683168-25-004033.txt
0001818093,https://www.sec.gov/Archives/edgar/data/1818093/000168316825003922/skin_8k.htm,SKIN,Beauty Health Co,8-K,2025-05-21,194,,False,,,,,0001683168-25-003922,https://www.sec.gov/Archives/edgar/data/1818093/000168316825003922/0001683168-25-003922.txt
0001818093,https://www.sec.gov/Archives/edgar/data/1818093/000162828025023780/skin-20250508.htm,SKIN,Beauty Health Co,8-K,2025-05-08,207,,False,,,,,0001628280-25-023780,https://www.sec.gov/Archives/edgar/data/1818093/000162828025023780/0001628280-25-023780.txt
0001818093,https://www.sec.gov/Archives/edgar/data/1818093/000162828025045385/skin-20250926.htm,SKIN,Beauty Health Co,8-K/A,2025-10-17,45,,False,,,,,0001628280-25-045385,https://www.sec.gov/Archives/edgar/data/1818093/000162828025045385/0001628280-25-045385.txt
0001883814,https://www.sec.gov/Archives/edgar/data/1883814/000155837025002183/slnd-20241231x10k.htm,SLND,"Southland Holdings, Inc.",10-K,2025-03-04,272,,False,,NO_PERIODS,no inferable periods,,0001558370-25-002183,https://www.sec.gov/Archives/edgar/data/1883814/000155837025002183/0001558370-25-002183.txt
0001883814,https://www.sec.gov/Archives/edgar/data/1883814/000110465925110523/slnd-20250930x10q.htm,SLND,"Southland Holdings, Inc.",10-Q,2025-11-12,19,,False,,NO_PERIODS,no inferable periods,,0001104659-25-110523,https://www.sec.gov/Archives/edgar/data/1883814/000110465925110523/0001104659-25-110523.txt
0001883814,https://www.sec.gov/Archives/edgar/data/1883814/000155837025011241/slnd-20250630x10q.htm,SLND,"Southland Holdings, Inc.",10-Q,2025-08-12,111,,False,,NO_PERIODS,no inferable periods,,0001558370-25-011241,https://www.sec.gov/Archives/edgar/data/1883814/000155837025011241/0001558370-25-011241.txt
0001883814,https://www.sec.gov/Archives/edgar/data/1883814/000141588925018210/form3-06252025_090639.xml,SLND,"Southland Holdings, Inc.",3,2025-06-25,159,,False,,,,,0001415889-25-018210,https://www.sec.gov/Archives/edgar/data/1883814/000141588925018210/0001415889-25-018210.txt
0001883814,https://www.sec.gov/Archives/edgar/data/1883814/000196592625000003/form4-11142025_081101.xml,SLND,"Southland Holdings, Inc.",4,2025-11-14,17,,False,,,,,0001965926-25-000003,https://www.sec.gov/Archives/edgar/data/1883814/000196592625000003/0001965926-25-000003.txt
0001883814,https://www.sec.gov/Archives/edgar/data/1883814/000141588925022394/form4-08192025_080801.xml,SLND,"Southland Holdings, Inc.",4,2025-08-19,104,,False,,,,,0001415889-25-022394,https://www.sec.gov/Archives/edgar/data/1883814/000141588925022394/0001415889-25-022394.txt
0001883814,https://www.sec.gov/Archives/edgar/data/1883814/000141588925018458/form4-06272025_080601.xml,SLND,"Southland Holdings, Inc.",4,2025-06-27,157,,False,,,,,0001415889-25-018458,https://www.sec.gov/Archives/edgar/data/1883814/000141588925018458/0001415889-25-018458.txt
0001883814,https://www.sec.gov/Archives/edgar/data/1883814/000141588925018454/form4-06272025_080602.xml,SLND,"Southland Holdings, Inc.",4,2025-06-27,157,,False,,,,,0001415889-25-018454,https://www.sec.gov/Archives/edgar/data/1883814/000141588925018454/0001415889-25-018454.txt
0001883814,https://www.sec.gov/Archives/edgar/data/1883814/000141588925018451/form4-06272025_080603.xml,SLND,"Southland Holdings, Inc.",4,2025-06-27,157,,False,,,,,0001415889-25-018451,https://www.sec.gov/Archives/edgar/data/1883814/000141588925018451/0001415889-25-018451.txt
0001883814,https://www.sec.gov/Archives/edgar/data/1883814/000141588925018322/form4-06262025_080611.xml,SLND,"Southland Holdings, Inc.",4,2025-06-26,158,,False,,,,,0001415889-25-018322,https://www.sec.gov/Archives/edgar/data/1883814/000141588925018322/0001415889-25-018322.txt
0001883814,https://www.sec.gov/Archives/edgar/data/1883814/000141588925017631/form4-06172025_080601.xml,SLND,"Southland Holdings, Inc.",4,2025-06-17,167,,False,,,,,0001415889-25-017631,https://www.sec.gov/Archives/edgar/data/1883814/000141588925017631/0001415889-25-017631.txt
0001883814,https://www.sec.gov/Archives/edgar/data/1883814/000141588925017630/form4-06172025_080601.xml,SLND,"Southland Holdings, Inc.",4,2025-06-17,167,,False,,,,,0001415889-25-017630,https://www.sec.gov/Archives/edgar/data/1883814/000141588925017630/0001415889-25-017630.txt
0001883814,https://www.sec.gov/Archives/edgar/data/1883814/000141588925017623/form4-06172025_080602.xml,SLND,"Southland Holdings, Inc.",4,2025-06-17,167,,False,,,,,0001415889-25-017623,https://www.sec.gov/Archives/edgar/data/1883814/000141588925017623/0001415889-25-017623.txt
0001883814,https://www.sec.gov/Archives/edgar/data/1883814/000182912625003846/southlandhold_424b3.htm,SLND,"Southland Holdings, Inc.",424B3,2025-05-20,195,,False,,,,,0001829126-25-003846,https://www.sec.gov/Archives/edgar/data/1883814/000182912625003846/0001829126-25-003846.txt
0001883814,https://www.sec.gov/Archives/edgar/data/1883814/000182912625009058/southland_8k.htm,SLND,"Southland Holdings, Inc.",8-K,2025-11-12,19,,False,,,,,0001829126-25-009058,https://www.sec.gov/Archives/edgar/data/1883814/000182912625009058/0001829126-25-009058.txt
0001883814,https://www.sec.gov/Archives/edgar/data/1883814/000182912625006125/southland_8k.htm,SLND,"Southland Holdings, Inc.",8-K,2025-08-12,111,,False,,,,,0001829126-25-006125,https://www.sec.gov/Archives/edgar/data/1883814/000182912625006125/0001829126-25-006125.txt
0001883814,https://www.sec.gov/Archives/edgar/data/1883814/000182912625004623/southland_8k.htm,SLND,"Southland Holdings, Inc.",8-K,2025-06-20,164,,False,,,,,0001829126-25-004623,https://www.sec.gov/Archives/edgar/data/1883814/000182912625004623/0001829126-25-004623.txt
0001883814,https://www.sec.gov/Archives/edgar/data/1883814/000182912625003876/southland_8k.htm,SLND,"Southland Holdings, Inc.",8-K,2025-05-21,194,,False,,,,,0001829126-25-003876,https://www.sec.gov/Archives/edgar/data/1883814/000182912625003876/0001829126-25-003876.txt
0001883814,https://www.sec.gov/Archives/edgar/data/1883814/000182912625003626/southland_8k.htm,SLND,"Southland Holdings, Inc.",8-K,2025-05-13,202,,False,,,,,0001829126-25-003626,https://www.sec.gov/Archives/edgar/data/1883814/000182912625003626/0001829126-25-003626.txt
0001883814,https://www.sec.gov/Archives/edgar/data/1883814/000182912625002166/southland_8k.htm,SLND,"Southland Holdings, Inc.",8-K,2025-03-28,248,,False,,,,,0001829126-25-002166,https://www.sec.gov/Archives/edgar/data/1883814/000182912625002166/0001829126-25-002166.txt
0001883814,https://www.sec.gov/Archives/edgar/data/1883814/000182912625001908/southlandhold_8k.htm,SLND,"Southland Holdings, Inc.",8-K,2025-03-19,257,,False,,,,,0001829126-25-001908,https://www.sec.gov/Archives/edgar/data/1883814/000182912625001908/0001829126-25-001908.txt
0001883814,https://www.sec.gov/Archives/edgar/data/1883814/000182912625001452/southlandhold_8k.htm,SLND,"Southland Holdings, Inc.",8-K,2025-03-04,272,,False,,,,,0001829126-25-001452,https://www.sec.gov/Archives/edgar/data/1883814/000182912625001452/0001829126-25-001452.txt
0001883814,https://www.sec.gov/Archives/edgar/data/1883814/000182912624008602/southlandhold_8k.htm,SLND,"Southland Holdings, Inc.",8-K,2024-12-30,336,,False,,,,,0001829126-24-008602,https://www.sec.gov/Archives/edgar/data/1883814/000182912624008602/0001829126-24-008602.txt
0001883814,https://www.sec.gov/Archives/edgar/data/1883814/000182912624007428/southlandhold_8k.htm,SLND,"Southland Holdings, Inc.",8-K,2024-11-12,384,,False,,,,,0001829126-24-007428,https://www.sec.gov/Archives/edgar/data/1883814/000182912624007428/0001829126-24-007428.txt
0001883814,https://www.sec.gov/Archives/edgar/data/1883814/000182912625001484/southlandhold_s3.htm,SLND,"Southland Holdings, Inc.",S-3,2025-03-05,271,,False,,,,,0001829126-25-001484,https://www.sec.gov/Archives/edgar/data/1883814/000182912625001484/0001829126-25-001484.txt
0001883814,https://www.sec.gov/Archives/edgar/data/1883814/000182912625003583/southlandhold_s3a.htm,SLND,"Southland Holdings, Inc.",S-3/A,2025-05-12,203,,False,,,,,0001829126-25-003583,https://www.sec.gov/Archives/edgar/data/1883814/000182912625003583/0001829126-25-003583.txt
0001794783,https://www.sec.gov/Archives/edgar/data/1794783/000179478325000110/wk-form4_1763080008.xml,SLQT,"SelectQuote, Inc.",4,2025-11-13,18,,False,,,,,0001794783-25-000110,https://www.sec.gov/Archives/edgar/data/1794783/000179478325000110/0001794783-25-000110.txt
0001794783,https://www.sec.gov/Archives/edgar/data/1794783/000179478325000108/wk-form4_1763079994.xml,SLQT,"SelectQuote, Inc.",4,2025-11-13,18,,False,,,,,0001794783-25-000108,https://www.sec.gov/Archives/edgar/data/1794783/000179478325000108/0001794783-25-000108.txt
0001794783,https://www.sec.gov/Archives/edgar/data/1794783/000179478325000107/wk-form4_1763079988.xml,SLQT,"SelectQuote, Inc.",4,2025-11-13,18,,False,,,,,0001794783-25-000107,https://www.sec.gov/Archives/edgar/data/1794783/000179478325000107/0001794783-25-000107.txt
0001794783,https://www.sec.gov/Archives/edgar/data/1794783/000179478325000106/wk-form4_1763079981.xml,SLQT,"SelectQuote, Inc.",4,2025-11-13,18,,False,,,,,0001794783-25-000106,https://www.sec.gov/Archives/edgar/data/1794783/000179478325000106/0001794783-25-000106.txt
0001794783,https://www.sec.gov/Archives/edgar/data/1794783/000119312525280427/ownership.xml,SLQT,"SelectQuote, Inc.",4,2025-11-13,18,,False,,,,,0001193125-25-280427,https://www.sec.gov/Archives/edgar/data/1794783/000119312525280427/0001193125-25-280427.txt
0001794783,https://www.sec.gov/Archives/edgar/data/1794783/000179478325000109/wk-form4_1763080002.xml,SLQT,"SelectQuote, Inc.",4,2025-11-13,18,,False,,,,,0001794783-25-000109,https://www.sec.gov/Archives/edgar/data/1794783/000179478325000109/0001794783-25-000109.txt
0001794783,https://www.sec.gov/Archives/edgar/data/1794783/000179478325000064/wk-form4_1754443463.xml,SLQT,"SelectQuote, Inc.",4,2025-08-05,118,,False,,,,,0001794783-25-000064,https://www.sec.gov/Archives/edgar/data/1794783/000179478325000064/0001794783-25-000064.txt
0001794783,https://www.sec.gov/Archives/edgar/data/1794783/000179478325000061/wk-form4_1754443440.xml,SLQT,"SelectQuote, Inc.",4,2025-08-05,118,,False,,,,,0001794783-25-000061,https://www.sec.gov/Archives/edgar/data/1794783/000179478325000061/0001794783-25-000061.txt
0001794783,https://www.sec.gov/Archives/edgar/data/1794783/000179478325000062/wk-form4_1754443448.xml,SLQT,"SelectQuote, Inc.",4,2025-08-05,118,,False,,,,,0001794783-25-000062,https://www.sec.gov/Archives/edgar/data/1794783/000179478325000062/0001794783-25-000062.txt
0001794783,https://www.sec.gov/Archives/edgar/data/1794783/000179478325000063/wk-form4_1754443456.xml,SLQT,"SelectQuote, Inc.",4,2025-08-05,118,,False,,,,,0001794783-25-000063,https://www.sec.gov/Archives/edgar/data/1794783/000179478325000063/0001794783-25-000063.txt
0001794783,https://www.sec.gov/Archives/edgar/data/1794783/000179478325000112/slqt-20251111.htm,SLQT,"SelectQuote, Inc.",8-K,2025-11-14,17,,False,,,,,0001794783-25-000112,https://www.sec.gov/Archives/edgar/data/1794783/000179478325000112/0001794783-25-000112.txt
0001794783,https://www.sec.gov/Archives/edgar/data/1794783/000179478325000093/slqt-20251106.htm,SLQT,"SelectQuote, Inc.",8-K,2025-11-06,25,,False,,,,,0001794783-25-000093,https://www.sec.gov/Archives/edgar/data/1794783/000179478325000093/0001794783-25-000093.txt
0001794783,https://www.sec.gov/Archives/edgar/data/1794783/000179478325000072/slqt-20250821.htm,SLQT,"SelectQuote, Inc.",8-K,2025-08-21,102,,False,,,,,0001794783-25-000072,https://www.sec.gov/Archives/edgar/data/1794783/000179478325000072/0001794783-25-000072.txt
0001794783,https://www.sec.gov/Archives/edgar/data/1794783/000179478325000050/slqt-20250725.htm,SLQT,"SelectQuote, Inc.",8-K,2025-07-29,125,,False,,,,,0001794783-25-000050,https://www.sec.gov/Archives/edgar/data/1794783/000179478325000050/0001794783-25-000050.txt
0001794783,https://www.sec.gov/Archives/edgar/data/1794783/000162828025034079/slqt-20250701.htm,SLQT,"SelectQuote, Inc.",8-K,2025-07-02,152,,False,,,,,0001628280-25-034079,https://www.sec.gov/Archives/edgar/data/1794783/000162828025034079/0001628280-25-034079.txt
0001794783,https://www.sec.gov/Archives/edgar/data/1794783/000179478325000043/slqt-20250512.htm,SLQT,"SelectQuote, Inc.",8-K,2025-05-12,203,,False,,,,,0001794783-25-000043,https://www.sec.gov/Archives/edgar/data/1794783/000179478325000043/0001794783-25-000043.txt
0001794783,https://www.sec.gov/Archives/edgar/data/1794783/000179478325000014/slqt-20250228.htm,SLQT,"SelectQuote, Inc.",8-K,2025-02-28,276,,False,,,,,0001794783-25-000014,https://www.sec.gov/Archives/edgar/data/1794783/000179478325000014/0001794783-25-000014.txt
0001794783,https://www.sec.gov/Archives/edgar/data/1794783/000179478325000008/slqt-20250210.htm,SLQT,"SelectQuote, Inc.",8-K,2025-02-10,294,,False,,,,,0001794783-25-000008,https://www.sec.gov/Archives/edgar/data/1794783/000179478325000008/0001794783-25-000008.txt
0001794783,https://www.sec.gov/Archives/edgar/data/1794783/000179478324000114/slqt-20241112.htm,SLQT,"SelectQuote, Inc.",8-K,2024-11-18,378,,False,,,,,0001794783-24-000114,https://www.sec.gov/Archives/edgar/data/1794783/000179478324000114/0001794783-24-000114.txt
0001794783,https://www.sec.gov/Archives/edgar/data/1794783/000179478324000097/slqt-20241104.htm,SLQT,"SelectQuote, Inc.",8-K,2024-11-04,392,,False,,,,,0001794783-24-000097,https://www.sec.gov/Archives/edgar/data/1794783/000179478324000097/0001794783-24-000097.txt
0001794783,https://www.sec.gov/Archives/edgar/data/1794783/000179478325000080/slqt-20250821.htm,SLQT,"SelectQuote, Inc.",8-K/A,2025-08-21,102,,False,,,,,0001794783-25-000080,https://www.sec.gov/Archives/edgar/data/1794783/000179478325000080/0001794783-25-000080.txt
0001794783,https://www.sec.gov/Archives/edgar/data/1794783/000179478325000099/s-8xevergreenfy26.htm,SLQT,"SelectQuote, Inc.",S-8,2025-11-07,24,,False,,,,,0001794783-25-000099,https://www.sec.gov/Archives/edgar/data/1794783/000179478325000099/0001794783-25-000099.txt
0001794783,https://www.sec.gov/Archives/edgar/data/1794783/000179478324000074/s-8xevergreenfy25.htm,SLQT,"SelectQuote, Inc.",S-8,2024-10-28,399,,False,,,,,0001794783-24-000074,https://www.sec.gov/Archives/edgar/data/1794783/000179478324000074/0001794783-24-000074.txt
0001390478,https://www.sec.gov/Archives/edgar/data/1390478/000110465925114806/tm2531880-1_4seq1.xml,SLS,"SELLAS Life Sciences Group, Inc.",4,2025-11-21,10,,False,,,,,0001104659-25-114806,https://www.sec.gov/Archives/edgar/data/1390478/000110465925114806/0001104659-25-114806.txt
0001390478,https://www.sec.gov/Archives/edgar/data/1390478/000110465925059166/tm2517920-1_4seq1.xml,SLS,"SELLAS Life Sciences Group, Inc.",4,2025-06-13,171,,False,,,,,0001104659-25-059166,https://www.sec.gov/Archives/edgar/data/1390478/000110465925059166/0001104659-25-059166.txt
0001390478,https://www.sec.gov/Archives/edgar/data/1390478/000110465925055495/tm2516957-1_4seq1.xml,SLS,"SELLAS Life Sciences Group, Inc.",4,2025-06-02,182,,False,,,,,0001104659-25-055495,https://www.sec.gov/Archives/edgar/data/1390478/000110465925055495/0001104659-25-055495.txt
0001390478,https://www.sec.gov/Archives/edgar/data/1390478/000110465925051980/tm2515989-1_4seq1.xml,SLS,"SELLAS Life Sciences Group, Inc.",4,2025-05-22,193,,False,,,,,0001104659-25-051980,https://www.sec.gov/Archives/edgar/data/1390478/000110465925051980/0001104659-25-051980.txt
0001390478,https://www.sec.gov/Archives/edgar/data/1390478/000110465925102602/tm2529505d2_424b5.htm,SLS,"SELLAS Life Sciences Group, Inc.",424B5,2025-10-27,35,,False,,,,,0001104659-25-102602,https://www.sec.gov/Archives/edgar/data/1390478/000110465925102602/0001104659-25-102602.txt
0001390478,https://www.sec.gov/Archives/edgar/data/1390478/000110465925007097/tm254790d2_424b5.htm,SLS,"SELLAS Life Sciences Group, Inc.",424B5,2025-01-29,306,,False,,,,,0001104659-25-007097,https://www.sec.gov/Archives/edgar/data/1390478/000110465925007097/0001104659-25-007097.txt
0001390478,https://www.sec.gov/Archives/edgar/data/1390478/000139047825000021/sls-20251112.htm,SLS,"SELLAS Life Sciences Group, Inc.",8-K,2025-11-12,19,,False,,,,,0001390478-25-000021,https://www.sec.gov/Archives/edgar/data/1390478/000139047825000021/0001390478-25-000021.txt
0001390478,https://www.sec.gov/Archives/edgar/data/1390478/000110465925102345/tm2529505d1_8k.htm,SLS,"SELLAS Life Sciences Group, Inc.",8-K,2025-10-27,35,,False,,,,,0001104659-25-102345,https://www.sec.gov/Archives/edgar/data/1390478/000110465925102345/0001104659-25-102345.txt
0001390478,https://www.sec.gov/Archives/edgar/data/1390478/000110465925096643/tm2527877d1_8k.htm,SLS,"SELLAS Life Sciences Group, Inc.",8-K,2025-10-03,59,,False,,,,,0001104659-25-096643,https://www.sec.gov/Archives/edgar/data/1390478/000110465925096643/0001104659-25-096643.txt
0001390478,https://www.sec.gov/Archives/edgar/data/1390478/000110465925089272/tm2525854d1_8k.htm,SLS,"SELLAS Life Sciences Group, Inc.",8-K,2025-09-11,81,,False,,,,,0001104659-25-089272,https://www.sec.gov/Archives/edgar/data/1390478/000110465925089272/0001104659-25-089272.txt
0001390478,https://www.sec.gov/Archives/edgar/data/1390478/000139047825000017/sls-20250812.htm,SLS,"SELLAS Life Sciences Group, Inc.",8-K,2025-08-12,111,,False,,,,,0001390478-25-000017,https://www.sec.gov/Archives/edgar/data/1390478/000139047825000017/0001390478-25-000017.txt
0001390478,https://www.sec.gov/Archives/edgar/data/1390478/000110465925060704/tm2518346d1_8k.htm,SLS,"SELLAS Life Sciences Group, Inc.",8-K,2025-06-18,166,,False,,,,,0001104659-25-060704,https://www.sec.gov/Archives/edgar/data/1390478/000110465925060704/0001104659-25-060704.txt
0001390478,https://www.sec.gov/Archives/edgar/data/1390478/000110465925057308/tm2517225d1_8k.htm,SLS,"SELLAS Life Sciences Group, Inc.",8-K,2025-06-06,178,,False,,,,,0001104659-25-057308,https://www.sec.gov/Archives/edgar/data/1390478/000110465925057308/0001104659-25-057308.txt
0001390478,https://www.sec.gov/Archives/edgar/data/1390478/000139047825000009/sls-20250513.htm,SLS,"SELLAS Life Sciences Group, Inc.",8-K,2025-05-13,202,,False,,,,,0001390478-25-000009,https://www.sec.gov/Archives/edgar/data/1390478/000139047825000009/0001390478-25-000009.txt
0001390478,https://www.sec.gov/Archives/edgar/data/1390478/000139047825000004/sls-20250320.htm,SLS,"SELLAS Life Sciences Group, Inc.",8-K,2025-03-20,256,,False,,,,,0001390478-25-000004,https://www.sec.gov/Archives/edgar/data/1390478/000139047825000004/0001390478-25-000004.txt
0001390478,https://www.sec.gov/Archives/edgar/data/1390478/000110465925007049/tm254790d1_8k.htm,SLS,"SELLAS Life Sciences Group, Inc.",8-K,2025-01-29,306,,False,,,,,0001104659-25-007049,https://www.sec.gov/Archives/edgar/data/1390478/000110465925007049/0001104659-25-007049.txt
0001390478,https://www.sec.gov/Archives/edgar/data/1390478/000110465925098711/tm2528102d1_s3.htm,SLS,"SELLAS Life Sciences Group, Inc.",S-3,2025-10-10,52,,False,,,,,0001104659-25-098711,https://www.sec.gov/Archives/edgar/data/1390478/000110465925098711/0001104659-25-098711.txt
0001390478,https://www.sec.gov/Archives/edgar/data/1390478/000110465925076886/tm2523289d1_s8.htm,SLS,"SELLAS Life Sciences Group, Inc.",S-8,2025-08-12,111,,False,,,,,0001104659-25-076886,https://www.sec.gov/Archives/edgar/data/1390478/000110465925076886/0001104659-25-076886.txt
0001690334,https://www.sec.gov/Archives/edgar/data/1690334/000119312525278062/ownership.xml,SMHI,SEACOR Marine Holdings Inc.,4,2025-11-12,19,,False,,,,,0001193125-25-278062,https://www.sec.gov/Archives/edgar/data/1690334/000119312525278062/0001193125-25-278062.txt
0001690334,https://www.sec.gov/Archives/edgar/data/1690334/000119312525278053/ownership.xml,SMHI,SEACOR Marine Holdings Inc.,4,2025-11-12,19,,False,,,,,0001193125-25-278053,https://www.sec.gov/Archives/edgar/data/1690334/000119312525278053/0001193125-25-278053.txt
0001690334,https://www.sec.gov/Archives/edgar/data/1690334/000095017025082411/ownership.xml,SMHI,SEACOR Marine Holdings Inc.,4,2025-06-05,179,,False,,,,,0000950170-25-082411,https://www.sec.gov/Archives/edgar/data/1690334/000095017025082411/0000950170-25-082411.txt
0001690334,https://www.sec.gov/Archives/edgar/data/1690334/000095017025082409/ownership.xml,SMHI,SEACOR Marine Holdings Inc.,4,2025-06-05,179,,False,,,,,0000950170-25-082409,https://www.sec.gov/Archives/edgar/data/1690334/000095017025082409/0000950170-25-082409.txt
0001690334,https://www.sec.gov/Archives/edgar/data/1690334/000095017025082410/ownership.xml,SMHI,SEACOR Marine Holdings Inc.,4,2025-06-05,179,,False,,,,,0000950170-25-082410,https://www.sec.gov/Archives/edgar/data/1690334/000095017025082410/0000950170-25-082410.txt
0001690334,https://www.sec.gov/Archives/edgar/data/1690334/000095017025082405/ownership.xml,SMHI,SEACOR Marine Holdings Inc.,4,2025-06-05,179,,False,,,,,0000950170-25-082405,https://www.sec.gov/Archives/edgar/data/1690334/000095017025082405/0000950170-25-082405.txt
0001690334,https://www.sec.gov/Archives/edgar/data/1690334/000095017025082403/ownership.xml,SMHI,SEACOR Marine Holdings Inc.,4,2025-06-05,179,,False,,,,,0000950170-25-082403,https://www.sec.gov/Archives/edgar/data/1690334/000095017025082403/0000950170-25-082403.txt
0001690334,https://www.sec.gov/Archives/edgar/data/1690334/000095017025038092/ownership.xml,SMHI,SEACOR Marine Holdings Inc.,4,2025-03-12,264,,False,,,,,0000950170-25-038092,https://www.sec.gov/Archives/edgar/data/1690334/000095017025038092/0000950170-25-038092.txt
0001690334,https://www.sec.gov/Archives/edgar/data/1690334/000095017025038091/ownership.xml,SMHI,SEACOR Marine Holdings Inc.,4,2025-03-12,264,,False,,,,,0000950170-25-038091,https://www.sec.gov/Archives/edgar/data/1690334/000095017025038091/0000950170-25-038091.txt
0001690334,https://www.sec.gov/Archives/edgar/data/1690334/000095017025038086/ownership.xml,SMHI,SEACOR Marine Holdings Inc.,4,2025-03-12,264,,False,,,,,0000950170-25-038086,https://www.sec.gov/Archives/edgar/data/1690334/000095017025038086/0000950170-25-038086.txt
0001690334,https://www.sec.gov/Archives/edgar/data/1690334/000119312525033473/d928236d424b5.htm,SMHI,SEACOR Marine Holdings Inc.,424B5,2025-02-24,280,,False,,,,,0001193125-25-033473,https://www.sec.gov/Archives/edgar/data/1690334/000119312525033473/0001193125-25-033473.txt
0001690334,https://www.sec.gov/Archives/edgar/data/1690334/000119312525033470/d928236d424b5.htm,SMHI,SEACOR Marine Holdings Inc.,424B5,2025-02-24,280,,False,,,,,0001193125-25-033470,https://www.sec.gov/Archives/edgar/data/1690334/000119312525033470/0001193125-25-033470.txt
0001690334,https://www.sec.gov/Archives/edgar/data/1690334/000119312525280517/smhi-20251113.htm,SMHI,SEACOR Marine Holdings Inc.,8-K,2025-11-13,18,,False,,,,,0001193125-25-280517,https://www.sec.gov/Archives/edgar/data/1690334/000119312525280517/0001193125-25-280517.txt
0001690334,https://www.sec.gov/Archives/edgar/data/1690334/000119312525256404/smhi-20251029.htm,SMHI,SEACOR Marine Holdings Inc.,8-K,2025-10-29,33,,False,,,,,0001193125-25-256404,https://www.sec.gov/Archives/edgar/data/1690334/000119312525256404/0001193125-25-256404.txt
0001690334,https://www.sec.gov/Archives/edgar/data/1690334/000119312525230252/smhi-20250929.htm,SMHI,SEACOR Marine Holdings Inc.,8-K,2025-10-03,59,,False,,,,,0001193125-25-230252,https://www.sec.gov/Archives/edgar/data/1690334/000119312525230252/0001193125-25-230252.txt
0001690334,https://www.sec.gov/Archives/edgar/data/1690334/000119312525199250/smhi-20250909.htm,SMHI,SEACOR Marine Holdings Inc.,8-K,2025-09-09,83,,False,,,,,0001193125-25-199250,https://www.sec.gov/Archives/edgar/data/1690334/000119312525199250/0001193125-25-199250.txt
0001690334,https://www.sec.gov/Archives/edgar/data/1690334/000119312525174900/d70877d8k.htm,SMHI,SEACOR Marine Holdings Inc.,8-K,2025-08-07,116,,False,,,,,0001193125-25-174900,https://www.sec.gov/Archives/edgar/data/1690334/000119312525174900/0001193125-25-174900.txt
0001690334,https://www.sec.gov/Archives/edgar/data/1690334/000095017025100372/smhi-20250730.htm,SMHI,SEACOR Marine Holdings Inc.,8-K,2025-07-30,124,,False,,,,,0000950170-25-100372,https://www.sec.gov/Archives/edgar/data/1690334/000095017025100372/0000950170-25-100372.txt
0001690334,https://www.sec.gov/Archives/edgar/data/1690334/000119312525135904/d42790d8k.htm,SMHI,SEACOR Marine Holdings Inc.,8-K,2025-06-05,179,,False,,,,,0001193125-25-135904,https://www.sec.gov/Archives/edgar/data/1690334/000119312525135904/0001193125-25-135904.txt
0001690334,https://www.sec.gov/Archives/edgar/data/1690334/000095017025061100/smhi-20250430.htm,SMHI,SEACOR Marine Holdings Inc.,8-K,2025-04-30,215,,False,,,,,0000950170-25-061100,https://www.sec.gov/Archives/edgar/data/1690334/000095017025061100/0000950170-25-061100.txt
0001690334,https://www.sec.gov/Archives/edgar/data/1690334/000095017025051250/smhi-20250404.htm,SMHI,SEACOR Marine Holdings Inc.,8-K,2025-04-04,241,,False,,,,,0000950170-25-051250,https://www.sec.gov/Archives/edgar/data/1690334/000095017025051250/0000950170-25-051250.txt
0001690334,https://www.sec.gov/Archives/edgar/data/1690334/000095017025029468/smhi-20250226.htm,SMHI,SEACOR Marine Holdings Inc.,8-K,2025-02-28,276,,False,,,,,0000950170-25-029468,https://www.sec.gov/Archives/edgar/data/1690334/000095017025029468/0000950170-25-029468.txt
0001690334,https://www.sec.gov/Archives/edgar/data/1690334/000119312525022780/d928236ds3.htm,SMHI,SEACOR Marine Holdings Inc.,S-3,2025-02-07,297,,False,,,,,0001193125-25-022780,https://www.sec.gov/Archives/edgar/data/1690334/000119312525022780/0001193125-25-022780.txt
0001690334,https://www.sec.gov/Archives/edgar/data/1690334/000119312525134196/d943319ds8.htm,SMHI,SEACOR Marine Holdings Inc.,S-8,2025-06-03,181,,False,,,,,0001193125-25-134196,https://www.sec.gov/Archives/edgar/data/1690334/000119312525134196/0001193125-25-134196.txt
0002065948,https://www.sec.gov/Archives/edgar/data/2065948/000118518525000851/ownership.xml,SOCA,Solarius Capital Acquisition Corp.,3,2025-07-25,129,,False,,,,,0001185185-25-000851,https://www.sec.gov/Archives/edgar/data/2065948/000118518525000851/0001185185-25-000851.txt
0002065948,https://www.sec.gov/Archives/edgar/data/2065948/000118518525000828/ownership.xml,SOCA,Solarius Capital Acquisition Corp.,3,2025-07-22,132,,False,,,,,0001185185-25-000828,https://www.sec.gov/Archives/edgar/data/2065948/000118518525000828/0001185185-25-000828.txt
0002065948,https://www.sec.gov/Archives/edgar/data/2065948/000118518525000826/ownership.xml,SOCA,Solarius Capital Acquisition Corp.,3,2025-07-22,132,,False,,,,,0001185185-25-000826,https://www.sec.gov/Archives/edgar/data/2065948/000118518525000826/0001185185-25-000826.txt
0002065948,https://www.sec.gov/Archives/edgar/data/2065948/000118518525000824/ownership.xml,SOCA,Solarius Capital Acquisition Corp.,3,2025-07-22,132,,False,,,,,0001185185-25-000824,https://www.sec.gov/Archives/edgar/data/2065948/000118518525000824/0001185185-25-000824.txt
0002065948,https://www.sec.gov/Archives/edgar/data/2065948/000118518525000822/ownership.xml,SOCA,Solarius Capital Acquisition Corp.,3,2025-07-22,132,,False,,,,,0001185185-25-000822,https://www.sec.gov/Archives/edgar/data/2065948/000118518525000822/0001185185-25-000822.txt
0002065948,https://www.sec.gov/Archives/edgar/data/2065948/000118518525000847/ownership.xml,SOCA,Solarius Capital Acquisition Corp.,4,2025-07-24,130,,False,,,,,0001185185-25-000847,https://www.sec.gov/Archives/edgar/data/2065948/000118518525000847/0001185185-25-000847.txt
0002065948,https://www.sec.gov/Archives/edgar/data/2065948/000118518525000791/soca424b4071525.htm,SOCA,Solarius Capital Acquisition Corp.,424B4,2025-07-16,138,,False,,,,,0001185185-25-000791,https://www.sec.gov/Archives/edgar/data/2065948/000118518525000791/0001185185-25-000791.txt
0002065948,https://www.sec.gov/Archives/edgar/data/2065948/000118518525001110/soca8k090225.htm,SOCA,Solarius Capital Acquisition Corp.,8-K,2025-09-03,89,,False,,,,,0001185185-25-001110,https://www.sec.gov/Archives/edgar/data/2065948/000118518525001110/0001185185-25-001110.txt
0002065948,https://www.sec.gov/Archives/edgar/data/2065948/000118518525000836/soca8k072325.htm,SOCA,Solarius Capital Acquisition Corp.,8-K,2025-07-24,130,,False,,,,,0001185185-25-000836,https://www.sec.gov/Archives/edgar/data/2065948/000118518525000836/0001185185-25-000836.txt
0002065948,https://www.sec.gov/Archives/edgar/data/2065948/000118518525000801/soca8k071725.htm,SOCA,Solarius Capital Acquisition Corp.,8-K,2025-07-18,136,,False,,,,,0001185185-25-000801,https://www.sec.gov/Archives/edgar/data/2065948/000118518525000801/0001185185-25-000801.txt
0001301236,https://www.sec.gov/Archives/edgar/data/1301236/000095017025047657/soho-20241231.htm,SOHO,Sotherly Hotels Inc.,10-K,2025-03-31,245,,False,,NO_PERIODS,no inferable periods,,0000950170-25-047657,https://www.sec.gov/Archives/edgar/data/1301236/000095017025047657/0000950170-25-047657.txt
0001301236,https://www.sec.gov/Archives/edgar/data/1301236/000095017025060875/soho-20241231.htm,SOHO,Sotherly Hotels Inc.,10-K/A,2025-04-30,215,,False,,NO_CASHFLOW,cashflow statement missing,,0000950170-25-060875,https://www.sec.gov/Archives/edgar/data/1301236/000095017025060875/0000950170-25-060875.txt
0001301236,https://www.sec.gov/Archives/edgar/data/1301236/000119312525282761/soho-20250930.htm,SOHO,Sotherly Hotels Inc.,10-Q,2025-11-14,17,,False,,NO_PERIODS,no inferable periods,,0001193125-25-282761,https://www.sec.gov/Archives/edgar/data/1301236/000119312525282761/0001193125-25-282761.txt
0001301236,https://www.sec.gov/Archives/edgar/data/1301236/000119312525180543/soho-20250630.htm,SOHO,Sotherly Hotels Inc.,10-Q,2025-08-14,109,,False,,NO_PERIODS,no inferable periods,,0001193125-25-180543,https://www.sec.gov/Archives/edgar/data/1301236/000119312525180543/0001193125-25-180543.txt
0001301236,https://www.sec.gov/Archives/edgar/data/1301236/000119312525284727/soho-20251117.htm,SOHO,Sotherly Hotels Inc.,8-K,2025-11-17,14,,False,,,,,0001193125-25-284727,https://www.sec.gov/Archives/edgar/data/1301236/000119312525284727/0001193125-25-284727.txt
0001301236,https://www.sec.gov/Archives/edgar/data/1301236/000119312525282339/soho-20251112.htm,SOHO,Sotherly Hotels Inc.,8-K,2025-11-14,17,,False,,,,,0001193125-25-282339,https://www.sec.gov/Archives/edgar/data/1301236/000119312525282339/0001193125-25-282339.txt
0001301236,https://www.sec.gov/Archives/edgar/data/1301236/000119312525251736/soho-20251027.htm,SOHO,Sotherly Hotels Inc.,8-K,2025-10-27,35,,False,,,,,0001193125-25-251736,https://www.sec.gov/Archives/edgar/data/1301236/000119312525251736/0001193125-25-251736.txt
0001301236,https://www.sec.gov/Archives/edgar/data/1301236/000119312525250648/soho-20251024.htm,SOHO,Sotherly Hotels Inc.,8-K,2025-10-27,35,,False,,,,,0001193125-25-250648,https://www.sec.gov/Archives/edgar/data/1301236/000119312525250648/0001193125-25-250648.txt
0001301236,https://www.sec.gov/Archives/edgar/data/1301236/000119312525245218/soho-20251017.htm,SOHO,Sotherly Hotels Inc.,8-K,2025-10-21,41,,False,,,,,0001193125-25-245218,https://www.sec.gov/Archives/edgar/data/1301236/000119312525245218/0001193125-25-245218.txt
0001301236,https://www.sec.gov/Archives/edgar/data/1301236/000119312525206258/soho-20250911.htm,SOHO,Sotherly Hotels Inc.,8-K,2025-09-17,75,,False,,,,,0001193125-25-206258,https://www.sec.gov/Archives/edgar/data/1301236/000119312525206258/0001193125-25-206258.txt
0001301236,https://www.sec.gov/Archives/edgar/data/1301236/000119312525206131/soho-20250912.htm,SOHO,Sotherly Hotels Inc.,8-K,2025-09-17,75,,False,,,,,0001193125-25-206131,https://www.sec.gov/Archives/edgar/data/1301236/000119312525206131/0001193125-25-206131.txt
0001301236,https://www.sec.gov/Archives/edgar/data/1301236/000119312525201295/soho-20250905.htm,SOHO,Sotherly Hotels Inc.,8-K,2025-09-11,81,,False,,,,,0001193125-25-201295,https://www.sec.gov/Archives/edgar/data/1301236/000119312525201295/0001193125-25-201295.txt
0001301236,https://www.sec.gov/Archives/edgar/data/1301236/000119312525179793/soho-20250812.htm,SOHO,Sotherly Hotels Inc.,8-K,2025-08-13,110,,False,,,,,0001193125-25-179793,https://www.sec.gov/Archives/edgar/data/1301236/000119312525179793/0001193125-25-179793.txt
0001301236,https://www.sec.gov/Archives/edgar/data/1301236/000119312525178450/soho-20250812.htm,SOHO,Sotherly Hotels Inc.,8-K,2025-08-12,111,,False,,,,,0001193125-25-178450,https://www.sec.gov/Archives/edgar/data/1301236/000119312525178450/0001193125-25-178450.txt
0001417892,https://www.sec.gov/Archives/edgar/data/1417892/000141057825000817/tmb-20241231x10ka.htm,SOL,Emeren Group Ltd,10-K/A,2025-04-22,223,,False,,NO_CASHFLOW,cashflow statement missing,,0001410578-25-000817,https://www.sec.gov/Archives/edgar/data/1417892/000141057825000817/0001410578-25-000817.txt
0001417892,https://www.sec.gov/Archives/edgar/data/1417892/000110465925028225/tm2510429d1_10ka.htm,SOL,Emeren Group Ltd,10-K/A,2025-03-26,250,,False,,NO_CASHFLOW,cashflow statement missing,,0001104659-25-028225,https://www.sec.gov/Archives/edgar/data/1417892/000110465925028225/0001104659-25-028225.txt
0001417892,https://www.sec.gov/Archives/edgar/data/1417892/000110465925112477/tmb-20250930x10q.htm,SOL,Emeren Group Ltd,10-Q,2025-11-14,17,,False,,NO_PERIODS,no inferable periods,,0001104659-25-112477,https://www.sec.gov/Archives/edgar/data/1417892/000110465925112477/0001104659-25-112477.txt
0001417892,https://www.sec.gov/Archives/edgar/data/1417892/000141057825001854/tmb-20250630x10q.htm,SOL,Emeren Group Ltd,10-Q,2025-08-19,104,,False,,NO_PERIODS,no inferable periods,,0001410578-25-001854,https://www.sec.gov/Archives/edgar/data/1417892/000141057825001854/0001410578-25-001854.txt
0001417892,https://www.sec.gov/Archives/edgar/data/1417892/000110465925096305/tm2527907d1_8k.htm,SOL,Emeren Group Ltd,8-K,2025-10-03,59,,False,,,,,0001104659-25-096305,https://www.sec.gov/Archives/edgar/data/1417892/000110465925096305/0001104659-25-096305.txt
0001417892,https://www.sec.gov/Archives/edgar/data/1417892/000110465925086721/tm2525121d1_8k.htm,SOL,Emeren Group Ltd,8-K,2025-09-03,89,,False,,,,,0001104659-25-086721,https://www.sec.gov/Archives/edgar/data/1417892/000110465925086721/0001104659-25-086721.txt
0001417892,https://www.sec.gov/Archives/edgar/data/1417892/000110465925066415/tm2519910d1_8k.htm,SOL,Emeren Group Ltd,8-K,2025-07-08,146,,False,,,,,0001104659-25-066415,https://www.sec.gov/Archives/edgar/data/1417892/000110465925066415/0001104659-25-066415.txt
0001417892,https://www.sec.gov/Archives/edgar/data/1417892/000110465925060851/tm2517472d2_8k.htm,SOL,Emeren Group Ltd,8-K,2025-06-20,164,,False,,,,,0001104659-25-060851,https://www.sec.gov/Archives/edgar/data/1417892/000110465925060851/0001104659-25-060851.txt
0001417892,https://www.sec.gov/Archives/edgar/data/1417892/000110465925040408/tm2513221d1_8k.htm,SOL,Emeren Group Ltd,8-K,2025-04-29,216,,False,,,,,0001104659-25-040408,https://www.sec.gov/Archives/edgar/data/1417892/000110465925040408/0001104659-25-040408.txt
0001417892,https://www.sec.gov/Archives/edgar/data/1417892/000110465925031672/tm2510812d1_8k.htm,SOL,Emeren Group Ltd,8-K,2025-04-03,242,,False,,,,,0001104659-25-031672,https://www.sec.gov/Archives/edgar/data/1417892/000110465925031672/0001104659-25-031672.txt
0001417892,https://www.sec.gov/Archives/edgar/data/1417892/000110465925024418/tm259276d1_8k.htm,SOL,Emeren Group Ltd,8-K,2025-03-17,259,,False,,,,,0001104659-25-024418,https://www.sec.gov/Archives/edgar/data/1417892/000110465925024418/0001104659-25-024418.txt
0001417892,https://www.sec.gov/Archives/edgar/data/1417892/000110465924120131/tm2428676d1_8k.htm,SOL,Emeren Group Ltd,8-K,2024-11-18,378,,False,,,,,0001104659-24-120131,https://www.sec.gov/Archives/edgar/data/1417892/000110465924120131/0001104659-24-120131.txt
0001417892,https://www.sec.gov/Archives/edgar/data/1417892/000110465924113889/tm2427335d1_8k.htm,SOL,Emeren Group Ltd,8-K,2024-11-04,392,,False,,,,,0001104659-24-113889,https://www.sec.gov/Archives/edgar/data/1417892/000110465924113889/0001104659-24-113889.txt
0001706946,https://www.sec.gov/Archives/edgar/data/1706946/000191687725000006/wk-form4_1761167010.xml,SPCE,"Virgin Galactic Holdings, Inc",4,2025-10-22,40,,False,,,,,0001916877-25-000006,https://www.sec.gov/Archives/edgar/data/1706946/000191687725000006/0001916877-25-000006.txt
0001706946,https://www.sec.gov/Archives/edgar/data/1706946/000191687725000004/wk-form4_1759955396.xml,SPCE,"Virgin Galactic Holdings, Inc",4,2025-10-08,54,,False,,,,,0001916877-25-000004,https://www.sec.gov/Archives/edgar/data/1706946/000191687725000004/0001916877-25-000004.txt
0001706946,https://www.sec.gov/Archives/edgar/data/1706946/000181775625000004/wk-form4_1759955339.xml,SPCE,"Virgin Galactic Holdings, Inc",4,2025-10-08,54,,False,,,,,0001817756-25-000004,https://www.sec.gov/Archives/edgar/data/1706946/000181775625000004/0001817756-25-000004.txt
0001706946,https://www.sec.gov/Archives/edgar/data/1706946/000158980025000004/wk-form4_1759955436.xml,SPCE,"Virgin Galactic Holdings, Inc",4,2025-10-08,54,,False,,,,,0001589800-25-000004,https://www.sec.gov/Archives/edgar/data/1706946/000158980025000004/0001589800-25-000004.txt
0001706946,https://www.sec.gov/Archives/edgar/data/1706946/000170694625000145/wk-form4_1758659066.xml,SPCE,"Virgin Galactic Holdings, Inc",4,2025-09-23,69,,False,,,,,0001706946-25-000145,https://www.sec.gov/Archives/edgar/data/1706946/000170694625000145/0001706946-25-000145.txt
0001706946,https://www.sec.gov/Archives/edgar/data/1706946/000170694625000112/wk-form4_1752610303.xml,SPCE,"Virgin Galactic Holdings, Inc",4,2025-07-15,139,,False,,,,,0001706946-25-000112,https://www.sec.gov/Archives/edgar/data/1706946/000170694625000112/0001706946-25-000112.txt
0001706946,https://www.sec.gov/Archives/edgar/data/1706946/000170694625000110/wk-form4_1751401186.xml,SPCE,"Virgin Galactic Holdings, Inc",4,2025-07-01,153,,False,,,,,0001706946-25-000110,https://www.sec.gov/Archives/edgar/data/1706946/000170694625000110/0001706946-25-000110.txt
0001706946,https://www.sec.gov/Archives/edgar/data/1706946/000170694625000109/wk-form4_1751401175.xml,SPCE,"Virgin Galactic Holdings, Inc",4,2025-07-01,153,,False,,,,,0001706946-25-000109,https://www.sec.gov/Archives/edgar/data/1706946/000170694625000109/0001706946-25-000109.txt
0001706946,https://www.sec.gov/Archives/edgar/data/1706946/000170694625000108/wk-form4_1751401164.xml,SPCE,"Virgin Galactic Holdings, Inc",4,2025-07-01,153,,False,,,,,0001706946-25-000108,https://www.sec.gov/Archives/edgar/data/1706946/000170694625000108/0001706946-25-000108.txt
0001706946,https://www.sec.gov/Archives/edgar/data/1706946/000170694625000104/wk-form4_1750191169.xml,SPCE,"Virgin Galactic Holdings, Inc",4,2025-06-17,167,,False,,,,,0001706946-25-000104,https://www.sec.gov/Archives/edgar/data/1706946/000170694625000104/0001706946-25-000104.txt
0001706946,https://www.sec.gov/Archives/edgar/data/1706946/000110465925049616/tm2513415d3_424b5.htm,SPCE,"Virgin Galactic Holdings, Inc",424B5,2025-05-15,200,,False,,,,,0001104659-25-049616,https://www.sec.gov/Archives/edgar/data/1706946/000110465925049616/0001104659-25-049616.txt
0001706946,https://www.sec.gov/Archives/edgar/data/1706946/000170694625000040/spce-prospectussupplement0.htm,SPCE,"Virgin Galactic Holdings, Inc",424B5,2025-02-26,278,,False,,,,,0001706946-25-000040,https://www.sec.gov/Archives/edgar/data/1706946/000170694625000040/0001706946-25-000040.txt
0001706946,https://www.sec.gov/Archives/edgar/data/1706946/000170694624000244/atmprospectus11624.htm,SPCE,"Virgin Galactic Holdings, Inc",424B5,2024-11-07,389,,False,,,,,0001706946-24-000244,https://www.sec.gov/Archives/edgar/data/1706946/000170694624000244/0001706946-24-000244.txt
0001706946,https://www.sec.gov/Archives/edgar/data/1706946/000170694625000149/spce-20251113.htm,SPCE,"Virgin Galactic Holdings, Inc",8-K,2025-11-13,18,,False,,,,,0001706946-25-000149,https://www.sec.gov/Archives/edgar/data/1706946/000170694625000149/0001706946-25-000149.txt
0001706946,https://www.sec.gov/Archives/edgar/data/1706946/000170694625000137/spce-20250828.htm,SPCE,"Virgin Galactic Holdings, Inc",8-K,2025-08-29,94,,False,,,,,0001706946-25-000137,https://www.sec.gov/Archives/edgar/data/1706946/000170694625000137/0001706946-25-000137.txt
0001706946,https://www.sec.gov/Archives/edgar/data/1706946/000170694625000130/spce-20250806.htm,SPCE,"Virgin Galactic Holdings, Inc",8-K,2025-08-06,117,,False,,,,,0001706946-25-000130,https://www.sec.gov/Archives/edgar/data/1706946/000170694625000130/0001706946-25-000130.txt
0001706946,https://www.sec.gov/Archives/edgar/data/1706946/000170694625000118/spce-20250729.htm,SPCE,"Virgin Galactic Holdings, Inc",8-K,2025-08-01,122,,False,,,,,0001706946-25-000118,https://www.sec.gov/Archives/edgar/data/1706946/000170694625000118/0001706946-25-000118.txt
0001706946,https://www.sec.gov/Archives/edgar/data/1706946/000170694625000100/spce-20250605.htm,SPCE,"Virgin Galactic Holdings, Inc",8-K,2025-06-10,174,,False,,,,,0001706946-25-000100,https://www.sec.gov/Archives/edgar/data/1706946/000170694625000100/0001706946-25-000100.txt
0001706946,https://www.sec.gov/Archives/edgar/data/1706946/000170694625000077/spce-20250515.htm,SPCE,"Virgin Galactic Holdings, Inc",8-K,2025-05-15,200,,False,,,,,0001706946-25-000077,https://www.sec.gov/Archives/edgar/data/1706946/000170694625000077/0001706946-25-000077.txt
0001706946,https://www.sec.gov/Archives/edgar/data/1706946/000170694625000036/spce-20250226.htm,SPCE,"Virgin Galactic Holdings, Inc",8-K,2025-02-26,278,,False,,,,,0001706946-25-000036,https://www.sec.gov/Archives/edgar/data/1706946/000170694625000036/0001706946-25-000036.txt
0001706946,https://www.sec.gov/Archives/edgar/data/1706946/000170694624000249/spce-20241104.htm,SPCE,"Virgin Galactic Holdings, Inc",8-K,2024-11-07,389,,False,,,,,0001706946-24-000249,https://www.sec.gov/Archives/edgar/data/1706946/000170694624000249/0001706946-24-000249.txt
0001706946,https://www.sec.gov/Archives/edgar/data/1706946/000170694624000234/spce-20241106.htm,SPCE,"Virgin Galactic Holdings, Inc",8-K,2024-11-06,390,,False,,,,,0001706946-24-000234,https://www.sec.gov/Archives/edgar/data/1706946/000170694624000234/0001706946-24-000234.txt
0001706946,https://www.sec.gov/Archives/edgar/data/1706946/000170694624000213/spce-20241029.htm,SPCE,"Virgin Galactic Holdings, Inc",8-K,2024-11-01,395,,False,,,,,0001706946-24-000213,https://www.sec.gov/Archives/edgar/data/1706946/000170694624000213/0001706946-24-000213.txt
0001706946,https://www.sec.gov/Archives/edgar/data/1706946/000170694625000082/vgh-sx8thirdar2019planindu.htm,SPCE,"Virgin Galactic Holdings, Inc",S-8,2025-06-05,179,,False,,,,,0001706946-25-000082,https://www.sec.gov/Archives/edgar/data/1706946/000170694625000082/0001706946-25-000082.txt
0001383395,https://www.sec.gov/Archives/edgar/data/1383395/000138339525000018/sqns-20241231.htm,SQNS,SEQUANS COMMUNICATIONS,20-F,2025-04-30,215,,False,,NO_CASHFLOW,operating cash flow missing,,0001383395-25-000018,https://www.sec.gov/Archives/edgar/data/1383395/000138339525000018/0001383395-25-000018.txt
0001383395,https://www.sec.gov/Archives/edgar/data/1383395/000138339525000071/sequans-equity424b3.htm,SQNS,SEQUANS COMMUNICATIONS,424B3,2025-07-25,129,,False,,,,,0001383395-25-000071,https://www.sec.gov/Archives/edgar/data/1383395/000138339525000071/0001383395-25-000071.txt
0001383395,https://www.sec.gov/Archives/edgar/data/1383395/000138339525000070/sequans-debt424b3.htm,SQNS,SEQUANS COMMUNICATIONS,424B3,2025-07-25,129,,False,,,,,0001383395-25-000070,https://www.sec.gov/Archives/edgar/data/1383395/000138339525000070/0001383395-25-000070.txt
0001383395,https://www.sec.gov/Archives/edgar/data/1383395/000138339525000116/form6-kq3x2025.htm,SQNS,SEQUANS COMMUNICATIONS,6-K,2025-11-04,27,,False,,NO_CASHFLOW,cashflow statement missing,,0001383395-25-000116,https://www.sec.gov/Archives/edgar/data/1383395/000138339525000116/0001383395-25-000116.txt
0001383395,https://www.sec.gov/Archives/edgar/data/1383395/000138339525000112/form6k-2025xnovemberxredem.htm,SQNS,SEQUANS COMMUNICATIONS,6-K,2025-11-04,27,,False,,NO_CASHFLOW,cashflow statement missing,,0001383395-25-000112,https://www.sec.gov/Archives/edgar/data/1383395/000138339525000112/0001383395-25-000112.txt
0001383395,https://www.sec.gov/Archives/edgar/data/1383395/000138339525000107/form6k-2025xoctoberxextens.htm,SQNS,SEQUANS COMMUNICATIONS,6-K,2025-10-02,60,,False,,NO_CASHFLOW,cashflow statement missing,,0001383395-25-000107,https://www.sec.gov/Archives/edgar/data/1383395/000138339525000107/0001383395-25-000107.txt
0001383395,https://www.sec.gov/Archives/edgar/data/1383395/000138339525000105/form6k-2025xseptemberxprog.htm,SQNS,SEQUANS COMMUNICATIONS,6-K,2025-09-30,62,,False,,NO_CASHFLOW,cashflow statement missing,,0001383395-25-000105,https://www.sec.gov/Archives/edgar/data/1383395/000138339525000105/0001383395-25-000105.txt
0001383395,https://www.sec.gov/Archives/edgar/data/1383395/000138339525000102/form6k-2025xseptemberxinsi.htm,SQNS,SEQUANS COMMUNICATIONS,6-K,2025-09-15,77,,False,,NO_CASHFLOW,cashflow statement missing,,0001383395-25-000102,https://www.sec.gov/Archives/edgar/data/1383395/000138339525000102/0001383395-25-000102.txt
0001383395,https://www.sec.gov/Archives/edgar/data/1383395/000138339525000114/form6ka-2025xnovemberxrede.htm,SQNS,SEQUANS COMMUNICATIONS,6-K/A,2025-11-04,27,,False,,NO_CASHFLOW,cashflow statement missing,,0001383395-25-000114,https://www.sec.gov/Archives/edgar/data/1383395/000138339525000114/0001383395-25-000114.txt
0001383395,https://www.sec.gov/Archives/edgar/data/1383395/000138339525000046/form6ka-2025xjunexamendmen.htm,SQNS,SEQUANS COMMUNICATIONS,6-K/A,2025-06-23,161,,False,,NO_CASHFLOW,cashflow statement missing,,0001383395-25-000046,https://www.sec.gov/Archives/edgar/data/1383395/000138339525000046/0001383395-25-000046.txt
0001383395,https://www.sec.gov/Archives/edgar/data/1383395/000138339525000077/forms-8july2025.htm,SQNS,SEQUANS COMMUNICATIONS,S-8,2025-07-29,125,,False,,,,,0001383395-25-000077,https://www.sec.gov/Archives/edgar/data/1383395/000138339525000077/0001383395-25-000077.txt
0001936224,https://www.sec.gov/Archives/edgar/data/1936224/000119312525242922/ownership.xml,SRFM,SURF AIR MOBILITY INC.,3,2025-10-20,42,,False,,,,,0001193125-25-242922,https://www.sec.gov/Archives/edgar/data/1936224/000119312525242922/0001193125-25-242922.txt
0001936224,https://www.sec.gov/Archives/edgar/data/1936224/000119312525242933/ownership.xml,SRFM,SURF AIR MOBILITY INC.,4,2025-10-20,42,,False,,,,,0001193125-25-242933,https://www.sec.gov/Archives/edgar/data/1936224/000119312525242933/0001193125-25-242933.txt
0001936224,https://www.sec.gov/Archives/edgar/data/1936224/000132165525000126/wk-form4_1757459255.xml,SRFM,SURF AIR MOBILITY INC.,4,2025-09-09,83,,False,,,,,0001321655-25-000126,https://www.sec.gov/Archives/edgar/data/1936224/000132165525000126/0001321655-25-000126.txt
0001936224,https://www.sec.gov/Archives/edgar/data/1936224/000119312525191470/ownership.xml,SRFM,SURF AIR MOBILITY INC.,4,2025-08-28,95,,False,,,,,0001193125-25-191470,https://www.sec.gov/Archives/edgar/data/1936224/000119312525191470/0001193125-25-191470.txt
0001936224,https://www.sec.gov/Archives/edgar/data/1936224/000095017025091117/ownership.xml,SRFM,SURF AIR MOBILITY INC.,4,2025-06-27,157,,False,,,,,0000950170-25-091117,https://www.sec.gov/Archives/edgar/data/1936224/000095017025091117/0000950170-25-091117.txt
0001936224,https://www.sec.gov/Archives/edgar/data/1936224/000095017025091114/ownership.xml,SRFM,SURF AIR MOBILITY INC.,4,2025-06-27,157,,False,,,,,0000950170-25-091114,https://www.sec.gov/Archives/edgar/data/1936224/000095017025091114/0000950170-25-091114.txt
0001936224,https://www.sec.gov/Archives/edgar/data/1936224/000095017025091111/ownership.xml,SRFM,SURF AIR MOBILITY INC.,4,2025-06-27,157,,False,,,,,0000950170-25-091111,https://www.sec.gov/Archives/edgar/data/1936224/000095017025091111/0000950170-25-091111.txt
0001936224,https://www.sec.gov/Archives/edgar/data/1936224/000119312525293741/srfm_warrant_pro_supp_11.htm,SRFM,SURF AIR MOBILITY INC.,424B5,2025-11-24,7,,False,,,,,0001193125-25-293741,https://www.sec.gov/Archives/edgar/data/1936224/000119312525293741/0001193125-25-293741.txt
0001936224,https://www.sec.gov/Archives/edgar/data/1936224/000119312525275795/s-3_final_pro_supp_oct_2.htm,SRFM,SURF AIR MOBILITY INC.,424B5,2025-11-12,19,,False,,,,,0001193125-25-275795,https://www.sec.gov/Archives/edgar/data/1936224/000119312525275795/0001193125-25-275795.txt
0001936224,https://www.sec.gov/Archives/edgar/data/1936224/000119312525273369/s-3_pro_supp_oct_2025_v4.htm,SRFM,SURF AIR MOBILITY INC.,424B5,2025-11-10,21,,False,,,,,0001193125-25-273369,https://www.sec.gov/Archives/edgar/data/1936224/000119312525273369/0001193125-25-273369.txt
0001936224,https://www.sec.gov/Archives/edgar/data/1936224/000095017025090207/s-3_pro_supp__2_june_202.htm,SRFM,SURF AIR MOBILITY INC.,424B5,2025-06-26,158,,False,,,,,0000950170-25-090207,https://www.sec.gov/Archives/edgar/data/1936224/000095017025090207/0000950170-25-090207.txt
0001936224,https://www.sec.gov/Archives/edgar/data/1936224/000095017025048087/s-3_pro_supp__1.htm,SRFM,SURF AIR MOBILITY INC.,424B5,2025-04-01,244,,False,,,,,0000950170-25-048087,https://www.sec.gov/Archives/edgar/data/1936224/000095017025048087/0000950170-25-048087.txt
0001936224,https://www.sec.gov/Archives/edgar/data/1936224/000119312525291581/srfm-20251120.htm,SRFM,SURF AIR MOBILITY INC.,8-K,2025-11-21,10,,False,,,,,0001193125-25-291581,https://www.sec.gov/Archives/edgar/data/1936224/000119312525291581/0001193125-25-291581.txt
0001936224,https://www.sec.gov/Archives/edgar/data/1936224/000119312525277789/srfm-20251112.htm,SRFM,SURF AIR MOBILITY INC.,8-K,2025-11-12,19,,False,,,,,0001193125-25-277789,https://www.sec.gov/Archives/edgar/data/1936224/000119312525277789/0001193125-25-277789.txt
0001936224,https://www.sec.gov/Archives/edgar/data/1936224/000119312525277566/srfm-20251112.htm,SRFM,SURF AIR MOBILITY INC.,8-K,2025-11-12,19,,False,,,,,0001193125-25-277566,https://www.sec.gov/Archives/edgar/data/1936224/000119312525277566/0001193125-25-277566.txt
0001936224,https://www.sec.gov/Archives/edgar/data/1936224/000119312525273350/srfm-20251110.htm,SRFM,SURF AIR MOBILITY INC.,8-K,2025-11-10,21,,False,,,,,0001193125-25-273350,https://www.sec.gov/Archives/edgar/data/1936224/000119312525273350/0001193125-25-273350.txt
0001936224,https://www.sec.gov/Archives/edgar/data/1936224/000119312525234632/srfm-20251007.htm,SRFM,SURF AIR MOBILITY INC.,8-K,2025-10-08,54,,False,,,,,0001193125-25-234632,https://www.sec.gov/Archives/edgar/data/1936224/000119312525234632/0001193125-25-234632.txt
0001936224,https://www.sec.gov/Archives/edgar/data/1936224/000193622425000008/srfm-20250827.htm,SRFM,SURF AIR MOBILITY INC.,8-K,2025-08-29,94,,False,,,,,0001936224-25-000008,https://www.sec.gov/Archives/edgar/data/1936224/000193622425000008/0001936224-25-000008.txt
0001936224,https://www.sec.gov/Archives/edgar/data/1936224/000095017025107386/srfm-20250812.htm,SRFM,SURF AIR MOBILITY INC.,8-K,2025-08-12,111,,False,,,,,0000950170-25-107386,https://www.sec.gov/Archives/edgar/data/1936224/000095017025107386/0000950170-25-107386.txt
0001936224,https://www.sec.gov/Archives/edgar/data/1936224/000095017025091041/srfm-20250626.htm,SRFM,SURF AIR MOBILITY INC.,8-K,2025-06-27,157,,False,,,,,0000950170-25-091041,https://www.sec.gov/Archives/edgar/data/1936224/000095017025091041/0000950170-25-091041.txt
0001936224,https://www.sec.gov/Archives/edgar/data/1936224/000095017025090410/srfm-20250625.htm,SRFM,SURF AIR MOBILITY INC.,8-K,2025-06-26,158,,False,,,,,0000950170-25-090410,https://www.sec.gov/Archives/edgar/data/1936224/000095017025090410/0000950170-25-090410.txt
0001936224,https://www.sec.gov/Archives/edgar/data/1936224/000095017025070381/srfm-20250513.htm,SRFM,SURF AIR MOBILITY INC.,8-K,2025-05-13,202,,False,,,,,0000950170-25-070381,https://www.sec.gov/Archives/edgar/data/1936224/000095017025070381/0000950170-25-070381.txt
0001936224,https://www.sec.gov/Archives/edgar/data/1936224/000119312525278323/srfm-20251113.htm,SRFM,SURF AIR MOBILITY INC.,S-3,2025-11-13,18,,False,,,,,0001193125-25-278323,https://www.sec.gov/Archives/edgar/data/1936224/000119312525278323/0001193125-25-278323.txt
0001936224,https://www.sec.gov/Archives/edgar/data/1936224/000095017025059476/srfm_s-3_lamven_april_20.htm,SRFM,SURF AIR MOBILITY INC.,S-3,2025-04-29,216,,False,,,,,0000950170-25-059476,https://www.sec.gov/Archives/edgar/data/1936224/000095017025059476/0000950170-25-059476.txt
0001936224,https://www.sec.gov/Archives/edgar/data/1936224/000095017025059474/srfm_s-3_palantir_april_.htm,SRFM,SURF AIR MOBILITY INC.,S-3,2025-04-29,216,,False,,,,,0000950170-25-059474,https://www.sec.gov/Archives/edgar/data/1936224/000095017025059474/0000950170-25-059474.txt
0001936224,https://www.sec.gov/Archives/edgar/data/1936224/000119312525283550/srfm_s-3_amendment_oct_2.htm,SRFM,SURF AIR MOBILITY INC.,S-3/A,2025-11-17,14,,False,,,,,0001193125-25-283550,https://www.sec.gov/Archives/edgar/data/1936224/000119312525283550/0001193125-25-283550.txt
0001936224,https://www.sec.gov/Archives/edgar/data/1936224/000095017025095950/srfm-20250715.htm,SRFM,SURF AIR MOBILITY INC.,S-8,2025-07-15,139,,False,,,,,0000950170-25-095950,https://www.sec.gov/Archives/edgar/data/1936224/000095017025095950/0000950170-25-095950.txt
0002059165,https://www.sec.gov/Archives/edgar/data/2059165/000182912625006634/ownership.xml,SSEA,STARRY SEA ACQUISITION CORP,3,2025-08-21,102,,False,,,,,0001829126-25-006634,https://www.sec.gov/Archives/edgar/data/2059165/000182912625006634/0001829126-25-006634.txt
0002059165,https://www.sec.gov/Archives/edgar/data/2059165/000182912625006609/ownership.xml,SSEA,STARRY SEA ACQUISITION CORP,3,2025-08-21,102,,False,,,,,0001829126-25-006609,https://www.sec.gov/Archives/edgar/data/2059165/000182912625006609/0001829126-25-006609.txt
0002059165,https://www.sec.gov/Archives/edgar/data/2059165/000182912625006559/ownership.xml,SSEA,STARRY SEA ACQUISITION CORP,3,2025-08-20,103,,False,,,,,0001829126-25-006559,https://www.sec.gov/Archives/edgar/data/2059165/000182912625006559/0001829126-25-006559.txt
0002059165,https://www.sec.gov/Archives/edgar/data/2059165/000182912625006045/ownership.xml,SSEA,STARRY SEA ACQUISITION CORP,3,2025-08-11,112,,False,,,,,0001829126-25-006045,https://www.sec.gov/Archives/edgar/data/2059165/000182912625006045/0001829126-25-006045.txt
0002059165,https://www.sec.gov/Archives/edgar/data/2059165/000182912625006044/ownership.xml,SSEA,STARRY SEA ACQUISITION CORP,3,2025-08-11,112,,False,,,,,0001829126-25-006044,https://www.sec.gov/Archives/edgar/data/2059165/000182912625006044/0001829126-25-006044.txt
0002059165,https://www.sec.gov/Archives/edgar/data/2059165/000182912625006681/ownership.xml,SSEA,STARRY SEA ACQUISITION CORP,3/A,2025-08-25,98,,False,,,,,0001829126-25-006681,https://www.sec.gov/Archives/edgar/data/2059165/000182912625006681/0001829126-25-006681.txt
0002059165,https://www.sec.gov/Archives/edgar/data/2059165/000182912625006005/starryseaacq_424b4.htm,SSEA,STARRY SEA ACQUISITION CORP,424B4,2025-08-08,115,,False,,,,,0001829126-25-006005,https://www.sec.gov/Archives/edgar/data/2059165/000182912625006005/0001829126-25-006005.txt
0002059165,https://www.sec.gov/Archives/edgar/data/2059165/000182912625007815/starryseaacq_8k.htm,SSEA,STARRY SEA ACQUISITION CORP,8-K,2025-10-01,61,,False,,,,,0001829126-25-007815,https://www.sec.gov/Archives/edgar/data/2059165/000182912625007815/0001829126-25-007815.txt
0002059165,https://www.sec.gov/Archives/edgar/data/2059165/000182912625007703/starryseaacq_8k.htm,SSEA,STARRY SEA ACQUISITION CORP,8-K,2025-09-29,63,,False,,,,,0001829126-25-007703,https://www.sec.gov/Archives/edgar/data/2059165/000182912625007703/0001829126-25-007703.txt
0002059165,https://www.sec.gov/Archives/edgar/data/2059165/000182912625006361/starryseaacq_8k.htm,SSEA,STARRY SEA ACQUISITION CORP,8-K,2025-08-15,108,,False,,,,,0001829126-25-006361,https://www.sec.gov/Archives/edgar/data/2059165/000182912625006361/0001829126-25-006361.txt
0002059165,https://www.sec.gov/Archives/edgar/data/2059165/000182912625006065/starryseaacq_8k.htm,SSEA,STARRY SEA ACQUISITION CORP,8-K,2025-08-12,111,,False,,,,,0001829126-25-006065,https://www.sec.gov/Archives/edgar/data/2059165/000182912625006065/0001829126-25-006065.txt
0002011053,https://www.sec.gov/Archives/edgar/data/2011053/000149315225016675/form40-f.htm,SUUN,POWERBANK Corp,40-F,2025-10-02,60,,False,,NO_CASHFLOW,operating cash flow missing,,0001493152-25-016675,https://www.sec.gov/Archives/edgar/data/2011053/000149315225016675/0001493152-25-016675.txt
0002011053,https://www.sec.gov/Archives/edgar/data/2011053/000164117225003981/form40-fa.htm,SUUN,POWERBANK Corp,40-F/A,2025-04-14,231,,False,,NO_CASHFLOW,cashflow statement missing,,0001641172-25-003981,https://www.sec.gov/Archives/edgar/data/2011053/000164117225003981/0001641172-25-003981.txt
0002011053,https://www.sec.gov/Archives/edgar/data/2011053/000149315225025304/form6-k.htm,SUUN,POWERBANK Corp,6-K,2025-11-28,3,,False,,NO_CASHFLOW,cashflow statement missing,,0001493152-25-025304,https://www.sec.gov/Archives/edgar/data/2011053/000149315225025304/0001493152-25-025304.txt
0002011053,https://www.sec.gov/Archives/edgar/data/2011053/000149315225024166/form6-k.htm,SUUN,POWERBANK Corp,6-K,2025-11-19,12,,False,,NO_CASHFLOW,cashflow statement missing,,0001493152-25-024166,https://www.sec.gov/Archives/edgar/data/2011053/000149315225024166/0001493152-25-024166.txt
0002011053,https://www.sec.gov/Archives/edgar/data/2011053/000149315225023758/form6-k.htm,SUUN,POWERBANK Corp,6-K,2025-11-17,14,,False,,NO_CASHFLOW,cashflow statement missing,,0001493152-25-023758,https://www.sec.gov/Archives/edgar/data/2011053/000149315225023758/0001493152-25-023758.txt
0002011053,https://www.sec.gov/Archives/edgar/data/2011053/000149315225023729/form6-k.htm,SUUN,POWERBANK Corp,6-K,2025-11-17,14,,False,,NO_CASHFLOW,cashflow statement missing,,0001493152-25-023729,https://www.sec.gov/Archives/edgar/data/2011053/000149315225023729/0001493152-25-023729.txt
0002011053,https://www.sec.gov/Archives/edgar/data/2011053/000149315225021654/form6-k.htm,SUUN,POWERBANK Corp,6-K,2025-11-12,19,,False,,NO_CASHFLOW,cashflow statement missing,,0001493152-25-021654,https://www.sec.gov/Archives/edgar/data/2011053/000149315225021654/0001493152-25-021654.txt
0002074850,https://www.sec.gov/Archives/edgar/data/2074850/000110465925100853/none-20250630x10q.htm,SVAC,Spring Valley Acquisition Corp. III,10-Q,2025-10-20,42,,False,,NO_CASHFLOW,operating cash flow missing,,0001104659-25-100853,https://www.sec.gov/Archives/edgar/data/2074850/000110465925100853/0001104659-25-100853.txt
0002074850,https://www.sec.gov/Archives/edgar/data/2074850/000110465925087210/tm2525100-7_3seq1.xml,SVAC,Spring Valley Acquisition Corp. III,3,2025-09-03,89,,False,,,,,0001104659-25-087210,https://www.sec.gov/Archives/edgar/data/2074850/000110465925087210/0001104659-25-087210.txt
0002074850,https://www.sec.gov/Archives/edgar/data/2074850/000110465925087209/tm2525100-6_3seq1.xml,SVAC,Spring Valley Acquisition Corp. III,3,2025-09-03,89,,False,,,,,0001104659-25-087209,https://www.sec.gov/Archives/edgar/data/2074850/000110465925087209/0001104659-25-087209.txt
0002074850,https://www.sec.gov/Archives/edgar/data/2074850/000110465925087208/tm2525100-5_3seq1.xml,SVAC,Spring Valley Acquisition Corp. III,3,2025-09-03,89,,False,,,,,0001104659-25-087208,https://www.sec.gov/Archives/edgar/data/2074850/000110465925087208/0001104659-25-087208.txt
0002074850,https://www.sec.gov/Archives/edgar/data/2074850/000110465925087207/tm2525100-4_3seq1.xml,SVAC,Spring Valley Acquisition Corp. III,3,2025-09-03,89,,False,,,,,0001104659-25-087207,https://www.sec.gov/Archives/edgar/data/2074850/000110465925087207/0001104659-25-087207.txt
0002074850,https://www.sec.gov/Archives/edgar/data/2074850/000110465925087206/tm2525100-3_3seq1.xml,SVAC,Spring Valley Acquisition Corp. III,3,2025-09-03,89,,False,,,,,0001104659-25-087206,https://www.sec.gov/Archives/edgar/data/2074850/000110465925087206/0001104659-25-087206.txt
0002074850,https://www.sec.gov/Archives/edgar/data/2074850/000110465925087188/tm2519786-14_424b3.htm,SVAC,Spring Valley Acquisition Corp. III,424B3,2025-09-04,88,,False,,,,,0001104659-25-087188,https://www.sec.gov/Archives/edgar/data/2074850/000110465925087188/0001104659-25-087188.txt
0002074850,https://www.sec.gov/Archives/edgar/data/2074850/000141057825002027/tm2525462d2_8k.htm,SVAC,Spring Valley Acquisition Corp. III,8-K,2025-09-11,81,,False,,,,,0001410578-25-002027,https://www.sec.gov/Archives/edgar/data/2074850/000141057825002027/0001410578-25-002027.txt
0002074850,https://www.sec.gov/Archives/edgar/data/2074850/000110465925088292/tm2525462d1_8k.htm,SVAC,Spring Valley Acquisition Corp. III,8-K,2025-09-08,84,,False,,,,,0001104659-25-088292,https://www.sec.gov/Archives/edgar/data/2074850/000110465925088292/0001104659-25-088292.txt
0001561921,https://www.sec.gov/Archives/edgar/data/1561921/000168564025000004/form3-11032025_091117.xml,TELA,"TELA Bio, Inc.",3,2025-11-03,28,,False,,,,,0001685640-25-000004,https://www.sec.gov/Archives/edgar/data/1561921/000168564025000004/0001685640-25-000004.txt
0001561921,https://www.sec.gov/Archives/edgar/data/1561921/000208925025000003/form3-10102025_081001.xml,TELA,"TELA Bio, Inc.",3,2025-10-10,52,,False,,,,,0002089250-25-000003,https://www.sec.gov/Archives/edgar/data/1561921/000208925025000003/0002089250-25-000003.txt
0001561921,https://www.sec.gov/Archives/edgar/data/1561921/000090883425000358/form4.xml,TELA,"TELA Bio, Inc.",4,2025-11-17,14,,False,,,,,0000908834-25-000358,https://www.sec.gov/Archives/edgar/data/1561921/000090883425000358/0000908834-25-000358.txt
0001561921,https://www.sec.gov/Archives/edgar/data/1561921/000168564025000006/form4-11032025_091130.xml,TELA,"TELA Bio, Inc.",4,2025-11-03,28,,False,,,,,0001685640-25-000006,https://www.sec.gov/Archives/edgar/data/1561921/000168564025000006/0001685640-25-000006.txt
0001561921,https://www.sec.gov/Archives/edgar/data/1561921/000208925025000004/form4-10102025_081040.xml,TELA,"TELA Bio, Inc.",4,2025-10-10,52,,False,,,,,0002089250-25-000004,https://www.sec.gov/Archives/edgar/data/1561921/000208925025000004/0002089250-25-000004.txt
0001561921,https://www.sec.gov/Archives/edgar/data/1561921/000106299325013584/form4.xml,TELA,"TELA Bio, Inc.",4,2025-08-05,118,,False,,,,,0001062993-25-013584,https://www.sec.gov/Archives/edgar/data/1561921/000106299325013584/0001062993-25-013584.txt
0001561921,https://www.sec.gov/Archives/edgar/data/1561921/000106299325010689/form4.xml,TELA,"TELA Bio, Inc.",4,2025-06-02,182,,False,,,,,0001062993-25-010689,https://www.sec.gov/Archives/edgar/data/1561921/000106299325010689/0001062993-25-010689.txt
0001561921,https://www.sec.gov/Archives/edgar/data/1561921/000106299325010570/form4.xml,TELA,"TELA Bio, Inc.",4,2025-05-30,185,,False,,,,,0001062993-25-010570,https://www.sec.gov/Archives/edgar/data/1561921/000106299325010570/0001062993-25-010570.txt
0001561921,https://www.sec.gov/Archives/edgar/data/1561921/000110465925112577/tm2530987-2_424b5.htm,TELA,"TELA Bio, Inc.",424B5,2025-11-14,17,,False,,,,,0001104659-25-112577,https://www.sec.gov/Archives/edgar/data/1561921/000110465925112577/0001104659-25-112577.txt
0001561921,https://www.sec.gov/Archives/edgar/data/1561921/000110465925111400/tm2530987-1_424b5.htm,TELA,"TELA Bio, Inc.",424B5,2025-11-13,18,,False,,,,,0001104659-25-111400,https://www.sec.gov/Archives/edgar/data/1561921/000110465925111400/0001104659-25-111400.txt
0001561921,https://www.sec.gov/Archives/edgar/data/1561921/000110465925112653/tm2531310d1_8k.htm,TELA,"TELA Bio, Inc.",8-K,2025-11-14,17,,False,,,,,0001104659-25-112653,https://www.sec.gov/Archives/edgar/data/1561921/000110465925112653/0001104659-25-112653.txt
0001561921,https://www.sec.gov/Archives/edgar/data/1561921/000110465925111285/tm2531116d1_8k.htm,TELA,"TELA Bio, Inc.",8-K,2025-11-13,18,,False,,,,,0001104659-25-111285,https://www.sec.gov/Archives/edgar/data/1561921/000110465925111285/0001104659-25-111285.txt
0001561921,https://www.sec.gov/Archives/edgar/data/1561921/000110465925105548/tm2530000d1_8k.htm,TELA,"TELA Bio, Inc.",8-K,2025-11-03,28,,False,,,,,0001104659-25-105548,https://www.sec.gov/Archives/edgar/data/1561921/000110465925105548/0001104659-25-105548.txt
0001561921,https://www.sec.gov/Archives/edgar/data/1561921/000110465925098354/tm2528308d1_8k.htm,TELA,"TELA Bio, Inc.",8-K,2025-10-09,53,,False,,,,,0001104659-25-098354,https://www.sec.gov/Archives/edgar/data/1561921/000110465925098354/0001104659-25-098354.txt
0001561921,https://www.sec.gov/Archives/edgar/data/1561921/000110465925076153/tm2522957d1_8k.htm,TELA,"TELA Bio, Inc.",8-K,2025-08-11,112,,False,,,,,0001104659-25-076153,https://www.sec.gov/Archives/edgar/data/1561921/000110465925076153/0001104659-25-076153.txt
0001561921,https://www.sec.gov/Archives/edgar/data/1561921/000110465925055248/tm2516546d2_8k.htm,TELA,"TELA Bio, Inc.",8-K,2025-06-02,182,,False,,,,,0001104659-25-055248,https://www.sec.gov/Archives/edgar/data/1561921/000110465925055248/0001104659-25-055248.txt
0001561921,https://www.sec.gov/Archives/edgar/data/1561921/000110465925054867/tm2516546d1_8k.htm,TELA,"TELA Bio, Inc.",8-K,2025-05-30,185,,False,,,,,0001104659-25-054867,https://www.sec.gov/Archives/edgar/data/1561921/000110465925054867/0001104659-25-054867.txt
0001561921,https://www.sec.gov/Archives/edgar/data/1561921/000110465925046124/tm2514412d1_8k.htm,TELA,"TELA Bio, Inc.",8-K,2025-05-08,207,,False,,,,,0001104659-25-046124,https://www.sec.gov/Archives/edgar/data/1561921/000110465925046124/0001104659-25-046124.txt
0001561921,https://www.sec.gov/Archives/edgar/data/1561921/000110465925029612/tm2510876d1_8k.htm,TELA,"TELA Bio, Inc.",8-K,2025-03-31,245,,False,,,,,0001104659-25-029612,https://www.sec.gov/Archives/edgar/data/1561921/000110465925029612/0001104659-25-029612.txt
0001561921,https://www.sec.gov/Archives/edgar/data/1561921/000110465925026142/tm259858d1_8k.htm,TELA,"TELA Bio, Inc.",8-K,2025-03-20,256,,False,,,,,0001104659-25-026142,https://www.sec.gov/Archives/edgar/data/1561921/000110465925026142/0001104659-25-026142.txt
0001561921,https://www.sec.gov/Archives/edgar/data/1561921/000110465925076232/tm2522741d1_s8.htm,TELA,"TELA Bio, Inc.",S-8,2025-08-11,112,,False,,,,,0001104659-25-076232,https://www.sec.gov/Archives/edgar/data/1561921/000110465925076232/0001104659-25-076232.txt
0001561921,https://www.sec.gov/Archives/edgar/data/1561921/000110465925026691/tm259851d1_s8.htm,TELA,"TELA Bio, Inc.",S-8,2025-03-21,255,,False,,,,,0001104659-25-026691,https://www.sec.gov/Archives/edgar/data/1561921/000110465925026691/0001104659-25-026691.txt
0001782941,https://www.sec.gov/Archives/edgar/data/1782941/000141057825000068/tirx-20241031x20f.htm,TIRX,TIAN RUIXIANG HOLDINGS LTD,20-F,2025-01-31,304,,False,,NO_PERIODS,no inferable periods,,0001410578-25-000068,https://www.sec.gov/Archives/edgar/data/1782941/000141057825000068/0001410578-25-000068.txt
0001782941,https://www.sec.gov/Archives/edgar/data/1782941/000110465925099307/tm2527045d3_424b5.htm,TIRX,TIAN RUIXIANG HOLDINGS LTD,424B5,2025-10-14,48,,False,,,,,0001104659-25-099307,https://www.sec.gov/Archives/edgar/data/1782941/000110465925099307/0001104659-25-099307.txt
0001782941,https://www.sec.gov/Archives/edgar/data/1782941/000110465925106757/tm2530324d1_6k.htm,TIRX,TIAN RUIXIANG HOLDINGS LTD,6-K,2025-11-05,26,,False,,NO_CASHFLOW,cashflow statement missing,,0001104659-25-106757,https://www.sec.gov/Archives/edgar/data/1782941/000110465925106757/0001104659-25-106757.txt
0001782941,https://www.sec.gov/Archives/edgar/data/1782941/000110465925106755/tm2530324d2_6k.htm,TIRX,TIAN RUIXIANG HOLDINGS LTD,6-K,2025-11-05,26,,False,,NO_CASHFLOW,cashflow statement missing,,0001104659-25-106755,https://www.sec.gov/Archives/edgar/data/1782941/000110465925106755/0001104659-25-106755.txt
0001782941,https://www.sec.gov/Archives/edgar/data/1782941/000110465925099306/tm2527045d2_6k.htm,TIRX,TIAN RUIXIANG HOLDINGS LTD,6-K,2025-10-14,48,,False,,NO_CASHFLOW,cashflow statement missing,,0001104659-25-099306,https://www.sec.gov/Archives/edgar/data/1782941/000110465925099306/0001104659-25-099306.txt
0001782941,https://www.sec.gov/Archives/edgar/data/1782941/000110465925093575/tm2527045d1_6k.htm,TIRX,TIAN RUIXIANG HOLDINGS LTD,6-K,2025-09-26,66,,False,,NO_CASHFLOW,cashflow statement missing,,0001104659-25-093575,https://www.sec.gov/Archives/edgar/data/1782941/000110465925093575/0001104659-25-093575.txt
0001782941,https://www.sec.gov/Archives/edgar/data/1782941/000110465925089561/tm2525815d1_6k.htm,TIRX,TIAN RUIXIANG HOLDINGS LTD,6-K,2025-09-12,80,,False,,NO_CASHFLOW,cashflow statement missing,,0001104659-25-089561,https://www.sec.gov/Archives/edgar/data/1782941/000110465925089561/0001104659-25-089561.txt
0001782941,https://www.sec.gov/Archives/edgar/data/1782941/000110465925108890/tm2530720d1_6ka.htm,TIRX,TIAN RUIXIANG HOLDINGS LTD,6-K/A,2025-11-10,21,,False,,NO_CASHFLOW,cashflow statement missing,,0001104659-25-108890,https://www.sec.gov/Archives/edgar/data/1782941/000110465925108890/0001104659-25-108890.txt
0001782941,https://www.sec.gov/Archives/edgar/data/1782941/000141057825001918/tirx-20250630x6ka.htm,TIRX,TIAN RUIXIANG HOLDINGS LTD,6-K/A,2025-08-29,94,,False,,NO_PERIODS,no inferable periods,,0001410578-25-001918,https://www.sec.gov/Archives/edgar/data/1782941/000141057825001918/0001410578-25-001918.txt
0001580345,https://www.sec.gov/Archives/edgar/data/1580345/000158034525000005/tpvg-20241231.htm,TPVG,TriplePoint Venture Growth BDC Corp.,10-K,2025-03-05,271,,False,,NO_PERIODS,no inferable periods,,0001580345-25-000005,https://www.sec.gov/Archives/edgar/data/1580345/000158034525000005/0001580345-25-000005.txt
0001580345,https://www.sec.gov/Archives/edgar/data/1580345/000159498625000024/wk-form4_1764622894.xml,TPVG,TriplePoint Venture Growth BDC Corp.,4,2025-12-01,0,,False,,,,,0001594986-25-000024,https://www.sec.gov/Archives/edgar/data/1580345/000159498625000024/0001594986-25-000024.txt
0001580345,https://www.sec.gov/Archives/edgar/data/1580345/000159498325000024/wk-form4_1764622869.xml,TPVG,TriplePoint Venture Growth BDC Corp.,4,2025-12-01,0,,False,,,,,0001594983-25-000024,https://www.sec.gov/Archives/edgar/data/1580345/000159498325000024/0001594983-25-000024.txt
0001580345,https://www.sec.gov/Archives/edgar/data/1580345/000159498625000022/wk-form4_1764080912.xml,TPVG,TriplePoint Venture Growth BDC Corp.,4,2025-11-25,6,,False,,,,,0001594986-25-000022,https://www.sec.gov/Archives/edgar/data/1580345/000159498625000022/0001594986-25-000022.txt
0001580345,https://www.sec.gov/Archives/edgar/data/1580345/000159498325000022/wk-form4_1764080873.xml,TPVG,TriplePoint Venture Growth BDC Corp.,4,2025-11-25,6,,False,,,,,0001594983-25-000022,https://www.sec.gov/Archives/edgar/data/1580345/000159498325000022/0001594983-25-000022.txt
0001580345,https://www.sec.gov/Archives/edgar/data/1580345/000159498625000020/wk-form4_1763755128.xml,TPVG,TriplePoint Venture Growth BDC Corp.,4,2025-11-21,10,,False,,,,,0001594986-25-000020,https://www.sec.gov/Archives/edgar/data/1580345/000159498625000020/0001594986-25-000020.txt
0001580345,https://www.sec.gov/Archives/edgar/data/1580345/000159498325000020/wk-form4_1763755099.xml,TPVG,TriplePoint Venture Growth BDC Corp.,4,2025-11-21,10,,False,,,,,0001594983-25-000020,https://www.sec.gov/Archives/edgar/data/1580345/000159498325000020/0001594983-25-000020.txt
0001580345,https://www.sec.gov/Archives/edgar/data/1580345/000159498625000018/wk-form4_1763581519.xml,TPVG,TriplePoint Venture Growth BDC Corp.,4,2025-11-19,12,,False,,,,,0001594986-25-000018,https://www.sec.gov/Archives/edgar/data/1580345/000159498625000018/0001594986-25-000018.txt
0001580345,https://www.sec.gov/Archives/edgar/data/1580345/000159498325000018/wk-form4_1763581500.xml,TPVG,TriplePoint Venture Growth BDC Corp.,4,2025-11-19,12,,False,,,,,0001594983-25-000018,https://www.sec.gov/Archives/edgar/data/1580345/000159498325000018/0001594983-25-000018.txt
0001580345,https://www.sec.gov/Archives/edgar/data/1580345/000159498625000016/wk-form4_1763407007.xml,TPVG,TriplePoint Venture Growth BDC Corp.,4,2025-11-17,14,,False,,,,,0001594986-25-000016,https://www.sec.gov/Archives/edgar/data/1580345/000159498625000016/0001594986-25-000016.txt
0001580345,https://www.sec.gov/Archives/edgar/data/1580345/000159498325000016/wk-form4_1763406972.xml,TPVG,TriplePoint Venture Growth BDC Corp.,4,2025-11-17,14,,False,,,,,0001594983-25-000016,https://www.sec.gov/Archives/edgar/data/1580345/000159498325000016/0001594983-25-000016.txt
0001580345,https://www.sec.gov/Archives/edgar/data/1580345/000121390025116265/ea0267336-8k_triple.htm,TPVG,TriplePoint Venture Growth BDC Corp.,8-K,2025-12-01,0,,False,,,,,0001213900-25-116265,https://www.sec.gov/Archives/edgar/data/1580345/000121390025116265/0001213900-25-116265.txt
0001580345,https://www.sec.gov/Archives/edgar/data/1580345/000158034525000031/tvpg-20251105.htm,TPVG,TriplePoint Venture Growth BDC Corp.,8-K,2025-11-05,26,,False,,,,,0001580345-25-000031,https://www.sec.gov/Archives/edgar/data/1580345/000158034525000031/0001580345-25-000031.txt
0001580345,https://www.sec.gov/Archives/edgar/data/1580345/000158034525000028/tvpg-20251014.htm,TPVG,TriplePoint Venture Growth BDC Corp.,8-K,2025-10-14,48,,False,,,,,0001580345-25-000028,https://www.sec.gov/Archives/edgar/data/1580345/000158034525000028/0001580345-25-000028.txt
0001580345,https://www.sec.gov/Archives/edgar/data/1580345/000158034525000023/tvpg-20250806.htm,TPVG,TriplePoint Venture Growth BDC Corp.,8-K,2025-08-06,117,,False,,,,,0001580345-25-000023,https://www.sec.gov/Archives/edgar/data/1580345/000158034525000023/0001580345-25-000023.txt
0001580345,https://www.sec.gov/Archives/edgar/data/1580345/000158034525000017/tvpg-20250507.htm,TPVG,TriplePoint Venture Growth BDC Corp.,8-K,2025-05-07,208,,False,,,,,0001580345-25-000017,https://www.sec.gov/Archives/edgar/data/1580345/000158034525000017/0001580345-25-000017.txt
0001580345,https://www.sec.gov/Archives/edgar/data/1580345/000158034525000014/tvpg-20250430.htm,TPVG,TriplePoint Venture Growth BDC Corp.,8-K,2025-05-01,214,,False,,,,,0001580345-25-000014,https://www.sec.gov/Archives/edgar/data/1580345/000158034525000014/0001580345-25-000014.txt
0001580345,https://www.sec.gov/Archives/edgar/data/1580345/000158034525000003/tvpg-20250305.htm,TPVG,TriplePoint Venture Growth BDC Corp.,8-K,2025-03-05,271,,False,,,,,0001580345-25-000003,https://www.sec.gov/Archives/edgar/data/1580345/000158034525000003/0001580345-25-000003.txt
0001580345,https://www.sec.gov/Archives/edgar/data/1580345/000121390025007884/ea0228873-8k_triple.htm,TPVG,TriplePoint Venture Growth BDC Corp.,8-K,2025-01-29,306,,False,,,,,0001213900-25-007884,https://www.sec.gov/Archives/edgar/data/1580345/000121390025007884/0001213900-25-007884.txt
0001580345,https://www.sec.gov/Archives/edgar/data/1580345/000158034524000050/tvpg-20241213.htm,TPVG,TriplePoint Venture Growth BDC Corp.,8-K,2024-12-18,348,,False,,,,,0001580345-24-000050,https://www.sec.gov/Archives/edgar/data/1580345/000158034524000050/0001580345-24-000050.txt
0001580345,https://www.sec.gov/Archives/edgar/data/1580345/000158034524000046/tvpg-20241106.htm,TPVG,TriplePoint Venture Growth BDC Corp.,8-K,2024-11-06,390,,False,,,,,0001580345-24-000046,https://www.sec.gov/Archives/edgar/data/1580345/000158034524000046/0001580345-24-000046.txt
0001956744,https://www.sec.gov/Archives/edgar/data/1956744/000164117225025808/ownership.xml,TRON,Tron Inc.,4,2025-08-28,95,,False,,,,,0001641172-25-025808,https://www.sec.gov/Archives/edgar/data/1956744/000164117225025808/0001641172-25-025808.txt
0001956744,https://www.sec.gov/Archives/edgar/data/1956744/000164117225024648/ownership.xml,TRON,Tron Inc.,4,2025-08-18,105,,False,,,,,0001641172-25-024648,https://www.sec.gov/Archives/edgar/data/1956744/000164117225024648/0001641172-25-024648.txt
0001956744,https://www.sec.gov/Archives/edgar/data/1956744/000164117225024645/ownership.xml,TRON,Tron Inc.,4,2025-08-18,105,,False,,,,,0001641172-25-024645,https://www.sec.gov/Archives/edgar/data/1956744/000164117225024645/0001641172-25-024645.txt
0001956744,https://www.sec.gov/Archives/edgar/data/1956744/000164117225024649/ownership.xml,TRON,Tron Inc.,4,2025-08-18,105,,False,,,,,0001641172-25-024649,https://www.sec.gov/Archives/edgar/data/1956744/000164117225024649/0001641172-25-024649.txt
0001956744,https://www.sec.gov/Archives/edgar/data/1956744/000164117225017890/ownership.xml,TRON,Tron Inc.,4,2025-07-03,151,,False,,,,,0001641172-25-017890,https://www.sec.gov/Archives/edgar/data/1956744/000164117225017890/0001641172-25-017890.txt
0001956744,https://www.sec.gov/Archives/edgar/data/1956744/000164117225017889/ownership.xml,TRON,Tron Inc.,4,2025-07-03,151,,False,,,,,0001641172-25-017889,https://www.sec.gov/Archives/edgar/data/1956744/000164117225017889/0001641172-25-017889.txt
0001956744,https://www.sec.gov/Archives/edgar/data/1956744/000164117225016563/ownership.xml,TRON,Tron Inc.,4,2025-06-25,159,,False,,,,,0001641172-25-016563,https://www.sec.gov/Archives/edgar/data/1956744/000164117225016563/0001641172-25-016563.txt
0001956744,https://www.sec.gov/Archives/edgar/data/1956744/000164117225016562/ownership.xml,TRON,Tron Inc.,4,2025-06-25,159,,False,,,,,0001641172-25-016562,https://www.sec.gov/Archives/edgar/data/1956744/000164117225016562/0001641172-25-016562.txt
0001956744,https://www.sec.gov/Archives/edgar/data/1956744/000164117225016565/ownership.xml,TRON,Tron Inc.,4,2025-06-25,159,,False,,,,,0001641172-25-016565,https://www.sec.gov/Archives/edgar/data/1956744/000164117225016565/0001641172-25-016565.txt
0001956744,https://www.sec.gov/Archives/edgar/data/1956744/000164117225016334/ownership.xml,TRON,Tron Inc.,4,2025-06-24,160,,False,,,,,0001641172-25-016334,https://www.sec.gov/Archives/edgar/data/1956744/000164117225016334/0001641172-25-016334.txt
0001956744,https://www.sec.gov/Archives/edgar/data/1956744/000149315224048993/form424b5.htm,TRON,Tron Inc.,424B5,2024-12-06,360,,False,,,,,0001493152-24-048993,https://www.sec.gov/Archives/edgar/data/1956744/000149315224048993/0001493152-24-048993.txt
0001956744,https://www.sec.gov/Archives/edgar/data/1956744/000149315225021757/form8-k.htm,TRON,Tron Inc.,8-K,2025-11-12,19,,False,,,,,0001493152-25-021757,https://www.sec.gov/Archives/edgar/data/1956744/000149315225021757/0001493152-25-021757.txt
0001956744,https://www.sec.gov/Archives/edgar/data/1956744/000164117225026144/form8-k.htm,TRON,Tron Inc.,8-K,2025-09-02,90,,False,,,,,0001641172-25-026144,https://www.sec.gov/Archives/edgar/data/1956744/000164117225026144/0001641172-25-026144.txt
0001956744,https://www.sec.gov/Archives/edgar/data/1956744/000164117225026127/form8-k.htm,TRON,Tron Inc.,8-K,2025-09-02,90,,False,,,,,0001641172-25-026127,https://www.sec.gov/Archives/edgar/data/1956744/000164117225026127/0001641172-25-026127.txt
0001956744,https://www.sec.gov/Archives/edgar/data/1956744/000164117225026036/form8-k.htm,TRON,Tron Inc.,8-K,2025-08-29,94,,False,,,,,0001641172-25-026036,https://www.sec.gov/Archives/edgar/data/1956744/000164117225026036/0001641172-25-026036.txt
0001956744,https://www.sec.gov/Archives/edgar/data/1956744/000164117225022909/form8-k.htm,TRON,Tron Inc.,8-K,2025-08-11,112,,False,,,,,0001641172-25-022909,https://www.sec.gov/Archives/edgar/data/1956744/000164117225022909/0001641172-25-022909.txt
0001956744,https://www.sec.gov/Archives/edgar/data/1956744/000164117225020664/form8-k.htm,TRON,Tron Inc.,8-K,2025-07-23,131,,False,,,,,0001641172-25-020664,https://www.sec.gov/Archives/edgar/data/1956744/000164117225020664/0001641172-25-020664.txt
0001956744,https://www.sec.gov/Archives/edgar/data/1956744/000164117225019987/form8-k.htm,TRON,Tron Inc.,8-K,2025-07-17,137,,False,,,,,0001641172-25-019987,https://www.sec.gov/Archives/edgar/data/1956744/000164117225019987/0001641172-25-019987.txt
0001956744,https://www.sec.gov/Archives/edgar/data/1956744/000164117225019830/form8-k.htm,TRON,Tron Inc.,8-K,2025-07-16,138,,False,,,,,0001641172-25-019830,https://www.sec.gov/Archives/edgar/data/1956744/000164117225019830/0001641172-25-019830.txt
0001956744,https://www.sec.gov/Archives/edgar/data/1956744/000164117225017055/form8-k.htm,TRON,Tron Inc.,8-K,2025-06-30,154,,False,,,,,0001641172-25-017055,https://www.sec.gov/Archives/edgar/data/1956744/000164117225017055/0001641172-25-017055.txt
0001956744,https://www.sec.gov/Archives/edgar/data/1956744/000164117225015738/form8-k.htm,TRON,Tron Inc.,8-K,2025-06-20,164,,False,,,,,0001641172-25-015738,https://www.sec.gov/Archives/edgar/data/1956744/000164117225015738/0001641172-25-015738.txt
0001956744,https://www.sec.gov/Archives/edgar/data/1956744/000164117225021114/forms-3.htm,TRON,Tron Inc.,S-3,2025-07-28,126,,False,,,,,0001641172-25-021114,https://www.sec.gov/Archives/edgar/data/1956744/000164117225021114/0001641172-25-021114.txt
0001956744,https://www.sec.gov/Archives/edgar/data/1956744/000164117225012794/forms-3.htm,TRON,Tron Inc.,S-3,2025-05-29,186,,False,,,,,0001641172-25-012794,https://www.sec.gov/Archives/edgar/data/1956744/000164117225012794/0001641172-25-012794.txt
0001956744,https://www.sec.gov/Archives/edgar/data/1956744/000149315225018367/forms-3a.htm,TRON,Tron Inc.,S-3/A,2025-10-17,45,,False,,,,,0001493152-25-018367,https://www.sec.gov/Archives/edgar/data/1956744/000149315225018367/0001493152-25-018367.txt
0001956744,https://www.sec.gov/Archives/edgar/data/1956744/000164117225025261/forms-3a.htm,TRON,Tron Inc.,S-3/A,2025-08-22,101,,False,,,,,0001641172-25-025261,https://www.sec.gov/Archives/edgar/data/1956744/000164117225025261/0001641172-25-025261.txt
0001956744,https://www.sec.gov/Archives/edgar/data/1956744/000164117225012050/forms-8.htm,TRON,Tron Inc.,S-8,2025-05-22,193,,False,,,,,0001641172-25-012050,https://www.sec.gov/Archives/edgar/data/1956744/000164117225012050/0001641172-25-012050.txt
0001855447,https://www.sec.gov/Archives/edgar/data/1855447/000119312525264656/tygo-20250930.htm,TYGO,"TIGO ENERGY, INC.",10-Q,2025-11-04,27,,False,,NO_PERIODS,no inferable periods,,0001193125-25-264656,https://www.sec.gov/Archives/edgar/data/1855447/000119312525264656/0001193125-25-264656.txt
0001855447,https://www.sec.gov/Archives/edgar/data/1855447/000095017025103189/tygo-20250630.htm,TYGO,"TIGO ENERGY, INC.",10-Q,2025-08-05,118,,False,,NO_PERIODS,no inferable periods,,0000950170-25-103189,https://www.sec.gov/Archives/edgar/data/1855447/000095017025103189/0000950170-25-103189.txt
0001855447,https://www.sec.gov/Archives/edgar/data/1855447/000121390025114947/ownership.xml,TYGO,"TIGO ENERGY, INC.",4,2025-11-25,6,,False,,,,,0001213900-25-114947,https://www.sec.gov/Archives/edgar/data/1855447/000121390025114947/0001213900-25-114947.txt
0001855447,https://www.sec.gov/Archives/edgar/data/1855447/000121390025097867/ownership.xml,TYGO,"TIGO ENERGY, INC.",4,2025-10-09,53,,False,,,,,0001213900-25-097867,https://www.sec.gov/Archives/edgar/data/1855447/000121390025097867/0001213900-25-097867.txt
0001855447,https://www.sec.gov/Archives/edgar/data/1855447/000121390025089203/ownership.xml,TYGO,"TIGO ENERGY, INC.",4,2025-09-18,74,,False,,,,,0001213900-25-089203,https://www.sec.gov/Archives/edgar/data/1855447/000121390025089203/0001213900-25-089203.txt
0001855447,https://www.sec.gov/Archives/edgar/data/1855447/000121390025089202/ownership.xml,TYGO,"TIGO ENERGY, INC.",4,2025-09-18,74,,False,,,,,0001213900-25-089202,https://www.sec.gov/Archives/edgar/data/1855447/000121390025089202/0001213900-25-089202.txt
0001855447,https://www.sec.gov/Archives/edgar/data/1855447/000121390025089201/ownership.xml,TYGO,"TIGO ENERGY, INC.",4,2025-09-18,74,,False,,,,,0001213900-25-089201,https://www.sec.gov/Archives/edgar/data/1855447/000121390025089201/0001213900-25-089201.txt
0001855447,https://www.sec.gov/Archives/edgar/data/1855447/000121390025089200/ownership.xml,TYGO,"TIGO ENERGY, INC.",4,2025-09-18,74,,False,,,,,0001213900-25-089200,https://www.sec.gov/Archives/edgar/data/1855447/000121390025089200/0001213900-25-089200.txt
0001855447,https://www.sec.gov/Archives/edgar/data/1855447/000121390025079532/ownership.xml,TYGO,"TIGO ENERGY, INC.",4,2025-08-21,102,,False,,,,,0001213900-25-079532,https://www.sec.gov/Archives/edgar/data/1855447/000121390025079532/0001213900-25-079532.txt
0001855447,https://www.sec.gov/Archives/edgar/data/1855447/000121390025079531/ownership.xml,TYGO,"TIGO ENERGY, INC.",4,2025-08-21,102,,False,,,,,0001213900-25-079531,https://www.sec.gov/Archives/edgar/data/1855447/000121390025079531/0001213900-25-079531.txt
0001855447,https://www.sec.gov/Archives/edgar/data/1855447/000121390025079530/ownership.xml,TYGO,"TIGO ENERGY, INC.",4,2025-08-21,102,,False,,,,,0001213900-25-079530,https://www.sec.gov/Archives/edgar/data/1855447/000121390025079530/0001213900-25-079530.txt
0001855447,https://www.sec.gov/Archives/edgar/data/1855447/000121390025079529/ownership.xml,TYGO,"TIGO ENERGY, INC.",4,2025-08-21,102,,False,,,,,0001213900-25-079529,https://www.sec.gov/Archives/edgar/data/1855447/000121390025079529/0001213900-25-079529.txt
0001855447,https://www.sec.gov/Archives/edgar/data/1855447/000121390024102921/ea0222399-424b5_tigo.htm,TYGO,"TIGO ENERGY, INC.",424B5,2024-11-26,370,,False,,,,,0001213900-24-102921,https://www.sec.gov/Archives/edgar/data/1855447/000121390024102921/0001213900-24-102921.txt
0001855447,https://www.sec.gov/Archives/edgar/data/1855447/000121390025103094/ea0262813-8k_tigo.htm,TYGO,"TIGO ENERGY, INC.",8-K,2025-10-28,34,,False,,,,,0001213900-25-103094,https://www.sec.gov/Archives/edgar/data/1855447/000121390025103094/0001213900-25-103094.txt
0001855447,https://www.sec.gov/Archives/edgar/data/1855447/000121390025080131/ea0254123-8k_tigo.htm,TYGO,"TIGO ENERGY, INC.",8-K,2025-08-25,98,,False,,,,,0001213900-25-080131,https://www.sec.gov/Archives/edgar/data/1855447/000121390025080131/0001213900-25-080131.txt
0001855447,https://www.sec.gov/Archives/edgar/data/1855447/000121390025068713/ea0250502-8k_tigo.htm,TYGO,"TIGO ENERGY, INC.",8-K,2025-07-29,125,,False,,,,,0001213900-25-068713,https://www.sec.gov/Archives/edgar/data/1855447/000121390025068713/0001213900-25-068713.txt
0001855447,https://www.sec.gov/Archives/edgar/data/1855447/000121390025054966/ea0245962-8k_tigoenergy.htm,TYGO,"TIGO ENERGY, INC.",8-K,2025-06-17,167,,False,,,,,0001213900-25-054966,https://www.sec.gov/Archives/edgar/data/1855447/000121390025054966/0001213900-25-054966.txt
0001855447,https://www.sec.gov/Archives/edgar/data/1855447/000121390025049161/ea0243927-8k_tigoenergy.htm,TYGO,"TIGO ENERGY, INC.",8-K,2025-05-30,185,,False,,,,,0001213900-25-049161,https://www.sec.gov/Archives/edgar/data/1855447/000121390025049161/0001213900-25-049161.txt
0001855447,https://www.sec.gov/Archives/edgar/data/1855447/000121390025046441/ea0242812-8k_tigoenergy.htm,TYGO,"TIGO ENERGY, INC.",8-K,2025-05-21,194,,False,,,,,0001213900-25-046441,https://www.sec.gov/Archives/edgar/data/1855447/000121390025046441/0001213900-25-046441.txt
0001855447,https://www.sec.gov/Archives/edgar/data/1855447/000121390025040178/ea0240970-8k_tigoenergy.htm,TYGO,"TIGO ENERGY, INC.",8-K,2025-05-06,209,,False,,,,,0001213900-25-040178,https://www.sec.gov/Archives/edgar/data/1855447/000121390025040178/0001213900-25-040178.txt
0001855447,https://www.sec.gov/Archives/edgar/data/1855447/000121390025029443/ea0237393-8k_tigo.htm,TYGO,"TIGO ENERGY, INC.",8-K,2025-04-07,238,,False,,,,,0001213900-25-029443,https://www.sec.gov/Archives/edgar/data/1855447/000121390025029443/0001213900-25-029443.txt
0001855447,https://www.sec.gov/Archives/edgar/data/1855447/000121390025015828/ea0231759-8k_tigo.htm,TYGO,"TIGO ENERGY, INC.",8-K,2025-02-21,283,,False,,,,,0001213900-25-015828,https://www.sec.gov/Archives/edgar/data/1855447/000121390025015828/0001213900-25-015828.txt
0001855447,https://www.sec.gov/Archives/edgar/data/1855447/000121390025012211/ea0230582-8k_tigo.htm,TYGO,"TIGO ENERGY, INC.",8-K,2025-02-11,293,,False,,,,,0001213900-25-012211,https://www.sec.gov/Archives/edgar/data/1855447/000121390025012211/0001213900-25-012211.txt
0001855447,https://www.sec.gov/Archives/edgar/data/1855447/000121390025025593/ea0235022-s8_tigo.htm,TYGO,"TIGO ENERGY, INC.",S-8,2025-03-20,256,,False,,,,,0001213900-25-025593,https://www.sec.gov/Archives/edgar/data/1855447/000121390025025593/0001213900-25-025593.txt
0001133311,https://www.sec.gov/Archives/edgar/data/1133311/000113331125000007/tzoo-20241231.htm,TZOO,TRAVELZOO,10-K,2025-03-19,257,,False,,NO_PERIODS,no inferable periods,,0001133311-25-000007,https://www.sec.gov/Archives/edgar/data/1133311/000113331125000007/0001133311-25-000007.txt
0001133311,https://www.sec.gov/Archives/edgar/data/1133311/000113331125000020/tzoo-20250930.htm,TZOO,TRAVELZOO,10-Q,2025-11-10,21,,False,,NO_PERIODS,no inferable periods,,0001133311-25-000020,https://www.sec.gov/Archives/edgar/data/1133311/000113331125000020/0001133311-25-000020.txt
0001133311,https://www.sec.gov/Archives/edgar/data/1133311/000113331125000016/tzoo-20250630.htm,TZOO,TRAVELZOO,10-Q,2025-08-12,111,,False,,NO_PERIODS,no inferable periods,,0001133311-25-000016,https://www.sec.gov/Archives/edgar/data/1133311/000113331125000016/0001133311-25-000016.txt
0001133311,https://www.sec.gov/Archives/edgar/data/1133311/000134913225000023/wk-form4_1763069247.xml,TZOO,TRAVELZOO,4,2025-11-13,18,,False,,,,,0001349132-25-000023,https://www.sec.gov/Archives/edgar/data/1133311/000134913225000023/0001349132-25-000023.txt
0001133311,https://www.sec.gov/Archives/edgar/data/1133311/000134913225000021/wk-form4_1762462958.xml,TZOO,TRAVELZOO,4,2025-11-06,25,,False,,,,,0001349132-25-000021,https://www.sec.gov/Archives/edgar/data/1133311/000134913225000021/0001349132-25-000021.txt
0001133311,https://www.sec.gov/Archives/edgar/data/1133311/000162828025043102/wk-form4_1759177847.xml,TZOO,TRAVELZOO,4,2025-09-29,63,,False,,,,,0001628280-25-043102,https://www.sec.gov/Archives/edgar/data/1133311/000162828025043102/0001628280-25-043102.txt
0001133311,https://www.sec.gov/Archives/edgar/data/1133311/000134913225000018/wk-form4_1758832824.xml,TZOO,TRAVELZOO,4,2025-09-25,67,,False,,,,,0001349132-25-000018,https://www.sec.gov/Archives/edgar/data/1133311/000134913225000018/0001349132-25-000018.txt
0001133311,https://www.sec.gov/Archives/edgar/data/1133311/000134913225000016/wk-form4_1758140482.xml,TZOO,TRAVELZOO,4,2025-09-17,75,,False,,,,,0001349132-25-000016,https://www.sec.gov/Archives/edgar/data/1133311/000134913225000016/0001349132-25-000016.txt
0001133311,https://www.sec.gov/Archives/edgar/data/1133311/000134913225000013/wk-form4_1757967582.xml,TZOO,TRAVELZOO,4,2025-09-15,77,,False,,,,,0001349132-25-000013,https://www.sec.gov/Archives/edgar/data/1133311/000134913225000013/0001349132-25-000013.txt
0001133311,https://www.sec.gov/Archives/edgar/data/1133311/000162828025041866/wk-form4_1757534550.xml,TZOO,TRAVELZOO,4,2025-09-10,82,,False,,,,,0001628280-25-041866,https://www.sec.gov/Archives/edgar/data/1133311/000162828025041866/0001628280-25-041866.txt
0001133311,https://www.sec.gov/Archives/edgar/data/1133311/000162828025041575/wk-form4_1756933962.xml,TZOO,TRAVELZOO,4,2025-09-03,89,,False,,,,,0001628280-25-041575,https://www.sec.gov/Archives/edgar/data/1133311/000162828025041575/0001628280-25-041575.txt
0001133311,https://www.sec.gov/Archives/edgar/data/1133311/000162828025041395/wk-form4_1756497615.xml,TZOO,TRAVELZOO,4,2025-08-29,94,,False,,,,,0001628280-25-041395,https://www.sec.gov/Archives/edgar/data/1133311/000162828025041395/0001628280-25-041395.txt
0001133311,https://www.sec.gov/Archives/edgar/data/1133311/000162828025041116/wk-form4_1756153197.xml,TZOO,TRAVELZOO,4,2025-08-25,98,,False,,,,,0001628280-25-041116,https://www.sec.gov/Archives/edgar/data/1133311/000162828025041116/0001628280-25-041116.txt
0001133311,https://www.sec.gov/Archives/edgar/data/1133311/000113331125000018/tzoo-20251028.htm,TZOO,TRAVELZOO,8-K,2025-10-28,34,,False,,,,,0001133311-25-000018,https://www.sec.gov/Archives/edgar/data/1133311/000113331125000018/0001133311-25-000018.txt
0001133311,https://www.sec.gov/Archives/edgar/data/1133311/000113331125000013/tzoo-20250723.htm,TZOO,TRAVELZOO,8-K,2025-07-23,131,,False,,,,,0001133311-25-000013,https://www.sec.gov/Archives/edgar/data/1133311/000113331125000013/0001133311-25-000013.txt
0001133311,https://www.sec.gov/Archives/edgar/data/1133311/000162828025029275/tzoo-20250604.htm,TZOO,TRAVELZOO,8-K,2025-06-04,180,,False,,,,,0001628280-25-029275,https://www.sec.gov/Archives/edgar/data/1133311/000162828025029275/0001628280-25-029275.txt
0001133311,https://www.sec.gov/Archives/edgar/data/1133311/000162828025020615/tzoo-20250429.htm,TZOO,TRAVELZOO,8-K,2025-04-29,216,,False,,,,,0001628280-25-020615,https://www.sec.gov/Archives/edgar/data/1133311/000162828025020615/0001628280-25-020615.txt
0001133311,https://www.sec.gov/Archives/edgar/data/1133311/000113331125000004/tzoo-20250225.htm,TZOO,TRAVELZOO,8-K,2025-02-25,279,,False,,,,,0001133311-25-000004,https://www.sec.gov/Archives/edgar/data/1133311/000113331125000004/0001133311-25-000004.txt
0001266806,https://www.sec.gov/Archives/edgar/data/1266806/000175392625001808/form4.xml,VANI,"Vivani Medical, Inc.",4,2025-11-17,14,,False,,,,,0001753926-25-001808,https://www.sec.gov/Archives/edgar/data/1266806/000175392625001808/0001753926-25-001808.txt
0001266806,https://www.sec.gov/Archives/edgar/data/1266806/000175392625001658/form4.xml,VANI,"Vivani Medical, Inc.",4,2025-10-28,34,,False,,,,,0001753926-25-001658,https://www.sec.gov/Archives/edgar/data/1266806/000175392625001658/0001753926-25-001658.txt
0001266806,https://www.sec.gov/Archives/edgar/data/1266806/000175392625001616/primary_doc.xml,VANI,"Vivani Medical, Inc.",4,2025-10-16,46,,False,,,,,0001753926-25-001616,https://www.sec.gov/Archives/edgar/data/1266806/000175392625001616/0001753926-25-001616.txt
0001266806,https://www.sec.gov/Archives/edgar/data/1266806/000175392625001511/primary_doc.xml,VANI,"Vivani Medical, Inc.",4,2025-09-17,75,,False,,,,,0001753926-25-001511,https://www.sec.gov/Archives/edgar/data/1266806/000175392625001511/0001753926-25-001511.txt
0001266806,https://www.sec.gov/Archives/edgar/data/1266806/000175392625001037/primary_doc.xml,VANI,"Vivani Medical, Inc.",4,2025-06-26,158,,False,,,,,0001753926-25-001037,https://www.sec.gov/Archives/edgar/data/1266806/000175392625001037/0001753926-25-001037.txt
0001266806,https://www.sec.gov/Archives/edgar/data/1266806/000175392625001031/form4.xml,VANI,"Vivani Medical, Inc.",4,2025-06-26,158,,False,,,,,0001753926-25-001031,https://www.sec.gov/Archives/edgar/data/1266806/000175392625001031/0001753926-25-001031.txt
0001266806,https://www.sec.gov/Archives/edgar/data/1266806/000175392625001029/form4.xml,VANI,"Vivani Medical, Inc.",4,2025-06-26,158,,False,,,,,0001753926-25-001029,https://www.sec.gov/Archives/edgar/data/1266806/000175392625001029/0001753926-25-001029.txt
0001266806,https://www.sec.gov/Archives/edgar/data/1266806/000175392625001027/form4.xml,VANI,"Vivani Medical, Inc.",4,2025-06-26,158,,False,,,,,0001753926-25-001027,https://www.sec.gov/Archives/edgar/data/1266806/000175392625001027/0001753926-25-001027.txt
0001266806,https://www.sec.gov/Archives/edgar/data/1266806/000175392625001024/form4.xml,VANI,"Vivani Medical, Inc.",4,2025-06-26,158,,False,,,,,0001753926-25-001024,https://www.sec.gov/Archives/edgar/data/1266806/000175392625001024/0001753926-25-001024.txt
0001266806,https://www.sec.gov/Archives/edgar/data/1266806/000175392625001653/MainDocument.htm,VANI,"Vivani Medical, Inc.",424B5,2025-10-28,34,,False,,,,,0001753926-25-001653,https://www.sec.gov/Archives/edgar/data/1266806/000175392625001653/0001753926-25-001653.txt
0001266806,https://www.sec.gov/Archives/edgar/data/1266806/000175392625001768/vani-20251113.htm,VANI,"Vivani Medical, Inc.",8-K,2025-11-13,18,,False,,,,,0001753926-25-001768,https://www.sec.gov/Archives/edgar/data/1266806/000175392625001768/0001753926-25-001768.txt
0001266806,https://www.sec.gov/Archives/edgar/data/1266806/000175392625001655/vani-20251026.htm,VANI,"Vivani Medical, Inc.",8-K,2025-10-28,34,,False,,,,,0001753926-25-001655,https://www.sec.gov/Archives/edgar/data/1266806/000175392625001655/0001753926-25-001655.txt
0001266806,https://www.sec.gov/Archives/edgar/data/1266806/000175392625001582/vani-20251003.htm,VANI,"Vivani Medical, Inc.",8-K,2025-10-03,59,,False,,,,,0001753926-25-001582,https://www.sec.gov/Archives/edgar/data/1266806/000175392625001582/0001753926-25-001582.txt
0001266806,https://www.sec.gov/Archives/edgar/data/1266806/000175392625001510/vani-20250917.htm,VANI,"Vivani Medical, Inc.",8-K,2025-09-17,75,,False,,,,,0001753926-25-001510,https://www.sec.gov/Archives/edgar/data/1266806/000175392625001510/0001753926-25-001510.txt
0001266806,https://www.sec.gov/Archives/edgar/data/1266806/000175392625001443/vani-20250909.htm,VANI,"Vivani Medical, Inc.",8-K,2025-09-09,83,,False,,,,,0001753926-25-001443,https://www.sec.gov/Archives/edgar/data/1266806/000175392625001443/0001753926-25-001443.txt
0001266806,https://www.sec.gov/Archives/edgar/data/1266806/000175392625001431/vani-20250904.htm,VANI,"Vivani Medical, Inc.",8-K,2025-09-04,88,,False,,,,,0001753926-25-001431,https://www.sec.gov/Archives/edgar/data/1266806/000175392625001431/0001753926-25-001431.txt
0001266806,https://www.sec.gov/Archives/edgar/data/1266806/000175392625001328/vani-20250811.htm,VANI,"Vivani Medical, Inc.",8-K,2025-08-13,110,,False,,,,,0001753926-25-001328,https://www.sec.gov/Archives/edgar/data/1266806/000175392625001328/0001753926-25-001328.txt
0001266806,https://www.sec.gov/Archives/edgar/data/1266806/000175392625001228/vani-20250805.htm,VANI,"Vivani Medical, Inc.",8-K,2025-08-05,118,,False,,,,,0001753926-25-001228,https://www.sec.gov/Archives/edgar/data/1266806/000175392625001228/0001753926-25-001228.txt
0001266806,https://www.sec.gov/Archives/edgar/data/1266806/000175392625001005/vani-20250624.htm,VANI,"Vivani Medical, Inc.",8-K,2025-06-25,159,,False,,,,,0001753926-25-001005,https://www.sec.gov/Archives/edgar/data/1266806/000175392625001005/0001753926-25-001005.txt
0001266806,https://www.sec.gov/Archives/edgar/data/1266806/000175392625000966/vani-20250617.htm,VANI,"Vivani Medical, Inc.",8-K,2025-06-17,167,,False,,,,,0001753926-25-000966,https://www.sec.gov/Archives/edgar/data/1266806/000175392625000966/0001753926-25-000966.txt
0001863006,https://www.sec.gov/Archives/edgar/data/1863006/000121390025017221/ea0231157-20f_valenssemi.htm,VLN,Valens Semiconductor Ltd.,20-F,2025-02-26,278,,False,,NO_PERIODS,no inferable periods,,0001213900-25-017221,https://www.sec.gov/Archives/edgar/data/1863006/000121390025017221/0001213900-25-017221.txt
0001863006,https://www.sec.gov/Archives/edgar/data/1863006/000121390025108576/ea0264522-6k_valens.htm,VLN,Valens Semiconductor Ltd.,6-K,2025-11-12,19,,False,,NO_CASHFLOW,cashflow statement missing,,0001213900-25-108576,https://www.sec.gov/Archives/edgar/data/1863006/000121390025108576/0001213900-25-108576.txt
0001863006,https://www.sec.gov/Archives/edgar/data/1863006/000121390025108202/ea0264552-6k_valens.htm,VLN,Valens Semiconductor Ltd.,6-K,2025-11-10,21,,False,,NO_CASHFLOW,cashflow statement missing,,0001213900-25-108202,https://www.sec.gov/Archives/edgar/data/1863006/000121390025108202/0001213900-25-108202.txt
0001863006,https://www.sec.gov/Archives/edgar/data/1863006/000121390025107914/ea0264175-6k_valens.htm,VLN,Valens Semiconductor Ltd.,6-K,2025-11-10,21,,False,,NO_CASHFLOW,cashflow statement missing,,0001213900-25-107914,https://www.sec.gov/Archives/edgar/data/1863006/000121390025107914/0001213900-25-107914.txt
0001863006,https://www.sec.gov/Archives/edgar/data/1863006/000095010325014110/dp236795_6k.htm,VLN,Valens Semiconductor Ltd.,6-K,2025-11-03,28,,False,,NO_CASHFLOW,cashflow statement missing,,0000950103-25-014110,https://www.sec.gov/Archives/edgar/data/1863006/000095010325014110/0000950103-25-014110.txt
0001863006,https://www.sec.gov/Archives/edgar/data/1863006/000095010325003411/dp226190_s8.htm,VLN,Valens Semiconductor Ltd.,S-8,2025-03-13,263,,False,,,,,0000950103-25-003411,https://www.sec.gov/Archives/edgar/data/1863006/000095010325003411/0000950103-25-003411.txt
0001729149,https://www.sec.gov/Archives/edgar/data/1729149/000172914925000056/vmd-20241231.htm,VMD,"VIEMED HEALTHCARE, INC.",10-K,2025-03-10,266,,False,,NO_PERIODS,no inferable periods,,0001729149-25-000056,https://www.sec.gov/Archives/edgar/data/1729149/000172914925000056/0001729149-25-000056.txt
0001729149,https://www.sec.gov/Archives/edgar/data/1729149/000172914925000149/vmd-20250930.htm,VMD,"VIEMED HEALTHCARE, INC.",10-Q,2025-11-05,26,,False,,NO_PERIODS,no inferable periods,,0001729149-25-000149,https://www.sec.gov/Archives/edgar/data/1729149/000172914925000149/0001729149-25-000149.txt
0001729149,https://www.sec.gov/Archives/edgar/data/1729149/000172914925000119/vmd-20250630.htm,VMD,"VIEMED HEALTHCARE, INC.",10-Q,2025-08-06,117,,False,,NO_PERIODS,no inferable periods,,0001729149-25-000119,https://www.sec.gov/Archives/edgar/data/1729149/000172914925000119/0001729149-25-000119.txt
0001729149,https://www.sec.gov/Archives/edgar/data/1729149/000172914925000138/wk-form4_1756158203.xml,VMD,"VIEMED HEALTHCARE, INC.",4,2025-08-25,98,,False,,,,,0001729149-25-000138,https://www.sec.gov/Archives/edgar/data/1729149/000172914925000138/0001729149-25-000138.txt
0001729149,https://www.sec.gov/Archives/edgar/data/1729149/000172914925000136/wk-form4_1755728557.xml,VMD,"VIEMED HEALTHCARE, INC.",4,2025-08-20,103,,False,,,,,0001729149-25-000136,https://www.sec.gov/Archives/edgar/data/1729149/000172914925000136/0001729149-25-000136.txt
0001729149,https://www.sec.gov/Archives/edgar/data/1729149/000172914925000135/wk-form4_1755728529.xml,VMD,"VIEMED HEALTHCARE, INC.",4,2025-08-20,103,,False,,,,,0001729149-25-000135,https://www.sec.gov/Archives/edgar/data/1729149/000172914925000135/0001729149-25-000135.txt
0001729149,https://www.sec.gov/Archives/edgar/data/1729149/000172914925000134/wk-form4_1755728433.xml,VMD,"VIEMED HEALTHCARE, INC.",4,2025-08-20,103,,False,,,,,0001729149-25-000134,https://www.sec.gov/Archives/edgar/data/1729149/000172914925000134/0001729149-25-000134.txt
0001729149,https://www.sec.gov/Archives/edgar/data/1729149/000172914925000133/wk-form4_1755728381.xml,VMD,"VIEMED HEALTHCARE, INC.",4,2025-08-20,103,,False,,,,,0001729149-25-000133,https://www.sec.gov/Archives/edgar/data/1729149/000172914925000133/0001729149-25-000133.txt
0001729149,https://www.sec.gov/Archives/edgar/data/1729149/000178207825000003/wk-form4_1755204979.xml,VMD,"VIEMED HEALTHCARE, INC.",4,2025-08-14,109,,False,,,,,0001782078-25-000003,https://www.sec.gov/Archives/edgar/data/1729149/000178207825000003/0001782078-25-000003.txt
0001729149,https://www.sec.gov/Archives/edgar/data/1729149/000178190525000006/wk-form4_1755118785.xml,VMD,"VIEMED HEALTHCARE, INC.",4,2025-08-13,110,,False,,,,,0001781905-25-000006,https://www.sec.gov/Archives/edgar/data/1729149/000178190525000006/0001781905-25-000006.txt
0001729149,https://www.sec.gov/Archives/edgar/data/1729149/000172914925000109/wk-form4_1751400521.xml,VMD,"VIEMED HEALTHCARE, INC.",4,2025-07-01,153,,False,,,,,0001729149-25-000109,https://www.sec.gov/Archives/edgar/data/1729149/000172914925000109/0001729149-25-000109.txt
0001729149,https://www.sec.gov/Archives/edgar/data/1729149/000172914925000108/wk-form4_1751400363.xml,VMD,"VIEMED HEALTHCARE, INC.",4,2025-07-01,153,,False,,,,,0001729149-25-000108,https://www.sec.gov/Archives/edgar/data/1729149/000172914925000108/0001729149-25-000108.txt
0001729149,https://www.sec.gov/Archives/edgar/data/1729149/000178190525000005/wk-form4a_1755118617.xml,VMD,"VIEMED HEALTHCARE, INC.",4/A,2025-08-13,110,,False,,,,,0001781905-25-000005,https://www.sec.gov/Archives/edgar/data/1729149/000178190525000005/0001781905-25-000005.txt
0001729149,https://www.sec.gov/Archives/edgar/data/1729149/000172914925000151/vmd-20251107.htm,VMD,"VIEMED HEALTHCARE, INC.",8-K,2025-11-07,24,,False,,,,,0001729149-25-000151,https://www.sec.gov/Archives/edgar/data/1729149/000172914925000151/0001729149-25-000151.txt
0001729149,https://www.sec.gov/Archives/edgar/data/1729149/000172914925000148/vmd-20251105.htm,VMD,"VIEMED HEALTHCARE, INC.",8-K,2025-11-05,26,,False,,,,,0001729149-25-000148,https://www.sec.gov/Archives/edgar/data/1729149/000172914925000148/0001729149-25-000148.txt
0001729149,https://www.sec.gov/Archives/edgar/data/1729149/000172914925000142/vmd-20250923.htm,VMD,"VIEMED HEALTHCARE, INC.",8-K,2025-09-23,69,,False,,,,,0001729149-25-000142,https://www.sec.gov/Archives/edgar/data/1729149/000172914925000142/0001729149-25-000142.txt
0001729149,https://www.sec.gov/Archives/edgar/data/1729149/000172914925000118/vmd-20250806.htm,VMD,"VIEMED HEALTHCARE, INC.",8-K,2025-08-06,117,,False,,,,,0001729149-25-000118,https://www.sec.gov/Archives/edgar/data/1729149/000172914925000118/0001729149-25-000118.txt
0001729149,https://www.sec.gov/Archives/edgar/data/1729149/000172914925000112/vmd-20250702.htm,VMD,"VIEMED HEALTHCARE, INC.",8-K,2025-07-02,152,,False,,,,,0001729149-25-000112,https://www.sec.gov/Archives/edgar/data/1729149/000172914925000112/0001729149-25-000112.txt
0001729149,https://www.sec.gov/Archives/edgar/data/1729149/000172914925000101/vmd-20250606.htm,VMD,"VIEMED HEALTHCARE, INC.",8-K,2025-06-09,175,,False,,,,,0001729149-25-000101,https://www.sec.gov/Archives/edgar/data/1729149/000172914925000101/0001729149-25-000101.txt
0001729149,https://www.sec.gov/Archives/edgar/data/1729149/000172914925000098/vmd-20250605.htm,VMD,"VIEMED HEALTHCARE, INC.",8-K,2025-06-05,179,,False,,,,,0001729149-25-000098,https://www.sec.gov/Archives/edgar/data/1729149/000172914925000098/0001729149-25-000098.txt
0001729149,https://www.sec.gov/Archives/edgar/data/1729149/000172914925000095/vmd-20250507.htm,VMD,"VIEMED HEALTHCARE, INC.",8-K,2025-05-07,208,,False,,,,,0001729149-25-000095,https://www.sec.gov/Archives/edgar/data/1729149/000172914925000095/0001729149-25-000095.txt
0001729149,https://www.sec.gov/Archives/edgar/data/1729149/000172914925000086/vmd-20250506.htm,VMD,"VIEMED HEALTHCARE, INC.",8-K,2025-05-06,209,,False,,,,,0001729149-25-000086,https://www.sec.gov/Archives/edgar/data/1729149/000172914925000086/0001729149-25-000086.txt
0001729149,https://www.sec.gov/Archives/edgar/data/1729149/000172914925000067/vmd-20250414.htm,VMD,"VIEMED HEALTHCARE, INC.",8-K,2025-04-14,231,,False,,,,,0001729149-25-000067,https://www.sec.gov/Archives/edgar/data/1729149/000172914925000067/0001729149-25-000067.txt
0001729149,https://www.sec.gov/Archives/edgar/data/1729149/000172914925000123/forms-8081225.htm,VMD,"VIEMED HEALTHCARE, INC.",S-8,2025-08-12,111,,False,,,,,0001729149-25-000123,https://www.sec.gov/Archives/edgar/data/1729149/000172914925000123/0001729149-25-000123.txt
0001347178,https://www.sec.gov/Archives/edgar/data/1347178/000095017025105819/ownership.xml,VNDA,Vanda Pharmaceuticals Inc.,4,2025-08-08,115,,False,,,,,0000950170-25-105819,https://www.sec.gov/Archives/edgar/data/1347178/000095017025105819/0000950170-25-105819.txt
0001347178,https://www.sec.gov/Archives/edgar/data/1347178/000095017025087025/ownership.xml,VNDA,Vanda Pharmaceuticals Inc.,4,2025-06-16,168,,False,,,,,0000950170-25-087025,https://www.sec.gov/Archives/edgar/data/1347178/000095017025087025/0000950170-25-087025.txt
0001347178,https://www.sec.gov/Archives/edgar/data/1347178/000095017025083890/ownership.xml,VNDA,Vanda Pharmaceuticals Inc.,4,2025-06-09,175,,False,,,,,0000950170-25-083890,https://www.sec.gov/Archives/edgar/data/1347178/000095017025083890/0000950170-25-083890.txt
0001347178,https://www.sec.gov/Archives/edgar/data/1347178/000095017025083889/ownership.xml,VNDA,Vanda Pharmaceuticals Inc.,4,2025-06-09,175,,False,,,,,0000950170-25-083889,https://www.sec.gov/Archives/edgar/data/1347178/000095017025083889/0000950170-25-083889.txt
0001347178,https://www.sec.gov/Archives/edgar/data/1347178/000095017025083888/ownership.xml,VNDA,Vanda Pharmaceuticals Inc.,4,2025-06-09,175,,False,,,,,0000950170-25-083888,https://www.sec.gov/Archives/edgar/data/1347178/000095017025083888/0000950170-25-083888.txt
0001347178,https://www.sec.gov/Archives/edgar/data/1347178/000095017025083885/ownership.xml,VNDA,Vanda Pharmaceuticals Inc.,4,2025-06-09,175,,False,,,,,0000950170-25-083885,https://www.sec.gov/Archives/edgar/data/1347178/000095017025083885/0000950170-25-083885.txt
0001347178,https://www.sec.gov/Archives/edgar/data/1347178/000095017025083884/ownership.xml,VNDA,Vanda Pharmaceuticals Inc.,4,2025-06-09,175,,False,,,,,0000950170-25-083884,https://www.sec.gov/Archives/edgar/data/1347178/000095017025083884/0000950170-25-083884.txt
0001347178,https://www.sec.gov/Archives/edgar/data/1347178/000095017025076012/ownership.xml,VNDA,Vanda Pharmaceuticals Inc.,4,2025-05-21,194,,False,,,,,0000950170-25-076012,https://www.sec.gov/Archives/edgar/data/1347178/000095017025076012/0000950170-25-076012.txt
0001347178,https://www.sec.gov/Archives/edgar/data/1347178/000095017025074565/ownership.xml,VNDA,Vanda Pharmaceuticals Inc.,4,2025-05-19,196,,False,,,,,0000950170-25-074565,https://www.sec.gov/Archives/edgar/data/1347178/000095017025074565/0000950170-25-074565.txt
0001347178,https://www.sec.gov/Archives/edgar/data/1347178/000095017025034966/ownership.xml,VNDA,Vanda Pharmaceuticals Inc.,4,2025-03-06,270,,False,,,,,0000950170-25-034966,https://www.sec.gov/Archives/edgar/data/1347178/000095017025034966/0000950170-25-034966.txt
0001347178,https://www.sec.gov/Archives/edgar/data/1347178/000162828025054225/vnda-20251128.htm,VNDA,Vanda Pharmaceuticals Inc.,8-K,2025-11-28,3,,False,,,,,0001628280-25-054225,https://www.sec.gov/Archives/edgar/data/1347178/000162828025054225/0001628280-25-054225.txt
0001347178,https://www.sec.gov/Archives/edgar/data/1347178/000162828025047112/vnda-20251029.htm,VNDA,Vanda Pharmaceuticals Inc.,8-K,2025-10-29,33,,False,,,,,0001628280-25-047112,https://www.sec.gov/Archives/edgar/data/1347178/000162828025047112/0001628280-25-047112.txt
0001347178,https://www.sec.gov/Archives/edgar/data/1347178/000162828025043489/vnda-20251001.htm,VNDA,Vanda Pharmaceuticals Inc.,8-K,2025-10-01,61,,False,,,,,0001628280-25-043489,https://www.sec.gov/Archives/edgar/data/1347178/000162828025043489/0001628280-25-043489.txt
0001347178,https://www.sec.gov/Archives/edgar/data/1347178/000162828025036843/vnda-20250731.htm,VNDA,Vanda Pharmaceuticals Inc.,8-K,2025-07-31,123,,False,,,,,0001628280-25-036843,https://www.sec.gov/Archives/edgar/data/1347178/000162828025036843/0001628280-25-036843.txt
0001347178,https://www.sec.gov/Archives/edgar/data/1347178/000162828025029678/vnda-20250605.htm,VNDA,Vanda Pharmaceuticals Inc.,8-K,2025-06-05,179,,False,,,,,0001628280-25-029678,https://www.sec.gov/Archives/edgar/data/1347178/000162828025029678/0001628280-25-029678.txt
0001347178,https://www.sec.gov/Archives/edgar/data/1347178/000162828025023154/vnda-20250507.htm,VNDA,Vanda Pharmaceuticals Inc.,8-K,2025-05-07,208,,False,,,,,0001628280-25-023154,https://www.sec.gov/Archives/edgar/data/1347178/000162828025023154/0001628280-25-023154.txt
0001347178,https://www.sec.gov/Archives/edgar/data/1347178/000119312525055287/d938957d8k.htm,VNDA,Vanda Pharmaceuticals Inc.,8-K,2025-03-17,259,,False,,,,,0001193125-25-055287,https://www.sec.gov/Archives/edgar/data/1347178/000119312525055287/0001193125-25-055287.txt
0001347178,https://www.sec.gov/Archives/edgar/data/1347178/000119312525030780/d935984d8k.htm,VNDA,Vanda Pharmaceuticals Inc.,8-K,2025-02-20,284,,False,,,,,0001193125-25-030780,https://www.sec.gov/Archives/edgar/data/1347178/000119312525030780/0001193125-25-030780.txt
0001347178,https://www.sec.gov/Archives/edgar/data/1347178/000162828025005406/vnda-20250213.htm,VNDA,Vanda Pharmaceuticals Inc.,8-K,2025-02-13,291,,False,,,,,0001628280-25-005406,https://www.sec.gov/Archives/edgar/data/1347178/000162828025005406/0001628280-25-005406.txt
0001347178,https://www.sec.gov/Archives/edgar/data/1347178/000119312525012740/d869105d8k.htm,VNDA,Vanda Pharmaceuticals Inc.,8-K,2025-01-27,308,,False,,,,,0001193125-25-012740,https://www.sec.gov/Archives/edgar/data/1347178/000119312525012740/0001193125-25-012740.txt
0001347178,https://www.sec.gov/Archives/edgar/data/1347178/000162828025029697/vnda-2025065sx8.htm,VNDA,Vanda Pharmaceuticals Inc.,S-8,2025-06-05,179,,False,,,,,0001628280-25-029697,https://www.sec.gov/Archives/edgar/data/1347178/000162828025029697/0001628280-25-029697.txt
0001907909,https://www.sec.gov/Archives/edgar/data/1907909/000165495425003357/voxr_40f.htm,VOXR,VOX ROYALTY CORP.,40-F,2025-03-26,250,,False,,NO_PERIODS,no inferable periods,,0001654954-25-003357,https://www.sec.gov/Archives/edgar/data/1907909/000165495425003357/0001654954-25-003357.txt
0001907909,https://www.sec.gov/Archives/edgar/data/1907909/000165495425013028/voxr_6k.htm,VOXR,VOX ROYALTY CORP.,6-K,2025-11-14,17,,False,,NO_CASHFLOW,cashflow statement missing,,0001654954-25-013028,https://www.sec.gov/Archives/edgar/data/1907909/000165495425013028/0001654954-25-013028.txt
0001907909,https://www.sec.gov/Archives/edgar/data/1907909/000165495425012915/voxr_6k.htm,VOXR,VOX ROYALTY CORP.,6-K,2025-11-12,19,,False,,NO_CASHFLOW,cashflow statement missing,,0001654954-25-012915,https://www.sec.gov/Archives/edgar/data/1907909/000165495425012915/0001654954-25-012915.txt
0001907909,https://www.sec.gov/Archives/edgar/data/1907909/000165495425012645/voxr_6k.htm,VOXR,VOX ROYALTY CORP.,6-K,2025-11-06,25,,False,,NO_CASHFLOW,cashflow statement missing,,0001654954-25-012645,https://www.sec.gov/Archives/edgar/data/1907909/000165495425012645/0001654954-25-012645.txt
0001907909,https://www.sec.gov/Archives/edgar/data/1907909/000165495425011890/voxr_6k.htm,VOXR,VOX ROYALTY CORP.,6-K,2025-10-17,45,,False,,NO_CASHFLOW,cashflow statement missing,,0001654954-25-011890,https://www.sec.gov/Archives/edgar/data/1907909/000165495425011890/0001654954-25-011890.txt
0001907909,https://www.sec.gov/Archives/edgar/data/1907909/000121390025092334/ea0258904-6k_vox.htm,VOXR,VOX ROYALTY CORP.,6-K,2025-09-26,66,,False,,NO_CASHFLOW,cashflow statement missing,,0001213900-25-092334,https://www.sec.gov/Archives/edgar/data/1907909/000121390025092334/0001213900-25-092334.txt
0001840199,https://www.sec.gov/Archives/edgar/data/1840199/000184019924000113/wald-20231231.htm,WALD,Waldencast plc,20-F/A,2024-11-20,376,,False,,NO_CASHFLOW,cashflow statement missing,,0001840199-24-000113,https://www.sec.gov/Archives/edgar/data/1840199/000184019924000113/0001840199-24-000113.txt
0001840199,https://www.sec.gov/Archives/edgar/data/1840199/000184019925000090/a1wald6-k_earningsreleasex.htm,WALD,Waldencast plc,6-K,2025-11-24,7,,False,,NO_CASHFLOW,cashflow statement missing,,0001840199-25-000090,https://www.sec.gov/Archives/edgar/data/1840199/000184019925000090/0001840199-25-000090.txt
0001840199,https://www.sec.gov/Archives/edgar/data/1840199/000184019925000078/a6-k_14nov2025prxluminaand.htm,WALD,Waldencast plc,6-K,2025-11-14,17,,False,,NO_CASHFLOW,cashflow statement missing,,0001840199-25-000078,https://www.sec.gov/Archives/edgar/data/1840199/000184019925000078/0001840199-25-000078.txt
0001840199,https://www.sec.gov/Archives/edgar/data/1840199/000134100425000082/6k.htm,WALD,Waldencast plc,6-K,2025-09-10,82,,False,,NO_CASHFLOW,cashflow statement missing,,0001341004-25-000082,https://www.sec.gov/Archives/edgar/data/1840199/000134100425000082/0001341004-25-000082.txt
0001840199,https://www.sec.gov/Archives/edgar/data/1840199/000184019925000063/a6-k_18augprxq22025.htm,WALD,Waldencast plc,6-K,2025-08-18,105,,False,,NO_CASHFLOW,cashflow statement missing,,0001840199-25-000063,https://www.sec.gov/Archives/edgar/data/1840199/000184019925000063/0001840199-25-000063.txt
0001823986,https://www.sec.gov/Archives/edgar/data/1823986/000141057825000891/wdh-20241231x20f.htm,WDH,Waterdrop Inc.,20-F,2025-04-25,220,,False,,NO_PERIODS,no inferable periods,,0001410578-25-000891,https://www.sec.gov/Archives/edgar/data/1823986/000141057825000891/0001410578-25-000891.txt
0001823986,https://www.sec.gov/Archives/edgar/data/1823986/000110465925087282/tm2524976d1_6k.htm,WDH,Waterdrop Inc.,6-K,2025-09-04,88,,False,,NO_CASHFLOW,cashflow statement missing,,0001104659-25-087282,https://www.sec.gov/Archives/edgar/data/1823986/000110465925087282/0001104659-25-087282.txt
0001823986,https://www.sec.gov/Archives/edgar/data/1823986/000110465925056664/tm2517246d1_6k.htm,WDH,Waterdrop Inc.,6-K,2025-06-05,179,,False,,NO_CASHFLOW,cashflow statement missing,,0001104659-25-056664,https://www.sec.gov/Archives/edgar/data/1823986/000110465925056664/0001104659-25-056664.txt
0001422142,https://www.sec.gov/Archives/edgar/data/1422142/000141588925017620/form4-06182025_120641.xml,WHWK,"Whitehawk Therapeutics, Inc.",4,2025-06-17,167,,False,,,,,0001415889-25-017620,https://www.sec.gov/Archives/edgar/data/1422142/000141588925017620/0001415889-25-017620.txt
0001422142,https://www.sec.gov/Archives/edgar/data/1422142/000141588925017547/form4-06172025_080628.xml,WHWK,"Whitehawk Therapeutics, Inc.",4,2025-06-17,167,,False,,,,,0001415889-25-017547,https://www.sec.gov/Archives/edgar/data/1422142/000141588925017547/0001415889-25-017547.txt
0001422142,https://www.sec.gov/Archives/edgar/data/1422142/000141588925017412/form4-06162025_080632.xml,WHWK,"Whitehawk Therapeutics, Inc.",4,2025-06-16,168,,False,,,,,0001415889-25-017412,https://www.sec.gov/Archives/edgar/data/1422142/000141588925017412/0001415889-25-017412.txt
0001422142,https://www.sec.gov/Archives/edgar/data/1422142/000141588925017411/form4-06162025_080629.xml,WHWK,"Whitehawk Therapeutics, Inc.",4,2025-06-16,168,,False,,,,,0001415889-25-017411,https://www.sec.gov/Archives/edgar/data/1422142/000141588925017411/0001415889-25-017411.txt
0001422142,https://www.sec.gov/Archives/edgar/data/1422142/000141588925017410/form4-06162025_080636.xml,WHWK,"Whitehawk Therapeutics, Inc.",4,2025-06-16,168,,False,,,,,0001415889-25-017410,https://www.sec.gov/Archives/edgar/data/1422142/000141588925017410/0001415889-25-017410.txt
0001422142,https://www.sec.gov/Archives/edgar/data/1422142/000141588925017409/form4-06162025_080636.xml,WHWK,"Whitehawk Therapeutics, Inc.",4,2025-06-16,168,,False,,,,,0001415889-25-017409,https://www.sec.gov/Archives/edgar/data/1422142/000141588925017409/0001415889-25-017409.txt
0001422142,https://www.sec.gov/Archives/edgar/data/1422142/000141588925017407/form4-06162025_080639.xml,WHWK,"Whitehawk Therapeutics, Inc.",4,2025-06-16,168,,False,,,,,0001415889-25-017407,https://www.sec.gov/Archives/edgar/data/1422142/000141588925017407/0001415889-25-017407.txt
0001422142,https://www.sec.gov/Archives/edgar/data/1422142/000141588925017406/form4-06162025_080637.xml,WHWK,"Whitehawk Therapeutics, Inc.",4,2025-06-16,168,,False,,,,,0001415889-25-017406,https://www.sec.gov/Archives/edgar/data/1422142/000141588925017406/0001415889-25-017406.txt
0001422142,https://www.sec.gov/Archives/edgar/data/1422142/000141588925010079/form4-04032025_110445.xml,WHWK,"Whitehawk Therapeutics, Inc.",4,2025-04-03,242,,False,,,,,0001415889-25-010079,https://www.sec.gov/Archives/edgar/data/1422142/000141588925010079/0001415889-25-010079.txt
0001422142,https://www.sec.gov/Archives/edgar/data/1422142/000119312525097064/d936092d424b5.htm,WHWK,"Whitehawk Therapeutics, Inc.",424B5,2025-04-25,220,,False,,,,,0001193125-25-097064,https://www.sec.gov/Archives/edgar/data/1422142/000119312525097064/0001193125-25-097064.txt
0001422142,https://www.sec.gov/Archives/edgar/data/1422142/000119312525268134/whwk-20251106.htm,WHWK,"Whitehawk Therapeutics, Inc.",8-K,2025-11-06,25,,False,,,,,0001193125-25-268134,https://www.sec.gov/Archives/edgar/data/1422142/000119312525268134/0001193125-25-268134.txt
0001422142,https://www.sec.gov/Archives/edgar/data/1422142/000095017025104592/whwk-20250807.htm,WHWK,"Whitehawk Therapeutics, Inc.",8-K,2025-08-07,116,,False,,,,,0000950170-25-104592,https://www.sec.gov/Archives/edgar/data/1422142/000095017025104592/0000950170-25-104592.txt
0001422142,https://www.sec.gov/Archives/edgar/data/1422142/000119312525140810/d928055d8k.htm,WHWK,"Whitehawk Therapeutics, Inc.",8-K,2025-06-13,171,,False,,,,,0001193125-25-140810,https://www.sec.gov/Archives/edgar/data/1422142/000119312525140810/0001193125-25-140810.txt
0001422142,https://www.sec.gov/Archives/edgar/data/1422142/000162828025023788/aadi-20250508.htm,WHWK,"Whitehawk Therapeutics, Inc.",8-K,2025-05-08,207,,False,,,,,0001628280-25-023788,https://www.sec.gov/Archives/edgar/data/1422142/000162828025023788/0001628280-25-023788.txt
0001422142,https://www.sec.gov/Archives/edgar/data/1422142/000119312525063253/d937606d8k.htm,WHWK,"Whitehawk Therapeutics, Inc.",8-K,2025-03-26,250,,False,,,,,0001193125-25-063253,https://www.sec.gov/Archives/edgar/data/1422142/000119312525063253/0001193125-25-063253.txt
0001422142,https://www.sec.gov/Archives/edgar/data/1422142/000119312525056708/d839636d8k.htm,WHWK,"Whitehawk Therapeutics, Inc.",8-K,2025-03-18,258,,False,,,,,0001193125-25-056708,https://www.sec.gov/Archives/edgar/data/1422142/000119312525056708/0001193125-25-056708.txt
0001422142,https://www.sec.gov/Archives/edgar/data/1422142/000119312525045605/d892218d8k.htm,WHWK,"Whitehawk Therapeutics, Inc.",8-K,2025-03-04,272,,False,,,,,0001193125-25-045605,https://www.sec.gov/Archives/edgar/data/1422142/000119312525045605/0001193125-25-045605.txt
0001422142,https://www.sec.gov/Archives/edgar/data/1422142/000119312524282407/d891246d8k.htm,WHWK,"Whitehawk Therapeutics, Inc.",8-K,2024-12-20,346,,False,,,,,0001193125-24-282407,https://www.sec.gov/Archives/edgar/data/1422142/000119312524282407/0001193125-24-282407.txt
0001422142,https://www.sec.gov/Archives/edgar/data/1422142/000162828024045465/aadi-20241106.htm,WHWK,"Whitehawk Therapeutics, Inc.",8-K,2024-11-06,390,,False,,,,,0001628280-24-045465,https://www.sec.gov/Archives/edgar/data/1422142/000162828024045465/0001628280-24-045465.txt
0001422142,https://www.sec.gov/Archives/edgar/data/1422142/000119312525068942/d906583ds3.htm,WHWK,"Whitehawk Therapeutics, Inc.",S-3,2025-03-31,245,,False,,,,,0001193125-25-068942,https://www.sec.gov/Archives/edgar/data/1422142/000119312525068942/0001193125-25-068942.txt
0001422142,https://www.sec.gov/Archives/edgar/data/1422142/000119312525067200/d906446ds8.htm,WHWK,"Whitehawk Therapeutics, Inc.",S-8,2025-03-28,248,,False,,,,,0001193125-25-067200,https://www.sec.gov/Archives/edgar/data/1422142/000119312525067200/0001193125-25-067200.txt
0002047235,https://www.sec.gov/Archives/edgar/data/2047235/000119312525206332/wsbk-20250630.htm,WSBK,"Winchester Bancorp, Inc./MD/",10-K,2025-09-17,75,,False,,NO_PERIODS,no inferable periods,,0001193125-25-206332,https://www.sec.gov/Archives/edgar/data/2047235/000119312525206332/0001193125-25-206332.txt
0002047235,https://www.sec.gov/Archives/edgar/data/2047235/000119312525277465/wsbk-20250930.htm,WSBK,"Winchester Bancorp, Inc./MD/",10-Q,2025-11-12,19,,False,,NO_PERIODS,no inferable periods,,0001193125-25-277465,https://www.sec.gov/Archives/edgar/data/2047235/000119312525277465/0001193125-25-277465.txt
0002047235,https://www.sec.gov/Archives/edgar/data/2047235/000143774925016957/rdgdoc.xml,WSBK,"Winchester Bancorp, Inc./MD/",3,2025-05-14,201,,False,,,,,0001437749-25-016957,https://www.sec.gov/Archives/edgar/data/2047235/000143774925016957/0001437749-25-016957.txt
0002047235,https://www.sec.gov/Archives/edgar/data/2047235/000143774925014976/rdgdoc.xml,WSBK,"Winchester Bancorp, Inc./MD/",3,2025-05-07,208,,False,,,,,0001437749-25-014976,https://www.sec.gov/Archives/edgar/data/2047235/000143774925014976/0001437749-25-014976.txt
0002047235,https://www.sec.gov/Archives/edgar/data/2047235/000143774925014975/rdgdoc.xml,WSBK,"Winchester Bancorp, Inc./MD/",3,2025-05-07,208,,False,,,,,0001437749-25-014975,https://www.sec.gov/Archives/edgar/data/2047235/000143774925014975/0001437749-25-014975.txt
0002047235,https://www.sec.gov/Archives/edgar/data/2047235/000143774925014974/rdgdoc.xml,WSBK,"Winchester Bancorp, Inc./MD/",3,2025-05-07,208,,False,,,,,0001437749-25-014974,https://www.sec.gov/Archives/edgar/data/2047235/000143774925014974/0001437749-25-014974.txt
0002047235,https://www.sec.gov/Archives/edgar/data/2047235/000143774925013944/rdgdoc.xml,WSBK,"Winchester Bancorp, Inc./MD/",3,2025-04-30,215,,False,,,,,0001437749-25-013944,https://www.sec.gov/Archives/edgar/data/2047235/000143774925013944/0001437749-25-013944.txt
0002047235,https://www.sec.gov/Archives/edgar/data/2047235/000143774925019968/rdgdoc.xml,WSBK,"Winchester Bancorp, Inc./MD/",4,2025-06-10,174,,False,,,,,0001437749-25-019968,https://www.sec.gov/Archives/edgar/data/2047235/000143774925019968/0001437749-25-019968.txt
0002047235,https://www.sec.gov/Archives/edgar/data/2047235/000143774925017190/rdgdoc.xml,WSBK,"Winchester Bancorp, Inc./MD/",4,2025-05-15,200,,False,,,,,0001437749-25-017190,https://www.sec.gov/Archives/edgar/data/2047235/000143774925017190/0001437749-25-017190.txt
0002047235,https://www.sec.gov/Archives/edgar/data/2047235/000143774925015727/rdgdoc.xml,WSBK,"Winchester Bancorp, Inc./MD/",4,2025-05-09,206,,False,,,,,0001437749-25-015727,https://www.sec.gov/Archives/edgar/data/2047235/000143774925015727/0001437749-25-015727.txt
0002047235,https://www.sec.gov/Archives/edgar/data/2047235/000143774925014685/rdgdoc.xml,WSBK,"Winchester Bancorp, Inc./MD/",4,2025-05-06,209,,False,,,,,0001437749-25-014685,https://www.sec.gov/Archives/edgar/data/2047235/000143774925014685/0001437749-25-014685.txt
0002047235,https://www.sec.gov/Archives/edgar/data/2047235/000119312525058343/d879299d424b3.htm,WSBK,"Winchester Bancorp, Inc./MD/",424B3,2025-03-20,256,,False,,,,,0001193125-25-058343,https://www.sec.gov/Archives/edgar/data/2047235/000119312525058343/0001193125-25-058343.txt
0002047235,https://www.sec.gov/Archives/edgar/data/2047235/000119312525031426/d894037d424b3.htm,WSBK,"Winchester Bancorp, Inc./MD/",424B3,2025-02-21,283,,False,,,,,0001193125-25-031426,https://www.sec.gov/Archives/edgar/data/2047235/000119312525031426/0001193125-25-031426.txt
0002047235,https://www.sec.gov/Archives/edgar/data/2047235/000119312525279601/wsbk-20251112.htm,WSBK,"Winchester Bancorp, Inc./MD/",8-K,2025-11-13,18,,False,,,,,0001193125-25-279601,https://www.sec.gov/Archives/edgar/data/2047235/000119312525279601/0001193125-25-279601.txt
0002047235,https://www.sec.gov/Archives/edgar/data/2047235/000119312525246729/wsbk-20251022.htm,WSBK,"Winchester Bancorp, Inc./MD/",8-K,2025-10-22,40,,False,,,,,0001193125-25-246729,https://www.sec.gov/Archives/edgar/data/2047235/000119312525246729/0001193125-25-246729.txt
0002047235,https://www.sec.gov/Archives/edgar/data/2047235/000119312525206345/wsbk-20250917.htm,WSBK,"Winchester Bancorp, Inc./MD/",8-K,2025-09-17,75,,False,,,,,0001193125-25-206345,https://www.sec.gov/Archives/edgar/data/2047235/000119312525206345/0001193125-25-206345.txt
0002047235,https://www.sec.gov/Archives/edgar/data/2047235/000095017025100224/wsbk-20250730.htm,WSBK,"Winchester Bancorp, Inc./MD/",8-K,2025-07-30,124,,False,,,,,0000950170-25-100224,https://www.sec.gov/Archives/edgar/data/2047235/000095017025100224/0000950170-25-100224.txt
0002047235,https://www.sec.gov/Archives/edgar/data/2047235/000094337425000192/form8k_043025.htm,WSBK,"Winchester Bancorp, Inc./MD/",8-K,2025-05-06,209,,False,,,,,0000943374-25-000192,https://www.sec.gov/Archives/edgar/data/2047235/000094337425000192/0000943374-25-000192.txt
0002047235,https://www.sec.gov/Archives/edgar/data/2047235/000094337425000173/form8k_043025-earnings.htm,WSBK,"Winchester Bancorp, Inc./MD/",8-K,2025-04-30,215,,False,,,,,0000943374-25-000173,https://www.sec.gov/Archives/edgar/data/2047235/000094337425000173/0000943374-25-000173.txt
0002047235,https://www.sec.gov/Archives/edgar/data/2047235/000094337425000172/form8k_042925.htm,WSBK,"Winchester Bancorp, Inc./MD/",8-K,2025-04-30,215,,False,,,,,0000943374-25-000172,https://www.sec.gov/Archives/edgar/data/2047235/000094337425000172/0000943374-25-000172.txt
0002047235,https://www.sec.gov/Archives/edgar/data/2047235/000119312525060347/d918166d8k.htm,WSBK,"Winchester Bancorp, Inc./MD/",8-K,2025-03-21,255,,False,,,,,0001193125-25-060347,https://www.sec.gov/Archives/edgar/data/2047235/000119312525060347/0001193125-25-060347.txt
0002047235,https://www.sec.gov/Archives/edgar/data/2047235/000119312525058404/d902092d8k.htm,WSBK,"Winchester Bancorp, Inc./MD/",8-K,2025-03-20,256,,False,,,,,0001193125-25-058404,https://www.sec.gov/Archives/edgar/data/2047235/000119312525058404/0001193125-25-058404.txt
0002047235,https://www.sec.gov/Archives/edgar/data/2047235/000119312525028296/d925775d8k.htm,WSBK,"Winchester Bancorp, Inc./MD/",8-K,2025-02-18,286,,False,,,,,0001193125-25-028296,https://www.sec.gov/Archives/edgar/data/2047235/000119312525028296/0001193125-25-028296.txt
0001288403,https://www.sec.gov/Archives/edgar/data/1288403/000155837025002116/wti-20241231x10k.htm,WTI,W&T OFFSHORE INC,10-K,2025-03-04,272,,False,,NO_PERIODS,no inferable periods,,0001558370-25-002116,https://www.sec.gov/Archives/edgar/data/1288403/000155837025002116/0001558370-25-002116.txt
0001288403,https://www.sec.gov/Archives/edgar/data/1288403/000110465925107325/wti-20250930x10q.htm,WTI,W&T OFFSHORE INC,10-Q,2025-11-06,25,,False,,NO_PERIODS,no inferable periods,,0001104659-25-107325,https://www.sec.gov/Archives/edgar/data/1288403/000110465925107325/0001104659-25-107325.txt
0001288403,https://www.sec.gov/Archives/edgar/data/1288403/000155837025010175/wti-20250630x10q.htm,WTI,W&T OFFSHORE INC,10-Q,2025-08-05,118,,False,,NO_PERIODS,no inferable periods,,0001558370-25-010175,https://www.sec.gov/Archives/edgar/data/1288403/000155837025010175/0001558370-25-010175.txt
0001288403,https://www.sec.gov/Archives/edgar/data/1288403/000110465925096677/tm2527967-1_4seq1.xml,WTI,W&T OFFSHORE INC,4,2025-10-03,59,,False,,,,,0001104659-25-096677,https://www.sec.gov/Archives/edgar/data/1288403/000110465925096677/0001104659-25-096677.txt
0001288403,https://www.sec.gov/Archives/edgar/data/1288403/000110465925086479/tm2525046-1_4seq1.xml,WTI,W&T OFFSHORE INC,4,2025-09-02,90,,False,,,,,0001104659-25-086479,https://www.sec.gov/Archives/edgar/data/1288403/000110465925086479/0001104659-25-086479.txt
0001288403,https://www.sec.gov/Archives/edgar/data/1288403/000110465925076978/tm2523272-5_4seq1.xml,WTI,W&T OFFSHORE INC,4,2025-08-12,111,,False,,,,,0001104659-25-076978,https://www.sec.gov/Archives/edgar/data/1288403/000110465925076978/0001104659-25-076978.txt
0001288403,https://www.sec.gov/Archives/edgar/data/1288403/000110465925076977/tm2523272-4_4seq1.xml,WTI,W&T OFFSHORE INC,4,2025-08-12,111,,False,,,,,0001104659-25-076977,https://www.sec.gov/Archives/edgar/data/1288403/000110465925076977/0001104659-25-076977.txt
0001288403,https://www.sec.gov/Archives/edgar/data/1288403/000110465925076976/tm2523272-3_4seq1.xml,WTI,W&T OFFSHORE INC,4,2025-08-12,111,,False,,,,,0001104659-25-076976,https://www.sec.gov/Archives/edgar/data/1288403/000110465925076976/0001104659-25-076976.txt
0001288403,https://www.sec.gov/Archives/edgar/data/1288403/000110465925076974/tm2523272-2_4seq1.xml,WTI,W&T OFFSHORE INC,4,2025-08-12,111,,False,,,,,0001104659-25-076974,https://www.sec.gov/Archives/edgar/data/1288403/000110465925076974/0001104659-25-076974.txt
0001288403,https://www.sec.gov/Archives/edgar/data/1288403/000110465925076973/tm2523272-1_4seq1.xml,WTI,W&T OFFSHORE INC,4,2025-08-12,111,,False,,,,,0001104659-25-076973,https://www.sec.gov/Archives/edgar/data/1288403/000110465925076973/0001104659-25-076973.txt
0001288403,https://www.sec.gov/Archives/edgar/data/1288403/000110465925073639/tm2522513-1_4seq1.xml,WTI,W&T OFFSHORE INC,4,2025-08-04,119,,False,,,,,0001104659-25-073639,https://www.sec.gov/Archives/edgar/data/1288403/000110465925073639/0001104659-25-073639.txt
0001288403,https://www.sec.gov/Archives/edgar/data/1288403/000110465925066454/tm2520090-1_4seq1.xml,WTI,W&T OFFSHORE INC,4,2025-07-08,146,,False,,,,,0001104659-25-066454,https://www.sec.gov/Archives/edgar/data/1288403/000110465925066454/0001104659-25-066454.txt
0001288403,https://www.sec.gov/Archives/edgar/data/1288403/000110465925084793/tm2523664-1_424b5.htm,WTI,W&T OFFSHORE INC,424B5,2025-08-28,95,,False,,,,,0001104659-25-084793,https://www.sec.gov/Archives/edgar/data/1288403/000110465925084793/0001104659-25-084793.txt
0001288403,https://www.sec.gov/Archives/edgar/data/1288403/000110465924121166/tm2428253-1_424b5.htm,WTI,W&T OFFSHORE INC,424B5,2024-11-21,375,,False,,,,,0001104659-24-121166,https://www.sec.gov/Archives/edgar/data/1288403/000110465924121166/0001104659-24-121166.txt
0001288403,https://www.sec.gov/Archives/edgar/data/1288403/000110465925107091/wti-20251105x8k.htm,WTI,W&T OFFSHORE INC,8-K,2025-11-05,26,,False,,,,,0001104659-25-107091,https://www.sec.gov/Archives/edgar/data/1288403/000110465925107091/0001104659-25-107091.txt
0001288403,https://www.sec.gov/Archives/edgar/data/1288403/000110465925084791/tm2523664d2_8k.htm,WTI,W&T OFFSHORE INC,8-K,2025-08-28,95,,False,,,,,0001104659-25-084791,https://www.sec.gov/Archives/edgar/data/1288403/000110465925084791/0001104659-25-084791.txt
0001288403,https://www.sec.gov/Archives/edgar/data/1288403/000155837025010109/wti-20250804x8k.htm,WTI,W&T OFFSHORE INC,8-K,2025-08-04,119,,False,,,,,0001558370-25-010109,https://www.sec.gov/Archives/edgar/data/1288403/000155837025010109/0001558370-25-010109.txt
0001288403,https://www.sec.gov/Archives/edgar/data/1288403/000110465925066428/tm2520115d1_8k.htm,WTI,W&T OFFSHORE INC,8-K,2025-07-08,146,,False,,,,,0001104659-25-066428,https://www.sec.gov/Archives/edgar/data/1288403/000110465925066428/0001104659-25-066428.txt
0001288403,https://www.sec.gov/Archives/edgar/data/1288403/000110465925060067/tm2518155d1_8k.htm,WTI,W&T OFFSHORE INC,8-K,2025-06-17,167,,False,,,,,0001104659-25-060067,https://www.sec.gov/Archives/edgar/data/1288403/000110465925060067/0001104659-25-060067.txt
0001288403,https://www.sec.gov/Archives/edgar/data/1288403/000110465925056416/tm2517060d1_8k.htm,WTI,W&T OFFSHORE INC,8-K,2025-06-04,180,,False,,,,,0001104659-25-056416,https://www.sec.gov/Archives/edgar/data/1288403/000110465925056416/0001104659-25-056416.txt
0001288403,https://www.sec.gov/Archives/edgar/data/1288403/000155837025006528/wti-20250506x8k.htm,WTI,W&T OFFSHORE INC,8-K,2025-05-06,209,,False,,,,,0001558370-25-006528,https://www.sec.gov/Archives/edgar/data/1288403/000155837025006528/0001558370-25-006528.txt
0001288403,https://www.sec.gov/Archives/edgar/data/1288403/000155837025002050/wti-20250303x8k.htm,WTI,W&T OFFSHORE INC,8-K,2025-03-03,273,,False,,,,,0001558370-25-002050,https://www.sec.gov/Archives/edgar/data/1288403/000155837025002050/0001558370-25-002050.txt
0001288403,https://www.sec.gov/Archives/edgar/data/1288403/000110465925008711/tm254674d2_8k.htm,WTI,W&T OFFSHORE INC,8-K,2025-02-03,301,,False,,,,,0001104659-25-008711,https://www.sec.gov/Archives/edgar/data/1288403/000110465925008711/0001104659-25-008711.txt
0001288403,https://www.sec.gov/Archives/edgar/data/1288403/000110465925006983/tm254674d1_8k.htm,WTI,W&T OFFSHORE INC,8-K,2025-01-29,306,,False,,,,,0001104659-25-006983,https://www.sec.gov/Archives/edgar/data/1288403/000110465925006983/0001104659-25-006983.txt
0001274737,https://www.sec.gov/Archives/edgar/data/1274737/000184311325000003/wk-form4_1760995204.xml,XGN,EXAGEN INC.,4,2025-10-20,42,,False,,,,,0001843113-25-000003,https://www.sec.gov/Archives/edgar/data/1274737/000184311325000003/0001843113-25-000003.txt
0001274737,https://www.sec.gov/Archives/edgar/data/1274737/000162828025041688/wk-form4_1757029236.xml,XGN,EXAGEN INC.,4,2025-09-04,88,,False,,,,,0001628280-25-041688,https://www.sec.gov/Archives/edgar/data/1274737/000162828025041688/0001628280-25-041688.txt
0001274737,https://www.sec.gov/Archives/edgar/data/1274737/000127473725000048/wk-form4_1749768534.xml,XGN,EXAGEN INC.,4,2025-06-12,172,,False,,,,,0001274737-25-000048,https://www.sec.gov/Archives/edgar/data/1274737/000127473725000048/0001274737-25-000048.txt
0001274737,https://www.sec.gov/Archives/edgar/data/1274737/000127473725000046/wk-form4_1749765431.xml,XGN,EXAGEN INC.,4,2025-06-12,172,,False,,,,,0001274737-25-000046,https://www.sec.gov/Archives/edgar/data/1274737/000127473725000046/0001274737-25-000046.txt
0001274737,https://www.sec.gov/Archives/edgar/data/1274737/000127473725000042/wk-form4_1749765053.xml,XGN,EXAGEN INC.,4,2025-06-12,172,,False,,,,,0001274737-25-000042,https://www.sec.gov/Archives/edgar/data/1274737/000127473725000042/0001274737-25-000042.txt
0001274737,https://www.sec.gov/Archives/edgar/data/1274737/000127473725000040/wk-form4_1749764884.xml,XGN,EXAGEN INC.,4,2025-06-12,172,,False,,,,,0001274737-25-000040,https://www.sec.gov/Archives/edgar/data/1274737/000127473725000040/0001274737-25-000040.txt
0001274737,https://www.sec.gov/Archives/edgar/data/1274737/000127473725000038/wk-form4_1749764726.xml,XGN,EXAGEN INC.,4,2025-06-12,172,,False,,,,,0001274737-25-000038,https://www.sec.gov/Archives/edgar/data/1274737/000127473725000038/0001274737-25-000038.txt
0001274737,https://www.sec.gov/Archives/edgar/data/1274737/000127473725000051/wk-form4a_1749774721.xml,XGN,EXAGEN INC.,4/A,2025-06-12,172,,False,,,,,0001274737-25-000051,https://www.sec.gov/Archives/edgar/data/1274737/000127473725000051/0001274737-25-000051.txt
0001274737,https://www.sec.gov/Archives/edgar/data/1274737/000119312525115953/d783702d424b5.htm,XGN,EXAGEN INC.,424B5,2025-05-08,207,,False,,,,,0001193125-25-115953,https://www.sec.gov/Archives/edgar/data/1274737/000119312525115953/0001193125-25-115953.txt
0001274737,https://www.sec.gov/Archives/edgar/data/1274737/000119312525114885/d783702d424b5.htm,XGN,EXAGEN INC.,424B5,2025-05-07,208,,False,,,,,0001193125-25-114885,https://www.sec.gov/Archives/edgar/data/1274737/000119312525114885/0001193125-25-114885.txt
0001274737,https://www.sec.gov/Archives/edgar/data/1274737/000127473725000069/exdx-20251104.htm,XGN,EXAGEN INC.,8-K,2025-11-04,27,,False,,,,,0001274737-25-000069,https://www.sec.gov/Archives/edgar/data/1274737/000127473725000069/0001274737-25-000069.txt
0001274737,https://www.sec.gov/Archives/edgar/data/1274737/000127473725000061/exdx-20250729.htm,XGN,EXAGEN INC.,8-K,2025-07-29,125,,False,,,,,0001274737-25-000061,https://www.sec.gov/Archives/edgar/data/1274737/000127473725000061/0001274737-25-000061.txt
0001274737,https://www.sec.gov/Archives/edgar/data/1274737/000127473725000055/exdx-20250717.htm,XGN,EXAGEN INC.,8-K,2025-07-17,137,,False,,,,,0001274737-25-000055,https://www.sec.gov/Archives/edgar/data/1274737/000127473725000055/0001274737-25-000055.txt
0001274737,https://www.sec.gov/Archives/edgar/data/1274737/000127473725000036/exdx-20250610.htm,XGN,EXAGEN INC.,8-K,2025-06-11,173,,False,,,,,0001274737-25-000036,https://www.sec.gov/Archives/edgar/data/1274737/000127473725000036/0001274737-25-000036.txt
0001274737,https://www.sec.gov/Archives/edgar/data/1274737/000119312525116881/d916977d8k.htm,XGN,EXAGEN INC.,8-K,2025-05-09,206,,False,,,,,0001193125-25-116881,https://www.sec.gov/Archives/edgar/data/1274737/000119312525116881/0001193125-25-116881.txt
0001274737,https://www.sec.gov/Archives/edgar/data/1274737/000119312525115946/d788679d8k.htm,XGN,EXAGEN INC.,8-K,2025-05-08,207,,False,,,,,0001193125-25-115946,https://www.sec.gov/Archives/edgar/data/1274737/000119312525115946/0001193125-25-115946.txt
0001274737,https://www.sec.gov/Archives/edgar/data/1274737/000127473725000023/exdx-20250505.htm,XGN,EXAGEN INC.,8-K,2025-05-05,210,,False,,,,,0001274737-25-000023,https://www.sec.gov/Archives/edgar/data/1274737/000127473725000023/0001274737-25-000023.txt
0001274737,https://www.sec.gov/Archives/edgar/data/1274737/000119312525100447/d811854d8k.htm,XGN,EXAGEN INC.,8-K,2025-04-28,217,,False,,,,,0001193125-25-100447,https://www.sec.gov/Archives/edgar/data/1274737/000119312525100447/0001193125-25-100447.txt
0001274737,https://www.sec.gov/Archives/edgar/data/1274737/000127473725000018/exdx-20250311.htm,XGN,EXAGEN INC.,8-K,2025-03-11,265,,False,,,,,0001274737-25-000018,https://www.sec.gov/Archives/edgar/data/1274737/000127473725000018/0001274737-25-000018.txt
0001274737,https://www.sec.gov/Archives/edgar/data/1274737/000127473725000003/exdx-20250112.htm,XGN,EXAGEN INC.,8-K,2025-01-13,322,,False,,,,,0001274737-25-000003,https://www.sec.gov/Archives/edgar/data/1274737/000127473725000003/0001274737-25-000003.txt
0001274737,https://www.sec.gov/Archives/edgar/data/1274737/000162828025032393/exagen-resalesx3.htm,XGN,EXAGEN INC.,S-3,2025-06-20,164,,False,,,,,0001628280-25-032393,https://www.sec.gov/Archives/edgar/data/1274737/000162828025032393/0001628280-25-032393.txt
0001274737,https://www.sec.gov/Archives/edgar/data/1274737/000127473725000030/exagen-formsx8registration.htm,XGN,EXAGEN INC.,S-8,2025-05-20,195,,False,,,,,0001274737-25-000030,https://www.sec.gov/Archives/edgar/data/1274737/000127473725000030/0001274737-25-000030.txt
0001788999,https://www.sec.gov/Archives/edgar/data/1788999/000110465925041292/tm2513489-6_4seq1.xml,XPER,Xperi Inc.,4,2025-04-29,216,,False,,,,,0001104659-25-041292,https://www.sec.gov/Archives/edgar/data/1788999/000110465925041292/0001104659-25-041292.txt
0001788999,https://www.sec.gov/Archives/edgar/data/1788999/000110465925041269/tm2513489-5_4seq1.xml,XPER,Xperi Inc.,4,2025-04-29,216,,False,,,,,0001104659-25-041269,https://www.sec.gov/Archives/edgar/data/1788999/000110465925041269/0001104659-25-041269.txt
0001788999,https://www.sec.gov/Archives/edgar/data/1788999/000110465925041264/tm2513489-4_4seq1.xml,XPER,Xperi Inc.,4,2025-04-29,216,,False,,,,,0001104659-25-041264,https://www.sec.gov/Archives/edgar/data/1788999/000110465925041264/0001104659-25-041264.txt
0001788999,https://www.sec.gov/Archives/edgar/data/1788999/000110465925041259/tm2513489-3_4seq1.xml,XPER,Xperi Inc.,4,2025-04-29,216,,False,,,,,0001104659-25-041259,https://www.sec.gov/Archives/edgar/data/1788999/000110465925041259/0001104659-25-041259.txt
0001788999,https://www.sec.gov/Archives/edgar/data/1788999/000110465925041255/tm2513489-2_4seq1.xml,XPER,Xperi Inc.,4,2025-04-29,216,,False,,,,,0001104659-25-041255,https://www.sec.gov/Archives/edgar/data/1788999/000110465925041255/0001104659-25-041255.txt
0001788999,https://www.sec.gov/Archives/edgar/data/1788999/000110465925041245/tm2513489-1_4seq1.xml,XPER,Xperi Inc.,4,2025-04-29,216,,False,,,,,0001104659-25-041245,https://www.sec.gov/Archives/edgar/data/1788999/000110465925041245/0001104659-25-041245.txt
0001788999,https://www.sec.gov/Archives/edgar/data/1788999/000119312525266980/xper-20251101.htm,XPER,Xperi Inc.,8-K,2025-11-05,26,,False,,,,,0001193125-25-266980,https://www.sec.gov/Archives/edgar/data/1788999/000119312525266980/0001193125-25-266980.txt
0001788999,https://www.sec.gov/Archives/edgar/data/1788999/000095017025104089/xper-20250806.htm,XPER,Xperi Inc.,8-K,2025-08-06,117,,False,,,,,0000950170-25-104089,https://www.sec.gov/Archives/edgar/data/1788999/000095017025104089/0000950170-25-104089.txt
0001788999,https://www.sec.gov/Archives/edgar/data/1788999/000095017025099209/xper-20250728.htm,XPER,Xperi Inc.,8-K,2025-07-28,126,,False,,,,,0000950170-25-099209,https://www.sec.gov/Archives/edgar/data/1788999/000095017025099209/0000950170-25-099209.txt
0001788999,https://www.sec.gov/Archives/edgar/data/1788999/000095017025065658/xper-20250507.htm,XPER,Xperi Inc.,8-K,2025-05-07,208,,False,,,,,0000950170-25-065658,https://www.sec.gov/Archives/edgar/data/1788999/000095017025065658/0000950170-25-065658.txt
0001788999,https://www.sec.gov/Archives/edgar/data/1788999/000095017025059301/xper-20250425.htm,XPER,Xperi Inc.,8-K,2025-04-28,217,,False,,,,,0000950170-25-059301,https://www.sec.gov/Archives/edgar/data/1788999/000095017025059301/0000950170-25-059301.txt
0001788999,https://www.sec.gov/Archives/edgar/data/1788999/000095017025027752/xper-20250226.htm,XPER,Xperi Inc.,8-K,2025-02-26,278,,False,,,,,0000950170-25-027752,https://www.sec.gov/Archives/edgar/data/1788999/000095017025027752/0000950170-25-027752.txt
0001788999,https://www.sec.gov/Archives/edgar/data/1788999/000095017025024897/xper-20250221.htm,XPER,Xperi Inc.,8-K,2025-02-21,283,,False,,,,,0000950170-25-024897,https://www.sec.gov/Archives/edgar/data/1788999/000095017025024897/0000950170-25-024897.txt
0001788999,https://www.sec.gov/Archives/edgar/data/1788999/000095017025008787/xper-20250121.htm,XPER,Xperi Inc.,8-K,2025-01-24,311,,False,,,,,0000950170-25-008787,https://www.sec.gov/Archives/edgar/data/1788999/000095017025008787/0000950170-25-008787.txt
0001788999,https://www.sec.gov/Archives/edgar/data/1788999/000095017024122432/xper-20241106.htm,XPER,Xperi Inc.,8-K,2024-11-06,390,,False,,,,,0000950170-24-122432,https://www.sec.gov/Archives/edgar/data/1788999/000095017024122432/0000950170-24-122432.txt
0001788999,https://www.sec.gov/Archives/edgar/data/1788999/000095017025029204/2025-evergreen-feb25-s8.htm,XPER,Xperi Inc.,S-8,2025-02-27,277,,False,,,,,0000950170-25-029204,https://www.sec.gov/Archives/edgar/data/1788999/000095017025029204/0000950170-25-029204.txt
0001415311,https://www.sec.gov/Archives/edgar/data/1415311/000119312525039791/d907345d10k.htm,YCS,ProShares Trust II,10-K,2025-02-28,276,,False,,NO_PERIODS,no inferable periods,,0001193125-25-039791,https://www.sec.gov/Archives/edgar/data/1415311/000119312525039791/0001193125-25-039791.txt
0001415311,https://www.sec.gov/Archives/edgar/data/1415311/000119312525176892/d847696d10q.htm,YCS,ProShares Trust II,10-Q,2025-08-08,115,,False,,NO_PERIODS,no inferable periods,,0001193125-25-176892,https://www.sec.gov/Archives/edgar/data/1415311/000119312525176892/0001193125-25-176892.txt
0001415311,https://www.sec.gov/Archives/edgar/data/1415311/000119312525065648/d875685d424b3.htm,YCS,ProShares Trust II,424B3,2025-03-28,248,,False,,,,,0001193125-25-065648,https://www.sec.gov/Archives/edgar/data/1415311/000119312525065648/0001193125-25-065648.txt
0001415311,https://www.sec.gov/Archives/edgar/data/1415311/000119312525065647/d876370d424b3.htm,YCS,ProShares Trust II,424B3,2025-03-28,248,,False,,,,,0001193125-25-065647,https://www.sec.gov/Archives/edgar/data/1415311/000119312525065647/0001193125-25-065647.txt
0001415311,https://www.sec.gov/Archives/edgar/data/1415311/000119312525065644/d841231d424b3.htm,YCS,ProShares Trust II,424B3,2025-03-27,249,,False,,,,,0001193125-25-065644,https://www.sec.gov/Archives/edgar/data/1415311/000119312525065644/0001193125-25-065644.txt
0001415311,https://www.sec.gov/Archives/edgar/data/1415311/000119312525264886/d904599d8k.htm,YCS,ProShares Trust II,8-K,2025-11-04,27,,False,,,,,0001193125-25-264886,https://www.sec.gov/Archives/edgar/data/1415311/000119312525264886/0001193125-25-264886.txt
0001415311,https://www.sec.gov/Archives/edgar/data/1415311/000119312525130703/d96621d8k.htm,YCS,ProShares Trust II,8-K,2025-05-29,186,,False,,,,,0001193125-25-130703,https://www.sec.gov/Archives/edgar/data/1415311/000119312525130703/0001193125-25-130703.txt
0001415311,https://www.sec.gov/Archives/edgar/data/1415311/000119312524260981/d895377d8k.htm,YCS,ProShares Trust II,8-K,2024-11-18,378,,False,,,,,0001193125-24-260981,https://www.sec.gov/Archives/edgar/data/1415311/000119312524260981/0001193125-24-260981.txt
0001415311,https://www.sec.gov/Archives/edgar/data/1415311/000119312524245617/d895310d8k.htm,YCS,ProShares Trust II,8-K,2024-10-28,399,,False,,,,,0001193125-24-245617,https://www.sec.gov/Archives/edgar/data/1415311/000119312524245617/0001193125-24-245617.txt
0001415311,https://www.sec.gov/Archives/edgar/data/1415311/000119312525137140/d926338d8ka.htm,YCS,ProShares Trust II,8-K/A,2025-06-06,178,,False,,,,,0001193125-25-137140,https://www.sec.gov/Archives/edgar/data/1415311/000119312525137140/0001193125-25-137140.txt
0001415311,https://www.sec.gov/Archives/edgar/data/1415311/000119312525026203/d875685ds3.htm,YCS,ProShares Trust II,S-3,2025-02-13,291,,False,,,,,0001193125-25-026203,https://www.sec.gov/Archives/edgar/data/1415311/000119312525026203/0001193125-25-026203.txt
0001415311,https://www.sec.gov/Archives/edgar/data/1415311/000119312525026201/d876370ds3.htm,YCS,ProShares Trust II,S-3,2025-02-13,291,,False,,,,,0001193125-25-026201,https://www.sec.gov/Archives/edgar/data/1415311/000119312525026201/0001193125-25-026201.txt
0001415311,https://www.sec.gov/Archives/edgar/data/1415311/000119312525056733/d875685ds3a.htm,YCS,ProShares Trust II,S-3/A,2025-03-18,258,,False,,,,,0001193125-25-056733,https://www.sec.gov/Archives/edgar/data/1415311/000119312525056733/0001193125-25-056733.txt
0001415311,https://www.sec.gov/Archives/edgar/data/1415311/000119312525056731/d876370ds3a.htm,YCS,ProShares Trust II,S-3/A,2025-03-18,258,,False,,,,,0001193125-25-056731,https://www.sec.gov/Archives/edgar/data/1415311/000119312525056731/0001193125-25-056731.txt
0001631761,https://www.sec.gov/Archives/edgar/data/1631761/000141057825000931/yrd-20241231x20f.htm,YRD,Yiren Digital Ltd.,20-F,2025-04-28,217,,False,,NO_PERIODS,no inferable periods,,0001410578-25-000931,https://www.sec.gov/Archives/edgar/data/1631761/000141057825000931/0001410578-25-000931.txt
0001631761,https://www.sec.gov/Archives/edgar/data/1631761/000110465925116150/tm2532175d1_6k.htm,YRD,Yiren Digital Ltd.,6-K,2025-11-26,5,,False,,NO_CASHFLOW,cashflow statement missing,,0001104659-25-116150,https://www.sec.gov/Archives/edgar/data/1631761/000110465925116150/0001104659-25-116150.txt
0001631761,https://www.sec.gov/Archives/edgar/data/1631761/000110465925081533/tm2524094d1_6k.htm,YRD,Yiren Digital Ltd.,6-K,2025-08-22,101,,False,,NO_CASHFLOW,cashflow statement missing,,0001104659-25-081533,https://www.sec.gov/Archives/edgar/data/1631761/000110465925081533/0001104659-25-081533.txt
0001631761,https://www.sec.gov/Archives/edgar/data/1631761/000110465925070369/tm2521643d1_6k.htm,YRD,Yiren Digital Ltd.,6-K,2025-07-24,130,,False,,NO_CASHFLOW,cashflow statement missing,,0001104659-25-070369,https://www.sec.gov/Archives/edgar/data/1631761/000110465925070369/0001104659-25-070369.txt
0001631761,https://www.sec.gov/Archives/edgar/data/1631761/000110465925059094/tm2517852d1_6k.htm,YRD,Yiren Digital Ltd.,6-K,2025-06-13,171,,False,,NO_CASHFLOW,cashflow statement missing,,0001104659-25-059094,https://www.sec.gov/Archives/edgar/data/1631761/000110465925059094/0001104659-25-059094.txt
0001997403,https://www.sec.gov/Archives/edgar/data/1997403/000137647425000525/zt_20fz.htm,ZENA,"ZenaTech, Inc.",20-F/A,2025-06-11,173,,False,,NO_CASHFLOW,cashflow statement missing,,0001376474-25-000525,https://www.sec.gov/Archives/edgar/data/1997403/000137647425000525/0001376474-25-000525.txt
0001997403,https://www.sec.gov/Archives/edgar/data/1997403/000137647425000945/zt_6k.htm,ZENA,"ZenaTech, Inc.",6-K,2025-11-17,14,,False,,NO_CASHFLOW,cashflow statement missing,,0001376474-25-000945,https://www.sec.gov/Archives/edgar/data/1997403/000137647425000945/0001376474-25-000945.txt
0001997403,https://www.sec.gov/Archives/edgar/data/1997403/000137647425000910/zt_6k.htm,ZENA,"ZenaTech, Inc.",6-K,2025-11-10,21,,False,,NO_CASHFLOW,cashflow statement missing,,0001376474-25-000910,https://www.sec.gov/Archives/edgar/data/1997403/000137647425000910/0001376474-25-000910.txt
0001997403,https://www.sec.gov/Archives/edgar/data/1997403/000137647425000842/zt_6k.htm,ZENA,"ZenaTech, Inc.",6-K,2025-10-15,47,,False,,NO_CASHFLOW,cashflow statement missing,,0001376474-25-000842,https://www.sec.gov/Archives/edgar/data/1997403/000137647425000842/0001376474-25-000842.txt
0001997403,https://www.sec.gov/Archives/edgar/data/1997403/000137647425000723/zt_6k.htm,ZENA,"ZenaTech, Inc.",6-K,2025-08-11,112,,False,,NO_CASHFLOW,cashflow statement missing,,0001376474-25-000723,https://www.sec.gov/Archives/edgar/data/1997403/000137647425000723/0001376474-25-000723.txt
0001997403,https://www.sec.gov/Archives/edgar/data/1997403/000137647425000690/zt_6k.htm,ZENA,"ZenaTech, Inc.",6-K,2025-07-31,123,,False,,NO_CASHFLOW,cashflow statement missing,,0001376474-25-000690,https://www.sec.gov/Archives/edgar/data/1997403/000137647425000690/0001376474-25-000690.txt
0001720446,https://www.sec.gov/Archives/edgar/data/1720446/000110465925051310/tm2515532d1_20fa.htm,ZEPP,Zepp Health Corp,20-F/A,2025-05-21,194,,False,,NO_CASHFLOW,cashflow statement missing,,0001104659-25-051310,https://www.sec.gov/Archives/edgar/data/1720446/000110465925051310/0001104659-25-051310.txt
0001720446,https://www.sec.gov/Archives/edgar/data/1720446/000110465925106586/tm2530298d1_6k.htm,ZEPP,Zepp Health Corp,6-K,2025-11-05,26,,False,,NO_CASHFLOW,cashflow statement missing,,0001104659-25-106586,https://www.sec.gov/Archives/edgar/data/1720446/000110465925106586/0001104659-25-106586.txt
0001720446,https://www.sec.gov/Archives/edgar/data/1720446/000110465925073254/tm2522459d1_6k.htm,ZEPP,Zepp Health Corp,6-K,2025-08-04,119,,False,,NO_CASHFLOW,cashflow statement missing,,0001104659-25-073254,https://www.sec.gov/Archives/edgar/data/1720446/000110465925073254/0001104659-25-073254.txt
0001835724,https://www.sec.gov/Archives/edgar/data/1835724/000110465925115665/tm2532151d1_6k.htm,ZH,Zhihu Inc.,6-K,2025-11-25,6,,False,,NO_CASHFLOW,cashflow statement missing,,0001104659-25-115665,https://www.sec.gov/Archives/edgar/data/1835724/000110465925115665/0001104659-25-115665.txt
0001835724,https://www.sec.gov/Archives/edgar/data/1835724/000110465925108898/tm2530647d1_6k.htm,ZH,Zhihu Inc.,6-K,2025-11-10,21,,False,,NO_CASHFLOW,cashflow statement missing,,0001104659-25-108898,https://www.sec.gov/Archives/edgar/data/1835724/000110465925108898/0001104659-25-108898.txt
0001835724,https://www.sec.gov/Archives/edgar/data/1835724/000110465925104040/tm2529837d1_6k.htm,ZH,Zhihu Inc.,6-K,2025-10-30,32,,False,,NO_CASHFLOW,cashflow statement missing,,0001104659-25-104040,https://www.sec.gov/Archives/edgar/data/1835724/000110465925104040/0001104659-25-104040.txt
0001835724,https://www.sec.gov/Archives/edgar/data/1835724/000110465925100395/tm2528991d1_6k.htm,ZH,Zhihu Inc.,6-K,2025-10-17,45,,False,,NO_CASHFLOW,cashflow statement missing,,0001104659-25-100395,https://www.sec.gov/Archives/edgar/data/1835724/000110465925100395/0001104659-25-100395.txt
0001835724,https://www.sec.gov/Archives/edgar/data/1835724/000110465925098885/tm2528604d1_6k.htm,ZH,Zhihu Inc.,6-K,2025-10-14,48,,False,,NO_CASHFLOW,cashflow statement missing,,0001104659-25-098885,https://www.sec.gov/Archives/edgar/data/1835724/000110465925098885/0001104659-25-098885.txt
0001855644,https://www.sec.gov/Archives/edgar/data/1855644/000141588925019962/form3-07172025_090738.xml,ZURA,Zura Bio Ltd,3,2025-07-17,137,,False,,,,,0001415889-25-019962,https://www.sec.gov/Archives/edgar/data/1855644/000141588925019962/0001415889-25-019962.txt
0001855644,https://www.sec.gov/Archives/edgar/data/1855644/000141588925014937/form3-05302025_010552.xml,ZURA,Zura Bio Ltd,3,2025-05-29,186,,False,,,,,0001415889-25-014937,https://www.sec.gov/Archives/edgar/data/1855644/000141588925014937/0001415889-25-014937.txt
0001855644,https://www.sec.gov/Archives/edgar/data/1855644/000095017025078339/ownership.xml,ZURA,Zura Bio Ltd,3,2025-05-28,187,,False,,,,,0000950170-25-078339,https://www.sec.gov/Archives/edgar/data/1855644/000095017025078339/0000950170-25-078339.txt
0001855644,https://www.sec.gov/Archives/edgar/data/1855644/000141588925019965/form4-07172025_090704.xml,ZURA,Zura Bio Ltd,4,2025-07-17,137,,False,,,,,0001415889-25-019965,https://www.sec.gov/Archives/edgar/data/1855644/000141588925019965/0001415889-25-019965.txt
0001855644,https://www.sec.gov/Archives/edgar/data/1855644/000141588925014939/form4-05302025_010547.xml,ZURA,Zura Bio Ltd,4,2025-05-29,186,,False,,,,,0001415889-25-014939,https://www.sec.gov/Archives/edgar/data/1855644/000141588925014939/0001415889-25-014939.txt
0001855644,https://www.sec.gov/Archives/edgar/data/1855644/000141588925014223/form4-05222025_090505.xml,ZURA,Zura Bio Ltd,4,2025-05-22,193,,False,,,,,0001415889-25-014223,https://www.sec.gov/Archives/edgar/data/1855644/000141588925014223/0001415889-25-014223.txt
0001855644,https://www.sec.gov/Archives/edgar/data/1855644/000141588925014221/form4-05222025_090521.xml,ZURA,Zura Bio Ltd,4,2025-05-22,193,,False,,,,,0001415889-25-014221,https://www.sec.gov/Archives/edgar/data/1855644/000141588925014221/0001415889-25-014221.txt
0001855644,https://www.sec.gov/Archives/edgar/data/1855644/000141588925014219/form4-05222025_090531.xml,ZURA,Zura Bio Ltd,4,2025-05-22,193,,False,,,,,0001415889-25-014219,https://www.sec.gov/Archives/edgar/data/1855644/000141588925014219/0001415889-25-014219.txt
0001855644,https://www.sec.gov/Archives/edgar/data/1855644/000141588925014217/form4-05222025_090509.xml,ZURA,Zura Bio Ltd,4,2025-05-22,193,,False,,,,,0001415889-25-014217,https://www.sec.gov/Archives/edgar/data/1855644/000141588925014217/0001415889-25-014217.txt
0001855644,https://www.sec.gov/Archives/edgar/data/1855644/000141588925014215/form4-05222025_090513.xml,ZURA,Zura Bio Ltd,4,2025-05-22,193,,False,,,,,0001415889-25-014215,https://www.sec.gov/Archives/edgar/data/1855644/000141588925014215/0001415889-25-014215.txt
0001855644,https://www.sec.gov/Archives/edgar/data/1855644/000110465925110789/tm2531128d1_8k.htm,ZURA,Zura Bio Ltd,8-K,2025-11-13,18,,False,,,,,0001104659-25-110789,https://www.sec.gov/Archives/edgar/data/1855644/000110465925110789/0001104659-25-110789.txt
0001855644,https://www.sec.gov/Archives/edgar/data/1855644/000110465925098546/tm2528470d1_8k.htm,ZURA,Zura Bio Ltd,8-K,2025-10-10,52,,False,,,,,0001104659-25-098546,https://www.sec.gov/Archives/edgar/data/1855644/000110465925098546/0001104659-25-098546.txt
0001855644,https://www.sec.gov/Archives/edgar/data/1855644/000110465925095024/tm2527486d1_8k.htm,ZURA,Zura Bio Ltd,8-K,2025-09-30,62,,False,,,,,0001104659-25-095024,https://www.sec.gov/Archives/edgar/data/1855644/000110465925095024/0001104659-25-095024.txt
0001855644,https://www.sec.gov/Archives/edgar/data/1855644/000110465925087286/tm2525151d1_8k.htm,ZURA,Zura Bio Ltd,8-K,2025-09-04,88,,False,,,,,0001104659-25-087286,https://www.sec.gov/Archives/edgar/data/1855644/000110465925087286/0001104659-25-087286.txt
0001855644,https://www.sec.gov/Archives/edgar/data/1855644/000110465925080521/tm2523875d1_8k.htm,ZURA,Zura Bio Ltd,8-K,2025-08-20,103,,False,,,,,0001104659-25-080521,https://www.sec.gov/Archives/edgar/data/1855644/000110465925080521/0001104659-25-080521.txt
0001855644,https://www.sec.gov/Archives/edgar/data/1855644/000110465925078142/tm2522624d1_8k.htm,ZURA,Zura Bio Ltd,8-K,2025-08-14,109,,False,,,,,0001104659-25-078142,https://www.sec.gov/Archives/edgar/data/1855644/000110465925078142/0001104659-25-078142.txt
0001855644,https://www.sec.gov/Archives/edgar/data/1855644/000110465925064427/tm2519325d1_8k.htm,ZURA,Zura Bio Ltd,8-K,2025-07-01,153,,False,,,,,0001104659-25-064427,https://www.sec.gov/Archives/edgar/data/1855644/000110465925064427/0001104659-25-064427.txt
0001855644,https://www.sec.gov/Archives/edgar/data/1855644/000110465925056205/tm2516644d1_8k.htm,ZURA,Zura Bio Ltd,8-K,2025-06-04,180,,False,,,,,0001104659-25-056205,https://www.sec.gov/Archives/edgar/data/1855644/000110465925056205/0001104659-25-056205.txt
0001855644,https://www.sec.gov/Archives/edgar/data/1855644/000110465925052682/tm2516087d1_8k.htm,ZURA,Zura Bio Ltd,8-K,2025-05-27,188,,False,,,,,0001104659-25-052682,https://www.sec.gov/Archives/edgar/data/1855644/000110465925052682/0001104659-25-052682.txt
0001855644,https://www.sec.gov/Archives/edgar/data/1855644/000110465925052250/tm2516044d1_8k.htm,ZURA,Zura Bio Ltd,8-K,2025-05-23,192,,False,,,,,0001104659-25-052250,https://www.sec.gov/Archives/edgar/data/1855644/000110465925052250/0001104659-25-052250.txt
